relative_path,size_bytes,sha256
AGENT_TASK.md,2140,c3623d92597d0e8f5d457b655c1847c415c8db2a0ffb964a3a7731b38a1dbf3c
PUBLIC_LOCAL_RESULTS.md,358,302c66ee051ae2f3be85d005cfbfd343a7a16c7126e3ce9ed530c638d996c4f5
README_CN.md,3240,8f7673eef8a23748caecb688900b7f7b4136e928dfc9d5972bbb905d72f9e722
config/architecture_comparisons.csv,890,516534312533525577ac687be863c28f51cfca3c51df931f40bddc28cd0763fd
config/current_22nm_anchors.json,1197,8579209a738907e032d7638ad97000bff2c8fac401927d3f9fef155785b7057c
config/mixed_characterization.json,880,dc51c9da1f62dfffcf78771a63d321fe13f626ebd65fb81db837a38e81fe3d1c
config/mixed_experiment_groups.csv,2706,c0265993f901be356a9ff56eef73e160089e2bb0570b33f46a2420543ac8eaf3
config/pipeline_characterization.json,184,7acc2c5ca0b744bbdef77b61bbe2de392beff6ce35e671fc7656819877989ed2
config/pipeline_followup_groups.csv,1822,09d23a486b2cd4a5f7f95939e53ab8f3cc3dc52ac8da0d8656064eb33ab5730d
docs/ARCHITECTURE_DECISION.md,1278,509a063a78cf30366a99688cdf6b997b67daa861c2ec80441b012a2ef1836512
docs/RESULT_SCHEMA.md,614,ec94900a6eca28b28f4234469856e55d4d3676d2d8918781cda8c2c39d1e4339
evidence/baseline/ARRAY4_DUAL_W4A8_FP8__T0p9ns/reports/analyze.log,24623,fed8d8ef273f8aea4624cfa9d447e376ffe80aa90f31fb9bc25dc9253a60a910
evidence/baseline/ARRAY4_DUAL_W4A8_FP8__T0p9ns/reports/check_design_post.rpt,304,94bf7675a38cf2f7e109edbc8dc51e1112bf6d2b3427362c2e14197d434eaf38
evidence/baseline/ARRAY4_DUAL_W4A8_FP8__T0p9ns/reports/datapath_extraction.rpt,81,fc94336cfc33bd4b491043c0e555a003f3efd077ebf13655e80c792f0a53bd28
evidence/baseline/ARRAY4_DUAL_W4A8_FP8__T0p9ns/reports/report_area.rpt,1887,e33c2ae4fb3ca0577dc99c8293a960718ca856ee10b99b28c5b3ddef225fdeba
evidence/baseline/ARRAY4_DUAL_W4A8_FP8__T0p9ns/reports/report_constraints.rpt,19284,d52d1e7e90274e49b0bda1c485b8e1c21e2b4fb5b867b04a111e2cd3fc236a18
evidence/baseline/ARRAY4_DUAL_W4A8_FP8__T0p9ns/reports/report_qor.rpt,2452,f6833a9ade644bd53248123af3ce1cbee9e292f2aa4ca13e6378f6c77a818c84
evidence/baseline/ARRAY4_DUAL_W4A8_FP8__T0p9ns/reports/report_reference.rpt,31707,60ef8dd8f036a9f80ee4dfa5c883aa0ff12c4d1d4cd6e8f64ac04c190f3640d6
evidence/baseline/ARRAY4_DUAL_W4A8_FP8__T0p9ns/reports/report_resources.rpt,256648,f901fd981e2d0748bc4cf6f422d67cfd89e6a0bdd3febd9e3e4c94b86ccf1290
evidence/baseline/ARRAY4_DUAL_W4A8_FP8__T0p9ns/reports/report_timing.rpt,201729,fce91ba7c39b10d7165e1e4a241e408f3753684db1e8952ab701cf0873b828e6
evidence/baseline/ARRAY4_DUAL_W4A8_FP8__T0p9ns/summary.kv,735,64049f6a76046390f8001ef8095cfc6c108879105b397ec0e2ebd8a3c9a80cc7
evidence/baseline/ARRAY4_DUAL_W4A8_FP8__T1p0ns/reports/analyze.log,24623,d4e55cb3c8dab9816b685525699b1aedbccc600ba3988fec7fda82eebb8eaa28
evidence/baseline/ARRAY4_DUAL_W4A8_FP8__T1p0ns/reports/check_design_post.rpt,304,94bf7675a38cf2f7e109edbc8dc51e1112bf6d2b3427362c2e14197d434eaf38
evidence/baseline/ARRAY4_DUAL_W4A8_FP8__T1p0ns/reports/datapath_extraction.rpt,81,fc94336cfc33bd4b491043c0e555a003f3efd077ebf13655e80c792f0a53bd28
evidence/baseline/ARRAY4_DUAL_W4A8_FP8__T1p0ns/reports/report_area.rpt,1887,ba6dc4606d0f44329db7b6ce74ee0936e092ba87e7ae25a983ddf007d1f16dab
evidence/baseline/ARRAY4_DUAL_W4A8_FP8__T1p0ns/reports/report_constraints.rpt,19111,3c8d62183688f9c063a4809b04140113e863f578c1ca7d37d3aea89cf7687ab4
evidence/baseline/ARRAY4_DUAL_W4A8_FP8__T1p0ns/reports/report_qor.rpt,2451,ef6b62de158b56233b25d4af906506d4d95a567416937f1ed9c4df7111745605
evidence/baseline/ARRAY4_DUAL_W4A8_FP8__T1p0ns/reports/report_reference.rpt,30498,237ad38557adf39e3732af36e4f0c6e0794096bdf416a0119f9dd55bbd171010
evidence/baseline/ARRAY4_DUAL_W4A8_FP8__T1p0ns/reports/report_resources.rpt,256648,acd5b6b0373c04949f1587bb4727fa5bf759dd9374f259d21c40118e896e3a64
evidence/baseline/ARRAY4_DUAL_W4A8_FP8__T1p0ns/reports/report_timing.rpt,197954,9115ae930bce0e675d0675cc3a3caced01df7dffc8ad6189d5e22823689f575e
evidence/baseline/ARRAY4_DUAL_W4A8_FP8__T1p0ns/summary.kv,731,ec0975023d86500bde2cd9fa4ac609a21f0f66961799a480e51eee5d296b9599
evidence/baseline/ARRAY4_DUAL_W4A8_FP8__T2p0ns/reports/analyze.log,24623,f26c56eb5aacd1f71a5ea291e0274f54ec360848b3d062f963689a8f81c2a5e9
evidence/baseline/ARRAY4_DUAL_W4A8_FP8__T2p0ns/reports/check_design_post.rpt,304,94bf7675a38cf2f7e109edbc8dc51e1112bf6d2b3427362c2e14197d434eaf38
evidence/baseline/ARRAY4_DUAL_W4A8_FP8__T2p0ns/reports/datapath_extraction.rpt,81,fc94336cfc33bd4b491043c0e555a003f3efd077ebf13655e80c792f0a53bd28
evidence/baseline/ARRAY4_DUAL_W4A8_FP8__T2p0ns/reports/report_area.rpt,1871,60fe44a76c01da773e05b97dd6924256fc26ac352bab5a1788115970e4653d3e
evidence/baseline/ARRAY4_DUAL_W4A8_FP8__T2p0ns/reports/report_constraints.rpt,779,4af622ba2f1aee1fecd1e5b6957e0b8ca56f6426fd3581d98e70f218d0510094
evidence/baseline/ARRAY4_DUAL_W4A8_FP8__T2p0ns/reports/report_qor.rpt,2449,aa267fea85805f8d6a7530c6f2b5293dd1d4587d370d7f9d5a2d9c65fb3b49d7
evidence/baseline/ARRAY4_DUAL_W4A8_FP8__T2p0ns/reports/report_reference.rpt,17849,bc5a234ec25e569a4e6cd53ab75f78f1e62b8ea369e68b96b1ff41ad7d959541
evidence/baseline/ARRAY4_DUAL_W4A8_FP8__T2p0ns/reports/report_resources.rpt,224347,3ffc9ee043496b58dcfbd9557a25ddee20133680d229fba64673557b72a43838
evidence/baseline/ARRAY4_DUAL_W4A8_FP8__T2p0ns/reports/report_timing.rpt,276456,a89383a1b2327e1a0777a9f726f5d06a18a8455ee65a0133ed5ebc42d5929dd2
evidence/baseline/ARRAY4_DUAL_W4A8_FP8__T2p0ns/summary.kv,735,e4fbd1a76df0ced7189414badd7096eb5be74bd2357751c77b2fe9e078a01f58
evidence/baseline/ARRAY4_SEP_W4A8_FP8__T0p9ns/reports/analyze.log,8101,c5206b311797dbccfa487901be386e466825f21fc04011ccf7af7521d3d6a09f
evidence/baseline/ARRAY4_SEP_W4A8_FP8__T0p9ns/reports/check_design_post.rpt,304,94bf7675a38cf2f7e109edbc8dc51e1112bf6d2b3427362c2e14197d434eaf38
evidence/baseline/ARRAY4_SEP_W4A8_FP8__T0p9ns/reports/datapath_extraction.rpt,81,fc94336cfc33bd4b491043c0e555a003f3efd077ebf13655e80c792f0a53bd28
evidence/baseline/ARRAY4_SEP_W4A8_FP8__T0p9ns/reports/report_area.rpt,1887,bb98692145277f726871f87b78173dcea52385e7c72d303c51524f92fb8ac150
evidence/baseline/ARRAY4_SEP_W4A8_FP8__T0p9ns/reports/report_constraints.rpt,43417,1c9000e5d10dfbb4482446023a041dac307081e141964ac5c8bd174943b0e88f
evidence/baseline/ARRAY4_SEP_W4A8_FP8__T0p9ns/reports/report_qor.rpt,2452,f6da230d58ceaf4baf82ac8bdfdaa7c2337addc9bca05270621f3f3e5721b1b8
evidence/baseline/ARRAY4_SEP_W4A8_FP8__T0p9ns/reports/report_reference.rpt,31537,2303a95f6c8224670d78639ceffc0196def8017a262240fa6d9f6471e12e585b
evidence/baseline/ARRAY4_SEP_W4A8_FP8__T0p9ns/reports/report_resources.rpt,261684,722bbc061f172e7201a69fa6d75d43b946fd0c0cd3c8a85c00bf2e958d013d5a
evidence/baseline/ARRAY4_SEP_W4A8_FP8__T0p9ns/reports/report_timing.rpt,204787,e9a9d4c53fa3ff6be84f112fbccd5073678c4206fd932f8d6fc02c73c78be06c
evidence/baseline/ARRAY4_SEP_W4A8_FP8__T0p9ns/summary.kv,734,7da2d89f02136da8d0eb423d016d03dd3c643961a7f0915cbf40aa4fd75c7581
evidence/baseline/ARRAY4_SEP_W4A8_FP8__T1p0ns/reports/analyze.log,8101,c72bf773186e9782f97552d1f9a8d92655c5584de9104cad19defe22250143b1
evidence/baseline/ARRAY4_SEP_W4A8_FP8__T1p0ns/reports/check_design_post.rpt,304,94bf7675a38cf2f7e109edbc8dc51e1112bf6d2b3427362c2e14197d434eaf38
evidence/baseline/ARRAY4_SEP_W4A8_FP8__T1p0ns/reports/datapath_extraction.rpt,81,fc94336cfc33bd4b491043c0e555a003f3efd077ebf13655e80c792f0a53bd28
evidence/baseline/ARRAY4_SEP_W4A8_FP8__T1p0ns/reports/report_area.rpt,1887,f02208c40e53d70d72669cdf7c2bbab5c31994d7e518e8523061691f2e683aaf
evidence/baseline/ARRAY4_SEP_W4A8_FP8__T1p0ns/reports/report_constraints.rpt,30566,ac20e9a1311acd527f1876875523e97a77a4e882f136246790a847239272206c
evidence/baseline/ARRAY4_SEP_W4A8_FP8__T1p0ns/reports/report_qor.rpt,2451,cfce4599822523e5f8ce8e6c0f89cc558e206f02af0678c6cfc8ec271bcde4e9
evidence/baseline/ARRAY4_SEP_W4A8_FP8__T1p0ns/reports/report_reference.rpt,32401,93a8b2e25fa5d9b5dc0bd29a3e3b8cb22944b5ae19880cc220db9e231b0a38bf
evidence/baseline/ARRAY4_SEP_W4A8_FP8__T1p0ns/reports/report_resources.rpt,261684,e96618ac0827aae210a93d49a31f3a99e7f711acc0eed29a9d19967a7fc1044e
evidence/baseline/ARRAY4_SEP_W4A8_FP8__T1p0ns/reports/report_timing.rpt,208061,849c7bb56074bf7fbacf38bee39b0977070df04805f3a1c25ef2d04f2b25257c
evidence/baseline/ARRAY4_SEP_W4A8_FP8__T1p0ns/summary.kv,731,a13334f2c231b3af8ed012ab5ec1fb11b3af99ce58edf75932afa226120177b2
evidence/baseline/ARRAY4_SEP_W4A8_FP8__T2p0ns/reports/analyze.log,8101,4b6686ee0af3a4fb99a6e43363ae713f6cf38c0368b5bd2c93766aa7b62a85a4
evidence/baseline/ARRAY4_SEP_W4A8_FP8__T2p0ns/reports/check_design_post.rpt,304,94bf7675a38cf2f7e109edbc8dc51e1112bf6d2b3427362c2e14197d434eaf38
evidence/baseline/ARRAY4_SEP_W4A8_FP8__T2p0ns/reports/datapath_extraction.rpt,81,fc94336cfc33bd4b491043c0e555a003f3efd077ebf13655e80c792f0a53bd28
evidence/baseline/ARRAY4_SEP_W4A8_FP8__T2p0ns/reports/report_area.rpt,1871,533cdd8eafe1e1b613a40ef109e02991cac909cad8e1be173ed53b34c007ebcd
evidence/baseline/ARRAY4_SEP_W4A8_FP8__T2p0ns/reports/report_constraints.rpt,49789,58feabc8a7fff4987ebd6819fc83be599af64761a595987db4a085e030e91d20
evidence/baseline/ARRAY4_SEP_W4A8_FP8__T2p0ns/reports/report_qor.rpt,2449,892c654cbd830fa52e5d567ef971b8920b9b62c662a65903f360cfc425d16e03
evidence/baseline/ARRAY4_SEP_W4A8_FP8__T2p0ns/reports/report_reference.rpt,19759,033cc36ab0f881b8e28fd4eb70492e81425127a392e366d09fba7a689b257dab
evidence/baseline/ARRAY4_SEP_W4A8_FP8__T2p0ns/reports/report_resources.rpt,224327,afbe69e3e14e17c1ff7cd92dc89f883c99bfd5234733a605077de772719c8266
evidence/baseline/ARRAY4_SEP_W4A8_FP8__T2p0ns/reports/report_timing.rpt,256997,d10accbf1c2245f75080d4dca12984954f82cc71ec3560de76ff5cb495f4efa7
evidence/baseline/ARRAY4_SEP_W4A8_FP8__T2p0ns/summary.kv,733,efb0c06b4be311996e49b1b5f534655a30ffaad0f9ec2c940b3345c0efe96961
evidence/baseline/CONV_I4_BF16__T0p9ns/reports/analyze.log,3244,8785706be5d39a7b65c3cb063a100b21c79a9d9e66343a59c48f6c278ecb27a8
evidence/baseline/CONV_I4_BF16__T0p9ns/reports/check_design_post.rpt,1036,6b490a661340f7ef0361dcd8a333d5dc119f202ce8aa35913278cb434a7e7e1d
evidence/baseline/CONV_I4_BF16__T0p9ns/reports/datapath_extraction.rpt,81,fc94336cfc33bd4b491043c0e555a003f3efd077ebf13655e80c792f0a53bd28
evidence/baseline/CONV_I4_BF16__T0p9ns/reports/report_area.rpt,1871,ffc8c1f990d1fb30ba9655d4450a3678ff5222938f0d3614cb0576f8070952a5
evidence/baseline/CONV_I4_BF16__T0p9ns/reports/report_constraints.rpt,2662,ac6328210769d7d091b4e54b6b07f3515de671e7c94c36facd08f1c02ebee20d
evidence/baseline/CONV_I4_BF16__T0p9ns/reports/report_qor.rpt,2450,8c22017eb12b27a20fb9dab6289310f111ebea1d6768d06e60e66265d6406ee6
evidence/baseline/CONV_I4_BF16__T0p9ns/reports/report_reference.rpt,25653,a936f4f5cfdaa33888a19028464e161a01c66a422c1bb2f47733f86918dff8b6
evidence/baseline/CONV_I4_BF16__T0p9ns/reports/report_resources.rpt,21053,a6886ea42fa85c2c79a7a8a6041c5bb2f7274a49ee256e11dffa79d8e7e35a22
evidence/baseline/CONV_I4_BF16__T0p9ns/reports/report_timing.rpt,238501,bd920753e0fd4b7a931d7a239b094a55b785f13b5a26f9a9e0b6d4e1d8e8395a
evidence/baseline/CONV_I4_BF16__T0p9ns/summary.kv,728,80c1b68e0d4c175a8bf6dafcfdca6984ba9e850a5cc6eb5b9e784c909d41df9c
evidence/baseline/CONV_I4_BF16__T1p0ns/reports/analyze.log,3244,3eea349f79eb31428e6ce715903a176c45f965c1c71a6fa52393864a88deac5e
evidence/baseline/CONV_I4_BF16__T1p0ns/reports/check_design_post.rpt,1036,b291ba1c7d6295febf09a8e091438660dd94f41b080ceee52541069aeb4cc3f9
evidence/baseline/CONV_I4_BF16__T1p0ns/reports/datapath_extraction.rpt,81,fc94336cfc33bd4b491043c0e555a003f3efd077ebf13655e80c792f0a53bd28
evidence/baseline/CONV_I4_BF16__T1p0ns/reports/report_area.rpt,1871,ad86cd11a70abc7c756709ed0a1b3fd28f2df46d341dc23da8f8067c78b4ff86
evidence/baseline/CONV_I4_BF16__T1p0ns/reports/report_constraints.rpt,2662,3bb30306e2caa771b8b3d43e29841f916a52dcac6f8f4377ed45e2c3e810205c
evidence/baseline/CONV_I4_BF16__T1p0ns/reports/report_qor.rpt,2450,7c5e05546b4ddfea17d5e0d26945363f101b8f7df1f68e58294d59bfa5b4a1fb
evidence/baseline/CONV_I4_BF16__T1p0ns/reports/report_reference.rpt,25645,56ecebe00bcd401db013f3ce70bc1b1f3f52c1b017ef7ed2d43f806b381c56c0
evidence/baseline/CONV_I4_BF16__T1p0ns/reports/report_resources.rpt,21053,36070f8d53935adee2b3adf3f7c601caaaee2329d5ff9d0b0345698841e48698
evidence/baseline/CONV_I4_BF16__T1p0ns/reports/report_timing.rpt,247611,fe68027c1e840a75660515acfc991abb28a624ccb1b9e57d6c398185204051e4
evidence/baseline/CONV_I4_BF16__T1p0ns/summary.kv,721,e99ac9cfb66cacf69407274f965084a3d126612e879653467156d32459791c41
evidence/baseline/CONV_I4_BF16__T2p0ns/reports/analyze.log,3244,ef3198987f33b4cab942c618824dd8f91368f9be095cc9b1cb037607ebb8dfca
evidence/baseline/CONV_I4_BF16__T2p0ns/reports/check_design_post.rpt,1036,18568aae97cb7b124a25d07261f160d42b8a1312d8f73120a2f453fa37d9f5d2
evidence/baseline/CONV_I4_BF16__T2p0ns/reports/datapath_extraction.rpt,81,fc94336cfc33bd4b491043c0e555a003f3efd077ebf13655e80c792f0a53bd28
evidence/baseline/CONV_I4_BF16__T2p0ns/reports/report_area.rpt,1864,49997ad9661e70e929670fd2810dd99002059bcfbce06721751522b75c75a66b
evidence/baseline/CONV_I4_BF16__T2p0ns/reports/report_constraints.rpt,779,98600b879b58568f048afcd9575495debfec04dc33cb1280c8e576eaf4f38363
evidence/baseline/CONV_I4_BF16__T2p0ns/reports/report_qor.rpt,2449,4ed652f24333cdc7ed5d7036992f961434f433a973497b1a505ad0fbb2213fba
evidence/baseline/CONV_I4_BF16__T2p0ns/reports/report_reference.rpt,15255,6b92a2149bc9f132304d1d8e4441a94e89b6e9945a852f988b434cf17fc03ae3
evidence/baseline/CONV_I4_BF16__T2p0ns/reports/report_resources.rpt,19159,89dd80004e1d8d851dd2919eff2e01ab1606034aa87439feb92b8a6a41c190eb
evidence/baseline/CONV_I4_BF16__T2p0ns/reports/report_timing.rpt,314291,6f5bfddcef913af4912ee623dd5320442116fbf2ba6cda4e5ec184fdc767f258
evidence/baseline/CONV_I4_BF16__T2p0ns/summary.kv,726,c1d4427426a861e262a03f8b433037febe71835676431115524b29e7e31fc02f
evidence/baseline/CONV_I4_FP8__T0p9ns/reports/analyze.log,6298,be5dae7bc0343b394ede39393c464810f3a71d4d1f0bb56a76a5b76e1379b98c
evidence/baseline/CONV_I4_FP8__T0p9ns/reports/check_design_post.rpt,2488,a28eefb6c18c47a1ac85b28f755e3a5529c632ff3d286f3b79b857f2fa81df77
evidence/baseline/CONV_I4_FP8__T0p9ns/reports/datapath_extraction.rpt,81,fc94336cfc33bd4b491043c0e555a003f3efd077ebf13655e80c792f0a53bd28
evidence/baseline/CONV_I4_FP8__T0p9ns/reports/report_area.rpt,1864,0d2b6bc817ee0a41f8a99e469724907642951bb9776fc3656c915adb0fc3dc4e
evidence/baseline/CONV_I4_FP8__T0p9ns/reports/report_constraints.rpt,2030,b5c20555e498f769ba011db1a431b10dcd9eb2c404cf1d04b4b2dbfcf859548c
evidence/baseline/CONV_I4_FP8__T0p9ns/reports/report_qor.rpt,2450,cd29d249f97b6dcad30f23661e9cdd70343aafbb02a6f5eb87f2d6ffc93a5642
evidence/baseline/CONV_I4_FP8__T0p9ns/reports/report_reference.rpt,23570,d5222c15127e53a3f49f99a7d1cd56474c857b2e97266e5c5522c0e1e4086635
evidence/baseline/CONV_I4_FP8__T0p9ns/reports/report_resources.rpt,20923,d88e9b79fea0bc696ec5d612367feb7f02dc0bc9f6212f447b10fe2f5648f49b
evidence/baseline/CONV_I4_FP8__T0p9ns/reports/report_timing.rpt,231107,435c07363bd83adaaadf520aa846fa4c65d5de846ca965e36b709a8bf1830390
evidence/baseline/CONV_I4_FP8__T0p9ns/summary.kv,727,cb5ea020be5942b4b5e27fbadc83495acdaa14aa3eab1445a20c9f383f4ce72a
evidence/baseline/CONV_I4_FP8__T1p0ns/reports/analyze.log,6298,a0ad2e80eb2cbb302530fb088f6c6007ee07f2582edaf29e1f8430ea629cf8e9
evidence/baseline/CONV_I4_FP8__T1p0ns/reports/check_design_post.rpt,2488,78b30757364195f11ccbbd330209e0de7f07ccb62f3fb8b99f0b120d2b1c183b
evidence/baseline/CONV_I4_FP8__T1p0ns/reports/datapath_extraction.rpt,81,fc94336cfc33bd4b491043c0e555a003f3efd077ebf13655e80c792f0a53bd28
evidence/baseline/CONV_I4_FP8__T1p0ns/reports/report_area.rpt,1864,9b3058c6151ebd691048a03a659b50c1fb1707fb9e5683d360939d0a28909489
evidence/baseline/CONV_I4_FP8__T1p0ns/reports/report_constraints.rpt,2030,d466e543843faa794fe9d7bfe84bfb8594a4405492f364215155f187c62e21a4
evidence/baseline/CONV_I4_FP8__T1p0ns/reports/report_qor.rpt,2450,df0792b4be1777772ea94a98dfcc92e3aed7c178089bfdfa8d55aa7619857f96
evidence/baseline/CONV_I4_FP8__T1p0ns/reports/report_reference.rpt,23912,f132d7c87e526021f82239a1490594edcbe6fea606a820b7bb0963a961d0bfdf
evidence/baseline/CONV_I4_FP8__T1p0ns/reports/report_resources.rpt,21005,6b508e9723515ac35286a5b428547168a4cc187e19645a995e8e71b77d2d5d06
evidence/baseline/CONV_I4_FP8__T1p0ns/reports/report_timing.rpt,225172,40ed3a5dd3aca3dc87ac92c04c28b50ef42ef630357203018c08e807907eb552
evidence/baseline/CONV_I4_FP8__T1p0ns/summary.kv,720,1e11a508952e2cc5b19951d12b3b1e3a910dd57aad38a42310a00e819913a829
evidence/baseline/CONV_I4_FP8__T2p0ns/reports/analyze.log,6298,8dc49dc9c9f416a332f2c182213e61d1865de7c10e62f19416c83d294d634251
evidence/baseline/CONV_I4_FP8__T2p0ns/reports/check_design_post.rpt,2488,0b9869db8877455dc0c6a6819942fe1f8271f33732c179fdd695acc37345b68d
evidence/baseline/CONV_I4_FP8__T2p0ns/reports/datapath_extraction.rpt,81,fc94336cfc33bd4b491043c0e555a003f3efd077ebf13655e80c792f0a53bd28
evidence/baseline/CONV_I4_FP8__T2p0ns/reports/report_area.rpt,1864,8be5e9bfe481d97695bf5734086cd0480bba4d6e04a9286fe1fe6df829384446
evidence/baseline/CONV_I4_FP8__T2p0ns/reports/report_constraints.rpt,779,b0c109f267bb5196d857c83590bb0f71508580321d241042ae6fbad33df8a6ee
evidence/baseline/CONV_I4_FP8__T2p0ns/reports/report_qor.rpt,2449,2286e771551e8efb94f6f181b0520b3a3d4c92df3fbb9dec6bc6d1997288993d
evidence/baseline/CONV_I4_FP8__T2p0ns/reports/report_reference.rpt,11969,f5dc7c294f4f58153e76366468be2f4b678c01b3dc8cd121b18490f41003178e
evidence/baseline/CONV_I4_FP8__T2p0ns/reports/report_resources.rpt,18592,59eaa7c332bbdeca48acc20fa6b95f6a27896ee5ca3cd93a4d37fd69be5a802b
evidence/baseline/CONV_I4_FP8__T2p0ns/reports/report_timing.rpt,300517,7d55c8e55865f979716bf33ffa7792b9ce505fae35d09ad806549997df07f5c5
evidence/baseline/CONV_I4_FP8__T2p0ns/summary.kv,721,8a0710a8032d474c952037df73cd29d72b5c00e2f05e825a7861c1080cf5f564
evidence/baseline/CONV_I8_BF16__T0p9ns/reports/analyze.log,3244,63c06c156807f759f9b8edf10de45538e0668b75c9ee906977e78a3d756d1299
evidence/baseline/CONV_I8_BF16__T0p9ns/reports/check_design_post.rpt,1036,cbb6f4b6ede6a8248e2fc9f40d18b6abc8490db300866efddc022de34a8a6865
evidence/baseline/CONV_I8_BF16__T0p9ns/reports/datapath_extraction.rpt,81,fc94336cfc33bd4b491043c0e555a003f3efd077ebf13655e80c792f0a53bd28
evidence/baseline/CONV_I8_BF16__T0p9ns/reports/report_area.rpt,1871,5025c5f5f3bb925c6b1ae8935f9eccb0b6ac91b3924edda887fb3516289723b1
evidence/baseline/CONV_I8_BF16__T0p9ns/reports/report_constraints.rpt,2662,8c0329340eb2a94d37f64d4301c36a05b418c20948dcbff9109bbc4624590490
evidence/baseline/CONV_I8_BF16__T0p9ns/reports/report_qor.rpt,2450,fb26554d637c333f7cb1c96e008e13accb5aaf476898058103af31c1c816e4f2
evidence/baseline/CONV_I8_BF16__T0p9ns/reports/report_reference.rpt,26512,97e383617ae143d65b48a401e7c80727edde9f3845d915f816bd2c08129765d5
evidence/baseline/CONV_I8_BF16__T0p9ns/reports/report_resources.rpt,22104,d541382d62dd14a6ec345f5b2801ed055bcae71c76e2f622c557872953411b8f
evidence/baseline/CONV_I8_BF16__T0p9ns/reports/report_timing.rpt,245011,f7ff47afe6ecc70fb5449db3d91affc6691b90bca7f25dc1e94fc20fbbea6317
evidence/baseline/CONV_I8_BF16__T0p9ns/summary.kv,728,ec9c9275a661dd36d9c0f77c574b70a231beda563fe2ffa68c8d69f18bf31ef4
evidence/baseline/CONV_I8_BF16__T1p0ns/reports/analyze.log,3244,f50e25c15dca23b4af3643ec32cec8f67044999864747f9e8d7c03abbb87598b
evidence/baseline/CONV_I8_BF16__T1p0ns/reports/check_design_post.rpt,1036,80b98180c007d1bb2d84f9bb949b8d6b40865e6e2d486f68a3b58e04f91ff6a7
evidence/baseline/CONV_I8_BF16__T1p0ns/reports/datapath_extraction.rpt,81,fc94336cfc33bd4b491043c0e555a003f3efd077ebf13655e80c792f0a53bd28
evidence/baseline/CONV_I8_BF16__T1p0ns/reports/report_area.rpt,1871,2abbc6ca55b0e8bfdc45f8efe6f050a137791426bca1b868d212644b6f9682aa
evidence/baseline/CONV_I8_BF16__T1p0ns/reports/report_constraints.rpt,2662,b7964c0d4e6975958f8cd7e81cb30e935087090fed899f5533a107345af3f2a9
evidence/baseline/CONV_I8_BF16__T1p0ns/reports/report_qor.rpt,2450,c99201d656e2edc3655855a89ab72e449c88f182dec6e9a92c63957dc89cfd66
evidence/baseline/CONV_I8_BF16__T1p0ns/reports/report_reference.rpt,26162,59d9c4954924f1f29cffbbb2da9aa9f56cf181dc4e0a6b98809b54eec374a4ef
evidence/baseline/CONV_I8_BF16__T1p0ns/reports/report_resources.rpt,22104,5c8a304f14f9b62f607136ccce9c5ae2974dbab39fff9f5f1689b69359044703
evidence/baseline/CONV_I8_BF16__T1p0ns/reports/report_timing.rpt,251316,a29ee1dc4fb7654da552137b37d4c85a886cbad9bc78461b384c9d3c47f1280f
evidence/baseline/CONV_I8_BF16__T1p0ns/summary.kv,721,3309f68a029ee9c47252e4bb694b381acc4708ba9cfda42b37df33d6c29d7e83
evidence/baseline/CONV_I8_BF16__T2p0ns/reports/analyze.log,3244,ed503b2fa06b23bf0bcde4f2dc32067169244c29e17c039a0e9eda538b071c5b
evidence/baseline/CONV_I8_BF16__T2p0ns/reports/check_design_post.rpt,1036,93f53eb61c3e923c862e02425edf46504b4a9184d10566a09066b5f5e2241e73
evidence/baseline/CONV_I8_BF16__T2p0ns/reports/datapath_extraction.rpt,81,fc94336cfc33bd4b491043c0e555a003f3efd077ebf13655e80c792f0a53bd28
evidence/baseline/CONV_I8_BF16__T2p0ns/reports/report_area.rpt,1864,6c9a1da06aca0ce45916c00949a78c91af909d6f8797131e71270c80422ba6e6
evidence/baseline/CONV_I8_BF16__T2p0ns/reports/report_constraints.rpt,779,990e45712cb73ecb07514c8ddc4424b681c59a07d8be82ac28532f53de99e683
evidence/baseline/CONV_I8_BF16__T2p0ns/reports/report_qor.rpt,2449,9ca0065c02f3d55907f847aba277a8a648776aa585d966783652a91c804006a4
evidence/baseline/CONV_I8_BF16__T2p0ns/reports/report_reference.rpt,17681,9fe9d3ba7554d2048417577ebeb63d425f21e7a3274f0eb08f2848a6d653e136
evidence/baseline/CONV_I8_BF16__T2p0ns/reports/report_resources.rpt,22193,863a11ff36a360624ef8f683c6709cca88f1419c1f01c6039482f0bf27910041
evidence/baseline/CONV_I8_BF16__T2p0ns/reports/report_timing.rpt,291751,49fdf466f848b71656d2e0dbcf532177a22ebad8983ebbbcd338c77faa1f2445
evidence/baseline/CONV_I8_BF16__T2p0ns/summary.kv,723,a7430df8fab58e1ef9ded9155ee0d583fe9f6079f1b5209a4af08d091da164ca
evidence/baseline/CONV_I8_FP8__T0p9ns/reports/analyze.log,6298,a4554986b270af32ca00492ce1501307ac75c714741815cba6a918a31c7c73d6
evidence/baseline/CONV_I8_FP8__T0p9ns/reports/check_design_post.rpt,2488,726688309af00494c4043342773d368b1c57aaab7389e995e077a008e71b82c8
evidence/baseline/CONV_I8_FP8__T0p9ns/reports/datapath_extraction.rpt,81,fc94336cfc33bd4b491043c0e555a003f3efd077ebf13655e80c792f0a53bd28
evidence/baseline/CONV_I8_FP8__T0p9ns/reports/report_area.rpt,1864,ce2f44e29e31d9955734cb8016e378cefc42653a6e29b9213e95dc63d42a044a
evidence/baseline/CONV_I8_FP8__T0p9ns/reports/report_constraints.rpt,2030,a3362d87ec651810c23123e824cb8783d3313467f69c42767c31ee47a21bfade
evidence/baseline/CONV_I8_FP8__T0p9ns/reports/report_qor.rpt,2450,7afce18179f8253d3deca5a24f067a743452a148e63060eabbcf085e6e48950b
evidence/baseline/CONV_I8_FP8__T0p9ns/reports/report_reference.rpt,24257,4246a4f9bff0234af726ac21b9e90e188fae13de0663b7e9ccaf434782665207
evidence/baseline/CONV_I8_FP8__T0p9ns/reports/report_resources.rpt,22770,28d929fc73bcd4cd953c8b60732d73f99f197148b11ab07aa6c82493641e1d9f
evidence/baseline/CONV_I8_FP8__T0p9ns/reports/report_timing.rpt,253078,964cef364534e1de5ce260440d7dc760774f1d245bbcce48a071d69d488c025d
evidence/baseline/CONV_I8_FP8__T0p9ns/summary.kv,727,7f13655195981b6f218798908e9d449b630334f55a4cde333fe59dcbb9e74558
evidence/baseline/CONV_I8_FP8__T1p0ns/reports/analyze.log,6298,5a590f54e9cf3a010855160de88179a39a5585da52f308f0298ac23ecfd763d8
evidence/baseline/CONV_I8_FP8__T1p0ns/reports/check_design_post.rpt,2488,118d84469562906d3c86ccd023a395b532fae8e2b207a62a98c08c4d844755af
evidence/baseline/CONV_I8_FP8__T1p0ns/reports/datapath_extraction.rpt,81,fc94336cfc33bd4b491043c0e555a003f3efd077ebf13655e80c792f0a53bd28
evidence/baseline/CONV_I8_FP8__T1p0ns/reports/report_area.rpt,1864,f7ee62e6933bcd96bae5d15af5de2da3ed4263cc4fa03e5c1282e361fa7390e9
evidence/baseline/CONV_I8_FP8__T1p0ns/reports/report_constraints.rpt,2030,a34dac65758d2e46796725f487fbbfd21be4e231f58e5b88a5c0036fe23481ee
evidence/baseline/CONV_I8_FP8__T1p0ns/reports/report_qor.rpt,2450,4889e531933c85ee0b72b19539e9ac7503ac1e76cd5a2cdc54bcd378f256ea0d
evidence/baseline/CONV_I8_FP8__T1p0ns/reports/report_reference.rpt,23914,00b18b48ea1f7a0b03f9c3fbe6b6b553c7cfeae4b7ca25f730302ad51cb48ba6
evidence/baseline/CONV_I8_FP8__T1p0ns/reports/report_resources.rpt,22770,f9ded8610eda34355dde1373fd0946478cecf7ea39ad05ed134b72f24f4980eb
evidence/baseline/CONV_I8_FP8__T1p0ns/reports/report_timing.rpt,260925,743c638a9c1604e74899df68f1ebc22e09e37241825d4691319458e8b6f894ed
evidence/baseline/CONV_I8_FP8__T1p0ns/summary.kv,720,065493395efda41190361b2aadfa2f16b261545edb8c1f1243586721412fe50c
evidence/baseline/CONV_I8_FP8__T2p0ns/reports/analyze.log,6298,a2d0de2a35a6e8f0ea27219e780f70d5f64a88d26ef4ae22f2195631132e7fb1
evidence/baseline/CONV_I8_FP8__T2p0ns/reports/check_design_post.rpt,2488,f55d8dd7f296e613318f7c99dd93c1bda59b1615a360803a064ee3d7af3f6b4c
evidence/baseline/CONV_I8_FP8__T2p0ns/reports/datapath_extraction.rpt,81,fc94336cfc33bd4b491043c0e555a003f3efd077ebf13655e80c792f0a53bd28
evidence/baseline/CONV_I8_FP8__T2p0ns/reports/report_area.rpt,1864,52c16b32378028ccf16be70c2aee95b0464717197a43ff4f3034e903ad09a0e1
evidence/baseline/CONV_I8_FP8__T2p0ns/reports/report_constraints.rpt,779,42425588cab35eaec9dfd20297084fd652682556e3f37dfc881f7273672451c9
evidence/baseline/CONV_I8_FP8__T2p0ns/reports/report_qor.rpt,2449,30b66b6184b698c01214cc322ed7df2e4c621a95842f343c0694971c5a6277ba
evidence/baseline/CONV_I8_FP8__T2p0ns/reports/report_reference.rpt,15595,f8cf02882b64750e1f500dbc790fad8121870ce57aa00ebc2e58a728ac847a66
evidence/baseline/CONV_I8_FP8__T2p0ns/reports/report_resources.rpt,20716,25f19b8038517cc68634ae50905c6276f1074beb43db8c6f4638d65de404255e
evidence/baseline/CONV_I8_FP8__T2p0ns/reports/report_timing.rpt,306581,5465520971013542d25b87fd57550a799e3c2f9e31e45b94b2146fe916a684c6
evidence/baseline/CONV_I8_FP8__T2p0ns/summary.kv,722,5a5020d68892e84de06350d2fc445a9dce9eb6cd773588084f73908e3e544d17
evidence/baseline/DUAL_W4A8_BF16__T0p9ns/reports/analyze.log,7028,360df0aea1b0965cee4a93cefd8c9d025e8f5d33ba0a163c4dab95185bbe5cd2
evidence/baseline/DUAL_W4A8_BF16__T0p9ns/reports/check_design_post.rpt,304,94bf7675a38cf2f7e109edbc8dc51e1112bf6d2b3427362c2e14197d434eaf38
evidence/baseline/DUAL_W4A8_BF16__T0p9ns/reports/datapath_extraction.rpt,81,fc94336cfc33bd4b491043c0e555a003f3efd077ebf13655e80c792f0a53bd28
evidence/baseline/DUAL_W4A8_BF16__T0p9ns/reports/report_area.rpt,1871,086ab7e70a85ab8a0d40adb2f153efbaef40b83adf2898b44ab674cba6e23d20
evidence/baseline/DUAL_W4A8_BF16__T0p9ns/reports/report_constraints.rpt,3813,7739dd8122d284845dba61644ef97190150945485101e090ef89fb9303a17bc2
evidence/baseline/DUAL_W4A8_BF16__T0p9ns/reports/report_qor.rpt,2450,99730f9f32fe54ace0d9cdd22a0fffcd33cacf4c2e02667fed5273bf94ad891b
evidence/baseline/DUAL_W4A8_BF16__T0p9ns/reports/report_reference.rpt,24956,cbbe3980f0014bffef12dc747c85e60e034adaceb225281a7e3ae1c4af7905d5
evidence/baseline/DUAL_W4A8_BF16__T0p9ns/reports/report_resources.rpt,18581,c33775bbb0d994c4b60b5c90913836cf0bd20a115d4addf12e5c73c29a926294
evidence/baseline/DUAL_W4A8_BF16__T0p9ns/reports/report_timing.rpt,250731,2bb05b3e8c5b88f53792e30fad67031279198f7e2082fc7b1fcbf5083227050d
evidence/baseline/DUAL_W4A8_BF16__T0p9ns/summary.kv,729,d780a4b2c67f09729ffc4cbecc151c239b6b776ca88eb3239fc11cc06d7c08a3
evidence/baseline/DUAL_W4A8_BF16__T1p0ns/reports/analyze.log,7028,69823f4fe140e281c3a3613b545121c07eb3aeec5aaf13791731b4eeac68a098
evidence/baseline/DUAL_W4A8_BF16__T1p0ns/reports/check_design_post.rpt,304,94bf7675a38cf2f7e109edbc8dc51e1112bf6d2b3427362c2e14197d434eaf38
evidence/baseline/DUAL_W4A8_BF16__T1p0ns/reports/datapath_extraction.rpt,81,fc94336cfc33bd4b491043c0e555a003f3efd077ebf13655e80c792f0a53bd28
evidence/baseline/DUAL_W4A8_BF16__T1p0ns/reports/report_area.rpt,1871,3ba931c5bb54899206d72775ee607ca246d5326e97635a1b9447daf9ab6e6060
evidence/baseline/DUAL_W4A8_BF16__T1p0ns/reports/report_constraints.rpt,2487,86b9a88b06e40821642f59a305181dd2ce33a0cc2f1c4545409799f7ceeb8d01
evidence/baseline/DUAL_W4A8_BF16__T1p0ns/reports/report_qor.rpt,2450,09e1cb5e41a340aa4bfcea256f2ec020a7c892cb37b33e62bfcf3ba330dbede3
evidence/baseline/DUAL_W4A8_BF16__T1p0ns/reports/report_reference.rpt,25473,8b0ae652f8c9c47a151930f3aba20ed3498765119d9675253d72663d38d9cc04
evidence/baseline/DUAL_W4A8_BF16__T1p0ns/reports/report_resources.rpt,18581,6af599ca4a0b682779dcca596744f83a986f49c792d6b3249f59a73e9a07f941
evidence/baseline/DUAL_W4A8_BF16__T1p0ns/reports/report_timing.rpt,234399,ec5effd452a51585addeec1208e7477a8da902bea1b0a1c3a07937b73b0b1728
evidence/baseline/DUAL_W4A8_BF16__T1p0ns/summary.kv,723,e6c4b9504eafb1592fc0b1af5f562d1e80e16cfb6b6e36e993467ab4ff090b81
evidence/baseline/DUAL_W4A8_BF16__T2p0ns/reports/analyze.log,7028,d94dbdbf0271b5b86d24eb405274afbe164508b8998a5d2633f31b594fa34026
evidence/baseline/DUAL_W4A8_BF16__T2p0ns/reports/check_design_post.rpt,304,94bf7675a38cf2f7e109edbc8dc51e1112bf6d2b3427362c2e14197d434eaf38
evidence/baseline/DUAL_W4A8_BF16__T2p0ns/reports/datapath_extraction.rpt,81,fc94336cfc33bd4b491043c0e555a003f3efd077ebf13655e80c792f0a53bd28
evidence/baseline/DUAL_W4A8_BF16__T2p0ns/reports/report_area.rpt,1871,c758da5ba458b48f7096b5ccca2e1d4c550a04d9b10290274354773fe86b4f2c
evidence/baseline/DUAL_W4A8_BF16__T2p0ns/reports/report_constraints.rpt,779,f18a99318088dc23c49a894f9478a14d13ccb87b91524963fda6100bf139075d
evidence/baseline/DUAL_W4A8_BF16__T2p0ns/reports/report_qor.rpt,2449,02b18cd5b36903e1449e4457c274027e69fb758586df6ddb01702d950ac4830c
evidence/baseline/DUAL_W4A8_BF16__T2p0ns/reports/report_reference.rpt,21146,5b89254e6abd65e7af86d3c6ed555c97de87f3cd64f03ed37c35fea501b9bffa
evidence/baseline/DUAL_W4A8_BF16__T2p0ns/reports/report_resources.rpt,16186,9a33c1e40df5fb633352061f05b2f6843f746d583388cf9bb514d3c95cf191af
evidence/baseline/DUAL_W4A8_BF16__T2p0ns/reports/report_timing.rpt,318569,2bf45e2f8ba75cd2fd71029ae621760eb19e4ef228662251e8c7610292dcfd94
evidence/baseline/DUAL_W4A8_BF16__T2p0ns/summary.kv,728,ec216aca39e77817854e3d543294bf3939768ae39d779e518eb229556654f678
evidence/baseline/DUAL_W4A8_FP8__T0p9ns/reports/analyze.log,7024,4ea75ef903204125547d0d03f9c66a82fbf871db6cfcb40bb8727da42fad68ef
evidence/baseline/DUAL_W4A8_FP8__T0p9ns/reports/check_design_post.rpt,304,94bf7675a38cf2f7e109edbc8dc51e1112bf6d2b3427362c2e14197d434eaf38
evidence/baseline/DUAL_W4A8_FP8__T0p9ns/reports/datapath_extraction.rpt,81,fc94336cfc33bd4b491043c0e555a003f3efd077ebf13655e80c792f0a53bd28
evidence/baseline/DUAL_W4A8_FP8__T0p9ns/reports/report_area.rpt,1871,f162b72d86f193fdacd1b0a560a137b054c6949724721461e667e2335bf2a795
evidence/baseline/DUAL_W4A8_FP8__T0p9ns/reports/report_constraints.rpt,2330,489e56c6f603f2b3c11a14fcf978360870ec62973633b8016332dce0ba482094
evidence/baseline/DUAL_W4A8_FP8__T0p9ns/reports/report_qor.rpt,2450,1a37017365c3ee4b29189e36318ec7594e2ad4d6b4a505523ca7fc3bd338ed14
evidence/baseline/DUAL_W4A8_FP8__T0p9ns/reports/report_reference.rpt,23379,8fe4f4241f156441e8edcb52859906946a7fdbcaac9b4b4934aeef1c15924d47
evidence/baseline/DUAL_W4A8_FP8__T0p9ns/reports/report_resources.rpt,18200,5c2f4f950b41fb24aac783496e8949d997f56efe5f0375a2873e0d9f778234a8
evidence/baseline/DUAL_W4A8_FP8__T0p9ns/reports/report_timing.rpt,202518,52957f6a0d2ffb6aabe089858c4a3017323780586c5367b272b5b81e58d97249
evidence/baseline/DUAL_W4A8_FP8__T0p9ns/summary.kv,731,ed35579cf25c7b61cf499b6ff3b34b3bb2419cd821260daa0cfded2edf78a153
evidence/baseline/DUAL_W4A8_FP8__T1p0ns/reports/analyze.log,7024,9254e7b6932de58ed01fff8300a05a83c02c724a8d94953da186655c26b8c356
evidence/baseline/DUAL_W4A8_FP8__T1p0ns/reports/check_design_post.rpt,304,94bf7675a38cf2f7e109edbc8dc51e1112bf6d2b3427362c2e14197d434eaf38
evidence/baseline/DUAL_W4A8_FP8__T1p0ns/reports/datapath_extraction.rpt,81,fc94336cfc33bd4b491043c0e555a003f3efd077ebf13655e80c792f0a53bd28
evidence/baseline/DUAL_W4A8_FP8__T1p0ns/reports/report_area.rpt,1864,b908ad0722d45802a9f3b88526cbcdacbdc1c32fef8ab582556848b26fb68e34
evidence/baseline/DUAL_W4A8_FP8__T1p0ns/reports/report_constraints.rpt,779,8c9b2d601bfc304e3b5e1cd0f6f534065ca716dd9380f2c9c96b2db573571865
evidence/baseline/DUAL_W4A8_FP8__T1p0ns/reports/report_qor.rpt,2449,58dc86add67c8ee115dd43f1f279baae716a7d36c9b10646dd2b3458653c15d6
evidence/baseline/DUAL_W4A8_FP8__T1p0ns/reports/report_reference.rpt,20785,4b14431c5d1030e7c102f39c609eb14e8b0b3e93865d0046686596eff24d0cb8
evidence/baseline/DUAL_W4A8_FP8__T1p0ns/reports/report_resources.rpt,18200,b0d6c911cf3029ed4f59caefbeb36459c77378f0c0db51052c7b1cfb0c410772
evidence/baseline/DUAL_W4A8_FP8__T1p0ns/reports/report_timing.rpt,192334,84ce7902ca789d1ef9fb501f0b30f16c9a5e385ed6297d6db498b8fd4454f90d
evidence/baseline/DUAL_W4A8_FP8__T1p0ns/summary.kv,727,9a3870c255739e2f58a55cb8b5b6d1cb68bc262255c8703d5ba8d96267847293
evidence/baseline/DUAL_W4A8_FP8__T2p0ns/reports/analyze.log,7024,0d8473b1c02e27a3aa90ab7f3916ce73824e0434a2fa2e407b492683317fd789
evidence/baseline/DUAL_W4A8_FP8__T2p0ns/reports/check_design_post.rpt,304,94bf7675a38cf2f7e109edbc8dc51e1112bf6d2b3427362c2e14197d434eaf38
evidence/baseline/DUAL_W4A8_FP8__T2p0ns/reports/datapath_extraction.rpt,81,fc94336cfc33bd4b491043c0e555a003f3efd077ebf13655e80c792f0a53bd28
evidence/baseline/DUAL_W4A8_FP8__T2p0ns/reports/report_area.rpt,1864,785e37338ecaa6ea5865f9456a1a76e0cde9244bdc8c59614921d810d631064b
evidence/baseline/DUAL_W4A8_FP8__T2p0ns/reports/report_constraints.rpt,779,93e9ace3112dd18cea993b081a236e713aacf9fe7534a4ec04cb3d8d485aea6e
evidence/baseline/DUAL_W4A8_FP8__T2p0ns/reports/report_qor.rpt,2449,451828157743b9879aceeb0afe8241b03ce0cd58d9374dcee14d8133cdaff288
evidence/baseline/DUAL_W4A8_FP8__T2p0ns/reports/report_reference.rpt,12493,d9269ade5ec16e64a3c958dcda1becb6e36ab1c00fb201d0f5a1fb8e70a1eb08
evidence/baseline/DUAL_W4A8_FP8__T2p0ns/reports/report_resources.rpt,16186,e8e95eb49fc89401937633d7f38290200ca8aa2464af5a1c4f241839d4748b50
evidence/baseline/DUAL_W4A8_FP8__T2p0ns/reports/report_timing.rpt,262331,0da00fa2073209f318f55e1ba51fc84d8d91526671e5262acb67c0cc5a9bcaaa
evidence/baseline/DUAL_W4A8_FP8__T2p0ns/summary.kv,727,a17ba364552ebf026e9a71d95c897ae6e867dd9260c8aba760f446db7617891e
evidence/baseline/DUAL_W8A8_BF16__T0p9ns/reports/analyze.log,7029,cdb21c55201d6baca9196a1d6529a5f70744d4aa0fbcd9e42e3c47b5c0effed3
evidence/baseline/DUAL_W8A8_BF16__T0p9ns/reports/check_design_post.rpt,304,94bf7675a38cf2f7e109edbc8dc51e1112bf6d2b3427362c2e14197d434eaf38
evidence/baseline/DUAL_W8A8_BF16__T0p9ns/reports/datapath_extraction.rpt,81,fc94336cfc33bd4b491043c0e555a003f3efd077ebf13655e80c792f0a53bd28
evidence/baseline/DUAL_W8A8_BF16__T0p9ns/reports/report_area.rpt,1871,ad92f253c8a070030a9d5853ebc6e36316206390bd0a72792c3191c50d01aafc
evidence/baseline/DUAL_W8A8_BF16__T0p9ns/reports/report_constraints.rpt,5127,7ceadfd536d38d5f4caa96bfb05aa636725767730ab03f1729342c2b65a9ba84
evidence/baseline/DUAL_W8A8_BF16__T0p9ns/reports/report_qor.rpt,2450,d41983fe2735bf2743fc2ec26042bcdb4ec45fbabcec3dabd8efec1b5e4ea7ff
evidence/baseline/DUAL_W8A8_BF16__T0p9ns/reports/report_reference.rpt,23719,a36df003a6b59ca55bdf05aa81f8bde445b31517fe0f92eb98001f38595e383c
evidence/baseline/DUAL_W8A8_BF16__T0p9ns/reports/report_resources.rpt,18581,f4e22863e143bda262e7f8ec2309586baf75d62c4576e10236d9bb398bc963fe
evidence/baseline/DUAL_W8A8_BF16__T0p9ns/reports/report_timing.rpt,218919,07bb67e84050d610aa42bddd3812d419a178d2f41dbeb72cf839ec3edd2250db
evidence/baseline/DUAL_W8A8_BF16__T0p9ns/summary.kv,729,62ebc4a49447fd0e3ef327d98e15d137cf90c77652a20da927f21caeb724b3a8
evidence/baseline/DUAL_W8A8_BF16__T1p0ns/reports/analyze.log,7029,debefe4cdbdf529ab5480147033b1e9772e1c3a2094c8f84c4c53a7775dcf3f2
evidence/baseline/DUAL_W8A8_BF16__T1p0ns/reports/check_design_post.rpt,304,94bf7675a38cf2f7e109edbc8dc51e1112bf6d2b3427362c2e14197d434eaf38
evidence/baseline/DUAL_W8A8_BF16__T1p0ns/reports/datapath_extraction.rpt,81,fc94336cfc33bd4b491043c0e555a003f3efd077ebf13655e80c792f0a53bd28
evidence/baseline/DUAL_W8A8_BF16__T1p0ns/reports/report_area.rpt,1871,0c6f2022b3afd7ed7f79b5cd3e10f69fd99c25ad3bbdf305faa9dc98c489b82a
evidence/baseline/DUAL_W8A8_BF16__T1p0ns/reports/report_constraints.rpt,4357,6511bfd14392a766a74d9c616cc5dd458d636507379455fa6c3b9e8255e3c324
evidence/baseline/DUAL_W8A8_BF16__T1p0ns/reports/report_qor.rpt,2450,57708f9d152af86c413fb12d101c4c6d434fd619776d800c9d0a305d916dbb51
evidence/baseline/DUAL_W8A8_BF16__T1p0ns/reports/report_reference.rpt,23730,07acb9e2da1c00f26a21a44769d5a38ceb4bd6aa924b6120125259b2616805ce
evidence/baseline/DUAL_W8A8_BF16__T1p0ns/reports/report_resources.rpt,18581,a7ca8c6988795b58337fb1c8cebcdb21b6ec24cfa053260cf2db0ea7f5741214
evidence/baseline/DUAL_W8A8_BF16__T1p0ns/reports/report_timing.rpt,212316,849b91bdd1b0dd6b2ad6ec9627f4758b5429e99fa19db39c04d69d2b1fa1c6bf
evidence/baseline/DUAL_W8A8_BF16__T1p0ns/summary.kv,721,67978c1c4fdf9156837c7e39d39af591e5dd9d6ba3fda4d78fc74644238207b4
evidence/baseline/DUAL_W8A8_BF16__T2p0ns/reports/analyze.log,7029,7034c80468a77f32bbe1a0017a460a2f49238517de98b3394d0acbad703d28ea
evidence/baseline/DUAL_W8A8_BF16__T2p0ns/reports/check_design_post.rpt,304,94bf7675a38cf2f7e109edbc8dc51e1112bf6d2b3427362c2e14197d434eaf38
evidence/baseline/DUAL_W8A8_BF16__T2p0ns/reports/datapath_extraction.rpt,81,fc94336cfc33bd4b491043c0e555a003f3efd077ebf13655e80c792f0a53bd28
evidence/baseline/DUAL_W8A8_BF16__T2p0ns/reports/report_area.rpt,1871,42e16db58d5fe3c8e43655cb6f29a8561e452cc27516e6341bbde121ce2fe50b
evidence/baseline/DUAL_W8A8_BF16__T2p0ns/reports/report_constraints.rpt,779,0f626f0496a4b16a2feea4f866c6e8a85e48792adbe62da5bee88953ed649dbe
evidence/baseline/DUAL_W8A8_BF16__T2p0ns/reports/report_qor.rpt,2449,1d979ff335f2b2c64733ce3d0fe7a460abb5b78cad241510f835550c3bd8fdc2
evidence/baseline/DUAL_W8A8_BF16__T2p0ns/reports/report_reference.rpt,21496,c2241f6c3132d270a5a98c3bb6c928bc3b270d2f0585c00a7c7f24e59fbcdfbe
evidence/baseline/DUAL_W8A8_BF16__T2p0ns/reports/report_resources.rpt,16186,541ea8f87ff6e582b0668cb561e415622aae1e491723cf8f68bd40c7869c9683
evidence/baseline/DUAL_W8A8_BF16__T2p0ns/reports/report_timing.rpt,290205,cf1b03b7e47b152562d37bdc25177ec047dbc3843692047f2860a72613f6a483
evidence/baseline/DUAL_W8A8_BF16__T2p0ns/summary.kv,727,44d1151539f564d2cd046573f0f1d9a6559a6d9fc7eb00ed1aaa93bc46dbf68f
evidence/baseline/DUAL_W8A8_FP8__T0p9ns/reports/analyze.log,7025,5e609727c5cbdf86b7333b0ad57c34d3a26fcdb9295006ed323c7dbdf2f8405e
evidence/baseline/DUAL_W8A8_FP8__T0p9ns/reports/check_design_post.rpt,304,94bf7675a38cf2f7e109edbc8dc51e1112bf6d2b3427362c2e14197d434eaf38
evidence/baseline/DUAL_W8A8_FP8__T0p9ns/reports/datapath_extraction.rpt,81,fc94336cfc33bd4b491043c0e555a003f3efd077ebf13655e80c792f0a53bd28
evidence/baseline/DUAL_W8A8_FP8__T0p9ns/reports/report_area.rpt,1871,e25f0508319edfe645cebbf550164c365f9f85d2f3fee5e7a75e850b5c50a7ca
evidence/baseline/DUAL_W8A8_FP8__T0p9ns/reports/report_constraints.rpt,3725,228f01cd0e4c1e49af0665ef7094c911dfad1330fdf41215c82edb5799650a66
evidence/baseline/DUAL_W8A8_FP8__T0p9ns/reports/report_qor.rpt,2450,addf80392b67940bb5e35d75f3b71e1c5ded01b0c9f063a23d92db8a683e5e6f
evidence/baseline/DUAL_W8A8_FP8__T0p9ns/reports/report_reference.rpt,21479,81db3e5f85ea1c3518ed701995f0ad02839c6fd591095fbeedb49c6021e7266d
evidence/baseline/DUAL_W8A8_FP8__T0p9ns/reports/report_resources.rpt,18200,0a655e9706a9caee274bc25e8f6fc9d968cce27c5d1f81864df3bbe97b658e30
evidence/baseline/DUAL_W8A8_FP8__T0p9ns/reports/report_timing.rpt,198358,5013a11a2b9a6df5b676ee7867bc57ad2d03493473e9190067164d04aa342767
evidence/baseline/DUAL_W8A8_FP8__T0p9ns/summary.kv,731,27ac6d7e13ac7c92e1f4c8026589717de8e112b99ba0ee2c9aab44d9fbc6860e
evidence/baseline/DUAL_W8A8_FP8__T1p0ns/reports/analyze.log,7025,20cb7a8a4f8ee67bad1fd6d2be348219b8607f27f61377edef0a64e23d122fc9
evidence/baseline/DUAL_W8A8_FP8__T1p0ns/reports/check_design_post.rpt,304,94bf7675a38cf2f7e109edbc8dc51e1112bf6d2b3427362c2e14197d434eaf38
evidence/baseline/DUAL_W8A8_FP8__T1p0ns/reports/datapath_extraction.rpt,81,fc94336cfc33bd4b491043c0e555a003f3efd077ebf13655e80c792f0a53bd28
evidence/baseline/DUAL_W8A8_FP8__T1p0ns/reports/report_area.rpt,1871,59c2e86266ba880221cb6e77707760ded3c5d0a0c562930f3d45e99f5753a71d
evidence/baseline/DUAL_W8A8_FP8__T1p0ns/reports/report_constraints.rpt,779,3aca77e9b1f130ccdc15ff88143f197004f1c514ec2ba3ad186a27988cb3960c
evidence/baseline/DUAL_W8A8_FP8__T1p0ns/reports/report_qor.rpt,2449,91119ca7d816d239068cde05d84c7aa60ada5864e72223974c4db7b73781b3b4
evidence/baseline/DUAL_W8A8_FP8__T1p0ns/reports/report_reference.rpt,21133,d2481dfb44239dcfcd7eeea6c39fe5dbc0b010cac25908bf0fe31fcd860a4c20
evidence/baseline/DUAL_W8A8_FP8__T1p0ns/reports/report_resources.rpt,18200,0e532cac23f1c4edb44fab6bcd0196f68e4d28e0c8f3dcfd230e7c3692d4fbf5
evidence/baseline/DUAL_W8A8_FP8__T1p0ns/reports/report_timing.rpt,151586,cc69ac7a7ef851aa5a2e0dfc6b72d1b908724618c2db79505188fff330e48afd
evidence/baseline/DUAL_W8A8_FP8__T1p0ns/summary.kv,727,9bb865f08dc2d17fd65edded2582b7eed0113d818ca67a855e322f19a912f1d4
evidence/baseline/DUAL_W8A8_FP8__T2p0ns/reports/analyze.log,7025,aa3539085e816c8ac9836ce81cf3368f55c5f096c00763cfba45a941b1eae4d9
evidence/baseline/DUAL_W8A8_FP8__T2p0ns/reports/check_design_post.rpt,304,94bf7675a38cf2f7e109edbc8dc51e1112bf6d2b3427362c2e14197d434eaf38
evidence/baseline/DUAL_W8A8_FP8__T2p0ns/reports/datapath_extraction.rpt,81,fc94336cfc33bd4b491043c0e555a003f3efd077ebf13655e80c792f0a53bd28
evidence/baseline/DUAL_W8A8_FP8__T2p0ns/reports/report_area.rpt,1864,6b92c899751626735ec92ea14d83842b33e749f0d0ae401a05732598d5e90fbf
evidence/baseline/DUAL_W8A8_FP8__T2p0ns/reports/report_constraints.rpt,779,317127064ac3df58aa6ee320911ab157929a254f78aa11765439b8639252b499
evidence/baseline/DUAL_W8A8_FP8__T2p0ns/reports/report_qor.rpt,2449,568048c0f4254bb123296d3b6d64824a6f4c562902b6d6069ec421df181644f2
evidence/baseline/DUAL_W8A8_FP8__T2p0ns/reports/report_reference.rpt,11982,92fca48976312af6f9d9e727cf071b7bf027595e2215098dafc8e965f7c993c5
evidence/baseline/DUAL_W8A8_FP8__T2p0ns/reports/report_resources.rpt,16186,0bf11e409b9e6d93202d8a36f40d72516db9e7b1adaa341d7a9a3893e543379d
evidence/baseline/DUAL_W8A8_FP8__T2p0ns/reports/report_timing.rpt,274861,a91779f03386583ce64a27c7ceba8c86edf3a2d432c2402496ba6112fc05775d
evidence/baseline/DUAL_W8A8_FP8__T2p0ns/summary.kv,724,5ebc01bb01194f6b398314ad721fc77d70f7f43139a58e2f5fce0a54b20f108e
evidence/baseline/MIXREF_BF16__T0p9ns/reports/analyze.log,3045,778946836d5b0cee13312938e1e7fe6c7d295ba564bb5587c9b0cf6cff358945
evidence/baseline/MIXREF_BF16__T0p9ns/reports/check_design_post.rpt,304,94bf7675a38cf2f7e109edbc8dc51e1112bf6d2b3427362c2e14197d434eaf38
evidence/baseline/MIXREF_BF16__T0p9ns/reports/datapath_extraction.rpt,81,fc94336cfc33bd4b491043c0e555a003f3efd077ebf13655e80c792f0a53bd28
evidence/baseline/MIXREF_BF16__T0p9ns/reports/report_area.rpt,1871,8c76276a26dd98e4796e8f32eb5d8e62b849ee1d87c727e2276bff080e7cd7f3
evidence/baseline/MIXREF_BF16__T0p9ns/reports/report_constraints.rpt,2662,3de7ec24d2762bb7cb3ef64d2f00039d11fa950ec45a43e27a07d9d03c3fe2b9
evidence/baseline/MIXREF_BF16__T0p9ns/reports/report_qor.rpt,2450,e2c0b43974a0565723a0cd9e499dac86f2dff568bc197593123368599eb7b7da
evidence/baseline/MIXREF_BF16__T0p9ns/reports/report_reference.rpt,25125,d63cdf56b870e9ea3cb3532720ef71f1ad3715b11704675287c6acc6848e3029
evidence/baseline/MIXREF_BF16__T0p9ns/reports/report_resources.rpt,15817,ae05b78a4f125255994824c28a949710a84f3fc80ec6469245e0d0feab955c37
evidence/baseline/MIXREF_BF16__T0p9ns/reports/report_timing.rpt,231034,e27fe3cf58542adcdd658bb9feaf738e26a9616a3162f0696c376354c9b9294f
evidence/baseline/MIXREF_BF16__T0p9ns/summary.kv,727,fabd9394da566449015f908b7309c37245102151f4b572a03164ccc6e720afc6
evidence/baseline/MIXREF_BF16__T1p0ns/reports/analyze.log,3045,8034b95c7b290574adf09cca65dcd65eb604d1f0da3f6590095ab53d38032548
evidence/baseline/MIXREF_BF16__T1p0ns/reports/check_design_post.rpt,304,94bf7675a38cf2f7e109edbc8dc51e1112bf6d2b3427362c2e14197d434eaf38
evidence/baseline/MIXREF_BF16__T1p0ns/reports/datapath_extraction.rpt,81,fc94336cfc33bd4b491043c0e555a003f3efd077ebf13655e80c792f0a53bd28
evidence/baseline/MIXREF_BF16__T1p0ns/reports/report_area.rpt,1871,67b60ee87f56d1a74c890e3db879ebdac09046af2771a04509a0b3f1742d7223
evidence/baseline/MIXREF_BF16__T1p0ns/reports/report_constraints.rpt,2662,b3a3fc383097e7b9ee24633e836810566385238340a8ca834c0298aa4ea977a5
evidence/baseline/MIXREF_BF16__T1p0ns/reports/report_qor.rpt,2450,a2cb2f9d8a3d4a9444c254c22f19b5c2e91e350e2b2fc68064b91971a8cdfc58
evidence/baseline/MIXREF_BF16__T1p0ns/reports/report_reference.rpt,25299,29c569e4096ba4679114ee7c3bb572c223ed73f67a5a8700ac1535181546a015
evidence/baseline/MIXREF_BF16__T1p0ns/reports/report_resources.rpt,15817,146ae96e69137518c076da7ae8ac04b27eec11b217796c1fbb35fe593ef2e7ac
evidence/baseline/MIXREF_BF16__T1p0ns/reports/report_timing.rpt,238246,a1707d9797c44b3b48045b1ad70de6d36c66304dce2eb013c16539bc489abb35
evidence/baseline/MIXREF_BF16__T1p0ns/summary.kv,720,1f0af904a4e369d292f2a63001181c490358d75b3eac8c11ce96ed2f0a069667
evidence/baseline/MIXREF_BF16__T2p0ns/reports/analyze.log,3045,5013e57aaaa2b83daa14634d4d83a4f80f5137062006acc6fcb21ff37847c0fb
evidence/baseline/MIXREF_BF16__T2p0ns/reports/check_design_post.rpt,304,94bf7675a38cf2f7e109edbc8dc51e1112bf6d2b3427362c2e14197d434eaf38
evidence/baseline/MIXREF_BF16__T2p0ns/reports/datapath_extraction.rpt,81,fc94336cfc33bd4b491043c0e555a003f3efd077ebf13655e80c792f0a53bd28
evidence/baseline/MIXREF_BF16__T2p0ns/reports/report_area.rpt,1864,eda4ff5970f89a393b4bdc85359887af36ff438d184957057598059614e9ce56
evidence/baseline/MIXREF_BF16__T2p0ns/reports/report_constraints.rpt,779,628dcb7c1376a36095eb4180e1ece9203bf9644ccbacbeeac1d037aec35c2b28
evidence/baseline/MIXREF_BF16__T2p0ns/reports/report_qor.rpt,2449,5ef4d5da8be1c283a6a87780f749a69d462efa81027e3137c7e1883ec177acff
evidence/baseline/MIXREF_BF16__T2p0ns/reports/report_reference.rpt,21676,0b1a334109c555971c784dc19a77b3dfadb996f4bb4763cfea69cbd81ed71d25
evidence/baseline/MIXREF_BF16__T2p0ns/reports/report_resources.rpt,13111,cdb5334e04e1137a7e25e72e778b3600f33b728f0343f9d696b6a797a1fe2d5a
evidence/baseline/MIXREF_BF16__T2p0ns/reports/report_timing.rpt,312493,222375a8a7d5c1364bf515de5d1e9a2621066032973d2c663fbae8ad3d029d92
evidence/baseline/MIXREF_BF16__T2p0ns/summary.kv,724,5115091149f940c7f1da3383cafc3be07925778e0c4eaf573c9bb8c6a32bcb8b
evidence/baseline/MIXREF_FP8_E4M3__T0p9ns/reports/analyze.log,3053,0d79a2e827d30618bcca89ad0f9afae35922dcb0ecfd4164c75d28025023b839
evidence/baseline/MIXREF_FP8_E4M3__T0p9ns/reports/check_design_post.rpt,304,94bf7675a38cf2f7e109edbc8dc51e1112bf6d2b3427362c2e14197d434eaf38
evidence/baseline/MIXREF_FP8_E4M3__T0p9ns/reports/datapath_extraction.rpt,81,fc94336cfc33bd4b491043c0e555a003f3efd077ebf13655e80c792f0a53bd28
evidence/baseline/MIXREF_FP8_E4M3__T0p9ns/reports/report_area.rpt,1864,83d9f4919ca82778fb316e4e5a0f5d3eb666ad39cc251a554ecd6c6c9eafdecf
evidence/baseline/MIXREF_FP8_E4M3__T0p9ns/reports/report_constraints.rpt,2030,b36a5677b366000aa2fa28c3932a96a9f0d2e75a065dc47d3ddeb8e205a447e1
evidence/baseline/MIXREF_FP8_E4M3__T0p9ns/reports/report_qor.rpt,2450,08b64fb2546365b9a85787da7872f27a0ef77abbb838791b415311fb7588e4c0
evidence/baseline/MIXREF_FP8_E4M3__T0p9ns/reports/report_reference.rpt,23047,c32b913aba8838fc6f5cd30dda696990a306a3230f7346245dd6c26e66921445
evidence/baseline/MIXREF_FP8_E4M3__T0p9ns/reports/report_resources.rpt,15441,94327fa16c9b37a291e628696d9dbbb43803a5fe29d1038b892f42bac5ec1b91
evidence/baseline/MIXREF_FP8_E4M3__T0p9ns/reports/report_timing.rpt,201641,5a4c0155c2dc3a8883b8134cd18c535d339c8a6a32e416e239cda1e6f6626d33
evidence/baseline/MIXREF_FP8_E4M3__T0p9ns/summary.kv,732,d588dfc8650c0546fe37b7eeccab7fdf50232af209bcc5e897528b0f2ad17b53
evidence/baseline/MIXREF_FP8_E4M3__T1p0ns/reports/analyze.log,3053,f70ee082d9fd4ced061d8a128336baf01fb12b67d41bfa324910b2d95637d0e2
evidence/baseline/MIXREF_FP8_E4M3__T1p0ns/reports/check_design_post.rpt,304,94bf7675a38cf2f7e109edbc8dc51e1112bf6d2b3427362c2e14197d434eaf38
evidence/baseline/MIXREF_FP8_E4M3__T1p0ns/reports/datapath_extraction.rpt,81,fc94336cfc33bd4b491043c0e555a003f3efd077ebf13655e80c792f0a53bd28
evidence/baseline/MIXREF_FP8_E4M3__T1p0ns/reports/report_area.rpt,1864,c9a382638e8f89f3030f069d6f4d0ec4b2293dc1226d9e4e83db59848f3c74cf
evidence/baseline/MIXREF_FP8_E4M3__T1p0ns/reports/report_constraints.rpt,779,f6c2bb6f11d9847302e091e28d72b61d494644c6bfbeba6f35e6b49339a17787
evidence/baseline/MIXREF_FP8_E4M3__T1p0ns/reports/report_qor.rpt,2449,15a4d22abf1b7144f8024ea578f12b2d88f6d3618ee3394fb0198c22cec9e4bf
evidence/baseline/MIXREF_FP8_E4M3__T1p0ns/reports/report_reference.rpt,21494,c617a3474cec5f06cbb0856977e27b519464f9bee11346917559160deb68163c
evidence/baseline/MIXREF_FP8_E4M3__T1p0ns/reports/report_resources.rpt,15441,8d1ecfc3b8cc7bc926ea9dc968a9e3dfcd89665d56d7c3622290b64177202369
evidence/baseline/MIXREF_FP8_E4M3__T1p0ns/reports/report_timing.rpt,202873,81e63babc3c73239dafb5fee69f405d52d83c158fa5f4cdad7d75ccfc148717a
evidence/baseline/MIXREF_FP8_E4M3__T1p0ns/summary.kv,731,e94591d8878bb217e0a003089552dc68bbfb83519d200db5be5d98203c820c2c
evidence/baseline/MIXREF_FP8_E4M3__T2p0ns/reports/analyze.log,3053,c356cc137495c5f63a2ab1247f018128938a0fcde12c10dafee926befe60e2b9
evidence/baseline/MIXREF_FP8_E4M3__T2p0ns/reports/check_design_post.rpt,304,94bf7675a38cf2f7e109edbc8dc51e1112bf6d2b3427362c2e14197d434eaf38
evidence/baseline/MIXREF_FP8_E4M3__T2p0ns/reports/datapath_extraction.rpt,81,fc94336cfc33bd4b491043c0e555a003f3efd077ebf13655e80c792f0a53bd28
evidence/baseline/MIXREF_FP8_E4M3__T2p0ns/reports/report_area.rpt,1864,bcb16b2aa54e0f7fbee08496b700e43f4e0a3b49164d64a6a1ed9c3e60cc477b
evidence/baseline/MIXREF_FP8_E4M3__T2p0ns/reports/report_constraints.rpt,779,f435858b24b858bccecb34f0ee1d8a007753b159da38f168af9a04f6a622b781
evidence/baseline/MIXREF_FP8_E4M3__T2p0ns/reports/report_qor.rpt,2449,0d9ac662d96c30ba12b5b88a2b0fc9d8a7a0c1656bdae1d4a18e67a26c139448
evidence/baseline/MIXREF_FP8_E4M3__T2p0ns/reports/report_reference.rpt,10423,b5f0d1d3c914a534ca57d593b0e7e8a3c048db496731886c44fc29663c618ca4
evidence/baseline/MIXREF_FP8_E4M3__T2p0ns/reports/report_resources.rpt,13111,2ed1f91c916d5a2b80b64e1fd423de3b9d77d279c66305eed0e3ec7a1b4590ed
evidence/baseline/MIXREF_FP8_E4M3__T2p0ns/reports/report_timing.rpt,283266,0e4e33e6e202dac8efaa072b7683bc17f625b00e0c6e88faec1f99d7b588145e
evidence/baseline/MIXREF_FP8_E4M3__T2p0ns/summary.kv,727,8dbf6d469407acb426e91b672ca76e5d986e2c3291fe81ca50021048a6eabc78
evidence/baseline/MIXREF_INT_W4A8_L4__T0p9ns/reports/analyze.log,3580,1e51f0b0e4744e8aa46ff312bcec90e85f0af65431ed4c8cda2ca82bbc58937e
evidence/baseline/MIXREF_INT_W4A8_L4__T0p9ns/reports/check_design_post.rpt,304,94bf7675a38cf2f7e109edbc8dc51e1112bf6d2b3427362c2e14197d434eaf38
evidence/baseline/MIXREF_INT_W4A8_L4__T0p9ns/reports/datapath_extraction.rpt,81,fc94336cfc33bd4b491043c0e555a003f3efd077ebf13655e80c792f0a53bd28
evidence/baseline/MIXREF_INT_W4A8_L4__T0p9ns/reports/report_area.rpt,1864,60aed27d551984098709306399c420c479362d494c4b71c1e8730db9b3f375d3
evidence/baseline/MIXREF_INT_W4A8_L4__T0p9ns/reports/report_constraints.rpt,779,1f2fe1829de11bfa33eddce181c37f3bd86d0b9ef4cdb5c798be7d130ef63315
evidence/baseline/MIXREF_INT_W4A8_L4__T0p9ns/reports/report_qor.rpt,2449,3b3e033a6da0f5404da8ce2bfec619200e8b6289655579b1d01fd4f54fc12879
evidence/baseline/MIXREF_INT_W4A8_L4__T0p9ns/reports/report_reference.rpt,6784,e48074a35f06632667dcfcfb6cfecfa52433fdb5761ed3e90b2d4d1bfc79f850
evidence/baseline/MIXREF_INT_W4A8_L4__T0p9ns/reports/report_resources.rpt,3919,839e922fcdbe0487862814419363ce9b2f5dce326a85b64f9180fc41dde1e0ee
evidence/baseline/MIXREF_INT_W4A8_L4__T0p9ns/reports/report_timing.rpt,117526,dba40772d6aac296dd7deec249354164e3e94337e7f584e4879feca367482cbd
evidence/baseline/MIXREF_INT_W4A8_L4__T0p9ns/summary.kv,739,f625034e17e3b05104d3d050f35b68fc41e5712c602f9fa4acb6ed8ef10bc1b7
evidence/baseline/MIXREF_INT_W4A8_L4__T1p0ns/reports/analyze.log,3580,ebc3740d5daa88fe2eea8dbc54d10450e389645fca2c6a14cd1535398ca21d5a
evidence/baseline/MIXREF_INT_W4A8_L4__T1p0ns/reports/check_design_post.rpt,304,94bf7675a38cf2f7e109edbc8dc51e1112bf6d2b3427362c2e14197d434eaf38
evidence/baseline/MIXREF_INT_W4A8_L4__T1p0ns/reports/datapath_extraction.rpt,81,fc94336cfc33bd4b491043c0e555a003f3efd077ebf13655e80c792f0a53bd28
evidence/baseline/MIXREF_INT_W4A8_L4__T1p0ns/reports/report_area.rpt,1864,d87dffc73dc897e9c1ae27ac7f9aa30185e35ed2f53e11fb2f1481c555037c09
evidence/baseline/MIXREF_INT_W4A8_L4__T1p0ns/reports/report_constraints.rpt,779,2dd330af847ea623750894ec595b5cfd2147826245c64abaee2399912d63a733
evidence/baseline/MIXREF_INT_W4A8_L4__T1p0ns/reports/report_qor.rpt,2449,5d654a90e0cd1b84552647bf4cd43949ee6231bc5a4d55aefe6a6dc2d40d1edf
evidence/baseline/MIXREF_INT_W4A8_L4__T1p0ns/reports/report_reference.rpt,6086,6d625ad33b8314bee3fb99b3aed27439ee60d40ee224b30ad92e76ccb813b5e2
evidence/baseline/MIXREF_INT_W4A8_L4__T1p0ns/reports/report_resources.rpt,3919,9afad6a317e2d8a94ffacfd6f94edc4870a897b876c10f2e5c671ca8b1853c79
evidence/baseline/MIXREF_INT_W4A8_L4__T1p0ns/reports/report_timing.rpt,131125,e108071f4563c16c2b2d1f58527b8ad369e59504b13620b2dfdf0a2b5802dceb
evidence/baseline/MIXREF_INT_W4A8_L4__T1p0ns/summary.kv,731,855cf96669ba32235a6ae37368751fbf565cead2036dc13e37bfdc4707b98202
evidence/baseline/MIXREF_INT_W4A8_L4__T2p0ns/reports/analyze.log,3580,1e475c2a560f829db5f8a9655e821c75e90d14a2fcdd5fed0ebce3ea4af8c6aa
evidence/baseline/MIXREF_INT_W4A8_L4__T2p0ns/reports/check_design_post.rpt,304,94bf7675a38cf2f7e109edbc8dc51e1112bf6d2b3427362c2e14197d434eaf38
evidence/baseline/MIXREF_INT_W4A8_L4__T2p0ns/reports/datapath_extraction.rpt,81,fc94336cfc33bd4b491043c0e555a003f3efd077ebf13655e80c792f0a53bd28
evidence/baseline/MIXREF_INT_W4A8_L4__T2p0ns/reports/report_area.rpt,1864,1c1719ebbb18d99f31519fe14c32269749e38f5e24c572f2e966cd1c3b03002a
evidence/baseline/MIXREF_INT_W4A8_L4__T2p0ns/reports/report_constraints.rpt,779,11bec34bd28d9e881160fffd640d7daf978b05955268000d7f2c1afd8e957098
evidence/baseline/MIXREF_INT_W4A8_L4__T2p0ns/reports/report_qor.rpt,2449,c1b5906148dec1f829617729f26b5fcd739d77fc35462d3ec44d47888bab724a
evidence/baseline/MIXREF_INT_W4A8_L4__T2p0ns/reports/report_reference.rpt,4880,5de55c5f35261437786bdc0145d8516297565f061d0bd5289d745d4709562c80
evidence/baseline/MIXREF_INT_W4A8_L4__T2p0ns/reports/report_resources.rpt,3919,a5d3c624bf2f7ecf237700cf17227e0b5ebcc384c63d017b77d514e6e8817051
evidence/baseline/MIXREF_INT_W4A8_L4__T2p0ns/reports/report_timing.rpt,219136,490a2537805cce359ac6fe8ca910d18027fb435a503f026c1750f55297eb1d84
evidence/baseline/MIXREF_INT_W4A8_L4__T2p0ns/summary.kv,728,9d1af5f3d40fa2fe1d0d5d83316e9fcd84ad67b50a83f99867bc124d44c57bb9
evidence/baseline/MIXREF_INT_W8A8_L4__T0p9ns/reports/analyze.log,3582,0c206969abdf36cff288340253458ecfb073fae8608f9571be2fdec82911156a
evidence/baseline/MIXREF_INT_W8A8_L4__T0p9ns/reports/check_design_post.rpt,304,94bf7675a38cf2f7e109edbc8dc51e1112bf6d2b3427362c2e14197d434eaf38
evidence/baseline/MIXREF_INT_W8A8_L4__T0p9ns/reports/datapath_extraction.rpt,81,fc94336cfc33bd4b491043c0e555a003f3efd077ebf13655e80c792f0a53bd28
evidence/baseline/MIXREF_INT_W8A8_L4__T0p9ns/reports/report_area.rpt,1864,45c9b0affcabe0cac55ac9602fca9fe314cb7814efad31871be79045242c9e55
evidence/baseline/MIXREF_INT_W8A8_L4__T0p9ns/reports/report_constraints.rpt,779,cfcb0080d2bfaf7763d8a60e7634357509c4c9325e0dbbfb96fe1978777102b4
evidence/baseline/MIXREF_INT_W8A8_L4__T0p9ns/reports/report_qor.rpt,2449,9091dfc61ef9f79aa15d38df27c1dcbfa1da0f7034f90ea8fba47d670c47ca77
evidence/baseline/MIXREF_INT_W8A8_L4__T0p9ns/reports/report_reference.rpt,8338,d58d76838ea0e6935302a192a38861a1ef19480ca3ac8eacdd2aeaefa7bd4685
evidence/baseline/MIXREF_INT_W8A8_L4__T0p9ns/reports/report_resources.rpt,3919,bc63aca7d39a2c1ecbf5ef5bfc6f594280ce924541ad0b560acfbdc896e2784d
evidence/baseline/MIXREF_INT_W8A8_L4__T0p9ns/reports/report_timing.rpt,115606,014c9f4aae59237288aa7d4c59cedfec5d4227c9d5f4dbdc81fc77324dd17616
evidence/baseline/MIXREF_INT_W8A8_L4__T0p9ns/summary.kv,738,cff757cd06337b080c24f6cffbf873410883c64269ecd07cea65aa5ada61a040
evidence/baseline/MIXREF_INT_W8A8_L4__T1p0ns/reports/analyze.log,3582,b34ea9e34e0c90a5681d046a37b5fa3b5bf5d53b5e0e8794cd74d1a607a543a1
evidence/baseline/MIXREF_INT_W8A8_L4__T1p0ns/reports/check_design_post.rpt,304,94bf7675a38cf2f7e109edbc8dc51e1112bf6d2b3427362c2e14197d434eaf38
evidence/baseline/MIXREF_INT_W8A8_L4__T1p0ns/reports/datapath_extraction.rpt,81,fc94336cfc33bd4b491043c0e555a003f3efd077ebf13655e80c792f0a53bd28
evidence/baseline/MIXREF_INT_W8A8_L4__T1p0ns/reports/report_area.rpt,1864,07586d16132a1d1911319e0baef10fc4c50ec24cde5f3c16161cba822d78c656
evidence/baseline/MIXREF_INT_W8A8_L4__T1p0ns/reports/report_constraints.rpt,779,87d8888113462b89ed96792228ff970af37c04c43fdc7b3b889708c3ca9df955
evidence/baseline/MIXREF_INT_W8A8_L4__T1p0ns/reports/report_qor.rpt,2449,d56748a8f669f18b7d917e097a054b48044617d83ed58d23cb5a848507ad926e
evidence/baseline/MIXREF_INT_W8A8_L4__T1p0ns/reports/report_reference.rpt,5739,6a34abc0c2120eb307a91ce1c4b8b22ee1b313dee188c9b5a86a50c40fe60435
evidence/baseline/MIXREF_INT_W8A8_L4__T1p0ns/reports/report_resources.rpt,3919,3275fef6d140cfaa71aa2f8dde91640ce2a5d807f966f9e221946c6741c22763
evidence/baseline/MIXREF_INT_W8A8_L4__T1p0ns/reports/report_timing.rpt,122236,26087817f518447093abdb7131eb497a835b08eefd7ab7cfdeed59ff6f417f2a
evidence/baseline/MIXREF_INT_W8A8_L4__T1p0ns/summary.kv,731,ccd5f36d4a363cc43aae7d93b10a994d5bdf8e358b8b7698402e41f3ec2c47f3
evidence/baseline/MIXREF_INT_W8A8_L4__T2p0ns/reports/analyze.log,3582,c246cf657801d9653bfdb2672341752689e42d3e0a2edbeb2d43744a3bf8433b
evidence/baseline/MIXREF_INT_W8A8_L4__T2p0ns/reports/check_design_post.rpt,304,94bf7675a38cf2f7e109edbc8dc51e1112bf6d2b3427362c2e14197d434eaf38
evidence/baseline/MIXREF_INT_W8A8_L4__T2p0ns/reports/datapath_extraction.rpt,81,fc94336cfc33bd4b491043c0e555a003f3efd077ebf13655e80c792f0a53bd28
evidence/baseline/MIXREF_INT_W8A8_L4__T2p0ns/reports/report_area.rpt,1864,dd85a44e1b6a859587b5d4966bbf67524ce987f19e36930ce314e4dfa686d28c
evidence/baseline/MIXREF_INT_W8A8_L4__T2p0ns/reports/report_constraints.rpt,779,130f697073c92b48c2fa6f9fe77944119be9513b2c44bc1f9f057d535ff1574c
evidence/baseline/MIXREF_INT_W8A8_L4__T2p0ns/reports/report_qor.rpt,2449,a520dc692e9f98944a8e84015fcbe03bbee2061620a11ea3ed4a5c7dd262808e
evidence/baseline/MIXREF_INT_W8A8_L4__T2p0ns/reports/report_reference.rpt,5396,05a6c57172942a207ad2b280ee9c1342badca87c401ce922cae4d63519438c4c
evidence/baseline/MIXREF_INT_W8A8_L4__T2p0ns/reports/report_resources.rpt,3919,961344df7351820dac4e26a39d66db4abc44b028cebf24f0fc18d644b0a03361
evidence/baseline/MIXREF_INT_W8A8_L4__T2p0ns/reports/report_timing.rpt,213361,2f45ea66ebc4cf2be7369159822bc722aa3e61a54f081c7fe277183df174e6fd
evidence/baseline/MIXREF_INT_W8A8_L4__T2p0ns/summary.kv,728,9e72153bf73454ecfc74739ef30741a2346b78d4ea7fcd2377faca68aa6f818f
evidence/baseline/SEP_W4A8_BF16__T0p9ns/reports/analyze.log,5941,5f78e39e88a6d70e0f796248c24a16a5e2e232873d2b33ac476bda529d330395
evidence/baseline/SEP_W4A8_BF16__T0p9ns/reports/check_design_post.rpt,304,94bf7675a38cf2f7e109edbc8dc51e1112bf6d2b3427362c2e14197d434eaf38
evidence/baseline/SEP_W4A8_BF16__T0p9ns/reports/datapath_extraction.rpt,81,fc94336cfc33bd4b491043c0e555a003f3efd077ebf13655e80c792f0a53bd28
evidence/baseline/SEP_W4A8_BF16__T0p9ns/reports/report_area.rpt,1871,05f5f4c842cf9e616e46d06a6b9d6a78eaa1f2b551c1f1d711d37d6b83bfe743
evidence/baseline/SEP_W4A8_BF16__T0p9ns/reports/report_constraints.rpt,3841,f44c743bf1069c114d7a020e7c6c7019f1ec1d2c7e37231f092b1fa0fcef904a
evidence/baseline/SEP_W4A8_BF16__T0p9ns/reports/report_qor.rpt,2450,c7097318220bf18c287331c05b0dd77319f541c5ff751762aef1c732ab1036be
evidence/baseline/SEP_W4A8_BF16__T0p9ns/reports/report_reference.rpt,24427,afeb5b3181e72cccc387e75a8b1584197b4a4b4c3d2cf9d4e268c511b598494b
evidence/baseline/SEP_W4A8_BF16__T0p9ns/reports/report_resources.rpt,18877,ee2b22f17fda086c0879e2dc48edbc87a7052097de3082b8f863e244d90b170f
evidence/baseline/SEP_W4A8_BF16__T0p9ns/reports/report_timing.rpt,231800,333d7d3d579a7e2f9e09923b7238b6f297131a476617164d8bd5ff3994769120
evidence/baseline/SEP_W4A8_BF16__T0p9ns/summary.kv,729,2485aa612e52dd0478b89fb81aa69053989529b0824e1eec31bcc0ed94f16c68
evidence/baseline/SEP_W4A8_BF16__T1p0ns/reports/analyze.log,5941,b3b5f7bf055a31ab2a504e3ec50de40898ea5f5c175de03f386f476d03a5b45b
evidence/baseline/SEP_W4A8_BF16__T1p0ns/reports/check_design_post.rpt,304,94bf7675a38cf2f7e109edbc8dc51e1112bf6d2b3427362c2e14197d434eaf38
evidence/baseline/SEP_W4A8_BF16__T1p0ns/reports/datapath_extraction.rpt,81,fc94336cfc33bd4b491043c0e555a003f3efd077ebf13655e80c792f0a53bd28
evidence/baseline/SEP_W4A8_BF16__T1p0ns/reports/report_area.rpt,1871,05d1146eb19d71177448e731b9b438bc510f2e5477f6dea42c6af299f8909e74
evidence/baseline/SEP_W4A8_BF16__T1p0ns/reports/report_constraints.rpt,3042,f8484b3e35d740ef726035c1d621c5b597e710a6256d3a508809b1ff1c699281
evidence/baseline/SEP_W4A8_BF16__T1p0ns/reports/report_qor.rpt,2450,9dab3843f7b3b8464ded946a99f9af16da91897fc8a4785cf2c765d1179f8f27
evidence/baseline/SEP_W4A8_BF16__T1p0ns/reports/report_reference.rpt,23401,b1ed47a8c7b491443d30d86f3b05f7deab3d937c1365af1d2004006a21f1b9ce
evidence/baseline/SEP_W4A8_BF16__T1p0ns/reports/report_resources.rpt,18877,79834a65bb39ba2e89f95cc550eebf9ccc80f2cc48150efb7d7997cfccdfd8f5
evidence/baseline/SEP_W4A8_BF16__T1p0ns/reports/report_timing.rpt,247684,0d71e5a0878d8ebe9ea07e00076aa38ab311f770ce4c10348a065070c12ad69d
evidence/baseline/SEP_W4A8_BF16__T1p0ns/summary.kv,721,0a3fb2a517a2de97a17c8dea6be00967997b48127431b29c2e718d8185dec6c4
evidence/baseline/SEP_W4A8_BF16__T2p0ns/reports/analyze.log,5941,294453dc54f6b37ebd99ae6a6e80a63a626b47e636cfab89caf169bdf36ce0f6
evidence/baseline/SEP_W4A8_BF16__T2p0ns/reports/check_design_post.rpt,304,94bf7675a38cf2f7e109edbc8dc51e1112bf6d2b3427362c2e14197d434eaf38
evidence/baseline/SEP_W4A8_BF16__T2p0ns/reports/datapath_extraction.rpt,81,fc94336cfc33bd4b491043c0e555a003f3efd077ebf13655e80c792f0a53bd28
evidence/baseline/SEP_W4A8_BF16__T2p0ns/reports/report_area.rpt,1871,b56ad8a7436fc274fa6da3807d7c8b5c17bdf8736cb35882f27e681912ad08f9
evidence/baseline/SEP_W4A8_BF16__T2p0ns/reports/report_constraints.rpt,779,a26f505db60c721dcb98da206e3e47bc981c22fe13cf1e4c69ba025873363544
evidence/baseline/SEP_W4A8_BF16__T2p0ns/reports/report_qor.rpt,2449,7f4f93f431399a97fcf1985c6493ecd2dda6c7f0437066fb598db53d77156946
evidence/baseline/SEP_W4A8_BF16__T2p0ns/reports/report_reference.rpt,21484,ef15b20511af301611d36b792ddd266c948cc2aa14ab138bcd07b1c599f6341a
evidence/baseline/SEP_W4A8_BF16__T2p0ns/reports/report_resources.rpt,16166,bbe5e87522d27257361e9be31ce71c6b52c17cb8f6dbe4886b6e08ede5e72436
evidence/baseline/SEP_W4A8_BF16__T2p0ns/reports/report_timing.rpt,290111,f325fb0cab6a593a4b3ada656e807c4d8459c989f764bb91a12bba06a2eceac4
evidence/baseline/SEP_W4A8_BF16__T2p0ns/summary.kv,726,8bcb1dc92eabb2a876eac2ccc415af50f1b53589e1bf13ca6a547cc458e5bc69
evidence/baseline/SEP_W4A8_FP8__T0p9ns/reports/analyze.log,5937,32d94a1c4048552c7c73ad19a7cad3e71453611c569b02789fc0d5cfcb867379
evidence/baseline/SEP_W4A8_FP8__T0p9ns/reports/check_design_post.rpt,304,94bf7675a38cf2f7e109edbc8dc51e1112bf6d2b3427362c2e14197d434eaf38
evidence/baseline/SEP_W4A8_FP8__T0p9ns/reports/datapath_extraction.rpt,81,fc94336cfc33bd4b491043c0e555a003f3efd077ebf13655e80c792f0a53bd28
evidence/baseline/SEP_W4A8_FP8__T0p9ns/reports/report_area.rpt,1871,fb85804b6ab19e6f0cc30d27a16dc091c66e53cff2d872c5f2a69c7e34e95121
evidence/baseline/SEP_W4A8_FP8__T0p9ns/reports/report_constraints.rpt,3099,e1677a06914a1d4bdec76b240b272459e12a1d89452980f1dc63552f41360d6f
evidence/baseline/SEP_W4A8_FP8__T0p9ns/reports/report_qor.rpt,2450,576b8f313b03c7a3d834ef043482a082723b56e6ced1bef44f6efb670d2d73e1
evidence/baseline/SEP_W4A8_FP8__T0p9ns/reports/report_reference.rpt,22688,e7bc4921028cb72d3b1f61063b7c39a37a4271ff2bec25075fe6bdff125759c6
evidence/baseline/SEP_W4A8_FP8__T0p9ns/reports/report_resources.rpt,18496,1fb6b6a0adb3c6fa4a5345b1b91eba2fc66a082d1810d179f4215f83315842a3
evidence/baseline/SEP_W4A8_FP8__T0p9ns/reports/report_timing.rpt,203978,1563461d9627874a50ec8d76803ef8f7fd3bef2b100e91f60e668b0e288461f5
evidence/baseline/SEP_W4A8_FP8__T0p9ns/summary.kv,730,4cf71fbe49f5b68f4a8359a1226e720cc5e0c6f2554eefc60eb706836a8b79a7
evidence/baseline/SEP_W4A8_FP8__T1p0ns/reports/analyze.log,5937,ad29c15a4418db6614ac0fc03f9141f4082c92a0ca6aac8e4571b57ffb7816a9
evidence/baseline/SEP_W4A8_FP8__T1p0ns/reports/check_design_post.rpt,304,94bf7675a38cf2f7e109edbc8dc51e1112bf6d2b3427362c2e14197d434eaf38
evidence/baseline/SEP_W4A8_FP8__T1p0ns/reports/datapath_extraction.rpt,81,fc94336cfc33bd4b491043c0e555a003f3efd077ebf13655e80c792f0a53bd28
evidence/baseline/SEP_W4A8_FP8__T1p0ns/reports/report_area.rpt,1871,9dfb8874de014145919fdbbe3d40b0435bd62c8b14fd873cf1f85db69a1a68c9
evidence/baseline/SEP_W4A8_FP8__T1p0ns/reports/report_constraints.rpt,779,58290f9bdabd5ae12105b0be5c45ecae3b3cd8b021a292ed41988ed521d87fcd
evidence/baseline/SEP_W4A8_FP8__T1p0ns/reports/report_qor.rpt,2449,2f7d853c70e9204b07a8083d111fde51ede2798756caccbdb16cea0433e840a7
evidence/baseline/SEP_W4A8_FP8__T1p0ns/reports/report_reference.rpt,21489,cd9fec05048df44af7ab3d5582e0fe273f48f85029bee02ad20a9de3e9089ff9
evidence/baseline/SEP_W4A8_FP8__T1p0ns/reports/report_resources.rpt,18496,0b3a5182be81f6c70dc8a6548d2cb4019d7035bc97df301473e032fec0179660
evidence/baseline/SEP_W4A8_FP8__T1p0ns/reports/report_timing.rpt,202499,878f22da269d224a58b767fa59071179178bd100b4ead7916890131bba865bc3
evidence/baseline/SEP_W4A8_FP8__T1p0ns/summary.kv,726,cb6e8a0677079b1cb0dec70d6db01644fabe24afda6bf9919252325b22efd3a8
evidence/baseline/SEP_W4A8_FP8__T2p0ns/reports/analyze.log,5937,39467a2ec8fe266b97403c3c03312e7bc94543b5b5c34ecaf8352004fb54e061
evidence/baseline/SEP_W4A8_FP8__T2p0ns/reports/check_design_post.rpt,304,94bf7675a38cf2f7e109edbc8dc51e1112bf6d2b3427362c2e14197d434eaf38
evidence/baseline/SEP_W4A8_FP8__T2p0ns/reports/datapath_extraction.rpt,81,fc94336cfc33bd4b491043c0e555a003f3efd077ebf13655e80c792f0a53bd28
evidence/baseline/SEP_W4A8_FP8__T2p0ns/reports/report_area.rpt,1864,97a05d96d4782e63023f3d5d8c0117a9f5ad7d7ef293cbcb225bcb97fb203a09
evidence/baseline/SEP_W4A8_FP8__T2p0ns/reports/report_constraints.rpt,779,d2fbdf66843cc6ab0aab77f2f8cb8e034fb19327b46063cf24446a65ebad4ca0
evidence/baseline/SEP_W4A8_FP8__T2p0ns/reports/report_qor.rpt,2449,047c45d16270eccc088fe3134fd7915d190d41f40352659b501f0567c5f2f779
evidence/baseline/SEP_W4A8_FP8__T2p0ns/reports/report_reference.rpt,13533,b5c6d1b2cd7e9759c90865e562174d24791bb8968f955803bbfc5a283944052a
evidence/baseline/SEP_W4A8_FP8__T2p0ns/reports/report_resources.rpt,16166,6ceb269821349555f542f53a2fe85c7af34738fbabbf7c33ce228ce31643eeee
evidence/baseline/SEP_W4A8_FP8__T2p0ns/reports/report_timing.rpt,268191,cc184dc69c4e7ab4e2aff6f2b1c3d19246d119c9b3bdd41db869fb56b131bf3c
evidence/baseline/SEP_W4A8_FP8__T2p0ns/summary.kv,726,88cf77610754e5732fe2fded120afb360196b0104d7eaabb114d9549c1df9868
evidence/baseline/SEP_W8A8_BF16__T0p9ns/reports/analyze.log,5942,08a7360b5748e2c8b4b5050f5259508bc5db943f078e5c5d36e9238f7bd3168f
evidence/baseline/SEP_W8A8_BF16__T0p9ns/reports/check_design_post.rpt,304,94bf7675a38cf2f7e109edbc8dc51e1112bf6d2b3427362c2e14197d434eaf38
evidence/baseline/SEP_W8A8_BF16__T0p9ns/reports/datapath_extraction.rpt,81,fc94336cfc33bd4b491043c0e555a003f3efd077ebf13655e80c792f0a53bd28
evidence/baseline/SEP_W8A8_BF16__T0p9ns/reports/report_area.rpt,1871,f58b3c359953806f7e8cf47427d4c1537a49a7ac80548b8273ea916d0b87e109
evidence/baseline/SEP_W8A8_BF16__T0p9ns/reports/report_constraints.rpt,5682,b2c4b06c4b1134d1c79d533835ab89392e8f80207897fb0530b241bc6109e752
evidence/baseline/SEP_W8A8_BF16__T0p9ns/reports/report_qor.rpt,2450,c82eb43569b07270de561fdba45f105a14c30ab9f98cffc640b086868fe16bd2
evidence/baseline/SEP_W8A8_BF16__T0p9ns/reports/report_reference.rpt,26159,6ef1b04f8cbe12047ce8d5d0699088de675d378e86a3d488a0787bcc44cabffc
evidence/baseline/SEP_W8A8_BF16__T0p9ns/reports/report_resources.rpt,18877,548bc6c6fbe9a457f9831a5df728ea5c32198faaa8d6d459aa32199d1dc93520
evidence/baseline/SEP_W8A8_BF16__T0p9ns/reports/report_timing.rpt,246652,6b02bf9e871f74eca4f25ac3ba56b6d6c3bfad4ea2ffea899c10d404f7f12c4a
evidence/baseline/SEP_W8A8_BF16__T0p9ns/summary.kv,729,44833abcffd1f6aaf112dff6825b07097e3bcf5c5e29ccd58e933c1052c7a45b
evidence/baseline/SEP_W8A8_BF16__T1p0ns/reports/analyze.log,5942,710fcab6a3c9d300f2664d168112226cb08903f9701e1d304a9bc425d62d5ab0
evidence/baseline/SEP_W8A8_BF16__T1p0ns/reports/check_design_post.rpt,304,94bf7675a38cf2f7e109edbc8dc51e1112bf6d2b3427362c2e14197d434eaf38
evidence/baseline/SEP_W8A8_BF16__T1p0ns/reports/datapath_extraction.rpt,81,fc94336cfc33bd4b491043c0e555a003f3efd077ebf13655e80c792f0a53bd28
evidence/baseline/SEP_W8A8_BF16__T1p0ns/reports/report_area.rpt,1871,356290749ac0b75c85561b163363cd6d831e32492d5da6254243779b1ffc8fca
evidence/baseline/SEP_W8A8_BF16__T1p0ns/reports/report_constraints.rpt,4912,f739490579a591c0b30e7f2ab6109c0b4094266f9080749fad6b0e9105c5bee1
evidence/baseline/SEP_W8A8_BF16__T1p0ns/reports/report_qor.rpt,2450,633f3e2828743922617f4958a31fe2d7d57622a6ff094e42916afc78cb9a90c6
evidence/baseline/SEP_W8A8_BF16__T1p0ns/reports/report_reference.rpt,24432,4cfa6abcad47d19153b294c0e756fb1c71e82679f437b02e19960c6173a761b2
evidence/baseline/SEP_W8A8_BF16__T1p0ns/reports/report_resources.rpt,18877,db6337168345b2f29a5f762bbb48a6975c94a5f86d1ed0ca31457cf72ad696fa
evidence/baseline/SEP_W8A8_BF16__T1p0ns/reports/report_timing.rpt,229808,44552bd46dfc046d653e96246aaaabb9cef23da7eaba2b628e9e7fb381374a8e
evidence/baseline/SEP_W8A8_BF16__T1p0ns/summary.kv,722,291f169fe475b8392f704736bcade9d43ee4fbaf32c4e23a55fd79126979d262
evidence/baseline/SEP_W8A8_BF16__T2p0ns/reports/analyze.log,5942,24f250009b87d2651125370852c6664365eeffb03f43a89767583e0df87e3397
evidence/baseline/SEP_W8A8_BF16__T2p0ns/reports/check_design_post.rpt,304,94bf7675a38cf2f7e109edbc8dc51e1112bf6d2b3427362c2e14197d434eaf38
evidence/baseline/SEP_W8A8_BF16__T2p0ns/reports/datapath_extraction.rpt,81,fc94336cfc33bd4b491043c0e555a003f3efd077ebf13655e80c792f0a53bd28
evidence/baseline/SEP_W8A8_BF16__T2p0ns/reports/report_area.rpt,1871,b02bd39ae57665f832dcceb7c67fa3222a308d1736c52b9a3352440697610ae1
evidence/baseline/SEP_W8A8_BF16__T2p0ns/reports/report_constraints.rpt,779,bd1312c8766ed2b895df87b7c2f872e9f7efdc4b6d1328e15fac3524129c4239
evidence/baseline/SEP_W8A8_BF16__T2p0ns/reports/report_qor.rpt,2449,17ff48cccc64e6deb5a19544046486044e76a975b733dd404a54c94c577fb855
evidence/baseline/SEP_W8A8_BF16__T2p0ns/reports/report_reference.rpt,21327,8fb5890e895cd7c881955ceba4907fe6351df9887b833c8a416ffaa6e1b3213a
evidence/baseline/SEP_W8A8_BF16__T2p0ns/reports/report_resources.rpt,16166,510a0804d3cc5d15f3566205c79ad7e98f0e37e0436bbf4e4a76d8f64a27eee1
evidence/baseline/SEP_W8A8_BF16__T2p0ns/reports/report_timing.rpt,297240,bd3789661bf4b8692baf6c44c4a4c1d2a528c3001019b3113862c606075504c0
evidence/baseline/SEP_W8A8_BF16__T2p0ns/summary.kv,726,5f312f09e6e674ac1fe12db95c34e51244c846983cf94e35cf62f0c2dd0c5ba4
evidence/baseline/SEP_W8A8_FP8__T0p9ns/reports/analyze.log,5938,554c001a6afed14cd19b0cd6e2cb7e1ef538e1971395ec6b728b185e1ecfaf9c
evidence/baseline/SEP_W8A8_FP8__T0p9ns/reports/check_design_post.rpt,304,94bf7675a38cf2f7e109edbc8dc51e1112bf6d2b3427362c2e14197d434eaf38
evidence/baseline/SEP_W8A8_FP8__T0p9ns/reports/datapath_extraction.rpt,81,fc94336cfc33bd4b491043c0e555a003f3efd077ebf13655e80c792f0a53bd28
evidence/baseline/SEP_W8A8_FP8__T0p9ns/reports/report_area.rpt,1871,e66a82a36643da86155b18c6331134474106a4b77f973fe097b8aa1f4e52f8ba
evidence/baseline/SEP_W8A8_FP8__T0p9ns/reports/report_constraints.rpt,5050,8f4e744bc82d571a50425a1c1bb59513f10acebec1a9f8e8721eae961997452d
evidence/baseline/SEP_W8A8_FP8__T0p9ns/reports/report_qor.rpt,2450,43efc7f19034b2ca2b3130ff77b9885f125f7c7fac56f548bb699ac4127ac331
evidence/baseline/SEP_W8A8_FP8__T0p9ns/reports/report_reference.rpt,23560,922610812658549520ea38c6aa2f663bf7b4bdb65da4c5261727e184cc3f2dd3
evidence/baseline/SEP_W8A8_FP8__T0p9ns/reports/report_resources.rpt,18496,2f15879e605e3912698ccc96422954cb5584093606183fc7529ce3a3be0e414e
evidence/baseline/SEP_W8A8_FP8__T0p9ns/reports/report_timing.rpt,201169,ebc181d72467d1c35f2b535059769c1d5aa8614b8b78a6c10ad38b7449aa6260
evidence/baseline/SEP_W8A8_FP8__T0p9ns/summary.kv,730,a36b7d93a39a08e8a6d360421bd1614eeb0d6473cbdc024aeca8f50435b4487a
evidence/baseline/SEP_W8A8_FP8__T1p0ns/reports/analyze.log,5938,051467558a7db22e2dc28121b41668f04a8bda19b76e61b5a8e3e69c636395e8
evidence/baseline/SEP_W8A8_FP8__T1p0ns/reports/check_design_post.rpt,304,94bf7675a38cf2f7e109edbc8dc51e1112bf6d2b3427362c2e14197d434eaf38
evidence/baseline/SEP_W8A8_FP8__T1p0ns/reports/datapath_extraction.rpt,81,fc94336cfc33bd4b491043c0e555a003f3efd077ebf13655e80c792f0a53bd28
evidence/baseline/SEP_W8A8_FP8__T1p0ns/reports/report_area.rpt,1871,426a180b53bae42c43edda00d6db61cb9dd2c1e539260fc6efac8381b6cf4dd6
evidence/baseline/SEP_W8A8_FP8__T1p0ns/reports/report_constraints.rpt,779,a0fac24c11db67b7fb99b10088cb6e35b65d7a52917ba1d48840ef584f13a8a7
evidence/baseline/SEP_W8A8_FP8__T1p0ns/reports/report_qor.rpt,2449,f143184ddfe655e7c0a1e5df7d3be7c578a9ede36f8ee613d169f630fd63413e
evidence/baseline/SEP_W8A8_FP8__T1p0ns/reports/report_reference.rpt,22359,badcce88ba1a7d9b0a678ffc022b923d6f2bac34739cd6ec01330d8c17c8923d
evidence/baseline/SEP_W8A8_FP8__T1p0ns/reports/report_resources.rpt,18496,405c6ffe683f231d1957a2ebee54da9ba41a06675a52fd9133c32d08a16f7eeb
evidence/baseline/SEP_W8A8_FP8__T1p0ns/reports/report_timing.rpt,205643,bb5c2372c4679c7827210940ab912a25d248cf6d6912df891b8fb003e574c844
evidence/baseline/SEP_W8A8_FP8__T1p0ns/summary.kv,727,8e95d990acfe373ee58f6460e7ddda4fbfd06358909b52e936964a981bed8548
evidence/baseline/SEP_W8A8_FP8__T2p0ns/reports/analyze.log,5938,de764aa46556a312810da862d0c4d6b8769d2e61fadf126dfb219dae358d67c7
evidence/baseline/SEP_W8A8_FP8__T2p0ns/reports/check_design_post.rpt,304,94bf7675a38cf2f7e109edbc8dc51e1112bf6d2b3427362c2e14197d434eaf38
evidence/baseline/SEP_W8A8_FP8__T2p0ns/reports/datapath_extraction.rpt,81,fc94336cfc33bd4b491043c0e555a003f3efd077ebf13655e80c792f0a53bd28
evidence/baseline/SEP_W8A8_FP8__T2p0ns/reports/report_area.rpt,1864,f1a09212616756d7eb197497f6a88cbf5be71badf2fda6b563ba233697695212
evidence/baseline/SEP_W8A8_FP8__T2p0ns/reports/report_constraints.rpt,779,c615761ae7cded2a37364829783c1f53b2eb5dcf3e7f87b40ec0d404e007ac2a
evidence/baseline/SEP_W8A8_FP8__T2p0ns/reports/report_qor.rpt,2449,92a9887c514b3a4ff4aaf9d1dd091647ed4efbafe053e84c3718d3ec031d445a
evidence/baseline/SEP_W8A8_FP8__T2p0ns/reports/report_reference.rpt,12836,e6e555f3d836c0e8bb5b3329820cebfea27d633b010f45a13fa8b525e022fcc4
evidence/baseline/SEP_W8A8_FP8__T2p0ns/reports/report_resources.rpt,16166,467e371ba9a492534168c1cb44addcefba0b3364ed9f5253318bc82c22c60a7d
evidence/baseline/SEP_W8A8_FP8__T2p0ns/reports/report_timing.rpt,263658,50aa77d4aa858a75419008193bd87e6c37c85b874ef2fdf63b395071ea627f83
evidence/baseline/SEP_W8A8_FP8__T2p0ns/summary.kv,724,c8ad96db97a01196942d54c82ed2c3e9984e7242bd25533765da5652da423732
evidence/baseline/SHARED_NATIVE_ALL_DUALACC__T0p9ns/reports/analyze.log,6122,027a913dc92a4d061191e18310ec28356df01dfe82f2758ebe03de9533009b8c
evidence/baseline/SHARED_NATIVE_ALL_DUALACC__T0p9ns/reports/check_design_post.rpt,304,94bf7675a38cf2f7e109edbc8dc51e1112bf6d2b3427362c2e14197d434eaf38
evidence/baseline/SHARED_NATIVE_ALL_DUALACC__T0p9ns/reports/datapath_extraction.rpt,81,fc94336cfc33bd4b491043c0e555a003f3efd077ebf13655e80c792f0a53bd28
evidence/baseline/SHARED_NATIVE_ALL_DUALACC__T0p9ns/reports/report_area.rpt,1871,b4a081d63502829f4540c39cedaba9c05c24700e005502215b880cb2a6b4a430
evidence/baseline/SHARED_NATIVE_ALL_DUALACC__T0p9ns/reports/report_constraints.rpt,7317,9186403d0243ca054f887f0ef2edc82622348e48905971b57cf77968dd82720a
evidence/baseline/SHARED_NATIVE_ALL_DUALACC__T0p9ns/reports/report_qor.rpt,2451,db4abf8f22f4a44ccc36adcf51c6c9d6bb9fc25fa675dd6fbf838e05bff03a18
evidence/baseline/SHARED_NATIVE_ALL_DUALACC__T0p9ns/reports/report_reference.rpt,28925,594a6a83268dc9debe2f0994b189058b8cfc007bf8808ce3145003b3f691efe7
evidence/baseline/SHARED_NATIVE_ALL_DUALACC__T0p9ns/reports/report_resources.rpt,20338,8fd1c5344d1b4deed9ab96bd1d39cee37cea46baa7d053f110cbcc3844c549c3
evidence/baseline/SHARED_NATIVE_ALL_DUALACC__T0p9ns/reports/report_timing.rpt,323293,f14501efc16cd6e32bc6e1d19d8a5493ca75b213584197a5c1f5d037ede188f8
evidence/baseline/SHARED_NATIVE_ALL_DUALACC__T0p9ns/summary.kv,741,4086a2aabb465b3cbe3df5f5e9a51a2c87f3426173bf0e3a92bf0e4cc0142d6a
evidence/baseline/SHARED_NATIVE_ALL_DUALACC__T1p0ns/reports/analyze.log,6122,37a0823fbd6a801c906640cee04133b09eb054ffbb43770afd81f4ef82d81934
evidence/baseline/SHARED_NATIVE_ALL_DUALACC__T1p0ns/reports/check_design_post.rpt,304,94bf7675a38cf2f7e109edbc8dc51e1112bf6d2b3427362c2e14197d434eaf38
evidence/baseline/SHARED_NATIVE_ALL_DUALACC__T1p0ns/reports/datapath_extraction.rpt,81,fc94336cfc33bd4b491043c0e555a003f3efd077ebf13655e80c792f0a53bd28
evidence/baseline/SHARED_NATIVE_ALL_DUALACC__T1p0ns/reports/report_area.rpt,1871,e1c1b554aa48c49d39f2e76c42da75362e79f006729b87acc3e1eb30804a42e7
evidence/baseline/SHARED_NATIVE_ALL_DUALACC__T1p0ns/reports/report_constraints.rpt,6885,7a7716270f04a709f8233c5ecae52e01de8958a38e7099e81a19920d8555785e
evidence/baseline/SHARED_NATIVE_ALL_DUALACC__T1p0ns/reports/report_qor.rpt,2451,979664af2584ad6ccd321213551e147b3bcb5d87b6dd9149ef22fe11552d6cd0
evidence/baseline/SHARED_NATIVE_ALL_DUALACC__T1p0ns/reports/report_reference.rpt,29969,8f48f86eb94a8572adf8d16fd8c3548edaf891e14ebe2c528ce00a5ce47728f5
evidence/baseline/SHARED_NATIVE_ALL_DUALACC__T1p0ns/reports/report_resources.rpt,20338,dad6b440bebe6de198db37487aa9e5d21824dc70f7de2f66016229186b009979
evidence/baseline/SHARED_NATIVE_ALL_DUALACC__T1p0ns/reports/report_timing.rpt,328005,f3f55a067242769977e241737a388deef632c7c861970ad97d1e39e57be3274d
evidence/baseline/SHARED_NATIVE_ALL_DUALACC__T1p0ns/summary.kv,734,ca8f7aea3df01df5289d9f08ca6b7226be5f07a0b18d5a7c12d4aa832bad411b
evidence/baseline/SHARED_NATIVE_ALL_DUALACC__T2p0ns/reports/analyze.log,6122,68b2d53b4c6ace2f43f1d017aba2f260bc2ad486bbe94ba375a71fba9ffebe53
evidence/baseline/SHARED_NATIVE_ALL_DUALACC__T2p0ns/reports/check_design_post.rpt,304,94bf7675a38cf2f7e109edbc8dc51e1112bf6d2b3427362c2e14197d434eaf38
evidence/baseline/SHARED_NATIVE_ALL_DUALACC__T2p0ns/reports/datapath_extraction.rpt,81,fc94336cfc33bd4b491043c0e555a003f3efd077ebf13655e80c792f0a53bd28
evidence/baseline/SHARED_NATIVE_ALL_DUALACC__T2p0ns/reports/report_area.rpt,1871,5acdf09886d596ae751e6988fa3b880ef743edb57fd34b071de0ac9fd4ca44ff
evidence/baseline/SHARED_NATIVE_ALL_DUALACC__T2p0ns/reports/report_constraints.rpt,1140,d1c2ca6387706c94ed34281b4e06dbbbdb1116658fdbac55014d74b81b87ee20
evidence/baseline/SHARED_NATIVE_ALL_DUALACC__T2p0ns/reports/report_qor.rpt,2449,2d2e9a039db67ee8d5aba85f46e3b2657003d19ae24c1eb7d1972df9e4037420
evidence/baseline/SHARED_NATIVE_ALL_DUALACC__T2p0ns/reports/report_reference.rpt,26162,49339aae4484d0fd380564bfcb9ee4b2eb425c9d061be12909e076e844c1c4b6
evidence/baseline/SHARED_NATIVE_ALL_DUALACC__T2p0ns/reports/report_resources.rpt,20338,95af787784a7519230a4fc028798da108745369bcc552b7ba3e9f199b0666f3a
evidence/baseline/SHARED_NATIVE_ALL_DUALACC__T2p0ns/reports/report_timing.rpt,310625,de4dbd11f031dedd944d7c8df126082826331691badc42e701a2554c0194c226
evidence/baseline/SHARED_NATIVE_ALL_DUALACC__T2p0ns/summary.kv,739,298956e68827b7e2fcf8dd6acd4a2613d7574cdd4263cbe82b785d6b3c2b0201
evidence/baseline/SHARED_NATIVE_INT_BF16_DUALACC__T0p9ns/reports/analyze.log,6005,98eaf19f1cbf007a2692c086acd50ca80d8ffaf1cf4f4d2d59a5e4ebd1109271
evidence/baseline/SHARED_NATIVE_INT_BF16_DUALACC__T0p9ns/reports/check_design_post.rpt,304,94bf7675a38cf2f7e109edbc8dc51e1112bf6d2b3427362c2e14197d434eaf38
evidence/baseline/SHARED_NATIVE_INT_BF16_DUALACC__T0p9ns/reports/datapath_extraction.rpt,81,fc94336cfc33bd4b491043c0e555a003f3efd077ebf13655e80c792f0a53bd28
evidence/baseline/SHARED_NATIVE_INT_BF16_DUALACC__T0p9ns/reports/report_area.rpt,1871,e4262a2c0ec4b93ca189345589323b41e067c6d3518876432f884555e406c953
evidence/baseline/SHARED_NATIVE_INT_BF16_DUALACC__T0p9ns/reports/report_constraints.rpt,7317,875f629fce725eb7168c9a0ec6c303ea815aaa65b3ae62a2c26544aafcbae6cc
evidence/baseline/SHARED_NATIVE_INT_BF16_DUALACC__T0p9ns/reports/report_qor.rpt,2451,5f7e0d99b1459aa12fa56ef11244c93eeb8131bfdef109a839d0988eb94313ea
evidence/baseline/SHARED_NATIVE_INT_BF16_DUALACC__T0p9ns/reports/report_reference.rpt,28948,57517723e204cd6bc8f8024c6a50561ddb8818fb812f8a7295b5d2e0b49a6eac
evidence/baseline/SHARED_NATIVE_INT_BF16_DUALACC__T0p9ns/reports/report_resources.rpt,18818,07a81082f849237ae6947b467264a63acee84bbfc139a9d5bfda1602192e1c3f
evidence/baseline/SHARED_NATIVE_INT_BF16_DUALACC__T0p9ns/reports/report_timing.rpt,320236,12a4c2013f7457b2a042239f5bb9e21df601000dca255641b7618504fafb92d0
evidence/baseline/SHARED_NATIVE_INT_BF16_DUALACC__T0p9ns/summary.kv,746,6fe1d7f60d42adfe3d52d94294268e8980a4bc5705e6400581678b035c4f62d8
evidence/baseline/SHARED_NATIVE_INT_BF16_DUALACC__T1p0ns/reports/analyze.log,6005,0adc9457fabb799b73c14a4a59bc6dd58f2f1fd0c3d1edfbd7067e100dae563a
evidence/baseline/SHARED_NATIVE_INT_BF16_DUALACC__T1p0ns/reports/check_design_post.rpt,304,94bf7675a38cf2f7e109edbc8dc51e1112bf6d2b3427362c2e14197d434eaf38
evidence/baseline/SHARED_NATIVE_INT_BF16_DUALACC__T1p0ns/reports/datapath_extraction.rpt,81,fc94336cfc33bd4b491043c0e555a003f3efd077ebf13655e80c792f0a53bd28
evidence/baseline/SHARED_NATIVE_INT_BF16_DUALACC__T1p0ns/reports/report_area.rpt,1871,46a4a48277c85dbf9c459fe267981e550ff3e4561d0e23d2a6419ea95e3d0046
evidence/baseline/SHARED_NATIVE_INT_BF16_DUALACC__T1p0ns/reports/report_constraints.rpt,6993,f5229ac026a4aef09ab13ee6ab08f587ea99120206ba2659e401fdc7c25c1150
evidence/baseline/SHARED_NATIVE_INT_BF16_DUALACC__T1p0ns/reports/report_qor.rpt,2451,a01ee6416235bbb2f0b75f256123e6f3c3164add8e57b2ca385a63829d809275
evidence/baseline/SHARED_NATIVE_INT_BF16_DUALACC__T1p0ns/reports/report_reference.rpt,28235,40932e57b95b038be29e415a1f80f8bea82b73bbc6923334bd6c2a385df0f05f
evidence/baseline/SHARED_NATIVE_INT_BF16_DUALACC__T1p0ns/reports/report_resources.rpt,18818,27b46815efe450200459e8dbc280fe3060d6dea79a351ae32b69a497da1da05b
evidence/baseline/SHARED_NATIVE_INT_BF16_DUALACC__T1p0ns/reports/report_timing.rpt,333103,7102d2676e7dcce67465eade83ed17f7bebab471d3b92c480f57f41bf63dc64c
evidence/baseline/SHARED_NATIVE_INT_BF16_DUALACC__T1p0ns/summary.kv,739,c08e522a07c6033e3437ad2722036db32d867d23589292609480d501e3935762
evidence/baseline/SHARED_NATIVE_INT_BF16_DUALACC__T2p0ns/reports/analyze.log,6005,2a53eb3b87f7d5e855d72670bc09b521ecb12d217c658a3f490345a40d4f34fa
evidence/baseline/SHARED_NATIVE_INT_BF16_DUALACC__T2p0ns/reports/check_design_post.rpt,304,94bf7675a38cf2f7e109edbc8dc51e1112bf6d2b3427362c2e14197d434eaf38
evidence/baseline/SHARED_NATIVE_INT_BF16_DUALACC__T2p0ns/reports/datapath_extraction.rpt,81,fc94336cfc33bd4b491043c0e555a003f3efd077ebf13655e80c792f0a53bd28
evidence/baseline/SHARED_NATIVE_INT_BF16_DUALACC__T2p0ns/reports/report_area.rpt,1871,6b5cbb9b93acd553b137c97dc38673739da0d59372637c5617c7893a2a32d92a
evidence/baseline/SHARED_NATIVE_INT_BF16_DUALACC__T2p0ns/reports/report_constraints.rpt,779,43836046952a66bc420e32e5c557887c3ca2da60bbbc00acfb6db580bd6a18a2
evidence/baseline/SHARED_NATIVE_INT_BF16_DUALACC__T2p0ns/reports/report_qor.rpt,2449,384e13f43033bcd33802abfb5763093248e7141ac379e4d8f70123ebd9b616ed
evidence/baseline/SHARED_NATIVE_INT_BF16_DUALACC__T2p0ns/reports/report_reference.rpt,28249,e46aeaad17bcca86eebbedf7ab3c62d42ef655b833041a1a56cae0a2b32c51ee
evidence/baseline/SHARED_NATIVE_INT_BF16_DUALACC__T2p0ns/reports/report_resources.rpt,18818,f92fd8ddb7053bab3c7e3aadf12b3ad9f451b21ee0d6b661670f6bac9aa8c86f
evidence/baseline/SHARED_NATIVE_INT_BF16_DUALACC__T2p0ns/reports/report_timing.rpt,325045,ff04326d8a41207fad73d648b2fc0ce7c086141dd04b815b7acb570183a6925c
evidence/baseline/SHARED_NATIVE_INT_BF16_DUALACC__T2p0ns/summary.kv,743,4f87403bbd1ac04661c0555c8124c756e4f413944ee5ea644e3f11eabd30c888
evidence/baseline/SHARED_NATIVE_INT_FP8_DUALACC__T0p9ns/reports/analyze.log,8616,b0e9adcc7741508568b4cbae4676d638b54f69f874938863ef362a8199da205e
evidence/baseline/SHARED_NATIVE_INT_FP8_DUALACC__T0p9ns/reports/check_design_post.rpt,2304,f4381ff91a8150fc865816a0e65421e4f8f52c0bbb1d83952524d921081e2425
evidence/baseline/SHARED_NATIVE_INT_FP8_DUALACC__T0p9ns/reports/datapath_extraction.rpt,81,fc94336cfc33bd4b491043c0e555a003f3efd077ebf13655e80c792f0a53bd28
evidence/baseline/SHARED_NATIVE_INT_FP8_DUALACC__T0p9ns/reports/report_area.rpt,1871,f2e9cb70b2ed698166fc6ac6cf64de2ab511bd98ceb92e1e183b0069ce111e79
evidence/baseline/SHARED_NATIVE_INT_FP8_DUALACC__T0p9ns/reports/report_constraints.rpt,7208,6b4c97c5150e950590efb9d6c60a18c5cd6c161a9e5489c5543d8366484956a4
evidence/baseline/SHARED_NATIVE_INT_FP8_DUALACC__T0p9ns/reports/report_qor.rpt,2451,b27f2567cf525501d3aeb1c0c36677124eaa20fdb1b518a780c51fde31040219
evidence/baseline/SHARED_NATIVE_INT_FP8_DUALACC__T0p9ns/reports/report_reference.rpt,28407,587191fe79c4c67f25179352029935f4596c015624059c4c77b5b2905d945d1d
evidence/baseline/SHARED_NATIVE_INT_FP8_DUALACC__T0p9ns/reports/report_resources.rpt,17943,ffe4ce004d2b92757aafcff951e8bb1751a5997eff03a43c2f20a5b3cb68d490
evidence/baseline/SHARED_NATIVE_INT_FP8_DUALACC__T0p9ns/reports/report_timing.rpt,305629,33821ddb00c717caa6e3787de31a32028fd50a175fdbbeaf8b74be9766b2513b
evidence/baseline/SHARED_NATIVE_INT_FP8_DUALACC__T0p9ns/summary.kv,745,9d0e3422f524930b5b2a7c636bd84312b9267bb4ac0bbf43fdab55e96ea8ed45
evidence/baseline/SHARED_NATIVE_INT_FP8_DUALACC__T1p0ns/reports/analyze.log,8616,3ecc91a1a0533a6c30a9d00b31ad9f1d07fd58c2a0949d0b0555dc5cd7024b6e
evidence/baseline/SHARED_NATIVE_INT_FP8_DUALACC__T1p0ns/reports/check_design_post.rpt,2304,d022ebb2f33049353876ab55b2ae5ac0611cf05450c9c26acd66c8f1181a4ff9
evidence/baseline/SHARED_NATIVE_INT_FP8_DUALACC__T1p0ns/reports/datapath_extraction.rpt,81,fc94336cfc33bd4b491043c0e555a003f3efd077ebf13655e80c792f0a53bd28
evidence/baseline/SHARED_NATIVE_INT_FP8_DUALACC__T1p0ns/reports/report_area.rpt,1871,8f675f1219b52115ff0c6d79bbd127e3724a42827c24d7f3b2252964c3e5d3b8
evidence/baseline/SHARED_NATIVE_INT_FP8_DUALACC__T1p0ns/reports/report_constraints.rpt,6884,be302a607b9e225999b10d5c24e6151229e7c3d5488bbaf85586bccfe4d6b046
evidence/baseline/SHARED_NATIVE_INT_FP8_DUALACC__T1p0ns/reports/report_qor.rpt,2451,33107e2d67a43f10aba3e43d04dab5b20a4a31801f7bcad43781f125b26bb70e
evidence/baseline/SHARED_NATIVE_INT_FP8_DUALACC__T1p0ns/reports/report_reference.rpt,28417,24b6a16f1803c35b7b878d5e90e5c1dfb5cba1f0d7644c7ce406d4171d82c682
evidence/baseline/SHARED_NATIVE_INT_FP8_DUALACC__T1p0ns/reports/report_resources.rpt,17943,baa5693ef1bd8adc22be4cef77b07b802d4033b17e9a7eb1ffc4b46e65a2d74f
evidence/baseline/SHARED_NATIVE_INT_FP8_DUALACC__T1p0ns/reports/report_timing.rpt,300045,524d2b93082e617dd87748633f4b03abbd1ca7058caeff5e21a4723b3f9a855f
evidence/baseline/SHARED_NATIVE_INT_FP8_DUALACC__T1p0ns/summary.kv,738,75ab8c8367958a5dfa0d8b5249b511f636f7e7bc80f85fb9b558194a921924a6
evidence/baseline/SHARED_NATIVE_INT_FP8_DUALACC__T2p0ns/reports/analyze.log,8616,8a55a913b07aa65168fe81d14ecdbf5b59953b7d0617cc82dc6b1289663b57e1
evidence/baseline/SHARED_NATIVE_INT_FP8_DUALACC__T2p0ns/reports/check_design_post.rpt,2304,36686ea93293d326c0d5a235245fa0f0fef6d0b0305f6ae48e7bba23cfd155d8
evidence/baseline/SHARED_NATIVE_INT_FP8_DUALACC__T2p0ns/reports/datapath_extraction.rpt,81,fc94336cfc33bd4b491043c0e555a003f3efd077ebf13655e80c792f0a53bd28
evidence/baseline/SHARED_NATIVE_INT_FP8_DUALACC__T2p0ns/reports/report_area.rpt,1871,2d28413ebf09e43d7b00b417521b809357583e5731a17c036ae37e75917dec1d
evidence/baseline/SHARED_NATIVE_INT_FP8_DUALACC__T2p0ns/reports/report_constraints.rpt,1111,b0a331ea521e2d15e3b205d7e2b4da7d2766a2329dcdaeb0e6486665f9d6446b
evidence/baseline/SHARED_NATIVE_INT_FP8_DUALACC__T2p0ns/reports/report_qor.rpt,2449,ac1412c29fcbb78ddceb0a02ea605cd5e8fe3eb13aa1aa2afbd5b307bc73a961
evidence/baseline/SHARED_NATIVE_INT_FP8_DUALACC__T2p0ns/reports/report_reference.rpt,25131,d04cbc6341f4354e89884cf63803b6daffd5b128b86a107a087a73ab7d06708c
evidence/baseline/SHARED_NATIVE_INT_FP8_DUALACC__T2p0ns/reports/report_resources.rpt,17943,ce6bcfbf521b63ba1823323afaa754a71b8434ad0934a21754cc2e840f801c9f
evidence/baseline/SHARED_NATIVE_INT_FP8_DUALACC__T2p0ns/reports/report_timing.rpt,315060,8c4e09483c27b494c36391872fe7e2917e4d3fd98b4f1720a5f52b4fae2b813a
evidence/baseline/SHARED_NATIVE_INT_FP8_DUALACC__T2p0ns/summary.kv,740,8c9de09e36baffd378ef2d5734e825e0b310fc2d22ef7fe23158227999aea640
evidence/pipeline/PIPE2_CONV_I4_BF16__T0p9ns/reports/analyze.log,4172,3c29140ad45f8deffb36771af477beac7ff51337ef47bd3806118d4f69a6a035
evidence/pipeline/PIPE2_CONV_I4_BF16__T0p9ns/reports/check_design_post.rpt,1036,2e61c683eafb77d6d53e39844905e072c7fdd202dd9e20a322465d579ece247f
evidence/pipeline/PIPE2_CONV_I4_BF16__T0p9ns/reports/datapath_extraction.rpt,81,fc94336cfc33bd4b491043c0e555a003f3efd077ebf13655e80c792f0a53bd28
evidence/pipeline/PIPE2_CONV_I4_BF16__T0p9ns/reports/report_area.rpt,1864,a1fb8991e3e33dd5447e308d91f7c5cd596fb328be455d91fd6f649cc568aa27
evidence/pipeline/PIPE2_CONV_I4_BF16__T0p9ns/reports/report_constraints.rpt,1222,77b711769b3e0b6cbec7de96524b9ae31cadc66ccd09e1b0ad24fb3f95c51f89
evidence/pipeline/PIPE2_CONV_I4_BF16__T0p9ns/reports/report_qor.rpt,2449,5485013bdc4fee45c8598a1412fa6728247e21791f60c5c96ab69459c13da137
evidence/pipeline/PIPE2_CONV_I4_BF16__T0p9ns/reports/report_reference.rpt,19592,e5e1eb507eef01c97236042e69e9fb27577ed94b584b0ff6b7d8afbc56b4db37
evidence/pipeline/PIPE2_CONV_I4_BF16__T0p9ns/reports/report_resources.rpt,19116,ecea08d60b8d860330f114b2f0b45a8cf28f168161aa02393cbcda29c7b1d77f
evidence/pipeline/PIPE2_CONV_I4_BF16__T0p9ns/reports/report_timing.rpt,171856,b3b5a665929ceef7684aaae663a659d040bf26db082ea5fb965116665eb32aee
evidence/pipeline/PIPE2_CONV_I4_BF16__T0p9ns/summary.kv,739,675daed3ca3addafbcd1afbff062bb0a0b6930b682e1473e234b5a69be88ce16
evidence/pipeline/PIPE2_CONV_I4_BF16__T1p0ns/reports/analyze.log,4172,ca0e0e6e5f33f3598370140d12be721063b78ceac7c24aa2bddfa00b52746b74
evidence/pipeline/PIPE2_CONV_I4_BF16__T1p0ns/reports/check_design_post.rpt,1036,bf99e3948ea6ffc1fb6db535d53e6ff1a9a989976d18a88f65cb507f0e0807bf
evidence/pipeline/PIPE2_CONV_I4_BF16__T1p0ns/reports/datapath_extraction.rpt,81,fc94336cfc33bd4b491043c0e555a003f3efd077ebf13655e80c792f0a53bd28
evidence/pipeline/PIPE2_CONV_I4_BF16__T1p0ns/reports/report_area.rpt,1864,614bfc9ae1ddad308878ead85b7b35631e468fcba4221e181e3addc9bda140e1
evidence/pipeline/PIPE2_CONV_I4_BF16__T1p0ns/reports/report_constraints.rpt,779,621afac74ffdae15cfc8dba67692f456a6a44ce48730f1b0ea951e23b67521c2
evidence/pipeline/PIPE2_CONV_I4_BF16__T1p0ns/reports/report_qor.rpt,2449,f6bef2c350b2d223d58302aca32b89e6a32aee626ef7fae74319f35494944cb7
evidence/pipeline/PIPE2_CONV_I4_BF16__T1p0ns/reports/report_reference.rpt,17174,7c3c4658d672d950adf20d1d3df316230b3b8babe2af963a68b0d1883017f98d
evidence/pipeline/PIPE2_CONV_I4_BF16__T1p0ns/reports/report_resources.rpt,19116,e93810198132ad1e30109c88fab9f974dcf1383e79d52fc3315184e7501bc3f8
evidence/pipeline/PIPE2_CONV_I4_BF16__T1p0ns/reports/report_timing.rpt,191149,1277024ffb111648e098477022b2cef8bf895d0c8f3a3ba5c7adb4a626c436a5
evidence/pipeline/PIPE2_CONV_I4_BF16__T1p0ns/summary.kv,732,325cc4059091fd71407c8aeb770cf93969905cba4ae60c55ec1b505ac28e375d
evidence/pipeline/PIPE2_CONV_I4_BF16__T2p0ns/reports/analyze.log,4172,3750ecaae6f3b1de74a04f8f7651fcc3621e05e78125971c8cc16d1a6d87bdcc
evidence/pipeline/PIPE2_CONV_I4_BF16__T2p0ns/reports/check_design_post.rpt,1036,a9364b59e893e10bb9429f8d750770b3fd1abec4e176e6b5a5745c39b24cdc27
evidence/pipeline/PIPE2_CONV_I4_BF16__T2p0ns/reports/datapath_extraction.rpt,81,fc94336cfc33bd4b491043c0e555a003f3efd077ebf13655e80c792f0a53bd28
evidence/pipeline/PIPE2_CONV_I4_BF16__T2p0ns/reports/report_area.rpt,1864,fcb8f95c8f26b331ec0fed7df939f411aebf086c3abd96358cfa02392dea70e4
evidence/pipeline/PIPE2_CONV_I4_BF16__T2p0ns/reports/report_constraints.rpt,3433,01243baf5649885012adbe771e61ec67fb5499eefcea0d9b3e6718b6368eda37
evidence/pipeline/PIPE2_CONV_I4_BF16__T2p0ns/reports/report_qor.rpt,2450,f17e9a53c5922fbc8ede0badb625403f91fdfff747c1c454d6b207616c50ce0a
evidence/pipeline/PIPE2_CONV_I4_BF16__T2p0ns/reports/report_reference.rpt,9210,c9a34d57cbb8af02363cb140b63d2ebd1debe3845dd79ef77a3bcd2181845208
evidence/pipeline/PIPE2_CONV_I4_BF16__T2p0ns/reports/report_resources.rpt,16787,c98a965970df167e2c17713443a7935e6aaf4946fee4ec58e34fb6ea71685d74
evidence/pipeline/PIPE2_CONV_I4_BF16__T2p0ns/reports/report_timing.rpt,283241,ed1d7e1adbae51346ed31f2a87ce4c3aa4c0cf199a7eebadacd5d8592027dfbf
evidence/pipeline/PIPE2_CONV_I4_BF16__T2p0ns/summary.kv,731,38ec11186b3668b33531fd01ce770e559c37aa7cf1350266206e27fcb4098146
evidence/pipeline/PIPE2_CONV_I8_BF16__T0p9ns/reports/analyze.log,4172,2900a3153504ad74e225d34176544b7252df06fb5fd28c3a7cbe846d4d007711
evidence/pipeline/PIPE2_CONV_I8_BF16__T0p9ns/reports/check_design_post.rpt,1036,a1fc2529a1764f3efd3071d0aaec5d6544c1ad17f0ba4785837b91a3a53bd098
evidence/pipeline/PIPE2_CONV_I8_BF16__T0p9ns/reports/datapath_extraction.rpt,81,fc94336cfc33bd4b491043c0e555a003f3efd077ebf13655e80c792f0a53bd28
evidence/pipeline/PIPE2_CONV_I8_BF16__T0p9ns/reports/report_area.rpt,1864,5395d1f44ca781faa5c936dd9b4d02c12fb8667884662d267bfc35a32573b48f
evidence/pipeline/PIPE2_CONV_I8_BF16__T0p9ns/reports/report_constraints.rpt,1222,b70d5077a47d0183dafae99a4fe87063cf3c952749366522da0d987725eab249
evidence/pipeline/PIPE2_CONV_I8_BF16__T0p9ns/reports/report_qor.rpt,2449,b198f88e323b079e69742be1679049a5d67d29f4ac1c80634f4ae6276f8f17cd
evidence/pipeline/PIPE2_CONV_I8_BF16__T0p9ns/reports/report_reference.rpt,19931,ea0cd7a068fa5042f78a57e544bbd36dadab3171020ee290df5b55a48e0ae004
evidence/pipeline/PIPE2_CONV_I8_BF16__T0p9ns/reports/report_resources.rpt,18952,fc4057a0d951a78250d4413efac03032265191064b1f69f94d0106aa2f4c0712
evidence/pipeline/PIPE2_CONV_I8_BF16__T0p9ns/reports/report_timing.rpt,184259,c225e7c43db5add6dd806e1486501b13aabb6d4de0931efe1bccacfaabcce39c
evidence/pipeline/PIPE2_CONV_I8_BF16__T0p9ns/summary.kv,739,d72a8dd39e2368667528dfebe3f74f190f04959bafa6b10e56e107143e382615
evidence/pipeline/PIPE2_CONV_I8_BF16__T1p0ns/reports/analyze.log,4172,0d55ada83163d901db3ed3e1c8f381baf1bc74be23a04d02320976fefcffa25c
evidence/pipeline/PIPE2_CONV_I8_BF16__T1p0ns/reports/check_design_post.rpt,1036,caac9abeab9eeb26d05f88a2e135bff032693230368727673a483ee83e63d9fc
evidence/pipeline/PIPE2_CONV_I8_BF16__T1p0ns/reports/datapath_extraction.rpt,81,fc94336cfc33bd4b491043c0e555a003f3efd077ebf13655e80c792f0a53bd28
evidence/pipeline/PIPE2_CONV_I8_BF16__T1p0ns/reports/report_area.rpt,1864,8aefdb64d2800933a1f43fc856d89b751104a3d3e4ed2ce88d89ff4b9812e84c
evidence/pipeline/PIPE2_CONV_I8_BF16__T1p0ns/reports/report_constraints.rpt,779,4b77bb0a2168c106865468f8ac8cad50ba029e2b9d48f9bc1ec1b1731ed14c40
evidence/pipeline/PIPE2_CONV_I8_BF16__T1p0ns/reports/report_qor.rpt,2449,398d00658e02072fe7b4efa9558c500ca2673ba8f5dcc571a26836f8ef7f3a57
evidence/pipeline/PIPE2_CONV_I8_BF16__T1p0ns/reports/report_reference.rpt,16824,25b5b75e31b8c66b58fb05b81ccde3327d60c4b529782a5f16e1555930fe6934
evidence/pipeline/PIPE2_CONV_I8_BF16__T1p0ns/reports/report_resources.rpt,18952,9e43fb4a775eb5e1e0133ecbe8a07831ba36658b6125b2a492ef65c4dbb7ba32
evidence/pipeline/PIPE2_CONV_I8_BF16__T1p0ns/reports/report_timing.rpt,172103,f789d0f82e120b7d9c456b891ba2d06a210a90da30f1486d6249e22b66a4aad4
evidence/pipeline/PIPE2_CONV_I8_BF16__T1p0ns/summary.kv,732,0dd3bec99665b5b92939f993bad0de3fb7d149351ebaed626ffc6f05b4003b23
evidence/pipeline/PIPE2_CONV_I8_BF16__T2p0ns/reports/analyze.log,4172,9b67474dc8e8bc259b663c2fdf4913784046a56cc8b66176ca96656286c67f86
evidence/pipeline/PIPE2_CONV_I8_BF16__T2p0ns/reports/check_design_post.rpt,1036,2e451884a05feda2192e7c16b937f6c532d0f8af080b5b280b4ceeae4193940f
evidence/pipeline/PIPE2_CONV_I8_BF16__T2p0ns/reports/datapath_extraction.rpt,81,fc94336cfc33bd4b491043c0e555a003f3efd077ebf13655e80c792f0a53bd28
evidence/pipeline/PIPE2_CONV_I8_BF16__T2p0ns/reports/report_area.rpt,1864,bd0d48b3a223e4fed4d2c1799dbd16c99cbb22012ae7935c426d53389822ab4c
evidence/pipeline/PIPE2_CONV_I8_BF16__T2p0ns/reports/report_constraints.rpt,3433,402cf2a68cc617fa89413717f49bf6c9343d9392741ce7c82f720ebb2c291b7a
evidence/pipeline/PIPE2_CONV_I8_BF16__T2p0ns/reports/report_qor.rpt,2450,b474326ee09dd7bd93e439f5a50256bddd1be2dc06a366a9b1badfad89669b25
evidence/pipeline/PIPE2_CONV_I8_BF16__T2p0ns/reports/report_reference.rpt,9210,ec3ea83e3b751a7a380ebc53d42960ce90db33ef7952c1530ebe819c11f3349c
evidence/pipeline/PIPE2_CONV_I8_BF16__T2p0ns/reports/report_resources.rpt,16623,bc7c5fdc34a8679d287a2f6b2964c68201793fb443b9bf538e939bfc7cf11912
evidence/pipeline/PIPE2_CONV_I8_BF16__T2p0ns/reports/report_timing.rpt,287081,32d815c8fce030eecc7751b4ecab0db95c4010df061be5fa4423cd188a956bd0
evidence/pipeline/PIPE2_CONV_I8_BF16__T2p0ns/summary.kv,731,c8fe75537fd93a477c92032fac13e1cc7035c73fbbf9c5f0fa34d9c3f4ffb0c3
evidence/pipeline/PIPE_ARRAY4_DUAL_W4A8_FP8__T0p9ns/reports/analyze.log,7452,943c3658dac32200d8aa2cb1f30e0497ea14fd1a072f0c33c4438401c1da7efd
evidence/pipeline/PIPE_ARRAY4_DUAL_W4A8_FP8__T0p9ns/reports/check_design_post.rpt,304,94bf7675a38cf2f7e109edbc8dc51e1112bf6d2b3427362c2e14197d434eaf38
evidence/pipeline/PIPE_ARRAY4_DUAL_W4A8_FP8__T0p9ns/reports/datapath_extraction.rpt,81,fc94336cfc33bd4b491043c0e555a003f3efd077ebf13655e80c792f0a53bd28
evidence/pipeline/PIPE_ARRAY4_DUAL_W4A8_FP8__T0p9ns/reports/report_area.rpt,1871,59072dd5c4fe5272c8cbf701c76aaa885a79901f3c2dd357fdeeb0b964650ab7
evidence/pipeline/PIPE_ARRAY4_DUAL_W4A8_FP8__T0p9ns/reports/report_constraints.rpt,779,ddc27bfe8e02757035199ad965fbcb79adeda3e2b3f7c8a816545fdf60aa37ac
evidence/pipeline/PIPE_ARRAY4_DUAL_W4A8_FP8__T0p9ns/reports/report_qor.rpt,2597,a24a0fa35e6029a5505be9b008ba8a5caaeaad2d201cd47485e623b33d011f87
evidence/pipeline/PIPE_ARRAY4_DUAL_W4A8_FP8__T0p9ns/reports/report_reference.rpt,20975,ecf55e961c02a92650cd2007a7cfd068fddeca0dde4821e383610f14847cffb7
evidence/pipeline/PIPE_ARRAY4_DUAL_W4A8_FP8__T0p9ns/reports/report_resources.rpt,173334,5d51f18423b8d603a4770b0b6e860ede3a2fd6deeac8e788f5489d0f496254b6
evidence/pipeline/PIPE_ARRAY4_DUAL_W4A8_FP8__T0p9ns/reports/report_timing.rpt,167870,b7d16466f11d9f19bc922ce3cf71a8a707de14c941eda4c2c630727d0bf4be80
evidence/pipeline/PIPE_ARRAY4_DUAL_W4A8_FP8__T0p9ns/summary.kv,748,d40c351579408c63cc0939d842c024ceb3c369a5556a2e9cc4928a8b1e3fbb86
evidence/pipeline/PIPE_ARRAY4_DUAL_W4A8_FP8__T1p0ns/reports/analyze.log,7452,392541823222ac66f9264e7015ef5718e20a7b3bfb28f19412fa9452b8327906
evidence/pipeline/PIPE_ARRAY4_DUAL_W4A8_FP8__T1p0ns/reports/check_design_post.rpt,304,94bf7675a38cf2f7e109edbc8dc51e1112bf6d2b3427362c2e14197d434eaf38
evidence/pipeline/PIPE_ARRAY4_DUAL_W4A8_FP8__T1p0ns/reports/datapath_extraction.rpt,81,fc94336cfc33bd4b491043c0e555a003f3efd077ebf13655e80c792f0a53bd28
evidence/pipeline/PIPE_ARRAY4_DUAL_W4A8_FP8__T1p0ns/reports/report_area.rpt,1871,98e58a2cd2829acf554db403cb02a6f43e45b548ad1d414532f93508d6f1a420
evidence/pipeline/PIPE_ARRAY4_DUAL_W4A8_FP8__T1p0ns/reports/report_constraints.rpt,779,d378c90cf8926500fdc4cf287280435db360e99c4ef9d22e7b04b79b9a969383
evidence/pipeline/PIPE_ARRAY4_DUAL_W4A8_FP8__T1p0ns/reports/report_qor.rpt,2597,83f40da7fb73405064ab33416105a262c869ffcb800e457a47db4fec78ff05c6
evidence/pipeline/PIPE_ARRAY4_DUAL_W4A8_FP8__T1p0ns/reports/report_reference.rpt,20105,959aae0169f48b707722748c6c6605c0b2a726b68d376069efcb129879c5b78e
evidence/pipeline/PIPE_ARRAY4_DUAL_W4A8_FP8__T1p0ns/reports/report_resources.rpt,173334,1fe4362d259063e34934e16c9148bacdc8951db5b9c43213b12dce35e5dd9c55
evidence/pipeline/PIPE_ARRAY4_DUAL_W4A8_FP8__T1p0ns/reports/report_timing.rpt,171218,7ac9579dba6072640d1b0ec4e02e276acb36fccd1df7c276e5242f7749737bec
evidence/pipeline/PIPE_ARRAY4_DUAL_W4A8_FP8__T1p0ns/summary.kv,741,81eefdd028a751028733cf65ab426e4850bbb07b51ea38feca010e4b11687afd
evidence/pipeline/PIPE_ARRAY4_DUAL_W4A8_FP8__T2p0ns/reports/analyze.log,7452,23266494ba98ed761fc593e9404f361d94f0112bfd24d1e71b6c2a126f2b0c53
evidence/pipeline/PIPE_ARRAY4_DUAL_W4A8_FP8__T2p0ns/reports/check_design_post.rpt,304,94bf7675a38cf2f7e109edbc8dc51e1112bf6d2b3427362c2e14197d434eaf38
evidence/pipeline/PIPE_ARRAY4_DUAL_W4A8_FP8__T2p0ns/reports/datapath_extraction.rpt,81,fc94336cfc33bd4b491043c0e555a003f3efd077ebf13655e80c792f0a53bd28
evidence/pipeline/PIPE_ARRAY4_DUAL_W4A8_FP8__T2p0ns/reports/report_area.rpt,1871,fa72f691837660f48f79c297d0c72c34eb6efcb995838e8aa6d2f100b7b00b40
evidence/pipeline/PIPE_ARRAY4_DUAL_W4A8_FP8__T2p0ns/reports/report_constraints.rpt,14590,3e537497e4afee9ad7946c043cfb0ae3b597cef1884261b4e414e0fe6e6ee9ef
evidence/pipeline/PIPE_ARRAY4_DUAL_W4A8_FP8__T2p0ns/reports/report_qor.rpt,2599,edee3fe7f43cb404d1b89653430eabf08bede26a1c98dc05bca8eb4e1e7f34da
evidence/pipeline/PIPE_ARRAY4_DUAL_W4A8_FP8__T2p0ns/reports/report_reference.rpt,10078,1f55e332ac06c3892a998537dddccef5f2420c1a4e10dd58723163d18644b847
evidence/pipeline/PIPE_ARRAY4_DUAL_W4A8_FP8__T2p0ns/reports/report_resources.rpt,173334,4da1d56da0647728751e8e901b90e7bb51c3062e112f943764fb3e5e4749ba8f
evidence/pipeline/PIPE_ARRAY4_DUAL_W4A8_FP8__T2p0ns/reports/report_timing.rpt,213734,798db332adfb72d2dc52b10f54ecb3f835d648405ee71da030525eb008467c70
evidence/pipeline/PIPE_ARRAY4_DUAL_W4A8_FP8__T2p0ns/summary.kv,740,8a59fa2a1abf65fde09788440e7913ced2de78c2fea8a8f4163862749edb15b2
evidence/pipeline/PIPE_ARRAY4_SEP_W4A8_FP8__T0p9ns/reports/analyze.log,7449,0250554b9d3dddb7689743010cc6e684c9f83c2bf683af164506db3fae469fc5
evidence/pipeline/PIPE_ARRAY4_SEP_W4A8_FP8__T0p9ns/reports/check_design_post.rpt,304,94bf7675a38cf2f7e109edbc8dc51e1112bf6d2b3427362c2e14197d434eaf38
evidence/pipeline/PIPE_ARRAY4_SEP_W4A8_FP8__T0p9ns/reports/datapath_extraction.rpt,81,fc94336cfc33bd4b491043c0e555a003f3efd077ebf13655e80c792f0a53bd28
evidence/pipeline/PIPE_ARRAY4_SEP_W4A8_FP8__T0p9ns/reports/report_area.rpt,1871,b9243099ae04cb27d876bdb7aaf9b995dc04728820f2db6f590c16d989fc4929
evidence/pipeline/PIPE_ARRAY4_SEP_W4A8_FP8__T0p9ns/reports/report_constraints.rpt,779,2087be19250a4328712d4f8d9ef102559e5417b01c10e10f1fa95089bf421789
evidence/pipeline/PIPE_ARRAY4_SEP_W4A8_FP8__T0p9ns/reports/report_qor.rpt,2597,1b9e3f7ad0654198adeb1ebadf4717b492dd33b94ea6ed0edee800502059c84c
evidence/pipeline/PIPE_ARRAY4_SEP_W4A8_FP8__T0p9ns/reports/report_reference.rpt,21322,8fdc7067d7ac0fcf18240640f5c2b8a6d2b435994a0145e2f63e2350da44ca91
evidence/pipeline/PIPE_ARRAY4_SEP_W4A8_FP8__T0p9ns/reports/report_resources.rpt,173334,0be1586ec80741e91cbca1c95868a1fcf94b7717de25955c95d838e27b970087
evidence/pipeline/PIPE_ARRAY4_SEP_W4A8_FP8__T0p9ns/reports/report_timing.rpt,174590,a58e6263b6e3c5f6f4be095ed96995a6e86dafc316e0d8cf5d07a866e9e9cb40
evidence/pipeline/PIPE_ARRAY4_SEP_W4A8_FP8__T0p9ns/summary.kv,748,0e37559f24e656789952399ba0e87c439ce4d857b27b8a1268a9c354c521bd74
evidence/pipeline/PIPE_ARRAY4_SEP_W4A8_FP8__T1p0ns/reports/analyze.log,7449,1f95958c6645f26828ac8f516fc74fcb4b39419a230bf8cd048b7644faa94ea3
evidence/pipeline/PIPE_ARRAY4_SEP_W4A8_FP8__T1p0ns/reports/check_design_post.rpt,304,94bf7675a38cf2f7e109edbc8dc51e1112bf6d2b3427362c2e14197d434eaf38
evidence/pipeline/PIPE_ARRAY4_SEP_W4A8_FP8__T1p0ns/reports/datapath_extraction.rpt,81,fc94336cfc33bd4b491043c0e555a003f3efd077ebf13655e80c792f0a53bd28
evidence/pipeline/PIPE_ARRAY4_SEP_W4A8_FP8__T1p0ns/reports/report_area.rpt,1871,180a53afcecf17053edb8f9294e565943c025edc6ebd174537a420e7943f7be1
evidence/pipeline/PIPE_ARRAY4_SEP_W4A8_FP8__T1p0ns/reports/report_constraints.rpt,779,9fe12f3a1973b146a8b1ed7b4cae6daf1a36f17bc629472275a41796081277a9
evidence/pipeline/PIPE_ARRAY4_SEP_W4A8_FP8__T1p0ns/reports/report_qor.rpt,2597,c0e4b0ef389ffd8bb46477fbf30e8eb3164de20e18f2875e52e63c59d0d4682f
evidence/pipeline/PIPE_ARRAY4_SEP_W4A8_FP8__T1p0ns/reports/report_reference.rpt,20279,675689c63d5e0e5e5193511b5a629f7d14a2e863c7f5c303765ab94a08b5cf61
evidence/pipeline/PIPE_ARRAY4_SEP_W4A8_FP8__T1p0ns/reports/report_resources.rpt,173334,72fbf830752b8bcc63d670df2801f41991620b5204a383ac6cb28fa7eecbfe58
evidence/pipeline/PIPE_ARRAY4_SEP_W4A8_FP8__T1p0ns/reports/report_timing.rpt,176493,866bd0585b3fd562d6f8d2fb1f3f425a57471052181dccffbb4bc1432d199be0
evidence/pipeline/PIPE_ARRAY4_SEP_W4A8_FP8__T1p0ns/summary.kv,741,f62826e78597ee8850f7349d66b7569eb1b16a2fc0c1a54756b14f34ef167c0d
evidence/pipeline/PIPE_ARRAY4_SEP_W4A8_FP8__T2p0ns/reports/analyze.log,7449,9de32fac351695ed3d0013694da06ed902ae4a0b0d9b6c0976d9f70d25e55cd6
evidence/pipeline/PIPE_ARRAY4_SEP_W4A8_FP8__T2p0ns/reports/check_design_post.rpt,304,94bf7675a38cf2f7e109edbc8dc51e1112bf6d2b3427362c2e14197d434eaf38
evidence/pipeline/PIPE_ARRAY4_SEP_W4A8_FP8__T2p0ns/reports/datapath_extraction.rpt,81,fc94336cfc33bd4b491043c0e555a003f3efd077ebf13655e80c792f0a53bd28
evidence/pipeline/PIPE_ARRAY4_SEP_W4A8_FP8__T2p0ns/reports/report_area.rpt,1871,6ac7ec323cdf1e1a8805b135cfed66e2930529e5a087df6a9f315f546166cd52
evidence/pipeline/PIPE_ARRAY4_SEP_W4A8_FP8__T2p0ns/reports/report_constraints.rpt,14590,7685987dec7a63a96cdcad505f57a0ebc88218840d0b3750b7221e1ee2b7c1b1
evidence/pipeline/PIPE_ARRAY4_SEP_W4A8_FP8__T2p0ns/reports/report_qor.rpt,2599,a56cd7b14aa939bb58c0b76886229d237e5f3011df5b016588267d2169de34c1
evidence/pipeline/PIPE_ARRAY4_SEP_W4A8_FP8__T2p0ns/reports/report_reference.rpt,10424,1f1da76c7bf6d05d1ea59ef5b011f48ec39309491746756c971d92d30f0366cc
evidence/pipeline/PIPE_ARRAY4_SEP_W4A8_FP8__T2p0ns/reports/report_resources.rpt,173334,30a03f8c2fb59f1fae5564a302576b637bff27e3929c87a4a7cd0bc379a1fdc3
evidence/pipeline/PIPE_ARRAY4_SEP_W4A8_FP8__T2p0ns/reports/report_timing.rpt,212615,769469c5db4103481201461e311154c9ff6702d861973d4c00ea2e726f4e36ef
evidence/pipeline/PIPE_ARRAY4_SEP_W4A8_FP8__T2p0ns/summary.kv,738,e338ac637d4a66506c27d9afae5dfcd49b70d80f63657f89675edef14199710a
evidence/pipeline/PIPE_CONV_I4_BF16__T0p9ns/reports/analyze.log,3740,5a5d775880b10e071fae145b5dfc1593d0dc2d4f309f942c21af608adf95c44e
evidence/pipeline/PIPE_CONV_I4_BF16__T0p9ns/reports/check_design_post.rpt,1036,f339f0548270d709ac3f7be4e2aff2b80bb53f97d4b931d7bc62c34c5e82f704
evidence/pipeline/PIPE_CONV_I4_BF16__T0p9ns/reports/datapath_extraction.rpt,81,fc94336cfc33bd4b491043c0e555a003f3efd077ebf13655e80c792f0a53bd28
evidence/pipeline/PIPE_CONV_I4_BF16__T0p9ns/reports/report_area.rpt,1871,78e4698fd8409bb790fac849b8d6888056561cd6c19800c2fbf738f87775ab5c
evidence/pipeline/PIPE_CONV_I4_BF16__T0p9ns/reports/report_constraints.rpt,2662,36786f309b73c17de162816f04f8adb37b83e79cf2b2f4a95bee63b69b13d190
evidence/pipeline/PIPE_CONV_I4_BF16__T0p9ns/reports/report_qor.rpt,2450,ebc00ac261e15cc3d7aba17d3c002149c62b835bc709a71c6d296476dbf096ae
evidence/pipeline/PIPE_CONV_I4_BF16__T0p9ns/reports/report_reference.rpt,24946,588b75aaed7a57949b2c584a5d22c07a2a5d2915ee65274b830aa5f72d2c41ce
evidence/pipeline/PIPE_CONV_I4_BF16__T0p9ns/reports/report_resources.rpt,21484,e537d8defaeac9eabf8da5061577aec9f33b95a40cb3771f765e856cb27d6ddd
evidence/pipeline/PIPE_CONV_I4_BF16__T0p9ns/reports/report_timing.rpt,216539,78907e05c73d5ff01ce2df833ba38bf6e2179f1d5cba5c70412b4b40cdbac34b
evidence/pipeline/PIPE_CONV_I4_BF16__T0p9ns/summary.kv,733,e2d68c5fb3f111d866b64fc561adbb651305330ddbe1a9aa60c3026475f14262
evidence/pipeline/PIPE_CONV_I4_BF16__T1p0ns/reports/analyze.log,3740,1e464730988868580b71858606ae4410ed1862d06e25857761b6372b1cc92f2d
evidence/pipeline/PIPE_CONV_I4_BF16__T1p0ns/reports/check_design_post.rpt,1036,afe0b5dad14daab01f9005933c896f64bed9c2184534984e0d7fba405445f16e
evidence/pipeline/PIPE_CONV_I4_BF16__T1p0ns/reports/datapath_extraction.rpt,81,fc94336cfc33bd4b491043c0e555a003f3efd077ebf13655e80c792f0a53bd28
evidence/pipeline/PIPE_CONV_I4_BF16__T1p0ns/reports/report_area.rpt,1871,21018f68818215a56b8c7106b47e42f0fd2b4c47741b34dfef0d33e7a2bf0fa8
evidence/pipeline/PIPE_CONV_I4_BF16__T1p0ns/reports/report_constraints.rpt,2662,fa85c23ce39d768f72a29a72e18fe5a37e66278bedc5caee98468c6dbcfd79fc
evidence/pipeline/PIPE_CONV_I4_BF16__T1p0ns/reports/report_qor.rpt,2450,b224f7c72bc3bf15e023a1d1ea86b21d64e5966b8fcdfaf53a72aacc8ae6fb89
evidence/pipeline/PIPE_CONV_I4_BF16__T1p0ns/reports/report_reference.rpt,24953,7c969d387d4d1f6119ba7af7abf69ae688f7becd472f30600853bd3fca6eb150
evidence/pipeline/PIPE_CONV_I4_BF16__T1p0ns/reports/report_resources.rpt,21484,5f7f1ec20d60d7391547a8cefb65cfc5b1888778deba1a9f45f7a2846bbf1632
evidence/pipeline/PIPE_CONV_I4_BF16__T1p0ns/reports/report_timing.rpt,236405,91e962ab4a1266f75f8ed477327d72ca28c661b17289ec86ad9f46c716d36587
evidence/pipeline/PIPE_CONV_I4_BF16__T1p0ns/summary.kv,726,cacb7dc18a75661d53785676daa0a476ac740226c50e022ced2ae9bc85ab8561
evidence/pipeline/PIPE_CONV_I4_BF16__T2p0ns/reports/analyze.log,3740,84954400d9091a1f8a89c0471ba7c5bd714d249affc80559dad83d8e3ec35262
evidence/pipeline/PIPE_CONV_I4_BF16__T2p0ns/reports/check_design_post.rpt,1036,4cdedc9280a6351a8575e636de2c9202e0d54423db050dc41f829838366a49b1
evidence/pipeline/PIPE_CONV_I4_BF16__T2p0ns/reports/datapath_extraction.rpt,81,fc94336cfc33bd4b491043c0e555a003f3efd077ebf13655e80c792f0a53bd28
evidence/pipeline/PIPE_CONV_I4_BF16__T2p0ns/reports/report_area.rpt,1864,9f436ee68e68e6c234c6fb6adbd99a0debb51354d913faede670b8c943fcafff
evidence/pipeline/PIPE_CONV_I4_BF16__T2p0ns/reports/report_constraints.rpt,1879,5d3f1f7f96aabdbfe1cfe183d7badf5c213fc528bee13f11031f41da25d192be
evidence/pipeline/PIPE_CONV_I4_BF16__T2p0ns/reports/report_qor.rpt,2450,1bec7b0cd899737536ac6b4929225f599e1e8c38e2811e4530ea36bc17a664fc
evidence/pipeline/PIPE_CONV_I4_BF16__T2p0ns/reports/report_reference.rpt,9032,375af865679dc4914bb9e6edc7a82c9ebbc5eab8c0a47cf2c3ffe8cfe30c6340
evidence/pipeline/PIPE_CONV_I4_BF16__T2p0ns/reports/report_resources.rpt,19508,3197f4d62054d4cf3c0c2fa79f790e22732866b37a4551b2a26fce0b69eda3df
evidence/pipeline/PIPE_CONV_I4_BF16__T2p0ns/reports/report_timing.rpt,264001,a6e982f93d4463d568f734f5623e5f31ea1843ccb589e6164b1905701c6f9292
evidence/pipeline/PIPE_CONV_I4_BF16__T2p0ns/summary.kv,728,c8105065405bcf66c53f79eaa84949ddc6595a92d300b7d247590d26445c7ad6
evidence/pipeline/PIPE_CONV_I4_FP8__T0p9ns/reports/analyze.log,6666,b1fdc36b7b56fb65d2fcd52ed2cc963c3d700abb57dd1666f32647e1ac736f95
evidence/pipeline/PIPE_CONV_I4_FP8__T0p9ns/reports/check_design_post.rpt,2488,186d50c57050d7c2d0b214c0b5dceb34d3d9cee444cfbf4622a242fe7a79e608
evidence/pipeline/PIPE_CONV_I4_FP8__T0p9ns/reports/datapath_extraction.rpt,81,fc94336cfc33bd4b491043c0e555a003f3efd077ebf13655e80c792f0a53bd28
evidence/pipeline/PIPE_CONV_I4_FP8__T0p9ns/reports/report_area.rpt,1864,d63dddb156b22595261b6f73417aa3ae08793786256cdc346cb810a0d49f9ecf
evidence/pipeline/PIPE_CONV_I4_FP8__T0p9ns/reports/report_constraints.rpt,2030,89aceab45ef6cd37ba5a833f23929c0dd40ccfcd20d24a887e337cd8bf68d847
evidence/pipeline/PIPE_CONV_I4_FP8__T0p9ns/reports/report_qor.rpt,2450,05819534d880dc65a391c9280d181f52c510b1c4da36bb9120234d1273abc4a7
evidence/pipeline/PIPE_CONV_I4_FP8__T0p9ns/reports/report_reference.rpt,23749,6a2966ff29f96ebb03f1c89161e46a4bacf3bb9df36a6401a7082deaf3a9bab6
evidence/pipeline/PIPE_CONV_I4_FP8__T0p9ns/reports/report_resources.rpt,21114,13459b6cb3dda663a2b37d01a8cbf51b276a6a46548ba532a8fdc4f880a38d98
evidence/pipeline/PIPE_CONV_I4_FP8__T0p9ns/reports/report_timing.rpt,214445,daf1218faa9de4cef278decbc6254a6f9661080f524adcb53e503436a9d475de
evidence/pipeline/PIPE_CONV_I4_FP8__T0p9ns/summary.kv,734,ace162bc384cbceca7834f15502c18e26a2e3955abc6aee7b6bed564d27063ea
evidence/pipeline/PIPE_CONV_I4_FP8__T1p0ns/reports/analyze.log,6666,af332d7e31261acf5ff80dedbb768a6b2dc9b63749216f2de9d7fd6168bf3a8e
evidence/pipeline/PIPE_CONV_I4_FP8__T1p0ns/reports/check_design_post.rpt,2488,488d1d30ed9a3e5ef88114eff31d0a911523c67496538a80216e6f411bf6fac8
evidence/pipeline/PIPE_CONV_I4_FP8__T1p0ns/reports/datapath_extraction.rpt,81,fc94336cfc33bd4b491043c0e555a003f3efd077ebf13655e80c792f0a53bd28
evidence/pipeline/PIPE_CONV_I4_FP8__T1p0ns/reports/report_area.rpt,1864,ed446ecffd8ec9aacfce18d5d347ee19c1b919a509323ce78cff871295521b61
evidence/pipeline/PIPE_CONV_I4_FP8__T1p0ns/reports/report_constraints.rpt,779,e64e636b480a7e5adfda6f38112639ade31fea5c774082800289167ff2ab7c31
evidence/pipeline/PIPE_CONV_I4_FP8__T1p0ns/reports/report_qor.rpt,2449,972ad22bfe9b5c74fa167d96cc7f0a620c0e51ef0a90eabae8502e510cbe4cf8
evidence/pipeline/PIPE_CONV_I4_FP8__T1p0ns/reports/report_reference.rpt,20632,113cb4f4487dece9407abd1cb02fc6eeb46a8c7e1febd37e0796821bac5fa22e
evidence/pipeline/PIPE_CONV_I4_FP8__T1p0ns/reports/report_resources.rpt,21114,b588906a752c03d9c553c582cbee99ee1ae3c99be532c9a8ebbaa1251f35ffcf
evidence/pipeline/PIPE_CONV_I4_FP8__T1p0ns/reports/report_timing.rpt,213341,740b4c1611c3bb6ed4b79488084bf1f2fe93e90db991300d2710f557dee233ae
evidence/pipeline/PIPE_CONV_I4_FP8__T1p0ns/summary.kv,731,feabd036ec8a02d5363414c880deb7d288354dff413df4c358088ce1e63b20c7
evidence/pipeline/PIPE_CONV_I4_FP8__T2p0ns/reports/analyze.log,6666,6c6ef59d378c3dfc21773bb219b9a2f101185f560d7a16f897e534629ed2e3bb
evidence/pipeline/PIPE_CONV_I4_FP8__T2p0ns/reports/check_design_post.rpt,2488,f78d12ecbcd9fff7b2cf0e4704460a36698a5336623180b1b1e12333748ae142
evidence/pipeline/PIPE_CONV_I4_FP8__T2p0ns/reports/datapath_extraction.rpt,81,fc94336cfc33bd4b491043c0e555a003f3efd077ebf13655e80c792f0a53bd28
evidence/pipeline/PIPE_CONV_I4_FP8__T2p0ns/reports/report_area.rpt,1864,e543480298582f457d4eed1f8142f1367850d7aef985130b102fbc0d17824068
evidence/pipeline/PIPE_CONV_I4_FP8__T2p0ns/reports/report_constraints.rpt,1160,a115131a905345b6b6704f4443ded12d1524fc3118ba13ab2c880f2c9d8e23a4
evidence/pipeline/PIPE_CONV_I4_FP8__T2p0ns/reports/report_qor.rpt,2449,a956f0c0471132bb2a6e721d518d24ab759624183cf1b1dfe268f916a4c002b2
evidence/pipeline/PIPE_CONV_I4_FP8__T2p0ns/reports/report_reference.rpt,8173,f19e421f0a113ecd908c2c1044a9b60a7e5608a3173d2b4382144e8c936499c4
evidence/pipeline/PIPE_CONV_I4_FP8__T2p0ns/reports/report_resources.rpt,18785,d5336d250adf4535aeb713cd352bc9f658e185f0da569ca92e030dddae3535d6
evidence/pipeline/PIPE_CONV_I4_FP8__T2p0ns/reports/report_timing.rpt,290861,e09e19e1bba4bb908affe1fe7cc6d29fa40725c392a0ad9e490fa57a4b8bad36
evidence/pipeline/PIPE_CONV_I4_FP8__T2p0ns/summary.kv,728,bec4132712269ad69487618d8625869806d9070e950540246c1ecf3b89f1ade1
evidence/pipeline/PIPE_MIXREF_BF16__T0p9ns/reports/analyze.log,3566,714332267e2703439fb1d755aa191d8bef7bb50b81aa06534806db103934a451
evidence/pipeline/PIPE_MIXREF_BF16__T0p9ns/reports/check_design_post.rpt,304,94bf7675a38cf2f7e109edbc8dc51e1112bf6d2b3427362c2e14197d434eaf38
evidence/pipeline/PIPE_MIXREF_BF16__T0p9ns/reports/datapath_extraction.rpt,81,fc94336cfc33bd4b491043c0e555a003f3efd077ebf13655e80c792f0a53bd28
evidence/pipeline/PIPE_MIXREF_BF16__T0p9ns/reports/report_area.rpt,1864,9875b953a13aa1ba1425423aaa7669804af2fa2b5515bedcb3e7b25d1652ae1d
evidence/pipeline/PIPE_MIXREF_BF16__T0p9ns/reports/report_constraints.rpt,779,8a9c6cb65a2b5555ef94d6f46178ffd8ca0a33adff5c5123c32c7bd934f7c71d
evidence/pipeline/PIPE_MIXREF_BF16__T0p9ns/reports/report_qor.rpt,2449,332bb49ca4e5182390ff1d2d9d8466587300b32c8ca603f680fd8bd5f21e942d
evidence/pipeline/PIPE_MIXREF_BF16__T0p9ns/reports/report_reference.rpt,19942,babfa0c6a0fba7ae60ee37980f26a7beb8905281ea0dcb36b2dbdc1396ee8d5b
evidence/pipeline/PIPE_MIXREF_BF16__T0p9ns/reports/report_resources.rpt,13389,707ac692394e10e5d043524c1c3ee814640a22382e3d6431ff168c2a3cb2256b
evidence/pipeline/PIPE_MIXREF_BF16__T0p9ns/reports/report_timing.rpt,150626,0f465d9dfb8089b824d61bead6ec4249573e4f01b56cce2b03eb8cf7a880a08b
evidence/pipeline/PIPE_MIXREF_BF16__T0p9ns/summary.kv,737,6ee9258cc507955236c1e9727af93c3087fae4c612e54e84c2d6b77c99191840
evidence/pipeline/PIPE_MIXREF_BF16__T1p0ns/reports/analyze.log,3566,18fbd27a85330b514e771da3cf51ca324584a555bd8a47456a6451b6c3b0e06c
evidence/pipeline/PIPE_MIXREF_BF16__T1p0ns/reports/check_design_post.rpt,304,94bf7675a38cf2f7e109edbc8dc51e1112bf6d2b3427362c2e14197d434eaf38
evidence/pipeline/PIPE_MIXREF_BF16__T1p0ns/reports/datapath_extraction.rpt,81,fc94336cfc33bd4b491043c0e555a003f3efd077ebf13655e80c792f0a53bd28
evidence/pipeline/PIPE_MIXREF_BF16__T1p0ns/reports/report_area.rpt,1864,1f7dc45f344516f8c9e6efba85858606646ccebb4f522b5185e5fa46738b8e80
evidence/pipeline/PIPE_MIXREF_BF16__T1p0ns/reports/report_constraints.rpt,779,a20e0af7eb3de4c39ab4a2094ee256ecc7ef4f42f25cc15288863d1f1c2fffa2
evidence/pipeline/PIPE_MIXREF_BF16__T1p0ns/reports/report_qor.rpt,2449,acbbb9c4813e7ebea76a60540ae2a1ab86bfa8b66a6a2ac3480b06ac90051a79
evidence/pipeline/PIPE_MIXREF_BF16__T1p0ns/reports/report_reference.rpt,17512,b18bee8f6b81c007b6da5c690fb97f6df570f6de1ca8925f946177b49da77acb
evidence/pipeline/PIPE_MIXREF_BF16__T1p0ns/reports/report_resources.rpt,13389,d8a858da78cf3067cb73db131771335e1499a6f9bd4f45c0484e53584f5f79fb
evidence/pipeline/PIPE_MIXREF_BF16__T1p0ns/reports/report_timing.rpt,185046,ce448dc2a88fd3d8dbb2c1ccbb464eea107382791094405bd4ba241977870ace
evidence/pipeline/PIPE_MIXREF_BF16__T1p0ns/summary.kv,730,dfac9814893595a50844f5ee7bfe28d813dc2aba9d8abe1886f13405f0442334
evidence/pipeline/PIPE_MIXREF_BF16__T2p0ns/reports/analyze.log,3566,eab5527d67af615b0f10c3dacfd4b54fcfc4976337aab6d03867f14ff8efe86f
evidence/pipeline/PIPE_MIXREF_BF16__T2p0ns/reports/check_design_post.rpt,304,94bf7675a38cf2f7e109edbc8dc51e1112bf6d2b3427362c2e14197d434eaf38
evidence/pipeline/PIPE_MIXREF_BF16__T2p0ns/reports/datapath_extraction.rpt,81,fc94336cfc33bd4b491043c0e555a003f3efd077ebf13655e80c792f0a53bd28
evidence/pipeline/PIPE_MIXREF_BF16__T2p0ns/reports/report_area.rpt,1864,2eae391ebe3b66f58123e020dc9df895c867f15801f7f2737c050e365ef1542d
evidence/pipeline/PIPE_MIXREF_BF16__T2p0ns/reports/report_constraints.rpt,1634,67958366e118551d2286f769956819dc4672012203ab4bd10fab09bb2eb0f9cd
evidence/pipeline/PIPE_MIXREF_BF16__T2p0ns/reports/report_qor.rpt,2449,c4d4783b00af3b7839352020bb1cd0eeae1754d62e0766cf4e3d76912eb0bcb5
evidence/pipeline/PIPE_MIXREF_BF16__T2p0ns/reports/report_reference.rpt,9042,bb57b1573721e25ea5ee370f26d2e08b0acc25967a8733b64cd0ed1554047e2a
evidence/pipeline/PIPE_MIXREF_BF16__T2p0ns/reports/report_resources.rpt,11060,4ffdab8d0511688c866f1886540149b88c5944b470e9de726dd986512c9f4b87
evidence/pipeline/PIPE_MIXREF_BF16__T2p0ns/reports/report_timing.rpt,287021,cb960a2f9420827d6f43e06fa92151c77588efdcf089cb6759bae3643f9aea20
evidence/pipeline/PIPE_MIXREF_BF16__T2p0ns/summary.kv,728,855ee8f9ceb72ada281a4b56877c2db42ee459148207523d64f5db3ec0b23b71
evidence/pipeline/PIPE_MIXREF_FP8__T0p9ns/reports/analyze.log,3564,3d6a3ea9f862a49ba29bf1fcf6cab7aed1a3a80da690f05c55438b555207a6f4
evidence/pipeline/PIPE_MIXREF_FP8__T0p9ns/reports/check_design_post.rpt,304,94bf7675a38cf2f7e109edbc8dc51e1112bf6d2b3427362c2e14197d434eaf38
evidence/pipeline/PIPE_MIXREF_FP8__T0p9ns/reports/datapath_extraction.rpt,81,fc94336cfc33bd4b491043c0e555a003f3efd077ebf13655e80c792f0a53bd28
evidence/pipeline/PIPE_MIXREF_FP8__T0p9ns/reports/report_area.rpt,1864,28e9b744a5f4a4c6eb62ffcaad21f49e98ceaf39c7645cdfa419d6fcf96fa371
evidence/pipeline/PIPE_MIXREF_FP8__T0p9ns/reports/report_constraints.rpt,779,bc6702a459fedc4dd5a21e413cc612aaaddc8ba0492dbf4da00eddf0d58ab4be
evidence/pipeline/PIPE_MIXREF_FP8__T0p9ns/reports/report_qor.rpt,2449,5eded1a4e0d41c28309268080ffeb79f0be2ddee5630b59713186b3067ec5055
evidence/pipeline/PIPE_MIXREF_FP8__T0p9ns/reports/report_reference.rpt,12149,12b402362f6edc05e86d8aa202385c57f4d51965dcffdfad248f116d4214a8dd
evidence/pipeline/PIPE_MIXREF_FP8__T0p9ns/reports/report_resources.rpt,9848,4ae2efc9b2230b970e32d969ab7c7d7f8fd0aa3e9880b1674db2b024d082419c
evidence/pipeline/PIPE_MIXREF_FP8__T0p9ns/reports/report_timing.rpt,161503,0cd14146ad350845d5585624b3bb9001b81d214b9e6cb429617dad789cd622a2
evidence/pipeline/PIPE_MIXREF_FP8__T0p9ns/summary.kv,734,29fedc1062d522f3ff3cfaff4d942d6d5a2bb1009b94ffdedc689a0dd00e930f
evidence/pipeline/PIPE_MIXREF_FP8__T1p0ns/reports/analyze.log,3564,34f74a8471c68febdd9750ed3fe7507e42929ef022ea39efc43f9aa56b6bf44b
evidence/pipeline/PIPE_MIXREF_FP8__T1p0ns/reports/check_design_post.rpt,304,94bf7675a38cf2f7e109edbc8dc51e1112bf6d2b3427362c2e14197d434eaf38
evidence/pipeline/PIPE_MIXREF_FP8__T1p0ns/reports/datapath_extraction.rpt,81,fc94336cfc33bd4b491043c0e555a003f3efd077ebf13655e80c792f0a53bd28
evidence/pipeline/PIPE_MIXREF_FP8__T1p0ns/reports/report_area.rpt,1864,25fd1f95cd77e8c09411d6f8b0df912e372f98fb43ed657dd304ae094ffb6617
evidence/pipeline/PIPE_MIXREF_FP8__T1p0ns/reports/report_constraints.rpt,779,8a8712f4c419d599b4ca8fa6b64c237a11d66001b0849dac66edd1f11aaa9f1c
evidence/pipeline/PIPE_MIXREF_FP8__T1p0ns/reports/report_qor.rpt,2449,10e26dbcb0f2bcf074461d2bb5473a670e023921046e5ec3145746f6ff157040
evidence/pipeline/PIPE_MIXREF_FP8__T1p0ns/reports/report_reference.rpt,11116,914537894c2d710146b44245857029f08c734a631ca0654f6b769995978598b1
evidence/pipeline/PIPE_MIXREF_FP8__T1p0ns/reports/report_resources.rpt,9848,26eb8b03b9b3ef3f8a0e7f0687f8f524d24d7f3cebd5120d79b29395d4b3dd43
evidence/pipeline/PIPE_MIXREF_FP8__T1p0ns/reports/report_timing.rpt,165293,acdbbebe37cd92e542fcd35014d9c4113c75e4a2b911e3e022da99a13991dd9a
evidence/pipeline/PIPE_MIXREF_FP8__T1p0ns/summary.kv,728,6c35cc8533c8c44dc576328c2a36ca74dfe656373a3780c9db22f463e1c296ac
evidence/pipeline/PIPE_MIXREF_FP8__T2p0ns/reports/analyze.log,3564,0adbae671040fac28612834d6440e4d38b3be5e867f26a08cefb42a2326a762e
evidence/pipeline/PIPE_MIXREF_FP8__T2p0ns/reports/check_design_post.rpt,304,94bf7675a38cf2f7e109edbc8dc51e1112bf6d2b3427362c2e14197d434eaf38
evidence/pipeline/PIPE_MIXREF_FP8__T2p0ns/reports/datapath_extraction.rpt,81,fc94336cfc33bd4b491043c0e555a003f3efd077ebf13655e80c792f0a53bd28
evidence/pipeline/PIPE_MIXREF_FP8__T2p0ns/reports/report_area.rpt,1864,b356352010df4d1cee8b7ba26b908099e2d600848e34685939300518b9852978
evidence/pipeline/PIPE_MIXREF_FP8__T2p0ns/reports/report_constraints.rpt,1663,ad038907c89efe1d7a865095b205f6eaac131d4af0d8e4cd3e06b555d60140d8
evidence/pipeline/PIPE_MIXREF_FP8__T2p0ns/reports/report_qor.rpt,2449,c195aff171a8f2afb09104ea13c57bffe4196661bd746a2bc0e1c05b04837a49
evidence/pipeline/PIPE_MIXREF_FP8__T2p0ns/reports/report_reference.rpt,6619,b97aa22e0b1fce79ad9f260931901effd9c2e19f14cfba02980ce46406e36232
evidence/pipeline/PIPE_MIXREF_FP8__T2p0ns/reports/report_resources.rpt,9848,e77cf9b6fba8c03b9d2d173a176167933303d2ec13271ffed84c154007af29a9
evidence/pipeline/PIPE_MIXREF_FP8__T2p0ns/reports/report_timing.rpt,216941,922b79646ffbb6d7a3147a3b87c7726322107072335c89a5c57bbeb37270eae3
evidence/pipeline/PIPE_MIXREF_FP8__T2p0ns/summary.kv,721,476b7fbfeeeb5351c24299c57c7c1bf9845d5fa9c5eb1a5629a1b35c50715050
evidence/pipeline/PIPE_MIXREF_INT_W4A8_L1__T0p9ns/reports/analyze.log,3596,9793015357037908a5816412860bd6202bfd8e5f39c2a9c187a0ca87f2b7854b
evidence/pipeline/PIPE_MIXREF_INT_W4A8_L1__T0p9ns/reports/check_design_post.rpt,304,94bf7675a38cf2f7e109edbc8dc51e1112bf6d2b3427362c2e14197d434eaf38
evidence/pipeline/PIPE_MIXREF_INT_W4A8_L1__T0p9ns/reports/datapath_extraction.rpt,81,fc94336cfc33bd4b491043c0e555a003f3efd077ebf13655e80c792f0a53bd28
evidence/pipeline/PIPE_MIXREF_INT_W4A8_L1__T0p9ns/reports/report_area.rpt,1864,8bfb2471cb68eaaa5957c89ddac74f9dad3f97704114f115d1fb917a95ad8774
evidence/pipeline/PIPE_MIXREF_INT_W4A8_L1__T0p9ns/reports/report_constraints.rpt,779,801858eb5fc1eb301a742f7691711ab84a543d996ac8ee998ae7d39ad8ca11f9
evidence/pipeline/PIPE_MIXREF_INT_W4A8_L1__T0p9ns/reports/report_qor.rpt,2449,6848c83b4bdbeada97e584fc0d6115819f2c5a4b729ff042a66352d899518aa7
evidence/pipeline/PIPE_MIXREF_INT_W4A8_L1__T0p9ns/reports/report_reference.rpt,5912,77ed995bb772ce77f117073dc3e22e06277d28d846b0ab465faf97ed7afc8e72
evidence/pipeline/PIPE_MIXREF_INT_W4A8_L1__T0p9ns/reports/report_resources.rpt,2627,2f8edba572ee4fd455e839b6a208108b88477d07d126265f55138862227adbac
evidence/pipeline/PIPE_MIXREF_INT_W4A8_L1__T0p9ns/reports/report_timing.rpt,130357,67ca5e401c6bcb2d4e6d106f35d3faa76c04ec1cdf044c984c765f7f090c4442
evidence/pipeline/PIPE_MIXREF_INT_W4A8_L1__T0p9ns/summary.kv,741,c45e46892bfb0add1634aa2ab7fe43fe45fbc06641bd50e49133f14972b369e5
evidence/pipeline/PIPE_MIXREF_INT_W4A8_L1__T1p0ns/reports/analyze.log,3596,fbea2b4b6995b0cf3b0b51fce491716f1395af8db5376be06f75ddc7c81da92c
evidence/pipeline/PIPE_MIXREF_INT_W4A8_L1__T1p0ns/reports/check_design_post.rpt,304,94bf7675a38cf2f7e109edbc8dc51e1112bf6d2b3427362c2e14197d434eaf38
evidence/pipeline/PIPE_MIXREF_INT_W4A8_L1__T1p0ns/reports/datapath_extraction.rpt,81,fc94336cfc33bd4b491043c0e555a003f3efd077ebf13655e80c792f0a53bd28
evidence/pipeline/PIPE_MIXREF_INT_W4A8_L1__T1p0ns/reports/report_area.rpt,1864,505752315d623b59c891f3b5796c0e2a99ad26c1d4077d9261939731f2e6dced
evidence/pipeline/PIPE_MIXREF_INT_W4A8_L1__T1p0ns/reports/report_constraints.rpt,779,f0a35df7266cb26a31cb944bf9cfbb092471283625763cd5eb797dc39e45ca4d
evidence/pipeline/PIPE_MIXREF_INT_W4A8_L1__T1p0ns/reports/report_qor.rpt,2449,6feca4c7c0df6e67e7b524d5c368548dba44b7cb8f83ff2eb53acc8c819f9df0
evidence/pipeline/PIPE_MIXREF_INT_W4A8_L1__T1p0ns/reports/report_reference.rpt,5739,0a9e89a8e2e1bf19f996dba74f224a925604ae3bedfe841f7f0439eaee7c86ab
evidence/pipeline/PIPE_MIXREF_INT_W4A8_L1__T1p0ns/reports/report_resources.rpt,2627,3e5110a6f9c32e257746e989dc6b0e176bf0c50432bf25688b0d7ce36be98105
evidence/pipeline/PIPE_MIXREF_INT_W4A8_L1__T1p0ns/reports/report_timing.rpt,144181,db2765f8f99773632f628752b2fe7e7c43d373293ebb595b37b63a508e62860a
evidence/pipeline/PIPE_MIXREF_INT_W4A8_L1__T1p0ns/summary.kv,737,cfae5d0ebc60772b36f9a0c74526b705463c94c4f6beb0f1759ca08da5a5b713
evidence/pipeline/PIPE_MIXREF_INT_W4A8_L1__T2p0ns/reports/analyze.log,3596,e2f738dce412469609cbd9c09407920b030bd60fc1e0e7e364e73235b790cb66
evidence/pipeline/PIPE_MIXREF_INT_W4A8_L1__T2p0ns/reports/check_design_post.rpt,304,94bf7675a38cf2f7e109edbc8dc51e1112bf6d2b3427362c2e14197d434eaf38
evidence/pipeline/PIPE_MIXREF_INT_W4A8_L1__T2p0ns/reports/datapath_extraction.rpt,81,fc94336cfc33bd4b491043c0e555a003f3efd077ebf13655e80c792f0a53bd28
evidence/pipeline/PIPE_MIXREF_INT_W4A8_L1__T2p0ns/reports/report_area.rpt,1864,b400429b13f797aba15ec9646b9cceb830fac3558e7c8d4c732d4eca37e1b2eb
evidence/pipeline/PIPE_MIXREF_INT_W4A8_L1__T2p0ns/reports/report_constraints.rpt,779,019de46d4f76b6f8f98cfece7e22ff5e0df06382f1011f55e98e3a6a5d632558
evidence/pipeline/PIPE_MIXREF_INT_W4A8_L1__T2p0ns/reports/report_qor.rpt,2449,0d232a22a92591fcbd6d12a1ccc23ed851f87247c45749c70bcba10072d6266e
evidence/pipeline/PIPE_MIXREF_INT_W4A8_L1__T2p0ns/reports/report_reference.rpt,5222,d41dd4d7fa6583c76b7d2856158ad67b16aab0238b7ab51181d97ec4bd6f3d5c
evidence/pipeline/PIPE_MIXREF_INT_W4A8_L1__T2p0ns/reports/report_resources.rpt,2627,998f6720e9b3128a08850d20b461a30693e75c9b39a7d6d48343a881ce1c4ed1
evidence/pipeline/PIPE_MIXREF_INT_W4A8_L1__T2p0ns/reports/report_timing.rpt,209461,38069a5962d83f407b21262142fc200cbc8ef78a8afc103d4570d54421c27bdc
evidence/pipeline/PIPE_MIXREF_INT_W4A8_L1__T2p0ns/summary.kv,733,a540a24862e8438a752d50879f8ce7ba219b54005eac4dfa31baef5c64da8c44
evidence/pipeline/PIPE_SHARED_NATIVE_ALL_DUALACC__T0p9ns/reports/analyze.log,6893,f4896d1462d77de0db2e530128c596c4c32264b953335cb72be852b058dbe40d
evidence/pipeline/PIPE_SHARED_NATIVE_ALL_DUALACC__T0p9ns/reports/check_design_post.rpt,304,94bf7675a38cf2f7e109edbc8dc51e1112bf6d2b3427362c2e14197d434eaf38
evidence/pipeline/PIPE_SHARED_NATIVE_ALL_DUALACC__T0p9ns/reports/datapath_extraction.rpt,81,fc94336cfc33bd4b491043c0e555a003f3efd077ebf13655e80c792f0a53bd28
evidence/pipeline/PIPE_SHARED_NATIVE_ALL_DUALACC__T0p9ns/reports/report_area.rpt,1871,0d4e90ba990e6a73a0f865f611314bec71c253486b775e710e9e195450110d23
evidence/pipeline/PIPE_SHARED_NATIVE_ALL_DUALACC__T0p9ns/reports/report_constraints.rpt,7272,aa2191c1e28adee20c6335ab187e0937147f50bc32973171d7f57f4217100cf1
evidence/pipeline/PIPE_SHARED_NATIVE_ALL_DUALACC__T0p9ns/reports/report_qor.rpt,2450,965cc5df61c3e112cdd727c6b31aea2deb40f4639acbcdcd2cd3fbe7ef6eb2b6
evidence/pipeline/PIPE_SHARED_NATIVE_ALL_DUALACC__T0p9ns/reports/report_reference.rpt,28238,edd0feca3dcd38c142bab1d5924a257c753d292017c7b568e8f16b0a7a874679
evidence/pipeline/PIPE_SHARED_NATIVE_ALL_DUALACC__T0p9ns/reports/report_resources.rpt,20671,5886db96885ab7c00782d481a8e06dc17a644ce40aa07c9274cc9a9ea98f6489
evidence/pipeline/PIPE_SHARED_NATIVE_ALL_DUALACC__T0p9ns/reports/report_timing.rpt,210921,c3b82fe3a589f2acac401d3b1fbc1699a9bb4825e2e5af6f45698f5dbd45acb3
evidence/pipeline/PIPE_SHARED_NATIVE_ALL_DUALACC__T0p9ns/summary.kv,747,e568909ff6b5f898a31e726b696ac698f36fea7b2c7e72bcb1968bf861011827
evidence/pipeline/PIPE_SHARED_NATIVE_ALL_DUALACC__T1p0ns/reports/analyze.log,6893,fc35c8934efae95536f8da1666c2b03bb88c6f98e779986805cc6e43141a097c
evidence/pipeline/PIPE_SHARED_NATIVE_ALL_DUALACC__T1p0ns/reports/check_design_post.rpt,304,94bf7675a38cf2f7e109edbc8dc51e1112bf6d2b3427362c2e14197d434eaf38
evidence/pipeline/PIPE_SHARED_NATIVE_ALL_DUALACC__T1p0ns/reports/datapath_extraction.rpt,81,fc94336cfc33bd4b491043c0e555a003f3efd077ebf13655e80c792f0a53bd28
evidence/pipeline/PIPE_SHARED_NATIVE_ALL_DUALACC__T1p0ns/reports/report_area.rpt,1871,7b64c622c8f46326141088b6770460313d4bbd8c5f50b0e46c120db6046524f6
evidence/pipeline/PIPE_SHARED_NATIVE_ALL_DUALACC__T1p0ns/reports/report_constraints.rpt,1222,c9f24b518c37747889ff6351f159e72b06e4fb8d4d22676e1dd487610add48d6
evidence/pipeline/PIPE_SHARED_NATIVE_ALL_DUALACC__T1p0ns/reports/report_qor.rpt,2449,367447d9ee0aa577c041db0325ea593d03c4ed191bcbb5b1105c22b86e7de2cc
evidence/pipeline/PIPE_SHARED_NATIVE_ALL_DUALACC__T1p0ns/reports/report_reference.rpt,27032,1d8e879f7a75ec67d824279349ec07bd0ae2e1cb46134830bb79e25631b22782
evidence/pipeline/PIPE_SHARED_NATIVE_ALL_DUALACC__T1p0ns/reports/report_resources.rpt,20671,e41fe33befd7b6a93993a4c1d3e711630f4defac91718a63a85826051d8604de
evidence/pipeline/PIPE_SHARED_NATIVE_ALL_DUALACC__T1p0ns/reports/report_timing.rpt,220664,abd7f62b978d8111bb1b64b1ef4006181c82fc3a52aa4f5567f90b2b505be61d
evidence/pipeline/PIPE_SHARED_NATIVE_ALL_DUALACC__T1p0ns/summary.kv,744,0f928d11efbf8ebaf3a7d15bf966331e144c9483c4f22fb4705acf92b4808895
evidence/pipeline/PIPE_SHARED_NATIVE_ALL_DUALACC__T2p0ns/reports/analyze.log,6893,7c4ec3f7c6b3a8b750e3fa336c381723e51d8b7d01e677b1deb622811757cc8b
evidence/pipeline/PIPE_SHARED_NATIVE_ALL_DUALACC__T2p0ns/reports/check_design_post.rpt,304,94bf7675a38cf2f7e109edbc8dc51e1112bf6d2b3427362c2e14197d434eaf38
evidence/pipeline/PIPE_SHARED_NATIVE_ALL_DUALACC__T2p0ns/reports/datapath_extraction.rpt,81,fc94336cfc33bd4b491043c0e555a003f3efd077ebf13655e80c792f0a53bd28
evidence/pipeline/PIPE_SHARED_NATIVE_ALL_DUALACC__T2p0ns/reports/report_area.rpt,1864,2671c8d33a9d1a34dcc073302f2c40586631d1251ba290859ac0dd3eb49b5591
evidence/pipeline/PIPE_SHARED_NATIVE_ALL_DUALACC__T2p0ns/reports/report_constraints.rpt,1495,082ecb0e78aaac4d7976ff6ee51d0368c516bff13f926b953f7000f9c66e58d3
evidence/pipeline/PIPE_SHARED_NATIVE_ALL_DUALACC__T2p0ns/reports/report_qor.rpt,2449,3ca82ac8be104cbd17397c44dc8c0efcfded34f7d593df18cac15f6f3e35261b
evidence/pipeline/PIPE_SHARED_NATIVE_ALL_DUALACC__T2p0ns/reports/report_reference.rpt,9733,1bda3078fd7e3c7d7b0545b225b1489048dc771298fd66dad4befdd5d0e4676b
evidence/pipeline/PIPE_SHARED_NATIVE_ALL_DUALACC__T2p0ns/reports/report_resources.rpt,18262,f6be399b5147f85e721c6d0b1d56589297bd58cd5a1655b0af6cc3de5cb04b88
evidence/pipeline/PIPE_SHARED_NATIVE_ALL_DUALACC__T2p0ns/reports/report_timing.rpt,231068,5191b68d8bcc0b4ee9f0a922fa8a257b9fbd24c7515f7092ec26f440b264e494
evidence/pipeline/PIPE_SHARED_NATIVE_ALL_DUALACC__T2p0ns/summary.kv,743,be15011f51f6048d7478c1c946f4aee44f98a285bc01d26a1d2763bc8180e8c9
model/area_dse.py,3326,a43873d1ae6cb3b046205f7b7a2551d33b8ed9b9d5e2ad9088ade23a654ad769
model/hybrid_reference.py,3407,6c0e970543801009c7855b97e1fdd6e29aa4484d9dee8d8ef6717c9d1c32e868
model/numeric_formats.py,5332,63b7be7747bcaa63938df50729bec41de3253898f702b99782e37e1300fcfb8e
results/LOCAL_EXECUTION_REPORT.md,2538,758a74fea60008c33b217bfe9f8b0a427b01ee800cbd768ffbe80c7e319391eb
results/SANDBOX_VALIDATION.md,610,7bc61132e31dd834425d90cfc5b676386f4e26ce9918414729b36b0a04e1c06d
results/area_dse_summary.json,323,9719700aa9d6049f0743144be3e8d127497246cf050391aed60850b32610cce5
results/conversion_coverage.csv,239,4c341e804371c0ba805b55814d807cd327265460789b34657c346a38a18c8fbf
results/dot_error_experiment.csv,314,f4bb393f280ef123b5ef8a06139af3df030803ed6681f1166ee719b791bc5335
results/hybrid_break_even.csv,844,25519d4cdb47f681633d0eedafe973e007910b2a085d6acd3141a4d58118e7a9
results/hybrid_ratio_sweep.csv,13199,bb0084cbd8d3dc02da4486e48e1b7452f49187c1dab021279e6a1d937d878a33
results/matched_array_break_even.csv,555,1c7410c8b3a091d6ddcd71621d50a5d8d96f7253e50ba811b9cd951280a77885
results/mixed_architecture_comparison.csv,4696,821f245cbe8d4f465ea395833ee55aab5edbe2d04902a8c1158656848538313a
results/mixed_area_raw.csv,46390,2513f63d653c9c2aa2cf131b3c2d0439d4c1e6f6b384077c26667599c105c764
results/mixed_expected_runs.csv,18475,ed7694941c75404ccf1b59611985da0c60b6d17cd1472690adf6564c9811f2ed
results/mixed_group_summary.csv,5505,579efb436eaa3782e658d61624ee1ff7bfc0ab810dcfb5161bd769570f2693f7
results/numeric_rtl_crosscheck.csv,246,7f43be740ef0ca43036029599983fe35e32e6c8892de78ebed28ffcb119ad75c
results/numeric_summary.json,1919,7088d24331473c3b84dad88dbba36777245760940098b0c8a0968599114abb80
results/pipeline/mixed_area_raw.csv,24154,c45cf187972604284e8d33c018cbfd35e990e21ada6a6af08da1041b024f1cce
results/pipeline/mixed_group_summary.csv,3220,1e05b895311181224e4bfa14890f813e9ec742724f4f1a1d94dc4be9c2a36358
results/pipeline/validation_report.txt,104,fd6474518c2f8ddca33b816a41010096f2ce3e3ed87e0da3d707fd413a37f3bf
results/pipeline_followup_comparison.csv,2009,ba2deb631dda2e15d59698aa5eeedce40ec2c89fb52ac9e648cdd379fd2c7561
results/validation_report.txt,838,259a2443fd6a3ffbf318bdfda2bf30fa87dc1ebd21e67fa93f63958e369538a0
rtl/dual_domain_int_fp_reference.sv,1162,5de6ed15b2367d70b8e096c840a1d5bfaeec6319a2695118c5ebc1589ac899db
rtl/hybrid_convert_fp_mac_dw.sv,1741,da9db09164f0826cefc2381c957fee7403f80e7a6f5145c0c345e597a3a60583
rtl/hybrid_convert_fp_mac_dw_pipeline.sv,1822,1b2038fb7572702326f4eef29aa4c97f3f7deeaa20c8a7f78a4790dee9218a37
rtl/hybrid_convert_fp_mac_dw_pipeline2.sv,2122,b8de90d23ab29b028b5cca1adfb95190d869675f50f97e061e2a19783717b98b
rtl/hybrid_shared_mul_dual_acc.sv,6008,60f672f153834c8d44808c2b4911a4f3efd330d20faaf6ce802e13897411aa40
rtl/mixed_format_pkg.sv,175,d07007f77b03533ae300079802f4b98255998b286ca78d1ecb63a7337005a8d5
rtl/pipelined_fp_mac_dw.sv,1385,a38e95b6a4b8eb013c97572d49e9f35613dae5f2a7d65229f77d3b1a807011f1
rtl/separate_int_fp_reference.sv,1149,ca097cd21c7917e103917973c647e9a9769ccd28cc4c5c6c09b14bbca9196834
scripts/build_arch_comparison.py,5235,bd0d73093974390d6a2f7b089efa0ba5afe686b70d74060c8f4c8c486d7d36f0
scripts/build_local_execution_report.py,4562,afedbffa281e0ed203b99fdc4bea8a9ebcbf931bd6bed94329a0eef0b7564a7f
scripts/build_pipeline_comparison.py,1616,595d7bf250d35a6cc1db19fb4daf84aa351dafa830bf8ed47e9203d8d08a9b6e
scripts/collect_mixed_results.py,7027,6077953f6e3f3a482e390b059b62d2946221222e8378072075430a044a006c0e
scripts/compile_generated_wrappers.py,1735,7fe141a78ba7ca10ef89c66a0b863fd48d0ef8ac9dbd608fb1b7a3315305f27d
scripts/export_plan_public.py,4197,aeb2b8f28e09cf556aafe9975fe02606e20b4b363da0f3b8e2719d31b4bdab6a
scripts/gen_mixed_manifest.py,11099,1dfc489993b36768be0953f7b95e40fc76775de29de542aee739202b23fa0a60
scripts/gen_pipeline_followup.py,7579,2247dec67c078e92a22cccb3b6accdf5f57f490bc70833790f79d8f3fb383d05
scripts/local_agent_commands.sh,1121,a40c435844593674ea2eab624ccff2247b93928391b255993db01b89e6f96aa7
scripts/run_dw_converter_crosscheck.py,5431,50e19b2eda18699018e6cf08b0c450ac622741ea28f0c3c7c0407a26e83aa5b5
scripts/run_local_capped.sh,834,2138477bb59ab70d58ce869fb38a3950c8a56e961fd797cd9438eaaf2d245931
scripts/run_local_dc.py,5411,d8506f4d49e6bfcc9c61a0c28cf8b3eb6ec8e887aea510b391dfd0a9ed03b894
scripts/run_local_probe_capped.sh,829,490d4522a93daa6c9c86a0644e2e50a026889e49863ce20e6ee5774eb74e640a
scripts/run_numeric_rtl_crosscheck.py,6532,b964670fc5c01e8dd15f35f28914ff376afdd1b87dbb81192d1714c27aa9280e
scripts/static_rtl_check.py,602,d455713e75a0c29efefc7b26e34c5eedb7702eb94f5ade88afdf807ffcb871f8
scripts/validate_local_results.py,6262,10fb519be1ffb820e8eea1a5e3a850d51f8f920d52968866c0240ea54d907365
scripts/validate_pipeline_results.py,2919,a85a553c46eb724af350ca348bae8fb84024fbe21f28afa29cd4545b1fd05b32
tests/dw_sim_stubs.sv,1218,853a959db35927f15939c190685bbc12426427b4592b4b83c4b13a017c7589f3
tests/test_mixed_dot.py,2023,35d3643eb044610459a1356f588202866dad831fe98691397371ca3826c7b653
tests/test_numeric_formats.py,1310,83ab2e5056f3b82d95fb3734680078627c6914996913cc02b01879314b116656
