 
****************************************
Report : timing
        -path full
        -delay max
        -nworst 5
        -nets
        -max_paths 20
        -transition_time
        -capacitance
Design : char_top
Version: X-2025.06-SP3
Date   : Tue Sep  1 13:58:35 2026
****************************************

Operating Conditions: tt_typical_max_0p80v_25c   Library: sc6p5mcpp140z_cln22ul_base_svt_c35_tt_typical_max_0p80v_25c
Wire Load Model Mode: top

  Startpoint: u_dut/product_q_reg[3]
              (rising edge-triggered flip-flop clocked by clk)
  Endpoint: u_dut/status_o_reg[0]
            (rising edge-triggered flip-flop clocked by clk)
  Path Group: clk
  Path Type: max

  Des/Clust/Port     Wire Load Model       Library
  ------------------------------------------------
  char_top           Zero                  sc6p5mcpp140z_cln22ul_base_svt_c35_tt_typical_max_0p80v_25c

  Point                                       Fanout       Cap     Trans      Incr       Path
  ----------------------------------------------------------------------------------------------
  clock clk (rise edge)                                                       0.00       0.00
  clock network delay (ideal)                                                 0.00       0.00
  u_dut/product_q_reg[3]/CK (DFFRPQA_X2M_A6P5PP140ZTS_C35)          0.00      0.00       0.00 r
  u_dut/product_q_reg[3]/Q (DFFRPQA_X2M_A6P5PP140ZTS_C35)           0.02      0.06       0.06 r
  u_dut/product_q[3] (net)                      3         0.00                0.00       0.06 r
  U73/Y (INV_X1M_A6P5PP140ZTS_C35)                                  0.01      0.01       0.07 f
  n19 (net)                                     2         0.00                0.00       0.07 f
  U133/Y (NAND2_X2M_A6P5PP140ZTS_C35)                               0.01      0.01       0.08 r
  n26 (net)                                     2         0.00                0.00       0.08 r
  U70/Y (AOI21_X0P5M_A6P5PP140ZTS_C35)                              0.02      0.02       0.10 f
  n30 (net)                                     2         0.00                0.00       0.10 f
  U151/Y (AOI21_X0P5M_A6P5PP140ZTS_C35)                             0.02      0.02       0.12 r
  n31 (net)                                     1         0.00                0.00       0.12 r
  U152/Y (OAI211_X1M_A6P5PP140ZTS_C35)                              0.03      0.02       0.15 f
  n44 (net)                                     1         0.00                0.00       0.15 f
  U162/Y (NAND3_X1TA_A6P5PP140ZTS_C35)                              0.02      0.02       0.17 r
  n59 (net)                                     1         0.00                0.00       0.17 r
  U190/Y (AOI21_X3M_A6P5PP140ZTS_C35)                               0.02      0.02       0.19 f
  n95 (net)                                     2         0.00                0.00       0.19 f
  U235/Y (BUF_X12M_A6P5PP140ZTS_C35)                                0.02      0.03       0.22 f
  n413 (net)                                   17         0.02                0.00       0.22 f
  U237/Y (MXIT2_X3M_A6P5PP140ZTS_C35)                               0.02      0.02       0.24 f
  n236 (net)                                    4         0.00                0.00       0.24 f
  U241/Y (NOR2_X1A_A6P5PP140ZTS_C35)                                0.03      0.02       0.27 r
  n199 (net)                                    2         0.00                0.00       0.27 r
  U242/Y (INV_X1M_A6P5PP140ZTS_C35)                                 0.01      0.02       0.28 f
  n222 (net)                                    2         0.00                0.00       0.28 f
  U369/Y (OAI22_X1M_A6P5PP140ZTS_C35)                               0.05      0.03       0.31 r
  n285 (net)                                    2         0.00                0.00       0.31 r
  U437/Y (NAND2_X1M_A6P5PP140ZTS_C35)                               0.03      0.03       0.34 f
  n1029 (net)                                   3         0.00                0.00       0.34 f
  U438/Y (XNOR2_X0P5M_A6P5PP140ZTS_C35)                             0.03      0.04       0.38 f
  n286 (net)                                    2         0.00                0.00       0.38 f
  U440/Y (NOR2_X1A_A6P5PP140ZTS_C35)                                0.03      0.03       0.41 r
  n306 (net)                                    3         0.00                0.00       0.41 r
  U458/Y (OAI21_X0P5M_A6P5PP140ZTS_C35)                             0.03      0.03       0.43 f
  n321 (net)                                    3         0.00                0.00       0.43 f
  U463/Y (AO12_X1M_A6P5PP140ZTS_C35)                                0.01      0.04       0.47 f
  n310 (net)                                    1         0.00                0.00       0.47 f
  U81/Y (AOI21_X1M_A6P5PP140ZTS_C35)                                0.03      0.02       0.49 r
  n311 (net)                                    1         0.00                0.00       0.49 r
  U464/Y (OAI21_X2M_A6P5PP140ZTS_C35)                               0.02      0.02       0.51 f
  n312 (net)                                    1         0.00                0.00       0.51 f
  U465/Y (XNOR2_X3M_A6P5PP140ZTS_C35)                               0.03      0.03       0.55 f
  n922 (net)                                    4         0.00                0.00       0.55 f
  U493/Y (NOR2_X2A_A6P5PP140ZTS_C35)                                0.04      0.04       0.58 r
  n955 (net)                                    4         0.00                0.00       0.58 r
  U37/Y (AND2_X1M_A6P5PP140ZTS_C35)                                 0.03      0.04       0.63 r
  n975 (net)                                    6         0.00                0.00       0.63 r
  U501/Y (NAND2_X3M_A6P5PP140ZTS_C35)                               0.02      0.02       0.65 f
  n1018 (net)                                   8         0.00                0.00       0.65 f
  U503/Y (NOR2_X3TA_A6P5PP140ZTS_C35)                               0.01      0.01       0.66 r
  n353 (net)                                    1         0.00                0.00       0.66 r
  U33/Y (NOR2_X2TA_A6P5PP140ZTS_C35)                                0.01      0.01       0.67 f
  n354 (net)                                    1         0.00                0.00       0.67 f
  U504/Y (NOR2_X1P4TA_A6P5PP140ZTS_C35)                             0.01      0.02       0.69 r
  n355 (net)                                    1         0.00                0.00       0.69 r
  U82/Y (INV_X2M_A6P5PP140ZTS_C35)                                  0.01      0.01       0.70 f
  n358 (net)                                    2         0.00                0.00       0.70 f
  U27/Y (NOR2_X3A_A6P5PP140ZTS_C35)                                 0.02      0.02       0.72 r
  n445 (net)                                    2         0.00                0.00       0.72 r
  U511/Y (OAI21_X3M_A6P5PP140ZTS_C35)                               0.02      0.02       0.74 f
  n437 (net)                                    2         0.00                0.00       0.74 f
  U601/Y (INV_X3M_A6P5PP140ZTS_C35)                                 0.01      0.01       0.75 r
  n443 (net)                                    2         0.00                0.00       0.75 r
  U602/Y (OAI21_X2M_A6P5PP140ZTS_C35)                               0.02      0.01       0.77 f
  n438 (net)                                    1         0.00                0.00       0.77 f
  U603/Y (XNOR2_X0P5M_A6P5PP140ZTS_C35)                             0.03      0.04       0.80 f
  n1099 (net)                                   2         0.00                0.00       0.80 f
  U616/Y (NOR3_X2M_A6P5PP140ZTS_C35)                                0.04      0.03       0.83 r
  n469 (net)                                    1         0.00                0.00       0.83 r
  U621/Y (NAND3_X2TA_A6P5PP140ZTS_C35)                              0.02      0.02       0.86 f
  n914 (net)                                    2         0.00                0.00       0.86 f
  U622/Y (NAND2_X1M_A6P5PP140ZTS_C35)                               0.02      0.02       0.88 r
  n1050 (net)                                   3         0.00                0.00       0.88 r
  U1077/Y (INV_X1M_A6P5PP140ZTS_C35)                                0.01      0.01       0.89 f
  n1042 (net)                                   1         0.00                0.00       0.89 f
  U1079/Y (OAI211_X1M_A6P5PP140ZTS_C35)                             0.03      0.02       0.91 r
  u_dut/N8 (net)                                1         0.00                0.00       0.91 r
  u_dut/status_o_reg[0]/D (DFFRPQA_X2M_A6P5PP140ZTS_C35)            0.03      0.00       0.91 r
  data arrival time                                                                      0.91

  clock clk (rise edge)                                                       1.00       1.00
  clock network delay (ideal)                                                 0.00       1.00
  clock uncertainty                                                          -0.05       0.95
  u_dut/status_o_reg[0]/CK (DFFRPQA_X2M_A6P5PP140ZTS_C35)                     0.00       0.95 r
  library setup time                                                         -0.04       0.91
  data required time                                                                     0.91
  ----------------------------------------------------------------------------------------------
  data required time                                                                     0.91
  data arrival time                                                                     -0.91
  ----------------------------------------------------------------------------------------------
  slack (MET)                                                                            0.00


  Startpoint: u_dut/product_q_reg[3]
              (rising edge-triggered flip-flop clocked by clk)
  Endpoint: u_dut/status_o_reg[0]
            (rising edge-triggered flip-flop clocked by clk)
  Path Group: clk
  Path Type: max

  Des/Clust/Port     Wire Load Model       Library
  ------------------------------------------------
  char_top           Zero                  sc6p5mcpp140z_cln22ul_base_svt_c35_tt_typical_max_0p80v_25c

  Point                                       Fanout       Cap     Trans      Incr       Path
  ----------------------------------------------------------------------------------------------
  clock clk (rise edge)                                                       0.00       0.00
  clock network delay (ideal)                                                 0.00       0.00
  u_dut/product_q_reg[3]/CK (DFFRPQA_X2M_A6P5PP140ZTS_C35)          0.00      0.00       0.00 r
  u_dut/product_q_reg[3]/Q (DFFRPQA_X2M_A6P5PP140ZTS_C35)           0.02      0.06       0.06 r
  u_dut/product_q[3] (net)                      3         0.00                0.00       0.06 r
  U73/Y (INV_X1M_A6P5PP140ZTS_C35)                                  0.01      0.01       0.07 f
  n19 (net)                                     2         0.00                0.00       0.07 f
  U133/Y (NAND2_X2M_A6P5PP140ZTS_C35)                               0.01      0.01       0.08 r
  n26 (net)                                     2         0.00                0.00       0.08 r
  U70/Y (AOI21_X0P5M_A6P5PP140ZTS_C35)                              0.02      0.02       0.10 f
  n30 (net)                                     2         0.00                0.00       0.10 f
  U151/Y (AOI21_X0P5M_A6P5PP140ZTS_C35)                             0.02      0.02       0.12 r
  n31 (net)                                     1         0.00                0.00       0.12 r
  U152/Y (OAI211_X1M_A6P5PP140ZTS_C35)                              0.03      0.02       0.15 f
  n44 (net)                                     1         0.00                0.00       0.15 f
  U162/Y (NAND3_X1TA_A6P5PP140ZTS_C35)                              0.02      0.02       0.17 r
  n59 (net)                                     1         0.00                0.00       0.17 r
  U190/Y (AOI21_X3M_A6P5PP140ZTS_C35)                               0.02      0.02       0.19 f
  n95 (net)                                     2         0.00                0.00       0.19 f
  U235/Y (BUF_X12M_A6P5PP140ZTS_C35)                                0.02      0.03       0.22 f
  n413 (net)                                   17         0.02                0.00       0.22 f
  U237/Y (MXIT2_X3M_A6P5PP140ZTS_C35)                               0.02      0.02       0.24 f
  n236 (net)                                    4         0.00                0.00       0.24 f
  U241/Y (NOR2_X1A_A6P5PP140ZTS_C35)                                0.03      0.02       0.27 r
  n199 (net)                                    2         0.00                0.00       0.27 r
  U242/Y (INV_X1M_A6P5PP140ZTS_C35)                                 0.01      0.02       0.28 f
  n222 (net)                                    2         0.00                0.00       0.28 f
  U369/Y (OAI22_X1M_A6P5PP140ZTS_C35)                               0.05      0.03       0.31 r
  n285 (net)                                    2         0.00                0.00       0.31 r
  U437/Y (NAND2_X1M_A6P5PP140ZTS_C35)                               0.03      0.03       0.34 f
  n1029 (net)                                   3         0.00                0.00       0.34 f
  U438/Y (XNOR2_X0P5M_A6P5PP140ZTS_C35)                             0.03      0.04       0.38 f
  n286 (net)                                    2         0.00                0.00       0.38 f
  U440/Y (NOR2_X1A_A6P5PP140ZTS_C35)                                0.03      0.03       0.41 r
  n306 (net)                                    3         0.00                0.00       0.41 r
  U458/Y (OAI21_X0P5M_A6P5PP140ZTS_C35)                             0.03      0.03       0.43 f
  n321 (net)                                    3         0.00                0.00       0.43 f
  U463/Y (AO12_X1M_A6P5PP140ZTS_C35)                                0.01      0.04       0.47 f
  n310 (net)                                    1         0.00                0.00       0.47 f
  U81/Y (AOI21_X1M_A6P5PP140ZTS_C35)                                0.03      0.02       0.49 r
  n311 (net)                                    1         0.00                0.00       0.49 r
  U464/Y (OAI21_X2M_A6P5PP140ZTS_C35)                               0.02      0.02       0.51 f
  n312 (net)                                    1         0.00                0.00       0.51 f
  U465/Y (XNOR2_X3M_A6P5PP140ZTS_C35)                               0.03      0.03       0.55 f
  n922 (net)                                    4         0.00                0.00       0.55 f
  U493/Y (NOR2_X2A_A6P5PP140ZTS_C35)                                0.04      0.04       0.58 r
  n955 (net)                                    4         0.00                0.00       0.58 r
  U37/Y (AND2_X1M_A6P5PP140ZTS_C35)                                 0.03      0.04       0.63 r
  n975 (net)                                    6         0.00                0.00       0.63 r
  U501/Y (NAND2_X3M_A6P5PP140ZTS_C35)                               0.02      0.02       0.65 f
  n1018 (net)                                   8         0.00                0.00       0.65 f
  U503/Y (NOR2_X3TA_A6P5PP140ZTS_C35)                               0.01      0.01       0.66 r
  n353 (net)                                    1         0.00                0.00       0.66 r
  U33/Y (NOR2_X2TA_A6P5PP140ZTS_C35)                                0.01      0.01       0.67 f
  n354 (net)                                    1         0.00                0.00       0.67 f
  U504/Y (NOR2_X1P4TA_A6P5PP140ZTS_C35)                             0.01      0.02       0.69 r
  n355 (net)                                    1         0.00                0.00       0.69 r
  U82/Y (INV_X2M_A6P5PP140ZTS_C35)                                  0.01      0.01       0.70 f
  n358 (net)                                    2         0.00                0.00       0.70 f
  U27/Y (NOR2_X3A_A6P5PP140ZTS_C35)                                 0.02      0.02       0.72 r
  n445 (net)                                    2         0.00                0.00       0.72 r
  U511/Y (OAI21_X3M_A6P5PP140ZTS_C35)                               0.02      0.02       0.74 f
  n437 (net)                                    2         0.00                0.00       0.74 f
  U601/Y (INV_X3M_A6P5PP140ZTS_C35)                                 0.01      0.01       0.75 r
  n443 (net)                                    2         0.00                0.00       0.75 r
  U602/Y (OAI21_X2M_A6P5PP140ZTS_C35)                               0.02      0.01       0.77 f
  n438 (net)                                    1         0.00                0.00       0.77 f
  U603/Y (XNOR2_X0P5M_A6P5PP140ZTS_C35)                             0.03      0.04       0.80 f
  n1099 (net)                                   2         0.00                0.00       0.80 f
  U616/Y (NOR3_X2M_A6P5PP140ZTS_C35)                                0.04      0.03       0.83 r
  n469 (net)                                    1         0.00                0.00       0.83 r
  U621/Y (NAND3_X2TA_A6P5PP140ZTS_C35)                              0.02      0.02       0.86 f
  n914 (net)                                    2         0.00                0.00       0.86 f
  U622/Y (NAND2_X1M_A6P5PP140ZTS_C35)                               0.02      0.02       0.88 r
  n1050 (net)                                   3         0.00                0.00       0.88 r
  U1077/Y (INV_X1M_A6P5PP140ZTS_C35)                                0.01      0.01       0.89 f
  n1042 (net)                                   1         0.00                0.00       0.89 f
  U1079/Y (OAI211_X1M_A6P5PP140ZTS_C35)                             0.03      0.02       0.91 r
  u_dut/N8 (net)                                1         0.00                0.00       0.91 r
  u_dut/status_o_reg[0]/D (DFFRPQA_X2M_A6P5PP140ZTS_C35)            0.03      0.00       0.91 r
  data arrival time                                                                      0.91

  clock clk (rise edge)                                                       1.00       1.00
  clock network delay (ideal)                                                 0.00       1.00
  clock uncertainty                                                          -0.05       0.95
  u_dut/status_o_reg[0]/CK (DFFRPQA_X2M_A6P5PP140ZTS_C35)                     0.00       0.95 r
  library setup time                                                         -0.04       0.91
  data required time                                                                     0.91
  ----------------------------------------------------------------------------------------------
  data required time                                                                     0.91
  data arrival time                                                                     -0.91
  ----------------------------------------------------------------------------------------------
  slack (MET)                                                                            0.00


  Startpoint: u_dut/product_q_reg[3]
              (rising edge-triggered flip-flop clocked by clk)
  Endpoint: u_dut/status_o_reg[0]
            (rising edge-triggered flip-flop clocked by clk)
  Path Group: clk
  Path Type: max

  Des/Clust/Port     Wire Load Model       Library
  ------------------------------------------------
  char_top           Zero                  sc6p5mcpp140z_cln22ul_base_svt_c35_tt_typical_max_0p80v_25c

  Point                                       Fanout       Cap     Trans      Incr       Path
  ----------------------------------------------------------------------------------------------
  clock clk (rise edge)                                                       0.00       0.00
  clock network delay (ideal)                                                 0.00       0.00
  u_dut/product_q_reg[3]/CK (DFFRPQA_X2M_A6P5PP140ZTS_C35)          0.00      0.00       0.00 r
  u_dut/product_q_reg[3]/Q (DFFRPQA_X2M_A6P5PP140ZTS_C35)           0.02      0.06       0.06 r
  u_dut/product_q[3] (net)                      3         0.00                0.00       0.06 r
  U73/Y (INV_X1M_A6P5PP140ZTS_C35)                                  0.01      0.01       0.07 f
  n19 (net)                                     2         0.00                0.00       0.07 f
  U133/Y (NAND2_X2M_A6P5PP140ZTS_C35)                               0.01      0.01       0.08 r
  n26 (net)                                     2         0.00                0.00       0.08 r
  U70/Y (AOI21_X0P5M_A6P5PP140ZTS_C35)                              0.02      0.02       0.10 f
  n30 (net)                                     2         0.00                0.00       0.10 f
  U151/Y (AOI21_X0P5M_A6P5PP140ZTS_C35)                             0.02      0.02       0.12 r
  n31 (net)                                     1         0.00                0.00       0.12 r
  U152/Y (OAI211_X1M_A6P5PP140ZTS_C35)                              0.03      0.02       0.15 f
  n44 (net)                                     1         0.00                0.00       0.15 f
  U162/Y (NAND3_X1TA_A6P5PP140ZTS_C35)                              0.02      0.02       0.17 r
  n59 (net)                                     1         0.00                0.00       0.17 r
  U190/Y (AOI21_X3M_A6P5PP140ZTS_C35)                               0.02      0.02       0.19 f
  n95 (net)                                     2         0.00                0.00       0.19 f
  U235/Y (BUF_X12M_A6P5PP140ZTS_C35)                                0.02      0.03       0.22 f
  n413 (net)                                   17         0.02                0.00       0.22 f
  U237/Y (MXIT2_X3M_A6P5PP140ZTS_C35)                               0.02      0.02       0.24 f
  n236 (net)                                    4         0.00                0.00       0.24 f
  U241/Y (NOR2_X1A_A6P5PP140ZTS_C35)                                0.03      0.02       0.27 r
  n199 (net)                                    2         0.00                0.00       0.27 r
  U242/Y (INV_X1M_A6P5PP140ZTS_C35)                                 0.01      0.02       0.28 f
  n222 (net)                                    2         0.00                0.00       0.28 f
  U369/Y (OAI22_X1M_A6P5PP140ZTS_C35)                               0.05      0.03       0.31 r
  n285 (net)                                    2         0.00                0.00       0.31 r
  U437/Y (NAND2_X1M_A6P5PP140ZTS_C35)                               0.03      0.03       0.34 f
  n1029 (net)                                   3         0.00                0.00       0.34 f
  U438/Y (XNOR2_X0P5M_A6P5PP140ZTS_C35)                             0.03      0.04       0.38 f
  n286 (net)                                    2         0.00                0.00       0.38 f
  U440/Y (NOR2_X1A_A6P5PP140ZTS_C35)                                0.03      0.03       0.41 r
  n306 (net)                                    3         0.00                0.00       0.41 r
  U458/Y (OAI21_X0P5M_A6P5PP140ZTS_C35)                             0.03      0.03       0.43 f
  n321 (net)                                    3         0.00                0.00       0.43 f
  U463/Y (AO12_X1M_A6P5PP140ZTS_C35)                                0.01      0.04       0.47 f
  n310 (net)                                    1         0.00                0.00       0.47 f
  U81/Y (AOI21_X1M_A6P5PP140ZTS_C35)                                0.03      0.02       0.49 r
  n311 (net)                                    1         0.00                0.00       0.49 r
  U464/Y (OAI21_X2M_A6P5PP140ZTS_C35)                               0.02      0.02       0.51 f
  n312 (net)                                    1         0.00                0.00       0.51 f
  U465/Y (XNOR2_X3M_A6P5PP140ZTS_C35)                               0.03      0.03       0.55 f
  n922 (net)                                    4         0.00                0.00       0.55 f
  U493/Y (NOR2_X2A_A6P5PP140ZTS_C35)                                0.04      0.04       0.58 r
  n955 (net)                                    4         0.00                0.00       0.58 r
  U37/Y (AND2_X1M_A6P5PP140ZTS_C35)                                 0.03      0.04       0.63 r
  n975 (net)                                    6         0.00                0.00       0.63 r
  U501/Y (NAND2_X3M_A6P5PP140ZTS_C35)                               0.02      0.02       0.65 f
  n1018 (net)                                   8         0.00                0.00       0.65 f
  U503/Y (NOR2_X3TA_A6P5PP140ZTS_C35)                               0.01      0.01       0.66 r
  n353 (net)                                    1         0.00                0.00       0.66 r
  U33/Y (NOR2_X2TA_A6P5PP140ZTS_C35)                                0.01      0.01       0.67 f
  n354 (net)                                    1         0.00                0.00       0.67 f
  U504/Y (NOR2_X1P4TA_A6P5PP140ZTS_C35)                             0.01      0.02       0.69 r
  n355 (net)                                    1         0.00                0.00       0.69 r
  U82/Y (INV_X2M_A6P5PP140ZTS_C35)                                  0.01      0.01       0.70 f
  n358 (net)                                    2         0.00                0.00       0.70 f
  U510/Y (NAND2_X3M_A6P5PP140ZTS_C35)                               0.02      0.01       0.71 r
  n446 (net)                                    2         0.00                0.00       0.71 r
  U25/Y (NAND2_X1M_A6P5PP140ZTS_C35)                                0.02      0.02       0.73 f
  n449 (net)                                    1         0.00                0.00       0.73 f
  U607/Y (XOR2_X1M_A6P5PP140ZTS_C35)                                0.03      0.03       0.76 f
  n1093 (net)                                   2         0.00                0.00       0.76 f
  U612/Y (NOR3_X1TA_A6P5PP140ZTS_C35)                               0.02      0.02       0.78 r
  n457 (net)                                    1         0.00                0.00       0.78 r
  U613/Y (NAND2_X1M_A6P5PP140ZTS_C35)                               0.02      0.02       0.80 f
  n460 (net)                                    1         0.00                0.00       0.80 f
  U616/Y (NOR3_X2M_A6P5PP140ZTS_C35)                                0.04      0.03       0.83 r
  n469 (net)                                    1         0.00                0.00       0.83 r
  U621/Y (NAND3_X2TA_A6P5PP140ZTS_C35)                              0.02      0.02       0.86 f
  n914 (net)                                    2         0.00                0.00       0.86 f
  U622/Y (NAND2_X1M_A6P5PP140ZTS_C35)                               0.02      0.02       0.88 r
  n1050 (net)                                   3         0.00                0.00       0.88 r
  U1077/Y (INV_X1M_A6P5PP140ZTS_C35)                                0.01      0.01       0.89 f
  n1042 (net)                                   1         0.00                0.00       0.89 f
  U1079/Y (OAI211_X1M_A6P5PP140ZTS_C35)                             0.03      0.02       0.91 r
  u_dut/N8 (net)                                1         0.00                0.00       0.91 r
  u_dut/status_o_reg[0]/D (DFFRPQA_X2M_A6P5PP140ZTS_C35)            0.03      0.00       0.91 r
  data arrival time                                                                      0.91

  clock clk (rise edge)                                                       1.00       1.00
  clock network delay (ideal)                                                 0.00       1.00
  clock uncertainty                                                          -0.05       0.95
  u_dut/status_o_reg[0]/CK (DFFRPQA_X2M_A6P5PP140ZTS_C35)                     0.00       0.95 r
  library setup time                                                         -0.04       0.91
  data required time                                                                     0.91
  ----------------------------------------------------------------------------------------------
  data required time                                                                     0.91
  data arrival time                                                                     -0.91
  ----------------------------------------------------------------------------------------------
  slack (MET)                                                                            0.00


  Startpoint: u_dut/product_q_reg[3]
              (rising edge-triggered flip-flop clocked by clk)
  Endpoint: u_dut/status_o_reg[0]
            (rising edge-triggered flip-flop clocked by clk)
  Path Group: clk
  Path Type: max

  Des/Clust/Port     Wire Load Model       Library
  ------------------------------------------------
  char_top           Zero                  sc6p5mcpp140z_cln22ul_base_svt_c35_tt_typical_max_0p80v_25c

  Point                                       Fanout       Cap     Trans      Incr       Path
  ----------------------------------------------------------------------------------------------
  clock clk (rise edge)                                                       0.00       0.00
  clock network delay (ideal)                                                 0.00       0.00
  u_dut/product_q_reg[3]/CK (DFFRPQA_X2M_A6P5PP140ZTS_C35)          0.00      0.00       0.00 r
  u_dut/product_q_reg[3]/Q (DFFRPQA_X2M_A6P5PP140ZTS_C35)           0.02      0.06       0.06 r
  u_dut/product_q[3] (net)                      3         0.00                0.00       0.06 r
  U73/Y (INV_X1M_A6P5PP140ZTS_C35)                                  0.01      0.01       0.07 f
  n19 (net)                                     2         0.00                0.00       0.07 f
  U133/Y (NAND2_X2M_A6P5PP140ZTS_C35)                               0.01      0.01       0.08 r
  n26 (net)                                     2         0.00                0.00       0.08 r
  U70/Y (AOI21_X0P5M_A6P5PP140ZTS_C35)                              0.02      0.02       0.10 f
  n30 (net)                                     2         0.00                0.00       0.10 f
  U151/Y (AOI21_X0P5M_A6P5PP140ZTS_C35)                             0.02      0.02       0.12 r
  n31 (net)                                     1         0.00                0.00       0.12 r
  U152/Y (OAI211_X1M_A6P5PP140ZTS_C35)                              0.03      0.02       0.15 f
  n44 (net)                                     1         0.00                0.00       0.15 f
  U162/Y (NAND3_X1TA_A6P5PP140ZTS_C35)                              0.02      0.02       0.17 r
  n59 (net)                                     1         0.00                0.00       0.17 r
  U190/Y (AOI21_X3M_A6P5PP140ZTS_C35)                               0.02      0.02       0.19 f
  n95 (net)                                     2         0.00                0.00       0.19 f
  U235/Y (BUF_X12M_A6P5PP140ZTS_C35)                                0.02      0.03       0.22 f
  n413 (net)                                   17         0.02                0.00       0.22 f
  U237/Y (MXIT2_X3M_A6P5PP140ZTS_C35)                               0.02      0.02       0.24 f
  n236 (net)                                    4         0.00                0.00       0.24 f
  U241/Y (NOR2_X1A_A6P5PP140ZTS_C35)                                0.03      0.02       0.27 r
  n199 (net)                                    2         0.00                0.00       0.27 r
  U242/Y (INV_X1M_A6P5PP140ZTS_C35)                                 0.01      0.02       0.28 f
  n222 (net)                                    2         0.00                0.00       0.28 f
  U369/Y (OAI22_X1M_A6P5PP140ZTS_C35)                               0.05      0.03       0.31 r
  n285 (net)                                    2         0.00                0.00       0.31 r
  U437/Y (NAND2_X1M_A6P5PP140ZTS_C35)                               0.03      0.03       0.34 f
  n1029 (net)                                   3         0.00                0.00       0.34 f
  U438/Y (XNOR2_X0P5M_A6P5PP140ZTS_C35)                             0.03      0.04       0.38 f
  n286 (net)                                    2         0.00                0.00       0.38 f
  U440/Y (NOR2_X1A_A6P5PP140ZTS_C35)                                0.03      0.03       0.41 r
  n306 (net)                                    3         0.00                0.00       0.41 r
  U458/Y (OAI21_X0P5M_A6P5PP140ZTS_C35)                             0.03      0.03       0.43 f
  n321 (net)                                    3         0.00                0.00       0.43 f
  U463/Y (AO12_X1M_A6P5PP140ZTS_C35)                                0.01      0.04       0.47 f
  n310 (net)                                    1         0.00                0.00       0.47 f
  U81/Y (AOI21_X1M_A6P5PP140ZTS_C35)                                0.03      0.02       0.49 r
  n311 (net)                                    1         0.00                0.00       0.49 r
  U464/Y (OAI21_X2M_A6P5PP140ZTS_C35)                               0.02      0.02       0.51 f
  n312 (net)                                    1         0.00                0.00       0.51 f
  U465/Y (XNOR2_X3M_A6P5PP140ZTS_C35)                               0.03      0.03       0.55 f
  n922 (net)                                    4         0.00                0.00       0.55 f
  U493/Y (NOR2_X2A_A6P5PP140ZTS_C35)                                0.04      0.04       0.58 r
  n955 (net)                                    4         0.00                0.00       0.58 r
  U37/Y (AND2_X1M_A6P5PP140ZTS_C35)                                 0.03      0.04       0.63 r
  n975 (net)                                    6         0.00                0.00       0.63 r
  U501/Y (NAND2_X3M_A6P5PP140ZTS_C35)                               0.02      0.02       0.65 f
  n1018 (net)                                   8         0.00                0.00       0.65 f
  U503/Y (NOR2_X3TA_A6P5PP140ZTS_C35)                               0.01      0.01       0.66 r
  n353 (net)                                    1         0.00                0.00       0.66 r
  U33/Y (NOR2_X2TA_A6P5PP140ZTS_C35)                                0.01      0.01       0.67 f
  n354 (net)                                    1         0.00                0.00       0.67 f
  U504/Y (NOR2_X1P4TA_A6P5PP140ZTS_C35)                             0.01      0.02       0.69 r
  n355 (net)                                    1         0.00                0.00       0.69 r
  U82/Y (INV_X2M_A6P5PP140ZTS_C35)                                  0.01      0.01       0.70 f
  n358 (net)                                    2         0.00                0.00       0.70 f
  U510/Y (NAND2_X3M_A6P5PP140ZTS_C35)                               0.02      0.01       0.71 r
  n446 (net)                                    2         0.00                0.00       0.71 r
  U25/Y (NAND2_X1M_A6P5PP140ZTS_C35)                                0.02      0.02       0.73 f
  n449 (net)                                    1         0.00                0.00       0.73 f
  U607/Y (XOR2_X1M_A6P5PP140ZTS_C35)                                0.03      0.03       0.76 f
  n1093 (net)                                   2         0.00                0.00       0.76 f
  U612/Y (NOR3_X1TA_A6P5PP140ZTS_C35)                               0.02      0.02       0.78 r
  n457 (net)                                    1         0.00                0.00       0.78 r
  U613/Y (NAND2_X1M_A6P5PP140ZTS_C35)                               0.02      0.02       0.80 f
  n460 (net)                                    1         0.00                0.00       0.80 f
  U616/Y (NOR3_X2M_A6P5PP140ZTS_C35)                                0.04      0.03       0.83 r
  n469 (net)                                    1         0.00                0.00       0.83 r
  U621/Y (NAND3_X2TA_A6P5PP140ZTS_C35)                              0.02      0.02       0.86 f
  n914 (net)                                    2         0.00                0.00       0.86 f
  U622/Y (NAND2_X1M_A6P5PP140ZTS_C35)                               0.02      0.02       0.88 r
  n1050 (net)                                   3         0.00                0.00       0.88 r
  U1077/Y (INV_X1M_A6P5PP140ZTS_C35)                                0.01      0.01       0.89 f
  n1042 (net)                                   1         0.00                0.00       0.89 f
  U1079/Y (OAI211_X1M_A6P5PP140ZTS_C35)                             0.03      0.02       0.91 r
  u_dut/N8 (net)                                1         0.00                0.00       0.91 r
  u_dut/status_o_reg[0]/D (DFFRPQA_X2M_A6P5PP140ZTS_C35)            0.03      0.00       0.91 r
  data arrival time                                                                      0.91

  clock clk (rise edge)                                                       1.00       1.00
  clock network delay (ideal)                                                 0.00       1.00
  clock uncertainty                                                          -0.05       0.95
  u_dut/status_o_reg[0]/CK (DFFRPQA_X2M_A6P5PP140ZTS_C35)                     0.00       0.95 r
  library setup time                                                         -0.04       0.91
  data required time                                                                     0.91
  ----------------------------------------------------------------------------------------------
  data required time                                                                     0.91
  data arrival time                                                                     -0.91
  ----------------------------------------------------------------------------------------------
  slack (MET)                                                                            0.00


  Startpoint: u_dut/product_q_reg[3]
              (rising edge-triggered flip-flop clocked by clk)
  Endpoint: u_dut/status_o_reg[0]
            (rising edge-triggered flip-flop clocked by clk)
  Path Group: clk
  Path Type: max

  Des/Clust/Port     Wire Load Model       Library
  ------------------------------------------------
  char_top           Zero                  sc6p5mcpp140z_cln22ul_base_svt_c35_tt_typical_max_0p80v_25c

  Point                                       Fanout       Cap     Trans      Incr       Path
  ----------------------------------------------------------------------------------------------
  clock clk (rise edge)                                                       0.00       0.00
  clock network delay (ideal)                                                 0.00       0.00
  u_dut/product_q_reg[3]/CK (DFFRPQA_X2M_A6P5PP140ZTS_C35)          0.00      0.00       0.00 r
  u_dut/product_q_reg[3]/Q (DFFRPQA_X2M_A6P5PP140ZTS_C35)           0.02      0.06       0.06 r
  u_dut/product_q[3] (net)                      3         0.00                0.00       0.06 r
  U73/Y (INV_X1M_A6P5PP140ZTS_C35)                                  0.01      0.01       0.07 f
  n19 (net)                                     2         0.00                0.00       0.07 f
  U133/Y (NAND2_X2M_A6P5PP140ZTS_C35)                               0.01      0.01       0.08 r
  n26 (net)                                     2         0.00                0.00       0.08 r
  U70/Y (AOI21_X0P5M_A6P5PP140ZTS_C35)                              0.02      0.02       0.10 f
  n30 (net)                                     2         0.00                0.00       0.10 f
  U151/Y (AOI21_X0P5M_A6P5PP140ZTS_C35)                             0.02      0.02       0.12 r
  n31 (net)                                     1         0.00                0.00       0.12 r
  U152/Y (OAI211_X1M_A6P5PP140ZTS_C35)                              0.03      0.02       0.15 f
  n44 (net)                                     1         0.00                0.00       0.15 f
  U162/Y (NAND3_X1TA_A6P5PP140ZTS_C35)                              0.02      0.02       0.17 r
  n59 (net)                                     1         0.00                0.00       0.17 r
  U190/Y (AOI21_X3M_A6P5PP140ZTS_C35)                               0.02      0.02       0.19 f
  n95 (net)                                     2         0.00                0.00       0.19 f
  U235/Y (BUF_X12M_A6P5PP140ZTS_C35)                                0.02      0.03       0.22 f
  n413 (net)                                   17         0.02                0.00       0.22 f
  U237/Y (MXIT2_X3M_A6P5PP140ZTS_C35)                               0.02      0.02       0.24 f
  n236 (net)                                    4         0.00                0.00       0.24 f
  U241/Y (NOR2_X1A_A6P5PP140ZTS_C35)                                0.03      0.02       0.27 r
  n199 (net)                                    2         0.00                0.00       0.27 r
  U242/Y (INV_X1M_A6P5PP140ZTS_C35)                                 0.01      0.02       0.28 f
  n222 (net)                                    2         0.00                0.00       0.28 f
  U369/Y (OAI22_X1M_A6P5PP140ZTS_C35)                               0.05      0.03       0.31 r
  n285 (net)                                    2         0.00                0.00       0.31 r
  U437/Y (NAND2_X1M_A6P5PP140ZTS_C35)                               0.03      0.03       0.34 f
  n1029 (net)                                   3         0.00                0.00       0.34 f
  U438/Y (XNOR2_X0P5M_A6P5PP140ZTS_C35)                             0.03      0.04       0.38 f
  n286 (net)                                    2         0.00                0.00       0.38 f
  U440/Y (NOR2_X1A_A6P5PP140ZTS_C35)                                0.03      0.03       0.41 r
  n306 (net)                                    3         0.00                0.00       0.41 r
  U458/Y (OAI21_X0P5M_A6P5PP140ZTS_C35)                             0.03      0.03       0.43 f
  n321 (net)                                    3         0.00                0.00       0.43 f
  U463/Y (AO12_X1M_A6P5PP140ZTS_C35)                                0.01      0.04       0.47 f
  n310 (net)                                    1         0.00                0.00       0.47 f
  U81/Y (AOI21_X1M_A6P5PP140ZTS_C35)                                0.03      0.02       0.49 r
  n311 (net)                                    1         0.00                0.00       0.49 r
  U464/Y (OAI21_X2M_A6P5PP140ZTS_C35)                               0.02      0.02       0.51 f
  n312 (net)                                    1         0.00                0.00       0.51 f
  U465/Y (XNOR2_X3M_A6P5PP140ZTS_C35)                               0.03      0.03       0.55 f
  n922 (net)                                    4         0.00                0.00       0.55 f
  U493/Y (NOR2_X2A_A6P5PP140ZTS_C35)                                0.04      0.04       0.58 r
  n955 (net)                                    4         0.00                0.00       0.58 r
  U37/Y (AND2_X1M_A6P5PP140ZTS_C35)                                 0.03      0.04       0.63 r
  n975 (net)                                    6         0.00                0.00       0.63 r
  U501/Y (NAND2_X3M_A6P5PP140ZTS_C35)                               0.02      0.02       0.65 f
  n1018 (net)                                   8         0.00                0.00       0.65 f
  U503/Y (NOR2_X3TA_A6P5PP140ZTS_C35)                               0.01      0.01       0.66 r
  n353 (net)                                    1         0.00                0.00       0.66 r
  U33/Y (NOR2_X2TA_A6P5PP140ZTS_C35)                                0.01      0.01       0.67 f
  n354 (net)                                    1         0.00                0.00       0.67 f
  U504/Y (NOR2_X1P4TA_A6P5PP140ZTS_C35)                             0.01      0.02       0.69 r
  n355 (net)                                    1         0.00                0.00       0.69 r
  U82/Y (INV_X2M_A6P5PP140ZTS_C35)                                  0.01      0.01       0.70 f
  n358 (net)                                    2         0.00                0.00       0.70 f
  U27/Y (NOR2_X3A_A6P5PP140ZTS_C35)                                 0.02      0.02       0.72 r
  n445 (net)                                    2         0.00                0.00       0.72 r
  U511/Y (OAI21_X3M_A6P5PP140ZTS_C35)                               0.02      0.02       0.74 f
  n437 (net)                                    2         0.00                0.00       0.74 f
  U601/Y (INV_X3M_A6P5PP140ZTS_C35)                                 0.01      0.01       0.75 r
  n443 (net)                                    2         0.00                0.00       0.75 r
  U602/Y (OAI21_X2M_A6P5PP140ZTS_C35)                               0.02      0.01       0.77 f
  n438 (net)                                    1         0.00                0.00       0.77 f
  U603/Y (XNOR2_X0P5M_A6P5PP140ZTS_C35)                             0.03      0.04       0.80 f
  n1099 (net)                                   2         0.00                0.00       0.80 f
  U616/Y (NOR3_X2M_A6P5PP140ZTS_C35)                                0.04      0.03       0.83 r
  n469 (net)                                    1         0.00                0.00       0.83 r
  U621/Y (NAND3_X2TA_A6P5PP140ZTS_C35)                              0.02      0.02       0.86 f
  n914 (net)                                    2         0.00                0.00       0.86 f
  U622/Y (NAND2_X1M_A6P5PP140ZTS_C35)                               0.02      0.02       0.88 r
  n1050 (net)                                   3         0.00                0.00       0.88 r
  U1077/Y (INV_X1M_A6P5PP140ZTS_C35)                                0.01      0.01       0.89 f
  n1042 (net)                                   1         0.00                0.00       0.89 f
  U1079/Y (OAI211_X1M_A6P5PP140ZTS_C35)                             0.03      0.02       0.91 r
  u_dut/N8 (net)                                1         0.00                0.00       0.91 r
  u_dut/status_o_reg[0]/D (DFFRPQA_X2M_A6P5PP140ZTS_C35)            0.03      0.00       0.91 r
  data arrival time                                                                      0.91

  clock clk (rise edge)                                                       1.00       1.00
  clock network delay (ideal)                                                 0.00       1.00
  clock uncertainty                                                          -0.05       0.95
  u_dut/status_o_reg[0]/CK (DFFRPQA_X2M_A6P5PP140ZTS_C35)                     0.00       0.95 r
  library setup time                                                         -0.04       0.91
  data required time                                                                     0.91
  ----------------------------------------------------------------------------------------------
  data required time                                                                     0.91
  data arrival time                                                                     -0.91
  ----------------------------------------------------------------------------------------------
  slack (MET)                                                                            0.00


  Startpoint: u_dut/c_q_reg[8]
              (rising edge-triggered flip-flop clocked by clk)
  Endpoint: u_dut/status_o_reg[5]
            (rising edge-triggered flip-flop clocked by clk)
  Path Group: clk
  Path Type: max

  Des/Clust/Port     Wire Load Model       Library
  ------------------------------------------------
  char_top           Zero                  sc6p5mcpp140z_cln22ul_base_svt_c35_tt_typical_max_0p80v_25c

  Point                                       Fanout       Cap     Trans      Incr       Path
  ----------------------------------------------------------------------------------------------
  clock clk (rise edge)                                                       0.00       0.00
  clock network delay (ideal)                                                 0.00       0.00
  u_dut/c_q_reg[8]/CK (DFFRPQA_X2M_A6P5PP140ZTS_C35)                0.00      0.00       0.00 r
  u_dut/c_q_reg[8]/Q (DFFRPQA_X2M_A6P5PP140ZTS_C35)                 0.02      0.06       0.06 r
  u_dut/c_q[8] (net)                            5         0.00                0.00       0.06 r
  U74/Y (INV_X2M_A6P5PP140ZTS_C35)                                  0.01      0.01       0.07 f
  n356 (net)                                    4         0.00                0.00       0.07 f
  U196/Y (NOR2_X2A_A6P5PP140ZTS_C35)                                0.02      0.02       0.09 r
  n85 (net)                                     2         0.00                0.00       0.09 r
  U197/Y (OAI21_X2M_A6P5PP140ZTS_C35)                               0.02      0.02       0.11 f
  n68 (net)                                     2         0.00                0.00       0.11 f
  U209/Y (AOI21_X3M_A6P5PP140ZTS_C35)                               0.02      0.03       0.13 r
  n145 (net)                                    4         0.00                0.00       0.13 r
  U223/Y (OAI21_X1M_A6P5PP140ZTS_C35)                               0.03      0.03       0.16 f
  n82 (net)                                     1         0.00                0.00       0.16 f
  U224/Y (INV_X3M_A6P5PP140ZTS_C35)                                 0.02      0.02       0.18 r
  n139 (net)                                    4         0.00                0.00       0.18 r
  U258/Y (INV_X3M_A6P5PP140ZTS_C35)                                 0.01      0.01       0.19 f
  n127 (net)                                    2         0.00                0.00       0.19 f
  U275/Y (NOR2_X2A_A6P5PP140ZTS_C35)                                0.02      0.02       0.21 r
  n131 (net)                                    1         0.00                0.00       0.21 r
  U279/Y (NAND3_X3M_A6P5PP140ZTS_C35)                               0.02      0.02       0.23 f
  n176 (net)                                    2         0.00                0.00       0.23 f
  U326/Y (OAI22_X3M_A6P5PP140ZTS_C35)                               0.03      0.02       0.25 r
  n180 (net)                                    1         0.00                0.00       0.25 r
  U327/Y (NAND2_X4M_A6P5PP140ZTS_C35)                               0.02      0.02       0.27 f
  n202 (net)                                    3         0.00                0.00       0.27 f
  U328/Y (NOR2_X1P4TA_A6P5PP140ZTS_C35)                             0.04      0.03       0.30 r
  n237 (net)                                    7         0.00                0.00       0.30 r
  U383/Y (AOI22_X2M_A6P5PP140ZTS_C35)                               0.03      0.02       0.32 f
  n253 (net)                                    2         0.00                0.00       0.32 f
  U398/Y (OAI22_X1M_A6P5PP140ZTS_C35)                               0.05      0.04       0.35 r
  n902 (net)                                    3         0.00                0.00       0.35 r
  U649/Y (XNOR2_X0P5M_A6P5PP140ZTS_C35)                             0.04      0.03       0.39 f
  n502 (net)                                    1         0.00                0.00       0.39 f
  U650/Y (OA21B_X3M_A6P5PP140ZTS_C35)                               0.02      0.02       0.41 r
  u_dut/u_add/U1/fr[6] (net)                    3         0.00                0.00       0.41 r
  U651/Y (INV_X2M_A6P5PP140ZTS_C35)                                 0.01      0.01       0.42 f
  u_dut/u_add/U1/U2/U1/or2_inv[0][10] (net)     1         0.00                0.00       0.42 f
  u_dut/u_add/U1/U2/U1/UEN0_0_1_2/Y (AOI21_X2M_A6P5PP140ZTS_C35)
                                                                    0.02      0.02       0.44 r
  u_dut/u_add/U1/U2/U1/enc_tree[0][1][10] (net)
                                                1         0.00                0.00       0.44 r
  U1136/Y (OAI21_X2M_A6P5PP140ZTS_C35)                              0.02      0.02       0.46 f
  u_dut/u_add/U1/U2/U1/enc_tree[0][2][12] (net)
                                                1         0.00                0.00       0.46 f
  U1142/Y (AOI21_X6M_A6P5PP140ZTS_C35)                              0.03      0.03       0.49 r
  u_dut/u_add/U1/num_zeros_path1[0] (net)       7         0.01                0.00       0.49 r
  U423/Y (INV_X3M_A6P5PP140ZTS_C35)                                 0.01      0.01       0.50 f
  n272 (net)                                    1         0.00                0.00       0.50 f
  U49/Y (NOR2_X3A_A6P5PP140ZTS_C35)                                 0.03      0.02       0.52 r
  n989 (net)                                    8         0.00                0.00       0.52 r
  U434/Y (NAND2_X1M_A6P5PP140ZTS_C35)                               0.02      0.02       0.54 f
  n283 (net)                                    1         0.00                0.00       0.54 f
  U95/Y (OAI21_X2M_A6P5PP140ZTS_C35)                                0.02      0.02       0.56 r
  n981 (net)                                    3         0.00                0.00       0.56 r
  U435/Y (NAND3_X1TA_A6P5PP140ZTS_C35)                              0.03      0.02       0.58 f
  n295 (net)                                    1         0.00                0.00       0.58 f
  U448/Y (NAND3_X4M_A6P5PP140ZTS_C35)                               0.03      0.03       0.61 r
  n926 (net)                                    5         0.00                0.00       0.61 r
  U449/Y (XOR2_X3M_A6P5PP140ZTS_C35)                                0.03      0.03       0.64 r
  n320 (net)                                    1         0.00                0.00       0.64 r
  U474/Y (NOR2_X3TA_A6P5PP140ZTS_C35)                               0.01      0.01       0.65 f
  n333 (net)                                    1         0.00                0.00       0.65 f
  U30/Y (NOR2_X3A_A6P5PP140ZTS_C35)                                 0.02      0.01       0.67 r
  n336 (net)                                    2         0.00                0.00       0.67 r
  U480/Y (NAND2_X1P4TA_A6P5PP140ZTS_C35)                            0.02      0.01       0.68 f
  n450 (net)                                    3         0.00                0.00       0.68 f
  U509/Y (OA21B_X1M_A6P5PP140ZTS_C35)                               0.02      0.04       0.71 f
  n448 (net)                                    2         0.00                0.00       0.71 f
  U511/Y (OAI21_X3M_A6P5PP140ZTS_C35)                               0.03      0.03       0.74 r
  n437 (net)                                    2         0.00                0.00       0.74 r
  U526/Y (AOI21_X3M_A6P5PP140ZTS_C35)                               0.02      0.02       0.76 f
  n465 (net)                                    4         0.00                0.00       0.76 f
  U618/Y (OAI21_X1M_A6P5PP140ZTS_C35)                               0.03      0.03       0.79 r
  n466 (net)                                    1         0.00                0.00       0.79 r
  U619/Y (XNOR2_X0P5M_A6P5PP140ZTS_C35)                             0.03      0.03       0.82 r
  n468 (net)                                    1         0.00                0.00       0.82 r
  U620/Y (INV_X2M_A6P5PP140ZTS_C35)                                 0.01      0.01       0.84 f
  n909 (net)                                    2         0.00                0.00       0.84 f
  U621/Y (NAND3_X2TA_A6P5PP140ZTS_C35)                              0.02      0.02       0.85 r
  n914 (net)                                    2         0.00                0.00       0.85 r
  U622/Y (NAND2_X1M_A6P5PP140ZTS_C35)                               0.02      0.02       0.87 f
  n1050 (net)                                   3         0.00                0.00       0.87 f
  U1084/Y (NAND2_X1M_A6P5PP140ZTS_C35)                              0.02      0.02       0.89 r
  n1055 (net)                                   2         0.00                0.00       0.89 r
  U1087/Y (NAND3_X1A_A6P5PP140ZTS_C35)                              0.02      0.02       0.91 f
  u_dut/N3 (net)                                1         0.00                0.00       0.91 f
  u_dut/status_o_reg[5]/D (DFFRPQA_X2M_A6P5PP140ZTS_C35)            0.02      0.00       0.91 f
  data arrival time                                                                      0.91

  clock clk (rise edge)                                                       1.00       1.00
  clock network delay (ideal)                                                 0.00       1.00
  clock uncertainty                                                          -0.05       0.95
  u_dut/status_o_reg[5]/CK (DFFRPQA_X2M_A6P5PP140ZTS_C35)                     0.00       0.95 r
  library setup time                                                         -0.04       0.91
  data required time                                                                     0.91
  ----------------------------------------------------------------------------------------------
  data required time                                                                     0.91
  data arrival time                                                                     -0.91
  ----------------------------------------------------------------------------------------------
  slack (MET)                                                                            0.00


  Startpoint: u_dut/c_q_reg[8]
              (rising edge-triggered flip-flop clocked by clk)
  Endpoint: u_dut/status_o_reg[5]
            (rising edge-triggered flip-flop clocked by clk)
  Path Group: clk
  Path Type: max

  Des/Clust/Port     Wire Load Model       Library
  ------------------------------------------------
  char_top           Zero                  sc6p5mcpp140z_cln22ul_base_svt_c35_tt_typical_max_0p80v_25c

  Point                                       Fanout       Cap     Trans      Incr       Path
  ----------------------------------------------------------------------------------------------
  clock clk (rise edge)                                                       0.00       0.00
  clock network delay (ideal)                                                 0.00       0.00
  u_dut/c_q_reg[8]/CK (DFFRPQA_X2M_A6P5PP140ZTS_C35)                0.00      0.00       0.00 r
  u_dut/c_q_reg[8]/Q (DFFRPQA_X2M_A6P5PP140ZTS_C35)                 0.02      0.06       0.06 r
  u_dut/c_q[8] (net)                            5         0.00                0.00       0.06 r
  U74/Y (INV_X2M_A6P5PP140ZTS_C35)                                  0.01      0.01       0.07 f
  n356 (net)                                    4         0.00                0.00       0.07 f
  U196/Y (NOR2_X2A_A6P5PP140ZTS_C35)                                0.02      0.02       0.09 r
  n85 (net)                                     2         0.00                0.00       0.09 r
  U197/Y (OAI21_X2M_A6P5PP140ZTS_C35)                               0.02      0.02       0.11 f
  n68 (net)                                     2         0.00                0.00       0.11 f
  U209/Y (AOI21_X3M_A6P5PP140ZTS_C35)                               0.02      0.03       0.13 r
  n145 (net)                                    4         0.00                0.00       0.13 r
  U223/Y (OAI21_X1M_A6P5PP140ZTS_C35)                               0.03      0.03       0.16 f
  n82 (net)                                     1         0.00                0.00       0.16 f
  U224/Y (INV_X3M_A6P5PP140ZTS_C35)                                 0.02      0.02       0.18 r
  n139 (net)                                    4         0.00                0.00       0.18 r
  U258/Y (INV_X3M_A6P5PP140ZTS_C35)                                 0.01      0.01       0.19 f
  n127 (net)                                    2         0.00                0.00       0.19 f
  U275/Y (NOR2_X2A_A6P5PP140ZTS_C35)                                0.02      0.02       0.21 r
  n131 (net)                                    1         0.00                0.00       0.21 r
  U279/Y (NAND3_X3M_A6P5PP140ZTS_C35)                               0.02      0.02       0.23 f
  n176 (net)                                    2         0.00                0.00       0.23 f
  U326/Y (OAI22_X3M_A6P5PP140ZTS_C35)                               0.03      0.02       0.25 r
  n180 (net)                                    1         0.00                0.00       0.25 r
  U327/Y (NAND2_X4M_A6P5PP140ZTS_C35)                               0.02      0.02       0.27 f
  n202 (net)                                    3         0.00                0.00       0.27 f
  U328/Y (NOR2_X1P4TA_A6P5PP140ZTS_C35)                             0.04      0.03       0.30 r
  n237 (net)                                    7         0.00                0.00       0.30 r
  U383/Y (AOI22_X2M_A6P5PP140ZTS_C35)                               0.03      0.02       0.32 f
  n253 (net)                                    2         0.00                0.00       0.32 f
  U398/Y (OAI22_X1M_A6P5PP140ZTS_C35)                               0.05      0.04       0.35 r
  n902 (net)                                    3         0.00                0.00       0.35 r
  U649/Y (XNOR2_X0P5M_A6P5PP140ZTS_C35)                             0.04      0.03       0.39 f
  n502 (net)                                    1         0.00                0.00       0.39 f
  U650/Y (OA21B_X3M_A6P5PP140ZTS_C35)                               0.02      0.02       0.41 r
  u_dut/u_add/U1/fr[6] (net)                    3         0.00                0.00       0.41 r
  U651/Y (INV_X2M_A6P5PP140ZTS_C35)                                 0.01      0.01       0.42 f
  u_dut/u_add/U1/U2/U1/or2_inv[0][10] (net)     1         0.00                0.00       0.42 f
  u_dut/u_add/U1/U2/U1/UEN0_0_1_2/Y (AOI21_X2M_A6P5PP140ZTS_C35)
                                                                    0.02      0.02       0.44 r
  u_dut/u_add/U1/U2/U1/enc_tree[0][1][10] (net)
                                                1         0.00                0.00       0.44 r
  U1136/Y (OAI21_X2M_A6P5PP140ZTS_C35)                              0.02      0.02       0.46 f
  u_dut/u_add/U1/U2/U1/enc_tree[0][2][12] (net)
                                                1         0.00                0.00       0.46 f
  U1142/Y (AOI21_X6M_A6P5PP140ZTS_C35)                              0.03      0.03       0.49 r
  u_dut/u_add/U1/num_zeros_path1[0] (net)       7         0.01                0.00       0.49 r
  U423/Y (INV_X3M_A6P5PP140ZTS_C35)                                 0.01      0.01       0.50 f
  n272 (net)                                    1         0.00                0.00       0.50 f
  U49/Y (NOR2_X3A_A6P5PP140ZTS_C35)                                 0.03      0.02       0.52 r
  n989 (net)                                    8         0.00                0.00       0.52 r
  U434/Y (NAND2_X1M_A6P5PP140ZTS_C35)                               0.02      0.02       0.54 f
  n283 (net)                                    1         0.00                0.00       0.54 f
  U95/Y (OAI21_X2M_A6P5PP140ZTS_C35)                                0.02      0.02       0.56 r
  n981 (net)                                    3         0.00                0.00       0.56 r
  U435/Y (NAND3_X1TA_A6P5PP140ZTS_C35)                              0.03      0.02       0.58 f
  n295 (net)                                    1         0.00                0.00       0.58 f
  U448/Y (NAND3_X4M_A6P5PP140ZTS_C35)                               0.03      0.03       0.61 r
  n926 (net)                                    5         0.00                0.00       0.61 r
  U449/Y (XOR2_X3M_A6P5PP140ZTS_C35)                                0.03      0.03       0.64 r
  n320 (net)                                    1         0.00                0.00       0.64 r
  U474/Y (NOR2_X3TA_A6P5PP140ZTS_C35)                               0.01      0.01       0.65 f
  n333 (net)                                    1         0.00                0.00       0.65 f
  U30/Y (NOR2_X3A_A6P5PP140ZTS_C35)                                 0.02      0.01       0.67 r
  n336 (net)                                    2         0.00                0.00       0.67 r
  U480/Y (NAND2_X1P4TA_A6P5PP140ZTS_C35)                            0.02      0.01       0.68 f
  n450 (net)                                    3         0.00                0.00       0.68 f
  U509/Y (OA21B_X1M_A6P5PP140ZTS_C35)                               0.02      0.04       0.71 f
  n448 (net)                                    2         0.00                0.00       0.71 f
  U511/Y (OAI21_X3M_A6P5PP140ZTS_C35)                               0.03      0.03       0.74 r
  n437 (net)                                    2         0.00                0.00       0.74 r
  U526/Y (AOI21_X3M_A6P5PP140ZTS_C35)                               0.02      0.02       0.76 f
  n465 (net)                                    4         0.00                0.00       0.76 f
  U618/Y (OAI21_X1M_A6P5PP140ZTS_C35)                               0.03      0.03       0.79 r
  n466 (net)                                    1         0.00                0.00       0.79 r
  U619/Y (XNOR2_X0P5M_A6P5PP140ZTS_C35)                             0.03      0.03       0.82 r
  n468 (net)                                    1         0.00                0.00       0.82 r
  U620/Y (INV_X2M_A6P5PP140ZTS_C35)                                 0.01      0.01       0.84 f
  n909 (net)                                    2         0.00                0.00       0.84 f
  U621/Y (NAND3_X2TA_A6P5PP140ZTS_C35)                              0.02      0.02       0.85 r
  n914 (net)                                    2         0.00                0.00       0.85 r
  U622/Y (NAND2_X1M_A6P5PP140ZTS_C35)                               0.02      0.02       0.87 f
  n1050 (net)                                   3         0.00                0.00       0.87 f
  U1084/Y (NAND2_X1M_A6P5PP140ZTS_C35)                              0.02      0.02       0.89 r
  n1055 (net)                                   2         0.00                0.00       0.89 r
  U1087/Y (NAND3_X1A_A6P5PP140ZTS_C35)                              0.02      0.02       0.91 f
  u_dut/N3 (net)                                1         0.00                0.00       0.91 f
  u_dut/status_o_reg[5]/D (DFFRPQA_X2M_A6P5PP140ZTS_C35)            0.02      0.00       0.91 f
  data arrival time                                                                      0.91

  clock clk (rise edge)                                                       1.00       1.00
  clock network delay (ideal)                                                 0.00       1.00
  clock uncertainty                                                          -0.05       0.95
  u_dut/status_o_reg[5]/CK (DFFRPQA_X2M_A6P5PP140ZTS_C35)                     0.00       0.95 r
  library setup time                                                         -0.04       0.91
  data required time                                                                     0.91
  ----------------------------------------------------------------------------------------------
  data required time                                                                     0.91
  data arrival time                                                                     -0.91
  ----------------------------------------------------------------------------------------------
  slack (MET)                                                                            0.00


  Startpoint: u_dut/c_q_reg[8]
              (rising edge-triggered flip-flop clocked by clk)
  Endpoint: u_dut/status_o_reg[5]
            (rising edge-triggered flip-flop clocked by clk)
  Path Group: clk
  Path Type: max

  Des/Clust/Port     Wire Load Model       Library
  ------------------------------------------------
  char_top           Zero                  sc6p5mcpp140z_cln22ul_base_svt_c35_tt_typical_max_0p80v_25c

  Point                                       Fanout       Cap     Trans      Incr       Path
  ----------------------------------------------------------------------------------------------
  clock clk (rise edge)                                                       0.00       0.00
  clock network delay (ideal)                                                 0.00       0.00
  u_dut/c_q_reg[8]/CK (DFFRPQA_X2M_A6P5PP140ZTS_C35)                0.00      0.00       0.00 r
  u_dut/c_q_reg[8]/Q (DFFRPQA_X2M_A6P5PP140ZTS_C35)                 0.02      0.06       0.06 r
  u_dut/c_q[8] (net)                            5         0.00                0.00       0.06 r
  U74/Y (INV_X2M_A6P5PP140ZTS_C35)                                  0.01      0.01       0.07 f
  n356 (net)                                    4         0.00                0.00       0.07 f
  U196/Y (NOR2_X2A_A6P5PP140ZTS_C35)                                0.02      0.02       0.09 r
  n85 (net)                                     2         0.00                0.00       0.09 r
  U197/Y (OAI21_X2M_A6P5PP140ZTS_C35)                               0.02      0.02       0.11 f
  n68 (net)                                     2         0.00                0.00       0.11 f
  U209/Y (AOI21_X3M_A6P5PP140ZTS_C35)                               0.02      0.03       0.13 r
  n145 (net)                                    4         0.00                0.00       0.13 r
  U223/Y (OAI21_X1M_A6P5PP140ZTS_C35)                               0.03      0.03       0.16 f
  n82 (net)                                     1         0.00                0.00       0.16 f
  U224/Y (INV_X3M_A6P5PP140ZTS_C35)                                 0.02      0.02       0.18 r
  n139 (net)                                    4         0.00                0.00       0.18 r
  U258/Y (INV_X3M_A6P5PP140ZTS_C35)                                 0.01      0.01       0.19 f
  n127 (net)                                    2         0.00                0.00       0.19 f
  U275/Y (NOR2_X2A_A6P5PP140ZTS_C35)                                0.02      0.02       0.21 r
  n131 (net)                                    1         0.00                0.00       0.21 r
  U279/Y (NAND3_X3M_A6P5PP140ZTS_C35)                               0.02      0.02       0.23 f
  n176 (net)                                    2         0.00                0.00       0.23 f
  U326/Y (OAI22_X3M_A6P5PP140ZTS_C35)                               0.03      0.02       0.25 r
  n180 (net)                                    1         0.00                0.00       0.25 r
  U327/Y (NAND2_X4M_A6P5PP140ZTS_C35)                               0.02      0.02       0.27 f
  n202 (net)                                    3         0.00                0.00       0.27 f
  U328/Y (NOR2_X1P4TA_A6P5PP140ZTS_C35)                             0.04      0.03       0.30 r
  n237 (net)                                    7         0.00                0.00       0.30 r
  U383/Y (AOI22_X2M_A6P5PP140ZTS_C35)                               0.03      0.02       0.32 f
  n253 (net)                                    2         0.00                0.00       0.32 f
  U398/Y (OAI22_X1M_A6P5PP140ZTS_C35)                               0.05      0.04       0.35 r
  n902 (net)                                    3         0.00                0.00       0.35 r
  U649/Y (XNOR2_X0P5M_A6P5PP140ZTS_C35)                             0.04      0.03       0.39 f
  n502 (net)                                    1         0.00                0.00       0.39 f
  U650/Y (OA21B_X3M_A6P5PP140ZTS_C35)                               0.02      0.02       0.41 r
  u_dut/u_add/U1/fr[6] (net)                    3         0.00                0.00       0.41 r
  U651/Y (INV_X2M_A6P5PP140ZTS_C35)                                 0.01      0.01       0.42 f
  u_dut/u_add/U1/U2/U1/or2_inv[0][10] (net)     1         0.00                0.00       0.42 f
  u_dut/u_add/U1/U2/U1/UEN0_0_1_2/Y (AOI21_X2M_A6P5PP140ZTS_C35)
                                                                    0.02      0.02       0.44 r
  u_dut/u_add/U1/U2/U1/enc_tree[0][1][10] (net)
                                                1         0.00                0.00       0.44 r
  U1136/Y (OAI21_X2M_A6P5PP140ZTS_C35)                              0.02      0.02       0.46 f
  u_dut/u_add/U1/U2/U1/enc_tree[0][2][12] (net)
                                                1         0.00                0.00       0.46 f
  U1142/Y (AOI21_X6M_A6P5PP140ZTS_C35)                              0.03      0.03       0.49 r
  u_dut/u_add/U1/num_zeros_path1[0] (net)       7         0.01                0.00       0.49 r
  U423/Y (INV_X3M_A6P5PP140ZTS_C35)                                 0.01      0.01       0.50 f
  n272 (net)                                    1         0.00                0.00       0.50 f
  U49/Y (NOR2_X3A_A6P5PP140ZTS_C35)                                 0.03      0.02       0.52 r
  n989 (net)                                    8         0.00                0.00       0.52 r
  U434/Y (NAND2_X1M_A6P5PP140ZTS_C35)                               0.02      0.02       0.54 f
  n283 (net)                                    1         0.00                0.00       0.54 f
  U95/Y (OAI21_X2M_A6P5PP140ZTS_C35)                                0.02      0.02       0.56 r
  n981 (net)                                    3         0.00                0.00       0.56 r
  U435/Y (NAND3_X1TA_A6P5PP140ZTS_C35)                              0.03      0.02       0.58 f
  n295 (net)                                    1         0.00                0.00       0.58 f
  U448/Y (NAND3_X4M_A6P5PP140ZTS_C35)                               0.03      0.03       0.61 r
  n926 (net)                                    5         0.00                0.00       0.61 r
  U449/Y (XOR2_X3M_A6P5PP140ZTS_C35)                                0.03      0.03       0.64 r
  n320 (net)                                    1         0.00                0.00       0.64 r
  U474/Y (NOR2_X3TA_A6P5PP140ZTS_C35)                               0.01      0.01       0.65 f
  n333 (net)                                    1         0.00                0.00       0.65 f
  U30/Y (NOR2_X3A_A6P5PP140ZTS_C35)                                 0.02      0.01       0.67 r
  n336 (net)                                    2         0.00                0.00       0.67 r
  U480/Y (NAND2_X1P4TA_A6P5PP140ZTS_C35)                            0.02      0.01       0.68 f
  n450 (net)                                    3         0.00                0.00       0.68 f
  U509/Y (OA21B_X1M_A6P5PP140ZTS_C35)                               0.02      0.04       0.71 f
  n448 (net)                                    2         0.00                0.00       0.71 f
  U511/Y (OAI21_X3M_A6P5PP140ZTS_C35)                               0.03      0.03       0.74 r
  n437 (net)                                    2         0.00                0.00       0.74 r
  U526/Y (AOI21_X3M_A6P5PP140ZTS_C35)                               0.02      0.02       0.76 f
  n465 (net)                                    4         0.00                0.00       0.76 f
  U618/Y (OAI21_X1M_A6P5PP140ZTS_C35)                               0.03      0.03       0.79 r
  n466 (net)                                    1         0.00                0.00       0.79 r
  U619/Y (XNOR2_X0P5M_A6P5PP140ZTS_C35)                             0.03      0.03       0.82 r
  n468 (net)                                    1         0.00                0.00       0.82 r
  U620/Y (INV_X2M_A6P5PP140ZTS_C35)                                 0.01      0.01       0.84 f
  n909 (net)                                    2         0.00                0.00       0.84 f
  U621/Y (NAND3_X2TA_A6P5PP140ZTS_C35)                              0.02      0.02       0.85 r
  n914 (net)                                    2         0.00                0.00       0.85 r
  U622/Y (NAND2_X1M_A6P5PP140ZTS_C35)                               0.02      0.02       0.87 f
  n1050 (net)                                   3         0.00                0.00       0.87 f
  U1084/Y (NAND2_X1M_A6P5PP140ZTS_C35)                              0.02      0.02       0.89 r
  n1055 (net)                                   2         0.00                0.00       0.89 r
  U1087/Y (NAND3_X1A_A6P5PP140ZTS_C35)                              0.02      0.02       0.91 f
  u_dut/N3 (net)                                1         0.00                0.00       0.91 f
  u_dut/status_o_reg[5]/D (DFFRPQA_X2M_A6P5PP140ZTS_C35)            0.02      0.00       0.91 f
  data arrival time                                                                      0.91

  clock clk (rise edge)                                                       1.00       1.00
  clock network delay (ideal)                                                 0.00       1.00
  clock uncertainty                                                          -0.05       0.95
  u_dut/status_o_reg[5]/CK (DFFRPQA_X2M_A6P5PP140ZTS_C35)                     0.00       0.95 r
  library setup time                                                         -0.04       0.91
  data required time                                                                     0.91
  ----------------------------------------------------------------------------------------------
  data required time                                                                     0.91
  data arrival time                                                                     -0.91
  ----------------------------------------------------------------------------------------------
  slack (MET)                                                                            0.00


  Startpoint: u_dut/c_q_reg[8]
              (rising edge-triggered flip-flop clocked by clk)
  Endpoint: u_dut/status_o_reg[5]
            (rising edge-triggered flip-flop clocked by clk)
  Path Group: clk
  Path Type: max

  Des/Clust/Port     Wire Load Model       Library
  ------------------------------------------------
  char_top           Zero                  sc6p5mcpp140z_cln22ul_base_svt_c35_tt_typical_max_0p80v_25c

  Point                                       Fanout       Cap     Trans      Incr       Path
  ----------------------------------------------------------------------------------------------
  clock clk (rise edge)                                                       0.00       0.00
  clock network delay (ideal)                                                 0.00       0.00
  u_dut/c_q_reg[8]/CK (DFFRPQA_X2M_A6P5PP140ZTS_C35)                0.00      0.00       0.00 r
  u_dut/c_q_reg[8]/Q (DFFRPQA_X2M_A6P5PP140ZTS_C35)                 0.02      0.06       0.06 r
  u_dut/c_q[8] (net)                            5         0.00                0.00       0.06 r
  U74/Y (INV_X2M_A6P5PP140ZTS_C35)                                  0.01      0.01       0.07 f
  n356 (net)                                    4         0.00                0.00       0.07 f
  U196/Y (NOR2_X2A_A6P5PP140ZTS_C35)                                0.02      0.02       0.09 r
  n85 (net)                                     2         0.00                0.00       0.09 r
  U197/Y (OAI21_X2M_A6P5PP140ZTS_C35)                               0.02      0.02       0.11 f
  n68 (net)                                     2         0.00                0.00       0.11 f
  U209/Y (AOI21_X3M_A6P5PP140ZTS_C35)                               0.02      0.03       0.13 r
  n145 (net)                                    4         0.00                0.00       0.13 r
  U223/Y (OAI21_X1M_A6P5PP140ZTS_C35)                               0.03      0.03       0.16 f
  n82 (net)                                     1         0.00                0.00       0.16 f
  U224/Y (INV_X3M_A6P5PP140ZTS_C35)                                 0.02      0.02       0.18 r
  n139 (net)                                    4         0.00                0.00       0.18 r
  U258/Y (INV_X3M_A6P5PP140ZTS_C35)                                 0.01      0.01       0.19 f
  n127 (net)                                    2         0.00                0.00       0.19 f
  U275/Y (NOR2_X2A_A6P5PP140ZTS_C35)                                0.02      0.02       0.21 r
  n131 (net)                                    1         0.00                0.00       0.21 r
  U279/Y (NAND3_X3M_A6P5PP140ZTS_C35)                               0.02      0.02       0.23 f
  n176 (net)                                    2         0.00                0.00       0.23 f
  U326/Y (OAI22_X3M_A6P5PP140ZTS_C35)                               0.03      0.02       0.25 r
  n180 (net)                                    1         0.00                0.00       0.25 r
  U327/Y (NAND2_X4M_A6P5PP140ZTS_C35)                               0.02      0.02       0.27 f
  n202 (net)                                    3         0.00                0.00       0.27 f
  U328/Y (NOR2_X1P4TA_A6P5PP140ZTS_C35)                             0.04      0.03       0.30 r
  n237 (net)                                    7         0.00                0.00       0.30 r
  U383/Y (AOI22_X2M_A6P5PP140ZTS_C35)                               0.03      0.02       0.32 f
  n253 (net)                                    2         0.00                0.00       0.32 f
  U398/Y (OAI22_X1M_A6P5PP140ZTS_C35)                               0.05      0.04       0.35 r
  n902 (net)                                    3         0.00                0.00       0.35 r
  U649/Y (XNOR2_X0P5M_A6P5PP140ZTS_C35)                             0.04      0.03       0.39 f
  n502 (net)                                    1         0.00                0.00       0.39 f
  U650/Y (OA21B_X3M_A6P5PP140ZTS_C35)                               0.02      0.02       0.41 r
  u_dut/u_add/U1/fr[6] (net)                    3         0.00                0.00       0.41 r
  U651/Y (INV_X2M_A6P5PP140ZTS_C35)                                 0.01      0.01       0.42 f
  u_dut/u_add/U1/U2/U1/or2_inv[0][10] (net)     1         0.00                0.00       0.42 f
  u_dut/u_add/U1/U2/U1/UEN0_0_1_2/Y (AOI21_X2M_A6P5PP140ZTS_C35)
                                                                    0.02      0.02       0.44 r
  u_dut/u_add/U1/U2/U1/enc_tree[0][1][10] (net)
                                                1         0.00                0.00       0.44 r
  U1136/Y (OAI21_X2M_A6P5PP140ZTS_C35)                              0.02      0.02       0.46 f
  u_dut/u_add/U1/U2/U1/enc_tree[0][2][12] (net)
                                                1         0.00                0.00       0.46 f
  U1142/Y (AOI21_X6M_A6P5PP140ZTS_C35)                              0.03      0.03       0.49 r
  u_dut/u_add/U1/num_zeros_path1[0] (net)       7         0.01                0.00       0.49 r
  U423/Y (INV_X3M_A6P5PP140ZTS_C35)                                 0.01      0.01       0.50 f
  n272 (net)                                    1         0.00                0.00       0.50 f
  U49/Y (NOR2_X3A_A6P5PP140ZTS_C35)                                 0.03      0.02       0.52 r
  n989 (net)                                    8         0.00                0.00       0.52 r
  U434/Y (NAND2_X1M_A6P5PP140ZTS_C35)                               0.02      0.02       0.54 f
  n283 (net)                                    1         0.00                0.00       0.54 f
  U95/Y (OAI21_X2M_A6P5PP140ZTS_C35)                                0.02      0.02       0.56 r
  n981 (net)                                    3         0.00                0.00       0.56 r
  U435/Y (NAND3_X1TA_A6P5PP140ZTS_C35)                              0.03      0.02       0.58 f
  n295 (net)                                    1         0.00                0.00       0.58 f
  U448/Y (NAND3_X4M_A6P5PP140ZTS_C35)                               0.03      0.03       0.61 r
  n926 (net)                                    5         0.00                0.00       0.61 r
  U449/Y (XOR2_X3M_A6P5PP140ZTS_C35)                                0.03      0.03       0.64 r
  n320 (net)                                    1         0.00                0.00       0.64 r
  U474/Y (NOR2_X3TA_A6P5PP140ZTS_C35)                               0.01      0.01       0.65 f
  n333 (net)                                    1         0.00                0.00       0.65 f
  U30/Y (NOR2_X3A_A6P5PP140ZTS_C35)                                 0.02      0.01       0.67 r
  n336 (net)                                    2         0.00                0.00       0.67 r
  U480/Y (NAND2_X1P4TA_A6P5PP140ZTS_C35)                            0.02      0.01       0.68 f
  n450 (net)                                    3         0.00                0.00       0.68 f
  U509/Y (OA21B_X1M_A6P5PP140ZTS_C35)                               0.02      0.04       0.71 f
  n448 (net)                                    2         0.00                0.00       0.71 f
  U511/Y (OAI21_X3M_A6P5PP140ZTS_C35)                               0.03      0.03       0.74 r
  n437 (net)                                    2         0.00                0.00       0.74 r
  U526/Y (AOI21_X3M_A6P5PP140ZTS_C35)                               0.02      0.02       0.76 f
  n465 (net)                                    4         0.00                0.00       0.76 f
  U618/Y (OAI21_X1M_A6P5PP140ZTS_C35)                               0.03      0.03       0.79 r
  n466 (net)                                    1         0.00                0.00       0.79 r
  U619/Y (XNOR2_X0P5M_A6P5PP140ZTS_C35)                             0.03      0.03       0.82 r
  n468 (net)                                    1         0.00                0.00       0.82 r
  U620/Y (INV_X2M_A6P5PP140ZTS_C35)                                 0.01      0.01       0.84 f
  n909 (net)                                    2         0.00                0.00       0.84 f
  U621/Y (NAND3_X2TA_A6P5PP140ZTS_C35)                              0.02      0.02       0.85 r
  n914 (net)                                    2         0.00                0.00       0.85 r
  U622/Y (NAND2_X1M_A6P5PP140ZTS_C35)                               0.02      0.02       0.87 f
  n1050 (net)                                   3         0.00                0.00       0.87 f
  U1084/Y (NAND2_X1M_A6P5PP140ZTS_C35)                              0.02      0.02       0.89 r
  n1055 (net)                                   2         0.00                0.00       0.89 r
  U1087/Y (NAND3_X1A_A6P5PP140ZTS_C35)                              0.02      0.02       0.91 f
  u_dut/N3 (net)                                1         0.00                0.00       0.91 f
  u_dut/status_o_reg[5]/D (DFFRPQA_X2M_A6P5PP140ZTS_C35)            0.02      0.00       0.91 f
  data arrival time                                                                      0.91

  clock clk (rise edge)                                                       1.00       1.00
  clock network delay (ideal)                                                 0.00       1.00
  clock uncertainty                                                          -0.05       0.95
  u_dut/status_o_reg[5]/CK (DFFRPQA_X2M_A6P5PP140ZTS_C35)                     0.00       0.95 r
  library setup time                                                         -0.04       0.91
  data required time                                                                     0.91
  ----------------------------------------------------------------------------------------------
  data required time                                                                     0.91
  data arrival time                                                                     -0.91
  ----------------------------------------------------------------------------------------------
  slack (MET)                                                                            0.00


  Startpoint: u_dut/c_q_reg[8]
              (rising edge-triggered flip-flop clocked by clk)
  Endpoint: u_dut/status_o_reg[5]
            (rising edge-triggered flip-flop clocked by clk)
  Path Group: clk
  Path Type: max

  Des/Clust/Port     Wire Load Model       Library
  ------------------------------------------------
  char_top           Zero                  sc6p5mcpp140z_cln22ul_base_svt_c35_tt_typical_max_0p80v_25c

  Point                                       Fanout       Cap     Trans      Incr       Path
  ----------------------------------------------------------------------------------------------
  clock clk (rise edge)                                                       0.00       0.00
  clock network delay (ideal)                                                 0.00       0.00
  u_dut/c_q_reg[8]/CK (DFFRPQA_X2M_A6P5PP140ZTS_C35)                0.00      0.00       0.00 r
  u_dut/c_q_reg[8]/Q (DFFRPQA_X2M_A6P5PP140ZTS_C35)                 0.02      0.06       0.06 r
  u_dut/c_q[8] (net)                            5         0.00                0.00       0.06 r
  U74/Y (INV_X2M_A6P5PP140ZTS_C35)                                  0.01      0.01       0.07 f
  n356 (net)                                    4         0.00                0.00       0.07 f
  U196/Y (NOR2_X2A_A6P5PP140ZTS_C35)                                0.02      0.02       0.09 r
  n85 (net)                                     2         0.00                0.00       0.09 r
  U197/Y (OAI21_X2M_A6P5PP140ZTS_C35)                               0.02      0.02       0.11 f
  n68 (net)                                     2         0.00                0.00       0.11 f
  U209/Y (AOI21_X3M_A6P5PP140ZTS_C35)                               0.02      0.03       0.13 r
  n145 (net)                                    4         0.00                0.00       0.13 r
  U223/Y (OAI21_X1M_A6P5PP140ZTS_C35)                               0.03      0.03       0.16 f
  n82 (net)                                     1         0.00                0.00       0.16 f
  U224/Y (INV_X3M_A6P5PP140ZTS_C35)                                 0.02      0.02       0.18 r
  n139 (net)                                    4         0.00                0.00       0.18 r
  U258/Y (INV_X3M_A6P5PP140ZTS_C35)                                 0.01      0.01       0.19 f
  n127 (net)                                    2         0.00                0.00       0.19 f
  U275/Y (NOR2_X2A_A6P5PP140ZTS_C35)                                0.02      0.02       0.21 r
  n131 (net)                                    1         0.00                0.00       0.21 r
  U279/Y (NAND3_X3M_A6P5PP140ZTS_C35)                               0.02      0.02       0.23 f
  n176 (net)                                    2         0.00                0.00       0.23 f
  U326/Y (OAI22_X3M_A6P5PP140ZTS_C35)                               0.03      0.02       0.25 r
  n180 (net)                                    1         0.00                0.00       0.25 r
  U327/Y (NAND2_X4M_A6P5PP140ZTS_C35)                               0.02      0.02       0.27 f
  n202 (net)                                    3         0.00                0.00       0.27 f
  U328/Y (NOR2_X1P4TA_A6P5PP140ZTS_C35)                             0.04      0.03       0.30 r
  n237 (net)                                    7         0.00                0.00       0.30 r
  U383/Y (AOI22_X2M_A6P5PP140ZTS_C35)                               0.03      0.02       0.32 f
  n253 (net)                                    2         0.00                0.00       0.32 f
  U398/Y (OAI22_X1M_A6P5PP140ZTS_C35)                               0.05      0.04       0.35 r
  n902 (net)                                    3         0.00                0.00       0.35 r
  U649/Y (XNOR2_X0P5M_A6P5PP140ZTS_C35)                             0.04      0.03       0.39 f
  n502 (net)                                    1         0.00                0.00       0.39 f
  U650/Y (OA21B_X3M_A6P5PP140ZTS_C35)                               0.02      0.02       0.41 r
  u_dut/u_add/U1/fr[6] (net)                    3         0.00                0.00       0.41 r
  U651/Y (INV_X2M_A6P5PP140ZTS_C35)                                 0.01      0.01       0.42 f
  u_dut/u_add/U1/U2/U1/or2_inv[0][10] (net)     1         0.00                0.00       0.42 f
  u_dut/u_add/U1/U2/U1/UEN0_0_1_2/Y (AOI21_X2M_A6P5PP140ZTS_C35)
                                                                    0.02      0.02       0.44 r
  u_dut/u_add/U1/U2/U1/enc_tree[0][1][10] (net)
                                                1         0.00                0.00       0.44 r
  U1136/Y (OAI21_X2M_A6P5PP140ZTS_C35)                              0.02      0.02       0.46 f
  u_dut/u_add/U1/U2/U1/enc_tree[0][2][12] (net)
                                                1         0.00                0.00       0.46 f
  U1142/Y (AOI21_X6M_A6P5PP140ZTS_C35)                              0.03      0.03       0.49 r
  u_dut/u_add/U1/num_zeros_path1[0] (net)       7         0.01                0.00       0.49 r
  U423/Y (INV_X3M_A6P5PP140ZTS_C35)                                 0.01      0.01       0.50 f
  n272 (net)                                    1         0.00                0.00       0.50 f
  U49/Y (NOR2_X3A_A6P5PP140ZTS_C35)                                 0.03      0.02       0.52 r
  n989 (net)                                    8         0.00                0.00       0.52 r
  U434/Y (NAND2_X1M_A6P5PP140ZTS_C35)                               0.02      0.02       0.54 f
  n283 (net)                                    1         0.00                0.00       0.54 f
  U95/Y (OAI21_X2M_A6P5PP140ZTS_C35)                                0.02      0.02       0.56 r
  n981 (net)                                    3         0.00                0.00       0.56 r
  U435/Y (NAND3_X1TA_A6P5PP140ZTS_C35)                              0.03      0.02       0.58 f
  n295 (net)                                    1         0.00                0.00       0.58 f
  U448/Y (NAND3_X4M_A6P5PP140ZTS_C35)                               0.03      0.03       0.61 r
  n926 (net)                                    5         0.00                0.00       0.61 r
  U449/Y (XOR2_X3M_A6P5PP140ZTS_C35)                                0.03      0.03       0.64 r
  n320 (net)                                    1         0.00                0.00       0.64 r
  U474/Y (NOR2_X3TA_A6P5PP140ZTS_C35)                               0.01      0.01       0.65 f
  n333 (net)                                    1         0.00                0.00       0.65 f
  U30/Y (NOR2_X3A_A6P5PP140ZTS_C35)                                 0.02      0.01       0.67 r
  n336 (net)                                    2         0.00                0.00       0.67 r
  U480/Y (NAND2_X1P4TA_A6P5PP140ZTS_C35)                            0.02      0.01       0.68 f
  n450 (net)                                    3         0.00                0.00       0.68 f
  U509/Y (OA21B_X1M_A6P5PP140ZTS_C35)                               0.02      0.04       0.71 f
  n448 (net)                                    2         0.00                0.00       0.71 f
  U511/Y (OAI21_X3M_A6P5PP140ZTS_C35)                               0.03      0.03       0.74 r
  n437 (net)                                    2         0.00                0.00       0.74 r
  U526/Y (AOI21_X3M_A6P5PP140ZTS_C35)                               0.02      0.02       0.76 f
  n465 (net)                                    4         0.00                0.00       0.76 f
  U618/Y (OAI21_X1M_A6P5PP140ZTS_C35)                               0.03      0.03       0.79 r
  n466 (net)                                    1         0.00                0.00       0.79 r
  U619/Y (XNOR2_X0P5M_A6P5PP140ZTS_C35)                             0.03      0.03       0.82 r
  n468 (net)                                    1         0.00                0.00       0.82 r
  U620/Y (INV_X2M_A6P5PP140ZTS_C35)                                 0.01      0.01       0.84 f
  n909 (net)                                    2         0.00                0.00       0.84 f
  U621/Y (NAND3_X2TA_A6P5PP140ZTS_C35)                              0.02      0.02       0.85 r
  n914 (net)                                    2         0.00                0.00       0.85 r
  U622/Y (NAND2_X1M_A6P5PP140ZTS_C35)                               0.02      0.02       0.87 f
  n1050 (net)                                   3         0.00                0.00       0.87 f
  U1084/Y (NAND2_X1M_A6P5PP140ZTS_C35)                              0.02      0.02       0.89 r
  n1055 (net)                                   2         0.00                0.00       0.89 r
  U1087/Y (NAND3_X1A_A6P5PP140ZTS_C35)                              0.02      0.02       0.91 f
  u_dut/N3 (net)                                1         0.00                0.00       0.91 f
  u_dut/status_o_reg[5]/D (DFFRPQA_X2M_A6P5PP140ZTS_C35)            0.02      0.00       0.91 f
  data arrival time                                                                      0.91

  clock clk (rise edge)                                                       1.00       1.00
  clock network delay (ideal)                                                 0.00       1.00
  clock uncertainty                                                          -0.05       0.95
  u_dut/status_o_reg[5]/CK (DFFRPQA_X2M_A6P5PP140ZTS_C35)                     0.00       0.95 r
  library setup time                                                         -0.04       0.91
  data required time                                                                     0.91
  ----------------------------------------------------------------------------------------------
  data required time                                                                     0.91
  data arrival time                                                                     -0.91
  ----------------------------------------------------------------------------------------------
  slack (MET)                                                                            0.00


  Startpoint: b_i[4] (input port clocked by clk)
  Endpoint: u_dut/product_q_reg[6]
            (rising edge-triggered flip-flop clocked by clk)
  Path Group: clk
  Path Type: max

  Des/Clust/Port     Wire Load Model       Library
  ------------------------------------------------
  char_top           Zero                  sc6p5mcpp140z_cln22ul_base_svt_c35_tt_typical_max_0p80v_25c

  Point                                       Fanout       Cap     Trans      Incr       Path
  ----------------------------------------------------------------------------------------------
  clock clk (rise edge)                                                       0.00       0.00
  clock network delay (ideal)                                                 0.00       0.00
  input external delay                                                        0.10       0.10 r
  b_i[4] (in)                                                       0.05      0.00       0.10 r
  b_i[4] (net)                                  4         0.00                0.00       0.10 r
  U59/Y (INV_X4M_A6P5PP140ZTS_C35)                                  0.02      0.02       0.12 f
  n591 (net)                                    7         0.00                0.00       0.12 f
  U705/Y (NOR2_X1A_A6P5PP140ZTS_C35)                                0.04      0.03       0.15 r
  n543 (net)                                    1         0.00                0.00       0.15 r
  U713/S (ADDF_X1M_A6P5PP140ZTS_C35)                                0.02      0.07       0.22 f
  n561 (net)                                    1         0.00                0.00       0.22 f
  U724/S (ADDF_X1M_A6P5PP140ZTS_C35)                                0.02      0.06       0.28 r
  n564 (net)                                    1         0.00                0.00       0.28 r
  U725/CO (CGEN_X1M_A6P5PP140ZTS_C35)                               0.02      0.03       0.31 r
  n571 (net)                                    1         0.00                0.00       0.31 r
  U727/CO (CGEN_X1M_A6P5PP140ZTS_C35)                               0.02      0.04       0.35 r
  n693 (net)                                    1         0.00                0.00       0.35 r
  U809/CO (ADDF_X1M_A6P5PP140ZTS_C35)                               0.02      0.05       0.40 r
  n637 (net)                                    1         0.00                0.00       0.40 r
  U766/CO (ADDF_X1M_A6P5PP140ZTS_C35)                               0.02      0.05       0.44 r
  n723 (net)                                    1         0.00                0.00       0.44 r
  U839/CO (ADDF_X1M_A6P5PP140ZTS_C35)                               0.02      0.05       0.49 r
  n730 (net)                                    1         0.00                0.00       0.49 r
  U842/CO (ADDF_X2M_A6P5PP140ZTS_C35)                               0.02      0.05       0.54 r
  n728 (net)                                    2         0.00                0.00       0.54 r
  U771/Y (NAND2_X1A_A6P5PP140ZTS_C35)                               0.01      0.01       0.55 f
  n649 (net)                                    1         0.00                0.00       0.55 f
  U773/Y (NAND2_X1M_A6P5PP140ZTS_C35)                               0.02      0.02       0.57 r
  n733 (net)                                    1         0.00                0.00       0.57 r
  U843/CO (ADDF_X1M_A6P5PP140ZTS_C35)                               0.02      0.05       0.61 r
  n657 (net)                                    2         0.00                0.00       0.61 r
  U122/Y (NAND2_X1M_A6P5PP140ZTS_C35)                               0.01      0.01       0.63 f
  n661 (net)                                    1         0.00                0.00       0.63 f
  U123/Y (NAND2_X1M_A6P5PP140ZTS_C35)                               0.02      0.02       0.64 r
  n739 (net)                                    2         0.00                0.00       0.64 r
  U848/Y (NAND2_X1A_A6P5PP140ZTS_C35)                               0.02      0.01       0.66 f
  n743 (net)                                    1         0.00                0.00       0.66 f
  U850/Y (NAND2_X1M_A6P5PP140ZTS_C35)                               0.03      0.02       0.68 r
  n825 (net)                                    2         0.00                0.00       0.68 r
  U851/Y (OR2_X4M_A6P5PP140ZTS_C35)                                 0.01      0.03       0.71 r
  n786 (net)                                    5         0.00                0.00       0.71 r
  U880/Y (INV_X3M_A6P5PP140ZTS_C35)                                 0.01      0.01       0.72 f
  n783 (net)                                    3         0.00                0.00       0.72 f
  U881/Y (NOR2_X1P4M_A6P5PP140ZTS_C35)                              0.02      0.02       0.73 r
  n765 (net)                                    1         0.00                0.00       0.73 r
  U24/Y (AOI21_X2M_A6P5PP140ZTS_C35)                                0.02      0.02       0.75 f
  n769 (net)                                    2         0.00                0.00       0.75 f
  U885/Y (NOR2_X2TA_A6P5PP140ZTS_C35)                               0.02      0.02       0.77 r
  n808 (net)                                    3         0.00                0.00       0.77 r
  U917/Y (NAND2_X2M_A6P5PP140ZTS_C35)                               0.02      0.02       0.79 f
  n811 (net)                                    3         0.00                0.00       0.79 f
  U920/Y (NOR2_X3TA_A6P5PP140ZTS_C35)                               0.02      0.02       0.80 r
  n814 (net)                                    3         0.00                0.00       0.80 r
  U924/Y (NAND2_X1P4TA_A6P5PP140ZTS_C35)                            0.02      0.01       0.82 f
  n819 (net)                                    4         0.00                0.00       0.82 f
  U931/Y (NOR3_X1A_A6P5PP140ZTS_C35)                                0.04      0.03       0.85 r
  n827 (net)                                    2         0.00                0.00       0.85 r
  U932/Y (INV_X1M_A6P5PP140ZTS_C35)                                 0.01      0.01       0.86 f
  n822 (net)                                    1         0.00                0.00       0.86 f
  U12/Y (OAI21_X0P5M_A6P5PP140ZTS_C35)                              0.04      0.02       0.88 r
  n872 (net)                                    2         0.00                0.00       0.88 r
  U934/Y (OAI211_X1M_A6P5PP140ZTS_C35)                              0.03      0.03       0.91 f
  u_dut/product_comb[6] (net)                   1         0.00                0.00       0.91 f
  u_dut/product_q_reg[6]/D (DFFRPQA_X1M_A6P5PP140ZTS_C35)           0.03      0.00       0.91 f
  data arrival time                                                                      0.91

  clock clk (rise edge)                                                       1.00       1.00
  clock network delay (ideal)                                                 0.00       1.00
  clock uncertainty                                                          -0.05       0.95
  u_dut/product_q_reg[6]/CK (DFFRPQA_X1M_A6P5PP140ZTS_C35)                    0.00       0.95 r
  library setup time                                                         -0.04       0.91
  data required time                                                                     0.91
  ----------------------------------------------------------------------------------------------
  data required time                                                                     0.91
  data arrival time                                                                     -0.91
  ----------------------------------------------------------------------------------------------
  slack (MET)                                                                            0.00


  Startpoint: b_i[2] (input port clocked by clk)
  Endpoint: u_dut/product_q_reg[6]
            (rising edge-triggered flip-flop clocked by clk)
  Path Group: clk
  Path Type: max

  Des/Clust/Port     Wire Load Model       Library
  ------------------------------------------------
  char_top           Zero                  sc6p5mcpp140z_cln22ul_base_svt_c35_tt_typical_max_0p80v_25c

  Point                                       Fanout       Cap     Trans      Incr       Path
  ----------------------------------------------------------------------------------------------
  clock clk (rise edge)                                                       0.00       0.00
  clock network delay (ideal)                                                 0.00       0.00
  input external delay                                                        0.10       0.10 r
  b_i[2] (in)                                                       0.05      0.00       0.10 r
  b_i[2] (net)                                  4         0.00                0.00       0.10 r
  U65/Y (INV_X4M_A6P5PP140ZTS_C35)                                  0.02      0.02       0.12 f
  n583 (net)                                    7         0.00                0.00       0.12 f
  U717/Y (NOR2_X1A_A6P5PP140ZTS_C35)                                0.02      0.02       0.14 r
  n549 (net)                                    1         0.00                0.00       0.14 r
  U58/CO (ADDH_X1M_A6P5PP140ZTS_C35)                                0.02      0.04       0.17 r
  n558 (net)                                    1         0.00                0.00       0.17 r
  U723/S (ADDF_X1M_A6P5PP140ZTS_C35)                                0.02      0.06       0.24 f
  n556 (net)                                    1         0.00                0.00       0.24 f
  U722/CO (CGEN_X1M_A6P5PP140ZTS_C35)                               0.02      0.04       0.28 f
  n566 (net)                                    1         0.00                0.00       0.28 f
  U725/CO (CGEN_X1M_A6P5PP140ZTS_C35)                               0.02      0.04       0.32 f
  n571 (net)                                    1         0.00                0.00       0.32 f
  U727/CO (CGEN_X1M_A6P5PP140ZTS_C35)                               0.02      0.04       0.36 f
  n693 (net)                                    1         0.00                0.00       0.36 f
  U809/CO (ADDF_X1M_A6P5PP140ZTS_C35)                               0.02      0.05       0.41 f
  n637 (net)                                    1         0.00                0.00       0.41 f
  U766/CO (ADDF_X1M_A6P5PP140ZTS_C35)                               0.02      0.05       0.45 f
  n723 (net)                                    1         0.00                0.00       0.45 f
  U839/CO (ADDF_X1M_A6P5PP140ZTS_C35)                               0.02      0.05       0.50 f
  n730 (net)                                    1         0.00                0.00       0.50 f
  U842/CO (ADDF_X2M_A6P5PP140ZTS_C35)                               0.02      0.05       0.55 f
  n728 (net)                                    2         0.00                0.00       0.55 f
  U771/Y (NAND2_X1A_A6P5PP140ZTS_C35)                               0.01      0.01       0.56 r
  n649 (net)                                    1         0.00                0.00       0.56 r
  U773/Y (NAND2_X1M_A6P5PP140ZTS_C35)                               0.02      0.02       0.58 f
  n733 (net)                                    1         0.00                0.00       0.58 f
  U843/CO (ADDF_X1M_A6P5PP140ZTS_C35)                               0.02      0.05       0.62 f
  n657 (net)                                    2         0.00                0.00       0.62 f
  U122/Y (NAND2_X1M_A6P5PP140ZTS_C35)                               0.01      0.01       0.64 r
  n661 (net)                                    1         0.00                0.00       0.64 r
  U123/Y (NAND2_X1M_A6P5PP140ZTS_C35)                               0.02      0.02       0.66 f
  n739 (net)                                    2         0.00                0.00       0.66 f
  U848/Y (NAND2_X1A_A6P5PP140ZTS_C35)                               0.01      0.01       0.67 r
  n743 (net)                                    1         0.00                0.00       0.67 r
  U850/Y (NAND2_X1M_A6P5PP140ZTS_C35)                               0.02      0.02       0.69 f
  n825 (net)                                    2         0.00                0.00       0.69 f
  U851/Y (OR2_X4M_A6P5PP140ZTS_C35)                                 0.01      0.04       0.72 f
  n786 (net)                                    5         0.00                0.00       0.72 f
  U883/Y (NOR3_X4TA_A6P5PP140ZTS_C35)                               0.02      0.01       0.74 r
  n775 (net)                                    2         0.00                0.00       0.74 r
  U24/Y (AOI21_X2M_A6P5PP140ZTS_C35)                                0.02      0.01       0.75 f
  n769 (net)                                    2         0.00                0.00       0.75 f
  U885/Y (NOR2_X2TA_A6P5PP140ZTS_C35)                               0.02      0.02       0.77 r
  n808 (net)                                    3         0.00                0.00       0.77 r
  U917/Y (NAND2_X2M_A6P5PP140ZTS_C35)                               0.02      0.02       0.79 f
  n811 (net)                                    3         0.00                0.00       0.79 f
  U920/Y (NOR2_X3TA_A6P5PP140ZTS_C35)                               0.02      0.02       0.80 r
  n814 (net)                                    3         0.00                0.00       0.80 r
  U924/Y (NAND2_X1P4TA_A6P5PP140ZTS_C35)                            0.02      0.01       0.82 f
  n819 (net)                                    4         0.00                0.00       0.82 f
  U931/Y (NOR3_X1A_A6P5PP140ZTS_C35)                                0.04      0.03       0.85 r
  n827 (net)                                    2         0.00                0.00       0.85 r
  U932/Y (INV_X1M_A6P5PP140ZTS_C35)                                 0.01      0.01       0.86 f
  n822 (net)                                    1         0.00                0.00       0.86 f
  U12/Y (OAI21_X0P5M_A6P5PP140ZTS_C35)                              0.04      0.02       0.88 r
  n872 (net)                                    2         0.00                0.00       0.88 r
  U934/Y (OAI211_X1M_A6P5PP140ZTS_C35)                              0.03      0.03       0.91 f
  u_dut/product_comb[6] (net)                   1         0.00                0.00       0.91 f
  u_dut/product_q_reg[6]/D (DFFRPQA_X1M_A6P5PP140ZTS_C35)           0.03      0.00       0.91 f
  data arrival time                                                                      0.91

  clock clk (rise edge)                                                       1.00       1.00
  clock network delay (ideal)                                                 0.00       1.00
  clock uncertainty                                                          -0.05       0.95
  u_dut/product_q_reg[6]/CK (DFFRPQA_X1M_A6P5PP140ZTS_C35)                    0.00       0.95 r
  library setup time                                                         -0.04       0.91
  data required time                                                                     0.91
  ----------------------------------------------------------------------------------------------
  data required time                                                                     0.91
  data arrival time                                                                     -0.91
  ----------------------------------------------------------------------------------------------
  slack (MET)                                                                            0.00


  Startpoint: b_i[4] (input port clocked by clk)
  Endpoint: u_dut/product_q_reg[6]
            (rising edge-triggered flip-flop clocked by clk)
  Path Group: clk
  Path Type: max

  Des/Clust/Port     Wire Load Model       Library
  ------------------------------------------------
  char_top           Zero                  sc6p5mcpp140z_cln22ul_base_svt_c35_tt_typical_max_0p80v_25c

  Point                                       Fanout       Cap     Trans      Incr       Path
  ----------------------------------------------------------------------------------------------
  clock clk (rise edge)                                                       0.00       0.00
  clock network delay (ideal)                                                 0.00       0.00
  input external delay                                                        0.10       0.10 r
  b_i[4] (in)                                                       0.05      0.00       0.10 r
  b_i[4] (net)                                  4         0.00                0.00       0.10 r
  U59/Y (INV_X4M_A6P5PP140ZTS_C35)                                  0.02      0.02       0.12 f
  n591 (net)                                    7         0.00                0.00       0.12 f
  U705/Y (NOR2_X1A_A6P5PP140ZTS_C35)                                0.04      0.03       0.15 r
  n543 (net)                                    1         0.00                0.00       0.15 r
  U713/S (ADDF_X1M_A6P5PP140ZTS_C35)                                0.02      0.07       0.22 f
  n561 (net)                                    1         0.00                0.00       0.22 f
  U724/S (ADDF_X1M_A6P5PP140ZTS_C35)                                0.02      0.06       0.28 r
  n564 (net)                                    1         0.00                0.00       0.28 r
  U725/CO (CGEN_X1M_A6P5PP140ZTS_C35)                               0.02      0.03       0.31 r
  n571 (net)                                    1         0.00                0.00       0.31 r
  U727/CO (CGEN_X1M_A6P5PP140ZTS_C35)                               0.02      0.04       0.35 r
  n693 (net)                                    1         0.00                0.00       0.35 r
  U809/CO (ADDF_X1M_A6P5PP140ZTS_C35)                               0.02      0.05       0.40 r
  n637 (net)                                    1         0.00                0.00       0.40 r
  U766/CO (ADDF_X1M_A6P5PP140ZTS_C35)                               0.02      0.05       0.44 r
  n723 (net)                                    1         0.00                0.00       0.44 r
  U839/CO (ADDF_X1M_A6P5PP140ZTS_C35)                               0.02      0.05       0.49 r
  n730 (net)                                    1         0.00                0.00       0.49 r
  U842/CO (ADDF_X2M_A6P5PP140ZTS_C35)                               0.02      0.05       0.54 r
  n728 (net)                                    2         0.00                0.00       0.54 r
  U771/Y (NAND2_X1A_A6P5PP140ZTS_C35)                               0.01      0.01       0.55 f
  n649 (net)                                    1         0.00                0.00       0.55 f
  U773/Y (NAND2_X1M_A6P5PP140ZTS_C35)                               0.02      0.02       0.57 r
  n733 (net)                                    1         0.00                0.00       0.57 r
  U843/CO (ADDF_X1M_A6P5PP140ZTS_C35)                               0.02      0.05       0.61 r
  n657 (net)                                    2         0.00                0.00       0.61 r
  U122/Y (NAND2_X1M_A6P5PP140ZTS_C35)                               0.01      0.01       0.63 f
  n661 (net)                                    1         0.00                0.00       0.63 f
  U123/Y (NAND2_X1M_A6P5PP140ZTS_C35)                               0.02      0.02       0.64 r
  n739 (net)                                    2         0.00                0.00       0.64 r
  U848/Y (NAND2_X1A_A6P5PP140ZTS_C35)                               0.02      0.01       0.66 f
  n743 (net)                                    1         0.00                0.00       0.66 f
  U850/Y (NAND2_X1M_A6P5PP140ZTS_C35)                               0.03      0.02       0.68 r
  n825 (net)                                    2         0.00                0.00       0.68 r
  U851/Y (OR2_X4M_A6P5PP140ZTS_C35)                                 0.01      0.03       0.71 r
  n786 (net)                                    5         0.00                0.00       0.71 r
  U880/Y (INV_X3M_A6P5PP140ZTS_C35)                                 0.01      0.01       0.72 f
  n783 (net)                                    3         0.00                0.00       0.72 f
  U881/Y (NOR2_X1P4M_A6P5PP140ZTS_C35)                              0.02      0.02       0.73 r
  n765 (net)                                    1         0.00                0.00       0.73 r
  U24/Y (AOI21_X2M_A6P5PP140ZTS_C35)                                0.02      0.02       0.75 f
  n769 (net)                                    2         0.00                0.00       0.75 f
  U885/Y (NOR2_X2TA_A6P5PP140ZTS_C35)                               0.02      0.02       0.77 r
  n808 (net)                                    3         0.00                0.00       0.77 r
  U917/Y (NAND2_X2M_A6P5PP140ZTS_C35)                               0.02      0.02       0.79 f
  n811 (net)                                    3         0.00                0.00       0.79 f
  U920/Y (NOR2_X3TA_A6P5PP140ZTS_C35)                               0.02      0.02       0.80 r
  n814 (net)                                    3         0.00                0.00       0.80 r
  U924/Y (NAND2_X1P4TA_A6P5PP140ZTS_C35)                            0.02      0.01       0.82 f
  n819 (net)                                    4         0.00                0.00       0.82 f
  U931/Y (NOR3_X1A_A6P5PP140ZTS_C35)                                0.04      0.03       0.85 r
  n827 (net)                                    2         0.00                0.00       0.85 r
  U932/Y (INV_X1M_A6P5PP140ZTS_C35)                                 0.01      0.01       0.86 f
  n822 (net)                                    1         0.00                0.00       0.86 f
  U12/Y (OAI21_X0P5M_A6P5PP140ZTS_C35)                              0.04      0.02       0.88 r
  n872 (net)                                    2         0.00                0.00       0.88 r
  U934/Y (OAI211_X1M_A6P5PP140ZTS_C35)                              0.03      0.03       0.91 f
  u_dut/product_comb[6] (net)                   1         0.00                0.00       0.91 f
  u_dut/product_q_reg[6]/D (DFFRPQA_X1M_A6P5PP140ZTS_C35)           0.03      0.00       0.91 f
  data arrival time                                                                      0.91

  clock clk (rise edge)                                                       1.00       1.00
  clock network delay (ideal)                                                 0.00       1.00
  clock uncertainty                                                          -0.05       0.95
  u_dut/product_q_reg[6]/CK (DFFRPQA_X1M_A6P5PP140ZTS_C35)                    0.00       0.95 r
  library setup time                                                         -0.04       0.91
  data required time                                                                     0.91
  ----------------------------------------------------------------------------------------------
  data required time                                                                     0.91
  data arrival time                                                                     -0.91
  ----------------------------------------------------------------------------------------------
  slack (MET)                                                                            0.00


  Startpoint: b_i[4] (input port clocked by clk)
  Endpoint: u_dut/product_q_reg[6]
            (rising edge-triggered flip-flop clocked by clk)
  Path Group: clk
  Path Type: max

  Des/Clust/Port     Wire Load Model       Library
  ------------------------------------------------
  char_top           Zero                  sc6p5mcpp140z_cln22ul_base_svt_c35_tt_typical_max_0p80v_25c

  Point                                       Fanout       Cap     Trans      Incr       Path
  ----------------------------------------------------------------------------------------------
  clock clk (rise edge)                                                       0.00       0.00
  clock network delay (ideal)                                                 0.00       0.00
  input external delay                                                        0.10       0.10 r
  b_i[4] (in)                                                       0.05      0.00       0.10 r
  b_i[4] (net)                                  4         0.00                0.00       0.10 r
  U59/Y (INV_X4M_A6P5PP140ZTS_C35)                                  0.02      0.02       0.12 f
  n591 (net)                                    7         0.00                0.00       0.12 f
  U705/Y (NOR2_X1A_A6P5PP140ZTS_C35)                                0.04      0.03       0.15 r
  n543 (net)                                    1         0.00                0.00       0.15 r
  U713/S (ADDF_X1M_A6P5PP140ZTS_C35)                                0.02      0.07       0.22 f
  n561 (net)                                    1         0.00                0.00       0.22 f
  U724/S (ADDF_X1M_A6P5PP140ZTS_C35)                                0.02      0.06       0.28 r
  n564 (net)                                    1         0.00                0.00       0.28 r
  U725/CO (CGEN_X1M_A6P5PP140ZTS_C35)                               0.02      0.03       0.31 r
  n571 (net)                                    1         0.00                0.00       0.31 r
  U727/CO (CGEN_X1M_A6P5PP140ZTS_C35)                               0.02      0.04       0.35 r
  n693 (net)                                    1         0.00                0.00       0.35 r
  U809/CO (ADDF_X1M_A6P5PP140ZTS_C35)                               0.02      0.05       0.40 r
  n637 (net)                                    1         0.00                0.00       0.40 r
  U766/CO (ADDF_X1M_A6P5PP140ZTS_C35)                               0.02      0.05       0.44 r
  n723 (net)                                    1         0.00                0.00       0.44 r
  U839/CO (ADDF_X1M_A6P5PP140ZTS_C35)                               0.02      0.05       0.49 r
  n730 (net)                                    1         0.00                0.00       0.49 r
  U842/CO (ADDF_X2M_A6P5PP140ZTS_C35)                               0.02      0.05       0.54 r
  n728 (net)                                    2         0.00                0.00       0.54 r
  U771/Y (NAND2_X1A_A6P5PP140ZTS_C35)                               0.01      0.01       0.55 f
  n649 (net)                                    1         0.00                0.00       0.55 f
  U773/Y (NAND2_X1M_A6P5PP140ZTS_C35)                               0.02      0.02       0.57 r
  n733 (net)                                    1         0.00                0.00       0.57 r
  U843/CO (ADDF_X1M_A6P5PP140ZTS_C35)                               0.02      0.05       0.61 r
  n657 (net)                                    2         0.00                0.00       0.61 r
  U122/Y (NAND2_X1M_A6P5PP140ZTS_C35)                               0.01      0.01       0.63 f
  n661 (net)                                    1         0.00                0.00       0.63 f
  U123/Y (NAND2_X1M_A6P5PP140ZTS_C35)                               0.02      0.02       0.64 r
  n739 (net)                                    2         0.00                0.00       0.64 r
  U848/Y (NAND2_X1A_A6P5PP140ZTS_C35)                               0.02      0.01       0.66 f
  n743 (net)                                    1         0.00                0.00       0.66 f
  U850/Y (NAND2_X1M_A6P5PP140ZTS_C35)                               0.03      0.02       0.68 r
  n825 (net)                                    2         0.00                0.00       0.68 r
  U851/Y (OR2_X4M_A6P5PP140ZTS_C35)                                 0.01      0.03       0.71 r
  n786 (net)                                    5         0.00                0.00       0.71 r
  U880/Y (INV_X3M_A6P5PP140ZTS_C35)                                 0.01      0.01       0.72 f
  n783 (net)                                    3         0.00                0.00       0.72 f
  U881/Y (NOR2_X1P4M_A6P5PP140ZTS_C35)                              0.02      0.02       0.73 r
  n765 (net)                                    1         0.00                0.00       0.73 r
  U24/Y (AOI21_X2M_A6P5PP140ZTS_C35)                                0.02      0.02       0.75 f
  n769 (net)                                    2         0.00                0.00       0.75 f
  U885/Y (NOR2_X2TA_A6P5PP140ZTS_C35)                               0.02      0.02       0.77 r
  n808 (net)                                    3         0.00                0.00       0.77 r
  U917/Y (NAND2_X2M_A6P5PP140ZTS_C35)                               0.02      0.02       0.79 f
  n811 (net)                                    3         0.00                0.00       0.79 f
  U920/Y (NOR2_X3TA_A6P5PP140ZTS_C35)                               0.02      0.02       0.80 r
  n814 (net)                                    3         0.00                0.00       0.80 r
  U924/Y (NAND2_X1P4TA_A6P5PP140ZTS_C35)                            0.02      0.01       0.82 f
  n819 (net)                                    4         0.00                0.00       0.82 f
  U931/Y (NOR3_X1A_A6P5PP140ZTS_C35)                                0.04      0.03       0.85 r
  n827 (net)                                    2         0.00                0.00       0.85 r
  U932/Y (INV_X1M_A6P5PP140ZTS_C35)                                 0.01      0.01       0.86 f
  n822 (net)                                    1         0.00                0.00       0.86 f
  U12/Y (OAI21_X0P5M_A6P5PP140ZTS_C35)                              0.04      0.02       0.88 r
  n872 (net)                                    2         0.00                0.00       0.88 r
  U934/Y (OAI211_X1M_A6P5PP140ZTS_C35)                              0.03      0.03       0.91 f
  u_dut/product_comb[6] (net)                   1         0.00                0.00       0.91 f
  u_dut/product_q_reg[6]/D (DFFRPQA_X1M_A6P5PP140ZTS_C35)           0.03      0.00       0.91 f
  data arrival time                                                                      0.91

  clock clk (rise edge)                                                       1.00       1.00
  clock network delay (ideal)                                                 0.00       1.00
  clock uncertainty                                                          -0.05       0.95
  u_dut/product_q_reg[6]/CK (DFFRPQA_X1M_A6P5PP140ZTS_C35)                    0.00       0.95 r
  library setup time                                                         -0.04       0.91
  data required time                                                                     0.91
  ----------------------------------------------------------------------------------------------
  data required time                                                                     0.91
  data arrival time                                                                     -0.91
  ----------------------------------------------------------------------------------------------
  slack (MET)                                                                            0.00


  Startpoint: b_i[2] (input port clocked by clk)
  Endpoint: u_dut/product_q_reg[6]
            (rising edge-triggered flip-flop clocked by clk)
  Path Group: clk
  Path Type: max

  Des/Clust/Port     Wire Load Model       Library
  ------------------------------------------------
  char_top           Zero                  sc6p5mcpp140z_cln22ul_base_svt_c35_tt_typical_max_0p80v_25c

  Point                                       Fanout       Cap     Trans      Incr       Path
  ----------------------------------------------------------------------------------------------
  clock clk (rise edge)                                                       0.00       0.00
  clock network delay (ideal)                                                 0.00       0.00
  input external delay                                                        0.10       0.10 r
  b_i[2] (in)                                                       0.05      0.00       0.10 r
  b_i[2] (net)                                  4         0.00                0.00       0.10 r
  U65/Y (INV_X4M_A6P5PP140ZTS_C35)                                  0.02      0.02       0.12 f
  n583 (net)                                    7         0.00                0.00       0.12 f
  U717/Y (NOR2_X1A_A6P5PP140ZTS_C35)                                0.02      0.02       0.14 r
  n549 (net)                                    1         0.00                0.00       0.14 r
  U58/CO (ADDH_X1M_A6P5PP140ZTS_C35)                                0.02      0.04       0.17 r
  n558 (net)                                    1         0.00                0.00       0.17 r
  U723/S (ADDF_X1M_A6P5PP140ZTS_C35)                                0.02      0.06       0.24 f
  n556 (net)                                    1         0.00                0.00       0.24 f
  U722/CO (CGEN_X1M_A6P5PP140ZTS_C35)                               0.02      0.04       0.28 f
  n566 (net)                                    1         0.00                0.00       0.28 f
  U725/CO (CGEN_X1M_A6P5PP140ZTS_C35)                               0.02      0.04       0.32 f
  n571 (net)                                    1         0.00                0.00       0.32 f
  U727/CO (CGEN_X1M_A6P5PP140ZTS_C35)                               0.02      0.04       0.36 f
  n693 (net)                                    1         0.00                0.00       0.36 f
  U809/CO (ADDF_X1M_A6P5PP140ZTS_C35)                               0.02      0.05       0.41 f
  n637 (net)                                    1         0.00                0.00       0.41 f
  U766/CO (ADDF_X1M_A6P5PP140ZTS_C35)                               0.02      0.05       0.45 f
  n723 (net)                                    1         0.00                0.00       0.45 f
  U839/CO (ADDF_X1M_A6P5PP140ZTS_C35)                               0.02      0.05       0.50 f
  n730 (net)                                    1         0.00                0.00       0.50 f
  U842/CO (ADDF_X2M_A6P5PP140ZTS_C35)                               0.02      0.05       0.55 f
  n728 (net)                                    2         0.00                0.00       0.55 f
  U771/Y (NAND2_X1A_A6P5PP140ZTS_C35)                               0.01      0.01       0.56 r
  n649 (net)                                    1         0.00                0.00       0.56 r
  U773/Y (NAND2_X1M_A6P5PP140ZTS_C35)                               0.02      0.02       0.58 f
  n733 (net)                                    1         0.00                0.00       0.58 f
  U843/CO (ADDF_X1M_A6P5PP140ZTS_C35)                               0.02      0.05       0.62 f
  n657 (net)                                    2         0.00                0.00       0.62 f
  U122/Y (NAND2_X1M_A6P5PP140ZTS_C35)                               0.01      0.01       0.64 r
  n661 (net)                                    1         0.00                0.00       0.64 r
  U123/Y (NAND2_X1M_A6P5PP140ZTS_C35)                               0.02      0.02       0.66 f
  n739 (net)                                    2         0.00                0.00       0.66 f
  U848/Y (NAND2_X1A_A6P5PP140ZTS_C35)                               0.01      0.01       0.67 r
  n743 (net)                                    1         0.00                0.00       0.67 r
  U850/Y (NAND2_X1M_A6P5PP140ZTS_C35)                               0.02      0.02       0.69 f
  n825 (net)                                    2         0.00                0.00       0.69 f
  U851/Y (OR2_X4M_A6P5PP140ZTS_C35)                                 0.01      0.04       0.72 f
  n786 (net)                                    5         0.00                0.00       0.72 f
  U883/Y (NOR3_X4TA_A6P5PP140ZTS_C35)                               0.02      0.01       0.74 r
  n775 (net)                                    2         0.00                0.00       0.74 r
  U24/Y (AOI21_X2M_A6P5PP140ZTS_C35)                                0.02      0.01       0.75 f
  n769 (net)                                    2         0.00                0.00       0.75 f
  U885/Y (NOR2_X2TA_A6P5PP140ZTS_C35)                               0.02      0.02       0.77 r
  n808 (net)                                    3         0.00                0.00       0.77 r
  U917/Y (NAND2_X2M_A6P5PP140ZTS_C35)                               0.02      0.02       0.79 f
  n811 (net)                                    3         0.00                0.00       0.79 f
  U920/Y (NOR2_X3TA_A6P5PP140ZTS_C35)                               0.02      0.02       0.80 r
  n814 (net)                                    3         0.00                0.00       0.80 r
  U924/Y (NAND2_X1P4TA_A6P5PP140ZTS_C35)                            0.02      0.01       0.82 f
  n819 (net)                                    4         0.00                0.00       0.82 f
  U931/Y (NOR3_X1A_A6P5PP140ZTS_C35)                                0.04      0.03       0.85 r
  n827 (net)                                    2         0.00                0.00       0.85 r
  U932/Y (INV_X1M_A6P5PP140ZTS_C35)                                 0.01      0.01       0.86 f
  n822 (net)                                    1         0.00                0.00       0.86 f
  U12/Y (OAI21_X0P5M_A6P5PP140ZTS_C35)                              0.04      0.02       0.88 r
  n872 (net)                                    2         0.00                0.00       0.88 r
  U934/Y (OAI211_X1M_A6P5PP140ZTS_C35)                              0.03      0.03       0.91 f
  u_dut/product_comb[6] (net)                   1         0.00                0.00       0.91 f
  u_dut/product_q_reg[6]/D (DFFRPQA_X1M_A6P5PP140ZTS_C35)           0.03      0.00       0.91 f
  data arrival time                                                                      0.91

  clock clk (rise edge)                                                       1.00       1.00
  clock network delay (ideal)                                                 0.00       1.00
  clock uncertainty                                                          -0.05       0.95
  u_dut/product_q_reg[6]/CK (DFFRPQA_X1M_A6P5PP140ZTS_C35)                    0.00       0.95 r
  library setup time                                                         -0.04       0.91
  data required time                                                                     0.91
  ----------------------------------------------------------------------------------------------
  data required time                                                                     0.91
  data arrival time                                                                     -0.91
  ----------------------------------------------------------------------------------------------
  slack (MET)                                                                            0.00


  Startpoint: u_dut/product_q_reg[3]
              (rising edge-triggered flip-flop clocked by clk)
  Endpoint: u_dut/status_o_reg[3]
            (rising edge-triggered flip-flop clocked by clk)
  Path Group: clk
  Path Type: max

  Des/Clust/Port     Wire Load Model       Library
  ------------------------------------------------
  char_top           Zero                  sc6p5mcpp140z_cln22ul_base_svt_c35_tt_typical_max_0p80v_25c

  Point                                       Fanout       Cap     Trans      Incr       Path
  ----------------------------------------------------------------------------------------------
  clock clk (rise edge)                                                       0.00       0.00
  clock network delay (ideal)                                                 0.00       0.00
  u_dut/product_q_reg[3]/CK (DFFRPQA_X2M_A6P5PP140ZTS_C35)          0.00      0.00       0.00 r
  u_dut/product_q_reg[3]/Q (DFFRPQA_X2M_A6P5PP140ZTS_C35)           0.02      0.06       0.06 r
  u_dut/product_q[3] (net)                      3         0.00                0.00       0.06 r
  U73/Y (INV_X1M_A6P5PP140ZTS_C35)                                  0.01      0.01       0.07 f
  n19 (net)                                     2         0.00                0.00       0.07 f
  U133/Y (NAND2_X2M_A6P5PP140ZTS_C35)                               0.01      0.01       0.08 r
  n26 (net)                                     2         0.00                0.00       0.08 r
  U70/Y (AOI21_X0P5M_A6P5PP140ZTS_C35)                              0.02      0.02       0.10 f
  n30 (net)                                     2         0.00                0.00       0.10 f
  U151/Y (AOI21_X0P5M_A6P5PP140ZTS_C35)                             0.02      0.02       0.12 r
  n31 (net)                                     1         0.00                0.00       0.12 r
  U152/Y (OAI211_X1M_A6P5PP140ZTS_C35)                              0.03      0.02       0.15 f
  n44 (net)                                     1         0.00                0.00       0.15 f
  U162/Y (NAND3_X1TA_A6P5PP140ZTS_C35)                              0.02      0.02       0.17 r
  n59 (net)                                     1         0.00                0.00       0.17 r
  U190/Y (AOI21_X3M_A6P5PP140ZTS_C35)                               0.02      0.02       0.19 f
  n95 (net)                                     2         0.00                0.00       0.19 f
  U235/Y (BUF_X12M_A6P5PP140ZTS_C35)                                0.02      0.03       0.22 f
  n413 (net)                                   17         0.02                0.00       0.22 f
  U237/Y (MXIT2_X3M_A6P5PP140ZTS_C35)                               0.02      0.02       0.24 f
  n236 (net)                                    4         0.00                0.00       0.24 f
  U241/Y (NOR2_X1A_A6P5PP140ZTS_C35)                                0.03      0.02       0.27 r
  n199 (net)                                    2         0.00                0.00       0.27 r
  U242/Y (INV_X1M_A6P5PP140ZTS_C35)                                 0.01      0.02       0.28 f
  n222 (net)                                    2         0.00                0.00       0.28 f
  U369/Y (OAI22_X1M_A6P5PP140ZTS_C35)                               0.05      0.03       0.31 r
  n285 (net)                                    2         0.00                0.00       0.31 r
  U437/Y (NAND2_X1M_A6P5PP140ZTS_C35)                               0.03      0.03       0.34 f
  n1029 (net)                                   3         0.00                0.00       0.34 f
  U438/Y (XNOR2_X0P5M_A6P5PP140ZTS_C35)                             0.03      0.04       0.38 f
  n286 (net)                                    2         0.00                0.00       0.38 f
  U440/Y (NOR2_X1A_A6P5PP140ZTS_C35)                                0.03      0.03       0.41 r
  n306 (net)                                    3         0.00                0.00       0.41 r
  U458/Y (OAI21_X0P5M_A6P5PP140ZTS_C35)                             0.03      0.03       0.43 f
  n321 (net)                                    3         0.00                0.00       0.43 f
  U463/Y (AO12_X1M_A6P5PP140ZTS_C35)                                0.01      0.04       0.47 f
  n310 (net)                                    1         0.00                0.00       0.47 f
  U81/Y (AOI21_X1M_A6P5PP140ZTS_C35)                                0.03      0.02       0.49 r
  n311 (net)                                    1         0.00                0.00       0.49 r
  U464/Y (OAI21_X2M_A6P5PP140ZTS_C35)                               0.02      0.02       0.51 f
  n312 (net)                                    1         0.00                0.00       0.51 f
  U465/Y (XNOR2_X3M_A6P5PP140ZTS_C35)                               0.03      0.03       0.55 f
  n922 (net)                                    4         0.00                0.00       0.55 f
  U493/Y (NOR2_X2A_A6P5PP140ZTS_C35)                                0.04      0.04       0.58 r
  n955 (net)                                    4         0.00                0.00       0.58 r
  U37/Y (AND2_X1M_A6P5PP140ZTS_C35)                                 0.03      0.04       0.63 r
  n975 (net)                                    6         0.00                0.00       0.63 r
  U501/Y (NAND2_X3M_A6P5PP140ZTS_C35)                               0.02      0.02       0.65 f
  n1018 (net)                                   8         0.00                0.00       0.65 f
  U503/Y (NOR2_X3TA_A6P5PP140ZTS_C35)                               0.01      0.01       0.66 r
  n353 (net)                                    1         0.00                0.00       0.66 r
  U33/Y (NOR2_X2TA_A6P5PP140ZTS_C35)                                0.01      0.01       0.67 f
  n354 (net)                                    1         0.00                0.00       0.67 f
  U504/Y (NOR2_X1P4TA_A6P5PP140ZTS_C35)                             0.01      0.02       0.69 r
  n355 (net)                                    1         0.00                0.00       0.69 r
  U82/Y (INV_X2M_A6P5PP140ZTS_C35)                                  0.01      0.01       0.70 f
  n358 (net)                                    2         0.00                0.00       0.70 f
  U27/Y (NOR2_X3A_A6P5PP140ZTS_C35)                                 0.02      0.02       0.72 r
  n445 (net)                                    2         0.00                0.00       0.72 r
  U511/Y (OAI21_X3M_A6P5PP140ZTS_C35)                               0.02      0.02       0.74 f
  n437 (net)                                    2         0.00                0.00       0.74 f
  U601/Y (INV_X3M_A6P5PP140ZTS_C35)                                 0.01      0.01       0.75 r
  n443 (net)                                    2         0.00                0.00       0.75 r
  U602/Y (OAI21_X2M_A6P5PP140ZTS_C35)                               0.02      0.01       0.77 f
  n438 (net)                                    1         0.00                0.00       0.77 f
  U603/Y (XNOR2_X0P5M_A6P5PP140ZTS_C35)                             0.03      0.04       0.80 f
  n1099 (net)                                   2         0.00                0.00       0.80 f
  U616/Y (NOR3_X2M_A6P5PP140ZTS_C35)                                0.04      0.03       0.83 r
  n469 (net)                                    1         0.00                0.00       0.83 r
  U621/Y (NAND3_X2TA_A6P5PP140ZTS_C35)                              0.02      0.02       0.86 f
  n914 (net)                                    2         0.00                0.00       0.86 f
  U622/Y (NAND2_X1M_A6P5PP140ZTS_C35)                               0.02      0.02       0.88 r
  n1050 (net)                                   3         0.00                0.00       0.88 r
  U1084/Y (NAND2_X1M_A6P5PP140ZTS_C35)                              0.02      0.02       0.90 f
  n1055 (net)                                   2         0.00                0.00       0.90 f
  U1085/Y (NAND2XB_X1M_A6P5PP140ZTS_C35)                            0.01      0.01       0.91 r
  u_dut/N5 (net)                                1         0.00                0.00       0.91 r
  u_dut/status_o_reg[3]/D (DFFRPQA_X2M_A6P5PP140ZTS_C35)            0.01      0.00       0.91 r
  data arrival time                                                                      0.91

  clock clk (rise edge)                                                       1.00       1.00
  clock network delay (ideal)                                                 0.00       1.00
  clock uncertainty                                                          -0.05       0.95
  u_dut/status_o_reg[3]/CK (DFFRPQA_X2M_A6P5PP140ZTS_C35)                     0.00       0.95 r
  library setup time                                                         -0.04       0.91
  data required time                                                                     0.91
  ----------------------------------------------------------------------------------------------
  data required time                                                                     0.91
  data arrival time                                                                     -0.91
  ----------------------------------------------------------------------------------------------
  slack (MET)                                                                            0.00


  Startpoint: u_dut/product_q_reg[3]
              (rising edge-triggered flip-flop clocked by clk)
  Endpoint: u_dut/status_o_reg[3]
            (rising edge-triggered flip-flop clocked by clk)
  Path Group: clk
  Path Type: max

  Des/Clust/Port     Wire Load Model       Library
  ------------------------------------------------
  char_top           Zero                  sc6p5mcpp140z_cln22ul_base_svt_c35_tt_typical_max_0p80v_25c

  Point                                       Fanout       Cap     Trans      Incr       Path
  ----------------------------------------------------------------------------------------------
  clock clk (rise edge)                                                       0.00       0.00
  clock network delay (ideal)                                                 0.00       0.00
  u_dut/product_q_reg[3]/CK (DFFRPQA_X2M_A6P5PP140ZTS_C35)          0.00      0.00       0.00 r
  u_dut/product_q_reg[3]/Q (DFFRPQA_X2M_A6P5PP140ZTS_C35)           0.02      0.06       0.06 r
  u_dut/product_q[3] (net)                      3         0.00                0.00       0.06 r
  U73/Y (INV_X1M_A6P5PP140ZTS_C35)                                  0.01      0.01       0.07 f
  n19 (net)                                     2         0.00                0.00       0.07 f
  U133/Y (NAND2_X2M_A6P5PP140ZTS_C35)                               0.01      0.01       0.08 r
  n26 (net)                                     2         0.00                0.00       0.08 r
  U70/Y (AOI21_X0P5M_A6P5PP140ZTS_C35)                              0.02      0.02       0.10 f
  n30 (net)                                     2         0.00                0.00       0.10 f
  U151/Y (AOI21_X0P5M_A6P5PP140ZTS_C35)                             0.02      0.02       0.12 r
  n31 (net)                                     1         0.00                0.00       0.12 r
  U152/Y (OAI211_X1M_A6P5PP140ZTS_C35)                              0.03      0.02       0.15 f
  n44 (net)                                     1         0.00                0.00       0.15 f
  U162/Y (NAND3_X1TA_A6P5PP140ZTS_C35)                              0.02      0.02       0.17 r
  n59 (net)                                     1         0.00                0.00       0.17 r
  U190/Y (AOI21_X3M_A6P5PP140ZTS_C35)                               0.02      0.02       0.19 f
  n95 (net)                                     2         0.00                0.00       0.19 f
  U235/Y (BUF_X12M_A6P5PP140ZTS_C35)                                0.02      0.03       0.22 f
  n413 (net)                                   17         0.02                0.00       0.22 f
  U237/Y (MXIT2_X3M_A6P5PP140ZTS_C35)                               0.02      0.02       0.24 f
  n236 (net)                                    4         0.00                0.00       0.24 f
  U241/Y (NOR2_X1A_A6P5PP140ZTS_C35)                                0.03      0.02       0.27 r
  n199 (net)                                    2         0.00                0.00       0.27 r
  U242/Y (INV_X1M_A6P5PP140ZTS_C35)                                 0.01      0.02       0.28 f
  n222 (net)                                    2         0.00                0.00       0.28 f
  U369/Y (OAI22_X1M_A6P5PP140ZTS_C35)                               0.05      0.03       0.31 r
  n285 (net)                                    2         0.00                0.00       0.31 r
  U437/Y (NAND2_X1M_A6P5PP140ZTS_C35)                               0.03      0.03       0.34 f
  n1029 (net)                                   3         0.00                0.00       0.34 f
  U438/Y (XNOR2_X0P5M_A6P5PP140ZTS_C35)                             0.03      0.04       0.38 f
  n286 (net)                                    2         0.00                0.00       0.38 f
  U440/Y (NOR2_X1A_A6P5PP140ZTS_C35)                                0.03      0.03       0.41 r
  n306 (net)                                    3         0.00                0.00       0.41 r
  U458/Y (OAI21_X0P5M_A6P5PP140ZTS_C35)                             0.03      0.03       0.43 f
  n321 (net)                                    3         0.00                0.00       0.43 f
  U463/Y (AO12_X1M_A6P5PP140ZTS_C35)                                0.01      0.04       0.47 f
  n310 (net)                                    1         0.00                0.00       0.47 f
  U81/Y (AOI21_X1M_A6P5PP140ZTS_C35)                                0.03      0.02       0.49 r
  n311 (net)                                    1         0.00                0.00       0.49 r
  U464/Y (OAI21_X2M_A6P5PP140ZTS_C35)                               0.02      0.02       0.51 f
  n312 (net)                                    1         0.00                0.00       0.51 f
  U465/Y (XNOR2_X3M_A6P5PP140ZTS_C35)                               0.03      0.03       0.55 f
  n922 (net)                                    4         0.00                0.00       0.55 f
  U493/Y (NOR2_X2A_A6P5PP140ZTS_C35)                                0.04      0.04       0.58 r
  n955 (net)                                    4         0.00                0.00       0.58 r
  U37/Y (AND2_X1M_A6P5PP140ZTS_C35)                                 0.03      0.04       0.63 r
  n975 (net)                                    6         0.00                0.00       0.63 r
  U501/Y (NAND2_X3M_A6P5PP140ZTS_C35)                               0.02      0.02       0.65 f
  n1018 (net)                                   8         0.00                0.00       0.65 f
  U503/Y (NOR2_X3TA_A6P5PP140ZTS_C35)                               0.01      0.01       0.66 r
  n353 (net)                                    1         0.00                0.00       0.66 r
  U33/Y (NOR2_X2TA_A6P5PP140ZTS_C35)                                0.01      0.01       0.67 f
  n354 (net)                                    1         0.00                0.00       0.67 f
  U504/Y (NOR2_X1P4TA_A6P5PP140ZTS_C35)                             0.01      0.02       0.69 r
  n355 (net)                                    1         0.00                0.00       0.69 r
  U82/Y (INV_X2M_A6P5PP140ZTS_C35)                                  0.01      0.01       0.70 f
  n358 (net)                                    2         0.00                0.00       0.70 f
  U27/Y (NOR2_X3A_A6P5PP140ZTS_C35)                                 0.02      0.02       0.72 r
  n445 (net)                                    2         0.00                0.00       0.72 r
  U511/Y (OAI21_X3M_A6P5PP140ZTS_C35)                               0.02      0.02       0.74 f
  n437 (net)                                    2         0.00                0.00       0.74 f
  U601/Y (INV_X3M_A6P5PP140ZTS_C35)                                 0.01      0.01       0.75 r
  n443 (net)                                    2         0.00                0.00       0.75 r
  U602/Y (OAI21_X2M_A6P5PP140ZTS_C35)                               0.02      0.01       0.77 f
  n438 (net)                                    1         0.00                0.00       0.77 f
  U603/Y (XNOR2_X0P5M_A6P5PP140ZTS_C35)                             0.03      0.04       0.80 f
  n1099 (net)                                   2         0.00                0.00       0.80 f
  U616/Y (NOR3_X2M_A6P5PP140ZTS_C35)                                0.04      0.03       0.83 r
  n469 (net)                                    1         0.00                0.00       0.83 r
  U621/Y (NAND3_X2TA_A6P5PP140ZTS_C35)                              0.02      0.02       0.86 f
  n914 (net)                                    2         0.00                0.00       0.86 f
  U622/Y (NAND2_X1M_A6P5PP140ZTS_C35)                               0.02      0.02       0.88 r
  n1050 (net)                                   3         0.00                0.00       0.88 r
  U1084/Y (NAND2_X1M_A6P5PP140ZTS_C35)                              0.02      0.02       0.90 f
  n1055 (net)                                   2         0.00                0.00       0.90 f
  U1085/Y (NAND2XB_X1M_A6P5PP140ZTS_C35)                            0.01      0.01       0.91 r
  u_dut/N5 (net)                                1         0.00                0.00       0.91 r
  u_dut/status_o_reg[3]/D (DFFRPQA_X2M_A6P5PP140ZTS_C35)            0.01      0.00       0.91 r
  data arrival time                                                                      0.91

  clock clk (rise edge)                                                       1.00       1.00
  clock network delay (ideal)                                                 0.00       1.00
  clock uncertainty                                                          -0.05       0.95
  u_dut/status_o_reg[3]/CK (DFFRPQA_X2M_A6P5PP140ZTS_C35)                     0.00       0.95 r
  library setup time                                                         -0.04       0.91
  data required time                                                                     0.91
  ----------------------------------------------------------------------------------------------
  data required time                                                                     0.91
  data arrival time                                                                     -0.91
  ----------------------------------------------------------------------------------------------
  slack (MET)                                                                            0.00


  Startpoint: u_dut/product_q_reg[3]
              (rising edge-triggered flip-flop clocked by clk)
  Endpoint: u_dut/status_o_reg[3]
            (rising edge-triggered flip-flop clocked by clk)
  Path Group: clk
  Path Type: max

  Des/Clust/Port     Wire Load Model       Library
  ------------------------------------------------
  char_top           Zero                  sc6p5mcpp140z_cln22ul_base_svt_c35_tt_typical_max_0p80v_25c

  Point                                       Fanout       Cap     Trans      Incr       Path
  ----------------------------------------------------------------------------------------------
  clock clk (rise edge)                                                       0.00       0.00
  clock network delay (ideal)                                                 0.00       0.00
  u_dut/product_q_reg[3]/CK (DFFRPQA_X2M_A6P5PP140ZTS_C35)          0.00      0.00       0.00 r
  u_dut/product_q_reg[3]/Q (DFFRPQA_X2M_A6P5PP140ZTS_C35)           0.02      0.06       0.06 r
  u_dut/product_q[3] (net)                      3         0.00                0.00       0.06 r
  U73/Y (INV_X1M_A6P5PP140ZTS_C35)                                  0.01      0.01       0.07 f
  n19 (net)                                     2         0.00                0.00       0.07 f
  U133/Y (NAND2_X2M_A6P5PP140ZTS_C35)                               0.01      0.01       0.08 r
  n26 (net)                                     2         0.00                0.00       0.08 r
  U70/Y (AOI21_X0P5M_A6P5PP140ZTS_C35)                              0.02      0.02       0.10 f
  n30 (net)                                     2         0.00                0.00       0.10 f
  U151/Y (AOI21_X0P5M_A6P5PP140ZTS_C35)                             0.02      0.02       0.12 r
  n31 (net)                                     1         0.00                0.00       0.12 r
  U152/Y (OAI211_X1M_A6P5PP140ZTS_C35)                              0.03      0.02       0.15 f
  n44 (net)                                     1         0.00                0.00       0.15 f
  U162/Y (NAND3_X1TA_A6P5PP140ZTS_C35)                              0.02      0.02       0.17 r
  n59 (net)                                     1         0.00                0.00       0.17 r
  U190/Y (AOI21_X3M_A6P5PP140ZTS_C35)                               0.02      0.02       0.19 f
  n95 (net)                                     2         0.00                0.00       0.19 f
  U235/Y (BUF_X12M_A6P5PP140ZTS_C35)                                0.02      0.03       0.22 f
  n413 (net)                                   17         0.02                0.00       0.22 f
  U237/Y (MXIT2_X3M_A6P5PP140ZTS_C35)                               0.02      0.02       0.24 f
  n236 (net)                                    4         0.00                0.00       0.24 f
  U241/Y (NOR2_X1A_A6P5PP140ZTS_C35)                                0.03      0.02       0.27 r
  n199 (net)                                    2         0.00                0.00       0.27 r
  U242/Y (INV_X1M_A6P5PP140ZTS_C35)                                 0.01      0.02       0.28 f
  n222 (net)                                    2         0.00                0.00       0.28 f
  U369/Y (OAI22_X1M_A6P5PP140ZTS_C35)                               0.05      0.03       0.31 r
  n285 (net)                                    2         0.00                0.00       0.31 r
  U437/Y (NAND2_X1M_A6P5PP140ZTS_C35)                               0.03      0.03       0.34 f
  n1029 (net)                                   3         0.00                0.00       0.34 f
  U438/Y (XNOR2_X0P5M_A6P5PP140ZTS_C35)                             0.03      0.04       0.38 f
  n286 (net)                                    2         0.00                0.00       0.38 f
  U440/Y (NOR2_X1A_A6P5PP140ZTS_C35)                                0.03      0.03       0.41 r
  n306 (net)                                    3         0.00                0.00       0.41 r
  U458/Y (OAI21_X0P5M_A6P5PP140ZTS_C35)                             0.03      0.03       0.43 f
  n321 (net)                                    3         0.00                0.00       0.43 f
  U463/Y (AO12_X1M_A6P5PP140ZTS_C35)                                0.01      0.04       0.47 f
  n310 (net)                                    1         0.00                0.00       0.47 f
  U81/Y (AOI21_X1M_A6P5PP140ZTS_C35)                                0.03      0.02       0.49 r
  n311 (net)                                    1         0.00                0.00       0.49 r
  U464/Y (OAI21_X2M_A6P5PP140ZTS_C35)                               0.02      0.02       0.51 f
  n312 (net)                                    1         0.00                0.00       0.51 f
  U465/Y (XNOR2_X3M_A6P5PP140ZTS_C35)                               0.03      0.03       0.55 f
  n922 (net)                                    4         0.00                0.00       0.55 f
  U493/Y (NOR2_X2A_A6P5PP140ZTS_C35)                                0.04      0.04       0.58 r
  n955 (net)                                    4         0.00                0.00       0.58 r
  U37/Y (AND2_X1M_A6P5PP140ZTS_C35)                                 0.03      0.04       0.63 r
  n975 (net)                                    6         0.00                0.00       0.63 r
  U501/Y (NAND2_X3M_A6P5PP140ZTS_C35)                               0.02      0.02       0.65 f
  n1018 (net)                                   8         0.00                0.00       0.65 f
  U503/Y (NOR2_X3TA_A6P5PP140ZTS_C35)                               0.01      0.01       0.66 r
  n353 (net)                                    1         0.00                0.00       0.66 r
  U33/Y (NOR2_X2TA_A6P5PP140ZTS_C35)                                0.01      0.01       0.67 f
  n354 (net)                                    1         0.00                0.00       0.67 f
  U504/Y (NOR2_X1P4TA_A6P5PP140ZTS_C35)                             0.01      0.02       0.69 r
  n355 (net)                                    1         0.00                0.00       0.69 r
  U82/Y (INV_X2M_A6P5PP140ZTS_C35)                                  0.01      0.01       0.70 f
  n358 (net)                                    2         0.00                0.00       0.70 f
  U510/Y (NAND2_X3M_A6P5PP140ZTS_C35)                               0.02      0.01       0.71 r
  n446 (net)                                    2         0.00                0.00       0.71 r
  U25/Y (NAND2_X1M_A6P5PP140ZTS_C35)                                0.02      0.02       0.73 f
  n449 (net)                                    1         0.00                0.00       0.73 f
  U607/Y (XOR2_X1M_A6P5PP140ZTS_C35)                                0.03      0.03       0.76 f
  n1093 (net)                                   2         0.00                0.00       0.76 f
  U612/Y (NOR3_X1TA_A6P5PP140ZTS_C35)                               0.02      0.02       0.78 r
  n457 (net)                                    1         0.00                0.00       0.78 r
  U613/Y (NAND2_X1M_A6P5PP140ZTS_C35)                               0.02      0.02       0.80 f
  n460 (net)                                    1         0.00                0.00       0.80 f
  U616/Y (NOR3_X2M_A6P5PP140ZTS_C35)                                0.04      0.03       0.83 r
  n469 (net)                                    1         0.00                0.00       0.83 r
  U621/Y (NAND3_X2TA_A6P5PP140ZTS_C35)                              0.02      0.02       0.86 f
  n914 (net)                                    2         0.00                0.00       0.86 f
  U622/Y (NAND2_X1M_A6P5PP140ZTS_C35)                               0.02      0.02       0.88 r
  n1050 (net)                                   3         0.00                0.00       0.88 r
  U1084/Y (NAND2_X1M_A6P5PP140ZTS_C35)                              0.02      0.02       0.90 f
  n1055 (net)                                   2         0.00                0.00       0.90 f
  U1085/Y (NAND2XB_X1M_A6P5PP140ZTS_C35)                            0.01      0.01       0.91 r
  u_dut/N5 (net)                                1         0.00                0.00       0.91 r
  u_dut/status_o_reg[3]/D (DFFRPQA_X2M_A6P5PP140ZTS_C35)            0.01      0.00       0.91 r
  data arrival time                                                                      0.91

  clock clk (rise edge)                                                       1.00       1.00
  clock network delay (ideal)                                                 0.00       1.00
  clock uncertainty                                                          -0.05       0.95
  u_dut/status_o_reg[3]/CK (DFFRPQA_X2M_A6P5PP140ZTS_C35)                     0.00       0.95 r
  library setup time                                                         -0.04       0.91
  data required time                                                                     0.91
  ----------------------------------------------------------------------------------------------
  data required time                                                                     0.91
  data arrival time                                                                     -0.91
  ----------------------------------------------------------------------------------------------
  slack (MET)                                                                            0.00


  Startpoint: u_dut/product_q_reg[3]
              (rising edge-triggered flip-flop clocked by clk)
  Endpoint: u_dut/status_o_reg[3]
            (rising edge-triggered flip-flop clocked by clk)
  Path Group: clk
  Path Type: max

  Des/Clust/Port     Wire Load Model       Library
  ------------------------------------------------
  char_top           Zero                  sc6p5mcpp140z_cln22ul_base_svt_c35_tt_typical_max_0p80v_25c

  Point                                       Fanout       Cap     Trans      Incr       Path
  ----------------------------------------------------------------------------------------------
  clock clk (rise edge)                                                       0.00       0.00
  clock network delay (ideal)                                                 0.00       0.00
  u_dut/product_q_reg[3]/CK (DFFRPQA_X2M_A6P5PP140ZTS_C35)          0.00      0.00       0.00 r
  u_dut/product_q_reg[3]/Q (DFFRPQA_X2M_A6P5PP140ZTS_C35)           0.02      0.06       0.06 r
  u_dut/product_q[3] (net)                      3         0.00                0.00       0.06 r
  U73/Y (INV_X1M_A6P5PP140ZTS_C35)                                  0.01      0.01       0.07 f
  n19 (net)                                     2         0.00                0.00       0.07 f
  U133/Y (NAND2_X2M_A6P5PP140ZTS_C35)                               0.01      0.01       0.08 r
  n26 (net)                                     2         0.00                0.00       0.08 r
  U70/Y (AOI21_X0P5M_A6P5PP140ZTS_C35)                              0.02      0.02       0.10 f
  n30 (net)                                     2         0.00                0.00       0.10 f
  U151/Y (AOI21_X0P5M_A6P5PP140ZTS_C35)                             0.02      0.02       0.12 r
  n31 (net)                                     1         0.00                0.00       0.12 r
  U152/Y (OAI211_X1M_A6P5PP140ZTS_C35)                              0.03      0.02       0.15 f
  n44 (net)                                     1         0.00                0.00       0.15 f
  U162/Y (NAND3_X1TA_A6P5PP140ZTS_C35)                              0.02      0.02       0.17 r
  n59 (net)                                     1         0.00                0.00       0.17 r
  U190/Y (AOI21_X3M_A6P5PP140ZTS_C35)                               0.02      0.02       0.19 f
  n95 (net)                                     2         0.00                0.00       0.19 f
  U235/Y (BUF_X12M_A6P5PP140ZTS_C35)                                0.02      0.03       0.22 f
  n413 (net)                                   17         0.02                0.00       0.22 f
  U237/Y (MXIT2_X3M_A6P5PP140ZTS_C35)                               0.02      0.02       0.24 f
  n236 (net)                                    4         0.00                0.00       0.24 f
  U241/Y (NOR2_X1A_A6P5PP140ZTS_C35)                                0.03      0.02       0.27 r
  n199 (net)                                    2         0.00                0.00       0.27 r
  U242/Y (INV_X1M_A6P5PP140ZTS_C35)                                 0.01      0.02       0.28 f
  n222 (net)                                    2         0.00                0.00       0.28 f
  U369/Y (OAI22_X1M_A6P5PP140ZTS_C35)                               0.05      0.03       0.31 r
  n285 (net)                                    2         0.00                0.00       0.31 r
  U437/Y (NAND2_X1M_A6P5PP140ZTS_C35)                               0.03      0.03       0.34 f
  n1029 (net)                                   3         0.00                0.00       0.34 f
  U438/Y (XNOR2_X0P5M_A6P5PP140ZTS_C35)                             0.03      0.04       0.38 f
  n286 (net)                                    2         0.00                0.00       0.38 f
  U440/Y (NOR2_X1A_A6P5PP140ZTS_C35)                                0.03      0.03       0.41 r
  n306 (net)                                    3         0.00                0.00       0.41 r
  U458/Y (OAI21_X0P5M_A6P5PP140ZTS_C35)                             0.03      0.03       0.43 f
  n321 (net)                                    3         0.00                0.00       0.43 f
  U463/Y (AO12_X1M_A6P5PP140ZTS_C35)                                0.01      0.04       0.47 f
  n310 (net)                                    1         0.00                0.00       0.47 f
  U81/Y (AOI21_X1M_A6P5PP140ZTS_C35)                                0.03      0.02       0.49 r
  n311 (net)                                    1         0.00                0.00       0.49 r
  U464/Y (OAI21_X2M_A6P5PP140ZTS_C35)                               0.02      0.02       0.51 f
  n312 (net)                                    1         0.00                0.00       0.51 f
  U465/Y (XNOR2_X3M_A6P5PP140ZTS_C35)                               0.03      0.03       0.55 f
  n922 (net)                                    4         0.00                0.00       0.55 f
  U493/Y (NOR2_X2A_A6P5PP140ZTS_C35)                                0.04      0.04       0.58 r
  n955 (net)                                    4         0.00                0.00       0.58 r
  U37/Y (AND2_X1M_A6P5PP140ZTS_C35)                                 0.03      0.04       0.63 r
  n975 (net)                                    6         0.00                0.00       0.63 r
  U501/Y (NAND2_X3M_A6P5PP140ZTS_C35)                               0.02      0.02       0.65 f
  n1018 (net)                                   8         0.00                0.00       0.65 f
  U503/Y (NOR2_X3TA_A6P5PP140ZTS_C35)                               0.01      0.01       0.66 r
  n353 (net)                                    1         0.00                0.00       0.66 r
  U33/Y (NOR2_X2TA_A6P5PP140ZTS_C35)                                0.01      0.01       0.67 f
  n354 (net)                                    1         0.00                0.00       0.67 f
  U504/Y (NOR2_X1P4TA_A6P5PP140ZTS_C35)                             0.01      0.02       0.69 r
  n355 (net)                                    1         0.00                0.00       0.69 r
  U82/Y (INV_X2M_A6P5PP140ZTS_C35)                                  0.01      0.01       0.70 f
  n358 (net)                                    2         0.00                0.00       0.70 f
  U510/Y (NAND2_X3M_A6P5PP140ZTS_C35)                               0.02      0.01       0.71 r
  n446 (net)                                    2         0.00                0.00       0.71 r
  U25/Y (NAND2_X1M_A6P5PP140ZTS_C35)                                0.02      0.02       0.73 f
  n449 (net)                                    1         0.00                0.00       0.73 f
  U607/Y (XOR2_X1M_A6P5PP140ZTS_C35)                                0.03      0.03       0.76 f
  n1093 (net)                                   2         0.00                0.00       0.76 f
  U612/Y (NOR3_X1TA_A6P5PP140ZTS_C35)                               0.02      0.02       0.78 r
  n457 (net)                                    1         0.00                0.00       0.78 r
  U613/Y (NAND2_X1M_A6P5PP140ZTS_C35)                               0.02      0.02       0.80 f
  n460 (net)                                    1         0.00                0.00       0.80 f
  U616/Y (NOR3_X2M_A6P5PP140ZTS_C35)                                0.04      0.03       0.83 r
  n469 (net)                                    1         0.00                0.00       0.83 r
  U621/Y (NAND3_X2TA_A6P5PP140ZTS_C35)                              0.02      0.02       0.86 f
  n914 (net)                                    2         0.00                0.00       0.86 f
  U622/Y (NAND2_X1M_A6P5PP140ZTS_C35)                               0.02      0.02       0.88 r
  n1050 (net)                                   3         0.00                0.00       0.88 r
  U1084/Y (NAND2_X1M_A6P5PP140ZTS_C35)                              0.02      0.02       0.90 f
  n1055 (net)                                   2         0.00                0.00       0.90 f
  U1085/Y (NAND2XB_X1M_A6P5PP140ZTS_C35)                            0.01      0.01       0.91 r
  u_dut/N5 (net)                                1         0.00                0.00       0.91 r
  u_dut/status_o_reg[3]/D (DFFRPQA_X2M_A6P5PP140ZTS_C35)            0.01      0.00       0.91 r
  data arrival time                                                                      0.91

  clock clk (rise edge)                                                       1.00       1.00
  clock network delay (ideal)                                                 0.00       1.00
  clock uncertainty                                                          -0.05       0.95
  u_dut/status_o_reg[3]/CK (DFFRPQA_X2M_A6P5PP140ZTS_C35)                     0.00       0.95 r
  library setup time                                                         -0.04       0.91
  data required time                                                                     0.91
  ----------------------------------------------------------------------------------------------
  data required time                                                                     0.91
  data arrival time                                                                     -0.91
  ----------------------------------------------------------------------------------------------
  slack (MET)                                                                            0.00


  Startpoint: u_dut/product_q_reg[3]
              (rising edge-triggered flip-flop clocked by clk)
  Endpoint: u_dut/status_o_reg[3]
            (rising edge-triggered flip-flop clocked by clk)
  Path Group: clk
  Path Type: max

  Des/Clust/Port     Wire Load Model       Library
  ------------------------------------------------
  char_top           Zero                  sc6p5mcpp140z_cln22ul_base_svt_c35_tt_typical_max_0p80v_25c

  Point                                       Fanout       Cap     Trans      Incr       Path
  ----------------------------------------------------------------------------------------------
  clock clk (rise edge)                                                       0.00       0.00
  clock network delay (ideal)                                                 0.00       0.00
  u_dut/product_q_reg[3]/CK (DFFRPQA_X2M_A6P5PP140ZTS_C35)          0.00      0.00       0.00 r
  u_dut/product_q_reg[3]/Q (DFFRPQA_X2M_A6P5PP140ZTS_C35)           0.02      0.06       0.06 r
  u_dut/product_q[3] (net)                      3         0.00                0.00       0.06 r
  U73/Y (INV_X1M_A6P5PP140ZTS_C35)                                  0.01      0.01       0.07 f
  n19 (net)                                     2         0.00                0.00       0.07 f
  U133/Y (NAND2_X2M_A6P5PP140ZTS_C35)                               0.01      0.01       0.08 r
  n26 (net)                                     2         0.00                0.00       0.08 r
  U70/Y (AOI21_X0P5M_A6P5PP140ZTS_C35)                              0.02      0.02       0.10 f
  n30 (net)                                     2         0.00                0.00       0.10 f
  U151/Y (AOI21_X0P5M_A6P5PP140ZTS_C35)                             0.02      0.02       0.12 r
  n31 (net)                                     1         0.00                0.00       0.12 r
  U152/Y (OAI211_X1M_A6P5PP140ZTS_C35)                              0.03      0.02       0.15 f
  n44 (net)                                     1         0.00                0.00       0.15 f
  U162/Y (NAND3_X1TA_A6P5PP140ZTS_C35)                              0.02      0.02       0.17 r
  n59 (net)                                     1         0.00                0.00       0.17 r
  U190/Y (AOI21_X3M_A6P5PP140ZTS_C35)                               0.02      0.02       0.19 f
  n95 (net)                                     2         0.00                0.00       0.19 f
  U235/Y (BUF_X12M_A6P5PP140ZTS_C35)                                0.02      0.03       0.22 f
  n413 (net)                                   17         0.02                0.00       0.22 f
  U237/Y (MXIT2_X3M_A6P5PP140ZTS_C35)                               0.02      0.02       0.24 f
  n236 (net)                                    4         0.00                0.00       0.24 f
  U241/Y (NOR2_X1A_A6P5PP140ZTS_C35)                                0.03      0.02       0.27 r
  n199 (net)                                    2         0.00                0.00       0.27 r
  U242/Y (INV_X1M_A6P5PP140ZTS_C35)                                 0.01      0.02       0.28 f
  n222 (net)                                    2         0.00                0.00       0.28 f
  U369/Y (OAI22_X1M_A6P5PP140ZTS_C35)                               0.05      0.03       0.31 r
  n285 (net)                                    2         0.00                0.00       0.31 r
  U437/Y (NAND2_X1M_A6P5PP140ZTS_C35)                               0.03      0.03       0.34 f
  n1029 (net)                                   3         0.00                0.00       0.34 f
  U438/Y (XNOR2_X0P5M_A6P5PP140ZTS_C35)                             0.03      0.04       0.38 f
  n286 (net)                                    2         0.00                0.00       0.38 f
  U440/Y (NOR2_X1A_A6P5PP140ZTS_C35)                                0.03      0.03       0.41 r
  n306 (net)                                    3         0.00                0.00       0.41 r
  U458/Y (OAI21_X0P5M_A6P5PP140ZTS_C35)                             0.03      0.03       0.43 f
  n321 (net)                                    3         0.00                0.00       0.43 f
  U463/Y (AO12_X1M_A6P5PP140ZTS_C35)                                0.01      0.04       0.47 f
  n310 (net)                                    1         0.00                0.00       0.47 f
  U81/Y (AOI21_X1M_A6P5PP140ZTS_C35)                                0.03      0.02       0.49 r
  n311 (net)                                    1         0.00                0.00       0.49 r
  U464/Y (OAI21_X2M_A6P5PP140ZTS_C35)                               0.02      0.02       0.51 f
  n312 (net)                                    1         0.00                0.00       0.51 f
  U465/Y (XNOR2_X3M_A6P5PP140ZTS_C35)                               0.03      0.03       0.55 f
  n922 (net)                                    4         0.00                0.00       0.55 f
  U493/Y (NOR2_X2A_A6P5PP140ZTS_C35)                                0.04      0.04       0.58 r
  n955 (net)                                    4         0.00                0.00       0.58 r
  U37/Y (AND2_X1M_A6P5PP140ZTS_C35)                                 0.03      0.04       0.63 r
  n975 (net)                                    6         0.00                0.00       0.63 r
  U501/Y (NAND2_X3M_A6P5PP140ZTS_C35)                               0.02      0.02       0.65 f
  n1018 (net)                                   8         0.00                0.00       0.65 f
  U503/Y (NOR2_X3TA_A6P5PP140ZTS_C35)                               0.01      0.01       0.66 r
  n353 (net)                                    1         0.00                0.00       0.66 r
  U33/Y (NOR2_X2TA_A6P5PP140ZTS_C35)                                0.01      0.01       0.67 f
  n354 (net)                                    1         0.00                0.00       0.67 f
  U504/Y (NOR2_X1P4TA_A6P5PP140ZTS_C35)                             0.01      0.02       0.69 r
  n355 (net)                                    1         0.00                0.00       0.69 r
  U82/Y (INV_X2M_A6P5PP140ZTS_C35)                                  0.01      0.01       0.70 f
  n358 (net)                                    2         0.00                0.00       0.70 f
  U27/Y (NOR2_X3A_A6P5PP140ZTS_C35)                                 0.02      0.02       0.72 r
  n445 (net)                                    2         0.00                0.00       0.72 r
  U511/Y (OAI21_X3M_A6P5PP140ZTS_C35)                               0.02      0.02       0.74 f
  n437 (net)                                    2         0.00                0.00       0.74 f
  U601/Y (INV_X3M_A6P5PP140ZTS_C35)                                 0.01      0.01       0.75 r
  n443 (net)                                    2         0.00                0.00       0.75 r
  U602/Y (OAI21_X2M_A6P5PP140ZTS_C35)                               0.02      0.01       0.77 f
  n438 (net)                                    1         0.00                0.00       0.77 f
  U603/Y (XNOR2_X0P5M_A6P5PP140ZTS_C35)                             0.03      0.04       0.80 f
  n1099 (net)                                   2         0.00                0.00       0.80 f
  U616/Y (NOR3_X2M_A6P5PP140ZTS_C35)                                0.04      0.03       0.83 r
  n469 (net)                                    1         0.00                0.00       0.83 r
  U621/Y (NAND3_X2TA_A6P5PP140ZTS_C35)                              0.02      0.02       0.86 f
  n914 (net)                                    2         0.00                0.00       0.86 f
  U622/Y (NAND2_X1M_A6P5PP140ZTS_C35)                               0.02      0.02       0.88 r
  n1050 (net)                                   3         0.00                0.00       0.88 r
  U1084/Y (NAND2_X1M_A6P5PP140ZTS_C35)                              0.02      0.02       0.90 f
  n1055 (net)                                   2         0.00                0.00       0.90 f
  U1085/Y (NAND2XB_X1M_A6P5PP140ZTS_C35)                            0.01      0.01       0.91 r
  u_dut/N5 (net)                                1         0.00                0.00       0.91 r
  u_dut/status_o_reg[3]/D (DFFRPQA_X2M_A6P5PP140ZTS_C35)            0.01      0.00       0.91 r
  data arrival time                                                                      0.91

  clock clk (rise edge)                                                       1.00       1.00
  clock network delay (ideal)                                                 0.00       1.00
  clock uncertainty                                                          -0.05       0.95
  u_dut/status_o_reg[3]/CK (DFFRPQA_X2M_A6P5PP140ZTS_C35)                     0.00       0.95 r
  library setup time                                                         -0.04       0.91
  data required time                                                                     0.91
  ----------------------------------------------------------------------------------------------
  data required time                                                                     0.91
  data arrival time                                                                     -0.91
  ----------------------------------------------------------------------------------------------
  slack (MET)                                                                            0.00


1
