 
****************************************
Report : timing
        -path full
        -delay max
        -nworst 5
        -nets
        -max_paths 20
        -transition_time
        -capacitance
Design : char_top
Version: X-2025.06-SP3
Date   : Sun Aug 30 21:04:16 2026
****************************************

Operating Conditions: tt_typical_max_0p80v_25c   Library: sc6p5mcpp140z_cln22ul_base_svt_c35_tt_typical_max_0p80v_25c
Wire Load Model Mode: top

  Startpoint: w_vec_i[0] (input port clocked by clk)
  Endpoint: u_dut/acc_o_reg[47]
            (rising edge-triggered flip-flop clocked by clk)
  Path Group: clk
  Path Type: max

  Des/Clust/Port     Wire Load Model       Library
  ------------------------------------------------
  char_top           Zero                  sc6p5mcpp140z_cln22ul_base_svt_c35_tt_typical_max_0p80v_25c

  Point                                       Fanout       Cap     Trans      Incr       Path
  ----------------------------------------------------------------------------------------------
  clock clk (rise edge)                                                       0.00       0.00
  clock network delay (ideal)                                                 0.00       0.00
  input external delay                                                        0.09       0.09 f
  w_vec_i[0] (in)                                                   0.05      0.00       0.09 f
  w_vec_i[0] (net)                              1         0.00                0.00       0.09 f
  U165/Y (INV_X1M_A6P5PP140ZTS_C35)                                 0.10      0.08       0.17 r
  n266 (net)                                   18         0.01                0.00       0.17 r
  U96/Y (NAND2_X2A_A6P5PP140ZTS_C35)                                0.07      0.07       0.24 f
  n265 (net)                                   17         0.01                0.00       0.24 f
  U355/Y (OAI22_X1M_A6P5PP140ZTS_C35)                               0.06      0.05       0.29 r
  n297 (net)                                    1         0.00                0.00       0.29 r
  U380/CO (ADDF_X1M_A6P5PP140ZTS_C35)                               0.02      0.06       0.35 r
  n280 (net)                                    1         0.00                0.00       0.35 r
  U369/S (ADDF_X1M_A6P5PP140ZTS_C35)                                0.02      0.07       0.41 f
  n307 (net)                                    1         0.00                0.00       0.41 f
  U385/S (ADDF_X1M_A6P5PP140ZTS_C35)                                0.02      0.07       0.48 r
  n326 (net)                                    2         0.00                0.00       0.48 r
  U387/Y (NOR2_X1P4M_A6P5PP140ZTS_C35)                              0.02      0.02       0.50 f
  n561 (net)                                    3         0.00                0.00       0.50 f
  U85/Y (NOR2_X1A_A6P5PP140ZTS_C35)                                 0.02      0.02       0.52 r
  n593 (net)                                    2         0.00                0.00       0.52 r
  U388/Y (NAND2_X1M_A6P5PP140ZTS_C35)                               0.03      0.02       0.54 f
  n334 (net)                                    2         0.00                0.00       0.54 f
  U389/Y (NOR2_X1P4M_A6P5PP140ZTS_C35)                              0.02      0.03       0.57 r
  n336 (net)                                    1         0.00                0.00       0.57 r
  U399/Y (AOI21_X3M_A6P5PP140ZTS_C35)                               0.02      0.02       0.59 f
  n413 (net)                                    2         0.00                0.00       0.59 f
  U70/Y (OAI21_X2M_A6P5PP140ZTS_C35)                                0.03      0.02       0.61 r
  n499 (net)                                    2         0.00                0.00       0.61 r
  U69/Y (AOI21_X2M_A6P5PP140ZTS_C35)                                0.02      0.02       0.63 f
  n557 (net)                                    2         0.00                0.00       0.63 f
  U498/Y (OAI21_X2M_A6P5PP140ZTS_C35)                               0.03      0.03       0.66 r
  n589 (net)                                    2         0.00                0.00       0.66 r
  U502/Y (AOI21_X3M_A6P5PP140ZTS_C35)                               0.02      0.02       0.68 f
  n622 (net)                                    2         0.00                0.00       0.68 f
  U506/Y (OAI21_X2M_A6P5PP140ZTS_C35)                               0.02      0.02       0.70 r
  n662 (net)                                    2         0.00                0.00       0.70 r
  U112/Y (AOI21_X1M_A6P5PP140ZTS_C35)                               0.03      0.02       0.73 f
  n676 (net)                                    2         0.00                0.00       0.73 f
  U512/Y (OAI21_X1M_A6P5PP140ZTS_C35)                               0.03      0.03       0.76 r
  n409 (net)                                    1         0.00                0.00       0.76 r
  U515/Y (XNOR2_X0P5M_A6P5PP140ZTS_C35)                             0.02      0.03       0.79 r
  n410 (net)                                    1         0.00                0.00       0.79 r
  U516/Y (OAI22BB_X1M_A6P5PP140ZTS_C35)                             0.02      0.03       0.82 r
  n50 (net)                                     1         0.00                0.00       0.82 r
  u_dut/acc_o_reg[47]/D (DFFRPQA_X2M_A6P5PP140ZTS_C35)              0.02      0.00       0.82 r
  data arrival time                                                                      0.82

  clock clk (rise edge)                                                       0.90       0.90
  clock network delay (ideal)                                                 0.00       0.90
  clock uncertainty                                                          -0.05       0.85
  u_dut/acc_o_reg[47]/CK (DFFRPQA_X2M_A6P5PP140ZTS_C35)                       0.00       0.85 r
  library setup time                                                         -0.04       0.82
  data required time                                                                     0.82
  ----------------------------------------------------------------------------------------------
  data required time                                                                     0.82
  data arrival time                                                                     -0.82
  ----------------------------------------------------------------------------------------------
  slack (MET)                                                                            0.00


  Startpoint: w_vec_i[0] (input port clocked by clk)
  Endpoint: u_dut/acc_o_reg[47]
            (rising edge-triggered flip-flop clocked by clk)
  Path Group: clk
  Path Type: max

  Des/Clust/Port     Wire Load Model       Library
  ------------------------------------------------
  char_top           Zero                  sc6p5mcpp140z_cln22ul_base_svt_c35_tt_typical_max_0p80v_25c

  Point                                       Fanout       Cap     Trans      Incr       Path
  ----------------------------------------------------------------------------------------------
  clock clk (rise edge)                                                       0.00       0.00
  clock network delay (ideal)                                                 0.00       0.00
  input external delay                                                        0.09       0.09 f
  w_vec_i[0] (in)                                                   0.05      0.00       0.09 f
  w_vec_i[0] (net)                              1         0.00                0.00       0.09 f
  U165/Y (INV_X1M_A6P5PP140ZTS_C35)                                 0.10      0.08       0.17 r
  n266 (net)                                   18         0.01                0.00       0.17 r
  U96/Y (NAND2_X2A_A6P5PP140ZTS_C35)                                0.07      0.07       0.24 f
  n265 (net)                                   17         0.01                0.00       0.24 f
  U355/Y (OAI22_X1M_A6P5PP140ZTS_C35)                               0.06      0.05       0.29 r
  n297 (net)                                    1         0.00                0.00       0.29 r
  U380/CO (ADDF_X1M_A6P5PP140ZTS_C35)                               0.02      0.06       0.35 r
  n280 (net)                                    1         0.00                0.00       0.35 r
  U369/S (ADDF_X1M_A6P5PP140ZTS_C35)                                0.02      0.07       0.41 f
  n307 (net)                                    1         0.00                0.00       0.41 f
  U385/S (ADDF_X1M_A6P5PP140ZTS_C35)                                0.02      0.07       0.48 r
  n326 (net)                                    2         0.00                0.00       0.48 r
  U387/Y (NOR2_X1P4M_A6P5PP140ZTS_C35)                              0.02      0.02       0.50 f
  n561 (net)                                    3         0.00                0.00       0.50 f
  U85/Y (NOR2_X1A_A6P5PP140ZTS_C35)                                 0.02      0.02       0.52 r
  n593 (net)                                    2         0.00                0.00       0.52 r
  U388/Y (NAND2_X1M_A6P5PP140ZTS_C35)                               0.03      0.02       0.54 f
  n334 (net)                                    2         0.00                0.00       0.54 f
  U389/Y (NOR2_X1P4M_A6P5PP140ZTS_C35)                              0.02      0.03       0.57 r
  n336 (net)                                    1         0.00                0.00       0.57 r
  U399/Y (AOI21_X3M_A6P5PP140ZTS_C35)                               0.02      0.02       0.59 f
  n413 (net)                                    2         0.00                0.00       0.59 f
  U70/Y (OAI21_X2M_A6P5PP140ZTS_C35)                                0.03      0.02       0.61 r
  n499 (net)                                    2         0.00                0.00       0.61 r
  U69/Y (AOI21_X2M_A6P5PP140ZTS_C35)                                0.02      0.02       0.63 f
  n557 (net)                                    2         0.00                0.00       0.63 f
  U498/Y (OAI21_X2M_A6P5PP140ZTS_C35)                               0.03      0.03       0.66 r
  n589 (net)                                    2         0.00                0.00       0.66 r
  U502/Y (AOI21_X3M_A6P5PP140ZTS_C35)                               0.02      0.02       0.68 f
  n622 (net)                                    2         0.00                0.00       0.68 f
  U506/Y (OAI21_X2M_A6P5PP140ZTS_C35)                               0.02      0.02       0.70 r
  n662 (net)                                    2         0.00                0.00       0.70 r
  U112/Y (AOI21_X1M_A6P5PP140ZTS_C35)                               0.03      0.02       0.73 f
  n676 (net)                                    2         0.00                0.00       0.73 f
  U512/Y (OAI21_X1M_A6P5PP140ZTS_C35)                               0.03      0.03       0.76 r
  n409 (net)                                    1         0.00                0.00       0.76 r
  U515/Y (XNOR2_X0P5M_A6P5PP140ZTS_C35)                             0.02      0.03       0.79 r
  n410 (net)                                    1         0.00                0.00       0.79 r
  U516/Y (OAI22BB_X1M_A6P5PP140ZTS_C35)                             0.02      0.03       0.82 r
  n50 (net)                                     1         0.00                0.00       0.82 r
  u_dut/acc_o_reg[47]/D (DFFRPQA_X2M_A6P5PP140ZTS_C35)              0.02      0.00       0.82 r
  data arrival time                                                                      0.82

  clock clk (rise edge)                                                       0.90       0.90
  clock network delay (ideal)                                                 0.00       0.90
  clock uncertainty                                                          -0.05       0.85
  u_dut/acc_o_reg[47]/CK (DFFRPQA_X2M_A6P5PP140ZTS_C35)                       0.00       0.85 r
  library setup time                                                         -0.04       0.82
  data required time                                                                     0.82
  ----------------------------------------------------------------------------------------------
  data required time                                                                     0.82
  data arrival time                                                                     -0.82
  ----------------------------------------------------------------------------------------------
  slack (MET)                                                                            0.00


  Startpoint: w_vec_i[0] (input port clocked by clk)
  Endpoint: u_dut/acc_o_reg[47]
            (rising edge-triggered flip-flop clocked by clk)
  Path Group: clk
  Path Type: max

  Des/Clust/Port     Wire Load Model       Library
  ------------------------------------------------
  char_top           Zero                  sc6p5mcpp140z_cln22ul_base_svt_c35_tt_typical_max_0p80v_25c

  Point                                       Fanout       Cap     Trans      Incr       Path
  ----------------------------------------------------------------------------------------------
  clock clk (rise edge)                                                       0.00       0.00
  clock network delay (ideal)                                                 0.00       0.00
  input external delay                                                        0.09       0.09 f
  w_vec_i[0] (in)                                                   0.05      0.00       0.09 f
  w_vec_i[0] (net)                              1         0.00                0.00       0.09 f
  U165/Y (INV_X1M_A6P5PP140ZTS_C35)                                 0.10      0.08       0.17 r
  n266 (net)                                   18         0.01                0.00       0.17 r
  U96/Y (NAND2_X2A_A6P5PP140ZTS_C35)                                0.07      0.07       0.24 f
  n265 (net)                                   17         0.01                0.00       0.24 f
  U355/Y (OAI22_X1M_A6P5PP140ZTS_C35)                               0.06      0.05       0.29 r
  n297 (net)                                    1         0.00                0.00       0.29 r
  U380/CO (ADDF_X1M_A6P5PP140ZTS_C35)                               0.02      0.06       0.35 r
  n280 (net)                                    1         0.00                0.00       0.35 r
  U369/S (ADDF_X1M_A6P5PP140ZTS_C35)                                0.02      0.07       0.41 f
  n307 (net)                                    1         0.00                0.00       0.41 f
  U385/S (ADDF_X1M_A6P5PP140ZTS_C35)                                0.02      0.07       0.48 r
  n326 (net)                                    2         0.00                0.00       0.48 r
  U387/Y (NOR2_X1P4M_A6P5PP140ZTS_C35)                              0.02      0.02       0.50 f
  n561 (net)                                    3         0.00                0.00       0.50 f
  U85/Y (NOR2_X1A_A6P5PP140ZTS_C35)                                 0.02      0.02       0.52 r
  n593 (net)                                    2         0.00                0.00       0.52 r
  U388/Y (NAND2_X1M_A6P5PP140ZTS_C35)                               0.03      0.02       0.54 f
  n334 (net)                                    2         0.00                0.00       0.54 f
  U389/Y (NOR2_X1P4M_A6P5PP140ZTS_C35)                              0.02      0.03       0.57 r
  n336 (net)                                    1         0.00                0.00       0.57 r
  U399/Y (AOI21_X3M_A6P5PP140ZTS_C35)                               0.02      0.02       0.59 f
  n413 (net)                                    2         0.00                0.00       0.59 f
  U70/Y (OAI21_X2M_A6P5PP140ZTS_C35)                                0.03      0.02       0.61 r
  n499 (net)                                    2         0.00                0.00       0.61 r
  U69/Y (AOI21_X2M_A6P5PP140ZTS_C35)                                0.02      0.02       0.63 f
  n557 (net)                                    2         0.00                0.00       0.63 f
  U498/Y (OAI21_X2M_A6P5PP140ZTS_C35)                               0.03      0.03       0.66 r
  n589 (net)                                    2         0.00                0.00       0.66 r
  U502/Y (AOI21_X3M_A6P5PP140ZTS_C35)                               0.02      0.02       0.68 f
  n622 (net)                                    2         0.00                0.00       0.68 f
  U506/Y (OAI21_X2M_A6P5PP140ZTS_C35)                               0.02      0.02       0.70 r
  n662 (net)                                    2         0.00                0.00       0.70 r
  U112/Y (AOI21_X1M_A6P5PP140ZTS_C35)                               0.03      0.02       0.73 f
  n676 (net)                                    2         0.00                0.00       0.73 f
  U512/Y (OAI21_X1M_A6P5PP140ZTS_C35)                               0.03      0.03       0.76 r
  n409 (net)                                    1         0.00                0.00       0.76 r
  U515/Y (XNOR2_X0P5M_A6P5PP140ZTS_C35)                             0.02      0.03       0.79 r
  n410 (net)                                    1         0.00                0.00       0.79 r
  U516/Y (OAI22BB_X1M_A6P5PP140ZTS_C35)                             0.02      0.03       0.82 r
  n50 (net)                                     1         0.00                0.00       0.82 r
  u_dut/acc_o_reg[47]/D (DFFRPQA_X2M_A6P5PP140ZTS_C35)              0.02      0.00       0.82 r
  data arrival time                                                                      0.82

  clock clk (rise edge)                                                       0.90       0.90
  clock network delay (ideal)                                                 0.00       0.90
  clock uncertainty                                                          -0.05       0.85
  u_dut/acc_o_reg[47]/CK (DFFRPQA_X2M_A6P5PP140ZTS_C35)                       0.00       0.85 r
  library setup time                                                         -0.04       0.82
  data required time                                                                     0.82
  ----------------------------------------------------------------------------------------------
  data required time                                                                     0.82
  data arrival time                                                                     -0.82
  ----------------------------------------------------------------------------------------------
  slack (MET)                                                                            0.00


  Startpoint: w_vec_i[0] (input port clocked by clk)
  Endpoint: u_dut/acc_o_reg[47]
            (rising edge-triggered flip-flop clocked by clk)
  Path Group: clk
  Path Type: max

  Des/Clust/Port     Wire Load Model       Library
  ------------------------------------------------
  char_top           Zero                  sc6p5mcpp140z_cln22ul_base_svt_c35_tt_typical_max_0p80v_25c

  Point                                       Fanout       Cap     Trans      Incr       Path
  ----------------------------------------------------------------------------------------------
  clock clk (rise edge)                                                       0.00       0.00
  clock network delay (ideal)                                                 0.00       0.00
  input external delay                                                        0.09       0.09 f
  w_vec_i[0] (in)                                                   0.05      0.00       0.09 f
  w_vec_i[0] (net)                              1         0.00                0.00       0.09 f
  U165/Y (INV_X1M_A6P5PP140ZTS_C35)                                 0.10      0.08       0.17 r
  n266 (net)                                   18         0.01                0.00       0.17 r
  U96/Y (NAND2_X2A_A6P5PP140ZTS_C35)                                0.07      0.07       0.24 f
  n265 (net)                                   17         0.01                0.00       0.24 f
  U355/Y (OAI22_X1M_A6P5PP140ZTS_C35)                               0.06      0.05       0.29 r
  n297 (net)                                    1         0.00                0.00       0.29 r
  U380/CO (ADDF_X1M_A6P5PP140ZTS_C35)                               0.02      0.06       0.35 r
  n280 (net)                                    1         0.00                0.00       0.35 r
  U369/S (ADDF_X1M_A6P5PP140ZTS_C35)                                0.02      0.07       0.41 f
  n307 (net)                                    1         0.00                0.00       0.41 f
  U385/S (ADDF_X1M_A6P5PP140ZTS_C35)                                0.02      0.07       0.48 r
  n326 (net)                                    2         0.00                0.00       0.48 r
  U387/Y (NOR2_X1P4M_A6P5PP140ZTS_C35)                              0.02      0.02       0.50 f
  n561 (net)                                    3         0.00                0.00       0.50 f
  U85/Y (NOR2_X1A_A6P5PP140ZTS_C35)                                 0.02      0.02       0.52 r
  n593 (net)                                    2         0.00                0.00       0.52 r
  U388/Y (NAND2_X1M_A6P5PP140ZTS_C35)                               0.03      0.02       0.54 f
  n334 (net)                                    2         0.00                0.00       0.54 f
  U389/Y (NOR2_X1P4M_A6P5PP140ZTS_C35)                              0.02      0.03       0.57 r
  n336 (net)                                    1         0.00                0.00       0.57 r
  U399/Y (AOI21_X3M_A6P5PP140ZTS_C35)                               0.02      0.02       0.59 f
  n413 (net)                                    2         0.00                0.00       0.59 f
  U70/Y (OAI21_X2M_A6P5PP140ZTS_C35)                                0.03      0.02       0.61 r
  n499 (net)                                    2         0.00                0.00       0.61 r
  U69/Y (AOI21_X2M_A6P5PP140ZTS_C35)                                0.02      0.02       0.63 f
  n557 (net)                                    2         0.00                0.00       0.63 f
  U498/Y (OAI21_X2M_A6P5PP140ZTS_C35)                               0.03      0.03       0.66 r
  n589 (net)                                    2         0.00                0.00       0.66 r
  U502/Y (AOI21_X3M_A6P5PP140ZTS_C35)                               0.02      0.02       0.68 f
  n622 (net)                                    2         0.00                0.00       0.68 f
  U506/Y (OAI21_X2M_A6P5PP140ZTS_C35)                               0.02      0.02       0.70 r
  n662 (net)                                    2         0.00                0.00       0.70 r
  U112/Y (AOI21_X1M_A6P5PP140ZTS_C35)                               0.03      0.02       0.73 f
  n676 (net)                                    2         0.00                0.00       0.73 f
  U512/Y (OAI21_X1M_A6P5PP140ZTS_C35)                               0.03      0.03       0.76 r
  n409 (net)                                    1         0.00                0.00       0.76 r
  U515/Y (XNOR2_X0P5M_A6P5PP140ZTS_C35)                             0.02      0.03       0.79 r
  n410 (net)                                    1         0.00                0.00       0.79 r
  U516/Y (OAI22BB_X1M_A6P5PP140ZTS_C35)                             0.02      0.03       0.82 r
  n50 (net)                                     1         0.00                0.00       0.82 r
  u_dut/acc_o_reg[47]/D (DFFRPQA_X2M_A6P5PP140ZTS_C35)              0.02      0.00       0.82 r
  data arrival time                                                                      0.82

  clock clk (rise edge)                                                       0.90       0.90
  clock network delay (ideal)                                                 0.00       0.90
  clock uncertainty                                                          -0.05       0.85
  u_dut/acc_o_reg[47]/CK (DFFRPQA_X2M_A6P5PP140ZTS_C35)                       0.00       0.85 r
  library setup time                                                         -0.04       0.82
  data required time                                                                     0.82
  ----------------------------------------------------------------------------------------------
  data required time                                                                     0.82
  data arrival time                                                                     -0.82
  ----------------------------------------------------------------------------------------------
  slack (MET)                                                                            0.00


  Startpoint: w_vec_i[0] (input port clocked by clk)
  Endpoint: u_dut/acc_o_reg[47]
            (rising edge-triggered flip-flop clocked by clk)
  Path Group: clk
  Path Type: max

  Des/Clust/Port     Wire Load Model       Library
  ------------------------------------------------
  char_top           Zero                  sc6p5mcpp140z_cln22ul_base_svt_c35_tt_typical_max_0p80v_25c

  Point                                       Fanout       Cap     Trans      Incr       Path
  ----------------------------------------------------------------------------------------------
  clock clk (rise edge)                                                       0.00       0.00
  clock network delay (ideal)                                                 0.00       0.00
  input external delay                                                        0.09       0.09 f
  w_vec_i[0] (in)                                                   0.05      0.00       0.09 f
  w_vec_i[0] (net)                              1         0.00                0.00       0.09 f
  U165/Y (INV_X1M_A6P5PP140ZTS_C35)                                 0.10      0.08       0.17 r
  n266 (net)                                   18         0.01                0.00       0.17 r
  U96/Y (NAND2_X2A_A6P5PP140ZTS_C35)                                0.07      0.07       0.24 f
  n265 (net)                                   17         0.01                0.00       0.24 f
  U355/Y (OAI22_X1M_A6P5PP140ZTS_C35)                               0.06      0.05       0.29 r
  n297 (net)                                    1         0.00                0.00       0.29 r
  U380/CO (ADDF_X1M_A6P5PP140ZTS_C35)                               0.02      0.06       0.35 r
  n280 (net)                                    1         0.00                0.00       0.35 r
  U369/S (ADDF_X1M_A6P5PP140ZTS_C35)                                0.02      0.07       0.41 f
  n307 (net)                                    1         0.00                0.00       0.41 f
  U385/S (ADDF_X1M_A6P5PP140ZTS_C35)                                0.02      0.07       0.48 r
  n326 (net)                                    2         0.00                0.00       0.48 r
  U387/Y (NOR2_X1P4M_A6P5PP140ZTS_C35)                              0.02      0.02       0.50 f
  n561 (net)                                    3         0.00                0.00       0.50 f
  U85/Y (NOR2_X1A_A6P5PP140ZTS_C35)                                 0.02      0.02       0.52 r
  n593 (net)                                    2         0.00                0.00       0.52 r
  U388/Y (NAND2_X1M_A6P5PP140ZTS_C35)                               0.03      0.02       0.54 f
  n334 (net)                                    2         0.00                0.00       0.54 f
  U389/Y (NOR2_X1P4M_A6P5PP140ZTS_C35)                              0.02      0.03       0.57 r
  n336 (net)                                    1         0.00                0.00       0.57 r
  U399/Y (AOI21_X3M_A6P5PP140ZTS_C35)                               0.02      0.02       0.59 f
  n413 (net)                                    2         0.00                0.00       0.59 f
  U70/Y (OAI21_X2M_A6P5PP140ZTS_C35)                                0.03      0.02       0.61 r
  n499 (net)                                    2         0.00                0.00       0.61 r
  U69/Y (AOI21_X2M_A6P5PP140ZTS_C35)                                0.02      0.02       0.63 f
  n557 (net)                                    2         0.00                0.00       0.63 f
  U498/Y (OAI21_X2M_A6P5PP140ZTS_C35)                               0.03      0.03       0.66 r
  n589 (net)                                    2         0.00                0.00       0.66 r
  U502/Y (AOI21_X3M_A6P5PP140ZTS_C35)                               0.02      0.02       0.68 f
  n622 (net)                                    2         0.00                0.00       0.68 f
  U506/Y (OAI21_X2M_A6P5PP140ZTS_C35)                               0.02      0.02       0.70 r
  n662 (net)                                    2         0.00                0.00       0.70 r
  U112/Y (AOI21_X1M_A6P5PP140ZTS_C35)                               0.03      0.02       0.73 f
  n676 (net)                                    2         0.00                0.00       0.73 f
  U512/Y (OAI21_X1M_A6P5PP140ZTS_C35)                               0.03      0.03       0.76 r
  n409 (net)                                    1         0.00                0.00       0.76 r
  U515/Y (XNOR2_X0P5M_A6P5PP140ZTS_C35)                             0.02      0.03       0.79 r
  n410 (net)                                    1         0.00                0.00       0.79 r
  U516/Y (OAI22BB_X1M_A6P5PP140ZTS_C35)                             0.02      0.03       0.82 r
  n50 (net)                                     1         0.00                0.00       0.82 r
  u_dut/acc_o_reg[47]/D (DFFRPQA_X2M_A6P5PP140ZTS_C35)              0.02      0.00       0.82 r
  data arrival time                                                                      0.82

  clock clk (rise edge)                                                       0.90       0.90
  clock network delay (ideal)                                                 0.00       0.90
  clock uncertainty                                                          -0.05       0.85
  u_dut/acc_o_reg[47]/CK (DFFRPQA_X2M_A6P5PP140ZTS_C35)                       0.00       0.85 r
  library setup time                                                         -0.04       0.82
  data required time                                                                     0.82
  ----------------------------------------------------------------------------------------------
  data required time                                                                     0.82
  data arrival time                                                                     -0.82
  ----------------------------------------------------------------------------------------------
  slack (MET)                                                                            0.00


  Startpoint: w_vec_i[0] (input port clocked by clk)
  Endpoint: u_dut/acc_o_reg[26]
            (rising edge-triggered flip-flop clocked by clk)
  Path Group: clk
  Path Type: max

  Des/Clust/Port     Wire Load Model       Library
  ------------------------------------------------
  char_top           Zero                  sc6p5mcpp140z_cln22ul_base_svt_c35_tt_typical_max_0p80v_25c

  Point                                       Fanout       Cap     Trans      Incr       Path
  ----------------------------------------------------------------------------------------------
  clock clk (rise edge)                                                       0.00       0.00
  clock network delay (ideal)                                                 0.00       0.00
  input external delay                                                        0.09       0.09 f
  w_vec_i[0] (in)                                                   0.05      0.00       0.09 f
  w_vec_i[0] (net)                              1         0.00                0.00       0.09 f
  U165/Y (INV_X1M_A6P5PP140ZTS_C35)                                 0.10      0.08       0.17 r
  n266 (net)                                   18         0.01                0.00       0.17 r
  U96/Y (NAND2_X2A_A6P5PP140ZTS_C35)                                0.07      0.07       0.24 f
  n265 (net)                                   17         0.01                0.00       0.24 f
  U355/Y (OAI22_X1M_A6P5PP140ZTS_C35)                               0.06      0.05       0.29 r
  n297 (net)                                    1         0.00                0.00       0.29 r
  U380/CO (ADDF_X1M_A6P5PP140ZTS_C35)                               0.02      0.06       0.35 r
  n280 (net)                                    1         0.00                0.00       0.35 r
  U369/S (ADDF_X1M_A6P5PP140ZTS_C35)                                0.02      0.07       0.41 f
  n307 (net)                                    1         0.00                0.00       0.41 f
  U385/S (ADDF_X1M_A6P5PP140ZTS_C35)                                0.02      0.07       0.48 r
  n326 (net)                                    2         0.00                0.00       0.48 r
  U387/Y (NOR2_X1P4M_A6P5PP140ZTS_C35)                              0.02      0.02       0.50 f
  n561 (net)                                    3         0.00                0.00       0.50 f
  U85/Y (NOR2_X1A_A6P5PP140ZTS_C35)                                 0.02      0.02       0.52 r
  n593 (net)                                    2         0.00                0.00       0.52 r
  U388/Y (NAND2_X1M_A6P5PP140ZTS_C35)                               0.03      0.02       0.54 f
  n334 (net)                                    2         0.00                0.00       0.54 f
  U389/Y (NOR2_X1P4M_A6P5PP140ZTS_C35)                              0.02      0.03       0.57 r
  n336 (net)                                    1         0.00                0.00       0.57 r
  U399/Y (AOI21_X3M_A6P5PP140ZTS_C35)                               0.02      0.02       0.59 f
  n413 (net)                                    2         0.00                0.00       0.59 f
  U517/Y (INV_X2M_A6P5PP140ZTS_C35)                                 0.02      0.02       0.61 r
  n550 (net)                                    6         0.00                0.00       0.61 r
  U520/Y (AOI21_X2M_A6P5PP140ZTS_C35)                               0.02      0.02       0.62 f
  n584 (net)                                    2         0.00                0.00       0.62 f
  U521/Y (OAI21_X2M_A6P5PP140ZTS_C35)                               0.02      0.02       0.65 r
  n654 (net)                                    3         0.00                0.00       0.65 r
  U114/Y (INV_X1M_A6P5PP140ZTS_C35)                                 0.03      0.02       0.67 f
  n737 (net)                                    7         0.00                0.00       0.67 f
  U522/Y (OAI21_X1M_A6P5PP140ZTS_C35)                               0.03      0.03       0.70 r
  n658 (net)                                    2         0.00                0.00       0.70 r
  U689/Y (INV_X1M_A6P5PP140ZTS_C35)                                 0.02      0.02       0.72 f
  n718 (net)                                    2         0.00                0.00       0.72 f
  U61/Y (OAI21_X0P5M_A6P5PP140ZTS_C35)                              0.03      0.03       0.75 r
  n719 (net)                                    1         0.00                0.00       0.75 r
  U723/Y (XNOR2_X0P5M_A6P5PP140ZTS_C35)                             0.02      0.03       0.78 r
  n721 (net)                                    1         0.00                0.00       0.78 r
  U724/Y (AO22_X1M_A6P5PP140ZTS_C35)                                0.02      0.03       0.81 r
  n23 (net)                                     1         0.00                0.00       0.81 r
  u_dut/acc_o_reg[26]/D (DFFRPQA_X2M_A6P5PP140ZTS_C35)              0.02      0.00       0.81 r
  data arrival time                                                                      0.81

  clock clk (rise edge)                                                       0.90       0.90
  clock network delay (ideal)                                                 0.00       0.90
  clock uncertainty                                                          -0.05       0.85
  u_dut/acc_o_reg[26]/CK (DFFRPQA_X2M_A6P5PP140ZTS_C35)                       0.00       0.85 r
  library setup time                                                         -0.04       0.82
  data required time                                                                     0.82
  ----------------------------------------------------------------------------------------------
  data required time                                                                     0.82
  data arrival time                                                                     -0.81
  ----------------------------------------------------------------------------------------------
  slack (MET)                                                                            0.01


  Startpoint: w_vec_i[0] (input port clocked by clk)
  Endpoint: u_dut/acc_o_reg[26]
            (rising edge-triggered flip-flop clocked by clk)
  Path Group: clk
  Path Type: max

  Des/Clust/Port     Wire Load Model       Library
  ------------------------------------------------
  char_top           Zero                  sc6p5mcpp140z_cln22ul_base_svt_c35_tt_typical_max_0p80v_25c

  Point                                       Fanout       Cap     Trans      Incr       Path
  ----------------------------------------------------------------------------------------------
  clock clk (rise edge)                                                       0.00       0.00
  clock network delay (ideal)                                                 0.00       0.00
  input external delay                                                        0.09       0.09 f
  w_vec_i[0] (in)                                                   0.05      0.00       0.09 f
  w_vec_i[0] (net)                              1         0.00                0.00       0.09 f
  U165/Y (INV_X1M_A6P5PP140ZTS_C35)                                 0.10      0.08       0.17 r
  n266 (net)                                   18         0.01                0.00       0.17 r
  U96/Y (NAND2_X2A_A6P5PP140ZTS_C35)                                0.07      0.07       0.24 f
  n265 (net)                                   17         0.01                0.00       0.24 f
  U355/Y (OAI22_X1M_A6P5PP140ZTS_C35)                               0.06      0.05       0.29 r
  n297 (net)                                    1         0.00                0.00       0.29 r
  U380/CO (ADDF_X1M_A6P5PP140ZTS_C35)                               0.02      0.06       0.35 r
  n280 (net)                                    1         0.00                0.00       0.35 r
  U369/S (ADDF_X1M_A6P5PP140ZTS_C35)                                0.02      0.07       0.41 f
  n307 (net)                                    1         0.00                0.00       0.41 f
  U385/S (ADDF_X1M_A6P5PP140ZTS_C35)                                0.02      0.07       0.48 r
  n326 (net)                                    2         0.00                0.00       0.48 r
  U387/Y (NOR2_X1P4M_A6P5PP140ZTS_C35)                              0.02      0.02       0.50 f
  n561 (net)                                    3         0.00                0.00       0.50 f
  U85/Y (NOR2_X1A_A6P5PP140ZTS_C35)                                 0.02      0.02       0.52 r
  n593 (net)                                    2         0.00                0.00       0.52 r
  U388/Y (NAND2_X1M_A6P5PP140ZTS_C35)                               0.03      0.02       0.54 f
  n334 (net)                                    2         0.00                0.00       0.54 f
  U389/Y (NOR2_X1P4M_A6P5PP140ZTS_C35)                              0.02      0.03       0.57 r
  n336 (net)                                    1         0.00                0.00       0.57 r
  U399/Y (AOI21_X3M_A6P5PP140ZTS_C35)                               0.02      0.02       0.59 f
  n413 (net)                                    2         0.00                0.00       0.59 f
  U517/Y (INV_X2M_A6P5PP140ZTS_C35)                                 0.02      0.02       0.61 r
  n550 (net)                                    6         0.00                0.00       0.61 r
  U520/Y (AOI21_X2M_A6P5PP140ZTS_C35)                               0.02      0.02       0.62 f
  n584 (net)                                    2         0.00                0.00       0.62 f
  U521/Y (OAI21_X2M_A6P5PP140ZTS_C35)                               0.02      0.02       0.65 r
  n654 (net)                                    3         0.00                0.00       0.65 r
  U114/Y (INV_X1M_A6P5PP140ZTS_C35)                                 0.03      0.02       0.67 f
  n737 (net)                                    7         0.00                0.00       0.67 f
  U522/Y (OAI21_X1M_A6P5PP140ZTS_C35)                               0.03      0.03       0.70 r
  n658 (net)                                    2         0.00                0.00       0.70 r
  U689/Y (INV_X1M_A6P5PP140ZTS_C35)                                 0.02      0.02       0.72 f
  n718 (net)                                    2         0.00                0.00       0.72 f
  U61/Y (OAI21_X0P5M_A6P5PP140ZTS_C35)                              0.03      0.03       0.75 r
  n719 (net)                                    1         0.00                0.00       0.75 r
  U723/Y (XNOR2_X0P5M_A6P5PP140ZTS_C35)                             0.02      0.03       0.78 r
  n721 (net)                                    1         0.00                0.00       0.78 r
  U724/Y (AO22_X1M_A6P5PP140ZTS_C35)                                0.02      0.03       0.81 r
  n23 (net)                                     1         0.00                0.00       0.81 r
  u_dut/acc_o_reg[26]/D (DFFRPQA_X2M_A6P5PP140ZTS_C35)              0.02      0.00       0.81 r
  data arrival time                                                                      0.81

  clock clk (rise edge)                                                       0.90       0.90
  clock network delay (ideal)                                                 0.00       0.90
  clock uncertainty                                                          -0.05       0.85
  u_dut/acc_o_reg[26]/CK (DFFRPQA_X2M_A6P5PP140ZTS_C35)                       0.00       0.85 r
  library setup time                                                         -0.04       0.82
  data required time                                                                     0.82
  ----------------------------------------------------------------------------------------------
  data required time                                                                     0.82
  data arrival time                                                                     -0.81
  ----------------------------------------------------------------------------------------------
  slack (MET)                                                                            0.01


  Startpoint: w_vec_i[0] (input port clocked by clk)
  Endpoint: u_dut/acc_o_reg[26]
            (rising edge-triggered flip-flop clocked by clk)
  Path Group: clk
  Path Type: max

  Des/Clust/Port     Wire Load Model       Library
  ------------------------------------------------
  char_top           Zero                  sc6p5mcpp140z_cln22ul_base_svt_c35_tt_typical_max_0p80v_25c

  Point                                       Fanout       Cap     Trans      Incr       Path
  ----------------------------------------------------------------------------------------------
  clock clk (rise edge)                                                       0.00       0.00
  clock network delay (ideal)                                                 0.00       0.00
  input external delay                                                        0.09       0.09 f
  w_vec_i[0] (in)                                                   0.05      0.00       0.09 f
  w_vec_i[0] (net)                              1         0.00                0.00       0.09 f
  U165/Y (INV_X1M_A6P5PP140ZTS_C35)                                 0.10      0.08       0.17 r
  n266 (net)                                   18         0.01                0.00       0.17 r
  U96/Y (NAND2_X2A_A6P5PP140ZTS_C35)                                0.07      0.07       0.24 f
  n265 (net)                                   17         0.01                0.00       0.24 f
  U355/Y (OAI22_X1M_A6P5PP140ZTS_C35)                               0.06      0.05       0.29 r
  n297 (net)                                    1         0.00                0.00       0.29 r
  U380/CO (ADDF_X1M_A6P5PP140ZTS_C35)                               0.02      0.06       0.35 r
  n280 (net)                                    1         0.00                0.00       0.35 r
  U369/S (ADDF_X1M_A6P5PP140ZTS_C35)                                0.02      0.07       0.41 f
  n307 (net)                                    1         0.00                0.00       0.41 f
  U385/S (ADDF_X1M_A6P5PP140ZTS_C35)                                0.02      0.07       0.48 r
  n326 (net)                                    2         0.00                0.00       0.48 r
  U387/Y (NOR2_X1P4M_A6P5PP140ZTS_C35)                              0.02      0.02       0.50 f
  n561 (net)                                    3         0.00                0.00       0.50 f
  U85/Y (NOR2_X1A_A6P5PP140ZTS_C35)                                 0.02      0.02       0.52 r
  n593 (net)                                    2         0.00                0.00       0.52 r
  U388/Y (NAND2_X1M_A6P5PP140ZTS_C35)                               0.03      0.02       0.54 f
  n334 (net)                                    2         0.00                0.00       0.54 f
  U389/Y (NOR2_X1P4M_A6P5PP140ZTS_C35)                              0.02      0.03       0.57 r
  n336 (net)                                    1         0.00                0.00       0.57 r
  U399/Y (AOI21_X3M_A6P5PP140ZTS_C35)                               0.02      0.02       0.59 f
  n413 (net)                                    2         0.00                0.00       0.59 f
  U517/Y (INV_X2M_A6P5PP140ZTS_C35)                                 0.02      0.02       0.61 r
  n550 (net)                                    6         0.00                0.00       0.61 r
  U520/Y (AOI21_X2M_A6P5PP140ZTS_C35)                               0.02      0.02       0.62 f
  n584 (net)                                    2         0.00                0.00       0.62 f
  U521/Y (OAI21_X2M_A6P5PP140ZTS_C35)                               0.02      0.02       0.65 r
  n654 (net)                                    3         0.00                0.00       0.65 r
  U114/Y (INV_X1M_A6P5PP140ZTS_C35)                                 0.03      0.02       0.67 f
  n737 (net)                                    7         0.00                0.00       0.67 f
  U522/Y (OAI21_X1M_A6P5PP140ZTS_C35)                               0.03      0.03       0.70 r
  n658 (net)                                    2         0.00                0.00       0.70 r
  U689/Y (INV_X1M_A6P5PP140ZTS_C35)                                 0.02      0.02       0.72 f
  n718 (net)                                    2         0.00                0.00       0.72 f
  U61/Y (OAI21_X0P5M_A6P5PP140ZTS_C35)                              0.03      0.03       0.75 r
  n719 (net)                                    1         0.00                0.00       0.75 r
  U723/Y (XNOR2_X0P5M_A6P5PP140ZTS_C35)                             0.02      0.03       0.78 r
  n721 (net)                                    1         0.00                0.00       0.78 r
  U724/Y (AO22_X1M_A6P5PP140ZTS_C35)                                0.02      0.03       0.81 r
  n23 (net)                                     1         0.00                0.00       0.81 r
  u_dut/acc_o_reg[26]/D (DFFRPQA_X2M_A6P5PP140ZTS_C35)              0.02      0.00       0.81 r
  data arrival time                                                                      0.81

  clock clk (rise edge)                                                       0.90       0.90
  clock network delay (ideal)                                                 0.00       0.90
  clock uncertainty                                                          -0.05       0.85
  u_dut/acc_o_reg[26]/CK (DFFRPQA_X2M_A6P5PP140ZTS_C35)                       0.00       0.85 r
  library setup time                                                         -0.04       0.82
  data required time                                                                     0.82
  ----------------------------------------------------------------------------------------------
  data required time                                                                     0.82
  data arrival time                                                                     -0.81
  ----------------------------------------------------------------------------------------------
  slack (MET)                                                                            0.01


  Startpoint: w_vec_i[0] (input port clocked by clk)
  Endpoint: u_dut/acc_o_reg[26]
            (rising edge-triggered flip-flop clocked by clk)
  Path Group: clk
  Path Type: max

  Des/Clust/Port     Wire Load Model       Library
  ------------------------------------------------
  char_top           Zero                  sc6p5mcpp140z_cln22ul_base_svt_c35_tt_typical_max_0p80v_25c

  Point                                       Fanout       Cap     Trans      Incr       Path
  ----------------------------------------------------------------------------------------------
  clock clk (rise edge)                                                       0.00       0.00
  clock network delay (ideal)                                                 0.00       0.00
  input external delay                                                        0.09       0.09 f
  w_vec_i[0] (in)                                                   0.05      0.00       0.09 f
  w_vec_i[0] (net)                              1         0.00                0.00       0.09 f
  U165/Y (INV_X1M_A6P5PP140ZTS_C35)                                 0.10      0.08       0.17 r
  n266 (net)                                   18         0.01                0.00       0.17 r
  U96/Y (NAND2_X2A_A6P5PP140ZTS_C35)                                0.07      0.07       0.24 f
  n265 (net)                                   17         0.01                0.00       0.24 f
  U187/Y (OAI22_X1M_A6P5PP140ZTS_C35)                               0.06      0.05       0.29 r
  n91 (net)                                     1         0.00                0.00       0.29 r
  U210/CO (ADDF_X1M_A6P5PP140ZTS_C35)                               0.03      0.06       0.35 r
  n85 (net)                                     1         0.00                0.00       0.35 r
  U208/S (ADDF_X1M_A6P5PP140ZTS_C35)                                0.02      0.07       0.41 f
  n87 (net)                                     1         0.00                0.00       0.41 f
  U209/S (ADDF_X1M_A6P5PP140ZTS_C35)                                0.02      0.07       0.48 r
  n126 (net)                                    2         0.00                0.00       0.48 r
  U111/Y (NAND2_X1M_A6P5PP140ZTS_C35)                               0.02      0.02       0.50 f
  n458 (net)                                    3         0.00                0.00       0.50 f
  U86/Y (OAI21_X0P5M_A6P5PP140ZTS_C35)                              0.03      0.03       0.53 r
  n129 (net)                                    1         0.00                0.00       0.53 r
  U241/Y (AOI21_X2M_A6P5PP140ZTS_C35)                               0.02      0.02       0.55 f
  n465 (net)                                    2         0.00                0.00       0.55 f
  U294/Y (OAI21_X3M_A6P5PP140ZTS_C35)                               0.02      0.02       0.57 r
  n478 (net)                                    2         0.00                0.00       0.57 r
  U399/Y (AOI21_X3M_A6P5PP140ZTS_C35)                               0.02      0.02       0.59 f
  n413 (net)                                    2         0.00                0.00       0.59 f
  U517/Y (INV_X2M_A6P5PP140ZTS_C35)                                 0.02      0.02       0.61 r
  n550 (net)                                    6         0.00                0.00       0.61 r
  U520/Y (AOI21_X2M_A6P5PP140ZTS_C35)                               0.02      0.02       0.62 f
  n584 (net)                                    2         0.00                0.00       0.62 f
  U521/Y (OAI21_X2M_A6P5PP140ZTS_C35)                               0.02      0.02       0.65 r
  n654 (net)                                    3         0.00                0.00       0.65 r
  U114/Y (INV_X1M_A6P5PP140ZTS_C35)                                 0.03      0.02       0.67 f
  n737 (net)                                    7         0.00                0.00       0.67 f
  U522/Y (OAI21_X1M_A6P5PP140ZTS_C35)                               0.03      0.03       0.70 r
  n658 (net)                                    2         0.00                0.00       0.70 r
  U689/Y (INV_X1M_A6P5PP140ZTS_C35)                                 0.02      0.02       0.72 f
  n718 (net)                                    2         0.00                0.00       0.72 f
  U61/Y (OAI21_X0P5M_A6P5PP140ZTS_C35)                              0.03      0.03       0.75 r
  n719 (net)                                    1         0.00                0.00       0.75 r
  U723/Y (XNOR2_X0P5M_A6P5PP140ZTS_C35)                             0.02      0.03       0.78 r
  n721 (net)                                    1         0.00                0.00       0.78 r
  U724/Y (AO22_X1M_A6P5PP140ZTS_C35)                                0.02      0.03       0.81 r
  n23 (net)                                     1         0.00                0.00       0.81 r
  u_dut/acc_o_reg[26]/D (DFFRPQA_X2M_A6P5PP140ZTS_C35)              0.02      0.00       0.81 r
  data arrival time                                                                      0.81

  clock clk (rise edge)                                                       0.90       0.90
  clock network delay (ideal)                                                 0.00       0.90
  clock uncertainty                                                          -0.05       0.85
  u_dut/acc_o_reg[26]/CK (DFFRPQA_X2M_A6P5PP140ZTS_C35)                       0.00       0.85 r
  library setup time                                                         -0.04       0.82
  data required time                                                                     0.82
  ----------------------------------------------------------------------------------------------
  data required time                                                                     0.82
  data arrival time                                                                     -0.81
  ----------------------------------------------------------------------------------------------
  slack (MET)                                                                            0.01


  Startpoint: w_vec_i[0] (input port clocked by clk)
  Endpoint: u_dut/acc_o_reg[26]
            (rising edge-triggered flip-flop clocked by clk)
  Path Group: clk
  Path Type: max

  Des/Clust/Port     Wire Load Model       Library
  ------------------------------------------------
  char_top           Zero                  sc6p5mcpp140z_cln22ul_base_svt_c35_tt_typical_max_0p80v_25c

  Point                                       Fanout       Cap     Trans      Incr       Path
  ----------------------------------------------------------------------------------------------
  clock clk (rise edge)                                                       0.00       0.00
  clock network delay (ideal)                                                 0.00       0.00
  input external delay                                                        0.09       0.09 f
  w_vec_i[0] (in)                                                   0.05      0.00       0.09 f
  w_vec_i[0] (net)                              1         0.00                0.00       0.09 f
  U165/Y (INV_X1M_A6P5PP140ZTS_C35)                                 0.10      0.08       0.17 r
  n266 (net)                                   18         0.01                0.00       0.17 r
  U96/Y (NAND2_X2A_A6P5PP140ZTS_C35)                                0.07      0.07       0.24 f
  n265 (net)                                   17         0.01                0.00       0.24 f
  U187/Y (OAI22_X1M_A6P5PP140ZTS_C35)                               0.06      0.05       0.29 r
  n91 (net)                                     1         0.00                0.00       0.29 r
  U210/CO (ADDF_X1M_A6P5PP140ZTS_C35)                               0.03      0.06       0.35 r
  n85 (net)                                     1         0.00                0.00       0.35 r
  U208/S (ADDF_X1M_A6P5PP140ZTS_C35)                                0.02      0.07       0.41 f
  n87 (net)                                     1         0.00                0.00       0.41 f
  U209/S (ADDF_X1M_A6P5PP140ZTS_C35)                                0.02      0.07       0.48 r
  n126 (net)                                    2         0.00                0.00       0.48 r
  U111/Y (NAND2_X1M_A6P5PP140ZTS_C35)                               0.02      0.02       0.50 f
  n458 (net)                                    3         0.00                0.00       0.50 f
  U86/Y (OAI21_X0P5M_A6P5PP140ZTS_C35)                              0.03      0.03       0.53 r
  n129 (net)                                    1         0.00                0.00       0.53 r
  U241/Y (AOI21_X2M_A6P5PP140ZTS_C35)                               0.02      0.02       0.55 f
  n465 (net)                                    2         0.00                0.00       0.55 f
  U294/Y (OAI21_X3M_A6P5PP140ZTS_C35)                               0.02      0.02       0.57 r
  n478 (net)                                    2         0.00                0.00       0.57 r
  U399/Y (AOI21_X3M_A6P5PP140ZTS_C35)                               0.02      0.02       0.59 f
  n413 (net)                                    2         0.00                0.00       0.59 f
  U517/Y (INV_X2M_A6P5PP140ZTS_C35)                                 0.02      0.02       0.61 r
  n550 (net)                                    6         0.00                0.00       0.61 r
  U520/Y (AOI21_X2M_A6P5PP140ZTS_C35)                               0.02      0.02       0.62 f
  n584 (net)                                    2         0.00                0.00       0.62 f
  U521/Y (OAI21_X2M_A6P5PP140ZTS_C35)                               0.02      0.02       0.65 r
  n654 (net)                                    3         0.00                0.00       0.65 r
  U114/Y (INV_X1M_A6P5PP140ZTS_C35)                                 0.03      0.02       0.67 f
  n737 (net)                                    7         0.00                0.00       0.67 f
  U522/Y (OAI21_X1M_A6P5PP140ZTS_C35)                               0.03      0.03       0.70 r
  n658 (net)                                    2         0.00                0.00       0.70 r
  U689/Y (INV_X1M_A6P5PP140ZTS_C35)                                 0.02      0.02       0.72 f
  n718 (net)                                    2         0.00                0.00       0.72 f
  U61/Y (OAI21_X0P5M_A6P5PP140ZTS_C35)                              0.03      0.03       0.75 r
  n719 (net)                                    1         0.00                0.00       0.75 r
  U723/Y (XNOR2_X0P5M_A6P5PP140ZTS_C35)                             0.02      0.03       0.78 r
  n721 (net)                                    1         0.00                0.00       0.78 r
  U724/Y (AO22_X1M_A6P5PP140ZTS_C35)                                0.02      0.03       0.81 r
  n23 (net)                                     1         0.00                0.00       0.81 r
  u_dut/acc_o_reg[26]/D (DFFRPQA_X2M_A6P5PP140ZTS_C35)              0.02      0.00       0.81 r
  data arrival time                                                                      0.81

  clock clk (rise edge)                                                       0.90       0.90
  clock network delay (ideal)                                                 0.00       0.90
  clock uncertainty                                                          -0.05       0.85
  u_dut/acc_o_reg[26]/CK (DFFRPQA_X2M_A6P5PP140ZTS_C35)                       0.00       0.85 r
  library setup time                                                         -0.04       0.82
  data required time                                                                     0.82
  ----------------------------------------------------------------------------------------------
  data required time                                                                     0.82
  data arrival time                                                                     -0.81
  ----------------------------------------------------------------------------------------------
  slack (MET)                                                                            0.01


  Startpoint: w_vec_i[0] (input port clocked by clk)
  Endpoint: u_dut/acc_o_reg[28]
            (rising edge-triggered flip-flop clocked by clk)
  Path Group: clk
  Path Type: max

  Des/Clust/Port     Wire Load Model       Library
  ------------------------------------------------
  char_top           Zero                  sc6p5mcpp140z_cln22ul_base_svt_c35_tt_typical_max_0p80v_25c

  Point                                       Fanout       Cap     Trans      Incr       Path
  ----------------------------------------------------------------------------------------------
  clock clk (rise edge)                                                       0.00       0.00
  clock network delay (ideal)                                                 0.00       0.00
  input external delay                                                        0.09       0.09 f
  w_vec_i[0] (in)                                                   0.05      0.00       0.09 f
  w_vec_i[0] (net)                              1         0.00                0.00       0.09 f
  U165/Y (INV_X1M_A6P5PP140ZTS_C35)                                 0.10      0.08       0.17 r
  n266 (net)                                   18         0.01                0.00       0.17 r
  U96/Y (NAND2_X2A_A6P5PP140ZTS_C35)                                0.07      0.07       0.24 f
  n265 (net)                                   17         0.01                0.00       0.24 f
  U355/Y (OAI22_X1M_A6P5PP140ZTS_C35)                               0.06      0.05       0.29 r
  n297 (net)                                    1         0.00                0.00       0.29 r
  U380/CO (ADDF_X1M_A6P5PP140ZTS_C35)                               0.02      0.06       0.35 r
  n280 (net)                                    1         0.00                0.00       0.35 r
  U369/S (ADDF_X1M_A6P5PP140ZTS_C35)                                0.02      0.07       0.41 f
  n307 (net)                                    1         0.00                0.00       0.41 f
  U385/S (ADDF_X1M_A6P5PP140ZTS_C35)                                0.02      0.07       0.48 r
  n326 (net)                                    2         0.00                0.00       0.48 r
  U387/Y (NOR2_X1P4M_A6P5PP140ZTS_C35)                              0.02      0.02       0.50 f
  n561 (net)                                    3         0.00                0.00       0.50 f
  U85/Y (NOR2_X1A_A6P5PP140ZTS_C35)                                 0.02      0.02       0.52 r
  n593 (net)                                    2         0.00                0.00       0.52 r
  U388/Y (NAND2_X1M_A6P5PP140ZTS_C35)                               0.03      0.02       0.54 f
  n334 (net)                                    2         0.00                0.00       0.54 f
  U389/Y (NOR2_X1P4M_A6P5PP140ZTS_C35)                              0.02      0.03       0.57 r
  n336 (net)                                    1         0.00                0.00       0.57 r
  U399/Y (AOI21_X3M_A6P5PP140ZTS_C35)                               0.02      0.02       0.59 f
  n413 (net)                                    2         0.00                0.00       0.59 f
  U517/Y (INV_X2M_A6P5PP140ZTS_C35)                                 0.02      0.02       0.61 r
  n550 (net)                                    6         0.00                0.00       0.61 r
  U520/Y (AOI21_X2M_A6P5PP140ZTS_C35)                               0.02      0.02       0.62 f
  n584 (net)                                    2         0.00                0.00       0.62 f
  U521/Y (OAI21_X2M_A6P5PP140ZTS_C35)                               0.02      0.02       0.65 r
  n654 (net)                                    3         0.00                0.00       0.65 r
  U114/Y (INV_X1M_A6P5PP140ZTS_C35)                                 0.03      0.02       0.67 f
  n737 (net)                                    7         0.00                0.00       0.67 f
  U522/Y (OAI21_X1M_A6P5PP140ZTS_C35)                               0.03      0.03       0.70 r
  n658 (net)                                    2         0.00                0.00       0.70 r
  U523/Y (AOI21_X1M_A6P5PP140ZTS_C35)                               0.03      0.03       0.73 f
  n682 (net)                                    2         0.00                0.00       0.73 f
  U57/Y (OAI21_X0P5M_A6P5PP140ZTS_C35)                              0.04      0.03       0.76 r
  n426 (net)                                    1         0.00                0.00       0.76 r
  U526/Y (XOR2_X0P5M_A6P5PP140ZTS_C35)                              0.02      0.03       0.79 r
  n429 (net)                                    1         0.00                0.00       0.79 r
  U52/Y (OAI21_X0P5M_A6P5PP140ZTS_C35)                              0.02      0.02       0.81 f
  n21 (net)                                     1         0.00                0.00       0.81 f
  u_dut/acc_o_reg[28]/D (DFFRPQA_X2M_A6P5PP140ZTS_C35)              0.02      0.00       0.81 f
  data arrival time                                                                      0.81

  clock clk (rise edge)                                                       0.90       0.90
  clock network delay (ideal)                                                 0.00       0.90
  clock uncertainty                                                          -0.05       0.85
  u_dut/acc_o_reg[28]/CK (DFFRPQA_X2M_A6P5PP140ZTS_C35)                       0.00       0.85 r
  library setup time                                                         -0.04       0.82
  data required time                                                                     0.82
  ----------------------------------------------------------------------------------------------
  data required time                                                                     0.82
  data arrival time                                                                     -0.81
  ----------------------------------------------------------------------------------------------
  slack (MET)                                                                            0.01


  Startpoint: w_vec_i[0] (input port clocked by clk)
  Endpoint: u_dut/acc_o_reg[28]
            (rising edge-triggered flip-flop clocked by clk)
  Path Group: clk
  Path Type: max

  Des/Clust/Port     Wire Load Model       Library
  ------------------------------------------------
  char_top           Zero                  sc6p5mcpp140z_cln22ul_base_svt_c35_tt_typical_max_0p80v_25c

  Point                                       Fanout       Cap     Trans      Incr       Path
  ----------------------------------------------------------------------------------------------
  clock clk (rise edge)                                                       0.00       0.00
  clock network delay (ideal)                                                 0.00       0.00
  input external delay                                                        0.09       0.09 f
  w_vec_i[0] (in)                                                   0.05      0.00       0.09 f
  w_vec_i[0] (net)                              1         0.00                0.00       0.09 f
  U165/Y (INV_X1M_A6P5PP140ZTS_C35)                                 0.10      0.08       0.17 r
  n266 (net)                                   18         0.01                0.00       0.17 r
  U96/Y (NAND2_X2A_A6P5PP140ZTS_C35)                                0.07      0.07       0.24 f
  n265 (net)                                   17         0.01                0.00       0.24 f
  U355/Y (OAI22_X1M_A6P5PP140ZTS_C35)                               0.06      0.05       0.29 r
  n297 (net)                                    1         0.00                0.00       0.29 r
  U380/CO (ADDF_X1M_A6P5PP140ZTS_C35)                               0.02      0.06       0.35 r
  n280 (net)                                    1         0.00                0.00       0.35 r
  U369/S (ADDF_X1M_A6P5PP140ZTS_C35)                                0.02      0.07       0.41 f
  n307 (net)                                    1         0.00                0.00       0.41 f
  U385/S (ADDF_X1M_A6P5PP140ZTS_C35)                                0.02      0.07       0.48 r
  n326 (net)                                    2         0.00                0.00       0.48 r
  U387/Y (NOR2_X1P4M_A6P5PP140ZTS_C35)                              0.02      0.02       0.50 f
  n561 (net)                                    3         0.00                0.00       0.50 f
  U85/Y (NOR2_X1A_A6P5PP140ZTS_C35)                                 0.02      0.02       0.52 r
  n593 (net)                                    2         0.00                0.00       0.52 r
  U388/Y (NAND2_X1M_A6P5PP140ZTS_C35)                               0.03      0.02       0.54 f
  n334 (net)                                    2         0.00                0.00       0.54 f
  U389/Y (NOR2_X1P4M_A6P5PP140ZTS_C35)                              0.02      0.03       0.57 r
  n336 (net)                                    1         0.00                0.00       0.57 r
  U399/Y (AOI21_X3M_A6P5PP140ZTS_C35)                               0.02      0.02       0.59 f
  n413 (net)                                    2         0.00                0.00       0.59 f
  U517/Y (INV_X2M_A6P5PP140ZTS_C35)                                 0.02      0.02       0.61 r
  n550 (net)                                    6         0.00                0.00       0.61 r
  U520/Y (AOI21_X2M_A6P5PP140ZTS_C35)                               0.02      0.02       0.62 f
  n584 (net)                                    2         0.00                0.00       0.62 f
  U521/Y (OAI21_X2M_A6P5PP140ZTS_C35)                               0.02      0.02       0.65 r
  n654 (net)                                    3         0.00                0.00       0.65 r
  U114/Y (INV_X1M_A6P5PP140ZTS_C35)                                 0.03      0.02       0.67 f
  n737 (net)                                    7         0.00                0.00       0.67 f
  U522/Y (OAI21_X1M_A6P5PP140ZTS_C35)                               0.03      0.03       0.70 r
  n658 (net)                                    2         0.00                0.00       0.70 r
  U523/Y (AOI21_X1M_A6P5PP140ZTS_C35)                               0.03      0.03       0.73 f
  n682 (net)                                    2         0.00                0.00       0.73 f
  U57/Y (OAI21_X0P5M_A6P5PP140ZTS_C35)                              0.04      0.03       0.76 r
  n426 (net)                                    1         0.00                0.00       0.76 r
  U526/Y (XOR2_X0P5M_A6P5PP140ZTS_C35)                              0.02      0.03       0.79 r
  n429 (net)                                    1         0.00                0.00       0.79 r
  U52/Y (OAI21_X0P5M_A6P5PP140ZTS_C35)                              0.02      0.02       0.81 f
  n21 (net)                                     1         0.00                0.00       0.81 f
  u_dut/acc_o_reg[28]/D (DFFRPQA_X2M_A6P5PP140ZTS_C35)              0.02      0.00       0.81 f
  data arrival time                                                                      0.81

  clock clk (rise edge)                                                       0.90       0.90
  clock network delay (ideal)                                                 0.00       0.90
  clock uncertainty                                                          -0.05       0.85
  u_dut/acc_o_reg[28]/CK (DFFRPQA_X2M_A6P5PP140ZTS_C35)                       0.00       0.85 r
  library setup time                                                         -0.04       0.82
  data required time                                                                     0.82
  ----------------------------------------------------------------------------------------------
  data required time                                                                     0.82
  data arrival time                                                                     -0.81
  ----------------------------------------------------------------------------------------------
  slack (MET)                                                                            0.01


  Startpoint: w_vec_i[0] (input port clocked by clk)
  Endpoint: u_dut/acc_o_reg[28]
            (rising edge-triggered flip-flop clocked by clk)
  Path Group: clk
  Path Type: max

  Des/Clust/Port     Wire Load Model       Library
  ------------------------------------------------
  char_top           Zero                  sc6p5mcpp140z_cln22ul_base_svt_c35_tt_typical_max_0p80v_25c

  Point                                       Fanout       Cap     Trans      Incr       Path
  ----------------------------------------------------------------------------------------------
  clock clk (rise edge)                                                       0.00       0.00
  clock network delay (ideal)                                                 0.00       0.00
  input external delay                                                        0.09       0.09 f
  w_vec_i[0] (in)                                                   0.05      0.00       0.09 f
  w_vec_i[0] (net)                              1         0.00                0.00       0.09 f
  U165/Y (INV_X1M_A6P5PP140ZTS_C35)                                 0.10      0.08       0.17 r
  n266 (net)                                   18         0.01                0.00       0.17 r
  U96/Y (NAND2_X2A_A6P5PP140ZTS_C35)                                0.07      0.07       0.24 f
  n265 (net)                                   17         0.01                0.00       0.24 f
  U355/Y (OAI22_X1M_A6P5PP140ZTS_C35)                               0.06      0.05       0.29 r
  n297 (net)                                    1         0.00                0.00       0.29 r
  U380/CO (ADDF_X1M_A6P5PP140ZTS_C35)                               0.02      0.06       0.35 r
  n280 (net)                                    1         0.00                0.00       0.35 r
  U369/S (ADDF_X1M_A6P5PP140ZTS_C35)                                0.02      0.07       0.41 f
  n307 (net)                                    1         0.00                0.00       0.41 f
  U385/S (ADDF_X1M_A6P5PP140ZTS_C35)                                0.02      0.07       0.48 r
  n326 (net)                                    2         0.00                0.00       0.48 r
  U387/Y (NOR2_X1P4M_A6P5PP140ZTS_C35)                              0.02      0.02       0.50 f
  n561 (net)                                    3         0.00                0.00       0.50 f
  U85/Y (NOR2_X1A_A6P5PP140ZTS_C35)                                 0.02      0.02       0.52 r
  n593 (net)                                    2         0.00                0.00       0.52 r
  U388/Y (NAND2_X1M_A6P5PP140ZTS_C35)                               0.03      0.02       0.54 f
  n334 (net)                                    2         0.00                0.00       0.54 f
  U389/Y (NOR2_X1P4M_A6P5PP140ZTS_C35)                              0.02      0.03       0.57 r
  n336 (net)                                    1         0.00                0.00       0.57 r
  U399/Y (AOI21_X3M_A6P5PP140ZTS_C35)                               0.02      0.02       0.59 f
  n413 (net)                                    2         0.00                0.00       0.59 f
  U517/Y (INV_X2M_A6P5PP140ZTS_C35)                                 0.02      0.02       0.61 r
  n550 (net)                                    6         0.00                0.00       0.61 r
  U520/Y (AOI21_X2M_A6P5PP140ZTS_C35)                               0.02      0.02       0.62 f
  n584 (net)                                    2         0.00                0.00       0.62 f
  U521/Y (OAI21_X2M_A6P5PP140ZTS_C35)                               0.02      0.02       0.65 r
  n654 (net)                                    3         0.00                0.00       0.65 r
  U114/Y (INV_X1M_A6P5PP140ZTS_C35)                                 0.03      0.02       0.67 f
  n737 (net)                                    7         0.00                0.00       0.67 f
  U522/Y (OAI21_X1M_A6P5PP140ZTS_C35)                               0.03      0.03       0.70 r
  n658 (net)                                    2         0.00                0.00       0.70 r
  U523/Y (AOI21_X1M_A6P5PP140ZTS_C35)                               0.03      0.03       0.73 f
  n682 (net)                                    2         0.00                0.00       0.73 f
  U57/Y (OAI21_X0P5M_A6P5PP140ZTS_C35)                              0.04      0.03       0.76 r
  n426 (net)                                    1         0.00                0.00       0.76 r
  U526/Y (XOR2_X0P5M_A6P5PP140ZTS_C35)                              0.02      0.03       0.79 r
  n429 (net)                                    1         0.00                0.00       0.79 r
  U52/Y (OAI21_X0P5M_A6P5PP140ZTS_C35)                              0.02      0.02       0.81 f
  n21 (net)                                     1         0.00                0.00       0.81 f
  u_dut/acc_o_reg[28]/D (DFFRPQA_X2M_A6P5PP140ZTS_C35)              0.02      0.00       0.81 f
  data arrival time                                                                      0.81

  clock clk (rise edge)                                                       0.90       0.90
  clock network delay (ideal)                                                 0.00       0.90
  clock uncertainty                                                          -0.05       0.85
  u_dut/acc_o_reg[28]/CK (DFFRPQA_X2M_A6P5PP140ZTS_C35)                       0.00       0.85 r
  library setup time                                                         -0.04       0.82
  data required time                                                                     0.82
  ----------------------------------------------------------------------------------------------
  data required time                                                                     0.82
  data arrival time                                                                     -0.81
  ----------------------------------------------------------------------------------------------
  slack (MET)                                                                            0.01


  Startpoint: w_vec_i[0] (input port clocked by clk)
  Endpoint: u_dut/acc_o_reg[28]
            (rising edge-triggered flip-flop clocked by clk)
  Path Group: clk
  Path Type: max

  Des/Clust/Port     Wire Load Model       Library
  ------------------------------------------------
  char_top           Zero                  sc6p5mcpp140z_cln22ul_base_svt_c35_tt_typical_max_0p80v_25c

  Point                                       Fanout       Cap     Trans      Incr       Path
  ----------------------------------------------------------------------------------------------
  clock clk (rise edge)                                                       0.00       0.00
  clock network delay (ideal)                                                 0.00       0.00
  input external delay                                                        0.09       0.09 f
  w_vec_i[0] (in)                                                   0.05      0.00       0.09 f
  w_vec_i[0] (net)                              1         0.00                0.00       0.09 f
  U165/Y (INV_X1M_A6P5PP140ZTS_C35)                                 0.10      0.08       0.17 r
  n266 (net)                                   18         0.01                0.00       0.17 r
  U96/Y (NAND2_X2A_A6P5PP140ZTS_C35)                                0.07      0.07       0.24 f
  n265 (net)                                   17         0.01                0.00       0.24 f
  U187/Y (OAI22_X1M_A6P5PP140ZTS_C35)                               0.06      0.05       0.29 r
  n91 (net)                                     1         0.00                0.00       0.29 r
  U210/CO (ADDF_X1M_A6P5PP140ZTS_C35)                               0.03      0.06       0.35 r
  n85 (net)                                     1         0.00                0.00       0.35 r
  U208/S (ADDF_X1M_A6P5PP140ZTS_C35)                                0.02      0.07       0.41 f
  n87 (net)                                     1         0.00                0.00       0.41 f
  U209/S (ADDF_X1M_A6P5PP140ZTS_C35)                                0.02      0.07       0.48 r
  n126 (net)                                    2         0.00                0.00       0.48 r
  U111/Y (NAND2_X1M_A6P5PP140ZTS_C35)                               0.02      0.02       0.50 f
  n458 (net)                                    3         0.00                0.00       0.50 f
  U86/Y (OAI21_X0P5M_A6P5PP140ZTS_C35)                              0.03      0.03       0.53 r
  n129 (net)                                    1         0.00                0.00       0.53 r
  U241/Y (AOI21_X2M_A6P5PP140ZTS_C35)                               0.02      0.02       0.55 f
  n465 (net)                                    2         0.00                0.00       0.55 f
  U294/Y (OAI21_X3M_A6P5PP140ZTS_C35)                               0.02      0.02       0.57 r
  n478 (net)                                    2         0.00                0.00       0.57 r
  U399/Y (AOI21_X3M_A6P5PP140ZTS_C35)                               0.02      0.02       0.59 f
  n413 (net)                                    2         0.00                0.00       0.59 f
  U517/Y (INV_X2M_A6P5PP140ZTS_C35)                                 0.02      0.02       0.61 r
  n550 (net)                                    6         0.00                0.00       0.61 r
  U520/Y (AOI21_X2M_A6P5PP140ZTS_C35)                               0.02      0.02       0.62 f
  n584 (net)                                    2         0.00                0.00       0.62 f
  U521/Y (OAI21_X2M_A6P5PP140ZTS_C35)                               0.02      0.02       0.65 r
  n654 (net)                                    3         0.00                0.00       0.65 r
  U114/Y (INV_X1M_A6P5PP140ZTS_C35)                                 0.03      0.02       0.67 f
  n737 (net)                                    7         0.00                0.00       0.67 f
  U522/Y (OAI21_X1M_A6P5PP140ZTS_C35)                               0.03      0.03       0.70 r
  n658 (net)                                    2         0.00                0.00       0.70 r
  U523/Y (AOI21_X1M_A6P5PP140ZTS_C35)                               0.03      0.03       0.73 f
  n682 (net)                                    2         0.00                0.00       0.73 f
  U57/Y (OAI21_X0P5M_A6P5PP140ZTS_C35)                              0.04      0.03       0.76 r
  n426 (net)                                    1         0.00                0.00       0.76 r
  U526/Y (XOR2_X0P5M_A6P5PP140ZTS_C35)                              0.02      0.03       0.79 r
  n429 (net)                                    1         0.00                0.00       0.79 r
  U52/Y (OAI21_X0P5M_A6P5PP140ZTS_C35)                              0.02      0.02       0.81 f
  n21 (net)                                     1         0.00                0.00       0.81 f
  u_dut/acc_o_reg[28]/D (DFFRPQA_X2M_A6P5PP140ZTS_C35)              0.02      0.00       0.81 f
  data arrival time                                                                      0.81

  clock clk (rise edge)                                                       0.90       0.90
  clock network delay (ideal)                                                 0.00       0.90
  clock uncertainty                                                          -0.05       0.85
  u_dut/acc_o_reg[28]/CK (DFFRPQA_X2M_A6P5PP140ZTS_C35)                       0.00       0.85 r
  library setup time                                                         -0.04       0.82
  data required time                                                                     0.82
  ----------------------------------------------------------------------------------------------
  data required time                                                                     0.82
  data arrival time                                                                     -0.81
  ----------------------------------------------------------------------------------------------
  slack (MET)                                                                            0.01


  Startpoint: w_vec_i[0] (input port clocked by clk)
  Endpoint: u_dut/acc_o_reg[28]
            (rising edge-triggered flip-flop clocked by clk)
  Path Group: clk
  Path Type: max

  Des/Clust/Port     Wire Load Model       Library
  ------------------------------------------------
  char_top           Zero                  sc6p5mcpp140z_cln22ul_base_svt_c35_tt_typical_max_0p80v_25c

  Point                                       Fanout       Cap     Trans      Incr       Path
  ----------------------------------------------------------------------------------------------
  clock clk (rise edge)                                                       0.00       0.00
  clock network delay (ideal)                                                 0.00       0.00
  input external delay                                                        0.09       0.09 f
  w_vec_i[0] (in)                                                   0.05      0.00       0.09 f
  w_vec_i[0] (net)                              1         0.00                0.00       0.09 f
  U165/Y (INV_X1M_A6P5PP140ZTS_C35)                                 0.10      0.08       0.17 r
  n266 (net)                                   18         0.01                0.00       0.17 r
  U96/Y (NAND2_X2A_A6P5PP140ZTS_C35)                                0.07      0.07       0.24 f
  n265 (net)                                   17         0.01                0.00       0.24 f
  U187/Y (OAI22_X1M_A6P5PP140ZTS_C35)                               0.06      0.05       0.29 r
  n91 (net)                                     1         0.00                0.00       0.29 r
  U210/CO (ADDF_X1M_A6P5PP140ZTS_C35)                               0.03      0.06       0.35 r
  n85 (net)                                     1         0.00                0.00       0.35 r
  U208/S (ADDF_X1M_A6P5PP140ZTS_C35)                                0.02      0.07       0.41 f
  n87 (net)                                     1         0.00                0.00       0.41 f
  U209/S (ADDF_X1M_A6P5PP140ZTS_C35)                                0.02      0.07       0.48 r
  n126 (net)                                    2         0.00                0.00       0.48 r
  U111/Y (NAND2_X1M_A6P5PP140ZTS_C35)                               0.02      0.02       0.50 f
  n458 (net)                                    3         0.00                0.00       0.50 f
  U86/Y (OAI21_X0P5M_A6P5PP140ZTS_C35)                              0.03      0.03       0.53 r
  n129 (net)                                    1         0.00                0.00       0.53 r
  U241/Y (AOI21_X2M_A6P5PP140ZTS_C35)                               0.02      0.02       0.55 f
  n465 (net)                                    2         0.00                0.00       0.55 f
  U294/Y (OAI21_X3M_A6P5PP140ZTS_C35)                               0.02      0.02       0.57 r
  n478 (net)                                    2         0.00                0.00       0.57 r
  U399/Y (AOI21_X3M_A6P5PP140ZTS_C35)                               0.02      0.02       0.59 f
  n413 (net)                                    2         0.00                0.00       0.59 f
  U517/Y (INV_X2M_A6P5PP140ZTS_C35)                                 0.02      0.02       0.61 r
  n550 (net)                                    6         0.00                0.00       0.61 r
  U520/Y (AOI21_X2M_A6P5PP140ZTS_C35)                               0.02      0.02       0.62 f
  n584 (net)                                    2         0.00                0.00       0.62 f
  U521/Y (OAI21_X2M_A6P5PP140ZTS_C35)                               0.02      0.02       0.65 r
  n654 (net)                                    3         0.00                0.00       0.65 r
  U114/Y (INV_X1M_A6P5PP140ZTS_C35)                                 0.03      0.02       0.67 f
  n737 (net)                                    7         0.00                0.00       0.67 f
  U522/Y (OAI21_X1M_A6P5PP140ZTS_C35)                               0.03      0.03       0.70 r
  n658 (net)                                    2         0.00                0.00       0.70 r
  U523/Y (AOI21_X1M_A6P5PP140ZTS_C35)                               0.03      0.03       0.73 f
  n682 (net)                                    2         0.00                0.00       0.73 f
  U57/Y (OAI21_X0P5M_A6P5PP140ZTS_C35)                              0.04      0.03       0.76 r
  n426 (net)                                    1         0.00                0.00       0.76 r
  U526/Y (XOR2_X0P5M_A6P5PP140ZTS_C35)                              0.02      0.03       0.79 r
  n429 (net)                                    1         0.00                0.00       0.79 r
  U52/Y (OAI21_X0P5M_A6P5PP140ZTS_C35)                              0.02      0.02       0.81 f
  n21 (net)                                     1         0.00                0.00       0.81 f
  u_dut/acc_o_reg[28]/D (DFFRPQA_X2M_A6P5PP140ZTS_C35)              0.02      0.00       0.81 f
  data arrival time                                                                      0.81

  clock clk (rise edge)                                                       0.90       0.90
  clock network delay (ideal)                                                 0.00       0.90
  clock uncertainty                                                          -0.05       0.85
  u_dut/acc_o_reg[28]/CK (DFFRPQA_X2M_A6P5PP140ZTS_C35)                       0.00       0.85 r
  library setup time                                                         -0.04       0.82
  data required time                                                                     0.82
  ----------------------------------------------------------------------------------------------
  data required time                                                                     0.82
  data arrival time                                                                     -0.81
  ----------------------------------------------------------------------------------------------
  slack (MET)                                                                            0.01


  Startpoint: w_vec_i[0] (input port clocked by clk)
  Endpoint: u_dut/acc_o_reg[24]
            (rising edge-triggered flip-flop clocked by clk)
  Path Group: clk
  Path Type: max

  Des/Clust/Port     Wire Load Model       Library
  ------------------------------------------------
  char_top           Zero                  sc6p5mcpp140z_cln22ul_base_svt_c35_tt_typical_max_0p80v_25c

  Point                                       Fanout       Cap     Trans      Incr       Path
  ----------------------------------------------------------------------------------------------
  clock clk (rise edge)                                                       0.00       0.00
  clock network delay (ideal)                                                 0.00       0.00
  input external delay                                                        0.09       0.09 f
  w_vec_i[0] (in)                                                   0.05      0.00       0.09 f
  w_vec_i[0] (net)                              1         0.00                0.00       0.09 f
  U165/Y (INV_X1M_A6P5PP140ZTS_C35)                                 0.10      0.08       0.17 r
  n266 (net)                                   18         0.01                0.00       0.17 r
  U96/Y (NAND2_X2A_A6P5PP140ZTS_C35)                                0.07      0.07       0.24 f
  n265 (net)                                   17         0.01                0.00       0.24 f
  U355/Y (OAI22_X1M_A6P5PP140ZTS_C35)                               0.06      0.05       0.29 r
  n297 (net)                                    1         0.00                0.00       0.29 r
  U380/CO (ADDF_X1M_A6P5PP140ZTS_C35)                               0.02      0.06       0.35 r
  n280 (net)                                    1         0.00                0.00       0.35 r
  U369/S (ADDF_X1M_A6P5PP140ZTS_C35)                                0.02      0.07       0.41 f
  n307 (net)                                    1         0.00                0.00       0.41 f
  U385/S (ADDF_X1M_A6P5PP140ZTS_C35)                                0.02      0.07       0.48 r
  n326 (net)                                    2         0.00                0.00       0.48 r
  U387/Y (NOR2_X1P4M_A6P5PP140ZTS_C35)                              0.02      0.02       0.50 f
  n561 (net)                                    3         0.00                0.00       0.50 f
  U85/Y (NOR2_X1A_A6P5PP140ZTS_C35)                                 0.02      0.02       0.52 r
  n593 (net)                                    2         0.00                0.00       0.52 r
  U388/Y (NAND2_X1M_A6P5PP140ZTS_C35)                               0.03      0.02       0.54 f
  n334 (net)                                    2         0.00                0.00       0.54 f
  U389/Y (NOR2_X1P4M_A6P5PP140ZTS_C35)                              0.02      0.03       0.57 r
  n336 (net)                                    1         0.00                0.00       0.57 r
  U399/Y (AOI21_X3M_A6P5PP140ZTS_C35)                               0.02      0.02       0.59 f
  n413 (net)                                    2         0.00                0.00       0.59 f
  U517/Y (INV_X2M_A6P5PP140ZTS_C35)                                 0.02      0.02       0.61 r
  n550 (net)                                    6         0.00                0.00       0.61 r
  U520/Y (AOI21_X2M_A6P5PP140ZTS_C35)                               0.02      0.02       0.62 f
  n584 (net)                                    2         0.00                0.00       0.62 f
  U521/Y (OAI21_X2M_A6P5PP140ZTS_C35)                               0.02      0.02       0.65 r
  n654 (net)                                    3         0.00                0.00       0.65 r
  U114/Y (INV_X1M_A6P5PP140ZTS_C35)                                 0.03      0.02       0.67 f
  n737 (net)                                    7         0.00                0.00       0.67 f
  U66/Y (OAI21_X0P5M_A6P5PP140ZTS_C35)                              0.05      0.04       0.71 r
  n699 (net)                                    2         0.00                0.00       0.71 r
  U113/Y (AOI21_X1M_A6P5PP140ZTS_C35)                               0.03      0.03       0.74 f
  n700 (net)                                    1         0.00                0.00       0.74 f
  U157/Y (XOR2_X0P5M_A6P5PP140ZTS_C35)                              0.02      0.03       0.77 f
  n702 (net)                                    1         0.00                0.00       0.77 f
  U714/Y (AO22_X1M_A6P5PP140ZTS_C35)                                0.01      0.04       0.81 f
  n25 (net)                                     1         0.00                0.00       0.81 f
  u_dut/acc_o_reg[24]/D (DFFRPQA_X2M_A6P5PP140ZTS_C35)              0.01      0.00       0.81 f
  data arrival time                                                                      0.81

  clock clk (rise edge)                                                       0.90       0.90
  clock network delay (ideal)                                                 0.00       0.90
  clock uncertainty                                                          -0.05       0.85
  u_dut/acc_o_reg[24]/CK (DFFRPQA_X2M_A6P5PP140ZTS_C35)                       0.00       0.85 r
  library setup time                                                         -0.04       0.82
  data required time                                                                     0.82
  ----------------------------------------------------------------------------------------------
  data required time                                                                     0.82
  data arrival time                                                                     -0.81
  ----------------------------------------------------------------------------------------------
  slack (MET)                                                                            0.01


  Startpoint: w_vec_i[0] (input port clocked by clk)
  Endpoint: u_dut/acc_o_reg[24]
            (rising edge-triggered flip-flop clocked by clk)
  Path Group: clk
  Path Type: max

  Des/Clust/Port     Wire Load Model       Library
  ------------------------------------------------
  char_top           Zero                  sc6p5mcpp140z_cln22ul_base_svt_c35_tt_typical_max_0p80v_25c

  Point                                       Fanout       Cap     Trans      Incr       Path
  ----------------------------------------------------------------------------------------------
  clock clk (rise edge)                                                       0.00       0.00
  clock network delay (ideal)                                                 0.00       0.00
  input external delay                                                        0.09       0.09 f
  w_vec_i[0] (in)                                                   0.05      0.00       0.09 f
  w_vec_i[0] (net)                              1         0.00                0.00       0.09 f
  U165/Y (INV_X1M_A6P5PP140ZTS_C35)                                 0.10      0.08       0.17 r
  n266 (net)                                   18         0.01                0.00       0.17 r
  U96/Y (NAND2_X2A_A6P5PP140ZTS_C35)                                0.07      0.07       0.24 f
  n265 (net)                                   17         0.01                0.00       0.24 f
  U355/Y (OAI22_X1M_A6P5PP140ZTS_C35)                               0.06      0.05       0.29 r
  n297 (net)                                    1         0.00                0.00       0.29 r
  U380/CO (ADDF_X1M_A6P5PP140ZTS_C35)                               0.02      0.06       0.35 r
  n280 (net)                                    1         0.00                0.00       0.35 r
  U369/S (ADDF_X1M_A6P5PP140ZTS_C35)                                0.02      0.07       0.41 f
  n307 (net)                                    1         0.00                0.00       0.41 f
  U385/S (ADDF_X1M_A6P5PP140ZTS_C35)                                0.02      0.07       0.48 r
  n326 (net)                                    2         0.00                0.00       0.48 r
  U387/Y (NOR2_X1P4M_A6P5PP140ZTS_C35)                              0.02      0.02       0.50 f
  n561 (net)                                    3         0.00                0.00       0.50 f
  U85/Y (NOR2_X1A_A6P5PP140ZTS_C35)                                 0.02      0.02       0.52 r
  n593 (net)                                    2         0.00                0.00       0.52 r
  U388/Y (NAND2_X1M_A6P5PP140ZTS_C35)                               0.03      0.02       0.54 f
  n334 (net)                                    2         0.00                0.00       0.54 f
  U389/Y (NOR2_X1P4M_A6P5PP140ZTS_C35)                              0.02      0.03       0.57 r
  n336 (net)                                    1         0.00                0.00       0.57 r
  U399/Y (AOI21_X3M_A6P5PP140ZTS_C35)                               0.02      0.02       0.59 f
  n413 (net)                                    2         0.00                0.00       0.59 f
  U517/Y (INV_X2M_A6P5PP140ZTS_C35)                                 0.02      0.02       0.61 r
  n550 (net)                                    6         0.00                0.00       0.61 r
  U520/Y (AOI21_X2M_A6P5PP140ZTS_C35)                               0.02      0.02       0.62 f
  n584 (net)                                    2         0.00                0.00       0.62 f
  U521/Y (OAI21_X2M_A6P5PP140ZTS_C35)                               0.02      0.02       0.65 r
  n654 (net)                                    3         0.00                0.00       0.65 r
  U114/Y (INV_X1M_A6P5PP140ZTS_C35)                                 0.03      0.02       0.67 f
  n737 (net)                                    7         0.00                0.00       0.67 f
  U66/Y (OAI21_X0P5M_A6P5PP140ZTS_C35)                              0.05      0.04       0.71 r
  n699 (net)                                    2         0.00                0.00       0.71 r
  U113/Y (AOI21_X1M_A6P5PP140ZTS_C35)                               0.03      0.03       0.74 f
  n700 (net)                                    1         0.00                0.00       0.74 f
  U157/Y (XOR2_X0P5M_A6P5PP140ZTS_C35)                              0.02      0.03       0.77 f
  n702 (net)                                    1         0.00                0.00       0.77 f
  U714/Y (AO22_X1M_A6P5PP140ZTS_C35)                                0.01      0.04       0.81 f
  n25 (net)                                     1         0.00                0.00       0.81 f
  u_dut/acc_o_reg[24]/D (DFFRPQA_X2M_A6P5PP140ZTS_C35)              0.01      0.00       0.81 f
  data arrival time                                                                      0.81

  clock clk (rise edge)                                                       0.90       0.90
  clock network delay (ideal)                                                 0.00       0.90
  clock uncertainty                                                          -0.05       0.85
  u_dut/acc_o_reg[24]/CK (DFFRPQA_X2M_A6P5PP140ZTS_C35)                       0.00       0.85 r
  library setup time                                                         -0.04       0.82
  data required time                                                                     0.82
  ----------------------------------------------------------------------------------------------
  data required time                                                                     0.82
  data arrival time                                                                     -0.81
  ----------------------------------------------------------------------------------------------
  slack (MET)                                                                            0.01


  Startpoint: w_vec_i[0] (input port clocked by clk)
  Endpoint: u_dut/acc_o_reg[24]
            (rising edge-triggered flip-flop clocked by clk)
  Path Group: clk
  Path Type: max

  Des/Clust/Port     Wire Load Model       Library
  ------------------------------------------------
  char_top           Zero                  sc6p5mcpp140z_cln22ul_base_svt_c35_tt_typical_max_0p80v_25c

  Point                                       Fanout       Cap     Trans      Incr       Path
  ----------------------------------------------------------------------------------------------
  clock clk (rise edge)                                                       0.00       0.00
  clock network delay (ideal)                                                 0.00       0.00
  input external delay                                                        0.09       0.09 f
  w_vec_i[0] (in)                                                   0.05      0.00       0.09 f
  w_vec_i[0] (net)                              1         0.00                0.00       0.09 f
  U165/Y (INV_X1M_A6P5PP140ZTS_C35)                                 0.10      0.08       0.17 r
  n266 (net)                                   18         0.01                0.00       0.17 r
  U96/Y (NAND2_X2A_A6P5PP140ZTS_C35)                                0.07      0.07       0.24 f
  n265 (net)                                   17         0.01                0.00       0.24 f
  U355/Y (OAI22_X1M_A6P5PP140ZTS_C35)                               0.06      0.05       0.29 r
  n297 (net)                                    1         0.00                0.00       0.29 r
  U380/CO (ADDF_X1M_A6P5PP140ZTS_C35)                               0.02      0.06       0.35 r
  n280 (net)                                    1         0.00                0.00       0.35 r
  U369/S (ADDF_X1M_A6P5PP140ZTS_C35)                                0.02      0.07       0.41 f
  n307 (net)                                    1         0.00                0.00       0.41 f
  U385/S (ADDF_X1M_A6P5PP140ZTS_C35)                                0.02      0.07       0.48 r
  n326 (net)                                    2         0.00                0.00       0.48 r
  U387/Y (NOR2_X1P4M_A6P5PP140ZTS_C35)                              0.02      0.02       0.50 f
  n561 (net)                                    3         0.00                0.00       0.50 f
  U85/Y (NOR2_X1A_A6P5PP140ZTS_C35)                                 0.02      0.02       0.52 r
  n593 (net)                                    2         0.00                0.00       0.52 r
  U388/Y (NAND2_X1M_A6P5PP140ZTS_C35)                               0.03      0.02       0.54 f
  n334 (net)                                    2         0.00                0.00       0.54 f
  U389/Y (NOR2_X1P4M_A6P5PP140ZTS_C35)                              0.02      0.03       0.57 r
  n336 (net)                                    1         0.00                0.00       0.57 r
  U399/Y (AOI21_X3M_A6P5PP140ZTS_C35)                               0.02      0.02       0.59 f
  n413 (net)                                    2         0.00                0.00       0.59 f
  U517/Y (INV_X2M_A6P5PP140ZTS_C35)                                 0.02      0.02       0.61 r
  n550 (net)                                    6         0.00                0.00       0.61 r
  U520/Y (AOI21_X2M_A6P5PP140ZTS_C35)                               0.02      0.02       0.62 f
  n584 (net)                                    2         0.00                0.00       0.62 f
  U521/Y (OAI21_X2M_A6P5PP140ZTS_C35)                               0.02      0.02       0.65 r
  n654 (net)                                    3         0.00                0.00       0.65 r
  U114/Y (INV_X1M_A6P5PP140ZTS_C35)                                 0.03      0.02       0.67 f
  n737 (net)                                    7         0.00                0.00       0.67 f
  U66/Y (OAI21_X0P5M_A6P5PP140ZTS_C35)                              0.05      0.04       0.71 r
  n699 (net)                                    2         0.00                0.00       0.71 r
  U113/Y (AOI21_X1M_A6P5PP140ZTS_C35)                               0.03      0.03       0.74 f
  n700 (net)                                    1         0.00                0.00       0.74 f
  U157/Y (XOR2_X0P5M_A6P5PP140ZTS_C35)                              0.02      0.03       0.77 f
  n702 (net)                                    1         0.00                0.00       0.77 f
  U714/Y (AO22_X1M_A6P5PP140ZTS_C35)                                0.01      0.04       0.81 f
  n25 (net)                                     1         0.00                0.00       0.81 f
  u_dut/acc_o_reg[24]/D (DFFRPQA_X2M_A6P5PP140ZTS_C35)              0.01      0.00       0.81 f
  data arrival time                                                                      0.81

  clock clk (rise edge)                                                       0.90       0.90
  clock network delay (ideal)                                                 0.00       0.90
  clock uncertainty                                                          -0.05       0.85
  u_dut/acc_o_reg[24]/CK (DFFRPQA_X2M_A6P5PP140ZTS_C35)                       0.00       0.85 r
  library setup time                                                         -0.04       0.82
  data required time                                                                     0.82
  ----------------------------------------------------------------------------------------------
  data required time                                                                     0.82
  data arrival time                                                                     -0.81
  ----------------------------------------------------------------------------------------------
  slack (MET)                                                                            0.01


  Startpoint: w_vec_i[0] (input port clocked by clk)
  Endpoint: u_dut/acc_o_reg[24]
            (rising edge-triggered flip-flop clocked by clk)
  Path Group: clk
  Path Type: max

  Des/Clust/Port     Wire Load Model       Library
  ------------------------------------------------
  char_top           Zero                  sc6p5mcpp140z_cln22ul_base_svt_c35_tt_typical_max_0p80v_25c

  Point                                       Fanout       Cap     Trans      Incr       Path
  ----------------------------------------------------------------------------------------------
  clock clk (rise edge)                                                       0.00       0.00
  clock network delay (ideal)                                                 0.00       0.00
  input external delay                                                        0.09       0.09 f
  w_vec_i[0] (in)                                                   0.05      0.00       0.09 f
  w_vec_i[0] (net)                              1         0.00                0.00       0.09 f
  U165/Y (INV_X1M_A6P5PP140ZTS_C35)                                 0.10      0.08       0.17 r
  n266 (net)                                   18         0.01                0.00       0.17 r
  U96/Y (NAND2_X2A_A6P5PP140ZTS_C35)                                0.07      0.07       0.24 f
  n265 (net)                                   17         0.01                0.00       0.24 f
  U187/Y (OAI22_X1M_A6P5PP140ZTS_C35)                               0.06      0.05       0.29 r
  n91 (net)                                     1         0.00                0.00       0.29 r
  U210/CO (ADDF_X1M_A6P5PP140ZTS_C35)                               0.03      0.06       0.35 r
  n85 (net)                                     1         0.00                0.00       0.35 r
  U208/S (ADDF_X1M_A6P5PP140ZTS_C35)                                0.02      0.07       0.41 f
  n87 (net)                                     1         0.00                0.00       0.41 f
  U209/S (ADDF_X1M_A6P5PP140ZTS_C35)                                0.02      0.07       0.48 r
  n126 (net)                                    2         0.00                0.00       0.48 r
  U111/Y (NAND2_X1M_A6P5PP140ZTS_C35)                               0.02      0.02       0.50 f
  n458 (net)                                    3         0.00                0.00       0.50 f
  U86/Y (OAI21_X0P5M_A6P5PP140ZTS_C35)                              0.03      0.03       0.53 r
  n129 (net)                                    1         0.00                0.00       0.53 r
  U241/Y (AOI21_X2M_A6P5PP140ZTS_C35)                               0.02      0.02       0.55 f
  n465 (net)                                    2         0.00                0.00       0.55 f
  U294/Y (OAI21_X3M_A6P5PP140ZTS_C35)                               0.02      0.02       0.57 r
  n478 (net)                                    2         0.00                0.00       0.57 r
  U399/Y (AOI21_X3M_A6P5PP140ZTS_C35)                               0.02      0.02       0.59 f
  n413 (net)                                    2         0.00                0.00       0.59 f
  U517/Y (INV_X2M_A6P5PP140ZTS_C35)                                 0.02      0.02       0.61 r
  n550 (net)                                    6         0.00                0.00       0.61 r
  U520/Y (AOI21_X2M_A6P5PP140ZTS_C35)                               0.02      0.02       0.62 f
  n584 (net)                                    2         0.00                0.00       0.62 f
  U521/Y (OAI21_X2M_A6P5PP140ZTS_C35)                               0.02      0.02       0.65 r
  n654 (net)                                    3         0.00                0.00       0.65 r
  U114/Y (INV_X1M_A6P5PP140ZTS_C35)                                 0.03      0.02       0.67 f
  n737 (net)                                    7         0.00                0.00       0.67 f
  U66/Y (OAI21_X0P5M_A6P5PP140ZTS_C35)                              0.05      0.04       0.71 r
  n699 (net)                                    2         0.00                0.00       0.71 r
  U113/Y (AOI21_X1M_A6P5PP140ZTS_C35)                               0.03      0.03       0.74 f
  n700 (net)                                    1         0.00                0.00       0.74 f
  U157/Y (XOR2_X0P5M_A6P5PP140ZTS_C35)                              0.02      0.03       0.77 f
  n702 (net)                                    1         0.00                0.00       0.77 f
  U714/Y (AO22_X1M_A6P5PP140ZTS_C35)                                0.01      0.04       0.81 f
  n25 (net)                                     1         0.00                0.00       0.81 f
  u_dut/acc_o_reg[24]/D (DFFRPQA_X2M_A6P5PP140ZTS_C35)              0.01      0.00       0.81 f
  data arrival time                                                                      0.81

  clock clk (rise edge)                                                       0.90       0.90
  clock network delay (ideal)                                                 0.00       0.90
  clock uncertainty                                                          -0.05       0.85
  u_dut/acc_o_reg[24]/CK (DFFRPQA_X2M_A6P5PP140ZTS_C35)                       0.00       0.85 r
  library setup time                                                         -0.04       0.82
  data required time                                                                     0.82
  ----------------------------------------------------------------------------------------------
  data required time                                                                     0.82
  data arrival time                                                                     -0.81
  ----------------------------------------------------------------------------------------------
  slack (MET)                                                                            0.01


  Startpoint: w_vec_i[0] (input port clocked by clk)
  Endpoint: u_dut/acc_o_reg[24]
            (rising edge-triggered flip-flop clocked by clk)
  Path Group: clk
  Path Type: max

  Des/Clust/Port     Wire Load Model       Library
  ------------------------------------------------
  char_top           Zero                  sc6p5mcpp140z_cln22ul_base_svt_c35_tt_typical_max_0p80v_25c

  Point                                       Fanout       Cap     Trans      Incr       Path
  ----------------------------------------------------------------------------------------------
  clock clk (rise edge)                                                       0.00       0.00
  clock network delay (ideal)                                                 0.00       0.00
  input external delay                                                        0.09       0.09 f
  w_vec_i[0] (in)                                                   0.05      0.00       0.09 f
  w_vec_i[0] (net)                              1         0.00                0.00       0.09 f
  U165/Y (INV_X1M_A6P5PP140ZTS_C35)                                 0.10      0.08       0.17 r
  n266 (net)                                   18         0.01                0.00       0.17 r
  U96/Y (NAND2_X2A_A6P5PP140ZTS_C35)                                0.07      0.07       0.24 f
  n265 (net)                                   17         0.01                0.00       0.24 f
  U187/Y (OAI22_X1M_A6P5PP140ZTS_C35)                               0.06      0.05       0.29 r
  n91 (net)                                     1         0.00                0.00       0.29 r
  U210/CO (ADDF_X1M_A6P5PP140ZTS_C35)                               0.03      0.06       0.35 r
  n85 (net)                                     1         0.00                0.00       0.35 r
  U208/S (ADDF_X1M_A6P5PP140ZTS_C35)                                0.02      0.07       0.41 f
  n87 (net)                                     1         0.00                0.00       0.41 f
  U209/S (ADDF_X1M_A6P5PP140ZTS_C35)                                0.02      0.07       0.48 r
  n126 (net)                                    2         0.00                0.00       0.48 r
  U111/Y (NAND2_X1M_A6P5PP140ZTS_C35)                               0.02      0.02       0.50 f
  n458 (net)                                    3         0.00                0.00       0.50 f
  U86/Y (OAI21_X0P5M_A6P5PP140ZTS_C35)                              0.03      0.03       0.53 r
  n129 (net)                                    1         0.00                0.00       0.53 r
  U241/Y (AOI21_X2M_A6P5PP140ZTS_C35)                               0.02      0.02       0.55 f
  n465 (net)                                    2         0.00                0.00       0.55 f
  U294/Y (OAI21_X3M_A6P5PP140ZTS_C35)                               0.02      0.02       0.57 r
  n478 (net)                                    2         0.00                0.00       0.57 r
  U399/Y (AOI21_X3M_A6P5PP140ZTS_C35)                               0.02      0.02       0.59 f
  n413 (net)                                    2         0.00                0.00       0.59 f
  U517/Y (INV_X2M_A6P5PP140ZTS_C35)                                 0.02      0.02       0.61 r
  n550 (net)                                    6         0.00                0.00       0.61 r
  U520/Y (AOI21_X2M_A6P5PP140ZTS_C35)                               0.02      0.02       0.62 f
  n584 (net)                                    2         0.00                0.00       0.62 f
  U521/Y (OAI21_X2M_A6P5PP140ZTS_C35)                               0.02      0.02       0.65 r
  n654 (net)                                    3         0.00                0.00       0.65 r
  U114/Y (INV_X1M_A6P5PP140ZTS_C35)                                 0.03      0.02       0.67 f
  n737 (net)                                    7         0.00                0.00       0.67 f
  U66/Y (OAI21_X0P5M_A6P5PP140ZTS_C35)                              0.05      0.04       0.71 r
  n699 (net)                                    2         0.00                0.00       0.71 r
  U113/Y (AOI21_X1M_A6P5PP140ZTS_C35)                               0.03      0.03       0.74 f
  n700 (net)                                    1         0.00                0.00       0.74 f
  U157/Y (XOR2_X0P5M_A6P5PP140ZTS_C35)                              0.02      0.03       0.77 f
  n702 (net)                                    1         0.00                0.00       0.77 f
  U714/Y (AO22_X1M_A6P5PP140ZTS_C35)                                0.01      0.04       0.81 f
  n25 (net)                                     1         0.00                0.00       0.81 f
  u_dut/acc_o_reg[24]/D (DFFRPQA_X2M_A6P5PP140ZTS_C35)              0.01      0.00       0.81 f
  data arrival time                                                                      0.81

  clock clk (rise edge)                                                       0.90       0.90
  clock network delay (ideal)                                                 0.00       0.90
  clock uncertainty                                                          -0.05       0.85
  u_dut/acc_o_reg[24]/CK (DFFRPQA_X2M_A6P5PP140ZTS_C35)                       0.00       0.85 r
  library setup time                                                         -0.04       0.82
  data required time                                                                     0.82
  ----------------------------------------------------------------------------------------------
  data required time                                                                     0.82
  data arrival time                                                                     -0.81
  ----------------------------------------------------------------------------------------------
  slack (MET)                                                                            0.01


1
