relative_path,size_bytes,sha256
22nm_run_plan_preview.png,529657,9abdaec287cb65be4af3c7775150b4c2633d8e2a157737c7b7c6ade97840a9e4
AGENT_TASK.md,2483,37a5029706e7197f6b901599aa4b37bdd7ba16ad9633b25b91b6b8320ad5e4fa
PUBLICATION.md,740,bc15621291d92ec863737bcff4b1a6d99eb2ef0309b62d0ff08504553f8fb290
README_CN.md,5167,03d8e68bbd72bb8cb59beeeb2091e2bea2ea5c37a082f27dfdb2a336a5491c27
config/characterization.json,1081,f3b13a410e2221855990672f2ffcfbb183495e244ab9259a6ad3c58606ed3980
config/experiment_groups.csv,11924,5e6da4ea399973acd046218f91cb6c049db7667692470ae5e0c5111215a8362f
config/library_setup.example.tcl,798,c704f72e772097a7e9363df860f63dd371ff820010f0f95c323db9ae4b9fbeaa
config/scheme_to_group_map.csv,3710,ebb0603bf4ee7a10c43bc506083fde9104922c39360ee535cdc4a6854b34d107
docs/acceptance.yaml,622,ab4cb0504ce745ce9c2e81d0692b7bf652c2b4b4f748eed44dda7ce73b349919
docs/result_schema.md,951,1ad3e2263f9bfb56858e5b70d3c6f8697c9916f29c82cc76782f52fa8d649bd7
docs/run_count_summary.csv,349,394fe32348b64edbfab83018379a0d44fe026f7897b827e3dd12147495239780
evidence/ARRAY_BF16_16X16__T0p9ns/reports/analyze.log,293441,cefb6115fa590af52339dc7b9a99d246e5cce4c2cc66677c25f7c28b13671dc5
evidence/ARRAY_BF16_16X16__T0p9ns/reports/check_design_post.rpt,304,94bf7675a38cf2f7e109edbc8dc51e1112bf6d2b3427362c2e14197d434eaf38
evidence/ARRAY_BF16_16X16__T0p9ns/reports/datapath_extraction.rpt,81,fc94336cfc33bd4b491043c0e555a003f3efd077ebf13655e80c792f0a53bd28
evidence/ARRAY_BF16_16X16__T0p9ns/reports/report_area.rpt,1852,172ca7f52bd48c774e1822ba77f4fe5ed2d259d55db088f538a4ead6912152ed
evidence/ARRAY_BF16_16X16__T0p9ns/reports/report_constraints.rpt,431345,3aaee892d04c48fe8b6f8b6d09f31bff3522f559c09d9b1458fbfb4a324a03ad
evidence/ARRAY_BF16_16X16__T0p9ns/reports/report_qor.rpt,2603,f0cece9a9b8ea49f767faa72db8892c920044d28ae79be761c182f6ef3e03ac7
evidence/ARRAY_BF16_16X16__T0p9ns/reports/report_reference.rpt,32060,029abd7643374f7e21d444211fab46c04523f266fc4bfec1bbf8f7fd678db382
evidence/ARRAY_BF16_16X16__T0p9ns/reports/report_resources.rpt,3830472,e3fc070c74bf96ebf32de0a952cb358faaffc0d90c3d390f937d9f149dbe0ea4
evidence/ARRAY_BF16_16X16__T0p9ns/reports/report_timing.rpt,252367,b46eba32a322e0557c13dff3e7dfd73ea61dc110255655a973a506479ddd83fb
evidence/ARRAY_BF16_16X16__T0p9ns/summary.kv,676,cf18c32b33527bb089b83f2fcf8e1c5f514a211772a115e0ea974013f336aa91
evidence/ARRAY_BF16_16X16__T1p0ns/reports/analyze.log,293441,fe24542077eecb8ca3da13409040d41453e827b3a8734768d33441a7fdd55b41
evidence/ARRAY_BF16_16X16__T1p0ns/reports/check_design_post.rpt,304,94bf7675a38cf2f7e109edbc8dc51e1112bf6d2b3427362c2e14197d434eaf38
evidence/ARRAY_BF16_16X16__T1p0ns/reports/datapath_extraction.rpt,81,fc94336cfc33bd4b491043c0e555a003f3efd077ebf13655e80c792f0a53bd28
evidence/ARRAY_BF16_16X16__T1p0ns/reports/report_area.rpt,1852,16f47921ceedad400c49de5549997dc8a7ea9da6007e2339299acf48b7dc600b
evidence/ARRAY_BF16_16X16__T1p0ns/reports/report_constraints.rpt,434494,ae4fa349f6c634f5b1309fd55778b9f2579ce4341b9ab6daedcf6dadb84ae2ea
evidence/ARRAY_BF16_16X16__T1p0ns/reports/report_qor.rpt,2603,053f77bcf4b069e9023ddfdf7580032409448f9ff40333e93ad775a1cf8c36de
evidence/ARRAY_BF16_16X16__T1p0ns/reports/report_reference.rpt,32236,673c6fdba71386fba07e642247d1d849d66f1e86cfa59bde11b54cf7c24300a0
evidence/ARRAY_BF16_16X16__T1p0ns/reports/report_resources.rpt,3830472,7f57fa02d8fae510d692b1c70ea708ca3b9c8ec0b0b8e8efa8c010cad533fefd
evidence/ARRAY_BF16_16X16__T1p0ns/reports/report_timing.rpt,258487,ff2e5d92f4222063bd03daa0a91c84b71489f21f916a0ce2cf155592f2378b33
evidence/ARRAY_BF16_16X16__T1p0ns/summary.kv,669,1eb018139f0bf8efbff22d042b249b4f73e86ce9879aeccbfc878b4d2c23ff8e
evidence/ARRAY_BF16_16X16__T2p0ns/reports/analyze.log,293441,49b65853fcd03277e772130087bb2d093c394a6b852c5242045a0fcc8266de8c
evidence/ARRAY_BF16_16X16__T2p0ns/reports/check_design_post.rpt,304,94bf7675a38cf2f7e109edbc8dc51e1112bf6d2b3427362c2e14197d434eaf38
evidence/ARRAY_BF16_16X16__T2p0ns/reports/datapath_extraction.rpt,81,fc94336cfc33bd4b491043c0e555a003f3efd077ebf13655e80c792f0a53bd28
evidence/ARRAY_BF16_16X16__T2p0ns/reports/report_area.rpt,1852,f4c58dbd037eb381cb2b37249d0c5f3f514017ce0471b2aa7ac5896f118df163
evidence/ARRAY_BF16_16X16__T2p0ns/reports/report_constraints.rpt,898983,1afe9ca1b2839a6a7f68bcedb7ec01a13b06316587310a92d5962eada84eb994
evidence/ARRAY_BF16_16X16__T2p0ns/reports/report_qor.rpt,2602,e7ed6457f5e2942eaf6ca746932e05695c60a973df45fea52144a4aca6cd25ae
evidence/ARRAY_BF16_16X16__T2p0ns/reports/report_reference.rpt,30497,555f71a27f933fb82ea6458b4d35e3a427c691a189a7cf9adedf4a99556fc752
evidence/ARRAY_BF16_16X16__T2p0ns/reports/report_resources.rpt,3287447,d8ca68d8eff904d7cf9522110ee83122ee6b4118ccce037178f911956aa01bc0
evidence/ARRAY_BF16_16X16__T2p0ns/reports/report_timing.rpt,313774,03e62f70fbe39fec18fa0143ae2928d553a8c92c95262dc3fa02ba44d7dca447
evidence/ARRAY_BF16_16X16__T2p0ns/summary.kv,675,474ad448a4c6eb78f77466cf5d64e088c560cc7ad03fe22e894e82908e9cb243
evidence/ARRAY_BF16_4X4__T0p9ns/reports/analyze.log,21549,462b3996e487bec8806591d5879ec46e15b293a26ce327208c6d05f829861713
evidence/ARRAY_BF16_4X4__T0p9ns/reports/check_design_post.rpt,304,94bf7675a38cf2f7e109edbc8dc51e1112bf6d2b3427362c2e14197d434eaf38
evidence/ARRAY_BF16_4X4__T0p9ns/reports/datapath_extraction.rpt,81,fc94336cfc33bd4b491043c0e555a003f3efd077ebf13655e80c792f0a53bd28
evidence/ARRAY_BF16_4X4__T0p9ns/reports/report_area.rpt,1829,dbad5496074c3ac3f42625f8d43b6248b04ffb57e1a418fdc0395eb9886af123
evidence/ARRAY_BF16_4X4__T0p9ns/reports/report_constraints.rpt,64221,9ea11405be8df63ce686e53e265681d26b5051025b770722f406260ac44f6dba
evidence/ARRAY_BF16_4X4__T0p9ns/reports/report_qor.rpt,2452,68dc8438a2f044e04f445193f9a49824742ae3277584dbc7e8b49e3261e21cc7
evidence/ARRAY_BF16_4X4__T0p9ns/reports/report_reference.rpt,32937,3c7453d123aa7a73cf6fbd34d71c2671082455bf7d57744517485258cfe53ca8
evidence/ARRAY_BF16_4X4__T0p9ns/reports/report_resources.rpt,235418,5a0e2054724fbfe074cff38323bfa76a20c4449a87d92c91c273fb5dd717ab3f
evidence/ARRAY_BF16_4X4__T0p9ns/reports/report_timing.rpt,244772,5b4b8e33f9125c4cb7d9b466bdef305ec0e8922fef0ffad3d24b466d80a72e20
evidence/ARRAY_BF16_4X4__T0p9ns/summary.kv,671,84f56c74532c6300fb32c0d405eff7c8ae58ccb6c23573b6dbc08ea4f3bf6ff9
evidence/ARRAY_BF16_4X4__T1p0ns/reports/analyze.log,21549,2e54b2e34d564598a3cc1a954db5d8826089b74008629a70997a1036f4f917c8
evidence/ARRAY_BF16_4X4__T1p0ns/reports/check_design_post.rpt,304,94bf7675a38cf2f7e109edbc8dc51e1112bf6d2b3427362c2e14197d434eaf38
evidence/ARRAY_BF16_4X4__T1p0ns/reports/datapath_extraction.rpt,81,fc94336cfc33bd4b491043c0e555a003f3efd077ebf13655e80c792f0a53bd28
evidence/ARRAY_BF16_4X4__T1p0ns/reports/report_area.rpt,1829,835ec5ff49a30b4b1df32201a1abe7bd447ba58707b1a405263ae9a014ba17df
evidence/ARRAY_BF16_4X4__T1p0ns/reports/report_constraints.rpt,54224,6ce0155ba84299d66e5ad91289399671614b1e991ad2d47d45e3154f92c0c1d4
evidence/ARRAY_BF16_4X4__T1p0ns/reports/report_qor.rpt,2452,a2a980930cf381fdfda86f81ac0a57aabd4754338186561252861bf7007a1a79
evidence/ARRAY_BF16_4X4__T1p0ns/reports/report_reference.rpt,32411,2f82fb1c451bbdfb884589829db6778a522a61b58db0d3c7bde75e3e97e494c4
evidence/ARRAY_BF16_4X4__T1p0ns/reports/report_resources.rpt,235418,929e8051bdaab76fd52cdfb8850c04b5c87ad031b1e836e55b1b9c658b381121
evidence/ARRAY_BF16_4X4__T1p0ns/reports/report_timing.rpt,246309,db04c41d317a3126c79053cbc41f569e8cca4b0403c9cf26ddd46e1d40516048
evidence/ARRAY_BF16_4X4__T1p0ns/summary.kv,666,7776c05df933bf660b261c5d74f55508695b77cbb35a6bf150817029b05683d2
evidence/ARRAY_BF16_4X4__T2p0ns/reports/analyze.log,21549,101c9d4a0a1a52bbbcf849741298c8c7b1ebe95aa1d28d252cc0e1005b10f05b
evidence/ARRAY_BF16_4X4__T2p0ns/reports/check_design_post.rpt,304,94bf7675a38cf2f7e109edbc8dc51e1112bf6d2b3427362c2e14197d434eaf38
evidence/ARRAY_BF16_4X4__T2p0ns/reports/datapath_extraction.rpt,81,fc94336cfc33bd4b491043c0e555a003f3efd077ebf13655e80c792f0a53bd28
evidence/ARRAY_BF16_4X4__T2p0ns/reports/report_area.rpt,1829,270bdc2fcaa76317b50852b805714bdfea0ba77108999d4056fdd6f1b3b2b385
evidence/ARRAY_BF16_4X4__T2p0ns/reports/report_constraints.rpt,43386,f201987f956d621956c08896a415811ecfa239a1d9e5b820c8c94ab8e0c4c333
evidence/ARRAY_BF16_4X4__T2p0ns/reports/report_qor.rpt,2452,475400fcf137faf28d3be0570bd44a24de53421495ee8a5facb5d43b797148be
evidence/ARRAY_BF16_4X4__T2p0ns/reports/report_reference.rpt,24618,32f2e0e27c1ee086a3a68fd706d4ad044fec3d1e5abfc90d1590baf009347ce0
evidence/ARRAY_BF16_4X4__T2p0ns/reports/report_resources.rpt,203813,7ac6c7a5fbe0f7b4e1f80377af041ce2a978748f43e7733bb1a91e82f8cfa2b3
evidence/ARRAY_BF16_4X4__T2p0ns/reports/report_timing.rpt,318261,b5afd1effc10da1c02131081af5164a2e50485064541a2c05c71e7e3f5f9f9ba
evidence/ARRAY_BF16_4X4__T2p0ns/summary.kv,670,5408785b95f4f810c7f62a1d7ea96ad038e22d0cee15646548fee161b2fb2f81
evidence/ARRAY_BF16_8X8__T0p9ns/reports/analyze.log,75311,7e2d05846502d63b8e232f1b758f5c2cfc2842a79e608d55d3a9985072f140fc
evidence/ARRAY_BF16_8X8__T0p9ns/reports/check_design_post.rpt,304,94bf7675a38cf2f7e109edbc8dc51e1112bf6d2b3427362c2e14197d434eaf38
evidence/ARRAY_BF16_8X8__T0p9ns/reports/datapath_extraction.rpt,81,fc94336cfc33bd4b491043c0e555a003f3efd077ebf13655e80c792f0a53bd28
evidence/ARRAY_BF16_8X8__T0p9ns/reports/report_area.rpt,1829,690f85e12aac58a8430aad36fb683a2dadea6c0f950c712c6b238415947b73f1
evidence/ARRAY_BF16_8X8__T0p9ns/reports/report_constraints.rpt,93035,a76c87bb00bbf111e8f4e898c80c12b80ae9338463b37a71e746b0dbe916fd39
evidence/ARRAY_BF16_8X8__T0p9ns/reports/report_qor.rpt,2602,36d3a8204258b69e077cccbef86f897a9495092f1e97ab982b2c7c33d5c6423c
evidence/ARRAY_BF16_8X8__T0p9ns/reports/report_reference.rpt,30852,6143ce954402aa8ae7c14386ac04c916b123209920c0961ecee49bdb58c3d553
evidence/ARRAY_BF16_8X8__T0p9ns/reports/report_resources.rpt,958096,679444065fd3bfa1ca34e4b739f5640114ab579bee1d6ac0de44b3da850f41f9
evidence/ARRAY_BF16_8X8__T0p9ns/reports/report_timing.rpt,246153,920dedfdb46c91cf5ddcca2a092a824277a09b757da078db08f8c558dfb972c6
evidence/ARRAY_BF16_8X8__T0p9ns/summary.kv,674,2017e71191d0c32dafe0c989de530f835f8d0dec833ec708be986743206f8276
evidence/ARRAY_BF16_8X8__T1p0ns/reports/analyze.log,75311,634fc96dd508287acffb855122201448001bf335ce0ad295068d39787b3da007
evidence/ARRAY_BF16_8X8__T1p0ns/reports/check_design_post.rpt,304,94bf7675a38cf2f7e109edbc8dc51e1112bf6d2b3427362c2e14197d434eaf38
evidence/ARRAY_BF16_8X8__T1p0ns/reports/datapath_extraction.rpt,81,fc94336cfc33bd4b491043c0e555a003f3efd077ebf13655e80c792f0a53bd28
evidence/ARRAY_BF16_8X8__T1p0ns/reports/report_area.rpt,1829,66b7c1d05eb01bb24329dab6896e05e53195669a19bb5d10fe6433ff85440bcf
evidence/ARRAY_BF16_8X8__T1p0ns/reports/report_constraints.rpt,100164,d677c99f3a4551bccc18d76377b50a4f1682a22b0ea658728577c0db7a07ffc6
evidence/ARRAY_BF16_8X8__T1p0ns/reports/report_qor.rpt,2602,f50e17de8deaec2e34394e5bd050435dcfa38ced5e48aaa561395c3cadcb36d8
evidence/ARRAY_BF16_8X8__T1p0ns/reports/report_reference.rpt,31710,46bd57297cb3497b572bf70eacbf940a0108246c9b45da0f65aac2165580a231
evidence/ARRAY_BF16_8X8__T1p0ns/reports/report_resources.rpt,958096,cdbbd9dced6b9feaec603d071bd38fe24d25a94575b2f0b2eb6fedd858f2b100
evidence/ARRAY_BF16_8X8__T1p0ns/reports/report_timing.rpt,258405,e2556545730bc545b8df537d1e30e6d50ff251e2675cc005b3e0bbe237669535
evidence/ARRAY_BF16_8X8__T1p0ns/summary.kv,667,819656a5e07d318411c4d6b3c6d9e12ec7e9fa215d832a086a8c4e678379ccdb
evidence/ARRAY_BF16_8X8__T2p0ns/reports/analyze.log,75311,f5ea7f2342e6459374ad17f2cecfa7e0928fa2e72ca25dc5f3ee53410608d3d4
evidence/ARRAY_BF16_8X8__T2p0ns/reports/check_design_post.rpt,304,94bf7675a38cf2f7e109edbc8dc51e1112bf6d2b3427362c2e14197d434eaf38
evidence/ARRAY_BF16_8X8__T2p0ns/reports/datapath_extraction.rpt,81,fc94336cfc33bd4b491043c0e555a003f3efd077ebf13655e80c792f0a53bd28
evidence/ARRAY_BF16_8X8__T2p0ns/reports/report_area.rpt,1829,4f5e51cb53826bb36921796689648e044fb6982320cb6a7a0228e58b0299e3cb
evidence/ARRAY_BF16_8X8__T2p0ns/reports/report_constraints.rpt,211856,9d0d641761a90149712031ab681d7fd40c59c500460d0c1f8fe58865a7be231c
evidence/ARRAY_BF16_8X8__T2p0ns/reports/report_qor.rpt,2601,2236a2c95f32e7bd21ebf0d83d10ac9da4c653225a8b8a08dde07bbf53d1cdca
evidence/ARRAY_BF16_8X8__T2p0ns/reports/report_reference.rpt,28942,6a1c15214663270c9c6db5d8a11a2c1b2dd37206b605089328b2729faecf7dec
evidence/ARRAY_BF16_8X8__T2p0ns/reports/report_resources.rpt,822727,eae011d3a408e50e32826cd189becba5b6e2c081a50f7ebb7c0768193c6ce854
evidence/ARRAY_BF16_8X8__T2p0ns/reports/report_timing.rpt,316108,a40d51f32eeac88b8ec3af1db3c8ee7dc9679dc13ab0ad86d967ca567f742680
evidence/ARRAY_BF16_8X8__T2p0ns/summary.kv,645,5a4bfeca807dddbd6b81915328771db3ac5366bbc4a7ab3bff4c8bdf8461d9b6
evidence/ARRAY_W4A4_16X16__T0p9ns/reports/analyze.log,11352,90da05a2313da5f97c715b8d2512fab520356a0fc17245fedccd3f34ddffe9ff
evidence/ARRAY_W4A4_16X16__T0p9ns/reports/check_design_post.rpt,304,94bf7675a38cf2f7e109edbc8dc51e1112bf6d2b3427362c2e14197d434eaf38
evidence/ARRAY_W4A4_16X16__T0p9ns/reports/datapath_extraction.rpt,81,fc94336cfc33bd4b491043c0e555a003f3efd077ebf13655e80c792f0a53bd28
evidence/ARRAY_W4A4_16X16__T0p9ns/reports/report_area.rpt,1836,d1ecd0aab09fcdb08537e58d416dcf6e3585fcfe5eaf71894324c7ac351ae642
evidence/ARRAY_W4A4_16X16__T0p9ns/reports/report_constraints.rpt,779,dad93e98336278489a54d63d0cb79dc73f36eb4944380b26ed1b86b14404c922
evidence/ARRAY_W4A4_16X16__T0p9ns/reports/report_qor.rpt,2597,c2a7539f0467fb0cb192e7d049a177355cc5e3af6ef4b5ef09abdeef45417aa5
evidence/ARRAY_W4A4_16X16__T0p9ns/reports/report_reference.rpt,5388,fd0fccd127be8fc940320c3d94c77255681fdafd79730663a5cbf8ee8d831b9f
evidence/ARRAY_W4A4_16X16__T0p9ns/reports/report_resources.rpt,436990,9d19ab94f470c52bdcbd07755d1b592a753396fefc7a5df7ee26292a700e3188
evidence/ARRAY_W4A4_16X16__T0p9ns/reports/report_timing.rpt,137858,423ab58e73edaf3d8dd0a90a9a54529b431522344182dc43692193c367fe9a31
evidence/ARRAY_W4A4_16X16__T0p9ns/summary.kv,683,09b67b51bf812c9e15e190a0016fa44ef3120430faacc62909de29d36607058e
evidence/ARRAY_W4A4_16X16__T1p0ns/reports/analyze.log,11352,7bb7888a157343d71b9fb4be9a8467d4f7da1b84be8396c062e240bd93ce9463
evidence/ARRAY_W4A4_16X16__T1p0ns/reports/check_design_post.rpt,304,94bf7675a38cf2f7e109edbc8dc51e1112bf6d2b3427362c2e14197d434eaf38
evidence/ARRAY_W4A4_16X16__T1p0ns/reports/datapath_extraction.rpt,81,fc94336cfc33bd4b491043c0e555a003f3efd077ebf13655e80c792f0a53bd28
evidence/ARRAY_W4A4_16X16__T1p0ns/reports/report_area.rpt,1836,48faa336bf8a7fb3f2919b5930f759cbea58b77595e029e65839c1a2becf3528
evidence/ARRAY_W4A4_16X16__T1p0ns/reports/report_constraints.rpt,20153,50d8d10e482e97bf6d21b608cf4242c5f75b48ec98ebaf8fd5fe83da78c3f316
evidence/ARRAY_W4A4_16X16__T1p0ns/reports/report_qor.rpt,2597,c0cd23793f8b6502ae9443c30a0e6481f69f09ccd5369f811c24593d8266b293
evidence/ARRAY_W4A4_16X16__T1p0ns/reports/report_reference.rpt,4180,d78af22b6e6b084f309ae372fd793f64a70a9a1d0563cc39b0e0f0cd5e74a6df
evidence/ARRAY_W4A4_16X16__T1p0ns/reports/report_resources.rpt,436990,ce7c2df82ac30437e19361d5b1acb45a9d1808e6d34627e0c576f2cfb87c5341
evidence/ARRAY_W4A4_16X16__T1p0ns/reports/report_timing.rpt,131912,d2fc982ea9a9ba3ca524f89d7b6df26bbcf0e9bfc314dff9113b38dc7ba76719
evidence/ARRAY_W4A4_16X16__T1p0ns/summary.kv,673,eb6e4fdd60d4cf9582b3de13f5b791e0fc7f7a9188f139f6369ce4856f199e0a
evidence/ARRAY_W4A4_16X16__T2p0ns/reports/analyze.log,11352,f5d78ffdfd3283c60b1e2a0db118bd97c61e9f6a4b85f6b22dcabcc2a29ef116
evidence/ARRAY_W4A4_16X16__T2p0ns/reports/check_design_post.rpt,304,94bf7675a38cf2f7e109edbc8dc51e1112bf6d2b3427362c2e14197d434eaf38
evidence/ARRAY_W4A4_16X16__T2p0ns/reports/datapath_extraction.rpt,81,fc94336cfc33bd4b491043c0e555a003f3efd077ebf13655e80c792f0a53bd28
evidence/ARRAY_W4A4_16X16__T2p0ns/reports/report_area.rpt,2056,dad4d0c61472203f4e9eb1057580a963082abdf54a0aceefd61a4659e08b0f17
evidence/ARRAY_W4A4_16X16__T2p0ns/reports/report_constraints.rpt,423576,0ee1f8fd0716339dd90a70d20d113eb9373b2dafb084d12244d65430f4526b72
evidence/ARRAY_W4A4_16X16__T2p0ns/reports/report_qor.rpt,2601,ae8662fd6ddd3359dd3d72d22f6a2b339445e0074d0ab8463609111316f0c355
evidence/ARRAY_W4A4_16X16__T2p0ns/reports/report_reference.rpt,5437,4ea0472974f6b91227073359e658f9b8ee8399e9a268735e58e9387b9dcfc2a2
evidence/ARRAY_W4A4_16X16__T2p0ns/reports/report_resources.rpt,437197,39d127cff3979f2c060405f0b3b59b4d369f0a204311c10979ae1d81c2c44c1c
evidence/ARRAY_W4A4_16X16__T2p0ns/reports/report_timing.rpt,151118,2d6f1b01d9d4ca972844801a5196a76d0e66b4694f16819cb60b612a43d12cb7
evidence/ARRAY_W4A4_16X16__T2p0ns/summary.kv,664,765776f27b401229091954e66ab08aa329c212dae3accd309df18a330e649cdd
evidence/ARRAY_W4A4_4X4__T0p9ns/reports/analyze.log,4058,fff98a2c946167bccb91d11cd5cf0ee2a9e3912e1db3385ad1a758473311345e
evidence/ARRAY_W4A4_4X4__T0p9ns/reports/check_design_post.rpt,304,94bf7675a38cf2f7e109edbc8dc51e1112bf6d2b3427362c2e14197d434eaf38
evidence/ARRAY_W4A4_4X4__T0p9ns/reports/datapath_extraction.rpt,81,fc94336cfc33bd4b491043c0e555a003f3efd077ebf13655e80c792f0a53bd28
evidence/ARRAY_W4A4_4X4__T0p9ns/reports/report_area.rpt,1813,628dea099d39d9ddac14cb395807d823924bed15c850d7484c39ef67abee6a42
evidence/ARRAY_W4A4_4X4__T0p9ns/reports/report_constraints.rpt,779,7b2bf17ef2ab0d1cadc401608251e34e32e7d2ddf33e60a7f95863880c04b634
evidence/ARRAY_W4A4_4X4__T0p9ns/reports/report_qor.rpt,2449,a5016df437ff24dc2a61f8671106e4c1575564c416bb978f2a09f79882192734
evidence/ARRAY_W4A4_4X4__T0p9ns/reports/report_reference.rpt,5053,33f403751a036d089f2260b212f63599dc0a9896f3db2004d6f0d948472c6f7d
evidence/ARRAY_W4A4_4X4__T0p9ns/reports/report_resources.rpt,28256,67193df95574d5bf5127fcb27d316891772e069874d031ff777da011da3740d1
evidence/ARRAY_W4A4_4X4__T0p9ns/reports/report_timing.rpt,137389,00a561f0b908a085d02fdb96bb51f639262e16dd49e70389c00ffa1d4e4a20db
evidence/ARRAY_W4A4_4X4__T0p9ns/summary.kv,677,e95655f95c7cf294392f8e2d286bc9d0d4a6755d2fa9945e2d491ad9b13260f3
evidence/ARRAY_W4A4_4X4__T1p0ns/reports/analyze.log,4058,365ab2401eb00a4a65a3db571cea8a96dc5897e713c1dd3766ab9ed0db5ddb1e
evidence/ARRAY_W4A4_4X4__T1p0ns/reports/check_design_post.rpt,304,94bf7675a38cf2f7e109edbc8dc51e1112bf6d2b3427362c2e14197d434eaf38
evidence/ARRAY_W4A4_4X4__T1p0ns/reports/datapath_extraction.rpt,81,fc94336cfc33bd4b491043c0e555a003f3efd077ebf13655e80c792f0a53bd28
evidence/ARRAY_W4A4_4X4__T1p0ns/reports/report_area.rpt,1813,dad2d6370a7828d58d215472bb11fccb5453e109018e992cf511cb548c0ad643
evidence/ARRAY_W4A4_4X4__T1p0ns/reports/report_constraints.rpt,779,b6611a3b2fbb139986e64d9b3784a1281acea0af9baa911aaecfc1fc3382a129
evidence/ARRAY_W4A4_4X4__T1p0ns/reports/report_qor.rpt,2449,bdc521eb46055281b6ae50505394c0d21858a0a476bfc8818003ec046e29a59c
evidence/ARRAY_W4A4_4X4__T1p0ns/reports/report_reference.rpt,4187,777613a97e26123654065066a479731b1283771fa71e38ffaf6279e7b559fcf7
evidence/ARRAY_W4A4_4X4__T1p0ns/reports/report_resources.rpt,28256,8600cd149206a7b1c694c68db121de711719236dbab0495b635ec79531c4bb9b
evidence/ARRAY_W4A4_4X4__T1p0ns/reports/report_timing.rpt,139501,1c7f0270567b0f62a33ba0d3f1e31ece66cd063304e94232035ec96c07539bd7
evidence/ARRAY_W4A4_4X4__T1p0ns/summary.kv,668,b77c887c7fb94707544855692bd1d410df0f178d7f3adda5621e8063e7a02695
evidence/ARRAY_W4A4_4X4__T2p0ns/reports/analyze.log,4058,3f4cb05bc78e8c21d8f98007ee7281819bc17c68c83e85644165a93c37105ac9
evidence/ARRAY_W4A4_4X4__T2p0ns/reports/check_design_post.rpt,304,94bf7675a38cf2f7e109edbc8dc51e1112bf6d2b3427362c2e14197d434eaf38
evidence/ARRAY_W4A4_4X4__T2p0ns/reports/datapath_extraction.rpt,81,fc94336cfc33bd4b491043c0e555a003f3efd077ebf13655e80c792f0a53bd28
evidence/ARRAY_W4A4_4X4__T2p0ns/reports/report_area.rpt,1813,1891b48f38296dd7d411176f5a75807b1914ad56346b9e53ce44a537702c2261
evidence/ARRAY_W4A4_4X4__T2p0ns/reports/report_constraints.rpt,13290,70a06731576b9c1582c01015764c369cc6ba7d109b25d1e1aacb81f4c1cddd83
evidence/ARRAY_W4A4_4X4__T2p0ns/reports/report_qor.rpt,2451,27138293328d389c4cb2cf5ed56c361d5af93427c77ab4452e0b89e9ac0c2c92
evidence/ARRAY_W4A4_4X4__T2p0ns/reports/report_reference.rpt,4538,39b3861469d56444a761d1068ae32c5dfc149dd4c478b1184ed93b34db0bd40e
evidence/ARRAY_W4A4_4X4__T2p0ns/reports/report_resources.rpt,28256,b248d65118464b7bdcca7aa49e8b9181e863df5a1d02a564567a16346a352406
evidence/ARRAY_W4A4_4X4__T2p0ns/reports/report_timing.rpt,151021,4bbfa308a82422762701299b9893d02f40bbf039a544c29066669056f2fbb7fa
evidence/ARRAY_W4A4_4X4__T2p0ns/summary.kv,663,0b7974c759bbab72e45b97962251d948f97d49424a7899d6d978d1d3169d9202
evidence/ARRAY_W4A4_8X8__T0p9ns/reports/analyze.log,5476,9611b461fa1305bca29d608202b059f3ce90375ca9a227db30392cdfa47aa7af
evidence/ARRAY_W4A4_8X8__T0p9ns/reports/check_design_post.rpt,304,94bf7675a38cf2f7e109edbc8dc51e1112bf6d2b3427362c2e14197d434eaf38
evidence/ARRAY_W4A4_8X8__T0p9ns/reports/datapath_extraction.rpt,81,fc94336cfc33bd4b491043c0e555a003f3efd077ebf13655e80c792f0a53bd28
evidence/ARRAY_W4A4_8X8__T0p9ns/reports/report_area.rpt,1813,41f171620408cdc25d52bc4afe222a933eca5e364de16d2c8278c86f8ff2a579
evidence/ARRAY_W4A4_8X8__T0p9ns/reports/report_constraints.rpt,779,542814370f6b7f6ce36fea2b1059e82022449516c3d7d357e8a7ccdaea38ba02
evidence/ARRAY_W4A4_8X8__T0p9ns/reports/report_qor.rpt,2597,ca25a28d8804350ef3e5d5e7f6c76abcbdf1efef199964d75cfdc3f2056d6b89
evidence/ARRAY_W4A4_8X8__T0p9ns/reports/report_reference.rpt,5563,3571da115ec7ccd228c37ceb22b492ebbf36ce2ef65ae44567759f648deb9bf2
evidence/ARRAY_W4A4_8X8__T0p9ns/reports/report_resources.rpt,109950,2efc8d25f88483b4f1ab5507e0971717c5bc68a990642b987386e402cf26c86c
evidence/ARRAY_W4A4_8X8__T0p9ns/reports/report_timing.rpt,138804,e10652db8b7a199d753c22439a17feac111886fc751a771151f1eb0e04bb1375
evidence/ARRAY_W4A4_8X8__T0p9ns/summary.kv,679,c6215e66a6beac1d517d730d646765228742041599c9c016a807ee7799a2ef72
evidence/ARRAY_W4A4_8X8__T1p0ns/reports/analyze.log,5476,7e55e5e841ca88e4407ca31498cfc6b454a96fd136572015c0e4be1f691fa38b
evidence/ARRAY_W4A4_8X8__T1p0ns/reports/check_design_post.rpt,304,94bf7675a38cf2f7e109edbc8dc51e1112bf6d2b3427362c2e14197d434eaf38
evidence/ARRAY_W4A4_8X8__T1p0ns/reports/datapath_extraction.rpt,81,fc94336cfc33bd4b491043c0e555a003f3efd077ebf13655e80c792f0a53bd28
evidence/ARRAY_W4A4_8X8__T1p0ns/reports/report_area.rpt,1813,30314bcde2a43e292a8c7d789b7bbea82aa3c653b66d945fd779df9499ac5c2c
evidence/ARRAY_W4A4_8X8__T1p0ns/reports/report_constraints.rpt,779,9e3a83e9b2a5ac02a1d57125ff8e6b6a2e643f1c3e7c54e5143292bbf8327145
evidence/ARRAY_W4A4_8X8__T1p0ns/reports/report_qor.rpt,2597,f05efcf8b03003daa6e1a620c7225fa0be808864a684353de1650b2a391e78b8
evidence/ARRAY_W4A4_8X8__T1p0ns/reports/report_reference.rpt,4007,0ba6fdfc17c3f6b515da31452dab1215d89e6911ab6453c0a00c2ae5fccd0339
evidence/ARRAY_W4A4_8X8__T1p0ns/reports/report_resources.rpt,109950,6e131995de4e9f8a061aa3294d4a601cf708e90d1c613c714ed8a0538d0662e5
evidence/ARRAY_W4A4_8X8__T1p0ns/reports/report_timing.rpt,132852,f2d8f354016dd767686b16d9e5efda6cdf926bc79ffd4d3de6c3098f80834b01
evidence/ARRAY_W4A4_8X8__T1p0ns/summary.kv,668,ee9fe2fe07ec9951e9842830003b8963cc02e21f79eb57b3adc46430caa87ae9
evidence/ARRAY_W4A4_8X8__T2p0ns/reports/analyze.log,5476,d5eefbbd08252620a4a5e308b7d521113f0f20d7cdf3388b6f708021b4506435
evidence/ARRAY_W4A4_8X8__T2p0ns/reports/check_design_post.rpt,304,94bf7675a38cf2f7e109edbc8dc51e1112bf6d2b3427362c2e14197d434eaf38
evidence/ARRAY_W4A4_8X8__T2p0ns/reports/datapath_extraction.rpt,81,fc94336cfc33bd4b491043c0e555a003f3efd077ebf13655e80c792f0a53bd28
evidence/ARRAY_W4A4_8X8__T2p0ns/reports/report_area.rpt,2024,e93e4c3cfde7c5c96bbe4f8fae7a64f36ca13c86e0bb8e01fe5dbdfb0840abdc
evidence/ARRAY_W4A4_8X8__T2p0ns/reports/report_constraints.rpt,95921,4aac48843c18b338ab3c762e04de0064205c5d94bcce7c0673f245e48a5c09cb
evidence/ARRAY_W4A4_8X8__T2p0ns/reports/report_qor.rpt,2600,6023b1bde0e2fbfd50faddb6bd21c774b43ed34e39017ce87374766b8bf92adf
evidence/ARRAY_W4A4_8X8__T2p0ns/reports/report_reference.rpt,5262,52fa1ca8f827f98eb817cca3fcb1bfed6b09d32f8f608947e4a221c0fc0f2a2f
evidence/ARRAY_W4A4_8X8__T2p0ns/reports/report_resources.rpt,110155,84f7f1e606050434467b8a270ee74c5ef3de34de574cf34d46260933db5b40c1
evidence/ARRAY_W4A4_8X8__T2p0ns/reports/report_timing.rpt,151092,8461881d319dba9b4d11d1e1599b905992b26073810a1ab5fad5583c7f9012c3
evidence/ARRAY_W4A4_8X8__T2p0ns/summary.kv,664,53b492cefa19c7df68d57b95f140a51f1948a02c66cd813c7cf5c7f7b589e5c7
evidence/ARRAY_W4A8_16X16__T0p9ns/reports/analyze.log,11352,a8a3c8f2cad67937dfe5baf6897bb20cc67a3a92eab3a6e11456458ca7e06b15
evidence/ARRAY_W4A8_16X16__T0p9ns/reports/check_design_post.rpt,304,94bf7675a38cf2f7e109edbc8dc51e1112bf6d2b3427362c2e14197d434eaf38
evidence/ARRAY_W4A8_16X16__T0p9ns/reports/datapath_extraction.rpt,81,fc94336cfc33bd4b491043c0e555a003f3efd077ebf13655e80c792f0a53bd28
evidence/ARRAY_W4A8_16X16__T0p9ns/reports/report_area.rpt,1836,c19807f9e01878cb2c3ec13974efd81f685273b7f2405436976df139f31a650e
evidence/ARRAY_W4A8_16X16__T0p9ns/reports/report_constraints.rpt,779,e1470d3b7f0701c4bce2444f496c2e6a4c15a61b7ce7a20859d63abec63000f4
evidence/ARRAY_W4A8_16X16__T0p9ns/reports/report_qor.rpt,2597,146e4c9955326349b8fdb7876c02d8df7be33aaff52c8b5211cafd2e393f2c61
evidence/ARRAY_W4A8_16X16__T0p9ns/reports/report_reference.rpt,9198,7f8dd47e07cb48ec6f59233ba418e3874d6fee38a4047298897dbcbf707465cb
evidence/ARRAY_W4A8_16X16__T0p9ns/reports/report_resources.rpt,437246,c425cbc2811572b052db70c6ad7fbbea16204eadc1250d9ba9ca405fe523be06
evidence/ARRAY_W4A8_16X16__T0p9ns/reports/report_timing.rpt,139038,260c1a5c7ebcc890614fd1c5eabd23163c02d6dc5540e6519578626141635b03
evidence/ARRAY_W4A8_16X16__T0p9ns/summary.kv,681,dc51180595e016091578856d950523ce95bc1430e560e87d90d1b85d1b643110
evidence/ARRAY_W4A8_16X16__T1p0ns/reports/analyze.log,11352,782d3a23fe5ba355f58b9349398e79f1012eacfd9779425aef54b2397e2a1f52
evidence/ARRAY_W4A8_16X16__T1p0ns/reports/check_design_post.rpt,304,94bf7675a38cf2f7e109edbc8dc51e1112bf6d2b3427362c2e14197d434eaf38
evidence/ARRAY_W4A8_16X16__T1p0ns/reports/datapath_extraction.rpt,81,fc94336cfc33bd4b491043c0e555a003f3efd077ebf13655e80c792f0a53bd28
evidence/ARRAY_W4A8_16X16__T1p0ns/reports/report_area.rpt,1836,900cf6e835b23b96ec29c7e798a3f20df74c355c473768548a90ae8a7dc485db
evidence/ARRAY_W4A8_16X16__T1p0ns/reports/report_constraints.rpt,779,d1b3c16b75179bd141390a4e055d5a874dde81a84c6ad9804e57504118576bc2
evidence/ARRAY_W4A8_16X16__T1p0ns/reports/report_qor.rpt,2597,812ef936cb9a19bf0be2099bb7e70ac5ed289acdeb055c6318066e046da859e7
evidence/ARRAY_W4A8_16X16__T1p0ns/reports/report_reference.rpt,6430,19094ae37181160a824febfe01793262ba7e0d0cd914cff55ff6552adf95ba60
evidence/ARRAY_W4A8_16X16__T1p0ns/reports/report_resources.rpt,437246,3f83dd34f050065450bee8a90847fbc3ce14e626851ec740d28eb516d703f1cb
evidence/ARRAY_W4A8_16X16__T1p0ns/reports/report_timing.rpt,146706,d61ec72c95cdd290b35b93eb73909683813020ac82ef46f0fbdf421a08306e69
evidence/ARRAY_W4A8_16X16__T1p0ns/summary.kv,670,9afe08f5009e905981dfb346a90161e839392ae29a362da10db28fd311b4c7be
evidence/ARRAY_W4A8_16X16__T2p0ns/reports/analyze.log,11352,3c5bd757e79b88a548dcbe4ab8169195be566a93adcf35a04abd671800b17d55
evidence/ARRAY_W4A8_16X16__T2p0ns/reports/check_design_post.rpt,304,94bf7675a38cf2f7e109edbc8dc51e1112bf6d2b3427362c2e14197d434eaf38
evidence/ARRAY_W4A8_16X16__T2p0ns/reports/datapath_extraction.rpt,81,fc94336cfc33bd4b491043c0e555a003f3efd077ebf13655e80c792f0a53bd28
evidence/ARRAY_W4A8_16X16__T2p0ns/reports/report_area.rpt,2056,9d4300c41690f96adc9d0d41d93eeab31b4fb3c5cd10eff0a0297d4c7eaea6a7
evidence/ARRAY_W4A8_16X16__T2p0ns/reports/report_constraints.rpt,478110,d75cc0bd5a900e2c4e853be985799024bc60baeb41cb9db891209721a5516646
evidence/ARRAY_W4A8_16X16__T2p0ns/reports/report_qor.rpt,2601,2e8909f00d41a678aede963929dee7598f5155f895c52ed61c645e7e16dfa589
evidence/ARRAY_W4A8_16X16__T2p0ns/reports/report_reference.rpt,7867,bbfd1b7e969e853f1d257bd3c83cfea9cc5d22e0f6993135da6b7ca1b384344e
evidence/ARRAY_W4A8_16X16__T2p0ns/reports/report_resources.rpt,437453,cbf63c900b887d98118c6f7aa6611f4b6514b52b6ba30973caf2cc8d533f4126
evidence/ARRAY_W4A8_16X16__T2p0ns/reports/report_timing.rpt,174142,0b63aec292d25eb12281934e1b498be2f9dde48a834bdb5fed6c2152a8c22231
evidence/ARRAY_W4A8_16X16__T2p0ns/summary.kv,666,4c5e0110b552eb1c86f301f8386ee27b17f91b35ec62d8376e8e8cc013de4c99
evidence/ARRAY_W4A8_4X4__T0p9ns/reports/analyze.log,4058,f53fa25d1b4bc511ef4a044c00ee796cc49b9a1ea795de57547a1aee8e5ccf25
evidence/ARRAY_W4A8_4X4__T0p9ns/reports/check_design_post.rpt,304,94bf7675a38cf2f7e109edbc8dc51e1112bf6d2b3427362c2e14197d434eaf38
evidence/ARRAY_W4A8_4X4__T0p9ns/reports/datapath_extraction.rpt,81,fc94336cfc33bd4b491043c0e555a003f3efd077ebf13655e80c792f0a53bd28
evidence/ARRAY_W4A8_4X4__T0p9ns/reports/report_area.rpt,1813,d2333e768cda174ba6db9c128aa15baaa25922dd7633c5268afbad7780e972f7
evidence/ARRAY_W4A8_4X4__T0p9ns/reports/report_constraints.rpt,779,1dde90c928eb583a1c0f9edf3e517da46a83109f2ed688536dd814ad82a4b54a
evidence/ARRAY_W4A8_4X4__T0p9ns/reports/report_qor.rpt,2449,fc9de929a81b78c691c438a256dd85e8b4a9609a6b3688abc2dca72cd8964f88
evidence/ARRAY_W4A8_4X4__T0p9ns/reports/report_reference.rpt,8509,7987c77cdc9a94e0b499f16fce18acefbdf9abebde38f534a4555de686962ade
evidence/ARRAY_W4A8_4X4__T0p9ns/reports/report_resources.rpt,28011,636ddbe6a984f192859f49426e74a051ff1aa924598629a2b33141759d5bc6ed
evidence/ARRAY_W4A8_4X4__T0p9ns/reports/report_timing.rpt,136621,741f8a1c839d0382d7b3345dca5da68e7ccb6203353baa5fe0b63f1c64fc1151
evidence/ARRAY_W4A8_4X4__T0p9ns/summary.kv,677,795d0d07d8c696a70b777a06866fe7a4076aff9d8b36fd0e90d5ab29b6dcdb97
evidence/ARRAY_W4A8_4X4__T1p0ns/reports/analyze.log,4058,c559268d86926d12836bbf9a28a24a84ec46b1ca22ea8533529caa4b34af2466
evidence/ARRAY_W4A8_4X4__T1p0ns/reports/check_design_post.rpt,304,94bf7675a38cf2f7e109edbc8dc51e1112bf6d2b3427362c2e14197d434eaf38
evidence/ARRAY_W4A8_4X4__T1p0ns/reports/datapath_extraction.rpt,81,fc94336cfc33bd4b491043c0e555a003f3efd077ebf13655e80c792f0a53bd28
evidence/ARRAY_W4A8_4X4__T1p0ns/reports/report_area.rpt,1813,0268909fee46368006176fef5ab15c8c01ed3873390abcf8da853b63327f96ff
evidence/ARRAY_W4A8_4X4__T1p0ns/reports/report_constraints.rpt,779,eab8b7fbe778d6e03c25a59c5f4a0ba0879eb12e58857b7ca39373ea4a5603a3
evidence/ARRAY_W4A8_4X4__T1p0ns/reports/report_qor.rpt,2449,6bdf2225dcccd20290a4530956b49c60a2eb6d2baa3fef15d05fad5c6b5171ee
evidence/ARRAY_W4A8_4X4__T1p0ns/reports/report_reference.rpt,6604,bec4e525c489b2ce3f6e93945e4d4dead09266e2328ab0250402d10246732335
evidence/ARRAY_W4A8_4X4__T1p0ns/reports/report_resources.rpt,28011,68ca3d4f15406ae9736dbfa73e27a46e386664aa646860a30a2352062e50cf97
evidence/ARRAY_W4A8_4X4__T1p0ns/reports/report_timing.rpt,147565,244536e8b94d61d7766addf25ec0a98c1bd0b41947a9554122617adb7d60a699
evidence/ARRAY_W4A8_4X4__T1p0ns/summary.kv,670,26ad9b0f6558d03cee3f7cc92f91dd378dc8c24eca391191a64d1cd8e6f6acf4
evidence/ARRAY_W4A8_4X4__T2p0ns/reports/analyze.log,4058,7a187073354f612f2df90e99148f621a7ab40b6021b2dae95a304e3c49d17638
evidence/ARRAY_W4A8_4X4__T2p0ns/reports/check_design_post.rpt,304,94bf7675a38cf2f7e109edbc8dc51e1112bf6d2b3427362c2e14197d434eaf38
evidence/ARRAY_W4A8_4X4__T2p0ns/reports/datapath_extraction.rpt,81,fc94336cfc33bd4b491043c0e555a003f3efd077ebf13655e80c792f0a53bd28
evidence/ARRAY_W4A8_4X4__T2p0ns/reports/report_area.rpt,2024,ef2f7260e8346ab35cccefc73d795b516fd07a2dd392e30e1a78cd969b6dc115
evidence/ARRAY_W4A8_4X4__T2p0ns/reports/report_constraints.rpt,32127,acfacdfe7e6f1ca40b4950457e94bc5629a0f310b02d92285eb6fc5cbac22a56
evidence/ARRAY_W4A8_4X4__T2p0ns/reports/report_qor.rpt,2451,17d560ba33ca0dd51703da996c7ebfa86426a264e7da2333f2cfcc4dabb44f7e
evidence/ARRAY_W4A8_4X4__T2p0ns/reports/report_reference.rpt,7175,1777997ea1837fa75f3573df06a0d2bc234273a5c6f2e5fcc52325ce4cb7dd96
evidence/ARRAY_W4A8_4X4__T2p0ns/reports/report_resources.rpt,28216,797f3c25027dae46916fa7b74a55ed4217bc843e00636a003a06f346fe4cfa3e
evidence/ARRAY_W4A8_4X4__T2p0ns/reports/report_timing.rpt,174061,9c1f9e8dab9a35bd72d358a59058710ade53301132f02f8d4ea5c37513e14144
evidence/ARRAY_W4A8_4X4__T2p0ns/summary.kv,661,615c32497e982252b5d2d06523df7d1bf5e1684892311330bae98b97d859dcdc
evidence/ARRAY_W4A8_8X8__T0p9ns/reports/analyze.log,5478,51a44f76c3022a68992d18fd351a666e89a7a7560a0ef5e43a3454aec2c8eb76
evidence/ARRAY_W4A8_8X8__T0p9ns/reports/check_design_post.rpt,304,94bf7675a38cf2f7e109edbc8dc51e1112bf6d2b3427362c2e14197d434eaf38
evidence/ARRAY_W4A8_8X8__T0p9ns/reports/datapath_extraction.rpt,81,fc94336cfc33bd4b491043c0e555a003f3efd077ebf13655e80c792f0a53bd28
evidence/ARRAY_W4A8_8X8__T0p9ns/reports/report_area.rpt,1821,d01703453f7d472abcdf3e77ea5556ad7a8a50ada2c4f41617207460471f46e8
evidence/ARRAY_W4A8_8X8__T0p9ns/reports/report_constraints.rpt,779,947bb9b0151dacad1bc9fe681214964caf7a570d6308f18e5839dea91f54942d
evidence/ARRAY_W4A8_8X8__T0p9ns/reports/report_qor.rpt,2597,27b6a883c63136f660a7cca8096c5fd4cc7994d38f340f69fb753d64644231b2
evidence/ARRAY_W4A8_8X8__T0p9ns/reports/report_reference.rpt,7643,a26e796ee740d031bf84d4c6d2765aaaf93448a7ed64a604205921d57f75ae3f
evidence/ARRAY_W4A8_8X8__T0p9ns/reports/report_resources.rpt,110014,97c0cdd13b29b46157eba6452148440056446dde73cd990c9927b069ed964664
evidence/ARRAY_W4A8_8X8__T0p9ns/reports/report_timing.rpt,135348,91337c5e911686cbda20e42369aae6838af1a692ea5e793c3fcb2b6e8a741463
evidence/ARRAY_W4A8_8X8__T0p9ns/summary.kv,680,0d91352e8f54d77ec9b2665bf98903f186c614c6eecd529b944c8f74138b83cd
evidence/ARRAY_W4A8_8X8__T1p0ns/reports/analyze.log,5478,50aabbda86ee3c4d76a2ce93c3ea8f163bcc2933f758c355a45a963b8c9fce1d
evidence/ARRAY_W4A8_8X8__T1p0ns/reports/check_design_post.rpt,304,94bf7675a38cf2f7e109edbc8dc51e1112bf6d2b3427362c2e14197d434eaf38
evidence/ARRAY_W4A8_8X8__T1p0ns/reports/datapath_extraction.rpt,81,fc94336cfc33bd4b491043c0e555a003f3efd077ebf13655e80c792f0a53bd28
evidence/ARRAY_W4A8_8X8__T1p0ns/reports/report_area.rpt,1821,63735a095a201aa44a1a65d26d8118caf9e392ecba0357b985000a9aaa6d911a
evidence/ARRAY_W4A8_8X8__T1p0ns/reports/report_constraints.rpt,779,0a635296008d246b36da80ee8de8f2e664d2e3cb2148800eb6be9f5a29604edb
evidence/ARRAY_W4A8_8X8__T1p0ns/reports/report_qor.rpt,2597,395d91ecfef52d4e262d7d000ef12ed0f8da2a878f811eca858d3d5558f899c2
evidence/ARRAY_W4A8_8X8__T1p0ns/reports/report_reference.rpt,6606,860b134cfb0580eabf0b8afbe03c1d02a73dd478a1e7a1ff18be4534e3b65c54
evidence/ARRAY_W4A8_8X8__T1p0ns/reports/report_resources.rpt,110014,41678b2ca937e7b0ac503d72381378d568f3b2154d9040a3115e6a6e8c9d20be
evidence/ARRAY_W4A8_8X8__T1p0ns/reports/report_timing.rpt,147828,73d0173a58d7000d1bfea98d140edc42a8fe451b9bcd4c0b9ed19f7f6776fd4c
evidence/ARRAY_W4A8_8X8__T1p0ns/summary.kv,671,2b4809d8e2eac36788eb044b2d392440f2ca832dfcc8c115452171af4889d3fe
evidence/ARRAY_W4A8_8X8__T2p0ns/reports/analyze.log,5478,e23f25ba0ee8b8a52180908421edb53c4f9cfe49d8ab731becfdac0c784ab194
evidence/ARRAY_W4A8_8X8__T2p0ns/reports/check_design_post.rpt,304,94bf7675a38cf2f7e109edbc8dc51e1112bf6d2b3427362c2e14197d434eaf38
evidence/ARRAY_W4A8_8X8__T2p0ns/reports/datapath_extraction.rpt,81,fc94336cfc33bd4b491043c0e555a003f3efd077ebf13655e80c792f0a53bd28
evidence/ARRAY_W4A8_8X8__T2p0ns/reports/report_area.rpt,2033,59f99b1da8ecb2bc2777c431d7897af9176f5604cbb3525f9ee1a08bfe6a4ec4
evidence/ARRAY_W4A8_8X8__T2p0ns/reports/report_constraints.rpt,276597,0f351a8aa83cbe147c34117355917e22e6981a4cf3eacfaa71e38fe6bea3563a
evidence/ARRAY_W4A8_8X8__T2p0ns/reports/report_qor.rpt,2601,d1b78d9fd708d0919038fb2075eca18643883725d8974dc30d773e277b0cf5d5
evidence/ARRAY_W4A8_8X8__T2p0ns/reports/report_reference.rpt,7175,ee7e860565d9ff2d57077e0d7444480a1dec0081b9eb7bfa8b8d936ae7aa77bc
evidence/ARRAY_W4A8_8X8__T2p0ns/reports/report_resources.rpt,110219,031ecbe823d4e4a075417158d9df3b6e459e48d8df2b4e8623155dd8e5c7e609
evidence/ARRAY_W4A8_8X8__T2p0ns/reports/report_timing.rpt,174132,b4a4641bf973ac0bc159128002ef9afd76801905524fbc9306a6be0d85cfb568
evidence/ARRAY_W4A8_8X8__T2p0ns/summary.kv,662,af53cbb14529b63ffb99730bc071e0a09cd319a06d8183ee00ef338bf214b828
evidence/ARRAY_W8A8_16X16__T0p9ns/reports/analyze.log,14137,19b895e931971bc17e58557961244ee2df37bd662de4e94a4854167a528efb32
evidence/ARRAY_W8A8_16X16__T0p9ns/reports/check_design_post.rpt,304,94bf7675a38cf2f7e109edbc8dc51e1112bf6d2b3427362c2e14197d434eaf38
evidence/ARRAY_W8A8_16X16__T0p9ns/reports/datapath_extraction.rpt,81,fc94336cfc33bd4b491043c0e555a003f3efd077ebf13655e80c792f0a53bd28
evidence/ARRAY_W8A8_16X16__T0p9ns/reports/report_area.rpt,1836,867a965aa66767f48441c95b66c61c3e095cc16ba71156e1ee501ff8b832f4b1
evidence/ARRAY_W8A8_16X16__T0p9ns/reports/report_constraints.rpt,779,4b3cb3eff82181c5211c38d2c2e90292ce06f618d0eee627ca6446809a4505e1
evidence/ARRAY_W8A8_16X16__T0p9ns/reports/report_qor.rpt,2597,518a6c8cf9302e5658209c824490e05491097942194dd56e23f7e1d7c3aa7cea
evidence/ARRAY_W8A8_16X16__T0p9ns/reports/report_reference.rpt,8866,2644efe187b7c0e0fe5beb06e351622fd09253b6d9ccc5876de97c5671630270
evidence/ARRAY_W8A8_16X16__T0p9ns/reports/report_resources.rpt,436990,8748cce8f0bdac3bd78226e784a9cc72ff84dde68f59d851be51e5cfb9b1c03f
evidence/ARRAY_W8A8_16X16__T0p9ns/reports/report_timing.rpt,135762,aa190fc99567d7a8b38d24f7c92d164ca5500905018835fb8953df5e5c44588d
evidence/ARRAY_W8A8_16X16__T0p9ns/summary.kv,684,656d62b851befef63868edfde3be0e71aceb8f29883a3a99805345f84e0dc0e3
evidence/ARRAY_W8A8_16X16__T1p0ns/reports/analyze.log,14137,deefca606bb12adfdf0064ce4b823ba6d0fc24928fd8a4a4a6723cfc88774209
evidence/ARRAY_W8A8_16X16__T1p0ns/reports/check_design_post.rpt,304,94bf7675a38cf2f7e109edbc8dc51e1112bf6d2b3427362c2e14197d434eaf38
evidence/ARRAY_W8A8_16X16__T1p0ns/reports/datapath_extraction.rpt,81,fc94336cfc33bd4b491043c0e555a003f3efd077ebf13655e80c792f0a53bd28
evidence/ARRAY_W8A8_16X16__T1p0ns/reports/report_area.rpt,1836,f3c5fa537f0142d3c007b2ba7530b1275b66c8f1050650531d37e642a7604b1b
evidence/ARRAY_W8A8_16X16__T1p0ns/reports/report_constraints.rpt,779,57bcf18172bcf205055acfb7e7a82685bc2704cf3192f92b3c8a9c772a221640
evidence/ARRAY_W8A8_16X16__T1p0ns/reports/report_qor.rpt,2597,c006aaa12ca8d9eee672d634701b14e8ed8b8fc9b9c443367c04a3092d9c7cd3
evidence/ARRAY_W8A8_16X16__T1p0ns/reports/report_reference.rpt,7820,0e49345c07cc8439cfea66c2ee03635aaa885ebae292425973555aac8d28b5cc
evidence/ARRAY_W8A8_16X16__T1p0ns/reports/report_resources.rpt,436990,e42720fb7ed4a859bb3d15c6c44769a9b8dd284a43d6d45fc8469694750e885e
evidence/ARRAY_W8A8_16X16__T1p0ns/reports/report_timing.rpt,147298,c59e544dc219d53b3782f018d38df6f4bfa29f1ec55f2f7c96e1a94cd6db2c0f
evidence/ARRAY_W8A8_16X16__T1p0ns/summary.kv,676,9cc648b4a3f1e80cb65d6e81d4a171c52ac47deb34a5b093eeb886463d9e410a
evidence/ARRAY_W8A8_16X16__T2p0ns/reports/analyze.log,14137,b52dd6d12534676ab4462f9c4bdcb596cbb1e87172ce680462edc619111c5c2f
evidence/ARRAY_W8A8_16X16__T2p0ns/reports/check_design_post.rpt,304,94bf7675a38cf2f7e109edbc8dc51e1112bf6d2b3427362c2e14197d434eaf38
evidence/ARRAY_W8A8_16X16__T2p0ns/reports/datapath_extraction.rpt,81,fc94336cfc33bd4b491043c0e555a003f3efd077ebf13655e80c792f0a53bd28
evidence/ARRAY_W8A8_16X16__T2p0ns/reports/report_area.rpt,2056,2ecd5857591e78c40140845477c03c05b8b2c8393d390f7378a6e62ba2a92eda
evidence/ARRAY_W8A8_16X16__T2p0ns/reports/report_constraints.rpt,642399,a2faf78af6614ecd1f05f77e9eb84e3b901640c15642057248bfdda91a1f3b4d
evidence/ARRAY_W8A8_16X16__T2p0ns/reports/report_qor.rpt,2601,cb1fd891f45d1c3654dd92445e36afb3c7609c46a14c3a169a5af42bf507764d
evidence/ARRAY_W8A8_16X16__T2p0ns/reports/report_reference.rpt,7859,46a79ed474249735057ccd67deba94a720843d91a2697633f2de8e4a391b5f15
evidence/ARRAY_W8A8_16X16__T2p0ns/reports/report_resources.rpt,437197,a36cac94f019e05725816a3dd6f3e18023cdc1b41d315f7dbede53cfe0965824
evidence/ARRAY_W8A8_16X16__T2p0ns/reports/report_timing.rpt,185664,73545e1168e584efc4e77a7fa55295c347efcb7025c33ec8de483d6288a0ea0d
evidence/ARRAY_W8A8_16X16__T2p0ns/summary.kv,666,bb8052bc6693aa9371e0181f5b827dd96119fbaf8b56616d24b3ffed1641ccd2
evidence/ARRAY_W8A8_4X4__T0p9ns/reports/analyze.log,4294,2c9325ef587c8392745423c4f4c697db2911e9280618808d4bfb2e81fb01b975
evidence/ARRAY_W8A8_4X4__T0p9ns/reports/check_design_post.rpt,304,94bf7675a38cf2f7e109edbc8dc51e1112bf6d2b3427362c2e14197d434eaf38
evidence/ARRAY_W8A8_4X4__T0p9ns/reports/datapath_extraction.rpt,81,fc94336cfc33bd4b491043c0e555a003f3efd077ebf13655e80c792f0a53bd28
evidence/ARRAY_W8A8_4X4__T0p9ns/reports/report_area.rpt,1813,7bf76b4c725c524de4d67b119f2ee0faecda68bf962bdd9a53ac9bc4da0d66e8
evidence/ARRAY_W8A8_4X4__T0p9ns/reports/report_constraints.rpt,779,5924e8943c9a79bc37aac1bcd39b029d54c041cf99596dff2ab00dc6be0db503
evidence/ARRAY_W8A8_4X4__T0p9ns/reports/report_qor.rpt,2449,10dfcc971bbaaac69e436a8fdc40d3eb6297755ea994845432cc829ef365787f
evidence/ARRAY_W8A8_4X4__T0p9ns/reports/report_reference.rpt,9029,367b5dd2d218007190edac35b6f577045164f4c71b7454c3687699f3c1ffe611
evidence/ARRAY_W8A8_4X4__T0p9ns/reports/report_resources.rpt,28267,ef3e7ec1c30266e2150310c987e6e4eb5af007e56e3458066bcaf5c44bf86f2f
evidence/ARRAY_W8A8_4X4__T0p9ns/reports/report_timing.rpt,131821,da637036528e07059bf45785f2b2a8b9227f699548b93e1b808fd11078eaa021
evidence/ARRAY_W8A8_4X4__T0p9ns/summary.kv,678,bbc281d73208bffc8a77dc9847b3e53a8e671803af71510d69f0f15112a14a25
evidence/ARRAY_W8A8_4X4__T1p0ns/reports/analyze.log,4294,f5140fe341f344721050e223339f2e375fdd5fb6506b82fd0922104bd52f12e5
evidence/ARRAY_W8A8_4X4__T1p0ns/reports/check_design_post.rpt,304,94bf7675a38cf2f7e109edbc8dc51e1112bf6d2b3427362c2e14197d434eaf38
evidence/ARRAY_W8A8_4X4__T1p0ns/reports/datapath_extraction.rpt,81,fc94336cfc33bd4b491043c0e555a003f3efd077ebf13655e80c792f0a53bd28
evidence/ARRAY_W8A8_4X4__T1p0ns/reports/report_area.rpt,1813,1433d821ad09d6919695d694179aac73596f3ffb0c6f213cc111646bf639980c
evidence/ARRAY_W8A8_4X4__T1p0ns/reports/report_constraints.rpt,779,f2b95fc8b3f20c322810be669a3b8697f098cfdd487845231ea2ff4b8c83bc34
evidence/ARRAY_W8A8_4X4__T1p0ns/reports/report_qor.rpt,2449,19885b1e037378b5bca26a2cc22660fcc3979a4e719a1d3c7b463d97bcba22d2
evidence/ARRAY_W8A8_4X4__T1p0ns/reports/report_reference.rpt,6257,c61b10396df04bc5751cb7b7d180ead0e65edc6b28703ea2c43617204ca97372
evidence/ARRAY_W8A8_4X4__T1p0ns/reports/report_resources.rpt,28267,f3068e3df87a6bb4c99c9fea7fd2dc3f67910f993d0c086c938309917c1f7bfd
evidence/ARRAY_W8A8_4X4__T1p0ns/reports/report_timing.rpt,147949,ca3d1649d13a82958d76c4e7a1484d9f63b5873bd5bb39ca5a300faeb9473439
evidence/ARRAY_W8A8_4X4__T1p0ns/summary.kv,670,78d1720659c726adbc54803a529526a036aaa609aed485ce373800355bbf1976
evidence/ARRAY_W8A8_4X4__T2p0ns/reports/analyze.log,4294,acf020456f9451e0acf3616b511ea38e4b30523538d2b847ec056befc8681da5
evidence/ARRAY_W8A8_4X4__T2p0ns/reports/check_design_post.rpt,304,94bf7675a38cf2f7e109edbc8dc51e1112bf6d2b3427362c2e14197d434eaf38
evidence/ARRAY_W8A8_4X4__T2p0ns/reports/datapath_extraction.rpt,81,fc94336cfc33bd4b491043c0e555a003f3efd077ebf13655e80c792f0a53bd28
evidence/ARRAY_W8A8_4X4__T2p0ns/reports/report_area.rpt,2024,3211e5b90fe4d122f4bb069442b328b767c8b0bdb89586e650abea2ec371be56
evidence/ARRAY_W8A8_4X4__T2p0ns/reports/report_constraints.rpt,33075,30fb6d4077853fdbe06b666d84fd6d00eb8fbdc25d7c3e8e97d8ed65939bd2e8
evidence/ARRAY_W8A8_4X4__T2p0ns/reports/report_qor.rpt,2451,6df3a70da864a4eee53249d984bd9d4c93c4ac68ac1f557a2774300a65dd42f8
evidence/ARRAY_W8A8_4X4__T2p0ns/reports/report_reference.rpt,6655,b052c05d83dfb6b7bb43bf6b0eda5dd4cc064ce96eb095e5c1d5a9ce6e1fabc7
evidence/ARRAY_W8A8_4X4__T2p0ns/reports/report_resources.rpt,28472,05e91c3ba3b507d79f39e558fa3fa9942b86f82744c77b54425f07f4b1b584bb
evidence/ARRAY_W8A8_4X4__T2p0ns/reports/report_timing.rpt,185581,61aabb3aae1f781855c2b85ea56049cd4b40b0c88d3b134af6d3613eec3df62e
evidence/ARRAY_W8A8_4X4__T2p0ns/summary.kv,663,11a8cbdac4339360cbec70a7ac578840a117c0a92f74d32f822447f827e0559d
evidence/ARRAY_W8A8_8X8__T0p9ns/reports/analyze.log,6210,ba410e21c8c30880e039962b1cdbc4b01ea135f50cd63e4fda47bc0f925c46f4
evidence/ARRAY_W8A8_8X8__T0p9ns/reports/check_design_post.rpt,304,94bf7675a38cf2f7e109edbc8dc51e1112bf6d2b3427362c2e14197d434eaf38
evidence/ARRAY_W8A8_8X8__T0p9ns/reports/datapath_extraction.rpt,81,fc94336cfc33bd4b491043c0e555a003f3efd077ebf13655e80c792f0a53bd28
evidence/ARRAY_W8A8_8X8__T0p9ns/reports/report_area.rpt,1829,270b32e304f0badaf8ec1e1a33ba6f9b54e7e891c9ab5d65d82b3a17d03d9006
evidence/ARRAY_W8A8_8X8__T0p9ns/reports/report_constraints.rpt,1141,0cb4e2d30d8cbfedbd1d24542c49bd32126a2c7b73490a1726d5840e7a9c465e
evidence/ARRAY_W8A8_8X8__T0p9ns/reports/report_qor.rpt,2597,e6438424f277dce5d05dc0888a413884bd6c356647c1b8f828522f3f753f4cbf
evidence/ARRAY_W8A8_8X8__T0p9ns/reports/report_reference.rpt,9035,86d8ffc0b6ff30c9c99824d8abba4d7d3b4a90056d8a34fc36d45cdd87462fe8
evidence/ARRAY_W8A8_8X8__T0p9ns/reports/report_resources.rpt,110014,3c8f7cc7b451c288c062d308497ece70fe83017a3d344abb7cc6c74ad18b1f05
evidence/ARRAY_W8A8_8X8__T0p9ns/reports/report_timing.rpt,133812,36696a335125a01e27c366bb142c5076e9f637c222d914e067aecbb08ea0df26
evidence/ARRAY_W8A8_8X8__T0p9ns/summary.kv,679,6bbc3fe5fdd05d775b0be75aba921b2575476e1653cfb327b49cc3fe4c740312
evidence/ARRAY_W8A8_8X8__T1p0ns/reports/analyze.log,6210,b5c5a20b41a231189330de7863b7f64c57edacdd356e1a169640562f69704c56
evidence/ARRAY_W8A8_8X8__T1p0ns/reports/check_design_post.rpt,304,94bf7675a38cf2f7e109edbc8dc51e1112bf6d2b3427362c2e14197d434eaf38
evidence/ARRAY_W8A8_8X8__T1p0ns/reports/datapath_extraction.rpt,81,fc94336cfc33bd4b491043c0e555a003f3efd077ebf13655e80c792f0a53bd28
evidence/ARRAY_W8A8_8X8__T1p0ns/reports/report_area.rpt,1829,4dad56021635103c712d51e623b32e61879d404684a5c28dbcb9e2de37d72ef0
evidence/ARRAY_W8A8_8X8__T1p0ns/reports/report_constraints.rpt,779,3786ffd095fbabe35b872291fd0576bed229b938e60afa717ae8e837c2e90c67
evidence/ARRAY_W8A8_8X8__T1p0ns/reports/report_qor.rpt,2597,b2fe432fe850ad5b4904cf49f84ad54031ce086bc475bc4c53df83d80a7f1f8d
evidence/ARRAY_W8A8_8X8__T1p0ns/reports/report_reference.rpt,7121,f9fb54b422461004d82ba67b089e545f7cd6562d31b49b9b28e2fb3da050e8aa
evidence/ARRAY_W8A8_8X8__T1p0ns/reports/report_resources.rpt,110014,a6b93b0d03f60818ecbc3081153285e678f448fae3582a79c1999f49954c0695
evidence/ARRAY_W8A8_8X8__T1p0ns/reports/report_timing.rpt,150324,9fce62ad4e22a1443826ed831907b2345135d5c922a20d93ed55b23ad456ba6e
evidence/ARRAY_W8A8_8X8__T1p0ns/summary.kv,669,43dfc4e152a4b8bcdb7b9d87b34ce455897700d566faa93486e85b91f99c695c
evidence/ARRAY_W8A8_8X8__T2p0ns/reports/analyze.log,6210,26d3dea632cedc5e833c1e91e6ca75b88619001e2a177dd27912e944e4638c70
evidence/ARRAY_W8A8_8X8__T2p0ns/reports/check_design_post.rpt,304,94bf7675a38cf2f7e109edbc8dc51e1112bf6d2b3427362c2e14197d434eaf38
evidence/ARRAY_W8A8_8X8__T2p0ns/reports/datapath_extraction.rpt,81,fc94336cfc33bd4b491043c0e555a003f3efd077ebf13655e80c792f0a53bd28
evidence/ARRAY_W8A8_8X8__T2p0ns/reports/report_area.rpt,2042,14dbefae8e73b3773cb98731436e09ef4e5fd0a2d4fa38882a3e9a559cbbbe04
evidence/ARRAY_W8A8_8X8__T2p0ns/reports/report_constraints.rpt,174829,43be8580da87b90490067a9ebe1fae94a18069812eb94e11a26a0562f76aaa33
evidence/ARRAY_W8A8_8X8__T2p0ns/reports/report_qor.rpt,2601,e37c71b383b4bd7b9ea1ec888f11102c61f8c6d729d00e8e681a93eae1624114
evidence/ARRAY_W8A8_8X8__T2p0ns/reports/report_reference.rpt,6999,4123205495955fd53c831a2ac972ebebe9e9db36436ff0f2ce3dbceeaeb614ae
evidence/ARRAY_W8A8_8X8__T2p0ns/reports/report_resources.rpt,110219,d69b0437b2a70f44a76a4b4294b1efa9b592996d9fb388d86b4058c8a3f64041
evidence/ARRAY_W8A8_8X8__T2p0ns/reports/report_timing.rpt,185652,99830fcba216c84cd31ef2a19c2dbe1cdaf36474f68c20414d190a758793ddf9
evidence/ARRAY_W8A8_8X8__T2p0ns/summary.kv,664,f84d8eed4ddb573db001da728520add497afbafc0bccc60cb02bccbffe9095c4
evidence/ASYM_ZP_SCALE_I4_L16__T0p9ns/reports/analyze.log,3103,6c6b7d4ae324d8b36a978de05cb098cf191828f42a185e69926c2450aec92269
evidence/ASYM_ZP_SCALE_I4_L16__T0p9ns/reports/check_design_post.rpt,304,94bf7675a38cf2f7e109edbc8dc51e1112bf6d2b3427362c2e14197d434eaf38
evidence/ASYM_ZP_SCALE_I4_L16__T0p9ns/reports/datapath_extraction.rpt,81,fc94336cfc33bd4b491043c0e555a003f3efd077ebf13655e80c792f0a53bd28
evidence/ASYM_ZP_SCALE_I4_L16__T0p9ns/reports/report_area.rpt,1813,f61652d61d5eaa17500f9d38046cc209c93164d199e027135dec9ca24a1cf68b
evidence/ASYM_ZP_SCALE_I4_L16__T0p9ns/reports/report_constraints.rpt,779,cd59c0875a65e1737e35c1d653301d9c0c90160a17966b0df11e66e18bac2c28
evidence/ASYM_ZP_SCALE_I4_L16__T0p9ns/reports/report_qor.rpt,2449,638edcc8d0457bc56462049715e63b6b9974b18e59e391a3383964beb2466dd1
evidence/ASYM_ZP_SCALE_I4_L16__T0p9ns/reports/report_reference.rpt,10227,f89a40131ff0e911fd315e5eb1b63668be62e0c23f07a6ca60cc105e54f0c79f
evidence/ASYM_ZP_SCALE_I4_L16__T0p9ns/reports/report_resources.rpt,28235,6000f9e863fe0f5fdb11a1904267aa1187a4d7437f669b378c005a4838e5ce18
evidence/ASYM_ZP_SCALE_I4_L16__T0p9ns/reports/report_timing.rpt,120620,df9763638b9fa002f367189bb0a9dd264adc1706a6d578eb9fbbb29292524158
evidence/ASYM_ZP_SCALE_I4_L16__T0p9ns/summary.kv,684,2ecd446e4c12629e84e8dc3f84f96239096a0b4d5ffc398ade8aa3fdd6d5bdab
evidence/ASYM_ZP_SCALE_I4_L16__T1p0ns/reports/analyze.log,3103,f26f7fa7dd9d55f78d9db9aa9cf116b18ff844f7dac8d3aba75a1319065a5907
evidence/ASYM_ZP_SCALE_I4_L16__T1p0ns/reports/check_design_post.rpt,304,94bf7675a38cf2f7e109edbc8dc51e1112bf6d2b3427362c2e14197d434eaf38
evidence/ASYM_ZP_SCALE_I4_L16__T1p0ns/reports/datapath_extraction.rpt,81,fc94336cfc33bd4b491043c0e555a003f3efd077ebf13655e80c792f0a53bd28
evidence/ASYM_ZP_SCALE_I4_L16__T1p0ns/reports/report_area.rpt,1813,1c0b3ee99651ff1412cc6ec54156bf08643a9cafedf8af9dcb09e0346885c2dd
evidence/ASYM_ZP_SCALE_I4_L16__T1p0ns/reports/report_constraints.rpt,779,d8fccb10263ab9e5150d4cf08649b8aa9a7515be025b6585dada22a62d594e18
evidence/ASYM_ZP_SCALE_I4_L16__T1p0ns/reports/report_qor.rpt,2449,ba2592dcc9de12a7605c323494b14d9bb4002ff861e0ab67c07d3b71f3d0bca1
evidence/ASYM_ZP_SCALE_I4_L16__T1p0ns/reports/report_reference.rpt,8152,cd1fb42d34a261403ca0d7601cec9d3384a126c5399b3ba356462d287fd5ab93
evidence/ASYM_ZP_SCALE_I4_L16__T1p0ns/reports/report_resources.rpt,28235,65ba91bfa0afcd21687032d99a65c890387de6d4519f511632ca69f44e4d638d
evidence/ASYM_ZP_SCALE_I4_L16__T1p0ns/reports/report_timing.rpt,117585,bf2a0bb21f5e0443c29973a2c2605cb06b6be6df2922a4c9a3562f250df84c81
evidence/ASYM_ZP_SCALE_I4_L16__T1p0ns/summary.kv,676,24e7cd3741cb7ab9880e4cb40e2874269c57fcacd553a1ad9309dfd450218159
evidence/ASYM_ZP_SCALE_I4_L16__T2p0ns/reports/analyze.log,3103,1fc057543a1cf892714d52bae79b5a190df4c830d1e207854c60de6426516296
evidence/ASYM_ZP_SCALE_I4_L16__T2p0ns/reports/check_design_post.rpt,304,94bf7675a38cf2f7e109edbc8dc51e1112bf6d2b3427362c2e14197d434eaf38
evidence/ASYM_ZP_SCALE_I4_L16__T2p0ns/reports/datapath_extraction.rpt,81,fc94336cfc33bd4b491043c0e555a003f3efd077ebf13655e80c792f0a53bd28
evidence/ASYM_ZP_SCALE_I4_L16__T2p0ns/reports/report_area.rpt,1806,bf8426e96dc51bb15cbc6ae1e9ad0a2b84281e015afcb2d9005996c715a2b577
evidence/ASYM_ZP_SCALE_I4_L16__T2p0ns/reports/report_constraints.rpt,779,68ad5d71a2d9421462c7fd484f56636777dc37c1c96ad150d8a9749f970c097b
evidence/ASYM_ZP_SCALE_I4_L16__T2p0ns/reports/report_qor.rpt,2449,fa59e5c1ef19674bf3c934d53deb1f4e3f9027fc2620807730a27f97199a9577
evidence/ASYM_ZP_SCALE_I4_L16__T2p0ns/reports/report_reference.rpt,3312,bd1ceb7b7a00d8419dca60a5a9066179f95255fe88f8a77fa2d33c2d1a89f4c5
evidence/ASYM_ZP_SCALE_I4_L16__T2p0ns/reports/report_resources.rpt,28235,91fd962f629396773a9c0baf0ff64f510a9e2bf95b431a4e71ccbb12c5817fb3
evidence/ASYM_ZP_SCALE_I4_L16__T2p0ns/reports/report_timing.rpt,117204,205e710421ff7e18f45c7dc740893fdc8cd60701f0b590243be34ef7e69b7f60
evidence/ASYM_ZP_SCALE_I4_L16__T2p0ns/summary.kv,669,e4ee942028bf12458680e13efb122a353b4fa1bcf7f8eebab4444ee699af323f
evidence/FP_MAC_BF16_E8M7__T0p9ns/reports/analyze.log,2917,a4ef6264af971280baacc8c4ec8615ec6ac46c229f974a584c9b950272402bdc
evidence/FP_MAC_BF16_E8M7__T0p9ns/reports/check_design_post.rpt,304,94bf7675a38cf2f7e109edbc8dc51e1112bf6d2b3427362c2e14197d434eaf38
evidence/FP_MAC_BF16_E8M7__T0p9ns/reports/datapath_extraction.rpt,81,fc94336cfc33bd4b491043c0e555a003f3efd077ebf13655e80c792f0a53bd28
evidence/FP_MAC_BF16_E8M7__T0p9ns/reports/report_area.rpt,1813,9ea54adde8a06436a23f693df3a0b7817a56e9a97590fb1c2f8fc116f75e5e1b
evidence/FP_MAC_BF16_E8M7__T0p9ns/reports/report_constraints.rpt,2662,99c114bac4db66660d7e86ef528939ffb6c4ae783883b6d01cf296f110c5c42f
evidence/FP_MAC_BF16_E8M7__T0p9ns/reports/report_qor.rpt,2450,d4c484cf46a355f97e7edf83b95ef20e8455876be40c2d6ce448ceefe4b3a6b2
evidence/FP_MAC_BF16_E8M7__T0p9ns/reports/report_reference.rpt,25125,a108477699cd1d56d6f9beeb1ec939eb3ddf03929e5284176ed526f055f21113
evidence/FP_MAC_BF16_E8M7__T0p9ns/reports/report_resources.rpt,15817,047876e8307d741c0a7ba76e65997836855ec08633d7b8162bb341575d8625b8
evidence/FP_MAC_BF16_E8M7__T0p9ns/reports/report_timing.rpt,231034,8f7ff200761bb6e0f391dbb0a187eb8e8731096ceef3c2ce889f455b5453dd1d
evidence/FP_MAC_BF16_E8M7__T0p9ns/summary.kv,674,c4eac157d16cec11204b32572f66314ba368c6d3b74ef0202e8a954857e7600e
evidence/FP_MAC_BF16_E8M7__T1p0ns/reports/analyze.log,2917,b4ff6f63a5db0cd18c7be4199f0471d866197fe8c63c7150990128adc420e931
evidence/FP_MAC_BF16_E8M7__T1p0ns/reports/check_design_post.rpt,304,94bf7675a38cf2f7e109edbc8dc51e1112bf6d2b3427362c2e14197d434eaf38
evidence/FP_MAC_BF16_E8M7__T1p0ns/reports/datapath_extraction.rpt,81,fc94336cfc33bd4b491043c0e555a003f3efd077ebf13655e80c792f0a53bd28
evidence/FP_MAC_BF16_E8M7__T1p0ns/reports/report_area.rpt,1813,bcf55b582d740c277d085dda5dfb99b2f491d03f6a045fb60174224c1c668bab
evidence/FP_MAC_BF16_E8M7__T1p0ns/reports/report_constraints.rpt,2662,086f7969bf60b51b738a70b58b42eb4badd936b305d6a1c6ee6acd153e2bc153
evidence/FP_MAC_BF16_E8M7__T1p0ns/reports/report_qor.rpt,2450,62d1a09695586f26f163d1ce5a4d6d4bc3cda4765308476be4cbef126fec697d
evidence/FP_MAC_BF16_E8M7__T1p0ns/reports/report_reference.rpt,25299,40517a7c32eed0f09ee6aa97f4be3f5331d8794e2be6263c3cc88e53a691dc4d
evidence/FP_MAC_BF16_E8M7__T1p0ns/reports/report_resources.rpt,15817,337eca81669d4eb3b739080fbd598a7bdc3219ca007f3a3afaf2c77d49fb8319
evidence/FP_MAC_BF16_E8M7__T1p0ns/reports/report_timing.rpt,238246,72d718da8641416c2356ff72f130afd7aafd0b54465c4cfa8c323514b848b1dd
evidence/FP_MAC_BF16_E8M7__T1p0ns/summary.kv,667,a863b354374323e98ec57eeb731dd97805a5fa25f22457f14ada847b84731fb0
evidence/FP_MAC_BF16_E8M7__T2p0ns/reports/analyze.log,2917,714aa6600c352fc2f4120838e7070a7f79aae495fb39f42230aa84fd2e24953a
evidence/FP_MAC_BF16_E8M7__T2p0ns/reports/check_design_post.rpt,304,94bf7675a38cf2f7e109edbc8dc51e1112bf6d2b3427362c2e14197d434eaf38
evidence/FP_MAC_BF16_E8M7__T2p0ns/reports/datapath_extraction.rpt,81,fc94336cfc33bd4b491043c0e555a003f3efd077ebf13655e80c792f0a53bd28
evidence/FP_MAC_BF16_E8M7__T2p0ns/reports/report_area.rpt,1806,5af8830a5055b17ab1975a31e354a66a237720afccfc02da9ba111c19fefac06
evidence/FP_MAC_BF16_E8M7__T2p0ns/reports/report_constraints.rpt,779,30646e7491a85d2da8cc866730faf3843c750725499fd48b0d1b3c9a76793bee
evidence/FP_MAC_BF16_E8M7__T2p0ns/reports/report_qor.rpt,2449,45d8252a0b4f1e403b574c93b1773686efee8074f5765f3dd5ec58ac3e76e281
evidence/FP_MAC_BF16_E8M7__T2p0ns/reports/report_reference.rpt,21676,736e469b252d159323e8d98ff6cd3eedb5fe8036a56eff0c7cf221c9a3e1a390
evidence/FP_MAC_BF16_E8M7__T2p0ns/reports/report_resources.rpt,13111,41836e19cc45af6b28c4bb503083279f5e08ee055a79bb3851abb7286e8f37a2
evidence/FP_MAC_BF16_E8M7__T2p0ns/reports/report_timing.rpt,312493,ccddbc70c683eb53efbbc7999ebbd9712e37f79028650a661f038639d59867b1
evidence/FP_MAC_BF16_E8M7__T2p0ns/summary.kv,671,4fdff7521799ccc36c9d0aa9abc07f6e3041c9f77b852ef65fad1d79112f4806
evidence/FP_MAC_FP16_E5M10__T0p9ns/reports/analyze.log,2925,ee7e8b9a5eedc4a0acec6ff5e83eefaeab27d2773309d8ad8653a27d8daf57a2
evidence/FP_MAC_FP16_E5M10__T0p9ns/reports/check_design_post.rpt,304,94bf7675a38cf2f7e109edbc8dc51e1112bf6d2b3427362c2e14197d434eaf38
evidence/FP_MAC_FP16_E5M10__T0p9ns/reports/datapath_extraction.rpt,81,fc94336cfc33bd4b491043c0e555a003f3efd077ebf13655e80c792f0a53bd28
evidence/FP_MAC_FP16_E5M10__T0p9ns/reports/report_area.rpt,1813,e862626bc68942c8033f12965014e5aeee518cc3e8f7b204b85b02bb3d80999c
evidence/FP_MAC_FP16_E5M10__T0p9ns/reports/report_constraints.rpt,2662,7b8830bae5c0715425b970acdde47237e8f6646fcd3a03876e2a5c9663332646
evidence/FP_MAC_FP16_E5M10__T0p9ns/reports/report_qor.rpt,2451,9a8d68f1ea8589cc5d213be469c766db15d6418caf1d58fcc90aff1525bebda5
evidence/FP_MAC_FP16_E5M10__T0p9ns/reports/report_reference.rpt,27381,cad4645edab44e1697d4f6c994162777787f6920c3da38bc5abf206d2be5f774
evidence/FP_MAC_FP16_E5M10__T0p9ns/reports/report_resources.rpt,19690,41988c47c1624f979bcb4d548aef440fe2cdb66d983b9afa7322fd4d9ba04df3
evidence/FP_MAC_FP16_E5M10__T0p9ns/reports/report_timing.rpt,334422,3024a74fa988cc9ab6995640035bb0e5985f75bae234fa6cb2fe3a02a1cd28fa
evidence/FP_MAC_FP16_E5M10__T0p9ns/summary.kv,675,512f0ecce1045461a6931e5ac9229ea995883b46a703df547aa983573b2678bc
evidence/FP_MAC_FP16_E5M10__T1p0ns/reports/analyze.log,2925,0ceade1a5b2334549533a2c5ba5b3b8516e4050af2c119d173fb459695d61b40
evidence/FP_MAC_FP16_E5M10__T1p0ns/reports/check_design_post.rpt,304,94bf7675a38cf2f7e109edbc8dc51e1112bf6d2b3427362c2e14197d434eaf38
evidence/FP_MAC_FP16_E5M10__T1p0ns/reports/datapath_extraction.rpt,81,fc94336cfc33bd4b491043c0e555a003f3efd077ebf13655e80c792f0a53bd28
evidence/FP_MAC_FP16_E5M10__T1p0ns/reports/report_area.rpt,1813,cf0f4b87f7c9faa2c750e48302147b6cd6963fe90901d4d66a977a4efab77a4b
evidence/FP_MAC_FP16_E5M10__T1p0ns/reports/report_constraints.rpt,2662,c5809ae3641bf33d3e9b3c65a12739d0b818279aa7b3e7acf4b4ced09d1e249b
evidence/FP_MAC_FP16_E5M10__T1p0ns/reports/report_qor.rpt,2451,9adcf02ecee4d15e139a065e0f220d6cdf6d7981c5f6373a656bd0ce7425abe9
evidence/FP_MAC_FP16_E5M10__T1p0ns/reports/report_reference.rpt,26858,5cc1952f854966110bc63bb34872babfcd94aa478d854fc2b6b9a6cba0c16f92
evidence/FP_MAC_FP16_E5M10__T1p0ns/reports/report_resources.rpt,19690,000ccead49203ba62c9f9cec1337df8a78fab2f0d121a34187d9521c44f5e78e
evidence/FP_MAC_FP16_E5M10__T1p0ns/reports/report_timing.rpt,311306,83de0d18fddb1ea8f7cc20753c53ac8a9da5712c2945b82a24a0eefb46cebc85
evidence/FP_MAC_FP16_E5M10__T1p0ns/summary.kv,668,f4cd3cc2fa6004b7419520b3e182576e2dd14e41057f893c2bd0e66c78cf2e23
evidence/FP_MAC_FP16_E5M10__T2p0ns/reports/analyze.log,2925,c588d276c1a38b7fb5e9607a77c2421946559bc817b0072c5c8f5f3b4fdb1024
evidence/FP_MAC_FP16_E5M10__T2p0ns/reports/check_design_post.rpt,304,94bf7675a38cf2f7e109edbc8dc51e1112bf6d2b3427362c2e14197d434eaf38
evidence/FP_MAC_FP16_E5M10__T2p0ns/reports/datapath_extraction.rpt,81,fc94336cfc33bd4b491043c0e555a003f3efd077ebf13655e80c792f0a53bd28
evidence/FP_MAC_FP16_E5M10__T2p0ns/reports/report_area.rpt,1813,afd6bfd22752d9b5861b9e42edc254d57b85b01260a295b118117b09db2dc215
evidence/FP_MAC_FP16_E5M10__T2p0ns/reports/report_constraints.rpt,779,ecc02f399e4eb6ffa28a0769372d109a931b5f1b1cd9f061bfd735bce78e8df6
evidence/FP_MAC_FP16_E5M10__T2p0ns/reports/report_qor.rpt,2449,48cdf20cd86a85f8404d37a25c21d17993c99bfbadb427acca360e535c6fb649
evidence/FP_MAC_FP16_E5M10__T2p0ns/reports/report_reference.rpt,21673,e3edefca18cf87906bb550867af60855ae693efde926fb54d824eb806ef1f710
evidence/FP_MAC_FP16_E5M10__T2p0ns/reports/report_resources.rpt,19690,238788102ad4f1e658ac444f50c8794e4082a65257559247bf6b99f67f38baf9
evidence/FP_MAC_FP16_E5M10__T2p0ns/reports/report_timing.rpt,323108,3f5f8ea00fe005e0696db285ffdaf729e75c9a77b509c1288a3d061c998d84a0
evidence/FP_MAC_FP16_E5M10__T2p0ns/summary.kv,671,02e5ef51be62511cfffbe2d48f978d5e5f30833cbe7f230c7c768fdbdb4e2747
evidence/FP_MAC_FP4_E2M1__T0p9ns/reports/analyze.log,3214,d4030c11f0e8fb66cf8abea2cfff227bdb3d14f7c654fb577c4f5bb41b41ae1b
evidence/FP_MAC_FP4_E2M1__T0p9ns/reports/check_design_post.rpt,304,94bf7675a38cf2f7e109edbc8dc51e1112bf6d2b3427362c2e14197d434eaf38
evidence/FP_MAC_FP4_E2M1__T0p9ns/reports/datapath_extraction.rpt,81,fc94336cfc33bd4b491043c0e555a003f3efd077ebf13655e80c792f0a53bd28
evidence/FP_MAC_FP4_E2M1__T0p9ns/reports/report_area.rpt,1806,cc6158d7395bf51636192fdea02e3cc01116a83f0a6a9f3a5e28b2649264c1c4
evidence/FP_MAC_FP4_E2M1__T0p9ns/reports/report_constraints.rpt,779,5cf0460e88a49eb14eb44edf08b22da67ab172315e499857cb8355392b0f163b
evidence/FP_MAC_FP4_E2M1__T0p9ns/reports/report_qor.rpt,2449,30f9f3174c772aa5ffc032315df258b92ad7d36b7c57b451b4999bcf2ee8c93f
evidence/FP_MAC_FP4_E2M1__T0p9ns/reports/report_reference.rpt,19413,2158c387a673baf75fc48549fc99dd3f23373da2ffb070d480d01553e001fe18
evidence/FP_MAC_FP4_E2M1__T0p9ns/reports/report_resources.rpt,12305,fdec91bbe4438c68ecdd086c4a22b0a8bc19bce8e0c90c4f5ab07abb86fefe43
evidence/FP_MAC_FP4_E2M1__T0p9ns/reports/report_timing.rpt,179778,b6a3526626831421483c06954e236bb1ba444ae862148b6b850c04ad37ff76fb
evidence/FP_MAC_FP4_E2M1__T0p9ns/summary.kv,678,abc59398f7c42209787e4f69fa965423dfc7e0c3a29ef520e1013870d8ab6ced
evidence/FP_MAC_FP4_E2M1__T1p0ns/reports/analyze.log,3214,0498b5a4dc69399e1694ba548a0543564730fa963ca816090ed2491648bc90f9
evidence/FP_MAC_FP4_E2M1__T1p0ns/reports/check_design_post.rpt,304,94bf7675a38cf2f7e109edbc8dc51e1112bf6d2b3427362c2e14197d434eaf38
evidence/FP_MAC_FP4_E2M1__T1p0ns/reports/datapath_extraction.rpt,81,fc94336cfc33bd4b491043c0e555a003f3efd077ebf13655e80c792f0a53bd28
evidence/FP_MAC_FP4_E2M1__T1p0ns/reports/report_area.rpt,1806,b5c56ee24bcafbede5f0c02d6fca2781116121feafcf7d311fdce2c3b78a9223
evidence/FP_MAC_FP4_E2M1__T1p0ns/reports/report_constraints.rpt,779,c4548134d7f11af89080faee887a61c21d8ac73ed8f29b0f9b73170e428bcaad
evidence/FP_MAC_FP4_E2M1__T1p0ns/reports/report_qor.rpt,2449,b70a6abc948fac1ddadccfe6e946b1826bb0b3fb5a60168757b3d6560190f0ad
evidence/FP_MAC_FP4_E2M1__T1p0ns/reports/report_reference.rpt,16810,fb371009ea5fd2ac9d1cd22f70fe099b373890485de411332211f6018a85e371
evidence/FP_MAC_FP4_E2M1__T1p0ns/reports/report_resources.rpt,12305,6e2d22805c10f3771eb7917714f9110e7f868d70018f3de7b44edf7a48a1b499
evidence/FP_MAC_FP4_E2M1__T1p0ns/reports/report_timing.rpt,183643,ea7b638de7359285867c20226e3bc2f8be423c15884337d57e39c6100a842252
evidence/FP_MAC_FP4_E2M1__T1p0ns/summary.kv,671,c000d0c03ac63698cd165340910cba612d14a77a6eb3df3609aef09137c05923
evidence/FP_MAC_FP4_E2M1__T2p0ns/reports/analyze.log,3214,53bda70dae0ae8c2a710544bfcbdb66856dd61ffdfb1987a79ce8c1d83ad83e6
evidence/FP_MAC_FP4_E2M1__T2p0ns/reports/check_design_post.rpt,304,94bf7675a38cf2f7e109edbc8dc51e1112bf6d2b3427362c2e14197d434eaf38
evidence/FP_MAC_FP4_E2M1__T2p0ns/reports/datapath_extraction.rpt,81,fc94336cfc33bd4b491043c0e555a003f3efd077ebf13655e80c792f0a53bd28
evidence/FP_MAC_FP4_E2M1__T2p0ns/reports/report_area.rpt,1806,07dcd8abeb3adf082664971339d6fe598e16ed568658674f76d0e7c955aed869
evidence/FP_MAC_FP4_E2M1__T2p0ns/reports/report_constraints.rpt,779,8525e250ca4964afc89f5cb9faa35b6c60e585124a10a6d6b738377c99cf579e
evidence/FP_MAC_FP4_E2M1__T2p0ns/reports/report_qor.rpt,2449,ab0299be29e59d3308cfc10bb14de557372ea07782a1d81c6306c44734eb8c64
evidence/FP_MAC_FP4_E2M1__T2p0ns/reports/report_reference.rpt,6780,34d8fecc42a22439c01ac165d306d01c1358b747c96e17665ab7bb6c7165904a
evidence/FP_MAC_FP4_E2M1__T2p0ns/reports/report_resources.rpt,13257,ee89bbd26e0dbd1f08912ab9c250a94c221e99a09d8550f58a66436bb3cab9ca
evidence/FP_MAC_FP4_E2M1__T2p0ns/reports/report_timing.rpt,251586,c6a8f06086d8c7dfbe3e08848a29365241113c9a9e2b2f0a8acfe044c2f8930c
evidence/FP_MAC_FP4_E2M1__T2p0ns/summary.kv,665,d1a132bd793af7c2cf9df9f74b9ee16d826d1037ed00bd7f6b5e1b986e473116
evidence/FP_MAC_FP6_E3M2__T0p9ns/reports/analyze.log,2915,28dde1e4fa20788951f9ae0bf6c20ba4bcc9a01a515e8d3193de9700d5cb4c89
evidence/FP_MAC_FP6_E3M2__T0p9ns/reports/check_design_post.rpt,304,94bf7675a38cf2f7e109edbc8dc51e1112bf6d2b3427362c2e14197d434eaf38
evidence/FP_MAC_FP6_E3M2__T0p9ns/reports/datapath_extraction.rpt,81,fc94336cfc33bd4b491043c0e555a003f3efd077ebf13655e80c792f0a53bd28
evidence/FP_MAC_FP6_E3M2__T0p9ns/reports/report_area.rpt,1806,e299f2281d821abf11a9942cae8c022a351e9064c66bf08b950029e890aea6c2
evidence/FP_MAC_FP6_E3M2__T0p9ns/reports/report_constraints.rpt,1822,ea299b2f41793bcfae2b958ddca29f1b3c06835f4c53355f2f8ba229945936e4
evidence/FP_MAC_FP6_E3M2__T0p9ns/reports/report_qor.rpt,2450,160011e229f084036c9684e096b21e6de99f469b8f9c5c9cf7f3f66ee1f865e6
evidence/FP_MAC_FP6_E3M2__T0p9ns/reports/report_reference.rpt,21305,ad4f5cb385201938ba1824a6812aeac6ac96b38aaedd83b61694f5ba9f490301
evidence/FP_MAC_FP6_E3M2__T0p9ns/reports/report_resources.rpt,12241,5b7b64a16828b96a2b9ff6fad74e07fa9b58b164e904f8c3a50afa26c138daf2
evidence/FP_MAC_FP6_E3M2__T0p9ns/reports/report_timing.rpt,199721,380eb013fab2704936a1372cc7d9b7f0c73e3f2574817ea08db0d47b06422eef
evidence/FP_MAC_FP6_E3M2__T0p9ns/summary.kv,674,493a9404c6bdb3d1cb427864b70d92ca2e601c4027f46a9026443a80cb13d542
evidence/FP_MAC_FP6_E3M2__T1p0ns/reports/analyze.log,2915,df35b93834c5c8688204a02710d7337bf0d4da7e8817444caebfb85ac5a19a26
evidence/FP_MAC_FP6_E3M2__T1p0ns/reports/check_design_post.rpt,304,94bf7675a38cf2f7e109edbc8dc51e1112bf6d2b3427362c2e14197d434eaf38
evidence/FP_MAC_FP6_E3M2__T1p0ns/reports/datapath_extraction.rpt,81,fc94336cfc33bd4b491043c0e555a003f3efd077ebf13655e80c792f0a53bd28
evidence/FP_MAC_FP6_E3M2__T1p0ns/reports/report_area.rpt,1806,8cc98f646a6c992d0e198e224f338210ab9d08184066e319e71978e180448faa
evidence/FP_MAC_FP6_E3M2__T1p0ns/reports/report_constraints.rpt,779,2a6841836d551a6604b6ba103512b2ab20eca58dc8001409451e15ec4fdf7a7d
evidence/FP_MAC_FP6_E3M2__T1p0ns/reports/report_qor.rpt,2449,e46c4c205213c442b8348611fadb025d93634bc4703e7a705e1ea7e07e6e54fe
evidence/FP_MAC_FP6_E3M2__T1p0ns/reports/report_reference.rpt,18559,a4ea2791297d9d598fa85ca3f4709c6355baf67d1951163b93c4f2076e89de33
evidence/FP_MAC_FP6_E3M2__T1p0ns/reports/report_resources.rpt,12241,8e6b90bfc650726a56a3218a63b3f02e5c9bb2b7c4c2e85c35b0f6102eb72ebe
evidence/FP_MAC_FP6_E3M2__T1p0ns/reports/report_timing.rpt,196457,f0328a543e4a6477f3440c925e953837c22a2b344c28ec35a100cef294b443b8
evidence/FP_MAC_FP6_E3M2__T1p0ns/summary.kv,671,cd45bd7fbc0dc6067b33a95c324344e585eea1a35c619c74c2ac5661d41e716e
evidence/FP_MAC_FP6_E3M2__T2p0ns/reports/analyze.log,2915,b674c5ac3411dc8d797df5cb47d7f994a55fa9267a3738d483541d2af9b67b23
evidence/FP_MAC_FP6_E3M2__T2p0ns/reports/check_design_post.rpt,304,94bf7675a38cf2f7e109edbc8dc51e1112bf6d2b3427362c2e14197d434eaf38
evidence/FP_MAC_FP6_E3M2__T2p0ns/reports/datapath_extraction.rpt,81,fc94336cfc33bd4b491043c0e555a003f3efd077ebf13655e80c792f0a53bd28
evidence/FP_MAC_FP6_E3M2__T2p0ns/reports/report_area.rpt,1806,ddeab8159a8602d6098e2a3805644020aa62581d9e3267136f2e69b85dcb11b0
evidence/FP_MAC_FP6_E3M2__T2p0ns/reports/report_constraints.rpt,779,59369c01ee69afa2878a3388213a2197bc3f39031af6403726bacf1754df1cdf
evidence/FP_MAC_FP6_E3M2__T2p0ns/reports/report_qor.rpt,2449,cc7c0171fe05b032780ed1f7bb13a91a8e925c581eba70bd5c7d3d16eb9e628b
evidence/FP_MAC_FP6_E3M2__T2p0ns/reports/report_reference.rpt,6265,00653c9eaf83209536893bffb9f3c3ea8346c1e18295fe998a1a1de0744c96da
evidence/FP_MAC_FP6_E3M2__T2p0ns/reports/report_resources.rpt,13193,e14acb9bc336928157dc61d21550d3a70ba6c681118c26bd7c910ab3f0671533
evidence/FP_MAC_FP6_E3M2__T2p0ns/reports/report_timing.rpt,256386,64330459ae7a8fe0d8f4468b8b2ee213c8365066ef175b776d36baadb54687ea
evidence/FP_MAC_FP6_E3M2__T2p0ns/summary.kv,665,d6692bb5b3009dadf15c6641b9a5892c8237b76afa9ab64574e6454c896facf9
evidence/FP_MAC_FP8_E4M3__T0p9ns/reports/analyze.log,2915,f9f2212485ab97a8a4e932270d5d6bc6f6da91633fdb1a8fa2a95b8dd47d345f
evidence/FP_MAC_FP8_E4M3__T0p9ns/reports/check_design_post.rpt,304,94bf7675a38cf2f7e109edbc8dc51e1112bf6d2b3427362c2e14197d434eaf38
evidence/FP_MAC_FP8_E4M3__T0p9ns/reports/datapath_extraction.rpt,81,fc94336cfc33bd4b491043c0e555a003f3efd077ebf13655e80c792f0a53bd28
evidence/FP_MAC_FP8_E4M3__T0p9ns/reports/report_area.rpt,1806,caa5166bc080bd34f67ade23f2c8035b514e9f190dafb81932f08ce227b6bf7b
evidence/FP_MAC_FP8_E4M3__T0p9ns/reports/report_constraints.rpt,2030,f6a8a763e98ce17776df1961a9a853e0e301afd41396c68f3eb1ab42653b7c18
evidence/FP_MAC_FP8_E4M3__T0p9ns/reports/report_qor.rpt,2450,aae62bd0aaac70ad78c36fc28b5743876d688cea76aee5e386c51ec35801c15c
evidence/FP_MAC_FP8_E4M3__T0p9ns/reports/report_reference.rpt,23047,9f7385a390ccb19ad431327e52b1c9f0d55e911ccfb10b724b3124e4b46558bd
evidence/FP_MAC_FP8_E4M3__T0p9ns/reports/report_resources.rpt,15441,def4053598b03ce8232d8667c0562dc7544762498a9429bee1bc9f09f13dc006
evidence/FP_MAC_FP8_E4M3__T0p9ns/reports/report_timing.rpt,201641,aa295c6969e10eb8abb9c388b1b58344030bc38e8e844329feda0de8e74bcbe2
evidence/FP_MAC_FP8_E4M3__T0p9ns/summary.kv,674,280fd0d469701bf609f751049936e59c237df65bb65868995ed10f260e3fc436
evidence/FP_MAC_FP8_E4M3__T1p0ns/reports/analyze.log,2915,2d7ba5b142def4523ba3e0cb4e6b1353271c2567dca0a2d0f25074a64b7e106e
evidence/FP_MAC_FP8_E4M3__T1p0ns/reports/check_design_post.rpt,304,94bf7675a38cf2f7e109edbc8dc51e1112bf6d2b3427362c2e14197d434eaf38
evidence/FP_MAC_FP8_E4M3__T1p0ns/reports/datapath_extraction.rpt,81,fc94336cfc33bd4b491043c0e555a003f3efd077ebf13655e80c792f0a53bd28
evidence/FP_MAC_FP8_E4M3__T1p0ns/reports/report_area.rpt,1806,e8a973fb0f29203c5d2258f25197d2458c86c46f45307a1253c58e63dd61010b
evidence/FP_MAC_FP8_E4M3__T1p0ns/reports/report_constraints.rpt,779,1d8960c1ee437788b7c5824da749d201b3369d5989781e43f8678da1e0e9a744
evidence/FP_MAC_FP8_E4M3__T1p0ns/reports/report_qor.rpt,2449,09f398eb31a1f9859636cf754d8b1904abea59b075aa19a661da9926687276f0
evidence/FP_MAC_FP8_E4M3__T1p0ns/reports/report_reference.rpt,21494,e9633d74f50d3d983acd5ace72eba06435eee821f28b6b66d0c8abaad8929082
evidence/FP_MAC_FP8_E4M3__T1p0ns/reports/report_resources.rpt,15441,6b45357ed9bff90446a5461d048cb024a077f0dc83efdf30ae0e8c205c4a9775
evidence/FP_MAC_FP8_E4M3__T1p0ns/reports/report_timing.rpt,202873,d227ad1b405797d17beddc40ce10c19e46afd68bba1f288a8f591ddb487edef5
evidence/FP_MAC_FP8_E4M3__T1p0ns/summary.kv,673,7cb8d3e4e2f25a0d100023997be63d58c2320546d1bad57ebcdaefca04064b09
evidence/FP_MAC_FP8_E4M3__T2p0ns/reports/analyze.log,2915,7a18694ab562f3dd03c37b78b8110dbe6f04969fdcfcdff16f4bef5218aca7cf
evidence/FP_MAC_FP8_E4M3__T2p0ns/reports/check_design_post.rpt,304,94bf7675a38cf2f7e109edbc8dc51e1112bf6d2b3427362c2e14197d434eaf38
evidence/FP_MAC_FP8_E4M3__T2p0ns/reports/datapath_extraction.rpt,81,fc94336cfc33bd4b491043c0e555a003f3efd077ebf13655e80c792f0a53bd28
evidence/FP_MAC_FP8_E4M3__T2p0ns/reports/report_area.rpt,1806,ac1cf25d0f1c34d724629457e3b74ee505f74aa4398d4237b74c42ee061726b7
evidence/FP_MAC_FP8_E4M3__T2p0ns/reports/report_constraints.rpt,779,25d177277968dad617ec718f05c7b920d384c71666902aa4bf49a5da15777d0b
evidence/FP_MAC_FP8_E4M3__T2p0ns/reports/report_qor.rpt,2449,22b40ba3c236579c81c5d00916b5bba4d103c9b76a51fb50118ebea1e32f3cf2
evidence/FP_MAC_FP8_E4M3__T2p0ns/reports/report_reference.rpt,10423,7d28ce76dcfbf2dcc88df759395bf85ff973e1b9214288967c5764202bd3056b
evidence/FP_MAC_FP8_E4M3__T2p0ns/reports/report_resources.rpt,13111,6f0729d24b5adbe6bf825c958b5768e97a87a3af8dc91b05b232d3881449d78b
evidence/FP_MAC_FP8_E4M3__T2p0ns/reports/report_timing.rpt,283266,8cf33f6942d9f34442f0c6f6e935a790b46ac2870922fc648658ea28ac15f40b
evidence/FP_MAC_FP8_E4M3__T2p0ns/summary.kv,669,166e381e0162094082a2dbdf416da8b01fa43adde678a5f8abb358f77ad17db6
evidence/FP_MAC_FP8_E5M2__T0p9ns/reports/analyze.log,2915,362fdc12cb2506fb69f5b59b2a633813ba345b94b0a82f2d81f983aaab1d5769
evidence/FP_MAC_FP8_E5M2__T0p9ns/reports/check_design_post.rpt,304,94bf7675a38cf2f7e109edbc8dc51e1112bf6d2b3427362c2e14197d434eaf38
evidence/FP_MAC_FP8_E5M2__T0p9ns/reports/datapath_extraction.rpt,81,fc94336cfc33bd4b491043c0e555a003f3efd077ebf13655e80c792f0a53bd28
evidence/FP_MAC_FP8_E5M2__T0p9ns/reports/report_area.rpt,1806,f15c674bb686e1ffc32d964f23e37cbb683b236ea47a86a5f5b24611d71fc4f7
evidence/FP_MAC_FP8_E5M2__T0p9ns/reports/report_constraints.rpt,2030,78abc3c5869904f17a022e83dffd4fe3d091421e0e01a1fc4ff81ab895e75557
evidence/FP_MAC_FP8_E5M2__T0p9ns/reports/report_qor.rpt,2450,3724b639c7d03d400053f5ee8588bbb2505387c2d93560f02455657e0a0864b2
evidence/FP_MAC_FP8_E5M2__T0p9ns/reports/report_reference.rpt,22180,18a98386bb03319ad5309ee0706ce0f7a80f26af01108151019ed4c6ba3d531d
evidence/FP_MAC_FP8_E5M2__T0p9ns/reports/report_resources.rpt,15442,c9a06415ad3aebb763a7c6e8ec1609d0fd7f3dc3ffc4371752e7d018be39fea3
evidence/FP_MAC_FP8_E5M2__T0p9ns/reports/report_timing.rpt,203356,b09ee5c3065c9181b3f13d3666ddd9204eb19ff9af271fe52e75147d091ea39b
evidence/FP_MAC_FP8_E5M2__T0p9ns/summary.kv,675,97d9f968a18435ffcb91691af5f65b2cbcf62f3d6be11916d3e2dda144df6cfd
evidence/FP_MAC_FP8_E5M2__T1p0ns/reports/analyze.log,2915,4b0235a1d9f4e9302117785726e04a4c3ad5c4d61b59127e27bee7cb967ece4f
evidence/FP_MAC_FP8_E5M2__T1p0ns/reports/check_design_post.rpt,304,94bf7675a38cf2f7e109edbc8dc51e1112bf6d2b3427362c2e14197d434eaf38
evidence/FP_MAC_FP8_E5M2__T1p0ns/reports/datapath_extraction.rpt,81,fc94336cfc33bd4b491043c0e555a003f3efd077ebf13655e80c792f0a53bd28
evidence/FP_MAC_FP8_E5M2__T1p0ns/reports/report_area.rpt,1806,4c308eecbf7054c624e2e433d6734349a53942f6aecb0df054546368f679ab96
evidence/FP_MAC_FP8_E5M2__T1p0ns/reports/report_constraints.rpt,779,b48bc7cb4e95cb3c9dd78effb450d6e2f6678ebcb77e458c8b8bde679a872497
evidence/FP_MAC_FP8_E5M2__T1p0ns/reports/report_qor.rpt,2449,72beba6572c2e9a08817cdeceedaa0df8aa21e6b4879d08ce9f7ce0edabd4903
evidence/FP_MAC_FP8_E5M2__T1p0ns/reports/report_reference.rpt,20620,1d04e1a4c8032be9259da60f1516811bcfebc95c9931d4de5e284ea9fa197265
evidence/FP_MAC_FP8_E5M2__T1p0ns/reports/report_resources.rpt,15442,55070fb8a5ed34784bab1fdd70a64823a1a1c0a4810ca29ef4415c48860dd6cb
evidence/FP_MAC_FP8_E5M2__T1p0ns/reports/report_timing.rpt,221897,4ac65841a351be6a9c1aaa1433a7f0e4acafb606eb7d5dbc50b5ffe702166598
evidence/FP_MAC_FP8_E5M2__T1p0ns/summary.kv,671,12d81d6d9a5799349e343c77e2ea2939432014fd2749ecf8fe42aea0fb865599
evidence/FP_MAC_FP8_E5M2__T2p0ns/reports/analyze.log,2915,d11b466d266617b2c3ed389842a17ec04ed6b6ab7a0ff446294bedc01be0edc8
evidence/FP_MAC_FP8_E5M2__T2p0ns/reports/check_design_post.rpt,304,94bf7675a38cf2f7e109edbc8dc51e1112bf6d2b3427362c2e14197d434eaf38
evidence/FP_MAC_FP8_E5M2__T2p0ns/reports/datapath_extraction.rpt,81,fc94336cfc33bd4b491043c0e555a003f3efd077ebf13655e80c792f0a53bd28
evidence/FP_MAC_FP8_E5M2__T2p0ns/reports/report_area.rpt,1806,179787a4348391702ebaefc1bba410a92ae5db8b23b0046f96f2749eea1e41cb
evidence/FP_MAC_FP8_E5M2__T2p0ns/reports/report_constraints.rpt,779,f7899039d86e61e1ff4755c13b7c2d9f4f5963314297497a7e325bb4bf204007
evidence/FP_MAC_FP8_E5M2__T2p0ns/reports/report_qor.rpt,2449,089dd69131a453bc363a35c03d30bc52a2416ba214debdf6c9443cee833ed82b
evidence/FP_MAC_FP8_E5M2__T2p0ns/reports/report_reference.rpt,10078,05cf6e96b0595a6f2382e14d962d2ced4f79210a805686a1e2cf5f2f904070ae
evidence/FP_MAC_FP8_E5M2__T2p0ns/reports/report_resources.rpt,13111,66faabe947934d41ef72f076f4412935d3d6b3598340b7c46592742c4f0ce1e7
evidence/FP_MAC_FP8_E5M2__T2p0ns/reports/report_timing.rpt,301481,6c8d7a96226473e75b152c8db88e366a7ac8b7d208a5e27def8e498602dd1637
evidence/FP_MAC_FP8_E5M2__T2p0ns/summary.kv,667,0e7e55eb7f671bc15fdcae3859ba30749e2025fdd1d8164b229c688306e11017
evidence/INT_MAC_W16_A16_N64__T0p9ns/reports/analyze.log,3612,5f9be851e35487d7e43d96f8e843cb15b2b09cf8935b5f96e258d5a5133d8e2a
evidence/INT_MAC_W16_A16_N64__T0p9ns/reports/check_design_post.rpt,304,94bf7675a38cf2f7e109edbc8dc51e1112bf6d2b3427362c2e14197d434eaf38
evidence/INT_MAC_W16_A16_N64__T0p9ns/reports/datapath_extraction.rpt,81,fc94336cfc33bd4b491043c0e555a003f3efd077ebf13655e80c792f0a53bd28
evidence/INT_MAC_W16_A16_N64__T0p9ns/reports/report_area.rpt,1806,5e39cfc5f15ed17e89074b406004f6c468b95f57028ea17d6530aaa86aaf793f
evidence/INT_MAC_W16_A16_N64__T0p9ns/reports/report_constraints.rpt,779,0e9f463b4e65bbe7779e1a1077b2ef78dc628c4f02b061b4e336488873d3b2f2
evidence/INT_MAC_W16_A16_N64__T0p9ns/reports/report_qor.rpt,2449,a8ed5b6ac67172f3d5d8149439f50cdb3f51ae4edfea56fb944f01cc041efd02
evidence/INT_MAC_W16_A16_N64__T0p9ns/reports/report_reference.rpt,6948,93d155d5fe62e42041fe1df688f15aa7439a3fb520deb87df0fa80ea721612de
evidence/INT_MAC_W16_A16_N64__T0p9ns/reports/report_resources.rpt,1554,54177f7c53ea25149bbb2cae4208032b06860ef55887c65956d53824864a7064
evidence/INT_MAC_W16_A16_N64__T0p9ns/reports/report_timing.rpt,122316,335b81b043052cbd3c37e30b514b07433be0c9ad376f18de7cd280eebfaafa47
evidence/INT_MAC_W16_A16_N64__T0p9ns/summary.kv,682,4a45693c52105265f9ff56e462d62441eeeae5492da95878e92cc701505d083a
evidence/INT_MAC_W16_A16_N64__T1p0ns/reports/analyze.log,3612,eb99c6fad837983d36f609df2286a8e77dcc3ca4480eab6c916a4c577a9c1c13
evidence/INT_MAC_W16_A16_N64__T1p0ns/reports/check_design_post.rpt,304,94bf7675a38cf2f7e109edbc8dc51e1112bf6d2b3427362c2e14197d434eaf38
evidence/INT_MAC_W16_A16_N64__T1p0ns/reports/datapath_extraction.rpt,81,fc94336cfc33bd4b491043c0e555a003f3efd077ebf13655e80c792f0a53bd28
evidence/INT_MAC_W16_A16_N64__T1p0ns/reports/report_area.rpt,1806,32df016604ba3585d63f32e967e33ba5eabfef04ebb0ca36d95c5f574a962610
evidence/INT_MAC_W16_A16_N64__T1p0ns/reports/report_constraints.rpt,779,7581ea02fc7441d9db65b83d457451d6a6213e1ff67d43e1d6c30d38f04bbd8c
evidence/INT_MAC_W16_A16_N64__T1p0ns/reports/report_qor.rpt,2449,01071428756e3aba8adc50248b81406af27d965398311ede256d6dc7aff7dda0
evidence/INT_MAC_W16_A16_N64__T1p0ns/reports/report_reference.rpt,6256,bf306b0cae415b03f5a33cd92d9a94b38e5c11526e4798990c23246b892ff6d2
evidence/INT_MAC_W16_A16_N64__T1p0ns/reports/report_resources.rpt,1554,67f5517645c273a7752c82b783f4ab1d75541f62123250a04f0b70600ecb374c
evidence/INT_MAC_W16_A16_N64__T1p0ns/reports/report_timing.rpt,145636,6411050181e2c7f5f0490535e00c4b14b648f9dd89b1c1208d79711cc3fc7b37
evidence/INT_MAC_W16_A16_N64__T1p0ns/summary.kv,672,3f481e3bf0e78425f393a9ef803fd8a921dab3ebcd04b84a12b6b722bcb6667f
evidence/INT_MAC_W16_A16_N64__T2p0ns/reports/analyze.log,3612,46db9b0c71402e3556c9bb307dc8436a851fce4bfbc6f25465f3b0145b87961b
evidence/INT_MAC_W16_A16_N64__T2p0ns/reports/check_design_post.rpt,304,94bf7675a38cf2f7e109edbc8dc51e1112bf6d2b3427362c2e14197d434eaf38
evidence/INT_MAC_W16_A16_N64__T2p0ns/reports/datapath_extraction.rpt,81,fc94336cfc33bd4b491043c0e555a003f3efd077ebf13655e80c792f0a53bd28
evidence/INT_MAC_W16_A16_N64__T2p0ns/reports/report_area.rpt,1806,9021ef88bd879330e0481b0be58b011fcd8217be7269670d29d86acf04b0d0b3
evidence/INT_MAC_W16_A16_N64__T2p0ns/reports/report_constraints.rpt,1081,36ceb82d90f22573f2972c5185e784f2a214c6f5004f46d6f5f843445ae2823b
evidence/INT_MAC_W16_A16_N64__T2p0ns/reports/report_qor.rpt,2449,d8b0f433cd814a2f82866621455bc652a6eadc8e180de48d0182efe77679a738
evidence/INT_MAC_W16_A16_N64__T2p0ns/reports/report_reference.rpt,4705,c48d5ffacdcb3378280e42f711792e7d50532a001e95319aeb520a53bb12a4f5
evidence/INT_MAC_W16_A16_N64__T2p0ns/reports/report_resources.rpt,1554,d6bb37415dcf9ef7146a472d5a1f5b698ebf77320d5b1387b7baa1c6f752b755
evidence/INT_MAC_W16_A16_N64__T2p0ns/reports/report_timing.rpt,193571,409814d4a7c9734e137357e1d037071826174e536c1a705e4436575ebcf5f8ca
evidence/INT_MAC_W16_A16_N64__T2p0ns/summary.kv,669,b8f2051278aecf1de90f21a0188b68ae4de435729fb97da1e211226a213c9938
evidence/INT_MAC_W16_A4_N64__T0p9ns/reports/analyze.log,3603,3ceec3ca3bc6510e929ff858298a6e89beb73fc2a56b071db4626ba9df22d8cb
evidence/INT_MAC_W16_A4_N64__T0p9ns/reports/check_design_post.rpt,304,94bf7675a38cf2f7e109edbc8dc51e1112bf6d2b3427362c2e14197d434eaf38
evidence/INT_MAC_W16_A4_N64__T0p9ns/reports/datapath_extraction.rpt,81,fc94336cfc33bd4b491043c0e555a003f3efd077ebf13655e80c792f0a53bd28
evidence/INT_MAC_W16_A4_N64__T0p9ns/reports/report_area.rpt,1806,872975c66989a9a4606be6e0c99644c075c90e114f4d6d589f76499436fe1acd
evidence/INT_MAC_W16_A4_N64__T0p9ns/reports/report_constraints.rpt,779,70ea9a800d5c350a3085b45c79b1056e961d6d72280bc90426ed64f23d85deee
evidence/INT_MAC_W16_A4_N64__T0p9ns/reports/report_qor.rpt,2449,e5c190e7c0f64bc9ec54bac015bbc2f8ed4f3eaff40cf9ba4e52c00d6326d9a5
evidence/INT_MAC_W16_A4_N64__T0p9ns/reports/report_reference.rpt,5912,628f39bf50603ee76dd0fcee32a93bbbf7288a25f1e2285a84b48ff7e35f1b44
evidence/INT_MAC_W16_A4_N64__T0p9ns/reports/report_resources.rpt,1554,80375cd77155dd75e38b386147823a3378c17e0987e26011df62a27aedede947
evidence/INT_MAC_W16_A4_N64__T0p9ns/reports/report_timing.rpt,136931,8dcdca5d5f204f79baa72749819e2c6cd068412d57b64d1e89e1b09b160ecade
evidence/INT_MAC_W16_A4_N64__T0p9ns/summary.kv,678,cec727f5d17261726a4a1aba9fd01fce6868f6fbc8be4c7643c444aac8787758
evidence/INT_MAC_W16_A4_N64__T1p0ns/reports/analyze.log,3603,cd5ecee0fca6e78a5880731db4d16ac9b450975c4fa123a95ef8036da24d874c
evidence/INT_MAC_W16_A4_N64__T1p0ns/reports/check_design_post.rpt,304,94bf7675a38cf2f7e109edbc8dc51e1112bf6d2b3427362c2e14197d434eaf38
evidence/INT_MAC_W16_A4_N64__T1p0ns/reports/datapath_extraction.rpt,81,fc94336cfc33bd4b491043c0e555a003f3efd077ebf13655e80c792f0a53bd28
evidence/INT_MAC_W16_A4_N64__T1p0ns/reports/report_area.rpt,1806,015ca90a2109d409a11dcb5b29258aaf36faed183e3461c8d6953c35d3cce3cb
evidence/INT_MAC_W16_A4_N64__T1p0ns/reports/report_constraints.rpt,779,7f20fc59244c878aa9d9b96ba74bedfa22047e6f6b2646ea8635b4002c35bfdb
evidence/INT_MAC_W16_A4_N64__T1p0ns/reports/report_qor.rpt,2449,187ef0e4e4f01b157a329177ea25fb73dd3ed349080a0d926d843338c67ffe60
evidence/INT_MAC_W16_A4_N64__T1p0ns/reports/report_reference.rpt,5393,e457018b8d30cd6841fa444e639ff03ec2ff822e9c53c03c3b98c1c6a4347319
evidence/INT_MAC_W16_A4_N64__T1p0ns/reports/report_resources.rpt,1554,d8582de5905b5f2ccb8ce3d8eb5e1f885cd251d8d9d91e80609fa307ee8e6a62
evidence/INT_MAC_W16_A4_N64__T1p0ns/reports/report_timing.rpt,141731,aad2c23087d9c9377eec21b4751543b751163fe54d1e0388ff63f37fab17ff8e
evidence/INT_MAC_W16_A4_N64__T1p0ns/summary.kv,671,390084e0ff3ea100807b4bdd2191d4cbe40dad107f14e9528ba285a91f829d9e
evidence/INT_MAC_W16_A4_N64__T2p0ns/reports/analyze.log,3603,dea7fe31bf4d5ff2a3fc40d8c1fa2ab33a636f00296b3324ee4acfab24d811f7
evidence/INT_MAC_W16_A4_N64__T2p0ns/reports/check_design_post.rpt,304,94bf7675a38cf2f7e109edbc8dc51e1112bf6d2b3427362c2e14197d434eaf38
evidence/INT_MAC_W16_A4_N64__T2p0ns/reports/datapath_extraction.rpt,81,fc94336cfc33bd4b491043c0e555a003f3efd077ebf13655e80c792f0a53bd28
evidence/INT_MAC_W16_A4_N64__T2p0ns/reports/report_area.rpt,1806,a73fd1a68709b6bb7668cf48cefa3995633e7b2ce43fa655de08a8d0e0704533
evidence/INT_MAC_W16_A4_N64__T2p0ns/reports/report_constraints.rpt,2819,0b4ac068c64477715a8b60b5bacc14efec9fb650399dbb9cb68fa83b4260cae3
evidence/INT_MAC_W16_A4_N64__T2p0ns/reports/report_qor.rpt,2450,2f655b723c19c65d72cd80069457e6de9bef7b3a868b831a8f6c80e0bcafe13a
evidence/INT_MAC_W16_A4_N64__T2p0ns/reports/report_reference.rpt,5410,0aa5faed1695c9e62ae7742ef071c550a8d779c1862788b69b951dd4c8404d67
evidence/INT_MAC_W16_A4_N64__T2p0ns/reports/report_resources.rpt,1554,cae0e66d953c3c9b555093b7afda7fbecb717012bfe05fe37679f05121cf555c
evidence/INT_MAC_W16_A4_N64__T2p0ns/reports/report_timing.rpt,138421,d661e2597ac295261fd2267c6e692e07994afb960d8248865fe88387ef7ed228
evidence/INT_MAC_W16_A4_N64__T2p0ns/summary.kv,666,265921fb71a615b1ac683208ab6b2447fcd15dc35a793a2e40e846bec0cbbaaa
evidence/INT_MAC_W16_A8_N64__T0p9ns/reports/analyze.log,3603,6f6f2ff43c729fe6a823cf85066882811e752527ce6e00482a880b615bbac16f
evidence/INT_MAC_W16_A8_N64__T0p9ns/reports/check_design_post.rpt,304,94bf7675a38cf2f7e109edbc8dc51e1112bf6d2b3427362c2e14197d434eaf38
evidence/INT_MAC_W16_A8_N64__T0p9ns/reports/datapath_extraction.rpt,81,fc94336cfc33bd4b491043c0e555a003f3efd077ebf13655e80c792f0a53bd28
evidence/INT_MAC_W16_A8_N64__T0p9ns/reports/report_area.rpt,1806,df48da134360dbf483d69b772f6ae5b711c4d14d739f530b70374f6d85ba9984
evidence/INT_MAC_W16_A8_N64__T0p9ns/reports/report_constraints.rpt,779,7ad5a58974b260800f397ecfcd37e6f6675c2e9a3db5ad17b1fa26b84e5a7d56
evidence/INT_MAC_W16_A8_N64__T0p9ns/reports/report_qor.rpt,2449,331ff390942cf5956271b422cea0982ec9e0a92773e4acd190df4be5f414f70f
evidence/INT_MAC_W16_A8_N64__T0p9ns/reports/report_reference.rpt,5913,f9d62627fec5e202d0c06ac27248ed56289932d57c3a62cbbe182d78c527e18c
evidence/INT_MAC_W16_A8_N64__T0p9ns/reports/report_resources.rpt,1554,426c48ecb9134b75880d5de6cb95dc4c085db4863dada66f777e1ef410c27fab
evidence/INT_MAC_W16_A8_N64__T0p9ns/reports/report_timing.rpt,131171,6188af8d9c8fd87553a66d0c0572a188b25648b57d8acef718a7e9d833fe4b98
evidence/INT_MAC_W16_A8_N64__T0p9ns/summary.kv,678,0b0edbdea4811fdf330a9ae585335f69000ec61008d718f2a78ec00b05702209
evidence/INT_MAC_W16_A8_N64__T1p0ns/reports/analyze.log,3603,ccde8e29d13538d2fc843ac57dcc2c74119c04fdfe312099ebaffe04b862793d
evidence/INT_MAC_W16_A8_N64__T1p0ns/reports/check_design_post.rpt,304,94bf7675a38cf2f7e109edbc8dc51e1112bf6d2b3427362c2e14197d434eaf38
evidence/INT_MAC_W16_A8_N64__T1p0ns/reports/datapath_extraction.rpt,81,fc94336cfc33bd4b491043c0e555a003f3efd077ebf13655e80c792f0a53bd28
evidence/INT_MAC_W16_A8_N64__T1p0ns/reports/report_area.rpt,1806,e3d0f16940bdf80d0bd35578ca4b772caf85a3f70e26f8b79390f0a45934e7a5
evidence/INT_MAC_W16_A8_N64__T1p0ns/reports/report_constraints.rpt,779,a0b28e51240b599ad071bc014b85217f12c822acf6bd4d0d3a6fa464072920cc
evidence/INT_MAC_W16_A8_N64__T1p0ns/reports/report_qor.rpt,2449,5813fcecd3bb12c44b648a96518865f97e0c07a0a7822d532f19abfdbb5dae55
evidence/INT_MAC_W16_A8_N64__T1p0ns/reports/report_reference.rpt,5912,f68d99b8dd158434dda4a2d95eb416612d9a9bd666d97f21a62959b262b1c34e
evidence/INT_MAC_W16_A8_N64__T1p0ns/reports/report_resources.rpt,1554,c6800aa4c217b1c59f1c2260d6fe1d154904371cc3d6c0abd8388e12d71f1e5f
evidence/INT_MAC_W16_A8_N64__T1p0ns/reports/report_timing.rpt,142691,96cc8fe94dba04a6278725eb689a074c2aba9f2e4db33f62b54de8b96e7633ad
evidence/INT_MAC_W16_A8_N64__T1p0ns/summary.kv,673,63a6835e2f9f56a292ea9a7d0f2a26253940d9c18c58e663292f7cbcf0f81a34
evidence/INT_MAC_W16_A8_N64__T2p0ns/reports/analyze.log,3603,310a94a24ab0638c9d320373f22dd406014104681fb1497ee7848280765b9ab1
evidence/INT_MAC_W16_A8_N64__T2p0ns/reports/check_design_post.rpt,304,94bf7675a38cf2f7e109edbc8dc51e1112bf6d2b3427362c2e14197d434eaf38
evidence/INT_MAC_W16_A8_N64__T2p0ns/reports/datapath_extraction.rpt,81,fc94336cfc33bd4b491043c0e555a003f3efd077ebf13655e80c792f0a53bd28
evidence/INT_MAC_W16_A8_N64__T2p0ns/reports/report_area.rpt,1806,56dbd1b1a4db592fd9be7618c3213dc2e7e4a0d62cf5df24d7142381d7d4b80e
evidence/INT_MAC_W16_A8_N64__T2p0ns/reports/report_constraints.rpt,3135,ea410d7b254d3ffe4ed68348d18c57b5bf577a2f6d3fde375f5035a1f03f848c
evidence/INT_MAC_W16_A8_N64__T2p0ns/reports/report_qor.rpt,2450,8ea7f7bb65bf2107892573b3828519d60fe6271207ec33dfa7b47629acd51744
evidence/INT_MAC_W16_A8_N64__T2p0ns/reports/report_reference.rpt,4714,a964a5ff9e366fae2dbdede2a334b2eb0d0c4dcbc95143d89078b9f70f1e88e2
evidence/INT_MAC_W16_A8_N64__T2p0ns/reports/report_resources.rpt,1554,74285d1c969c0e61dcef661d52d1370fb7412f42d0ac662b068097a0561ca02d
evidence/INT_MAC_W16_A8_N64__T2p0ns/reports/report_timing.rpt,153781,46097e4f9fff6e017239535b716b284b07f4fe14ac1db6eb10b01c2901ceaee0
evidence/INT_MAC_W16_A8_N64__T2p0ns/summary.kv,666,caf32d30853e6f83395269d567da1afc71c772857e982b990570f105911c6f1f
evidence/INT_MAC_W2_A16_N64__T0p9ns/reports/analyze.log,3603,782776ad234878b007cd748bf8f2156edec2421874164cbf2c5d43f35cd786b1
evidence/INT_MAC_W2_A16_N64__T0p9ns/reports/check_design_post.rpt,304,94bf7675a38cf2f7e109edbc8dc51e1112bf6d2b3427362c2e14197d434eaf38
evidence/INT_MAC_W2_A16_N64__T0p9ns/reports/datapath_extraction.rpt,81,fc94336cfc33bd4b491043c0e555a003f3efd077ebf13655e80c792f0a53bd28
evidence/INT_MAC_W2_A16_N64__T0p9ns/reports/report_area.rpt,1806,6f9c84eb0ab935bd6e1e52278cadda811018f088206fc784d0110b4bec8fa795
evidence/INT_MAC_W2_A16_N64__T0p9ns/reports/report_constraints.rpt,779,bedcbe96633375711b7a7b090759dac691bac9d405dd5ca71a032433f4884fe2
evidence/INT_MAC_W2_A16_N64__T0p9ns/reports/report_qor.rpt,2449,4bfd33e4feca73c0a9ba529878dc330eeed95919de77021291bb598968cc2c0b
evidence/INT_MAC_W2_A16_N64__T0p9ns/reports/report_reference.rpt,4701,aa9081a8e1f94d063a183c17f1a8fd935999d9e3571401d511cb6d89c9d400d3
evidence/INT_MAC_W2_A16_N64__T0p9ns/reports/report_resources.rpt,1554,f4e7d59b2aead716ec5d34c8502d49124abeea32a949a406ac0e06103987fddd
evidence/INT_MAC_W2_A16_N64__T0p9ns/reports/report_timing.rpt,133529,4872b1a4bb13ce2eee33a0a049ab7ce6c294f677794e31c8d76f574c51ee1e32
evidence/INT_MAC_W2_A16_N64__T0p9ns/summary.kv,676,34ededf29f0c113392ac682fb4646f16841b05f87f8df80274606f283bddb9a0
evidence/INT_MAC_W2_A16_N64__T1p0ns/reports/analyze.log,3603,052a81a9aa113970dca38110f031fa021a5f6a3f0c4a7a2c54cc21a5fdd367df
evidence/INT_MAC_W2_A16_N64__T1p0ns/reports/check_design_post.rpt,304,94bf7675a38cf2f7e109edbc8dc51e1112bf6d2b3427362c2e14197d434eaf38
evidence/INT_MAC_W2_A16_N64__T1p0ns/reports/datapath_extraction.rpt,81,fc94336cfc33bd4b491043c0e555a003f3efd077ebf13655e80c792f0a53bd28
evidence/INT_MAC_W2_A16_N64__T1p0ns/reports/report_area.rpt,1806,5d669cb8a693595a2f23e828e28aec4ed0411144ef15ee657ee8f9cf49f9fe77
evidence/INT_MAC_W2_A16_N64__T1p0ns/reports/report_constraints.rpt,779,fe05e73bf79680c3341f4a3a87d2d24e29fa67fe4194fe8a2e0f26c1163d854e
evidence/INT_MAC_W2_A16_N64__T1p0ns/reports/report_qor.rpt,2449,a86b5079f6d8f9cb4f01b701d45e36067b4919ee6e08f5e42d5a35a1735093a2
evidence/INT_MAC_W2_A16_N64__T1p0ns/reports/report_reference.rpt,5047,7786fc9b9db470dba35c086943ee56e088dc10dde41ef24d3e65d09ca65d9713
evidence/INT_MAC_W2_A16_N64__T1p0ns/reports/report_resources.rpt,1554,248668b19c3e4b0ca4f627b0b099968d66f2af5a691e150cc6a3888ac1c3c288
evidence/INT_MAC_W2_A16_N64__T1p0ns/reports/report_timing.rpt,145041,53fa3e9b2bb158fdfd0d79f0a4e98d28127a094f2165136b4dd8c80f4f55a323
evidence/INT_MAC_W2_A16_N64__T1p0ns/summary.kv,671,57ac24ed7c19ebf0d67a5c1f840bec79093a0faddaff1537e12364aee550ef9f
evidence/INT_MAC_W2_A16_N64__T2p0ns/reports/analyze.log,3603,aaa8f57b52f3adebe00bc1a84f0f24a27329be652c7d103957e47189c9d5421a
evidence/INT_MAC_W2_A16_N64__T2p0ns/reports/check_design_post.rpt,304,94bf7675a38cf2f7e109edbc8dc51e1112bf6d2b3427362c2e14197d434eaf38
evidence/INT_MAC_W2_A16_N64__T2p0ns/reports/datapath_extraction.rpt,81,fc94336cfc33bd4b491043c0e555a003f3efd077ebf13655e80c792f0a53bd28
evidence/INT_MAC_W2_A16_N64__T2p0ns/reports/report_area.rpt,1806,fb53dc12aec4a0e8573bf928455f1b2cf556d9fd70a4385d9628d8f1dfda0518
evidence/INT_MAC_W2_A16_N64__T2p0ns/reports/report_constraints.rpt,2661,b0df8f2f2435fb4b90a110a972ff019488fb6a5c88dd71fae4909fa399210fe5
evidence/INT_MAC_W2_A16_N64__T2p0ns/reports/report_qor.rpt,2450,fa7720a0254ac73f9a29c5afb52186140817fa852917013ee91566bcd61972bd
evidence/INT_MAC_W2_A16_N64__T2p0ns/reports/report_reference.rpt,5230,97e29a8a78c5a68658334dc5b0358fe3fad16ca5498d4ecaaaf381167cada722
evidence/INT_MAC_W2_A16_N64__T2p0ns/reports/report_resources.rpt,1554,81c43389b0a36c77e387a53f6fca9353260d4f34629abc0bfe4cd44c5c55c2cd
evidence/INT_MAC_W2_A16_N64__T2p0ns/reports/report_timing.rpt,200721,e81fa4f4c55814f1f553035d527bc1d5447e9efe6162cf8bfbbb63ae82773534
evidence/INT_MAC_W2_A16_N64__T2p0ns/summary.kv,666,56f9a8778d138c75184f01100aec0452030a69be8a382e3cd77fa3dd833350cd
evidence/INT_MAC_W2_A4_N64__T0p9ns/reports/analyze.log,3594,6e01d5f83d710a8ab76d2c0b27ae1b537db1d8f99de1359b9dc193b2b9a5fd5b
evidence/INT_MAC_W2_A4_N64__T0p9ns/reports/check_design_post.rpt,304,94bf7675a38cf2f7e109edbc8dc51e1112bf6d2b3427362c2e14197d434eaf38
evidence/INT_MAC_W2_A4_N64__T0p9ns/reports/datapath_extraction.rpt,81,fc94336cfc33bd4b491043c0e555a003f3efd077ebf13655e80c792f0a53bd28
evidence/INT_MAC_W2_A4_N64__T0p9ns/reports/report_area.rpt,1806,d412104c9e292131584539b69c13991a2714081108ac630fd95fabacdc17d8e4
evidence/INT_MAC_W2_A4_N64__T0p9ns/reports/report_constraints.rpt,779,3cad93845e76351ec73531124cfb94e604849c3fd3656c5c2ed7f7d2db51ff48
evidence/INT_MAC_W2_A4_N64__T0p9ns/reports/report_qor.rpt,2449,1e01e127a3e132c9cf5d7cb814546f80d467d7d231d040f3cdbcdf1288b7ed41
evidence/INT_MAC_W2_A4_N64__T0p9ns/reports/report_reference.rpt,4017,f49f0fd0827f951018faa95f51faaa1b6513a94124bc1328b8935d59009d5ead
evidence/INT_MAC_W2_A4_N64__T0p9ns/reports/report_resources.rpt,1554,c833c04e4ca982b57faf2d4faf4178ff1dd76f5b9e6b75f775a2a7776042fd20
evidence/INT_MAC_W2_A4_N64__T0p9ns/reports/report_timing.rpt,118156,b26d1dcd484707541fcce729d5b3812bfc5fd1b6649ce180d020da4cc3306dc6
evidence/INT_MAC_W2_A4_N64__T0p9ns/summary.kv,673,5916058d71b0708b380f48fbdacef0183b62598fc9df3fa8e098a4f102b64763
evidence/INT_MAC_W2_A4_N64__T1p0ns/reports/analyze.log,3594,15f3b6f0d586b903c54bab0cd34c5851dd9295bb1ad79e64d8e0eb4ded516cff
evidence/INT_MAC_W2_A4_N64__T1p0ns/reports/check_design_post.rpt,304,94bf7675a38cf2f7e109edbc8dc51e1112bf6d2b3427362c2e14197d434eaf38
evidence/INT_MAC_W2_A4_N64__T1p0ns/reports/datapath_extraction.rpt,81,fc94336cfc33bd4b491043c0e555a003f3efd077ebf13655e80c792f0a53bd28
evidence/INT_MAC_W2_A4_N64__T1p0ns/reports/report_area.rpt,1806,f00cd1c5ae9a4eb1c1762fa4c68379c944f7634226e25b3a2d5763b2f5a2a626
evidence/INT_MAC_W2_A4_N64__T1p0ns/reports/report_constraints.rpt,779,cb215283a1264b690634e3cc54b474d37d2b8df17a427ae11622a829ed7e7f8a
evidence/INT_MAC_W2_A4_N64__T1p0ns/reports/report_qor.rpt,2449,c5507ebe153c4d31ac4ca31640872e618cc990f8e5f73240b17367673e3ce1d1
evidence/INT_MAC_W2_A4_N64__T1p0ns/reports/report_reference.rpt,4017,88eee899621a83ff8b119557925c9229b892ffa71a67f8a61baec70a01768918
evidence/INT_MAC_W2_A4_N64__T1p0ns/reports/report_resources.rpt,1554,7733096bdab0407ad72cfda3d7ecf77486a44832c86b52d060b4005747e8e10c
evidence/INT_MAC_W2_A4_N64__T1p0ns/reports/report_timing.rpt,118156,157773528ccd5fb21671779ffb18fa0b9674bb63f5bf7e6f831aab31b61c7250
evidence/INT_MAC_W2_A4_N64__T1p0ns/summary.kv,666,7abb141e07b3248c3c84e400dd289a0c8bdeb0b7a7a87e1b3193f17b44fef1b1
evidence/INT_MAC_W2_A4_N64__T2p0ns/reports/analyze.log,3594,46bb6b95d61a2b827d8104f65bab919f59534ca818f809b63e1b0d799c0e9a64
evidence/INT_MAC_W2_A4_N64__T2p0ns/reports/check_design_post.rpt,304,94bf7675a38cf2f7e109edbc8dc51e1112bf6d2b3427362c2e14197d434eaf38
evidence/INT_MAC_W2_A4_N64__T2p0ns/reports/datapath_extraction.rpt,81,fc94336cfc33bd4b491043c0e555a003f3efd077ebf13655e80c792f0a53bd28
evidence/INT_MAC_W2_A4_N64__T2p0ns/reports/report_area.rpt,1806,1bdab8ef3c48bd0b643b169b5886903588663aec78a0d24ffed880b8c206b441
evidence/INT_MAC_W2_A4_N64__T2p0ns/reports/report_constraints.rpt,2029,453d65ee3b98e1b293b09a5e4416e1ea0288087be598b2adfe9b88f7369a6301
evidence/INT_MAC_W2_A4_N64__T2p0ns/reports/report_qor.rpt,2450,2635d604ef1346d0923a2fd323fcfabdfb159f61038f6b7f785aa9003d953376
evidence/INT_MAC_W2_A4_N64__T2p0ns/reports/report_reference.rpt,3667,965490a3645840a3f006b41d37af72ad56abb545b8b4a51d2be4b2574fea1a98
evidence/INT_MAC_W2_A4_N64__T2p0ns/reports/report_resources.rpt,1554,9ef4238faaaf947d790ba3d76383696abe1d050b1a82955a15d5a6126928d03b
evidence/INT_MAC_W2_A4_N64__T2p0ns/reports/report_timing.rpt,118156,4cd45f8e0b8c8d5a389cb002f800310a21a4e2c3cad2d012824716258732af43
evidence/INT_MAC_W2_A4_N64__T2p0ns/summary.kv,663,0b0b060d2d614b020c98c6b70de1335d545af609b97f4da4abc1d4120717fc55
evidence/INT_MAC_W2_A8_N64__T0p9ns/reports/analyze.log,3594,4dcb4a0a535df030b09f63c90917b6fa0b2e4d5e7becef8a06d72212b48218d7
evidence/INT_MAC_W2_A8_N64__T0p9ns/reports/check_design_post.rpt,304,94bf7675a38cf2f7e109edbc8dc51e1112bf6d2b3427362c2e14197d434eaf38
evidence/INT_MAC_W2_A8_N64__T0p9ns/reports/datapath_extraction.rpt,81,fc94336cfc33bd4b491043c0e555a003f3efd077ebf13655e80c792f0a53bd28
evidence/INT_MAC_W2_A8_N64__T0p9ns/reports/report_area.rpt,1806,a6f7984ff8c9bd581c4f6a826cf76c9ab4e821b286e50fea5dc2c4636bd24069
evidence/INT_MAC_W2_A8_N64__T0p9ns/reports/report_constraints.rpt,779,d142c93c9e0ac5eee3fd70f5121b2878c2e5e76a314c1875213e31a313f6ed28
evidence/INT_MAC_W2_A8_N64__T0p9ns/reports/report_qor.rpt,2449,35bda78b1407114e5473f21811f9e4cdfa6b72e76db3f6197264d936f7c2779d
evidence/INT_MAC_W2_A8_N64__T0p9ns/reports/report_reference.rpt,4707,93fc314795c608e03f95aa723b205de3d760fdc58e67051dc271e55f81955c48
evidence/INT_MAC_W2_A8_N64__T0p9ns/reports/report_resources.rpt,1554,f0d4d0381a04d56cbbdda66556397629f818311f814a6aed381455f1e6eb2dcb
evidence/INT_MAC_W2_A8_N64__T0p9ns/reports/report_timing.rpt,114321,4a1ad12fd04f9581e5ac7124e9c553d6d935630bc41315b0c27644b5a6b1e730
evidence/INT_MAC_W2_A8_N64__T0p9ns/summary.kv,675,b6d1f1f2baef978be58ca2cfb6773531a3b5ec8c1ddeb4f5aefd76c74355255e
evidence/INT_MAC_W2_A8_N64__T1p0ns/reports/analyze.log,3594,70d6503bd0fbecb5bff57b04895dc9423bc2b2c97f3331b45d01ceb8ad173371
evidence/INT_MAC_W2_A8_N64__T1p0ns/reports/check_design_post.rpt,304,94bf7675a38cf2f7e109edbc8dc51e1112bf6d2b3427362c2e14197d434eaf38
evidence/INT_MAC_W2_A8_N64__T1p0ns/reports/datapath_extraction.rpt,81,fc94336cfc33bd4b491043c0e555a003f3efd077ebf13655e80c792f0a53bd28
evidence/INT_MAC_W2_A8_N64__T1p0ns/reports/report_area.rpt,1806,8b1fd8bcdc2b2ef78e97a0542bd6e44668c456c0598e70450c011ae9784da7c0
evidence/INT_MAC_W2_A8_N64__T1p0ns/reports/report_constraints.rpt,779,e5493751085961aaa113a3d6edb0ed8b433a06891066226f53c2d9c343b45421
evidence/INT_MAC_W2_A8_N64__T1p0ns/reports/report_qor.rpt,2449,c8dcaa5e9fb68e20e2df39b430168d0758e8ce6ed56166c7273e5724dc3d340c
evidence/INT_MAC_W2_A8_N64__T1p0ns/reports/report_reference.rpt,4882,cd939e532a36c096d29dcea875bd023e2c5f4b3e03ef2b3714e292dc5bc2311a
evidence/INT_MAC_W2_A8_N64__T1p0ns/reports/report_resources.rpt,1554,846e362a1ecd046499012c4cbe5ba629f0cc026c8d7b418acab1d3d3318b8f6a
evidence/INT_MAC_W2_A8_N64__T1p0ns/reports/report_timing.rpt,115281,0b914fa208b6402563b225e6032613b765593c821758100a5997537277d10119
evidence/INT_MAC_W2_A8_N64__T1p0ns/summary.kv,667,c9a03cb33b1545966d6594cab8c2fd54b4d62eaf83644f7d73dbc018f7a79f26
evidence/INT_MAC_W2_A8_N64__T2p0ns/reports/analyze.log,3594,ee811e0518f8c926a80921e6d5b0f955c88a86b91dfc91b92bbb3b7c6aeb8754
evidence/INT_MAC_W2_A8_N64__T2p0ns/reports/check_design_post.rpt,304,94bf7675a38cf2f7e109edbc8dc51e1112bf6d2b3427362c2e14197d434eaf38
evidence/INT_MAC_W2_A8_N64__T2p0ns/reports/datapath_extraction.rpt,81,fc94336cfc33bd4b491043c0e555a003f3efd077ebf13655e80c792f0a53bd28
evidence/INT_MAC_W2_A8_N64__T2p0ns/reports/report_area.rpt,1806,b390a899c14ad460dff8a076d91e9aae2fd5ea3a86751364ce94a475273fc271
evidence/INT_MAC_W2_A8_N64__T2p0ns/reports/report_constraints.rpt,2108,541684a77571542a094c496fb2b431ddd8c8e4a0e40a8cd5c2cf33440685de3c
evidence/INT_MAC_W2_A8_N64__T2p0ns/reports/report_qor.rpt,2450,8a1fe6071031f1f105a8012f12757b4ece44ce7f22f9b7f0427a1558458d9e3b
evidence/INT_MAC_W2_A8_N64__T2p0ns/reports/report_reference.rpt,4881,cbc5d3688d5d6883794e5e5a3795488209f0594fbfb4572d2a4877a3d2437465
evidence/INT_MAC_W2_A8_N64__T2p0ns/reports/report_resources.rpt,1554,c265087ba73e7b7b501f6e76b102a858eb57f94665f5bf1a52731e10ef60e6ab
evidence/INT_MAC_W2_A8_N64__T2p0ns/reports/report_timing.rpt,139281,9c456a94ccc182ac7805f3c85c20c1c9f03c32640101fb40a7bf45460d712f4f
evidence/INT_MAC_W2_A8_N64__T2p0ns/summary.kv,663,a598ca90a447240622848cd0f380900c9950d95cab227c972cea95aa998a1e2e
evidence/INT_MAC_W3_A16_N64__T0p9ns/reports/analyze.log,3603,a5596dedbc4274543bb12ba893dba7d0de74ba1fc63fbd0008446238ce94555e
evidence/INT_MAC_W3_A16_N64__T0p9ns/reports/check_design_post.rpt,304,94bf7675a38cf2f7e109edbc8dc51e1112bf6d2b3427362c2e14197d434eaf38
evidence/INT_MAC_W3_A16_N64__T0p9ns/reports/datapath_extraction.rpt,81,fc94336cfc33bd4b491043c0e555a003f3efd077ebf13655e80c792f0a53bd28
evidence/INT_MAC_W3_A16_N64__T0p9ns/reports/report_area.rpt,1806,35b9f20f96d2ec7e544078a3b72f5e7d189069524c790820818a5f6ec2c2e18e
evidence/INT_MAC_W3_A16_N64__T0p9ns/reports/report_constraints.rpt,779,df496221c74d97defd8502ddfbb41cb1b48452bbf7b76cc6c86fccb114630dbc
evidence/INT_MAC_W3_A16_N64__T0p9ns/reports/report_qor.rpt,2449,e8c2faea0e68752113ad876bbb62f4222b9679447b4150d4650b887f17b75025
evidence/INT_MAC_W3_A16_N64__T0p9ns/reports/report_reference.rpt,4349,e4b5830e86ad2a61db6342c95302d6b9a0fc1180dcb79bec047fec7b9486fa3c
evidence/INT_MAC_W3_A16_N64__T0p9ns/reports/report_resources.rpt,1554,2e9bd95f7af729294f5c640eb7988100c535ecbe5a3d11e3288d1943249420f7
evidence/INT_MAC_W3_A16_N64__T0p9ns/reports/report_timing.rpt,130403,d6a5041894fa3bba13c73de913456fdba0eabdf395d1f9b9f853c63446cd1f67
evidence/INT_MAC_W3_A16_N64__T0p9ns/summary.kv,676,9e204c056bfd65cbba80a750c9979fb3f33ad159bad919f180434957e803d479
evidence/INT_MAC_W3_A16_N64__T1p0ns/reports/analyze.log,3603,21cdba7973a801fff71c6dd1bda422acf577aaef8d7a0809fd2f30d8ced75550
evidence/INT_MAC_W3_A16_N64__T1p0ns/reports/check_design_post.rpt,304,94bf7675a38cf2f7e109edbc8dc51e1112bf6d2b3427362c2e14197d434eaf38
evidence/INT_MAC_W3_A16_N64__T1p0ns/reports/datapath_extraction.rpt,81,fc94336cfc33bd4b491043c0e555a003f3efd077ebf13655e80c792f0a53bd28
evidence/INT_MAC_W3_A16_N64__T1p0ns/reports/report_area.rpt,1806,ee9e5a572db9de33e5bf429b865dae8c3548c59408c05d9f4981ae44a97e67c5
evidence/INT_MAC_W3_A16_N64__T1p0ns/reports/report_constraints.rpt,779,9a4fc7c2935a465227199ab09fd6b5319c8c76bfcb68b7a685fe3ed0c71bf14a
evidence/INT_MAC_W3_A16_N64__T1p0ns/reports/report_qor.rpt,2449,4a4785893a1b1c616eb209f7df3609322e4086ab049b31daaaf1a1f9be7158c2
evidence/INT_MAC_W3_A16_N64__T1p0ns/reports/report_reference.rpt,6082,662b367ce91cbe337f27bf9bb9169a8e9528ca34c7ac14a9789e6cb7d6150799
evidence/INT_MAC_W3_A16_N64__T1p0ns/reports/report_resources.rpt,1554,eb28575c8d8974880a97822b9d143a2e7395ef4d8bf85e18d3b3c478a5c20964
evidence/INT_MAC_W3_A16_N64__T1p0ns/reports/report_timing.rpt,132300,418efe403acdc918b7a8070eea1cf2ae1078e674d5e8f94d2abb6738fa233dff
evidence/INT_MAC_W3_A16_N64__T1p0ns/summary.kv,675,cb156d8ef7b492bf05995a6cebd9f1d6fce5bd8b41fccc774d3a85abf4b08ea0
evidence/INT_MAC_W3_A16_N64__T2p0ns/reports/analyze.log,3603,362257f693930b3322b625ad17cfffa3297c01d199115f5165443486d4af9087
evidence/INT_MAC_W3_A16_N64__T2p0ns/reports/check_design_post.rpt,304,94bf7675a38cf2f7e109edbc8dc51e1112bf6d2b3427362c2e14197d434eaf38
evidence/INT_MAC_W3_A16_N64__T2p0ns/reports/datapath_extraction.rpt,81,fc94336cfc33bd4b491043c0e555a003f3efd077ebf13655e80c792f0a53bd28
evidence/INT_MAC_W3_A16_N64__T2p0ns/reports/report_area.rpt,1806,731fa05b1cf6ab0732e28f3b4e080886acc2b48aef15cf6a8270fbff538eae92
evidence/INT_MAC_W3_A16_N64__T2p0ns/reports/report_constraints.rpt,2740,a23764e497f94a84ec31ce5bcd2808718096a8126731aa6492677916a10d3b52
evidence/INT_MAC_W3_A16_N64__T2p0ns/reports/report_qor.rpt,2450,7bc7f471ae81dab883d61052d360cd61b3b7cc2d2b6e8fcf139dd6b00741fa12
evidence/INT_MAC_W3_A16_N64__T2p0ns/reports/report_reference.rpt,5053,d2c9151dd6f81a33ac93318e2f58fe6eb5af2dd2de2bb4b016ddcf0ed865ec9d
evidence/INT_MAC_W3_A16_N64__T2p0ns/reports/report_resources.rpt,1554,632db13e6eaa25be61db0de31dcb7ea9a14f35262f9af03dfe1b0f9c875cdb23
evidence/INT_MAC_W3_A16_N64__T2p0ns/reports/report_timing.rpt,188026,ef27264fa651687464b7b5fe5958ce324f55724ca053eeb9e18a7e38f19f4243
evidence/INT_MAC_W3_A16_N64__T2p0ns/summary.kv,666,d453f58e4d76878a8874fd11968fa64d7a21ed02e793879421bd517357e5917a
evidence/INT_MAC_W3_A4_N64__T0p9ns/reports/analyze.log,3594,aebec68b84e1108e0877701c485ea5e3c18a01f0417defdc3cb062acda9888e4
evidence/INT_MAC_W3_A4_N64__T0p9ns/reports/check_design_post.rpt,304,94bf7675a38cf2f7e109edbc8dc51e1112bf6d2b3427362c2e14197d434eaf38
evidence/INT_MAC_W3_A4_N64__T0p9ns/reports/datapath_extraction.rpt,81,fc94336cfc33bd4b491043c0e555a003f3efd077ebf13655e80c792f0a53bd28
evidence/INT_MAC_W3_A4_N64__T0p9ns/reports/report_area.rpt,1806,8a9d9c9863864bb7022373d2243903652473908fb0dd51dcb98897c78a919ab7
evidence/INT_MAC_W3_A4_N64__T0p9ns/reports/report_constraints.rpt,779,b2984bd1691a9ca88d172617436381b51521d3941e9657c58413f707f5078385
evidence/INT_MAC_W3_A4_N64__T0p9ns/reports/report_qor.rpt,2449,4875e66484cb0b34b4e187e218976495b0c04615d1c383110b44f8f6dcfa6662
evidence/INT_MAC_W3_A4_N64__T0p9ns/reports/report_reference.rpt,4704,7f69e11f8441f8041168a5feef7d610fd08284891bfe7b8575aedb290711ab11
evidence/INT_MAC_W3_A4_N64__T0p9ns/reports/report_resources.rpt,1554,979bc0ae91777ba3713fe8925ec50d967d50cf617dba2f0b9af93bf6c9b48ca4
evidence/INT_MAC_W3_A4_N64__T0p9ns/reports/report_timing.rpt,124689,f1a6a08878da77ad6f3eea7f4f383bbbe4b66c66d3533772ead81ce319468073
evidence/INT_MAC_W3_A4_N64__T0p9ns/summary.kv,673,9b4d1c4af51e8bd56d4b68f43e21bedc3881ce7fec4f30ea3c23ca68b0d0cf15
evidence/INT_MAC_W3_A4_N64__T1p0ns/reports/analyze.log,3594,148b9d89b2731992f25b2eed6b939606ef4033f9c96473378455420326fd64ab
evidence/INT_MAC_W3_A4_N64__T1p0ns/reports/check_design_post.rpt,304,94bf7675a38cf2f7e109edbc8dc51e1112bf6d2b3427362c2e14197d434eaf38
evidence/INT_MAC_W3_A4_N64__T1p0ns/reports/datapath_extraction.rpt,81,fc94336cfc33bd4b491043c0e555a003f3efd077ebf13655e80c792f0a53bd28
evidence/INT_MAC_W3_A4_N64__T1p0ns/reports/report_area.rpt,1806,970ebc23e495192dd3ee1a37121ae81e0ebf5e6837b9efc66a9d814c48baa8a3
evidence/INT_MAC_W3_A4_N64__T1p0ns/reports/report_constraints.rpt,779,62ff67b0276ae56b8c8504cc006c6931f22cc0a0535fdc9ee8621fea713f24f2
evidence/INT_MAC_W3_A4_N64__T1p0ns/reports/report_qor.rpt,2449,7f3619d9eeb3937fc14c824f8180ab303fc383aba50ddf2b74aa56e6e79faf73
evidence/INT_MAC_W3_A4_N64__T1p0ns/reports/report_reference.rpt,4704,d5c4de69c45ff776a2853409122eba8161b8d51cd7afa4e914fd3aa777e85bfa
evidence/INT_MAC_W3_A4_N64__T1p0ns/reports/report_resources.rpt,1554,6869218be06e642facfb1db008494fd81c9a623904ca0284a07bd2c381938b9f
evidence/INT_MAC_W3_A4_N64__T1p0ns/reports/report_timing.rpt,124689,9503017798554cb1315d849fc62ca1c1b3b1261802e3865d3f86870c13034eff
evidence/INT_MAC_W3_A4_N64__T1p0ns/summary.kv,666,38c07222d7b2258f6c6593f602ccafa5f485262bf596924550df09d1e90fda54
evidence/INT_MAC_W3_A4_N64__T2p0ns/reports/analyze.log,3594,8acbdecb3a6bf85cdfb73c1bdd0a8515302c54b0616de8f0c5b70715d5c1bd8f
evidence/INT_MAC_W3_A4_N64__T2p0ns/reports/check_design_post.rpt,304,94bf7675a38cf2f7e109edbc8dc51e1112bf6d2b3427362c2e14197d434eaf38
evidence/INT_MAC_W3_A4_N64__T2p0ns/reports/datapath_extraction.rpt,81,fc94336cfc33bd4b491043c0e555a003f3efd077ebf13655e80c792f0a53bd28
evidence/INT_MAC_W3_A4_N64__T2p0ns/reports/report_area.rpt,1806,b58be142e1d1bfebad57d75307bb4ad7beac77ac3eaa4af2b4350d145fa7eca0
evidence/INT_MAC_W3_A4_N64__T2p0ns/reports/report_constraints.rpt,2108,76fd008fe6ec85de7e85e32d323cc188217f4cb6f88044e3b3a9755fd7b11fea
evidence/INT_MAC_W3_A4_N64__T2p0ns/reports/report_qor.rpt,2450,c010ec316b02e72b627bb0d19ad017705fe31db5afab873a037cc45441b61f31
evidence/INT_MAC_W3_A4_N64__T2p0ns/reports/report_reference.rpt,4529,46e087bb58811f8b84b08f7dacfad45381016971e0364a16a06b311b9b2ce7b4
evidence/INT_MAC_W3_A4_N64__T2p0ns/reports/report_resources.rpt,1554,7ff2e6e115745d71e336b92d8b674616807a26bae144cd4ad4105f7a07e6d413
evidence/INT_MAC_W3_A4_N64__T2p0ns/reports/report_timing.rpt,116981,d6beabeda19b0e2e3f34097fc23de85372f92bcc5186693ba44a7ae9cc8b56e4
evidence/INT_MAC_W3_A4_N64__T2p0ns/summary.kv,663,f267d0db6df35ad8b8410885b6a81b3fc09254811d02209495bfa87effca170e
evidence/INT_MAC_W3_A8_N64__T0p9ns/reports/analyze.log,3594,393382c1073023cc36ada7202bd2d21de0903a5c37ee19a462fd22cc468065d7
evidence/INT_MAC_W3_A8_N64__T0p9ns/reports/check_design_post.rpt,304,94bf7675a38cf2f7e109edbc8dc51e1112bf6d2b3427362c2e14197d434eaf38
evidence/INT_MAC_W3_A8_N64__T0p9ns/reports/datapath_extraction.rpt,81,fc94336cfc33bd4b491043c0e555a003f3efd077ebf13655e80c792f0a53bd28
evidence/INT_MAC_W3_A8_N64__T0p9ns/reports/report_area.rpt,1806,7c26b369f1027903c3bfbaa704c57e90bc1b4e4f12350ee711b4107a874add93
evidence/INT_MAC_W3_A8_N64__T0p9ns/reports/report_constraints.rpt,779,cff50958a007c931bc20a75a1461b4f490402f9460793c9b78da477fde278365
evidence/INT_MAC_W3_A8_N64__T0p9ns/reports/report_qor.rpt,2449,48a68339245972029a446da0c94a2c31197d3a15ac70446b14f9b590b8dc0466
evidence/INT_MAC_W3_A8_N64__T0p9ns/reports/report_reference.rpt,4532,14aaee5215fc9c950d271e43084d7ada3081ac4c31285ffc1a431beef429def6
evidence/INT_MAC_W3_A8_N64__T0p9ns/reports/report_resources.rpt,1554,f0b95ab7a2a1865ca0974d0c93fd5d06665d57da022c1b822b8fc7157ce776ae
evidence/INT_MAC_W3_A8_N64__T0p9ns/reports/report_timing.rpt,118161,c750080ac9207c63e05d0c56e7a6e48c296acb31ae4d071f725f3798fc3b7668
evidence/INT_MAC_W3_A8_N64__T0p9ns/summary.kv,675,db0351c65165a733667d9ee61f330d22aac0a5e3224a21a4e8ccfd5a7ef41f6d
evidence/INT_MAC_W3_A8_N64__T1p0ns/reports/analyze.log,3594,0d1fcb71dc1db788f45ee69c9a39cb73b2be535f30fba24c3226938362095db2
evidence/INT_MAC_W3_A8_N64__T1p0ns/reports/check_design_post.rpt,304,94bf7675a38cf2f7e109edbc8dc51e1112bf6d2b3427362c2e14197d434eaf38
evidence/INT_MAC_W3_A8_N64__T1p0ns/reports/datapath_extraction.rpt,81,fc94336cfc33bd4b491043c0e555a003f3efd077ebf13655e80c792f0a53bd28
evidence/INT_MAC_W3_A8_N64__T1p0ns/reports/report_area.rpt,1806,933504795abf5e46a328c9223741008be2a5e6da58a4814e66f200b0657a3d8e
evidence/INT_MAC_W3_A8_N64__T1p0ns/reports/report_constraints.rpt,779,ebf43ee14bf016ac172e8307c43ce7e0bafe8bd86ae7b722c88d45b607f8e416
evidence/INT_MAC_W3_A8_N64__T1p0ns/reports/report_qor.rpt,2449,ee9b1675e92f1bc7439f5608327d58aa43df394869d5d3ec8d48ae5b988d5536
evidence/INT_MAC_W3_A8_N64__T1p0ns/reports/report_reference.rpt,4532,a1d74a36c0585f7de938ab7a2b6c51c7c36eac9286828a2988a7065cb0420d07
evidence/INT_MAC_W3_A8_N64__T1p0ns/reports/report_resources.rpt,1554,2152fb8cd4cfdfde9f3fe4005aff0f54861f70f075cf987bb8d0d9856a4d5956
evidence/INT_MAC_W3_A8_N64__T1p0ns/reports/report_timing.rpt,118161,83bfd83da3afda9738239fd2a94fe0498ebf324b6eb11c83466594a23f7da1ef
evidence/INT_MAC_W3_A8_N64__T1p0ns/summary.kv,668,f642638efbdb138f20c2605ca69e57ef272a89ccbaf36456da3aa99f26c7131d
evidence/INT_MAC_W3_A8_N64__T2p0ns/reports/analyze.log,3594,e8cd085f0a373c1d24da38c9077299dadd9c8a8ac8700c888e2dd0944e8ef323
evidence/INT_MAC_W3_A8_N64__T2p0ns/reports/check_design_post.rpt,304,94bf7675a38cf2f7e109edbc8dc51e1112bf6d2b3427362c2e14197d434eaf38
evidence/INT_MAC_W3_A8_N64__T2p0ns/reports/datapath_extraction.rpt,81,fc94336cfc33bd4b491043c0e555a003f3efd077ebf13655e80c792f0a53bd28
evidence/INT_MAC_W3_A8_N64__T2p0ns/reports/report_area.rpt,1806,4a571d59ccc50fc964e981b1cfab03fdfac1b2e86946c3d144339a78fba8ca15
evidence/INT_MAC_W3_A8_N64__T2p0ns/reports/report_constraints.rpt,2187,24b2f9804707677ef65192907764331150d49a2311e7d586562bbd9833ab6464
evidence/INT_MAC_W3_A8_N64__T2p0ns/reports/report_qor.rpt,2450,80ed72200ebad74e9c75bfdd477a76dfeaa2cbef4cb5981a0f5169b5cf71e94d
evidence/INT_MAC_W3_A8_N64__T2p0ns/reports/report_reference.rpt,4879,6bf7ffd1a9bb81c41e40b6b8fe8ffda5c602e6ad1526086e5f2592addbb8d0f0
evidence/INT_MAC_W3_A8_N64__T2p0ns/reports/report_resources.rpt,1554,538e24fdebdeaf85a11653733622406f57d21d8ca5d9912208711df5b50fb2a9
evidence/INT_MAC_W3_A8_N64__T2p0ns/reports/report_timing.rpt,134261,03ed4722826ef5a7f4e41d4ff23991ade9e2db35cafa69a13de851c08f777af6
evidence/INT_MAC_W3_A8_N64__T2p0ns/summary.kv,663,906f0f9e90b81886023e26020420e4f2e1ecdc5eb294e55cfc655ebb9c4785c0
evidence/INT_MAC_W4_A16_N64__T0p9ns/reports/analyze.log,3603,612b22dff5cd70d34e592db4db9d572c8a0341b3fcbeda4d74b209d9068f4d8e
evidence/INT_MAC_W4_A16_N64__T0p9ns/reports/check_design_post.rpt,304,94bf7675a38cf2f7e109edbc8dc51e1112bf6d2b3427362c2e14197d434eaf38
evidence/INT_MAC_W4_A16_N64__T0p9ns/reports/datapath_extraction.rpt,81,fc94336cfc33bd4b491043c0e555a003f3efd077ebf13655e80c792f0a53bd28
evidence/INT_MAC_W4_A16_N64__T0p9ns/reports/report_area.rpt,1806,8eb8f025fbb5817db9df9fc04288b7891630cfe155674b6502d8a582d3d24c86
evidence/INT_MAC_W4_A16_N64__T0p9ns/reports/report_constraints.rpt,779,21001ddf482bd0b9ba269783353b47deed76aa67c83200b9218d91c689fb8353
evidence/INT_MAC_W4_A16_N64__T0p9ns/reports/report_qor.rpt,2449,6d2b9c4a601b4989ef132a0b733f2d6bf92e6febad303c19970c450808518e5e
evidence/INT_MAC_W4_A16_N64__T0p9ns/reports/report_reference.rpt,5739,5c8cbc7f97cdcde347d84e5899b41d5c3a12488da430a945cc0882c4867e1314
evidence/INT_MAC_W4_A16_N64__T0p9ns/reports/report_resources.rpt,1554,c638269c5b7d40eaca7c3f264a4b2392c199e5be2356242c13e71a6540c1ce5f
evidence/INT_MAC_W4_A16_N64__T0p9ns/reports/report_timing.rpt,138275,00cbcebe548abbd22db02574fc68f76fd07335d1c34cb799e4295482fe4433a2
evidence/INT_MAC_W4_A16_N64__T0p9ns/summary.kv,679,16665411a3334cab682893a49d5ce49822604a7f805b6310835ad85818bbfd69
evidence/INT_MAC_W4_A16_N64__T1p0ns/reports/analyze.log,3603,dd62a5e6c47a90f8d4097ceb46d9dc99a1fc35397b92e7eceaa567065f8ecac9
evidence/INT_MAC_W4_A16_N64__T1p0ns/reports/check_design_post.rpt,304,94bf7675a38cf2f7e109edbc8dc51e1112bf6d2b3427362c2e14197d434eaf38
evidence/INT_MAC_W4_A16_N64__T1p0ns/reports/datapath_extraction.rpt,81,fc94336cfc33bd4b491043c0e555a003f3efd077ebf13655e80c792f0a53bd28
evidence/INT_MAC_W4_A16_N64__T1p0ns/reports/report_area.rpt,1806,c5088b44000ab5c62e3748e4f01d9f24b79b7885a9ef0fbef9dafc83c61349fd
evidence/INT_MAC_W4_A16_N64__T1p0ns/reports/report_constraints.rpt,779,0cf47cacd44cb4f2247884b47737338bbfd3b9477fcd23ba8a0feefbed482e0b
evidence/INT_MAC_W4_A16_N64__T1p0ns/reports/report_qor.rpt,2449,35f2a801b87886dde7cf1a93bd8805c631cc787ddbdb1472bb1ac8095a2dde1a
evidence/INT_MAC_W4_A16_N64__T1p0ns/reports/report_reference.rpt,5393,535279a730dc9b25c5e13f094026d0d36a976ecb6d900a5d3e18b5ae8a7bee30
evidence/INT_MAC_W4_A16_N64__T1p0ns/reports/report_resources.rpt,1554,34e48690e12758aa8c28e6a6d721efe6d7ed53328b64790385dfefb3123ec528
evidence/INT_MAC_W4_A16_N64__T1p0ns/reports/report_timing.rpt,141731,6ba47b0a1da6132587437e18000084d08ea8793deb03bb55b5da162ef0a06130
evidence/INT_MAC_W4_A16_N64__T1p0ns/summary.kv,673,63fd95a346f36e4cf53dc38be91ee62aa867f71e0e02e1e65d711c1593071eb7
evidence/INT_MAC_W4_A16_N64__T2p0ns/reports/analyze.log,3603,78fddcbf881f7b665ddf70905ea9fdc54ed515afc244cb2e17b2e74d6c0e4bc1
evidence/INT_MAC_W4_A16_N64__T2p0ns/reports/check_design_post.rpt,304,94bf7675a38cf2f7e109edbc8dc51e1112bf6d2b3427362c2e14197d434eaf38
evidence/INT_MAC_W4_A16_N64__T2p0ns/reports/datapath_extraction.rpt,81,fc94336cfc33bd4b491043c0e555a003f3efd077ebf13655e80c792f0a53bd28
evidence/INT_MAC_W4_A16_N64__T2p0ns/reports/report_area.rpt,1806,2ebcef2f3d176bbbcf31d59f55a25a073688a4045b366bb4524bc7c148a006ed
evidence/INT_MAC_W4_A16_N64__T2p0ns/reports/report_constraints.rpt,2819,e2c2d3d9f1086a60578646595a52d530197b2808917737c7a91a268e30d5a477
evidence/INT_MAC_W4_A16_N64__T2p0ns/reports/report_qor.rpt,2450,2e7f12da0bba0e078a6f5062ef1e0ff3dcbbe75a2b1528b68ab466c7a9e7807a
evidence/INT_MAC_W4_A16_N64__T2p0ns/reports/report_reference.rpt,5410,240f1fcfd9212220508703c813313dec2ce23d11f02d51d73fe1d241790f046d
evidence/INT_MAC_W4_A16_N64__T2p0ns/reports/report_resources.rpt,1554,5beddb7751874f6dd4a5fff4e656c359eaa57f2cabbf72d38440d301feb1afdd
evidence/INT_MAC_W4_A16_N64__T2p0ns/reports/report_timing.rpt,138421,6099724be63aa6b9d66c0561126bc3334256d4b5be64fc11e6e7ec1a365cf93c
evidence/INT_MAC_W4_A16_N64__T2p0ns/summary.kv,666,5409920e5364ce8ea775deb6bde65beaa1ba73dee75a66bfd707f76ac65c1a2f
evidence/INT_MAC_W4_A4_N16__T0p9ns/reports/analyze.log,3594,333015ce635294f0fbb6b993422d46eff205d3db33f52db42762e598208d249a
evidence/INT_MAC_W4_A4_N16__T0p9ns/reports/check_design_post.rpt,304,94bf7675a38cf2f7e109edbc8dc51e1112bf6d2b3427362c2e14197d434eaf38
evidence/INT_MAC_W4_A4_N16__T0p9ns/reports/datapath_extraction.rpt,81,fc94336cfc33bd4b491043c0e555a003f3efd077ebf13655e80c792f0a53bd28
evidence/INT_MAC_W4_A4_N16__T0p9ns/reports/report_area.rpt,1806,d49b913ed1159d0b200b47e0e664685ab52b9362a5beb45d1c52d93259e2b96f
evidence/INT_MAC_W4_A4_N16__T0p9ns/reports/report_constraints.rpt,779,1d7249523e3309a6ad8b3843a58257c558881dcfacb211dc150d982d48c433ee
evidence/INT_MAC_W4_A4_N16__T0p9ns/reports/report_qor.rpt,2449,16f96bdb1a7042a6ccc1495e724b6f023ce247f47e1b46c8acc1cda4a5897084
evidence/INT_MAC_W4_A4_N16__T0p9ns/reports/report_reference.rpt,4705,0a3b58156ca0053cdb75a7c072504c07abb1b28741d20f15362d8bc29c69a75c
evidence/INT_MAC_W4_A4_N16__T0p9ns/reports/report_resources.rpt,1554,6dd54d09d6bcd2f6e2c57836ec104d732005ce28589d2ac27196c1865b762568
evidence/INT_MAC_W4_A4_N16__T0p9ns/reports/report_timing.rpt,116812,73ce97d012f4c036ac1a32e29a7ccd67a3db6ee3651c98e4721c7dd22dff0728
evidence/INT_MAC_W4_A4_N16__T0p9ns/summary.kv,673,0d6f3ba6d25cfcac65ad71de2cf6fb609ae0f7deaea37728985ef7ce5986fec6
evidence/INT_MAC_W4_A4_N16__T1p0ns/reports/analyze.log,3594,df20ade4463820669177948c90f8e465cd4181a198d7bc4c00fd407c78f9cfda
evidence/INT_MAC_W4_A4_N16__T1p0ns/reports/check_design_post.rpt,304,94bf7675a38cf2f7e109edbc8dc51e1112bf6d2b3427362c2e14197d434eaf38
evidence/INT_MAC_W4_A4_N16__T1p0ns/reports/datapath_extraction.rpt,81,fc94336cfc33bd4b491043c0e555a003f3efd077ebf13655e80c792f0a53bd28
evidence/INT_MAC_W4_A4_N16__T1p0ns/reports/report_area.rpt,1806,c03282a6bd08cd0adedbbc716d7f024f7cf2bff0146ec4a249429b1aa48b70dc
evidence/INT_MAC_W4_A4_N16__T1p0ns/reports/report_constraints.rpt,779,a214331d457fa838bc4113aadf7e94d1b37a50538d3186c2602aad8afafc588e
evidence/INT_MAC_W4_A4_N16__T1p0ns/reports/report_qor.rpt,2449,141aed72420355b10be78a2daf593e6fd4572814eab45198c5b422206df2f6dc
evidence/INT_MAC_W4_A4_N16__T1p0ns/reports/report_reference.rpt,4705,0a1c84b9d6fa81fc00823242c8002d667e325e85ad3629318d34180d956ccfe8
evidence/INT_MAC_W4_A4_N16__T1p0ns/reports/report_resources.rpt,1554,e22cf14e57f85333dd831060ee6339a8f4032bb415d8c9dcf21f0844452b9283
evidence/INT_MAC_W4_A4_N16__T1p0ns/reports/report_timing.rpt,116812,2b088264047cfe1d5460158c9091ad5a3c1aaa11f3f772dba735b67f571e8468
evidence/INT_MAC_W4_A4_N16__T1p0ns/summary.kv,665,cbdf7c6c36a6cd14810db021d30bfe698802d469f383b211dae2c4457ab4fe0e
evidence/INT_MAC_W4_A4_N16__T2p0ns/reports/analyze.log,3594,d4ce5ce8e06cbf05bbec578d5b8d98df6419b36a1107eb554400b1fe6872b5df
evidence/INT_MAC_W4_A4_N16__T2p0ns/reports/check_design_post.rpt,304,94bf7675a38cf2f7e109edbc8dc51e1112bf6d2b3427362c2e14197d434eaf38
evidence/INT_MAC_W4_A4_N16__T2p0ns/reports/datapath_extraction.rpt,81,fc94336cfc33bd4b491043c0e555a003f3efd077ebf13655e80c792f0a53bd28
evidence/INT_MAC_W4_A4_N16__T2p0ns/reports/report_area.rpt,1806,d501a0a24adf0571ac7f77d0edb61c2d91b2866ff3982fb22ca9cebd860b8ea9
evidence/INT_MAC_W4_A4_N16__T2p0ns/reports/report_constraints.rpt,1871,8607a2ee51ae86701bb68b769094681c8eb5d33c4ae588f97cf1cb16c359a238
evidence/INT_MAC_W4_A4_N16__T2p0ns/reports/report_qor.rpt,2450,669f827007debd5990cfe539b133df5a82bd368d15923608e3385adb8875a97b
evidence/INT_MAC_W4_A4_N16__T2p0ns/reports/report_reference.rpt,4530,c5d9d4f9155a2dd9723d7767f0b047113d8bc0547fb742199fec04d758a03d5e
evidence/INT_MAC_W4_A4_N16__T2p0ns/reports/report_resources.rpt,1554,7bba8c513a213054ad7f188992251965d01fb3bf3efa825b4914b29735e5f1d0
evidence/INT_MAC_W4_A4_N16__T2p0ns/reports/report_timing.rpt,100633,f9026a77f21d3dc22e1ee4588ae032f01ada2b4a7a598be28f28e0245d722d4c
evidence/INT_MAC_W4_A4_N16__T2p0ns/summary.kv,663,17bf213093eb0d8ce6557a51108e29f8bc7fe5c363dc58d5db7a01b1c70983db
evidence/INT_MAC_W4_A4_N256__T0p9ns/reports/analyze.log,3596,03d769b27710c8414ac09746d49f3c1f83334bf61dcf5f27f5d7d6cbeae8f0df
evidence/INT_MAC_W4_A4_N256__T0p9ns/reports/check_design_post.rpt,304,94bf7675a38cf2f7e109edbc8dc51e1112bf6d2b3427362c2e14197d434eaf38
evidence/INT_MAC_W4_A4_N256__T0p9ns/reports/datapath_extraction.rpt,81,fc94336cfc33bd4b491043c0e555a003f3efd077ebf13655e80c792f0a53bd28
evidence/INT_MAC_W4_A4_N256__T0p9ns/reports/report_area.rpt,1806,454dac87346d6876da043011b3f506c76cb9158d2d97122edb3fc9a6601fe627
evidence/INT_MAC_W4_A4_N256__T0p9ns/reports/report_constraints.rpt,779,ec522f0ae269c1757125a943feee57d323b4c27401416c181e86369d5d9c83d5
evidence/INT_MAC_W4_A4_N256__T0p9ns/reports/report_qor.rpt,2449,a8a5eb8dbf4a04872ff52a896ce1c8b1e6607c338b45d927cc7f60b9cf7ff3b0
evidence/INT_MAC_W4_A4_N256__T0p9ns/reports/report_reference.rpt,4532,8e6b173d37ddcbc33f92ed86a8941b12b465de43040fe6e025ad86c8985ca2ab
evidence/INT_MAC_W4_A4_N256__T0p9ns/reports/report_resources.rpt,1554,895d330485d2828b768326c3c1fe34ad562b633b905463cd6843a8f932273301
evidence/INT_MAC_W4_A4_N256__T0p9ns/reports/report_timing.rpt,140625,eb98ff2eef7a9fcbf64eb09b1dcad01f6e0836e4c9e91854bb48dbafaacb38e0
evidence/INT_MAC_W4_A4_N256__T0p9ns/summary.kv,674,2782070550980d9345b19570944a366683263468f44c243e433474f864097bb1
evidence/INT_MAC_W4_A4_N256__T1p0ns/reports/analyze.log,3596,c64fa184497107e6f12fdda8eec1feac846ada7e6ac63a2ec6141a48e0e406b5
evidence/INT_MAC_W4_A4_N256__T1p0ns/reports/check_design_post.rpt,304,94bf7675a38cf2f7e109edbc8dc51e1112bf6d2b3427362c2e14197d434eaf38
evidence/INT_MAC_W4_A4_N256__T1p0ns/reports/datapath_extraction.rpt,81,fc94336cfc33bd4b491043c0e555a003f3efd077ebf13655e80c792f0a53bd28
evidence/INT_MAC_W4_A4_N256__T1p0ns/reports/report_area.rpt,1806,716b471cf543fb48f18d33ec687e08b794ece27260d3aec1ba23256aba056842
evidence/INT_MAC_W4_A4_N256__T1p0ns/reports/report_constraints.rpt,779,432be0b82e8227f6ecc234af2ab1eb1288d5a68a63a6adba4949bcdecd66c293
evidence/INT_MAC_W4_A4_N256__T1p0ns/reports/report_qor.rpt,2449,7849a3c214dd3deb0f2f3a58c705ab50a957179a7ba7c66868b93eae84b13dde
evidence/INT_MAC_W4_A4_N256__T1p0ns/reports/report_reference.rpt,4532,5dab5d0755ce6edcd443d5f05c35fe7b9fc8e5dcac55c2ad2f8a2805d52c71d6
evidence/INT_MAC_W4_A4_N256__T1p0ns/reports/report_resources.rpt,1554,741f8d7f95da1f6f58ab95ab4f3e295b0581c3979fdaf41bd69206fb743e6252
evidence/INT_MAC_W4_A4_N256__T1p0ns/reports/report_timing.rpt,140625,9a2bca05072285c4cdc14a1d5cdb4642d789eb01606fef5c44dfe1fe310f96b4
evidence/INT_MAC_W4_A4_N256__T1p0ns/summary.kv,667,860f8de0644fdcdb04553813b8fbb77039d7d3a8af916aa6e777e669d9dba0c3
evidence/INT_MAC_W4_A4_N256__T2p0ns/reports/analyze.log,3596,aa7b98a24d032c4d596673274db475b0731fb6f43f5d82c8ca9f4b1a8cf09197
evidence/INT_MAC_W4_A4_N256__T2p0ns/reports/check_design_post.rpt,304,94bf7675a38cf2f7e109edbc8dc51e1112bf6d2b3427362c2e14197d434eaf38
evidence/INT_MAC_W4_A4_N256__T2p0ns/reports/datapath_extraction.rpt,81,fc94336cfc33bd4b491043c0e555a003f3efd077ebf13655e80c792f0a53bd28
evidence/INT_MAC_W4_A4_N256__T2p0ns/reports/report_area.rpt,1806,1f7dee6f8c6c5d260e0e7dfd889c35a673339a4f33913aeec01a285ae93700a5
evidence/INT_MAC_W4_A4_N256__T2p0ns/reports/report_constraints.rpt,2345,b6b385540c67b974cf49cf706cd3699ab980f34121b7558f9d81146ea9088eaa
evidence/INT_MAC_W4_A4_N256__T2p0ns/reports/report_qor.rpt,2450,9a32f45d8f2eaef57440c1632a167fd66549bf8e5254d2a514d0a477bd0c9143
evidence/INT_MAC_W4_A4_N256__T2p0ns/reports/report_reference.rpt,4182,021f36791c78420d537b20ff4130d22e1fec1a59ec3b5d194e9ef1db717e1f5f
evidence/INT_MAC_W4_A4_N256__T2p0ns/reports/report_resources.rpt,1554,d4cb3ea672a81e08e06a6377f2b60360feeedd5543f07d22010ea0648a667f32
evidence/INT_MAC_W4_A4_N256__T2p0ns/reports/report_timing.rpt,140625,c3808f7b37fe3a85f1d5f47e83853b88466be31f3814eb173a1138576e97211f
evidence/INT_MAC_W4_A4_N256__T2p0ns/summary.kv,664,c27210800b6bbae822b3bfea06cf55bbccaccaad77843dda5c80b336d3412866
evidence/INT_MAC_W4_A4_N64__T0p9ns/reports/analyze.log,3594,141590eb412b34fcd5e184dc05f0485e736b6ce4f7778a166b22423d127e4624
evidence/INT_MAC_W4_A4_N64__T0p9ns/reports/check_design_post.rpt,304,94bf7675a38cf2f7e109edbc8dc51e1112bf6d2b3427362c2e14197d434eaf38
evidence/INT_MAC_W4_A4_N64__T0p9ns/reports/datapath_extraction.rpt,81,fc94336cfc33bd4b491043c0e555a003f3efd077ebf13655e80c792f0a53bd28
evidence/INT_MAC_W4_A4_N64__T0p9ns/reports/report_area.rpt,1806,05ac73651aabb33ac99da9bc82290be942a6230bbf3e6b0fba4bff8f984d45af
evidence/INT_MAC_W4_A4_N64__T0p9ns/reports/report_constraints.rpt,779,8f1cac8bee0808ea7310d2c2250b1121f5724763920493a5400060bc2b866a49
evidence/INT_MAC_W4_A4_N64__T0p9ns/reports/report_qor.rpt,2449,682bd6cd883c08cd8040d7c356bc1532d61663a67ad25b67e7f82b74f7a64b7d
evidence/INT_MAC_W4_A4_N64__T0p9ns/reports/report_reference.rpt,4532,c6b1b8c1c1907f1d25b88a4a8d1e5aad8a825ee270a737f86c4bb89bff94643c
evidence/INT_MAC_W4_A4_N64__T0p9ns/reports/report_resources.rpt,1554,4c54ceabe7382786604536ba49ff98da9d0470a6e4356b93feaea3680c97e251
evidence/INT_MAC_W4_A4_N64__T0p9ns/reports/report_timing.rpt,132369,f5a74a64bcb6a94b61e245f83406cbe4d78a20ce3aae153e9e2d1bbfbc6fa132
evidence/INT_MAC_W4_A4_N64__T0p9ns/summary.kv,673,e88791545a2ca843802e878ac09c007963e0d9063f857b02508145f23b13db80
evidence/INT_MAC_W4_A4_N64__T1p0ns/reports/analyze.log,3594,197325ade8bc7c67c4177ad8169201c501c25cce7dec0096ea5ff1fc75ca829c
evidence/INT_MAC_W4_A4_N64__T1p0ns/reports/check_design_post.rpt,304,94bf7675a38cf2f7e109edbc8dc51e1112bf6d2b3427362c2e14197d434eaf38
evidence/INT_MAC_W4_A4_N64__T1p0ns/reports/datapath_extraction.rpt,81,fc94336cfc33bd4b491043c0e555a003f3efd077ebf13655e80c792f0a53bd28
evidence/INT_MAC_W4_A4_N64__T1p0ns/reports/report_area.rpt,1806,b29b83254c85763c95a9474ecd623359f32665d56ba8cee74064bbe4dc4de829
evidence/INT_MAC_W4_A4_N64__T1p0ns/reports/report_constraints.rpt,779,6a3a75ab6aa37d459a2af44a7c414d913bebb40c1721fd8c7ffc68d48ee6943e
evidence/INT_MAC_W4_A4_N64__T1p0ns/reports/report_qor.rpt,2449,b21d88bf7efa67ca473cde5cb328ea5a39a94105c1d4b8f8d562f91c85d444d0
evidence/INT_MAC_W4_A4_N64__T1p0ns/reports/report_reference.rpt,4532,235014dadc9d023d1606042b26ee3b8e88731fa93a05d37844ef5c927e1d0874
evidence/INT_MAC_W4_A4_N64__T1p0ns/reports/report_resources.rpt,1554,f83657335479719efbc70c8b8f195676f15a5833cdcdbfe2220df75987fab5e6
evidence/INT_MAC_W4_A4_N64__T1p0ns/reports/report_timing.rpt,132369,14f3f3815196f28863ced47e2d987d03208b5357fe30b101385150c9f136af19
evidence/INT_MAC_W4_A4_N64__T1p0ns/summary.kv,666,9f0afb5a8fb7059f206619499e27c52944d55dbe9959e4382501c84c7bb5bab1
evidence/INT_MAC_W4_A4_N64__T2p0ns/reports/analyze.log,3594,9fefecfa33595e522243f863148d64e06d39860eb52f8a7a95d30b6685e8c510
evidence/INT_MAC_W4_A4_N64__T2p0ns/reports/check_design_post.rpt,304,94bf7675a38cf2f7e109edbc8dc51e1112bf6d2b3427362c2e14197d434eaf38
evidence/INT_MAC_W4_A4_N64__T2p0ns/reports/datapath_extraction.rpt,81,fc94336cfc33bd4b491043c0e555a003f3efd077ebf13655e80c792f0a53bd28
evidence/INT_MAC_W4_A4_N64__T2p0ns/reports/report_area.rpt,1806,868e29b464d51ca01b3abd920103795ce04f2b5894f4635401c9825de18a0ae0
evidence/INT_MAC_W4_A4_N64__T2p0ns/reports/report_constraints.rpt,2187,e53602aa57a719074e7803b8af9f62ccce5219f5c55c332c0ed8d73805c8bd7a
evidence/INT_MAC_W4_A4_N64__T2p0ns/reports/report_qor.rpt,2450,eb357855c3c59dfa194eb3dace88100f19fa76077311a93aaf53cec9bf2446d2
evidence/INT_MAC_W4_A4_N64__T2p0ns/reports/report_reference.rpt,4182,4afd8cbde7207675a2e46144926fdaba57782fc5b862046ff006248074553faa
evidence/INT_MAC_W4_A4_N64__T2p0ns/reports/report_resources.rpt,1554,f83657335479719efbc70c8b8f195676f15a5833cdcdbfe2220df75987fab5e6
evidence/INT_MAC_W4_A4_N64__T2p0ns/reports/report_timing.rpt,132369,1bbedfc58d11a39845a4ab63293c60f17eb874b6c669e9f3ff52380a20fbaea1
evidence/INT_MAC_W4_A4_N64__T2p0ns/summary.kv,663,9b62e68cbaf9cc57e9bcf728cc8c9798bae1dc8533e8fde7c1dc32a9f3080703
evidence/INT_MAC_W4_A6_N64__T0p9ns/reports/analyze.log,3594,30727d044f8e7def8fdce504a41294ce957ea9646fe64cef3afb9a8092c552ed
evidence/INT_MAC_W4_A6_N64__T0p9ns/reports/check_design_post.rpt,304,94bf7675a38cf2f7e109edbc8dc51e1112bf6d2b3427362c2e14197d434eaf38
evidence/INT_MAC_W4_A6_N64__T0p9ns/reports/datapath_extraction.rpt,81,fc94336cfc33bd4b491043c0e555a003f3efd077ebf13655e80c792f0a53bd28
evidence/INT_MAC_W4_A6_N64__T0p9ns/reports/report_area.rpt,1806,1457a655bd81a22f35de9d09c59dcc3c52f8f620ed8706b06e2329d06263a0c6
evidence/INT_MAC_W4_A6_N64__T0p9ns/reports/report_constraints.rpt,779,9481c069240251a9eb89309eb181aec5c02c6a2642cd1837793e1ec8b92b377b
evidence/INT_MAC_W4_A6_N64__T0p9ns/reports/report_qor.rpt,2449,767420bb8f5b3bd1c29dec301d9cfa17e85441feb2539bf948f2d9f1e5683200
evidence/INT_MAC_W4_A6_N64__T0p9ns/reports/report_reference.rpt,4711,d00e08e69b2445ea6aaad8197b38c50fe8034be77391dddc964d7eb554ba761a
evidence/INT_MAC_W4_A6_N64__T0p9ns/reports/report_resources.rpt,1554,9e6bbff67338cc08a4e5235f8cc6e01ca55b0bd21b7e9830d991b74360bdbf3f
evidence/INT_MAC_W4_A6_N64__T0p9ns/reports/report_timing.rpt,109301,cb44d1b9f184c71abc745df12bf7485309e44001ecb275466ad0169eb409b2b4
evidence/INT_MAC_W4_A6_N64__T0p9ns/summary.kv,675,c4fc62c3a37b097d5bdfbe5a98da80d573e188b976f55185004c5da937d9f55d
evidence/INT_MAC_W4_A6_N64__T1p0ns/reports/analyze.log,3594,d2f563bf30cbfd8e90c47c8a9ca0a79d688479b55677e7242920e4ae065c7cff
evidence/INT_MAC_W4_A6_N64__T1p0ns/reports/check_design_post.rpt,304,94bf7675a38cf2f7e109edbc8dc51e1112bf6d2b3427362c2e14197d434eaf38
evidence/INT_MAC_W4_A6_N64__T1p0ns/reports/datapath_extraction.rpt,81,fc94336cfc33bd4b491043c0e555a003f3efd077ebf13655e80c792f0a53bd28
evidence/INT_MAC_W4_A6_N64__T1p0ns/reports/report_area.rpt,1806,32e96809f59512057e89ee99ff08bbe93ad889f78f6bdd134c1268e1c7258b28
evidence/INT_MAC_W4_A6_N64__T1p0ns/reports/report_constraints.rpt,779,8868d66a858f4ffc8bbec513624a65cfa968e5529ef77170ef476808dea15344
evidence/INT_MAC_W4_A6_N64__T1p0ns/reports/report_qor.rpt,2449,a0e7b30f4a8ba0ad694ead85bf0a5c5cbdfb26d567e70d3528f787e9bb009712
evidence/INT_MAC_W4_A6_N64__T1p0ns/reports/report_reference.rpt,4886,82c7ad83daabee510eb414fd8c8c9171521bc9c2af3af2f01691b19c696986c0
evidence/INT_MAC_W4_A6_N64__T1p0ns/reports/report_resources.rpt,1554,ee70fb28b58c06583445d8451d1ffbd3eae58408187fff8c154ad15856afe8b1
evidence/INT_MAC_W4_A6_N64__T1p0ns/reports/report_timing.rpt,115281,1131003732cb9b518e19329bc9adc6b7bcba0a81119279cad45a7abc49c3e9a7
evidence/INT_MAC_W4_A6_N64__T1p0ns/summary.kv,667,ec94245f2b9306cf6111866914802ddbc215f7fb7656198923d273ae0c8a6e94
evidence/INT_MAC_W4_A6_N64__T2p0ns/reports/analyze.log,3594,812d1360f904517ed25efede70fd62a318f8a691d9213d6a1e1600e0e2731c14
evidence/INT_MAC_W4_A6_N64__T2p0ns/reports/check_design_post.rpt,304,94bf7675a38cf2f7e109edbc8dc51e1112bf6d2b3427362c2e14197d434eaf38
evidence/INT_MAC_W4_A6_N64__T2p0ns/reports/datapath_extraction.rpt,81,fc94336cfc33bd4b491043c0e555a003f3efd077ebf13655e80c792f0a53bd28
evidence/INT_MAC_W4_A6_N64__T2p0ns/reports/report_area.rpt,1806,9bdd67c18e082af44b4f2911d344d630fad27a57dd2eb229d183a8084e4e9b66
evidence/INT_MAC_W4_A6_N64__T2p0ns/reports/report_constraints.rpt,2108,87ebea377bbee0b775880fa8f230cf1e3fd2d6ab801d22cf404f3851c43a12ca
evidence/INT_MAC_W4_A6_N64__T2p0ns/reports/report_qor.rpt,2450,4d083d5d524e84fcede5de6eb40df9426fa282d50c925c96cebf4422b1b1270e
evidence/INT_MAC_W4_A6_N64__T2p0ns/reports/report_reference.rpt,4365,d9d4d64ca010da107ad13e1b1b9d716701fbc14422465e542b893188d91acf14
evidence/INT_MAC_W4_A6_N64__T2p0ns/reports/report_resources.rpt,1554,06f69d9461e9ace624322a104fde5449a27c41d5c4289fd1b4ca9637b38114cb
evidence/INT_MAC_W4_A6_N64__T2p0ns/reports/report_timing.rpt,102141,22347402152041ae36d524aece437e9e06f07f755007c1a2bc4807295d9587ad
evidence/INT_MAC_W4_A6_N64__T2p0ns/summary.kv,663,3511744b789ec2c29eb1c858b4f657a7fe402423e9745ca2a5c86321446e82da
evidence/INT_MAC_W4_A8_N16__T0p9ns/reports/analyze.log,3594,6712cf0bce7a57d2b36865f9c293ff5336bd60a10e2eb4f193751bbd44308ef4
evidence/INT_MAC_W4_A8_N16__T0p9ns/reports/check_design_post.rpt,304,94bf7675a38cf2f7e109edbc8dc51e1112bf6d2b3427362c2e14197d434eaf38
evidence/INT_MAC_W4_A8_N16__T0p9ns/reports/datapath_extraction.rpt,81,fc94336cfc33bd4b491043c0e555a003f3efd077ebf13655e80c792f0a53bd28
evidence/INT_MAC_W4_A8_N16__T0p9ns/reports/report_area.rpt,1806,2bfd2b725fa19d734a823e6a3dfe7c125c7fabd3c52b78961e6d26f2f9ab74db
evidence/INT_MAC_W4_A8_N16__T0p9ns/reports/report_constraints.rpt,779,56161fcd01f869725d48c739f8872da7b4fe17532fbd59cb86dcd54c05308442
evidence/INT_MAC_W4_A8_N16__T0p9ns/reports/report_qor.rpt,2449,e4da0e7ce76269e62c62657afe8533eec38a3181ac6db807614a49618d6e6951
evidence/INT_MAC_W4_A8_N16__T0p9ns/reports/report_reference.rpt,4711,b22b69ec06a33883d27e225801be5b0fb31f95fd0147489cba6e72874fcf34a8
evidence/INT_MAC_W4_A8_N16__T0p9ns/reports/report_resources.rpt,1554,c4626512f855180dfdb74d747aba935313366f4eb9b7c8fdcf6e029eb5062f44
evidence/INT_MAC_W4_A8_N16__T0p9ns/reports/report_timing.rpt,108131,bd33f4a8c03a2d73e86341e27b5e8cc153bbe699e4fb8c72abf37c3596f109fb
evidence/INT_MAC_W4_A8_N16__T0p9ns/summary.kv,675,18708f996a5024a9a2bca029756887c14294aa028c2326942fb7ac17ac349fc2
evidence/INT_MAC_W4_A8_N16__T1p0ns/reports/analyze.log,3594,bbb6820eb4bb41d8022ba9ccd9b259e5b585b264ded8c7e4a53962f8e2cea7fe
evidence/INT_MAC_W4_A8_N16__T1p0ns/reports/check_design_post.rpt,304,94bf7675a38cf2f7e109edbc8dc51e1112bf6d2b3427362c2e14197d434eaf38
evidence/INT_MAC_W4_A8_N16__T1p0ns/reports/datapath_extraction.rpt,81,fc94336cfc33bd4b491043c0e555a003f3efd077ebf13655e80c792f0a53bd28
evidence/INT_MAC_W4_A8_N16__T1p0ns/reports/report_area.rpt,1806,375174d66565589c6fbcd498a69ed9986bac67ab6c67eeba9e94b39120beb98a
evidence/INT_MAC_W4_A8_N16__T1p0ns/reports/report_constraints.rpt,779,228167395cf99f765f840b70ed7f23a303537548ec6519c6259b673d2b8a97eb
evidence/INT_MAC_W4_A8_N16__T1p0ns/reports/report_qor.rpt,2449,e26e7f421b3f984a1fcb63979f1731c5d209b3eb99fab14408aa43f34ca33448
evidence/INT_MAC_W4_A8_N16__T1p0ns/reports/report_reference.rpt,4886,e2c10e800a4b0c99befe82da6ac032d7238f66be4f2ffc3f9b4a8ec6ac39a030
evidence/INT_MAC_W4_A8_N16__T1p0ns/reports/report_resources.rpt,1554,e809a7a3f224174f5c07903a161e8c1df69c1081cc7756d782fb9ca15cec5afa
evidence/INT_MAC_W4_A8_N16__T1p0ns/reports/report_timing.rpt,109091,341e661b649b2d3242b4208797f3f9f16652dde3739407d14f7d456318f008e4
evidence/INT_MAC_W4_A8_N16__T1p0ns/summary.kv,668,6c5eb359d545db719dad358b12960221b2145825e536364f1f054d92321b89b1
evidence/INT_MAC_W4_A8_N16__T2p0ns/reports/analyze.log,3594,af18246377537e09ec599b503e6610689bbdf1e0197ae3e6c1ae61063410911d
evidence/INT_MAC_W4_A8_N16__T2p0ns/reports/check_design_post.rpt,304,94bf7675a38cf2f7e109edbc8dc51e1112bf6d2b3427362c2e14197d434eaf38
evidence/INT_MAC_W4_A8_N16__T2p0ns/reports/datapath_extraction.rpt,81,fc94336cfc33bd4b491043c0e555a003f3efd077ebf13655e80c792f0a53bd28
evidence/INT_MAC_W4_A8_N16__T2p0ns/reports/report_area.rpt,1806,67a9f73691b76b46f3a300eb4ae289199b901c50d2f69914fd69c9131da1a522
evidence/INT_MAC_W4_A8_N16__T2p0ns/reports/report_constraints.rpt,2108,09bed2359a0b78a023325f58945cab35c30a4603edf392e8e6701532a2960790
evidence/INT_MAC_W4_A8_N16__T2p0ns/reports/report_qor.rpt,2450,c4c4f6d28804d9c5dcf3f25c5c4b60cb8694c962da72b7d99dd0eb4ccd321919
evidence/INT_MAC_W4_A8_N16__T2p0ns/reports/report_reference.rpt,4365,c91873885d8c18226f4d1ef3bccea2f6be79b7606425afae0f1cd4c8d0cc30c1
evidence/INT_MAC_W4_A8_N16__T2p0ns/reports/report_resources.rpt,1554,39b6aeede89bc4c9b2f35489746804ccfb259c992a0e8d260a837e88b158c30f
evidence/INT_MAC_W4_A8_N16__T2p0ns/reports/report_timing.rpt,94251,3fb65087d7fba10032be3528d8831cbb6123835f6e5a2f1920946be6fe9d3c32
evidence/INT_MAC_W4_A8_N16__T2p0ns/summary.kv,665,ca13e6c377e0f863ba828ff6c73ee85ff0221d6457d4e98446ffdaadba114f09
evidence/INT_MAC_W4_A8_N256__T0p9ns/reports/analyze.log,3596,ab4110cfb6310b864dd675426cc93c3845ce3c24b7768dfe2146703433092ed7
evidence/INT_MAC_W4_A8_N256__T0p9ns/reports/check_design_post.rpt,304,94bf7675a38cf2f7e109edbc8dc51e1112bf6d2b3427362c2e14197d434eaf38
evidence/INT_MAC_W4_A8_N256__T0p9ns/reports/datapath_extraction.rpt,81,fc94336cfc33bd4b491043c0e555a003f3efd077ebf13655e80c792f0a53bd28
evidence/INT_MAC_W4_A8_N256__T0p9ns/reports/report_area.rpt,1806,d50688f60a00240d49fa0e66e4149e92ea5a2d9c6300d032e67e68e05c19dc04
evidence/INT_MAC_W4_A8_N256__T0p9ns/reports/report_constraints.rpt,779,2edf5f9575d8b3ef179e7c009acc0bf849ee9bc5eba01e417f763b889818af43
evidence/INT_MAC_W4_A8_N256__T0p9ns/reports/report_qor.rpt,2449,fe268e11f736e8eb5a13b802f5b7e9d1e31397aea3ba490a6db15bb64ba66cab
evidence/INT_MAC_W4_A8_N256__T0p9ns/reports/report_reference.rpt,4534,96d895d9443c145955ad5975637f45a1e9d0f79f03e6393e249ea9db563faa26
evidence/INT_MAC_W4_A8_N256__T0p9ns/reports/report_resources.rpt,1554,873c7ccf496be983e504e68e1d650ca400fb62060a029d49ce11ca836a200489
evidence/INT_MAC_W4_A8_N256__T0p9ns/reports/report_timing.rpt,113891,1a66810dc5c024ad23784fdec7accc23d1bb19faedac32c3c4a0e515d5fb5738
evidence/INT_MAC_W4_A8_N256__T0p9ns/summary.kv,676,63c831365bf933a7649c6486bcbf273cf152652d65f3de0ea2a14b22738a7623
evidence/INT_MAC_W4_A8_N256__T1p0ns/reports/analyze.log,3596,aa9a47e8fbdbfd3b803b76a46d01ad4b92f58d3e049e7ede001b72c6505d7096
evidence/INT_MAC_W4_A8_N256__T1p0ns/reports/check_design_post.rpt,304,94bf7675a38cf2f7e109edbc8dc51e1112bf6d2b3427362c2e14197d434eaf38
evidence/INT_MAC_W4_A8_N256__T1p0ns/reports/datapath_extraction.rpt,81,fc94336cfc33bd4b491043c0e555a003f3efd077ebf13655e80c792f0a53bd28
evidence/INT_MAC_W4_A8_N256__T1p0ns/reports/report_area.rpt,1806,48f86d947d4342f342cbe0f520b433429f7f111302b6541e9f6ddaf41187158d
evidence/INT_MAC_W4_A8_N256__T1p0ns/reports/report_constraints.rpt,779,167e3fa090ecd924176019a9b0aac599aaa36d45ca2d021616acbe73c6e11c06
evidence/INT_MAC_W4_A8_N256__T1p0ns/reports/report_qor.rpt,2449,0d975b65a8ef2b860d135c6cf140b4e638992a60dd4b8f8a7b7b414fd6df31c9
evidence/INT_MAC_W4_A8_N256__T1p0ns/reports/report_reference.rpt,4539,98fd0fd7766cd1b53c9e52084175b5aaec6a8780b8eb3276e66be8a25d84d5c1
evidence/INT_MAC_W4_A8_N256__T1p0ns/reports/report_resources.rpt,1554,9b624a160e5bf7d6f991dae13ad2ea53c2c9e3fd031bdf23c9f67e2cca42d215
evidence/INT_MAC_W4_A8_N256__T1p0ns/reports/report_timing.rpt,129681,993fbc6236b9e4e01249b7b9e53539293444c31995b73a2a20e32da686c49e8e
evidence/INT_MAC_W4_A8_N256__T1p0ns/summary.kv,667,8c7a489bf1fc78f163c72b680d9bf2d0d51e341e934c8451e1a32529189b66bb
evidence/INT_MAC_W4_A8_N256__T2p0ns/reports/analyze.log,3596,c677aa76b65ff436d578ab2ddd2cd14ab8d8f56d406a2428016d15181b4722f6
evidence/INT_MAC_W4_A8_N256__T2p0ns/reports/check_design_post.rpt,304,94bf7675a38cf2f7e109edbc8dc51e1112bf6d2b3427362c2e14197d434eaf38
evidence/INT_MAC_W4_A8_N256__T2p0ns/reports/datapath_extraction.rpt,81,fc94336cfc33bd4b491043c0e555a003f3efd077ebf13655e80c792f0a53bd28
evidence/INT_MAC_W4_A8_N256__T2p0ns/reports/report_area.rpt,1806,ffa4f4148d642eacbbc212b738246b4e7fcb0c0510a6d1fff703dbe09b474aeb
evidence/INT_MAC_W4_A8_N256__T2p0ns/reports/report_constraints.rpt,2266,a0396b81669dccf97c9725a73edc8a63692f5737aa62ac1730312e999b3904f8
evidence/INT_MAC_W4_A8_N256__T2p0ns/reports/report_qor.rpt,2450,e2ccf79a2e00fddf282ead0b239f2b458f1529ed5b9da5eff3209fe0015d9b5f
evidence/INT_MAC_W4_A8_N256__T2p0ns/reports/report_reference.rpt,4715,29c05ec73279487230487163f5ec9bbe47fc3d911ab7bcb339d725452bc4c625
evidence/INT_MAC_W4_A8_N256__T2p0ns/reports/report_resources.rpt,1554,5547fe20c1b66b3936d83a6c59e0dd43fdc52602a1ec15f444513085f39ba6a2
evidence/INT_MAC_W4_A8_N256__T2p0ns/reports/report_timing.rpt,112519,606f44bdd94fe6257bfcc1e14da3db1c1bd53939dcecfc75ca7bc8dac9b9a8ba
evidence/INT_MAC_W4_A8_N256__T2p0ns/summary.kv,666,7b5ac7e7f2681af38537b6e4cf7c9f5d0c6eea9448d5763ef552c171f8bfa963
evidence/INT_MAC_W4_A8_N64__T0p9ns/reports/analyze.log,3594,7eedebf176347f33d7c69fcec83a78b76c81cf6c83a1f457032dbe3217104db4
evidence/INT_MAC_W4_A8_N64__T0p9ns/reports/check_design_post.rpt,304,94bf7675a38cf2f7e109edbc8dc51e1112bf6d2b3427362c2e14197d434eaf38
evidence/INT_MAC_W4_A8_N64__T0p9ns/reports/datapath_extraction.rpt,81,fc94336cfc33bd4b491043c0e555a003f3efd077ebf13655e80c792f0a53bd28
evidence/INT_MAC_W4_A8_N64__T0p9ns/reports/report_area.rpt,1806,8405e287544fc913f2c81c73ece5d0d470ff9c62bd6a05351f02923a264a8f78
evidence/INT_MAC_W4_A8_N64__T0p9ns/reports/report_constraints.rpt,779,3de324fdf5d775c37089887f7c464adca967ccaa4fd36fc630f7555be6952e80
evidence/INT_MAC_W4_A8_N64__T0p9ns/reports/report_qor.rpt,2449,6dc5eb218ce907b4b62d55cc4822a8268e3da5d2f8d1d24bda3d4ce19278282b
evidence/INT_MAC_W4_A8_N64__T0p9ns/reports/report_reference.rpt,4539,7c0eda9e3ffb4753eac36b9a6442fbaad09d46db45967084b6a977a7d8305b13
evidence/INT_MAC_W4_A8_N64__T0p9ns/reports/report_resources.rpt,1554,6cd04528e1f7258d8fcc3c3b7455cc7b7c9818f3ea8480de497de21e3ef3ffa7
evidence/INT_MAC_W4_A8_N64__T0p9ns/reports/report_timing.rpt,111971,33e81e67064bd19d688e4130f09b5daac83bd1a69425a667644edb895f400af1
evidence/INT_MAC_W4_A8_N64__T0p9ns/summary.kv,674,bc465b89f14a23faefff823cf1f7d99c2921e170d2b7e7f4e31431fc9428212a
evidence/INT_MAC_W4_A8_N64__T1p0ns/reports/analyze.log,3594,2e676e6efeafad0c4379266f39f6e4bfd792d14dc57ea76be3a15d9d74ad52b7
evidence/INT_MAC_W4_A8_N64__T1p0ns/reports/check_design_post.rpt,304,94bf7675a38cf2f7e109edbc8dc51e1112bf6d2b3427362c2e14197d434eaf38
evidence/INT_MAC_W4_A8_N64__T1p0ns/reports/datapath_extraction.rpt,81,fc94336cfc33bd4b491043c0e555a003f3efd077ebf13655e80c792f0a53bd28
evidence/INT_MAC_W4_A8_N64__T1p0ns/reports/report_area.rpt,1806,25c72991f0f56ca8e8da2d7383c835174030c47ecb775bf1a771e52b7db92907
evidence/INT_MAC_W4_A8_N64__T1p0ns/reports/report_constraints.rpt,779,20a88d94c732ed93ede1cf6d21d92cd0968c46656e53bf151e2e88df830cb46a
evidence/INT_MAC_W4_A8_N64__T1p0ns/reports/report_qor.rpt,2449,17b4a6fc83b0eb56d282b5bc7ce4c16b0af3d71e7e383e20df0089a1dc363fcd
evidence/INT_MAC_W4_A8_N64__T1p0ns/reports/report_reference.rpt,4711,dced44fbfc3392a2bae2f202de77fa8ad8910f960803acc14f1f64ee0741668d
evidence/INT_MAC_W4_A8_N64__T1p0ns/reports/report_resources.rpt,1554,6cd04528e1f7258d8fcc3c3b7455cc7b7c9818f3ea8480de497de21e3ef3ffa7
evidence/INT_MAC_W4_A8_N64__T1p0ns/reports/report_timing.rpt,116986,0527b0aa5f5da411d4a3c2fae041010b3b245194678cc2f4da2b4a35bfac92cb
evidence/INT_MAC_W4_A8_N64__T1p0ns/summary.kv,668,fe1d79f06fbd3920817f98bc5df3ce680d80533893d89a506cad82706468c83a
evidence/INT_MAC_W4_A8_N64__T2p0ns/reports/analyze.log,3594,288bd488a52a4231b3b60bdb82fe395639a374488e194482ed355bb35f920d55
evidence/INT_MAC_W4_A8_N64__T2p0ns/reports/check_design_post.rpt,304,94bf7675a38cf2f7e109edbc8dc51e1112bf6d2b3427362c2e14197d434eaf38
evidence/INT_MAC_W4_A8_N64__T2p0ns/reports/datapath_extraction.rpt,81,fc94336cfc33bd4b491043c0e555a003f3efd077ebf13655e80c792f0a53bd28
evidence/INT_MAC_W4_A8_N64__T2p0ns/reports/report_area.rpt,1806,89e066f26b32bbdca94608d23124363e9a7da5253de67381778e4776ab5b6d57
evidence/INT_MAC_W4_A8_N64__T2p0ns/reports/report_constraints.rpt,2187,46792b34e87b0f86b53683ec8ff5869d8c122210358b6655ad01c10d0b9f190b
evidence/INT_MAC_W4_A8_N64__T2p0ns/reports/report_qor.rpt,2450,8fc3f82b12aefd26fd6322cdb65c7145bec2b6f4ab03159d83aca9f7a69bd4a2
evidence/INT_MAC_W4_A8_N64__T2p0ns/reports/report_reference.rpt,4540,b4f05028cc9f345b12faf7bd7b9916addb974790f1a10a1e586dfbefd937d246
evidence/INT_MAC_W4_A8_N64__T2p0ns/reports/report_resources.rpt,1554,68f47541b93cf6ec66f57a4395af5a531838050d63dfdecadf888f1ff57508df
evidence/INT_MAC_W4_A8_N64__T2p0ns/reports/report_timing.rpt,94251,04a1c4d745c3226a529fa76709e3802feacee377630dd1a88c59ccea47bdf82f
evidence/INT_MAC_W4_A8_N64__T2p0ns/summary.kv,665,79f24c9d91d2036925e7cb45784d2f03d2afdd9d1d8bd50e03228a8bc2945868
evidence/INT_MAC_W5_A5_N64__T0p9ns/reports/analyze.log,3594,f0f792b661382f48e2a01452f4057a009852a984605b8d2cd17a278134b293b0
evidence/INT_MAC_W5_A5_N64__T0p9ns/reports/check_design_post.rpt,304,94bf7675a38cf2f7e109edbc8dc51e1112bf6d2b3427362c2e14197d434eaf38
evidence/INT_MAC_W5_A5_N64__T0p9ns/reports/datapath_extraction.rpt,81,fc94336cfc33bd4b491043c0e555a003f3efd077ebf13655e80c792f0a53bd28
evidence/INT_MAC_W5_A5_N64__T0p9ns/reports/report_area.rpt,1806,817de862f699bc2d8f3ff344b267bbdbd3c13adc6b2dc01ae60105a5dddaeaca
evidence/INT_MAC_W5_A5_N64__T0p9ns/reports/report_constraints.rpt,779,693a599188f8595dd0e64384d8115feb929eb3a7d746fe38c7fe4b11111df302
evidence/INT_MAC_W5_A5_N64__T0p9ns/reports/report_qor.rpt,2449,dae520be165aa6058e3278eaa39184d6a1d234aeb447194a180e3decbc8921c7
evidence/INT_MAC_W5_A5_N64__T0p9ns/reports/report_reference.rpt,5050,d50512bb5abbd04cba0e4771cdc85c337aae396f4a5ceec163d06b3b87d11432
evidence/INT_MAC_W5_A5_N64__T0p9ns/reports/report_resources.rpt,1554,02e991c4fb5a3134b7ffd1f9ea5eb519f64a748d260d8ff89a13c2e0f19f6e9c
evidence/INT_MAC_W5_A5_N64__T0p9ns/reports/report_timing.rpt,114321,ab35ffb58a989d52a64a8781dfcb047ca58b7aef9bb424d6b0a42b453aa90cd2
evidence/INT_MAC_W5_A5_N64__T0p9ns/summary.kv,675,4b75172a18501494be225a5d070e765a7bd6c6a5819a780df353fbbfb7f9655a
evidence/INT_MAC_W5_A5_N64__T1p0ns/reports/analyze.log,3594,fe4f3f2b11b79893654ddf719ab776a21dc00dd9cbf44724c106dc074a8c2f5c
evidence/INT_MAC_W5_A5_N64__T1p0ns/reports/check_design_post.rpt,304,94bf7675a38cf2f7e109edbc8dc51e1112bf6d2b3427362c2e14197d434eaf38
evidence/INT_MAC_W5_A5_N64__T1p0ns/reports/datapath_extraction.rpt,81,fc94336cfc33bd4b491043c0e555a003f3efd077ebf13655e80c792f0a53bd28
evidence/INT_MAC_W5_A5_N64__T1p0ns/reports/report_area.rpt,1806,8b6f80a51cb48d327418d55d51e2a6df7f8bd7d64836ed3cb1ec04360a9a06fc
evidence/INT_MAC_W5_A5_N64__T1p0ns/reports/report_constraints.rpt,779,1deaf085ee17d1edbc7c6bb004bec59b7bd624fe8e1a1bcaf644e9fa32579532
evidence/INT_MAC_W5_A5_N64__T1p0ns/reports/report_qor.rpt,2449,78b699f43d7ee944f2250177ba3b0657acd3fe4480ea5550ea18f3370e42024d
evidence/INT_MAC_W5_A5_N64__T1p0ns/reports/report_reference.rpt,5050,fedee38648342c10dcf60f17a69e6b4e8d436e4e0eff0191ea30c8c8f8d42230
evidence/INT_MAC_W5_A5_N64__T1p0ns/reports/report_resources.rpt,1554,5d6c560d099fd8a06410173991d6a488a14e59569acd2fb6adf8436574b32e99
evidence/INT_MAC_W5_A5_N64__T1p0ns/reports/report_timing.rpt,115281,f494d94de2b7077d4fc25c640cac7049c2922df9ea5f373a84956b19dbf172e2
evidence/INT_MAC_W5_A5_N64__T1p0ns/summary.kv,668,ffaef87f92ebfeb37121dec2e1b1df0aeb1bf44eb1eceb42dfda406bd68a48c1
evidence/INT_MAC_W5_A5_N64__T2p0ns/reports/analyze.log,3594,c9e0f9b9c75d4e9087db4a0b3527ab1f137e2aebdd95c16fb7088150486b056b
evidence/INT_MAC_W5_A5_N64__T2p0ns/reports/check_design_post.rpt,304,94bf7675a38cf2f7e109edbc8dc51e1112bf6d2b3427362c2e14197d434eaf38
evidence/INT_MAC_W5_A5_N64__T2p0ns/reports/datapath_extraction.rpt,81,fc94336cfc33bd4b491043c0e555a003f3efd077ebf13655e80c792f0a53bd28
evidence/INT_MAC_W5_A5_N64__T2p0ns/reports/report_area.rpt,1806,1336bf1676c93c0cb08625e18758635034df5fe65bfbb1beb28626e349c51a94
evidence/INT_MAC_W5_A5_N64__T2p0ns/reports/report_constraints.rpt,2108,e970f7a1d4866902325873d002250ff3379208780d344ab743edb5ab76421d4e
evidence/INT_MAC_W5_A5_N64__T2p0ns/reports/report_qor.rpt,2450,27e6c4524143dd3f632da85ec4bc180ffe717978aa7a90cb65bbda38bd4aab81
evidence/INT_MAC_W5_A5_N64__T2p0ns/reports/report_reference.rpt,4875,fdb2365a3416541fd94f9fe5fa4b5a45f6282a29e6dd1e5ed2b84df3eebb1d55
evidence/INT_MAC_W5_A5_N64__T2p0ns/reports/report_resources.rpt,1554,245d6ba8444d5f0252a1cb16915f786f24d36b4fa75a88c56e5a32909a2f13c8
evidence/INT_MAC_W5_A5_N64__T2p0ns/reports/report_timing.rpt,129461,cd3dc8024bf5ebad812d929ab02a6fec718db97b80747df92a49a1e1c9ae5937
evidence/INT_MAC_W5_A5_N64__T2p0ns/summary.kv,659,9d062840710233a247d10284a70a79a7a5955a398ab7696ef93b6962dcb69895
evidence/INT_MAC_W6_A16_N64__T0p9ns/reports/analyze.log,3603,755cca15067b8ae5333ebecb5d1a63efb8288a3104d2a0c210aa58291a0f9975
evidence/INT_MAC_W6_A16_N64__T0p9ns/reports/check_design_post.rpt,304,94bf7675a38cf2f7e109edbc8dc51e1112bf6d2b3427362c2e14197d434eaf38
evidence/INT_MAC_W6_A16_N64__T0p9ns/reports/datapath_extraction.rpt,81,fc94336cfc33bd4b491043c0e555a003f3efd077ebf13655e80c792f0a53bd28
evidence/INT_MAC_W6_A16_N64__T0p9ns/reports/report_area.rpt,1806,e95e39d025501bc081ce459d5195d5461579c991db8d31f5542633e154d767ed
evidence/INT_MAC_W6_A16_N64__T0p9ns/reports/report_constraints.rpt,779,beed0c5c3fb6c240e14a5c221001abf1ed34751eb611eb4eda32cbc5fb672591
evidence/INT_MAC_W6_A16_N64__T0p9ns/reports/report_qor.rpt,2449,147d2b1cc29b0d56850bafa4f837d3d4df012ea28fbaf43c4053e55356b758fc
evidence/INT_MAC_W6_A16_N64__T0p9ns/reports/report_reference.rpt,5566,acb37571bcfa23305da10b45d6f238081bc9424dfcf29e195ecc9e0170db56e7
evidence/INT_MAC_W6_A16_N64__T0p9ns/reports/report_resources.rpt,1554,e8bb0d804c935e894f66ca0df13e2e06888a8036fcb5e4a6235d67580f6a4389
evidence/INT_MAC_W6_A16_N64__T0p9ns/reports/report_timing.rpt,134541,c21a636ba120004ad9d07f7dfeb9d0351a68596e207d755b3d8081dc02ba80e4
evidence/INT_MAC_W6_A16_N64__T0p9ns/summary.kv,676,bd0cc69409849313250ae89a040f60226f4790cddaa2ebc60858f8e827cdf7b8
evidence/INT_MAC_W6_A16_N64__T1p0ns/reports/analyze.log,3603,7edddacc87117d58efcf72d6609d9fb9dbfc654621501db10af3d725cabf5f3d
evidence/INT_MAC_W6_A16_N64__T1p0ns/reports/check_design_post.rpt,304,94bf7675a38cf2f7e109edbc8dc51e1112bf6d2b3427362c2e14197d434eaf38
evidence/INT_MAC_W6_A16_N64__T1p0ns/reports/datapath_extraction.rpt,81,fc94336cfc33bd4b491043c0e555a003f3efd077ebf13655e80c792f0a53bd28
evidence/INT_MAC_W6_A16_N64__T1p0ns/reports/report_area.rpt,1806,55b1db12de0890c8d0971dc30dcb0050b5ced4a2c6e4a045d566b0ede4aadeb5
evidence/INT_MAC_W6_A16_N64__T1p0ns/reports/report_constraints.rpt,779,a66de536d3d1ba7b81228c9598103e7522a6f4aae481be4dfd65e1ee8a885bbd
evidence/INT_MAC_W6_A16_N64__T1p0ns/reports/report_qor.rpt,2449,902e6a721582fcfa195ca13d48f1ca8356ab828963bfaf3d2a1999037bd36900
evidence/INT_MAC_W6_A16_N64__T1p0ns/reports/report_reference.rpt,6088,bf477067611a36a93d2d7593ae5411f18d4cbf21d243a73ca22eb58c023469dc
evidence/INT_MAC_W6_A16_N64__T1p0ns/reports/report_resources.rpt,1554,ba5651bafe2b7e89ca3d2c32303fedbcf2753874dcce10c724359fd6fb50398d
evidence/INT_MAC_W6_A16_N64__T1p0ns/reports/report_timing.rpt,144227,e67b9bf6c926c7e99c1600e52a977a8e9c3c7c1b104fcf172f31ba609bbc73c6
evidence/INT_MAC_W6_A16_N64__T1p0ns/summary.kv,673,ddad7ccb2f3a0ddb4c44467b20480bfcfef1b2758b1f40c60d699116a184b12b
evidence/INT_MAC_W6_A16_N64__T2p0ns/reports/analyze.log,3603,7544d1711550b6d8d575f8bb1c2a0ae56b0e3a2cec7307a65ac38c85ba61e0c2
evidence/INT_MAC_W6_A16_N64__T2p0ns/reports/check_design_post.rpt,304,94bf7675a38cf2f7e109edbc8dc51e1112bf6d2b3427362c2e14197d434eaf38
evidence/INT_MAC_W6_A16_N64__T2p0ns/reports/datapath_extraction.rpt,81,fc94336cfc33bd4b491043c0e555a003f3efd077ebf13655e80c792f0a53bd28
evidence/INT_MAC_W6_A16_N64__T2p0ns/reports/report_area.rpt,1806,63a8c6d77cf8e3061b8f863506c5ccbd358c56347ab46f1e0083bed0333930d3
evidence/INT_MAC_W6_A16_N64__T2p0ns/reports/report_constraints.rpt,2977,885f4b3220c446463f417c798265220b383be42ed71627c788d7cb065aaab4be
evidence/INT_MAC_W6_A16_N64__T2p0ns/reports/report_qor.rpt,2450,1254d850bca579d464c5a5db6e30dfd8bd4f49847e659933ec6858308669290e
evidence/INT_MAC_W6_A16_N64__T2p0ns/reports/report_reference.rpt,4886,73ff6a8c801204d3de94c7a1d85b80cae2b940e5d15826b4f5ace8ac82cb71f1
evidence/INT_MAC_W6_A16_N64__T2p0ns/reports/report_resources.rpt,1554,d84426260eaf0269e20d6834540b83d218fe7c3949cfff93cbdf7951b2a34322
evidence/INT_MAC_W6_A16_N64__T2p0ns/reports/report_timing.rpt,145333,5d1839b4c9dbf0993380adcc93b415481b454184a99cfa96f06443a24546fa0c
evidence/INT_MAC_W6_A16_N64__T2p0ns/summary.kv,666,d230f50a8c820bd31628db2d616b239d7e7e094eb65f8602cb9e3b06fb68b2d6
evidence/INT_MAC_W6_A4_N64__T0p9ns/reports/analyze.log,3594,b17d4138b4efacc7b9ae4b0dbe360f73cd92befbe12739a7d841b5141cb1b3da
evidence/INT_MAC_W6_A4_N64__T0p9ns/reports/check_design_post.rpt,304,94bf7675a38cf2f7e109edbc8dc51e1112bf6d2b3427362c2e14197d434eaf38
evidence/INT_MAC_W6_A4_N64__T0p9ns/reports/datapath_extraction.rpt,81,fc94336cfc33bd4b491043c0e555a003f3efd077ebf13655e80c792f0a53bd28
evidence/INT_MAC_W6_A4_N64__T0p9ns/reports/report_area.rpt,1806,c7df034345ede9150c117954b7ab2d758c95550251c26a7aae5947a26016d5a7
evidence/INT_MAC_W6_A4_N64__T0p9ns/reports/report_constraints.rpt,779,26d0326f8ef784f7560df358ec7a5860b917d33f2a5512a0ee74c6ac78c23f8d
evidence/INT_MAC_W6_A4_N64__T0p9ns/reports/report_qor.rpt,2449,6e956091539a16d7bbae0e247752285bd8112123bdcdee7a4b6f101a2857df1d
evidence/INT_MAC_W6_A4_N64__T0p9ns/reports/report_reference.rpt,4711,d1bb6cbeddbfeabb4b44e0595650dd95e001a7a490b7fc1ac6ad53649dc31f02
evidence/INT_MAC_W6_A4_N64__T0p9ns/reports/report_resources.rpt,1554,e459e5d7969022e57dc17b13b65c79f00eefbb8b1f8a2657b81215651cd54e74
evidence/INT_MAC_W6_A4_N64__T0p9ns/reports/report_timing.rpt,109301,10788efe36baa38c9bcc352d3977ae8432b35d03f4184301005a267c622c4294
evidence/INT_MAC_W6_A4_N64__T0p9ns/summary.kv,675,1cf8187fa8f6838da911667b529e693913115233dcf71d872acebe453e09129c
evidence/INT_MAC_W6_A4_N64__T1p0ns/reports/analyze.log,3594,380982edc8e14e3c2b17ae70785db8ebfa1723a168b5896de86cdd40b65a267c
evidence/INT_MAC_W6_A4_N64__T1p0ns/reports/check_design_post.rpt,304,94bf7675a38cf2f7e109edbc8dc51e1112bf6d2b3427362c2e14197d434eaf38
evidence/INT_MAC_W6_A4_N64__T1p0ns/reports/datapath_extraction.rpt,81,fc94336cfc33bd4b491043c0e555a003f3efd077ebf13655e80c792f0a53bd28
evidence/INT_MAC_W6_A4_N64__T1p0ns/reports/report_area.rpt,1806,fc3d50a50d9cfff287eaa6ef36923b66551a4edfce8bcd23336d0fc11e7b02df
evidence/INT_MAC_W6_A4_N64__T1p0ns/reports/report_constraints.rpt,779,5602ddf86a1305bb0b33117ffdc06b25f3af8db77eecaae07eac2c2f3c7ddc5c
evidence/INT_MAC_W6_A4_N64__T1p0ns/reports/report_qor.rpt,2449,94c7418ac5da55ad8a87a043a3ec008b5207152dae5f567a648489016785d396
evidence/INT_MAC_W6_A4_N64__T1p0ns/reports/report_reference.rpt,4886,323c5dd51f57808fdcb37c4d7265974958c50635426d8cda03dd8261023f12b4
evidence/INT_MAC_W6_A4_N64__T1p0ns/reports/report_resources.rpt,1554,4541fc4faef69894d7e2ccb4f121b624c43668c719cf674b039be1f35cbc3853
evidence/INT_MAC_W6_A4_N64__T1p0ns/reports/report_timing.rpt,115281,24901a821334a069ad5a596c509b34dd3df720e9962a3db7ec89416e7d0ebb7d
evidence/INT_MAC_W6_A4_N64__T1p0ns/summary.kv,667,ce270c03f961b757b035d0a9141867f1c6b2c1c877883c9f772a1a6a2a3682b9
evidence/INT_MAC_W6_A4_N64__T2p0ns/reports/analyze.log,3594,a88e4f0d66173f335e4dcc3bcab2f2b42a6443153f8153f22425f366277d1c46
evidence/INT_MAC_W6_A4_N64__T2p0ns/reports/check_design_post.rpt,304,94bf7675a38cf2f7e109edbc8dc51e1112bf6d2b3427362c2e14197d434eaf38
evidence/INT_MAC_W6_A4_N64__T2p0ns/reports/datapath_extraction.rpt,81,fc94336cfc33bd4b491043c0e555a003f3efd077ebf13655e80c792f0a53bd28
evidence/INT_MAC_W6_A4_N64__T2p0ns/reports/report_area.rpt,1806,109903a8a416366aa0ece34febabf54c3eaf8545b40fd649223e803a341f017e
evidence/INT_MAC_W6_A4_N64__T2p0ns/reports/report_constraints.rpt,2108,38ffa5a9e06795bf6da4997dc592709bed90091907a6e35a55ebdfb84c3924e0
evidence/INT_MAC_W6_A4_N64__T2p0ns/reports/report_qor.rpt,2450,fc9b3a7988bee25c87a304e9b7ef484ae40a3e06090719796b6946927fb97611
evidence/INT_MAC_W6_A4_N64__T2p0ns/reports/report_reference.rpt,4365,f222ca046fe64e646c534b3bd4c34b80e5675cc71bbba637fd4740d08fcc9dd3
evidence/INT_MAC_W6_A4_N64__T2p0ns/reports/report_resources.rpt,1554,d32b613bd05ff9f8d6e2bad4d1b60163f48ed25ab7efeac3032d2d89af546f41
evidence/INT_MAC_W6_A4_N64__T2p0ns/reports/report_timing.rpt,102141,48f8b529dcab649175c81fc6704c47f7a73a4b726ec4c467bd2a68bff44ae08a
evidence/INT_MAC_W6_A4_N64__T2p0ns/summary.kv,663,b1456d390763e4dba88099011071bfa14c2f45448d7758d3212df91d50a1c1a6
evidence/INT_MAC_W6_A8_N64__T0p9ns/reports/analyze.log,3594,ab2e07833bfdea3d2df682c95d74b6c8cb171105266b49625749b883e65e6e18
evidence/INT_MAC_W6_A8_N64__T0p9ns/reports/check_design_post.rpt,304,94bf7675a38cf2f7e109edbc8dc51e1112bf6d2b3427362c2e14197d434eaf38
evidence/INT_MAC_W6_A8_N64__T0p9ns/reports/datapath_extraction.rpt,81,fc94336cfc33bd4b491043c0e555a003f3efd077ebf13655e80c792f0a53bd28
evidence/INT_MAC_W6_A8_N64__T0p9ns/reports/report_area.rpt,1806,6b317c5f9d174cd00af1802d1f07b1675f71392fa083aa18787fe16c08b41357
evidence/INT_MAC_W6_A8_N64__T0p9ns/reports/report_constraints.rpt,779,76715a98ad5a87c0be0641b7465e25df7dcbfc328c533c307d2d5630b516d773
evidence/INT_MAC_W6_A8_N64__T0p9ns/reports/report_qor.rpt,2449,fa4aef750b9e6142d7956b00bff72d5783486cefa68219f94bb3675f53dcb6e4
evidence/INT_MAC_W6_A8_N64__T0p9ns/reports/report_reference.rpt,6090,98e17e5b0e9975e6ff10015dc30fee77054f7fe9fdfb79a59ef1556e330c3be3
evidence/INT_MAC_W6_A8_N64__T0p9ns/reports/report_resources.rpt,1554,2210087c1a32b5b77adbe7554ef41cc7d8153f9a44ce969a81623c5c02042610
evidence/INT_MAC_W6_A8_N64__T0p9ns/reports/report_timing.rpt,119651,8a90d71105a1dfee8695a7c4261bf1f6b0241db15351d41b106ac67c9c373562
evidence/INT_MAC_W6_A8_N64__T0p9ns/summary.kv,679,0918ee921043ebc6feeffc6ba7aa4d51cff4135d45fd71f2fa3d796154742d25
evidence/INT_MAC_W6_A8_N64__T1p0ns/reports/analyze.log,3594,7df3ffc3dcc3b143b8038db757ed38e5d4c5f2482839269e3840b5f36cd6f7fd
evidence/INT_MAC_W6_A8_N64__T1p0ns/reports/check_design_post.rpt,304,94bf7675a38cf2f7e109edbc8dc51e1112bf6d2b3427362c2e14197d434eaf38
evidence/INT_MAC_W6_A8_N64__T1p0ns/reports/datapath_extraction.rpt,81,fc94336cfc33bd4b491043c0e555a003f3efd077ebf13655e80c792f0a53bd28
evidence/INT_MAC_W6_A8_N64__T1p0ns/reports/report_area.rpt,1806,10800a2267406ebf49cb49d7dda424d3e62d3a28ef10203056b81ef1bf0b85e6
evidence/INT_MAC_W6_A8_N64__T1p0ns/reports/report_constraints.rpt,779,73489e85475a21f35541386dc4c35047965df69b0166646203af0d825824a46d
evidence/INT_MAC_W6_A8_N64__T1p0ns/reports/report_qor.rpt,2449,5f2cb60333a089c81ce1940441b422eb8811e3bad0875ace0eee0d5834ab6b20
evidence/INT_MAC_W6_A8_N64__T1p0ns/reports/report_reference.rpt,4881,15d741ae0723fed1fc86c8f5c915c7de3aca08a68c4d980dff6f178c38e27393
evidence/INT_MAC_W6_A8_N64__T1p0ns/reports/report_resources.rpt,1554,2210087c1a32b5b77adbe7554ef41cc7d8153f9a44ce969a81623c5c02042610
evidence/INT_MAC_W6_A8_N64__T1p0ns/reports/report_timing.rpt,125411,c97491c35be8d3fd08a355fc1f5eb8f23a31c8163ba693da1ea6f7c39d7056e7
evidence/INT_MAC_W6_A8_N64__T1p0ns/summary.kv,670,e42ee60ae1fb97568588272a7eb219e6626eefb6b9bc2da6a07408a1fc841d3f
evidence/INT_MAC_W6_A8_N64__T2p0ns/reports/analyze.log,3594,451cd46ca6b6e6137f56e5ce629c482d1c9d34d94a0d3ecf8a954c7abd78fec9
evidence/INT_MAC_W6_A8_N64__T2p0ns/reports/check_design_post.rpt,304,94bf7675a38cf2f7e109edbc8dc51e1112bf6d2b3427362c2e14197d434eaf38
evidence/INT_MAC_W6_A8_N64__T2p0ns/reports/datapath_extraction.rpt,81,fc94336cfc33bd4b491043c0e555a003f3efd077ebf13655e80c792f0a53bd28
evidence/INT_MAC_W6_A8_N64__T2p0ns/reports/report_area.rpt,1806,31cdb65c1c68d927a7f5dee398a9c19775bdd876a161c3ebd4c3ba959b93cb6a
evidence/INT_MAC_W6_A8_N64__T2p0ns/reports/report_constraints.rpt,2345,f0ba1fc5d57efb164521eb37b7aa67dbde4ac325a85f3c9cd7316443a5ff4ea2
evidence/INT_MAC_W6_A8_N64__T2p0ns/reports/report_qor.rpt,2450,460e9369e0dc5e2748af599b4ca019476dbcc9a1bed4975831069163c521ac5f
evidence/INT_MAC_W6_A8_N64__T2p0ns/reports/report_reference.rpt,5407,a54a36c5d312601206e4b4bcc638e9a6225b3eed9c9ea640a60adf293000d686
evidence/INT_MAC_W6_A8_N64__T2p0ns/reports/report_resources.rpt,1554,20b400d06c9d04cd4d7ef4e8a24841dd10d64843c55bcb06e405eaf5230be35b
evidence/INT_MAC_W6_A8_N64__T2p0ns/reports/report_timing.rpt,113461,fd0b8fd16b220c24ce00ddd09137048a9c83eeca4647952a71c8a4cca8baf9c6
evidence/INT_MAC_W6_A8_N64__T2p0ns/summary.kv,665,8baad4c8e4e5adcfbe0c6f7fa4e3390dda27babbc11e249068cdeafbf7afeb58
evidence/INT_MAC_W8_A16_N64__T0p9ns/reports/analyze.log,3603,756b401b6e2a1a44dbd86d53c6ab7a0a89f6c3f83c0c5b661f2ec45ad9887493
evidence/INT_MAC_W8_A16_N64__T0p9ns/reports/check_design_post.rpt,304,94bf7675a38cf2f7e109edbc8dc51e1112bf6d2b3427362c2e14197d434eaf38
evidence/INT_MAC_W8_A16_N64__T0p9ns/reports/datapath_extraction.rpt,81,fc94336cfc33bd4b491043c0e555a003f3efd077ebf13655e80c792f0a53bd28
evidence/INT_MAC_W8_A16_N64__T0p9ns/reports/report_area.rpt,1806,a4ec4e7dd8e572fc042abf1118fbead6b16586c5ec8fa0f9f822af72f5317e6e
evidence/INT_MAC_W8_A16_N64__T0p9ns/reports/report_constraints.rpt,779,2286f015200d17feeb3e4593729d9983fc12cdd6df8f7496183948b496a102c1
evidence/INT_MAC_W8_A16_N64__T0p9ns/reports/report_qor.rpt,2449,9723ab1d41db3daaaec74ae0e3f8d0c0add36682e35e7f03a56b9295b74d8bca
evidence/INT_MAC_W8_A16_N64__T0p9ns/reports/report_reference.rpt,5913,a79cc80cdeceecb1c2873bd5a4c65326d6a0913f25fab74af9045475123ca7b3
evidence/INT_MAC_W8_A16_N64__T0p9ns/reports/report_resources.rpt,1554,9580e92bb4d38aed96da2163f28f3a591f897420231586f672f8ae5badd3ec48
evidence/INT_MAC_W8_A16_N64__T0p9ns/reports/report_timing.rpt,133091,e89322c3201b97089c51d971f6bc1a094244c2420b48e1872c946082e2a814ae
evidence/INT_MAC_W8_A16_N64__T0p9ns/summary.kv,678,ed152d75d83d1d04ca3bca4527aa620ac14b201dee79ac747ebec003b229fbdf
evidence/INT_MAC_W8_A16_N64__T1p0ns/reports/analyze.log,3603,bf2b50cfef736ff0af539d4e9b30637d7a17c5bf1896c9b87ddaf5bd4e5b34dc
evidence/INT_MAC_W8_A16_N64__T1p0ns/reports/check_design_post.rpt,304,94bf7675a38cf2f7e109edbc8dc51e1112bf6d2b3427362c2e14197d434eaf38
evidence/INT_MAC_W8_A16_N64__T1p0ns/reports/datapath_extraction.rpt,81,fc94336cfc33bd4b491043c0e555a003f3efd077ebf13655e80c792f0a53bd28
evidence/INT_MAC_W8_A16_N64__T1p0ns/reports/report_area.rpt,1806,c93929d274e29e59d780bfc66135dfd249817b8e39eb4f2a00d852a03b21242c
evidence/INT_MAC_W8_A16_N64__T1p0ns/reports/report_constraints.rpt,779,b504b56090c36e3074f75a408670ab84bc6a2ea70720e414f2af593eef4d6cee
evidence/INT_MAC_W8_A16_N64__T1p0ns/reports/report_qor.rpt,2449,f817f7dca54971fd529a73cec0d3dc66e7f6746f53b2063f8d1d35669b711344
evidence/INT_MAC_W8_A16_N64__T1p0ns/reports/report_reference.rpt,5912,f8dbda5d7284f592ef40d375b633a8a1e997b3048cbc39222c20c44a887590f0
evidence/INT_MAC_W8_A16_N64__T1p0ns/reports/report_resources.rpt,1554,814167ca4a2fae20258ad7adf697c3a4cc7192d42fd1ba6a1db7d0e5a1f56167
evidence/INT_MAC_W8_A16_N64__T1p0ns/reports/report_timing.rpt,142691,c588dadefead71d1c34d0ae30374c158e5b3a0b6b1f15295f0f2a606731ab8d1
evidence/INT_MAC_W8_A16_N64__T1p0ns/summary.kv,673,48b48ae8b17860bb9104ec626327d7c8c7b1a7fd430deb4ca4f6701797cddec9
evidence/INT_MAC_W8_A16_N64__T2p0ns/reports/analyze.log,3603,e8eef657d131450aa140d3417f9f90368ff16871bd8276e2c6a4131adada0a0f
evidence/INT_MAC_W8_A16_N64__T2p0ns/reports/check_design_post.rpt,304,94bf7675a38cf2f7e109edbc8dc51e1112bf6d2b3427362c2e14197d434eaf38
evidence/INT_MAC_W8_A16_N64__T2p0ns/reports/datapath_extraction.rpt,81,fc94336cfc33bd4b491043c0e555a003f3efd077ebf13655e80c792f0a53bd28
evidence/INT_MAC_W8_A16_N64__T2p0ns/reports/report_area.rpt,1806,b822c810c51ba340f56d50932cac83830b1ff446479a7e17569d378e650d4c61
evidence/INT_MAC_W8_A16_N64__T2p0ns/reports/report_constraints.rpt,3135,f1a989e5fa205923719e3eb611b6ac4c2f88c539cf24c1c7788ff9d45e7dac7b
evidence/INT_MAC_W8_A16_N64__T2p0ns/reports/report_qor.rpt,2450,6bd77ddb25c66ca44010bda5cfa2924fa6ef431d71e8b15d7d80cc560035d23e
evidence/INT_MAC_W8_A16_N64__T2p0ns/reports/report_reference.rpt,4714,8678dd35ef50283d9db2c5f97bd6cca74cfa5633e867bc8a39d258d351a8e168
evidence/INT_MAC_W8_A16_N64__T2p0ns/reports/report_resources.rpt,1554,6312557ef88badb59e6c0b9d96b762b81d77daa8e46c384e8383dddec116b84e
evidence/INT_MAC_W8_A16_N64__T2p0ns/reports/report_timing.rpt,153781,9850cda83a37c8004b4d9525ef91e5551b32116d327e4b32cdd85d95925cc210
evidence/INT_MAC_W8_A16_N64__T2p0ns/summary.kv,666,756b14c55dae5936eecb88dbe4dd929ebc97dee480efde74dc5adb2fbc7331cc
evidence/INT_MAC_W8_A4_N64__T0p9ns/reports/analyze.log,3594,785b1766a4409192e2d7824be137066fed6bb62e370b1a6b42ac019d0dbab693
evidence/INT_MAC_W8_A4_N64__T0p9ns/reports/check_design_post.rpt,304,94bf7675a38cf2f7e109edbc8dc51e1112bf6d2b3427362c2e14197d434eaf38
evidence/INT_MAC_W8_A4_N64__T0p9ns/reports/datapath_extraction.rpt,81,fc94336cfc33bd4b491043c0e555a003f3efd077ebf13655e80c792f0a53bd28
evidence/INT_MAC_W8_A4_N64__T0p9ns/reports/report_area.rpt,1806,70c517784bbb25bbe53f6ca1aff413dd42980a1e955a0632bbe34e37ba5decf1
evidence/INT_MAC_W8_A4_N64__T0p9ns/reports/report_constraints.rpt,779,3eb557acc353038d8c114efed6dfb449c022b59e8249199f15c08d76bc1c1d34
evidence/INT_MAC_W8_A4_N64__T0p9ns/reports/report_qor.rpt,2449,85e969d861ddbe8a12030e192c0a8b330abcfb508d73aa413ed2f88b8ef03d10
evidence/INT_MAC_W8_A4_N64__T0p9ns/reports/report_reference.rpt,4539,06c2fdc8f0673f7b6c302d02de35797eb24a510e6e9f8cf39b8e789de8cc00d3
evidence/INT_MAC_W8_A4_N64__T0p9ns/reports/report_resources.rpt,1554,7d12313d2cd132d6febb9332de98b53851f69ab01279c78925df284e09a349bd
evidence/INT_MAC_W8_A4_N64__T0p9ns/reports/report_timing.rpt,111971,6c40102f599f72b22c4025c23e994c2426ab0aaba37506f3177a017bbbafdf95
evidence/INT_MAC_W8_A4_N64__T0p9ns/summary.kv,674,a0217706e87091f541b834348f590a04754acc71f28a819074cec74094d62eb2
evidence/INT_MAC_W8_A4_N64__T1p0ns/reports/analyze.log,3594,cb5cedabc357b6f260e8aae532d67df58c4e937227fa40af4908de77ce2e813e
evidence/INT_MAC_W8_A4_N64__T1p0ns/reports/check_design_post.rpt,304,94bf7675a38cf2f7e109edbc8dc51e1112bf6d2b3427362c2e14197d434eaf38
evidence/INT_MAC_W8_A4_N64__T1p0ns/reports/datapath_extraction.rpt,81,fc94336cfc33bd4b491043c0e555a003f3efd077ebf13655e80c792f0a53bd28
evidence/INT_MAC_W8_A4_N64__T1p0ns/reports/report_area.rpt,1806,cd2989617a90692bd5431fe366bd599579a08ea32fbaab46cd4fe5e08a0055da
evidence/INT_MAC_W8_A4_N64__T1p0ns/reports/report_constraints.rpt,779,1cf542003394a7334b43f4219e1495ea2e8e2b8d37c4277649f6a31ea7c758d8
evidence/INT_MAC_W8_A4_N64__T1p0ns/reports/report_qor.rpt,2449,e45dbd5df439557d9deb57c365354d1f2e37f485fa0bfd82516303c3f5d69858
evidence/INT_MAC_W8_A4_N64__T1p0ns/reports/report_reference.rpt,4711,8d19d39562bcf0cd4aee61c7e5799b6fae1ea74685cd4fffb0742369dce84012
evidence/INT_MAC_W8_A4_N64__T1p0ns/reports/report_resources.rpt,1554,7d12313d2cd132d6febb9332de98b53851f69ab01279c78925df284e09a349bd
evidence/INT_MAC_W8_A4_N64__T1p0ns/reports/report_timing.rpt,116986,46cc10d7c5f83a88a55a3e7f06111954025e3d2abf553c125a44116097342a46
evidence/INT_MAC_W8_A4_N64__T1p0ns/summary.kv,668,5440c7a393c748e386fe46f34194797300cfac87c13d73f176bd23d3b3dd501f
evidence/INT_MAC_W8_A4_N64__T2p0ns/reports/analyze.log,3594,5505697bce43b17f2790237be5d441c4cc6c4cba5f3cadc85d27dcaea13f32ab
evidence/INT_MAC_W8_A4_N64__T2p0ns/reports/check_design_post.rpt,304,94bf7675a38cf2f7e109edbc8dc51e1112bf6d2b3427362c2e14197d434eaf38
evidence/INT_MAC_W8_A4_N64__T2p0ns/reports/datapath_extraction.rpt,81,fc94336cfc33bd4b491043c0e555a003f3efd077ebf13655e80c792f0a53bd28
evidence/INT_MAC_W8_A4_N64__T2p0ns/reports/report_area.rpt,1806,b83c398c74aeccbf7109c4678db79a9ea05b6f7b0171b7e714ce6f7eda8b49db
evidence/INT_MAC_W8_A4_N64__T2p0ns/reports/report_constraints.rpt,2187,434378409d72a992c190a7b772295a650b1c433bcaa26d246bdface7c36e4597
evidence/INT_MAC_W8_A4_N64__T2p0ns/reports/report_qor.rpt,2450,aed7ea49319e6096a073094dd755771f5e0d11ccbb4e91e464e61d19fee02d17
evidence/INT_MAC_W8_A4_N64__T2p0ns/reports/report_reference.rpt,4540,d25b9615a5ea641a7313da8d7cbf65a524ee634e75d661bd835678ef24a0f9b6
evidence/INT_MAC_W8_A4_N64__T2p0ns/reports/report_resources.rpt,1554,3ef77a1e41b83b191595251f8313bf7bb35b61f48874e984fdd0262805caada6
evidence/INT_MAC_W8_A4_N64__T2p0ns/reports/report_timing.rpt,94251,6de7e095a541a8db2a575245d38e37329eedabda588e70cb7727de0f3b06ea2a
evidence/INT_MAC_W8_A4_N64__T2p0ns/summary.kv,665,76cbc66910435c34a0316ef118909f73226e180a1ad48d2279ef7ee393779d99
evidence/INT_MAC_W8_A8_N16__T0p9ns/reports/analyze.log,3594,ba3a336c8727cf75baefce9607bb610e03214bfbca8b685ed7e2e1d9f84e0b7f
evidence/INT_MAC_W8_A8_N16__T0p9ns/reports/check_design_post.rpt,304,94bf7675a38cf2f7e109edbc8dc51e1112bf6d2b3427362c2e14197d434eaf38
evidence/INT_MAC_W8_A8_N16__T0p9ns/reports/datapath_extraction.rpt,81,fc94336cfc33bd4b491043c0e555a003f3efd077ebf13655e80c792f0a53bd28
evidence/INT_MAC_W8_A8_N16__T0p9ns/reports/report_area.rpt,1806,80deb74a586d59b67ccd137702523d63fbf173eec73c90f4223f9d717ab482b4
evidence/INT_MAC_W8_A8_N16__T0p9ns/reports/report_constraints.rpt,779,07f7fb391f396ec6d8ae03313c4b822c6c1ab482611647dd61f6de02b4b3711b
evidence/INT_MAC_W8_A8_N16__T0p9ns/reports/report_qor.rpt,2449,fdb92aa474053b69d16b3fc047f615a0a83add4841e6a7fa4d64825e7b828743
evidence/INT_MAC_W8_A8_N16__T0p9ns/reports/report_reference.rpt,7307,a5fb92bdc602f749629c2b36d184f23cc8f19dbe4f596a014dfc7fed5f0c280d
evidence/INT_MAC_W8_A8_N16__T0p9ns/reports/report_resources.rpt,1554,826ba39d052eef8439e539834df276e48bc2d081dd3f18576c9ba6f43eba9173
evidence/INT_MAC_W8_A8_N16__T0p9ns/reports/report_timing.rpt,133859,47fafbd3c68e25b157c72311ab55bd4e4a61f408a923541ea4a4229c64b14b10
evidence/INT_MAC_W8_A8_N16__T0p9ns/summary.kv,679,08f2f5baafd04d4ef059f5b99f06121aea5b29540787041897c1132789e7d224
evidence/INT_MAC_W8_A8_N16__T1p0ns/reports/analyze.log,3594,ec3256858d750abdfe06e724b957aa391a6864b9c6eed37c3b63ca1397ca75b9
evidence/INT_MAC_W8_A8_N16__T1p0ns/reports/check_design_post.rpt,304,94bf7675a38cf2f7e109edbc8dc51e1112bf6d2b3427362c2e14197d434eaf38
evidence/INT_MAC_W8_A8_N16__T1p0ns/reports/datapath_extraction.rpt,81,fc94336cfc33bd4b491043c0e555a003f3efd077ebf13655e80c792f0a53bd28
evidence/INT_MAC_W8_A8_N16__T1p0ns/reports/report_area.rpt,1806,fe8c6a11348e66958683523df981afed18c7d9f0dfa43eaac904d5031102a486
evidence/INT_MAC_W8_A8_N16__T1p0ns/reports/report_constraints.rpt,779,0dd299ad2a6c2a06ba93c2c7c4678f9e91383ca776f0e75784813964374c9c19
evidence/INT_MAC_W8_A8_N16__T1p0ns/reports/report_qor.rpt,2449,0e2371b9b2723984e2b898937e9a9b6590070589b26be211bd5b0145ea859447
evidence/INT_MAC_W8_A8_N16__T1p0ns/reports/report_reference.rpt,5235,d5da8c5a7f506ab9deac590ea5760e1cab743ac48744430a7aaa67b5480d0689
evidence/INT_MAC_W8_A8_N16__T1p0ns/reports/report_resources.rpt,1554,cd8a1f59320105721421e0af35f20bac0ca50092a18feb7850b47a867bbf7b60
evidence/INT_MAC_W8_A8_N16__T1p0ns/reports/report_timing.rpt,125411,f5a47d02a742201725bfba80388999fccb5a09628b681e99001798c2654cf485
evidence/INT_MAC_W8_A8_N16__T1p0ns/summary.kv,668,2ba73fdbc8779d467678b44d82806e7742749e6b97feffa4622faeb5bcd130b6
evidence/INT_MAC_W8_A8_N16__T2p0ns/reports/analyze.log,3594,55c8853b97eedab373b31af4ace44e7c1b4fc8a29aa0e5019f64cb258c239556
evidence/INT_MAC_W8_A8_N16__T2p0ns/reports/check_design_post.rpt,304,94bf7675a38cf2f7e109edbc8dc51e1112bf6d2b3427362c2e14197d434eaf38
evidence/INT_MAC_W8_A8_N16__T2p0ns/reports/datapath_extraction.rpt,81,fc94336cfc33bd4b491043c0e555a003f3efd077ebf13655e80c792f0a53bd28
evidence/INT_MAC_W8_A8_N16__T2p0ns/reports/report_area.rpt,1806,c5c6795264da021105552b8ebe14cbd5178a7a0921c6f064d6a7f7c407fafe81
evidence/INT_MAC_W8_A8_N16__T2p0ns/reports/report_constraints.rpt,2424,fc85821e86b5c4d693a0c6f654291da51d22a3f92e76756dc8a4c43874c5d100
evidence/INT_MAC_W8_A8_N16__T2p0ns/reports/report_qor.rpt,2450,d3b14a55b39132d2ab417e46feb6f8b44912fd1cf5611e9f9af89e5b8c9dfa98
evidence/INT_MAC_W8_A8_N16__T2p0ns/reports/report_reference.rpt,5060,1fc7f4d4d7f68d4e88c66256f964af3755e826c8ae273bba09d558f85d871f45
evidence/INT_MAC_W8_A8_N16__T2p0ns/reports/report_resources.rpt,1554,5c5de87a68a15fdeab2f449c02c2cd559b35a8eba9b4f03dd1d8a80067b2e91b
evidence/INT_MAC_W8_A8_N16__T2p0ns/reports/report_timing.rpt,109621,98cab9959df1624e216413fd502b249c2d2dbe3b9462baf85b409e910979a2a6
evidence/INT_MAC_W8_A8_N16__T2p0ns/summary.kv,665,e23cb07c077dfa2dd06de8ffeb4b6dfd4d6d8bb8d275d5348147dc6cd2ea8101
evidence/INT_MAC_W8_A8_N256__T0p9ns/reports/analyze.log,3596,fd5152b8c7169c0cf1167dc9f15093b41b38fa2baf9fe823296793eae6d99698
evidence/INT_MAC_W8_A8_N256__T0p9ns/reports/check_design_post.rpt,304,94bf7675a38cf2f7e109edbc8dc51e1112bf6d2b3427362c2e14197d434eaf38
evidence/INT_MAC_W8_A8_N256__T0p9ns/reports/datapath_extraction.rpt,81,fc94336cfc33bd4b491043c0e555a003f3efd077ebf13655e80c792f0a53bd28
evidence/INT_MAC_W8_A8_N256__T0p9ns/reports/report_area.rpt,1806,5adbe618d8c5d1637fe7972c50ed45dced81f42732e8463d334ce22e6ac41116
evidence/INT_MAC_W8_A8_N256__T0p9ns/reports/report_constraints.rpt,779,a3d15cafdf02820950ff5b03140bc0bc655948bda195d7a34f74bdeab5318314
evidence/INT_MAC_W8_A8_N256__T0p9ns/reports/report_qor.rpt,2449,7d92e79a62572c659c83e537daee7d6d3b7c9e2fc972f1bc92f17b750f8e58e2
evidence/INT_MAC_W8_A8_N256__T0p9ns/reports/report_reference.rpt,7307,9bcc6921deb3f3f351f43cbdbfd4edf0000814b59c8b248b8f44900084834a24
evidence/INT_MAC_W8_A8_N256__T0p9ns/reports/report_resources.rpt,1554,325c2e86ff87db74f5de63934fa26a08bab18ba63dc9bfb71398892893ed433d
evidence/INT_MAC_W8_A8_N256__T0p9ns/reports/report_timing.rpt,136551,ca3a06dfdb93a32fd46d05c83088d02ef8db96999999e7589b20e970fe523cce
evidence/INT_MAC_W8_A8_N256__T0p9ns/summary.kv,680,c37c7726d869c964dfdd0ffb2e5f81cf98eaeb55db337b6a9d1562a79d25cd78
evidence/INT_MAC_W8_A8_N256__T1p0ns/reports/analyze.log,3596,a3fb60f9389a04b9fd393c2455ca801e42a43386dc545dc9343cf3ee9d0da671
evidence/INT_MAC_W8_A8_N256__T1p0ns/reports/check_design_post.rpt,304,94bf7675a38cf2f7e109edbc8dc51e1112bf6d2b3427362c2e14197d434eaf38
evidence/INT_MAC_W8_A8_N256__T1p0ns/reports/datapath_extraction.rpt,81,fc94336cfc33bd4b491043c0e555a003f3efd077ebf13655e80c792f0a53bd28
evidence/INT_MAC_W8_A8_N256__T1p0ns/reports/report_area.rpt,1806,ab7556e67d9c3bfd5f6ad0ed08e54ea4e0b5fc3c650dc473637657e5eb36fc3b
evidence/INT_MAC_W8_A8_N256__T1p0ns/reports/report_constraints.rpt,779,4ec4d6632fedee4cad143504990bd3d1a6d7fd1311f75f23b8714caa3080f4db
evidence/INT_MAC_W8_A8_N256__T1p0ns/reports/report_qor.rpt,2449,e1219af52d5ef6a38306fe55b7638e9212132ae7237b3b90fa553d4550602326
evidence/INT_MAC_W8_A8_N256__T1p0ns/reports/report_reference.rpt,5751,3d4145791195313c9812c51608b6b9a7e1fe9c3e5945e68e9e67d0189597c821
evidence/INT_MAC_W8_A8_N256__T1p0ns/reports/report_resources.rpt,1554,9535ac3a92142db3dac99face3d4d22b079d4c85f1939f2e6b2ea888a2423a39
evidence/INT_MAC_W8_A8_N256__T1p0ns/reports/report_timing.rpt,133091,243af4e3a7c58fdbb180f39784fa216eb834ddf7f9ea9d1fe798e66241d3a701
evidence/INT_MAC_W8_A8_N256__T1p0ns/summary.kv,671,e42bfac908036905bede70d694caa130dd54cd802709a863f4b9359169d8500a
evidence/INT_MAC_W8_A8_N256__T2p0ns/reports/analyze.log,3596,c70b522bceabff65876f5fca2b224261f817ba0c7655feb4dfb35cafaeb4989d
evidence/INT_MAC_W8_A8_N256__T2p0ns/reports/check_design_post.rpt,304,94bf7675a38cf2f7e109edbc8dc51e1112bf6d2b3427362c2e14197d434eaf38
evidence/INT_MAC_W8_A8_N256__T2p0ns/reports/datapath_extraction.rpt,81,fc94336cfc33bd4b491043c0e555a003f3efd077ebf13655e80c792f0a53bd28
evidence/INT_MAC_W8_A8_N256__T2p0ns/reports/report_area.rpt,1806,2a1d928d52bb6568ce7b74a6d9c206841dacd14fb9eddaffb397e529c6ae2a1b
evidence/INT_MAC_W8_A8_N256__T2p0ns/reports/report_constraints.rpt,2582,d32046288cdb4912d5f41165dec80cad0757edc482158be32118120d09055dd7
evidence/INT_MAC_W8_A8_N256__T2p0ns/reports/report_qor.rpt,2450,70819f67ffca0e77f89a681df3d701c81346643c6c26fd6a2328030b1f6ebaf3
evidence/INT_MAC_W8_A8_N256__T2p0ns/reports/report_reference.rpt,5060,1f2ed1ef90413d70ebafbd50ba05d946b284038a1210c588bb99daf6081575c7
evidence/INT_MAC_W8_A8_N256__T2p0ns/reports/report_resources.rpt,1554,5a396addb6d97f724f60ce23e929699014417a2628125df1cba6c8944e190bf6
evidence/INT_MAC_W8_A8_N256__T2p0ns/reports/report_timing.rpt,131532,4bf55b2fb9014ab66bda1a403ac6a35607c86efe02771f85c3e182d9827f8d4d
evidence/INT_MAC_W8_A8_N256__T2p0ns/summary.kv,666,1113a0c754c9ad655d62fffdefa6fa36679e92755a8fc8cb260dea7ec5f86834
evidence/INT_MAC_W8_A8_N64__T0p9ns/reports/analyze.log,3594,ce74d1c8e59178bfe0fa52eab715b626f463beb789c495ce55cb60e5772cbfaf
evidence/INT_MAC_W8_A8_N64__T0p9ns/reports/check_design_post.rpt,304,94bf7675a38cf2f7e109edbc8dc51e1112bf6d2b3427362c2e14197d434eaf38
evidence/INT_MAC_W8_A8_N64__T0p9ns/reports/datapath_extraction.rpt,81,fc94336cfc33bd4b491043c0e555a003f3efd077ebf13655e80c792f0a53bd28
evidence/INT_MAC_W8_A8_N64__T0p9ns/reports/report_area.rpt,1806,0446c1dd021e22118a2cc05ca48d155de9116fd49b0b35f57fbf5c1b4c11fd99
evidence/INT_MAC_W8_A8_N64__T0p9ns/reports/report_constraints.rpt,779,8f7de3ac209af71a10747b0d0a2c1448ce6e00e48af965fa1e6b9b69f0d6ef45
evidence/INT_MAC_W8_A8_N64__T0p9ns/reports/report_qor.rpt,2449,49626ec9185d4ecff2959195cecfe23cc2a7c3a9900abe40f6ffea93224204fb
evidence/INT_MAC_W8_A8_N64__T0p9ns/reports/report_reference.rpt,7307,c7748439e09adb6e954d9dd8a700500e5e706e1f83199ecaa8f2a384148b9846
evidence/INT_MAC_W8_A8_N64__T0p9ns/reports/report_resources.rpt,1554,08f0834abdfa11b97d8e7a619c670b2836da57115f7e8f6b19219018fa1eb231
evidence/INT_MAC_W8_A8_N64__T0p9ns/reports/report_timing.rpt,136547,b97dc7dd03668fbe7563860cd698f98eb26779ceaf1e7a53892d12609733d4d4
evidence/INT_MAC_W8_A8_N64__T0p9ns/summary.kv,679,d2dc2ab2288f223ead32948d9b63fd3333975d39ccf2e51b496256b175f94565
evidence/INT_MAC_W8_A8_N64__T1p0ns/reports/analyze.log,3594,c49d7253075cb3d643bcc15e137d80337bbe3ee449e4db4a49b384c073c217ce
evidence/INT_MAC_W8_A8_N64__T1p0ns/reports/check_design_post.rpt,304,94bf7675a38cf2f7e109edbc8dc51e1112bf6d2b3427362c2e14197d434eaf38
evidence/INT_MAC_W8_A8_N64__T1p0ns/reports/datapath_extraction.rpt,81,fc94336cfc33bd4b491043c0e555a003f3efd077ebf13655e80c792f0a53bd28
evidence/INT_MAC_W8_A8_N64__T1p0ns/reports/report_area.rpt,1806,77c353f2ff7c6c1625995dbbbea5402d1b60a6d1b4eb9280496d196f15c72569
evidence/INT_MAC_W8_A8_N64__T1p0ns/reports/report_constraints.rpt,779,fcc30c2a5de48fb1ec993b292dd839fd97d9b6d1ee335a1bfd50c672103f6ddb
evidence/INT_MAC_W8_A8_N64__T1p0ns/reports/report_qor.rpt,2449,2fd0977b124e0a431e80560c1d4f5c30a5c5bc51897fbf1de5c3c70930b25456
evidence/INT_MAC_W8_A8_N64__T1p0ns/reports/report_reference.rpt,5578,d9e8e4e5462b336a5a61c4299d87e669bdd7ef14cae9137c255cc8d42627c2d0
evidence/INT_MAC_W8_A8_N64__T1p0ns/reports/report_resources.rpt,1554,6ad3b3c2d61b1bbf68c926fb4867ab8d002b9889f548020091d1c29e10e01d19
evidence/INT_MAC_W8_A8_N64__T1p0ns/reports/report_timing.rpt,129251,adaa1baea7afbecd7c8e9adc1a1c2651a29ff7867cedaa66f24b184de135d243
evidence/INT_MAC_W8_A8_N64__T1p0ns/summary.kv,670,d5d2c7a870e8b65df512f59c18c4b60678977a4ff57d2aad5f1326136bd41d2b
evidence/INT_MAC_W8_A8_N64__T2p0ns/reports/analyze.log,3594,13dbd668a479642c57d22e182e06e1170fa2117474d1b58f027ed01186ce7aae
evidence/INT_MAC_W8_A8_N64__T2p0ns/reports/check_design_post.rpt,304,94bf7675a38cf2f7e109edbc8dc51e1112bf6d2b3427362c2e14197d434eaf38
evidence/INT_MAC_W8_A8_N64__T2p0ns/reports/datapath_extraction.rpt,81,fc94336cfc33bd4b491043c0e555a003f3efd077ebf13655e80c792f0a53bd28
evidence/INT_MAC_W8_A8_N64__T2p0ns/reports/report_area.rpt,1806,2d41ef072843dce3e7e6d9d8814ee0952385477a33c34477a8ea9d50aae7293c
evidence/INT_MAC_W8_A8_N64__T2p0ns/reports/report_constraints.rpt,2503,4d9dfa14e84ced1203c33044a8c314b32f817c4f12123dae5afdfe888502b175
evidence/INT_MAC_W8_A8_N64__T2p0ns/reports/report_qor.rpt,2450,8bc13db1e32a26542d211aa794142f3aa03f045291f64cdf5a1ea5536f152409
evidence/INT_MAC_W8_A8_N64__T2p0ns/reports/report_reference.rpt,5060,24e6d5333bd15ee8571f969702be4be1092012c099c85e4f1d3307f6b1f6b5b0
evidence/INT_MAC_W8_A8_N64__T2p0ns/reports/report_resources.rpt,1554,7c12bfc754325936a155a3b1cf2c36bb3041bb925ebc62fffa546a947220e5b1
evidence/INT_MAC_W8_A8_N64__T2p0ns/reports/report_timing.rpt,109621,acadc4a1ae5840ba38465f532c48ec4abba16b8ba282faa53a66a13d39af8a1a
evidence/INT_MAC_W8_A8_N64__T2p0ns/summary.kv,665,2510821b67868fdec5ab85016b95bb87463c1fab968fe41e5c122cb4443d0622
evidence/KV_DEQ_I2_TO_I8_L16__T0p9ns/reports/analyze.log,10061,7881af0965753c736e8a6a07fdc23b1f8309741d4bded406947627115960b371
evidence/KV_DEQ_I2_TO_I8_L16__T0p9ns/reports/check_design_post.rpt,1040,c8f5889775b7bb3d935423398da3cd8b5b927f3c2b20caa877cd5e8b1b0a7e8d
evidence/KV_DEQ_I2_TO_I8_L16__T0p9ns/reports/datapath_extraction.rpt,81,fc94336cfc33bd4b491043c0e555a003f3efd077ebf13655e80c792f0a53bd28
evidence/KV_DEQ_I2_TO_I8_L16__T0p9ns/reports/report_area.rpt,1806,c1d37ea79f6283c540bbbae8ad610f1d576c56ace0999a525f78eaae820d6aa3
evidence/KV_DEQ_I2_TO_I8_L16__T0p9ns/reports/report_constraints.rpt,779,2e682e676cdb6fc0caa34a0291fec3eb97c97a9d203f031162ea04bbb92b57d8
evidence/KV_DEQ_I2_TO_I8_L16__T0p9ns/reports/report_qor.rpt,2449,270b0aa0c753cbbbe5566ae57691e06799ff2953b532a5cfb1a25343147b4579
evidence/KV_DEQ_I2_TO_I8_L16__T0p9ns/reports/report_reference.rpt,2622,e612b581978074269bce1418840ccd90f7d0b4c3e3a1bb2f75f5053d00a08abb
evidence/KV_DEQ_I2_TO_I8_L16__T0p9ns/reports/report_resources.rpt,6059,07d2dd8e839867f3a09d503f16c2b1d543717957832fbeec717cda8a57676ae3
evidence/KV_DEQ_I2_TO_I8_L16__T0p9ns/reports/report_timing.rpt,78425,7115dd49c5d865e7086f7c68de19124b5dfc9f7212db522c7170632604537194
evidence/KV_DEQ_I2_TO_I8_L16__T0p9ns/summary.kv,675,b83a77fd3cc743117d962f94621601aa84623e0812197f07414ca446da20b224
evidence/KV_DEQ_I2_TO_I8_L16__T1p0ns/reports/analyze.log,10061,eb93e066ba613ae63d2021a0834fa37524c22077962e97c0818fd74e1ea36c03
evidence/KV_DEQ_I2_TO_I8_L16__T1p0ns/reports/check_design_post.rpt,1040,add09cc8fb8f2791297eaf34f856fa5eda7ceec1e6107dba1c378194de620d37
evidence/KV_DEQ_I2_TO_I8_L16__T1p0ns/reports/datapath_extraction.rpt,81,fc94336cfc33bd4b491043c0e555a003f3efd077ebf13655e80c792f0a53bd28
evidence/KV_DEQ_I2_TO_I8_L16__T1p0ns/reports/report_area.rpt,1806,08a2a3452e9017870f86dd529ebaa3fd6fbb5706b71505799787c6d16b9c2125
evidence/KV_DEQ_I2_TO_I8_L16__T1p0ns/reports/report_constraints.rpt,779,4fde39c0badcedd024ec7a16814d9a47a042f1c9d86186885b0a56ea79faf4f0
evidence/KV_DEQ_I2_TO_I8_L16__T1p0ns/reports/report_qor.rpt,2449,3500b489e54902b246b34a6e7ff904f160cb60db6c061e48b6b680571cfa7e48
evidence/KV_DEQ_I2_TO_I8_L16__T1p0ns/reports/report_reference.rpt,2622,bb4454adeb0d9b5964973f08bae0ebbaa87a4961c436057933818b1801301f6c
evidence/KV_DEQ_I2_TO_I8_L16__T1p0ns/reports/report_resources.rpt,6059,7bf8e4206a910d9846286e2313cb8cc289a97677336877cabde7171b149c1151
evidence/KV_DEQ_I2_TO_I8_L16__T1p0ns/reports/report_timing.rpt,78425,e28a4b4567865104616f9e590ef72c0d9a573025ce7e3eda195529200ec4382c
evidence/KV_DEQ_I2_TO_I8_L16__T1p0ns/summary.kv,668,ca4df12bea462532586e852cb47981bc68ccd7416bf4a1fd5fe0a8ed574bc4c6
evidence/KV_DEQ_I2_TO_I8_L16__T2p0ns/reports/analyze.log,10061,9afdb18e3be160ae32c0f1415e88d7a5b9f74550480ae5f7c40911d82c08705e
evidence/KV_DEQ_I2_TO_I8_L16__T2p0ns/reports/check_design_post.rpt,1040,c436c113b22f10ba949ad5d59ec22be061f70e3483320eeab9535d0da00a6903
evidence/KV_DEQ_I2_TO_I8_L16__T2p0ns/reports/datapath_extraction.rpt,81,fc94336cfc33bd4b491043c0e555a003f3efd077ebf13655e80c792f0a53bd28
evidence/KV_DEQ_I2_TO_I8_L16__T2p0ns/reports/report_area.rpt,1806,670d8405524f46f6f5f1f59f88c54263e3713abebb9050afa095d1cae68d231e
evidence/KV_DEQ_I2_TO_I8_L16__T2p0ns/reports/report_constraints.rpt,779,b3f146d6cd8f9245c479c89fc18bf1c15249caba5fa7b73b7c031f1cc366b998
evidence/KV_DEQ_I2_TO_I8_L16__T2p0ns/reports/report_qor.rpt,2449,0e6b283576e2b781929389cea1105f7cf9bc4e1e806f1f09564cb1d8c55c1a58
evidence/KV_DEQ_I2_TO_I8_L16__T2p0ns/reports/report_reference.rpt,2795,bb56172213cb37aeb1bbe9ccfc8034e0a41dd83391a9acbbe60657acfc4c6c47
evidence/KV_DEQ_I2_TO_I8_L16__T2p0ns/reports/report_resources.rpt,6059,0120d38ac2c0e11cc12968830eb62ee468e02654c95a0925fa8c5d4c2ee42d35
evidence/KV_DEQ_I2_TO_I8_L16__T2p0ns/reports/report_timing.rpt,78425,45292ea1d3fa4efa627367a2e4ca4e9e202a7c65c0206a79d9618d4c98d65f74
evidence/KV_DEQ_I2_TO_I8_L16__T2p0ns/summary.kv,665,24fa2165388e328ae738be1d830fdc1897ee6345589e0eb88d981e1c0bfe8d82
evidence/KV_DEQ_I3_TO_I8_L16__T0p9ns/reports/analyze.log,7204,8a656b860c95c0efaac45694e8b38550997ee752feb80b75cc7b784164b7be2c
evidence/KV_DEQ_I3_TO_I8_L16__T0p9ns/reports/check_design_post.rpt,1134,a2c2703b612a3eb328c0c29c9a192214b574b2f9d614f44ddefa0e4648adebf3
evidence/KV_DEQ_I3_TO_I8_L16__T0p9ns/reports/datapath_extraction.rpt,81,fc94336cfc33bd4b491043c0e555a003f3efd077ebf13655e80c792f0a53bd28
evidence/KV_DEQ_I3_TO_I8_L16__T0p9ns/reports/report_area.rpt,1806,d4ae3d5d76cbec6d2a12c8389514e47b4d6caf4661d7c394fb6a59f32ea0a82a
evidence/KV_DEQ_I3_TO_I8_L16__T0p9ns/reports/report_constraints.rpt,779,d5a5f07b9f5c87a7eb468193d2b6db8198d698e9309ba0821ef2dca30bd619ae
evidence/KV_DEQ_I3_TO_I8_L16__T0p9ns/reports/report_qor.rpt,2449,27ea469cc3caf308e85889e27cf738b87ec0a60924d07ea44a3d7d134b0f5a3f
evidence/KV_DEQ_I3_TO_I8_L16__T0p9ns/reports/report_reference.rpt,4179,5a98b82754eccc2aa9e764f4bb84ab37a0e0296db5b4a9f95763fd7f0f314347
evidence/KV_DEQ_I3_TO_I8_L16__T0p9ns/reports/report_resources.rpt,6059,8df33d556f1172fa80c544a9df990c1422a2f495950c745cf1052ab45845a545
evidence/KV_DEQ_I3_TO_I8_L16__T0p9ns/reports/report_timing.rpt,101467,65dbf0739c424c1c9825c70a4ee7bee27daa69cbe3704de38440101acb409eb8
evidence/KV_DEQ_I3_TO_I8_L16__T0p9ns/summary.kv,679,b9281491efa3c04490f926b5f7f0d31fa4a67b2dd7aa994a01e6c50bd2f26909
evidence/KV_DEQ_I3_TO_I8_L16__T1p0ns/reports/analyze.log,7204,5aa603736e9c62c62199dd6f8802719f374874b407d14ae920ba1b4cb796b360
evidence/KV_DEQ_I3_TO_I8_L16__T1p0ns/reports/check_design_post.rpt,1134,e387dafca73e4fa3a29b9c5907d4a5294b4ba62303fdd865156e6e5465e0ffef
evidence/KV_DEQ_I3_TO_I8_L16__T1p0ns/reports/datapath_extraction.rpt,81,fc94336cfc33bd4b491043c0e555a003f3efd077ebf13655e80c792f0a53bd28
evidence/KV_DEQ_I3_TO_I8_L16__T1p0ns/reports/report_area.rpt,1806,9935f399a05fd7be83bb20f6c0db75b4b5acd8e60c6b9f56eefbb88cefa00616
evidence/KV_DEQ_I3_TO_I8_L16__T1p0ns/reports/report_constraints.rpt,779,6b88b63758507ee6fda45d9232ebb1cf27d8c2dc2efbfa301a0b1e71c1c00c8c
evidence/KV_DEQ_I3_TO_I8_L16__T1p0ns/reports/report_qor.rpt,2449,8d24aba58fb4a83214a2f0162c53dde6f9aaf7f0b009f516d0bdcb86f0425d85
evidence/KV_DEQ_I3_TO_I8_L16__T1p0ns/reports/report_reference.rpt,4179,ed3ed726f47736b6f24d36d5b1a8ecd8554ce4b229ca9f6755d89c1c34ae6faa
evidence/KV_DEQ_I3_TO_I8_L16__T1p0ns/reports/report_resources.rpt,6059,76c2fad7a989fbe5d5e4f68e3678ddfeab34fca43e865193e7e8b1cde02de37a
evidence/KV_DEQ_I3_TO_I8_L16__T1p0ns/reports/report_timing.rpt,101467,f471cae8ba5d9e5dbd21eb6c521d1e37e2569072001da6e6a55e5bcfd009fa30
evidence/KV_DEQ_I3_TO_I8_L16__T1p0ns/summary.kv,670,1d14d7e0a7463c55a36a1c3296b919cd9982a931d3475ef0cde27a4b03c37387
evidence/KV_DEQ_I3_TO_I8_L16__T2p0ns/reports/analyze.log,7204,fb8341b20763e34b9c10b79e46574b8d2ea2c2d4e0a796f6064175418913ca7a
evidence/KV_DEQ_I3_TO_I8_L16__T2p0ns/reports/check_design_post.rpt,1134,066d168ce12762dfa1514c4c8cbb4cda2e6330d0cfed91f08b247d8863632d28
evidence/KV_DEQ_I3_TO_I8_L16__T2p0ns/reports/datapath_extraction.rpt,81,fc94336cfc33bd4b491043c0e555a003f3efd077ebf13655e80c792f0a53bd28
evidence/KV_DEQ_I3_TO_I8_L16__T2p0ns/reports/report_area.rpt,1806,e02c24651c4f8ee372f991ad959b294873fae3cd69fbe6c3bfc2f0a4d612e9a9
evidence/KV_DEQ_I3_TO_I8_L16__T2p0ns/reports/report_constraints.rpt,779,19bb7189fc15945a4fe39fe46a2416dcccf6a0c872952f0d64f8dd98851b2d97
evidence/KV_DEQ_I3_TO_I8_L16__T2p0ns/reports/report_qor.rpt,2449,3823b0dc9048582879fa251dad6b93074941a0b1929636a69a7a28840e941d5e
evidence/KV_DEQ_I3_TO_I8_L16__T2p0ns/reports/report_reference.rpt,4352,deb397dcd4821951a0cb7bab559f4daee400fe47dbdc304e58e08ff0735b2854
evidence/KV_DEQ_I3_TO_I8_L16__T2p0ns/reports/report_resources.rpt,6059,12329e26389c69983fb9b55ed539fec092adc7519301f9e865ab9bc0b90d7c6c
evidence/KV_DEQ_I3_TO_I8_L16__T2p0ns/reports/report_timing.rpt,101463,7d7a23b7bfa1f256aa1c0689cf71a8e914887b40cbb0b129737864dd77b8eb28
evidence/KV_DEQ_I3_TO_I8_L16__T2p0ns/summary.kv,667,ffdffaaefcb50944ba2bbaa50c9de40a8a87bdf6bec6fc5dcf4b6310977511e9
evidence/KV_DEQ_I4_TO_I8_L16__T0p9ns/reports/analyze.log,4277,ceb4c151a8ffd8c2bf3f5fccd37870eb2aad636f65c007d9abe9dc7301fb95a1
evidence/KV_DEQ_I4_TO_I8_L16__T0p9ns/reports/check_design_post.rpt,1228,6ae9d5dc69623651c118525db1a2a0ecb44c70caca312d1a0e688d1b403d7791
evidence/KV_DEQ_I4_TO_I8_L16__T0p9ns/reports/datapath_extraction.rpt,81,fc94336cfc33bd4b491043c0e555a003f3efd077ebf13655e80c792f0a53bd28
evidence/KV_DEQ_I4_TO_I8_L16__T0p9ns/reports/report_area.rpt,1806,fa42c789cf00f4cf4dcaf3cc2d379a68a1d6681a9b54a37ca0902d8e83ea10d5
evidence/KV_DEQ_I4_TO_I8_L16__T0p9ns/reports/report_constraints.rpt,779,d04496958032b242c0b3100193784da48784348268ae9593edc99cf478f511bd
evidence/KV_DEQ_I4_TO_I8_L16__T0p9ns/reports/report_qor.rpt,2449,0da088990ba209606fb80f14f7f84d24b3e1c65a5128c209eb067db85a849407
evidence/KV_DEQ_I4_TO_I8_L16__T0p9ns/reports/report_reference.rpt,4706,ededff06953f3855daea8f866c8d25ed2935b4ab4094746acbd3445c2be6b6ce
evidence/KV_DEQ_I4_TO_I8_L16__T0p9ns/reports/report_resources.rpt,6059,01002e8d9cdf24e8015b92eaf9eca87ed73e4c65253b058ed92a3f9a4ce1304e
evidence/KV_DEQ_I4_TO_I8_L16__T0p9ns/reports/report_timing.rpt,96735,c788f3200afbffb0020ed7d3d7e83ab43e240cd932486df5936be63bb8f1719f
evidence/KV_DEQ_I4_TO_I8_L16__T0p9ns/summary.kv,680,27a3191ddec8d429bb6d4ec82ac00d2d01d7098971bd0d591be1122579d9911a
evidence/KV_DEQ_I4_TO_I8_L16__T1p0ns/reports/analyze.log,4277,7f7fb14ec354a14925d9d5ceeba5753911c09af91c35e904a46bb3c7733ad898
evidence/KV_DEQ_I4_TO_I8_L16__T1p0ns/reports/check_design_post.rpt,1228,f8f0c826780b0e366e3668f167c78891ee935722007e1b01a5dd3e31d2f51e44
evidence/KV_DEQ_I4_TO_I8_L16__T1p0ns/reports/datapath_extraction.rpt,81,fc94336cfc33bd4b491043c0e555a003f3efd077ebf13655e80c792f0a53bd28
evidence/KV_DEQ_I4_TO_I8_L16__T1p0ns/reports/report_area.rpt,1806,58934987acf23fac77f0e6b3b1ff28874c28d045c2ff4b25f60ff90715a77510
evidence/KV_DEQ_I4_TO_I8_L16__T1p0ns/reports/report_constraints.rpt,779,34113b970bd6cdbad45c9e39f7d14b7508b6ae2271154b64096ea5cb811b6829
evidence/KV_DEQ_I4_TO_I8_L16__T1p0ns/reports/report_qor.rpt,2449,d89316550debe5df6a804fb373a552000abe8a88b5a70aed73e0828beccdc431
evidence/KV_DEQ_I4_TO_I8_L16__T1p0ns/reports/report_reference.rpt,2973,d9544ec0c90a9de8bc4c0e9e78b8665a33fb94ca20538c9f10c79ac1daca5217
evidence/KV_DEQ_I4_TO_I8_L16__T1p0ns/reports/report_resources.rpt,6059,715e44fd69a13e924add6c868f1673905f5baae009450bc5bc1a172dcc8426a2
evidence/KV_DEQ_I4_TO_I8_L16__T1p0ns/reports/report_timing.rpt,105612,716df87549143752ba988929ab27d45562c3e2dd311c403a19efbad9c4f76e95
evidence/KV_DEQ_I4_TO_I8_L16__T1p0ns/summary.kv,673,84635f6346e61df5f5b7f58b0e13ff69fe4559fae1b21c54138d2369ed24196a
evidence/KV_DEQ_I4_TO_I8_L16__T2p0ns/reports/analyze.log,4277,77a0152c2503a7106cc7c3403a1eeb5685fd3ace2f24886c1c62112eb59ede95
evidence/KV_DEQ_I4_TO_I8_L16__T2p0ns/reports/check_design_post.rpt,1228,ac23ce11ecadce7a8026b41cef0aa1dbae6a953cc825359d5fba1465757b5fa8
evidence/KV_DEQ_I4_TO_I8_L16__T2p0ns/reports/datapath_extraction.rpt,81,fc94336cfc33bd4b491043c0e555a003f3efd077ebf13655e80c792f0a53bd28
evidence/KV_DEQ_I4_TO_I8_L16__T2p0ns/reports/report_area.rpt,1806,6708ace09febdbab02fceb4b605c78c9ecf483b77296ac5a03e6d1e6fcf2b483
evidence/KV_DEQ_I4_TO_I8_L16__T2p0ns/reports/report_constraints.rpt,779,b5e6259d0b20eb3ba7275f39539bfc2fcfcd9272205156f5eed9f189386dc8a0
evidence/KV_DEQ_I4_TO_I8_L16__T2p0ns/reports/report_qor.rpt,2449,0b48037174b415edbad759ec73b88c3e15be867f517d3a4f8a5ccd0adc5f761f
evidence/KV_DEQ_I4_TO_I8_L16__T2p0ns/reports/report_reference.rpt,2973,8c07c315b47317182f553a543a6e978595175aeaf03b2be3c49b664a2e3dc5b8
evidence/KV_DEQ_I4_TO_I8_L16__T2p0ns/reports/report_resources.rpt,6059,1870248c183fc51199c3d58664881d1c0fe6b65ef30cb7ebf951a33f60bb0319
evidence/KV_DEQ_I4_TO_I8_L16__T2p0ns/reports/report_timing.rpt,102657,a4a8972f1742d647f233ce2607311d5cc0aa00886b0d51c605a34ce8c2f125e8
evidence/KV_DEQ_I4_TO_I8_L16__T2p0ns/summary.kv,668,119c3a3682a78c953a113587bee31b3e8bb467507a8bdef044a4a39b460c3d5a
evidence/KV_DEQ_I8_BYPASS_L16__T0p9ns/reports/analyze.log,29911,a9401bd80ccb1106122a4d2527c1554c27260e8bde327d0d274e25bf8c2f2adb
evidence/KV_DEQ_I8_BYPASS_L16__T0p9ns/reports/check_design_post.rpt,2316,c02732b70a6d20f65839c21bea49f36163aa29acc006234e5f2b9f753eb16b53
evidence/KV_DEQ_I8_BYPASS_L16__T0p9ns/reports/datapath_extraction.rpt,81,fc94336cfc33bd4b491043c0e555a003f3efd077ebf13655e80c792f0a53bd28
evidence/KV_DEQ_I8_BYPASS_L16__T0p9ns/reports/report_area.rpt,1806,b1d1158506489a6dc750586274445c8968d8a1cb105ee5cf4bf3770d199f478a
evidence/KV_DEQ_I8_BYPASS_L16__T0p9ns/reports/report_constraints.rpt,779,04a1a8e8520db141e93b14b12f5b6818e47b167be67155e990b76d793d52e2af
evidence/KV_DEQ_I8_BYPASS_L16__T0p9ns/reports/report_qor.rpt,2449,df884a32517934e849b94ec364784a1e5c53b5e6ef273f1234de986250a72d7d
evidence/KV_DEQ_I8_BYPASS_L16__T0p9ns/reports/report_reference.rpt,1236,167df1170d3b51928837bce4dd323b3591ef803342b26d5ead97757f75a91b26
evidence/KV_DEQ_I8_BYPASS_L16__T0p9ns/reports/report_resources.rpt,255,2bb58497557cb4dc6f6aedd427a7f7b7ccc736deab8cb6cfcf4d8d8a47bc1c99
evidence/KV_DEQ_I8_BYPASS_L16__T0p9ns/reports/report_timing.rpt,41701,d07494fab112cefadcb59146432e4d83c7a7246f79b1e2fc18ea7a61aff41d63
evidence/KV_DEQ_I8_BYPASS_L16__T0p9ns/summary.kv,676,f93b81f645f828584cb4029ab060b80ddb7f9168a2e3ba656b28861c03d06925
evidence/KV_DEQ_I8_BYPASS_L16__T1p0ns/reports/analyze.log,29911,cae9bed38bc357a6aff38bf87cbd8e8a8e0357e10ae96c5099092c8bd767a06e
evidence/KV_DEQ_I8_BYPASS_L16__T1p0ns/reports/check_design_post.rpt,2316,934ce35666f11bcc3977cd5f393b7a4cbb6da7df04f98237c4ecbd8274a778df
evidence/KV_DEQ_I8_BYPASS_L16__T1p0ns/reports/datapath_extraction.rpt,81,fc94336cfc33bd4b491043c0e555a003f3efd077ebf13655e80c792f0a53bd28
evidence/KV_DEQ_I8_BYPASS_L16__T1p0ns/reports/report_area.rpt,1806,b871bd8cc9b8e2463eedc3824377d023149461d9837bd1859d0ef0522f7b022e
evidence/KV_DEQ_I8_BYPASS_L16__T1p0ns/reports/report_constraints.rpt,779,083c8f6c45b27d94580208c16edadd9874ad70db167ec8610ef449e63e58cb3b
evidence/KV_DEQ_I8_BYPASS_L16__T1p0ns/reports/report_qor.rpt,2449,8ec35cea82a1796d767d826704cef8f6d82654775073515c232ec837f14f100d
evidence/KV_DEQ_I8_BYPASS_L16__T1p0ns/reports/report_reference.rpt,1236,a4d9d301ab19dac99166f89d5f41ff7ddcda71aa0fa9a74091893cfef95e2bc4
evidence/KV_DEQ_I8_BYPASS_L16__T1p0ns/reports/report_resources.rpt,255,71dde28f03cf9243e72664fb31674eb3d30993c9f6c922afe3c1cfa2313a416e
evidence/KV_DEQ_I8_BYPASS_L16__T1p0ns/reports/report_timing.rpt,41701,52b7d3affe73308437f323d33ad98b8e1aa1cced402597b13ff682903a2974a3
evidence/KV_DEQ_I8_BYPASS_L16__T1p0ns/summary.kv,669,32a9ecd5150cc8111dfc506f9eec8fcf6834f944b396636bef6d58c9feceae6a
evidence/KV_DEQ_I8_BYPASS_L16__T2p0ns/reports/analyze.log,29911,ef6961a0e3e4bff6d88963b2ef8496bf6b67c76285554adfb0f11151dd6a5a48
evidence/KV_DEQ_I8_BYPASS_L16__T2p0ns/reports/check_design_post.rpt,2316,259ddbdf10458231ddd4dff383ad3891a401fc77057f47c67fc6ecf90acc793a
evidence/KV_DEQ_I8_BYPASS_L16__T2p0ns/reports/datapath_extraction.rpt,81,fc94336cfc33bd4b491043c0e555a003f3efd077ebf13655e80c792f0a53bd28
evidence/KV_DEQ_I8_BYPASS_L16__T2p0ns/reports/report_area.rpt,1806,b2bde1dd68cf387163084d760c15a13ae5101cebe8e621111e98b2c79df3628a
evidence/KV_DEQ_I8_BYPASS_L16__T2p0ns/reports/report_constraints.rpt,779,bf1f4f1d89cab02bd77ae3094e4fe3bea8e33a7c3f42f409993ef73451e67cf9
evidence/KV_DEQ_I8_BYPASS_L16__T2p0ns/reports/report_qor.rpt,2449,971b5e83c14ed4e6aa5f3eb87e33957bf35e0693a3cfac2ac687ec242eddcf35
evidence/KV_DEQ_I8_BYPASS_L16__T2p0ns/reports/report_reference.rpt,1236,d30de58a743125854641b86aa3a74a54933231dd74f4f000bf278e34684a66f3
evidence/KV_DEQ_I8_BYPASS_L16__T2p0ns/reports/report_resources.rpt,255,aad1997ca56e9347dd50a9354fbdcf638c49cd23241b99e1a51dd9c4ba2b1768
evidence/KV_DEQ_I8_BYPASS_L16__T2p0ns/reports/report_timing.rpt,41701,e4f169326607139cce9022eecaf48ed73aa7ceac44a84c34e548fb37273adce4
evidence/KV_DEQ_I8_BYPASS_L16__T2p0ns/summary.kv,666,ea781fcc52f442f4c28a0a502bdd199c3096f7f503ec9f8ec0e283060a491818
evidence/KV_DEQ_MIXED_2_4_8_TO_I8_L16__T0p9ns/reports/analyze.log,3609,aeca841e78d2056739777b9fbb8287192a0df757a3999934e54fb4ed8612dfc2
evidence/KV_DEQ_MIXED_2_4_8_TO_I8_L16__T0p9ns/reports/check_design_post.rpt,304,94bf7675a38cf2f7e109edbc8dc51e1112bf6d2b3427362c2e14197d434eaf38
evidence/KV_DEQ_MIXED_2_4_8_TO_I8_L16__T0p9ns/reports/datapath_extraction.rpt,81,fc94336cfc33bd4b491043c0e555a003f3efd077ebf13655e80c792f0a53bd28
evidence/KV_DEQ_MIXED_2_4_8_TO_I8_L16__T0p9ns/reports/report_area.rpt,1813,b22e4d6a2e1575aeed27fcd478f3f8bf1d4f1aa053c1ba0090619153bf1a70eb
evidence/KV_DEQ_MIXED_2_4_8_TO_I8_L16__T0p9ns/reports/report_constraints.rpt,779,16ba6022487d2f02d50e7026a4f6be125d15d0b0218a29bbebebe06acbb565fb
evidence/KV_DEQ_MIXED_2_4_8_TO_I8_L16__T0p9ns/reports/report_qor.rpt,2449,d44af5e8d1ec63a1c91043e7c38b5f90fd9a8ae109dad3a225ea7923178882ed
evidence/KV_DEQ_MIXED_2_4_8_TO_I8_L16__T0p9ns/reports/report_reference.rpt,8839,4958a364c382f67e51b39db9bcf6b7054696e6e0c86f568268f387e4795e430d
evidence/KV_DEQ_MIXED_2_4_8_TO_I8_L16__T0p9ns/reports/report_resources.rpt,28257,fce9aececee9baad67db1ed40f47fc526176eb8c801cd5600e91829e4984dd82
evidence/KV_DEQ_MIXED_2_4_8_TO_I8_L16__T0p9ns/reports/report_timing.rpt,106635,fd62b445d8135d8171c9f57db9248806fc46536f22a372425962dbbad9737f1c
evidence/KV_DEQ_MIXED_2_4_8_TO_I8_L16__T0p9ns/summary.kv,692,dc85d74a7421c371e4f1c2a2e39c1edfa948833206e5b535df8ad80e2398f95a
evidence/KV_DEQ_MIXED_2_4_8_TO_I8_L16__T1p0ns/reports/analyze.log,3609,5fe3b6f4ca7e29d32a1793b5afc91c66e17da386e8f4879a4b8a071c9a8fd413
evidence/KV_DEQ_MIXED_2_4_8_TO_I8_L16__T1p0ns/reports/check_design_post.rpt,304,94bf7675a38cf2f7e109edbc8dc51e1112bf6d2b3427362c2e14197d434eaf38
evidence/KV_DEQ_MIXED_2_4_8_TO_I8_L16__T1p0ns/reports/datapath_extraction.rpt,81,fc94336cfc33bd4b491043c0e555a003f3efd077ebf13655e80c792f0a53bd28
evidence/KV_DEQ_MIXED_2_4_8_TO_I8_L16__T1p0ns/reports/report_area.rpt,1813,19a70d22ddd1f4c9a1a1219ac07254e92de00a6d17ea43797b3551d7c24425f1
evidence/KV_DEQ_MIXED_2_4_8_TO_I8_L16__T1p0ns/reports/report_constraints.rpt,779,a7ec7233411670402f4dd114dd6a87782278ecb86e32680ec4c86de767bad6dc
evidence/KV_DEQ_MIXED_2_4_8_TO_I8_L16__T1p0ns/reports/report_qor.rpt,2449,8af8c723d20495c186bf69186018c3727cd193bec770948cb71db8a2a8ffa5cf
evidence/KV_DEQ_MIXED_2_4_8_TO_I8_L16__T1p0ns/reports/report_reference.rpt,8675,fcd90ad26e02ecaa09cce1d0eb1df5c79fce3c89f37b263c1207a49f77a3f8f3
evidence/KV_DEQ_MIXED_2_4_8_TO_I8_L16__T1p0ns/reports/report_resources.rpt,28257,916cc3639f478cf57e9b6350ed036e3674213d90f5c18ebe7fd834afdb04b0ff
evidence/KV_DEQ_MIXED_2_4_8_TO_I8_L16__T1p0ns/reports/report_timing.rpt,114581,4de630ae2bd33710106ff8e066d13080f40227f5af4a7c8026281dcbe44f274e
evidence/KV_DEQ_MIXED_2_4_8_TO_I8_L16__T1p0ns/summary.kv,682,4bb1104cc6a8d48b30c42c9e241a4209f488389a3157ae579dfd3d9918eef645
evidence/KV_DEQ_MIXED_2_4_8_TO_I8_L16__T2p0ns/reports/analyze.log,3609,699df346f4d7d5afdaa80a133d9647f040418c4b061c9a068f2370a43537c166
evidence/KV_DEQ_MIXED_2_4_8_TO_I8_L16__T2p0ns/reports/check_design_post.rpt,304,94bf7675a38cf2f7e109edbc8dc51e1112bf6d2b3427362c2e14197d434eaf38
evidence/KV_DEQ_MIXED_2_4_8_TO_I8_L16__T2p0ns/reports/datapath_extraction.rpt,81,fc94336cfc33bd4b491043c0e555a003f3efd077ebf13655e80c792f0a53bd28
evidence/KV_DEQ_MIXED_2_4_8_TO_I8_L16__T2p0ns/reports/report_area.rpt,1813,17b9e5147af67f88c38b98cbdb8bb9f3246fc833bea07c6979971400ccd005e8
evidence/KV_DEQ_MIXED_2_4_8_TO_I8_L16__T2p0ns/reports/report_constraints.rpt,779,8e81024769035e0b441f834b6c9be2cc8efd7558fcee8dc31bf8b509abf34e8d
evidence/KV_DEQ_MIXED_2_4_8_TO_I8_L16__T2p0ns/reports/report_qor.rpt,2449,c25cb4d84b4717c8127318636825129b86fd0b006a97a0ce8fd869a269962cc0
evidence/KV_DEQ_MIXED_2_4_8_TO_I8_L16__T2p0ns/reports/report_reference.rpt,6261,6d9387810977c0d29535c81b4811b39740e773b1d643f2c5a1e46dbe52342343
evidence/KV_DEQ_MIXED_2_4_8_TO_I8_L16__T2p0ns/reports/report_resources.rpt,28257,294dcea5d9bdc5ff5a85ed8961dcb8c278c7e04f450f2de303ffdc2d9f6d9c6d
evidence/KV_DEQ_MIXED_2_4_8_TO_I8_L16__T2p0ns/reports/report_timing.rpt,132193,152cc925c36abaeaa85f78d88bb3eaa598d76a184008f747390e4be615bcab8c
evidence/KV_DEQ_MIXED_2_4_8_TO_I8_L16__T2p0ns/summary.kv,677,b80926d707b34075de49b48c0d1c871beeb59e8cda228f270f33c2b63299918b
evidence/PE_RECONFIG_W4A4_W4A8_W8A8__T0p9ns/reports/analyze.log,8323,87577a074ecee4fb9427fe9b97a327f7ef824ae77c955fc26bc271584b47ca0e
evidence/PE_RECONFIG_W4A4_W4A8_W8A8__T0p9ns/reports/check_design_post.rpt,2282,e135d045d1368e9e0d34994c703fddfa3f2d95059ecafd8bd2dc16f6dc93347d
evidence/PE_RECONFIG_W4A4_W4A8_W8A8__T0p9ns/reports/datapath_extraction.rpt,81,fc94336cfc33bd4b491043c0e555a003f3efd077ebf13655e80c792f0a53bd28
evidence/PE_RECONFIG_W4A4_W4A8_W8A8__T0p9ns/reports/report_area.rpt,1813,f86d0796b0cfb334d190395cebf49e2c4812409421bd88f04ffce8f16f1c7e60
evidence/PE_RECONFIG_W4A4_W4A8_W8A8__T0p9ns/reports/report_constraints.rpt,779,f65e3623d670078ccef3e4c553ea8cd558ebc826ffa494479cc6ea96105e7964
evidence/PE_RECONFIG_W4A4_W4A8_W8A8__T0p9ns/reports/report_qor.rpt,2449,e4bfd58412a5a51e21b9e3872f1cc8a84a4afc4cc72d7cb809b688da20c843ed
evidence/PE_RECONFIG_W4A4_W4A8_W8A8__T0p9ns/reports/report_reference.rpt,16801,4305036063cea3f127efad1ff16db52f59480d91a457d1f1d7be6cf9312cd5cd
evidence/PE_RECONFIG_W4A4_W4A8_W8A8__T0p9ns/reports/report_resources.rpt,9041,24f58103ed7702fe87e4d48f6c3307a0c1698fd1fbeb784baf54cddfc0798acd
evidence/PE_RECONFIG_W4A4_W4A8_W8A8__T0p9ns/reports/report_timing.rpt,125041,b14d30fa52a94f555c53f3d5a58925e480697929ef569c66562ffdc2dfc34eff
evidence/PE_RECONFIG_W4A4_W4A8_W8A8__T0p9ns/summary.kv,687,fd2adb0c728b8133f47acd26e5586d07f1d17988d9e504807314dc5d8686088f
evidence/PE_RECONFIG_W4A4_W4A8_W8A8__T1p0ns/reports/analyze.log,8323,a4f838d7b36e7ee5868b7a40373ec2bcb93c33d11ff049ac858b56d3f65b9cc6
evidence/PE_RECONFIG_W4A4_W4A8_W8A8__T1p0ns/reports/check_design_post.rpt,2282,7f8934e7e7a6954614927f606271540cc77f5e79ffb4f4ac734db6ba9435143a
evidence/PE_RECONFIG_W4A4_W4A8_W8A8__T1p0ns/reports/datapath_extraction.rpt,81,fc94336cfc33bd4b491043c0e555a003f3efd077ebf13655e80c792f0a53bd28
evidence/PE_RECONFIG_W4A4_W4A8_W8A8__T1p0ns/reports/report_area.rpt,1806,83c3c066064f7d1dfe0d27b1b96eb515ec4f0fbd1436f68c7f27bb6a8f384ae6
evidence/PE_RECONFIG_W4A4_W4A8_W8A8__T1p0ns/reports/report_constraints.rpt,779,e23f8c8a4210e931e67b9f73b7689968f215048472019496487bc97bcb97bcc4
evidence/PE_RECONFIG_W4A4_W4A8_W8A8__T1p0ns/reports/report_qor.rpt,2449,9a5021583fb484ad6b2d230ec945fd5a0a3176497f8edaacb9fc81f8579a0f8c
evidence/PE_RECONFIG_W4A4_W4A8_W8A8__T1p0ns/reports/report_reference.rpt,7986,3bf784ed9cb8d5ad9df7a253bbc81a2c900f5c398eb7d6fed3d9424843caefe6
evidence/PE_RECONFIG_W4A4_W4A8_W8A8__T1p0ns/reports/report_resources.rpt,9041,b4f395fa8265563d28e23b22afa1aabe1aedf7fe10c8d7df1e102c7a79c30f16
evidence/PE_RECONFIG_W4A4_W4A8_W8A8__T1p0ns/reports/report_timing.rpt,122477,a39e80b140a60e825fbd61e5c3f11c4488386f826e3b66676eae4d8eedddeecf
evidence/PE_RECONFIG_W4A4_W4A8_W8A8__T1p0ns/summary.kv,680,fb0f9b94744390f74bc21385c6ecfce3dd57279ab57a76e0a5e87c62b74cdc16
evidence/PE_RECONFIG_W4A4_W4A8_W8A8__T2p0ns/reports/analyze.log,8323,82478087f747337a60f0314a2acec24f684580eb3b8c9e1d46f29b18d5ca17c9
evidence/PE_RECONFIG_W4A4_W4A8_W8A8__T2p0ns/reports/check_design_post.rpt,2282,b524131443b069e42d6905ff3b29297164fab77fd73ec89a37c10d9e63162fa2
evidence/PE_RECONFIG_W4A4_W4A8_W8A8__T2p0ns/reports/datapath_extraction.rpt,81,fc94336cfc33bd4b491043c0e555a003f3efd077ebf13655e80c792f0a53bd28
evidence/PE_RECONFIG_W4A4_W4A8_W8A8__T2p0ns/reports/report_area.rpt,1806,beffe19d5de56957cd9309c98a348c45d66ffa60d0de1ce47f2e0d2b6d522f64
evidence/PE_RECONFIG_W4A4_W4A8_W8A8__T2p0ns/reports/report_constraints.rpt,779,0a82629b68d5b56c90f98fabeb1a99b9465679fa47f5ea4cfe7f7474cc0b7528
evidence/PE_RECONFIG_W4A4_W4A8_W8A8__T2p0ns/reports/report_qor.rpt,2449,dd2139944f25e0c5ae132414429b5d9ce1be65582574ed35355f60f6d0c7c49f
evidence/PE_RECONFIG_W4A4_W4A8_W8A8__T2p0ns/reports/report_reference.rpt,5738,ecdd9e9af0af99e58fc6cb6c3589dd3ab5947d799ccde3c1280b7d6b96a337b2
evidence/PE_RECONFIG_W4A4_W4A8_W8A8__T2p0ns/reports/report_resources.rpt,9041,aab3853bc63ed0df6b43272fd0edcea487e3a595bc8ee5784cb564b9adfcfa99
evidence/PE_RECONFIG_W4A4_W4A8_W8A8__T2p0ns/reports/report_timing.rpt,223841,f441ded16d88a010e3d99b286efc60256b8baf1761a672cc4f76d594a20ae3bf
evidence/PE_RECONFIG_W4A4_W4A8_W8A8__T2p0ns/summary.kv,679,89b0a0dc02a09f7e34c5cd9f384b055da8de4e0fe7d9a8f36e3efd8f35ed81b6
evidence/PE_RECONFIG_W4A8_W8A8_SCALE__T0p9ns/reports/analyze.log,3936,10020e01dbfecbbe066ed708641e3a816af1b3111f9874b3877d7809ad941a04
evidence/PE_RECONFIG_W4A8_W8A8_SCALE__T0p9ns/reports/check_design_post.rpt,304,94bf7675a38cf2f7e109edbc8dc51e1112bf6d2b3427362c2e14197d434eaf38
evidence/PE_RECONFIG_W4A8_W8A8_SCALE__T0p9ns/reports/datapath_extraction.rpt,81,fc94336cfc33bd4b491043c0e555a003f3efd077ebf13655e80c792f0a53bd28
evidence/PE_RECONFIG_W4A8_W8A8_SCALE__T0p9ns/reports/report_area.rpt,1813,a7a4c51cf47a58f2a50ad27a8a73c2cfd0d8608a41ad2674448da5225b312907
evidence/PE_RECONFIG_W4A8_W8A8_SCALE__T0p9ns/reports/report_constraints.rpt,779,9e14a7016f843b59b6a480edcf65281a3ce4143ff57d86ff35cf788cba80f2ed
evidence/PE_RECONFIG_W4A8_W8A8_SCALE__T0p9ns/reports/report_qor.rpt,2449,4a7893159df2ad582bec25f936b8d5e679611ea6a02e422a3fc621b7eeba774c
evidence/PE_RECONFIG_W4A8_W8A8_SCALE__T0p9ns/reports/report_reference.rpt,17155,458ebf3495d597f399b3749708283feeec3c3611eadc416396e9d1f8bbc39089
evidence/PE_RECONFIG_W4A8_W8A8_SCALE__T0p9ns/reports/report_resources.rpt,9410,2fda567ce761204bd54fa4a84828b1cb25586744d1d5941be3c5b0ad56e8f283
evidence/PE_RECONFIG_W4A8_W8A8_SCALE__T0p9ns/reports/report_timing.rpt,131634,d3d37747aa01613fbf6a61eded1b05f01db4359e78f2856f9b5bfcc48aecdf9f
evidence/PE_RECONFIG_W4A8_W8A8_SCALE__T0p9ns/summary.kv,690,eb60477277a2c81cd1888a4e1f8f39ae6230628413c9b2fcf99209af9a89e4cb
evidence/PE_RECONFIG_W4A8_W8A8_SCALE__T1p0ns/reports/analyze.log,3936,f31d5484ec4902ed19425bc4a2d92266f91798b9feabe1268d057d597fc950d2
evidence/PE_RECONFIG_W4A8_W8A8_SCALE__T1p0ns/reports/check_design_post.rpt,304,94bf7675a38cf2f7e109edbc8dc51e1112bf6d2b3427362c2e14197d434eaf38
evidence/PE_RECONFIG_W4A8_W8A8_SCALE__T1p0ns/reports/datapath_extraction.rpt,81,fc94336cfc33bd4b491043c0e555a003f3efd077ebf13655e80c792f0a53bd28
evidence/PE_RECONFIG_W4A8_W8A8_SCALE__T1p0ns/reports/report_area.rpt,1813,f36600aba4573325cc757159cc7a331d3e21f73a806b39a153215d84df0e7748
evidence/PE_RECONFIG_W4A8_W8A8_SCALE__T1p0ns/reports/report_constraints.rpt,779,24e74025cd16e8f03c44cf80a449535df4e0c0b1706018bdbab9bfb60675b051
evidence/PE_RECONFIG_W4A8_W8A8_SCALE__T1p0ns/reports/report_qor.rpt,2449,f3d93df9da8bca328c6508f15809754d06e433445e3021ba7d477ad331ff227c
evidence/PE_RECONFIG_W4A8_W8A8_SCALE__T1p0ns/reports/report_reference.rpt,8500,5433d56c28ac7c9314229bfef6b020d2530a2121e90d72f96270d543940865e3
evidence/PE_RECONFIG_W4A8_W8A8_SCALE__T1p0ns/reports/report_resources.rpt,9410,cd5d6deb5fb3486cfb434b799a2d49c727a282b617c7436850575786bd91f90b
evidence/PE_RECONFIG_W4A8_W8A8_SCALE__T1p0ns/reports/report_timing.rpt,121269,929fa6a380de3fa366459e8313fa3b3c7a1ee20eef4d88ae518abb2ee8b8c17b
evidence/PE_RECONFIG_W4A8_W8A8_SCALE__T1p0ns/summary.kv,682,7ee3064eb7ab784e99adb68062592de4072bf10334b32b1a77868e3d83769fe2
evidence/PE_RECONFIG_W4A8_W8A8_SCALE__T2p0ns/reports/analyze.log,3936,8b3d461b0f5b16c38e2deef841c53306705f0b9fe4d62692a093a95cdb6cd7fa
evidence/PE_RECONFIG_W4A8_W8A8_SCALE__T2p0ns/reports/check_design_post.rpt,304,94bf7675a38cf2f7e109edbc8dc51e1112bf6d2b3427362c2e14197d434eaf38
evidence/PE_RECONFIG_W4A8_W8A8_SCALE__T2p0ns/reports/datapath_extraction.rpt,81,fc94336cfc33bd4b491043c0e555a003f3efd077ebf13655e80c792f0a53bd28
evidence/PE_RECONFIG_W4A8_W8A8_SCALE__T2p0ns/reports/report_area.rpt,1813,4f8be76d2ea1ff7592c38948836e9b911bd4a911600a3e9bb5b0390623f94ade
evidence/PE_RECONFIG_W4A8_W8A8_SCALE__T2p0ns/reports/report_constraints.rpt,779,21f2ea5a967fd8d70b934f85be3136843dee8dcd06f7e8540b29defa3b2c00c4
evidence/PE_RECONFIG_W4A8_W8A8_SCALE__T2p0ns/reports/report_qor.rpt,2449,538806261819f3244978ae83451cd54d5e31e793c3604eecfd6d8acd6c50d32b
evidence/PE_RECONFIG_W4A8_W8A8_SCALE__T2p0ns/reports/report_reference.rpt,8345,7996d5693f6ebbb3ec65ea9399c2d9283d091575878c3c401d0100a4388385d0
evidence/PE_RECONFIG_W4A8_W8A8_SCALE__T2p0ns/reports/report_resources.rpt,9410,5fa7d9c9c8a1fe68c036ffda38c8d9505f5a87f8bbf6e6c0de9d041534c0a089
evidence/PE_RECONFIG_W4A8_W8A8_SCALE__T2p0ns/reports/report_timing.rpt,212552,ff0eae6ced8619cb2e4fa52cd7e465c53bc9f890e6a7d00de9283acfd1003529
evidence/PE_RECONFIG_W4A8_W8A8_SCALE__T2p0ns/summary.kv,679,7560f72dfebd1e6257435e616cca5dde87c65b7e802f2aee9909b5590e0f28b7
evidence/PE_W4A16_L2__T0p9ns/reports/analyze.log,3435,c31d186f27ad4835ddb6a586b3c2ce62207ffd64cb44009446e0279a7f1f5772
evidence/PE_W4A16_L2__T0p9ns/reports/check_design_post.rpt,304,94bf7675a38cf2f7e109edbc8dc51e1112bf6d2b3427362c2e14197d434eaf38
evidence/PE_W4A16_L2__T0p9ns/reports/datapath_extraction.rpt,81,fc94336cfc33bd4b491043c0e555a003f3efd077ebf13655e80c792f0a53bd28
evidence/PE_W4A16_L2__T0p9ns/reports/report_area.rpt,1806,30a4c9053c2b128ac18489d9fbaf71e9c2404b4314b5b8966bd122d0df1ec044
evidence/PE_W4A16_L2__T0p9ns/reports/report_constraints.rpt,779,af7d8c5cfc534ce4fc57e6dca484e042d75205aac4cea005ada044a2f61f24e6
evidence/PE_W4A16_L2__T0p9ns/reports/report_qor.rpt,2449,fcd63b9c5247555e5acf26ca404749d9f2606b5634521ec374e3c132793fee3f
evidence/PE_W4A16_L2__T0p9ns/reports/report_reference.rpt,6953,9739fb0981ac9e31bf4b42c8d8fdb8ae97f30e4553fafc2ce0953add21289115
evidence/PE_W4A16_L2__T0p9ns/reports/report_resources.rpt,3119,a5add22c5a63d01d3cc1d6a095e93a46eaa3cae0c69d88ab2ebfeaf676c89d08
evidence/PE_W4A16_L2__T0p9ns/reports/report_timing.rpt,122101,c186c5bab4ae0a855c1951fe8274123ba902417fd9d9fedd7b21fcbae0b623ea
evidence/PE_W4A16_L2__T0p9ns/summary.kv,673,7b83106987fe32d96b3e5b2adf2c632ab57eac8542227661241c63d263dcbd40
evidence/PE_W4A16_L2__T1p0ns/reports/analyze.log,3435,7df89fe51b2cfe9547e3c62481f7406791cdfdd5140c3398510539aedc86be4e
evidence/PE_W4A16_L2__T1p0ns/reports/check_design_post.rpt,304,94bf7675a38cf2f7e109edbc8dc51e1112bf6d2b3427362c2e14197d434eaf38
evidence/PE_W4A16_L2__T1p0ns/reports/datapath_extraction.rpt,81,fc94336cfc33bd4b491043c0e555a003f3efd077ebf13655e80c792f0a53bd28
evidence/PE_W4A16_L2__T1p0ns/reports/report_area.rpt,1806,09707e23cd1a7daf21db966dce94996c02c81a168eec83c80746e2f4ba7af7fa
evidence/PE_W4A16_L2__T1p0ns/reports/report_constraints.rpt,779,b2ab2b2cbe72693960df2b44affc33905cb678ff07311f0e377e250e24e02adf
evidence/PE_W4A16_L2__T1p0ns/reports/report_qor.rpt,2449,0f0da33c7ce7e729c7b8f4e6404239524fa25b8f599da8c46a9040e146dd4bb0
evidence/PE_W4A16_L2__T1p0ns/reports/report_reference.rpt,5395,356b0018e33c578da5f28d75d24dd8b6c6e0a9a0549c1771a2fb3646fb1fe41a
evidence/PE_W4A16_L2__T1p0ns/reports/report_resources.rpt,3119,91005729d989fb842a195516eeee10e0f873717778f2afe5ae058be81fdc62de
evidence/PE_W4A16_L2__T1p0ns/reports/report_timing.rpt,130165,536d7a095d09621116f88a92df5f4107a0189e4c6ab5a786bad08e4a913d5492
evidence/PE_W4A16_L2__T1p0ns/summary.kv,666,5ea5367b71e004ab62f4bcebcb24fcf1741082059b98d8dac361125afbb1cd1d
evidence/PE_W4A16_L2__T2p0ns/reports/analyze.log,3435,040e856b29afa7af73722e320272d08a8d8cfed26296f7defad38c0cba2f4757
evidence/PE_W4A16_L2__T2p0ns/reports/check_design_post.rpt,304,94bf7675a38cf2f7e109edbc8dc51e1112bf6d2b3427362c2e14197d434eaf38
evidence/PE_W4A16_L2__T2p0ns/reports/datapath_extraction.rpt,81,fc94336cfc33bd4b491043c0e555a003f3efd077ebf13655e80c792f0a53bd28
evidence/PE_W4A16_L2__T2p0ns/reports/report_area.rpt,1806,bdb84e9681188d5fc1a67d2b5004529ce1f7537c143a4166b884be4695acfc82
evidence/PE_W4A16_L2__T2p0ns/reports/report_constraints.rpt,779,468163ec58c87a45433edd0bc87fa922cbd8e46eec3ac033cc6f3a7254bf020a
evidence/PE_W4A16_L2__T2p0ns/reports/report_qor.rpt,2449,f3ecb28519799360651059f56b0bce326fc17d37cbc55b94ee90ab6bb10f2a12
evidence/PE_W4A16_L2__T2p0ns/reports/report_reference.rpt,6257,a31821e200ea29ad7d259703a7fb0616dc82efe0e0bb0a59ee4e93cc2435e87c
evidence/PE_W4A16_L2__T2p0ns/reports/report_resources.rpt,3119,e61e4e5d8a3c6b8d7320a77b99c1b1e815241b8e2df5caa52bed84eaf5f0830b
evidence/PE_W4A16_L2__T2p0ns/reports/report_timing.rpt,244981,b4b1671eda71b1839ada237890150e9bc8c1835c4e8350dec1f3c079b6c18c76
evidence/PE_W4A16_L2__T2p0ns/summary.kv,661,ea9dc5b89a03439f2988420d0a52003c9f1d38ad92e545d928dad3c682ad4fc5
evidence/PE_W4A4_L8__T0p9ns/reports/analyze.log,3428,49df62c3cef388fbf993de60f7bc72f0854113399e9842993621d6e64ad8e8b4
evidence/PE_W4A4_L8__T0p9ns/reports/check_design_post.rpt,304,94bf7675a38cf2f7e109edbc8dc51e1112bf6d2b3427362c2e14197d434eaf38
evidence/PE_W4A4_L8__T0p9ns/reports/datapath_extraction.rpt,81,fc94336cfc33bd4b491043c0e555a003f3efd077ebf13655e80c792f0a53bd28
evidence/PE_W4A4_L8__T0p9ns/reports/report_area.rpt,1806,a09b98775961f6add59e79a2150decf9db7a60b0bb1bef81184f00c4183cd31d
evidence/PE_W4A4_L8__T0p9ns/reports/report_constraints.rpt,779,b5f15f64480cf96980ae95dfd2561d2127094daa0d9cc9592019d90566a1d511
evidence/PE_W4A4_L8__T0p9ns/reports/report_qor.rpt,2449,35c91dfe9f14be50f9c515f221bd42fed975bd146be4029e2291547a06b0a419
evidence/PE_W4A4_L8__T0p9ns/reports/report_reference.rpt,5045,7b6a8f625eb32b419e6e4d214e399bfcd40351af7242f3e9e3d4ef2f98ea5087
evidence/PE_W4A4_L8__T0p9ns/reports/report_resources.rpt,5521,7b88a5ed0cb01a6d74c57773d567a101a0fc1bd3e3f58d7ba36a0d524b2f46f2
evidence/PE_W4A4_L8__T0p9ns/reports/report_timing.rpt,115681,d6e6e32e5f08b687f1f9738dfe3e51277aa87fc706862e67726d80147f332a8b
evidence/PE_W4A4_L8__T0p9ns/summary.kv,670,276777061e2eb98426b20d9dd9a0aa7862e05ad50a8daa09985f970973476e36
evidence/PE_W4A4_L8__T1p0ns/reports/analyze.log,3428,013a7d9228970bc770d64ab2894be372c4256d6f8db69d108ccf3fbbba579f42
evidence/PE_W4A4_L8__T1p0ns/reports/check_design_post.rpt,304,94bf7675a38cf2f7e109edbc8dc51e1112bf6d2b3427362c2e14197d434eaf38
evidence/PE_W4A4_L8__T1p0ns/reports/datapath_extraction.rpt,81,fc94336cfc33bd4b491043c0e555a003f3efd077ebf13655e80c792f0a53bd28
evidence/PE_W4A4_L8__T1p0ns/reports/report_area.rpt,1806,49cab4ff1d01caeb26a741ce3e0c76af5c8b487c767db98399ceea0d07eb3b5a
evidence/PE_W4A4_L8__T1p0ns/reports/report_constraints.rpt,779,8a175bbb2dde0c0a170b6c8e431ab11f1065a176e79fc87b4b0fe4fd4124b754
evidence/PE_W4A4_L8__T1p0ns/reports/report_qor.rpt,2449,8659aeb83e6a69a5b795978ee26fdb47bdd95f657902e6f49e9e438623bf285e
evidence/PE_W4A4_L8__T1p0ns/reports/report_reference.rpt,4873,9fdcd9e881fedc2450de63449fe85265f8fd64fc98cd792521a46e9ca8b40535
evidence/PE_W4A4_L8__T1p0ns/reports/report_resources.rpt,5521,19be8b364834bda772cde9c9619208f38f59fb175631e268043412bd2a66b925
evidence/PE_W4A4_L8__T1p0ns/reports/report_timing.rpt,127021,6b4090330d729a1d485f66acfaddd92dd372da94f7c896d932700a405b00a2c3
evidence/PE_W4A4_L8__T1p0ns/summary.kv,665,b354bbe188baafe38efe54dcb42f1df2088520c564853e5b54ba0612d69ebe68
evidence/PE_W4A4_L8__T2p0ns/reports/analyze.log,3428,331f13268b2f6c15ed8e54d4eb49c4996b2fe81db3908d33f3535f62d2ff41f7
evidence/PE_W4A4_L8__T2p0ns/reports/check_design_post.rpt,304,94bf7675a38cf2f7e109edbc8dc51e1112bf6d2b3427362c2e14197d434eaf38
evidence/PE_W4A4_L8__T2p0ns/reports/datapath_extraction.rpt,81,fc94336cfc33bd4b491043c0e555a003f3efd077ebf13655e80c792f0a53bd28
evidence/PE_W4A4_L8__T2p0ns/reports/report_area.rpt,1806,29ce301d35711cbeed9197d5dc75b7d939fe1215b4d687b91ba9742156814749
evidence/PE_W4A4_L8__T2p0ns/reports/report_constraints.rpt,779,3c590b30bbfd2d3bb977d50a1d7e251a7f38a1a83b0772d83aa29e1141f2c4ed
evidence/PE_W4A4_L8__T2p0ns/reports/report_qor.rpt,2449,1f9485cd3bf303619caea02cce8981a551f4613a4cec3101573825fae7bdf679
evidence/PE_W4A4_L8__T2p0ns/reports/report_reference.rpt,4181,bc68008bb096534351f69b5eeb206f0df791dc4a8bdcd2d123406fd38e599297
evidence/PE_W4A4_L8__T2p0ns/reports/report_resources.rpt,5521,63bd752b9a4cbbc53967a6351e0dc0a2b75e1ddb62f9b3983fd4aca769ab4675
evidence/PE_W4A4_L8__T2p0ns/reports/report_timing.rpt,217396,040ab0b626f3f0d90f1a38d6d1f8810949f95612d9f60a35c35971f9a42e0e3e
evidence/PE_W4A4_L8__T2p0ns/summary.kv,662,1c46654b31ad8d9d80a408902790fc4c8564f42ea5876bb1546951d536bf2aa9
evidence/PE_W4A8_L4__T0p9ns/reports/analyze.log,3426,53e3b26c2bc7d8b6822e26434ee711497a7b027ba3642baf76fe658010c0ad86
evidence/PE_W4A8_L4__T0p9ns/reports/check_design_post.rpt,304,94bf7675a38cf2f7e109edbc8dc51e1112bf6d2b3427362c2e14197d434eaf38
evidence/PE_W4A8_L4__T0p9ns/reports/datapath_extraction.rpt,81,fc94336cfc33bd4b491043c0e555a003f3efd077ebf13655e80c792f0a53bd28
evidence/PE_W4A8_L4__T0p9ns/reports/report_area.rpt,1806,31945db48cd4be29c7a92bd7d8bd1ef427f94dcd9b8fd7092ca8427bf1faa96b
evidence/PE_W4A8_L4__T0p9ns/reports/report_constraints.rpt,779,100ccb9674d7f306819c20407187e6d0722b10938fa5b00668b1a95ca050e97b
evidence/PE_W4A8_L4__T0p9ns/reports/report_qor.rpt,2449,a21a0608b4d9bf935f82d825022268ac3737ee6c5143ee60dcca523c0841e05e
evidence/PE_W4A8_L4__T0p9ns/reports/report_reference.rpt,6784,bb93416c74e5dd0c298c009bc84d8d612eb8a72e30f71b6c2dadbc74b413554f
evidence/PE_W4A8_L4__T0p9ns/reports/report_resources.rpt,3919,9b9450c9428cc5997e6fd8024eeaff698aaa4b19943b9c82f8aa93d2e2f0ccd7
evidence/PE_W4A8_L4__T0p9ns/reports/report_timing.rpt,117526,5b9dadb02a6184d01273c878343bfd79c03b575573ac6484c87abed701897f2a
evidence/PE_W4A8_L4__T0p9ns/summary.kv,673,8c980be0fa779318182b76eca6db9c58a33a82eab34b61db24cc7ae172ae347f
evidence/PE_W4A8_L4__T1p0ns/reports/analyze.log,3426,c2c833f1548b1c3f2f7f4013ac15b982c99e8e8ca3f858bd70e322b3be7667e1
evidence/PE_W4A8_L4__T1p0ns/reports/check_design_post.rpt,304,94bf7675a38cf2f7e109edbc8dc51e1112bf6d2b3427362c2e14197d434eaf38
evidence/PE_W4A8_L4__T1p0ns/reports/datapath_extraction.rpt,81,fc94336cfc33bd4b491043c0e555a003f3efd077ebf13655e80c792f0a53bd28
evidence/PE_W4A8_L4__T1p0ns/reports/report_area.rpt,1806,205eec41b67845829292f96d02bff4a89eac59ef72cfa38ae1bf8bb267e36034
evidence/PE_W4A8_L4__T1p0ns/reports/report_constraints.rpt,779,f0f067b31472a2bfb10209322c9180ae636a885ce2f7fe16ee695d60319a2a96
evidence/PE_W4A8_L4__T1p0ns/reports/report_qor.rpt,2449,5110eb1a5e85888d133b032202ff9817825798b5bdc4dad342153a346b25ef5c
evidence/PE_W4A8_L4__T1p0ns/reports/report_reference.rpt,6086,6aea520a571c8c059ab350b813eafb4a3be6a154b6f5419cc445de0e146eeaea
evidence/PE_W4A8_L4__T1p0ns/reports/report_resources.rpt,3919,2221faf380bdce48a9e60ee76b3adc48e179bb0b3c48273660f4b0dd2131e206
evidence/PE_W4A8_L4__T1p0ns/reports/report_timing.rpt,131125,ab6bd073b07cc6f3f0c36787af9bfde340aa82fcd9a2e709e52b4d8395f9220e
evidence/PE_W4A8_L4__T1p0ns/summary.kv,665,a91e89ea977360833e6d2c061b05f227a788414a427809901dfb40b64547c8ac
evidence/PE_W4A8_L4__T2p0ns/reports/analyze.log,3426,938002754c7ecf29f8dd4d870c816e707abcc649ad2a5ae90c0bc94ae67a6021
evidence/PE_W4A8_L4__T2p0ns/reports/check_design_post.rpt,304,94bf7675a38cf2f7e109edbc8dc51e1112bf6d2b3427362c2e14197d434eaf38
evidence/PE_W4A8_L4__T2p0ns/reports/datapath_extraction.rpt,81,fc94336cfc33bd4b491043c0e555a003f3efd077ebf13655e80c792f0a53bd28
evidence/PE_W4A8_L4__T2p0ns/reports/report_area.rpt,1806,9afc80e0cc37713b7024c61dd501278013518ae92c93bfe71e8c7ae6a85d7e2a
evidence/PE_W4A8_L4__T2p0ns/reports/report_constraints.rpt,779,b6781fb20d47bbe8f80b0678bd591b4f7a7832906e0162d5b762394cfb4616e7
evidence/PE_W4A8_L4__T2p0ns/reports/report_qor.rpt,2449,030f78635d91f63a12a96abbba5aa6687abeef3d3e978c1870cfa879c74287df
evidence/PE_W4A8_L4__T2p0ns/reports/report_reference.rpt,4880,b6217c2ca3dcde39641ac8ea8c758b60d963047b24943219408333f3ab58f68c
evidence/PE_W4A8_L4__T2p0ns/reports/report_resources.rpt,3919,6df6e40224f851e8d7f7ec06328c3b68e77e84eb75f504b309f131c57c09d442
evidence/PE_W4A8_L4__T2p0ns/reports/report_timing.rpt,219136,ad3b7432da057983e165079b18bdd8dc54f340096d690ee36de2042905cc1c78
evidence/PE_W4A8_L4__T2p0ns/summary.kv,662,1c51c732207b8bd99e25a4c28fb25ebfa2048c953f000f1a678245512bdc65a3
evidence/PE_W8A8_L4__T0p9ns/reports/analyze.log,3428,48f8a2e1b6d4af2308f695eddeb10201d9933ed69e35d97dcf35a4905cc0b4f6
evidence/PE_W8A8_L4__T0p9ns/reports/check_design_post.rpt,304,94bf7675a38cf2f7e109edbc8dc51e1112bf6d2b3427362c2e14197d434eaf38
evidence/PE_W8A8_L4__T0p9ns/reports/datapath_extraction.rpt,81,fc94336cfc33bd4b491043c0e555a003f3efd077ebf13655e80c792f0a53bd28
evidence/PE_W8A8_L4__T0p9ns/reports/report_area.rpt,1806,75ee6373a3ccf7005c08fa9972f9cf4a48cbddf77188d8684a19b7a190dbecea
evidence/PE_W8A8_L4__T0p9ns/reports/report_constraints.rpt,779,cb40ceeb9e3cdbf5d891b926fc227ccd7c83eb06ad58b1d758000276b8259b12
evidence/PE_W8A8_L4__T0p9ns/reports/report_qor.rpt,2449,8b85351cfbbca6b1bde5222140ea75cd6d2de5de70d579698f8f76e14a2d5433
evidence/PE_W8A8_L4__T0p9ns/reports/report_reference.rpt,8338,a7076ca2e6a30e0bb390e34ac2f7d66d7d54226c7c0bd5f0c9b0ebcaab304bf9
evidence/PE_W8A8_L4__T0p9ns/reports/report_resources.rpt,3919,47d4db8677a0a03eb39f64c75ea095de3d838235f828890ae9d21db7c28b2924
evidence/PE_W8A8_L4__T0p9ns/reports/report_timing.rpt,115606,44b5faf9541d9a725060f3cf5d66908f04a5c756b7803bccb705c0a200e663ae
evidence/PE_W8A8_L4__T0p9ns/summary.kv,672,e1a2ae277352a80eed75b2257c967eca850f01844fd1b86b9110cf80d2cd0d68
evidence/PE_W8A8_L4__T1p0ns/reports/analyze.log,3428,2be01a20200f5036d3f4f055b610ae812173d7acc4a2c20063c02b05ed41b833
evidence/PE_W8A8_L4__T1p0ns/reports/check_design_post.rpt,304,94bf7675a38cf2f7e109edbc8dc51e1112bf6d2b3427362c2e14197d434eaf38
evidence/PE_W8A8_L4__T1p0ns/reports/datapath_extraction.rpt,81,fc94336cfc33bd4b491043c0e555a003f3efd077ebf13655e80c792f0a53bd28
evidence/PE_W8A8_L4__T1p0ns/reports/report_area.rpt,1806,d4fa7adcbeb01230f7a23c1cbbec29ceb5ab0b71123dc739fd0d002455f7cd00
evidence/PE_W8A8_L4__T1p0ns/reports/report_constraints.rpt,779,36e1b845e867f3f5c49e4397c0746edcaabf8376d2e266d9d9a9d75adc7f9d36
evidence/PE_W8A8_L4__T1p0ns/reports/report_qor.rpt,2449,b31781a7b374f028b7166705c69e3e57fa8c2c6360a416da47a21c480e7a5e3f
evidence/PE_W8A8_L4__T1p0ns/reports/report_reference.rpt,5739,f5452ad4acb87314384bb295f31a78729eba9da703e6df1f6f74830aa51ba086
evidence/PE_W8A8_L4__T1p0ns/reports/report_resources.rpt,3919,b3fab7eb57fe8efd8084a43c05fa692aaa0a03a6ef3ec94558b7a9d9e2308995
evidence/PE_W8A8_L4__T1p0ns/reports/report_timing.rpt,122236,c8aa65c34800f07f40ea522fcca870265efca37b12b5ac9874d6336bbf09c07f
evidence/PE_W8A8_L4__T1p0ns/summary.kv,665,17d1d0e8e04a104c7420dade208cac68cec9a2d9d88d27b7f71284e5b6964a65
evidence/PE_W8A8_L4__T2p0ns/reports/analyze.log,3428,65fb0648d94a799869179eaea63ac2aef49a3bed79d646259bad956ff121ce59
evidence/PE_W8A8_L4__T2p0ns/reports/check_design_post.rpt,304,94bf7675a38cf2f7e109edbc8dc51e1112bf6d2b3427362c2e14197d434eaf38
evidence/PE_W8A8_L4__T2p0ns/reports/datapath_extraction.rpt,81,fc94336cfc33bd4b491043c0e555a003f3efd077ebf13655e80c792f0a53bd28
evidence/PE_W8A8_L4__T2p0ns/reports/report_area.rpt,1806,006ebc4635fda745cc99fd091f60ac91c34f3b8686f9358b8b27e8ae389082f5
evidence/PE_W8A8_L4__T2p0ns/reports/report_constraints.rpt,779,6fa63ca5f9b8fd6f10037ebf08a36d0b3b2eba659477865f6e9b0168af8a59a0
evidence/PE_W8A8_L4__T2p0ns/reports/report_qor.rpt,2449,bc467541761cc90d01ef29dfeb3a7fbfeaac8b987f71fea7e35b4e85639c610a
evidence/PE_W8A8_L4__T2p0ns/reports/report_reference.rpt,5396,c8bd4cc8bf3f9adba6a609e66558628baab233cb5e3d0bc0cf05b48934861972
evidence/PE_W8A8_L4__T2p0ns/reports/report_resources.rpt,3919,d48013929f09432fb06b7164b4178733c231d836460ec251c1e785e832eced44
evidence/PE_W8A8_L4__T2p0ns/reports/report_timing.rpt,213361,699fcde5ea390548361aaf2fec63f4b2c4ab27917e9f5257ea8a785c88eaebe6
evidence/PE_W8A8_L4__T2p0ns/summary.kv,662,7fc2c30be9950a7a86f7aafc047294f54876b722d5d3505b1b4a794937c56780
evidence/REQUANT_I32_TO_I4__T0p9ns/reports/analyze.log,3114,fa7fb5054435e557175b10e90e52a1bc2a13d659ddfad71809ee0c1df5a76b03
evidence/REQUANT_I32_TO_I4__T0p9ns/reports/check_design_post.rpt,304,94bf7675a38cf2f7e109edbc8dc51e1112bf6d2b3427362c2e14197d434eaf38
evidence/REQUANT_I32_TO_I4__T0p9ns/reports/datapath_extraction.rpt,81,fc94336cfc33bd4b491043c0e555a003f3efd077ebf13655e80c792f0a53bd28
evidence/REQUANT_I32_TO_I4__T0p9ns/reports/report_area.rpt,1806,9e283d96b9feed2fc2d70638707c2edec41c234ee43059f00851a7679fbf9c22
evidence/REQUANT_I32_TO_I4__T0p9ns/reports/report_constraints.rpt,779,3c24b73f2e42d796aa1f15fdcf2479e613ee5edc08905a294da3d03dc16c9478
evidence/REQUANT_I32_TO_I4__T0p9ns/reports/report_qor.rpt,2449,0ddaa990780641415835d392339139a513adda2bc61fa9c5da08f6255c9bfa6a
evidence/REQUANT_I32_TO_I4__T0p9ns/reports/report_reference.rpt,12649,6369a69b0e14602d941720727aa73a4693cd633cc2b5ea22cd9f8513feab68cf
evidence/REQUANT_I32_TO_I4__T0p9ns/reports/report_resources.rpt,4539,c98018244b72f8cc0b5031b38d6db9a86b75d5bfc08c9bff5529bc88f195d85d
evidence/REQUANT_I32_TO_I4__T0p9ns/reports/report_timing.rpt,128984,7ff51644d07f166fdc163259e5bea4704f9b4537c73917c94506bf10e92c9ee8
evidence/REQUANT_I32_TO_I4__T0p9ns/summary.kv,681,83d5754541b54b7b23f6531e4579b6ea5388aac6452c9734d2599859716f3936
evidence/REQUANT_I32_TO_I4__T1p0ns/reports/analyze.log,3114,232d85c7282674c81a954715dfb4d75cd9da3f0792a211a891bd33f5f7a7488f
evidence/REQUANT_I32_TO_I4__T1p0ns/reports/check_design_post.rpt,304,94bf7675a38cf2f7e109edbc8dc51e1112bf6d2b3427362c2e14197d434eaf38
evidence/REQUANT_I32_TO_I4__T1p0ns/reports/datapath_extraction.rpt,81,fc94336cfc33bd4b491043c0e555a003f3efd077ebf13655e80c792f0a53bd28
evidence/REQUANT_I32_TO_I4__T1p0ns/reports/report_area.rpt,1806,715632479e7270aca9bffbbd3a7fb6c73181faf3152b24b3f776ab9e60919ae9
evidence/REQUANT_I32_TO_I4__T1p0ns/reports/report_constraints.rpt,779,5a7cf5d8229e1651e936e1da511e73ce5de9ef054a9a54c92071340c5a6493de
evidence/REQUANT_I32_TO_I4__T1p0ns/reports/report_qor.rpt,2449,57b048e067030d9c4cb0fa19613c948c79c1796c9eb64409f24e5a267ff45493
evidence/REQUANT_I32_TO_I4__T1p0ns/reports/report_reference.rpt,9014,80580f01023ec32c9831acab5afd1ad977d2b55fad638842e58373322b33b4b1
evidence/REQUANT_I32_TO_I4__T1p0ns/reports/report_resources.rpt,4539,111a974aec39dc6af33c8ea395388d751512bbda812c66653e82e0909bde2e77
evidence/REQUANT_I32_TO_I4__T1p0ns/reports/report_timing.rpt,131381,52b5a308cbcccba620c735e521ab7df7f7805087caa5f67a1ad512a0a47a9b53
evidence/REQUANT_I32_TO_I4__T1p0ns/summary.kv,671,8c24cb4babed897d4d855827ddc56ee399efbee1bcad24189e45c4b7f5e4c360
evidence/REQUANT_I32_TO_I4__T2p0ns/reports/analyze.log,3114,448569dc4a18103c64e02d6a6c6da5d36fe5bc7d9688939fe0224eeb9c8a7056
evidence/REQUANT_I32_TO_I4__T2p0ns/reports/check_design_post.rpt,304,94bf7675a38cf2f7e109edbc8dc51e1112bf6d2b3427362c2e14197d434eaf38
evidence/REQUANT_I32_TO_I4__T2p0ns/reports/datapath_extraction.rpt,81,fc94336cfc33bd4b491043c0e555a003f3efd077ebf13655e80c792f0a53bd28
evidence/REQUANT_I32_TO_I4__T2p0ns/reports/report_area.rpt,1806,2125b8f82e1c341c2af690bd65e38f71f1de8939e1a7f967cf2b02f1c8c8de0b
evidence/REQUANT_I32_TO_I4__T2p0ns/reports/report_constraints.rpt,779,2845e62796bb931e66505a486d1614c202c2d23c23f8c45818d565ee98f31ae8
evidence/REQUANT_I32_TO_I4__T2p0ns/reports/report_qor.rpt,2449,7ce53fafbf7dc2690cec6dd31d7fa3bcc39037e96a48e1b1ba99c3fdd94bfc57
evidence/REQUANT_I32_TO_I4__T2p0ns/reports/report_reference.rpt,5734,0ee6f9fa7d6044efcab4c916e5673998b0278ccf680e9da488b3c84561e1ae76
evidence/REQUANT_I32_TO_I4__T2p0ns/reports/report_resources.rpt,4539,6c483f9407702fe7962e4260a63e132a10a7047101e0570b579b7b7d279aa274
evidence/REQUANT_I32_TO_I4__T2p0ns/reports/report_timing.rpt,209921,8cb34b2cd1132ff247966c21dae49a533b042b143234d8efa8887540e1cee508
evidence/REQUANT_I32_TO_I4__T2p0ns/summary.kv,670,dec7fc7be04d294c5699e8ad7701477d6b7223c3250faac79533ddc5e9074f15
evidence/REQUANT_I32_TO_I8__T0p9ns/reports/analyze.log,3114,4fea18e8454716f8220a72075e84cfb0b01d001ec8ac8bfb00967d8c07b8b6e1
evidence/REQUANT_I32_TO_I8__T0p9ns/reports/check_design_post.rpt,304,94bf7675a38cf2f7e109edbc8dc51e1112bf6d2b3427362c2e14197d434eaf38
evidence/REQUANT_I32_TO_I8__T0p9ns/reports/datapath_extraction.rpt,81,fc94336cfc33bd4b491043c0e555a003f3efd077ebf13655e80c792f0a53bd28
evidence/REQUANT_I32_TO_I8__T0p9ns/reports/report_area.rpt,1806,2d132ff0a951b57bf412e7f92299b4ec976a08ac5f0d9eeeaa0318f989076c35
evidence/REQUANT_I32_TO_I8__T0p9ns/reports/report_constraints.rpt,779,e764104b29422f44d3d270e92f3693640330be374330f18ac9502b97bbe4f9ea
evidence/REQUANT_I32_TO_I8__T0p9ns/reports/report_qor.rpt,2449,6a1f032c35efc41668a523f5f516817a19163e0760f0fa18e8b093aea11c2628
evidence/REQUANT_I32_TO_I8__T0p9ns/reports/report_reference.rpt,15072,0e7410cca92c50330bc07b3cd01fd395e52d77e24ebc48a62e9d55b7464fdde7
evidence/REQUANT_I32_TO_I8__T0p9ns/reports/report_resources.rpt,4547,0afb830c5516f836b55fac54eed9a104ff52bcac5a7da4c4508c5fcbfbe96390
evidence/REQUANT_I32_TO_I8__T0p9ns/reports/report_timing.rpt,134306,a3f2f28a43416145aad33e32efcc2b138a683e3804516747cb52cdc953617407
evidence/REQUANT_I32_TO_I8__T0p9ns/summary.kv,680,dfd972026bc61e4c21c0beb0f5a92f5a9c8269536ddb2b2cbaacfe5e78396170
evidence/REQUANT_I32_TO_I8__T1p0ns/reports/analyze.log,3114,f60e5b858b8a0500b2e139e0adef53fb16cb561d79e71893de28c6f4808c6d05
evidence/REQUANT_I32_TO_I8__T1p0ns/reports/check_design_post.rpt,304,94bf7675a38cf2f7e109edbc8dc51e1112bf6d2b3427362c2e14197d434eaf38
evidence/REQUANT_I32_TO_I8__T1p0ns/reports/datapath_extraction.rpt,81,fc94336cfc33bd4b491043c0e555a003f3efd077ebf13655e80c792f0a53bd28
evidence/REQUANT_I32_TO_I8__T1p0ns/reports/report_area.rpt,1806,cba956344f1a8ab989aa5df2e647424e08bcf2968f1c4d027024de890fa06898
evidence/REQUANT_I32_TO_I8__T1p0ns/reports/report_constraints.rpt,779,5caf76d9e7fd1f5ab242a95f3689e838d1fe09ec51be07423dd6c26ee58a6df1
evidence/REQUANT_I32_TO_I8__T1p0ns/reports/report_qor.rpt,2449,af5165b3bb25407813aacfbb73137915f89b635e174c56e14d5e489de2d17836
evidence/REQUANT_I32_TO_I8__T1p0ns/reports/report_reference.rpt,10922,f991511b1895844c3e27c1d37c4cfbcd6512a9e7c90e60d838fbc327cab5f4a3
evidence/REQUANT_I32_TO_I8__T1p0ns/reports/report_resources.rpt,4547,5384f34b59c3bc12154627779ba4a8bd5cbc6d702e9b0fdb6282980b25363a8b
evidence/REQUANT_I32_TO_I8__T1p0ns/reports/report_timing.rpt,136001,648696edc6278a322cf1296358891bb99dc2b2f2ae626641758fcba4e6b95afd
evidence/REQUANT_I32_TO_I8__T1p0ns/summary.kv,673,4f9c9f04022915a8e34cd151890bd24c434f37b496d3d122a616f97119e1299b
evidence/REQUANT_I32_TO_I8__T2p0ns/reports/analyze.log,3114,84ae604be577d571b02e5541231a05f334052358697645eba75008706b4b47c0
evidence/REQUANT_I32_TO_I8__T2p0ns/reports/check_design_post.rpt,304,94bf7675a38cf2f7e109edbc8dc51e1112bf6d2b3427362c2e14197d434eaf38
evidence/REQUANT_I32_TO_I8__T2p0ns/reports/datapath_extraction.rpt,81,fc94336cfc33bd4b491043c0e555a003f3efd077ebf13655e80c792f0a53bd28
evidence/REQUANT_I32_TO_I8__T2p0ns/reports/report_area.rpt,1806,a3375b5445b2d0795a101d6c6f1e9ba023f314c849ece856cd6782f083d035e9
evidence/REQUANT_I32_TO_I8__T2p0ns/reports/report_constraints.rpt,779,6243db6912c8f550c556b4acd308dcd75c8908280cd2bc5ac744a6d3140df8d9
evidence/REQUANT_I32_TO_I8__T2p0ns/reports/report_qor.rpt,2449,26d691ed221c84df785cc7c79d11a974d39cecc662e0464a008fde535a25fad5
evidence/REQUANT_I32_TO_I8__T2p0ns/reports/report_reference.rpt,5567,c24c3b51dec062c3b8e959e89aa19e8638585b68c9651fa63909908eb7c941ff
evidence/REQUANT_I32_TO_I8__T2p0ns/reports/report_resources.rpt,4547,4c327577d99ad268f33c14ccde1bf93d5484c4c387ba4cad0cb1dce90e6ac2b8
evidence/REQUANT_I32_TO_I8__T2p0ns/reports/report_timing.rpt,197441,dbdb8afcf07234728cfca2deef7a0551ba1b12cb3a8acee324f72c4f166938ed
evidence/REQUANT_I32_TO_I8__T2p0ns/summary.kv,670,e278544c03516a78eda72ea04a8985f8e2ccedbad02d42bd8d74f159216b4bbf
results/area_22nm_group_summary.csv,9548,6aad0be89f0b1313435df3405fa78d0838f4edb384db463aa85835c23ebe1f0e
results/area_22nm_raw.csv,122467,824810d4b93912e43e0d997f2481c7d1fe8e71f594568c86eeeeae94d9d178cd
results/area_22nm_raw_template.csv,416,a30c934e9848c053b48611ff9da8790a14b942ea934e7ee3f64c24daca0ce65e
results/llm_quantization_with_22nm.sqlite,450560,9fa0ec77232296bec76d74d058cfdbc2cbeeee2f182148caf3abdced4cec10da
results/run_receipt.md,2316,36522b6665247544fecaeca8d687bfc70db557c927698fcaca78c7741c3feb8a
results/validation_report.txt,1768,55788edc8e11d42f87af9621668a4e93daed9db22b7ec7c5e738d44e3f334091
rtl/fp4_e2m1_mac_dw_surrogate.sv,2159,c23e79ab7c23c8c0698b58545e1a4cb25e3f74611419237cd4717fdf78d63856
rtl/fp_mac_dw.sv,954,1a48d37930ebdbda1fe357be0e1236c40c1c237319ddaf0e9708cee5f780c1a9
rtl/int_mac.sv,1017,60f7ddfe20dff684ec37b0d9ef2f71afbe3c885cd815cba375ab07ed9224e39b
rtl/kv_dequant.sv,1367,cce4ed42fe722b912b9a9c6130ac4f5863ffa2f760304ed7c1a27ed63062ed41
rtl/kv_dequant_mixed.sv,1370,7a4d9ac216a1ff3e6edeb56014ba65fc078bf33d594a8cf4f1200f476a017949
rtl/mixed_mode_pe.sv,1638,4cb3351a07fd98791b175e6374b42d1e94c8d4e4b97808da2c48c301895ca1f2
rtl/packed_dot_pe.sv,1055,1f2272c93336e2fae9d7618fb73c53c8cb0f91aa3508eaae15d5ed593409e32c
rtl/requant_int.sv,1236,27e9161922fce0ee41b5712a63c653a793fc6f6075bbae6d898640186ef1bfe6
rtl/systolic_array_fp_dw.sv,2134,b644b2812bf3e27503a94a02b1abecdbbe77b4e4d043f9e72d905ba9a9b295a1
rtl/systolic_array_int.sv,1529,543a24935a424f86e1ddb8ae4b07fca00292ebdf47934b44043fe360235c64f4
scripts/collect_results.py,5891,4c8e30a983cd83f7a6e6e3620cd45e1e7c8c3c0a12a21846e9f229bf9942a80d
scripts/dc_synth.tcl,5330,ef62c658ff46d6db7ea9c828c2a78d076f785d198abd24cf499ac4122df33c6e
scripts/gen_runs.py,10302,049141d4a69f28d61b9c06a2402db77f4aefd321c9db76e4c14288e42d92bd9e
scripts/make_deliverable_manifest.py,2013,efb263012408f6e11f7d9397ce6e160fc55dc6ff08a8a6eebda49f428de610f4
scripts/merge_to_sqlite.py,2003,51fea1234237178f343a32a8d0dddb3a74c9b193c0004174fd678bd175bab8a2
scripts/run_all.py,4132,6238c103879b510d0f5b7ccc22e58890b6e445042114a79a6e1b248b99b3adf7
scripts/run_capped.sh,814,df8451622c6bb6abc41bb7b5198654bd66550213199186b0a22ff49b1c3382a1
scripts/validate_results.py,8328,57fea2fc8ff9864f8284d699a3134cfa83f9e99db225f5e8ec3825cbc8751d97
