 
****************************************
Report : timing
        -path full
        -delay max
        -nworst 10
        -nets
        -max_paths 30
        -transition_time
        -capacitance
Design : char_top
Version: X-2025.06-SP3
Date   : Thu Sep  3 10:34:31 2026
****************************************

 # A fanout number of 1000 was used for high fanout net computations.

Operating Conditions: tt_typical_max_0p80v_25c   Library: sc6p5mcpp140z_cln22ul_base_svt_c35_tt_typical_max_0p80v_25c
Wire Load Model Mode: top

  Startpoint: u_dut/u_core/u_fp_accum/acc_fp32_o_reg[3][27]
              (rising edge-triggered flip-flop clocked by clk)
  Endpoint: u_dut/u_core/u_fp_accum/acc_fp32_o_reg[3][10]
            (rising edge-triggered flip-flop clocked by clk)
  Path Group: clk
  Path Type: max

  Des/Clust/Port     Wire Load Model       Library
  ------------------------------------------------
  char_top           Zero                  sc6p5mcpp140z_cln22ul_base_svt_c35_tt_typical_max_0p80v_25c

  Point                                       Fanout       Cap     Trans      Incr       Path
  ----------------------------------------------------------------------------------------------
  clock clk (rise edge)                                                       0.00       0.00
  clock network delay (ideal)                                                 0.00       0.00
  u_dut/u_core/u_fp_accum/acc_fp32_o_reg[3][27]/CK (DFFSQNA_X1M_A6P5PP140ZTS_C35)
                                                                    0.00      0.00 #     0.00 r
  u_dut/u_core/u_fp_accum/acc_fp32_o_reg[3][27]/QN (DFFSQNA_X1M_A6P5PP140ZTS_C35)
                                                                    0.02      0.04       0.04 f
  n11430 (net)                                  1         0.00                0.00       0.04 f
  U4922/Y (BUFA_X6M_A6P5PP140ZTS_C35)                               0.02      0.03       0.07 f
  fp_acc_packed_o[123] (net)                    9         0.01                0.00       0.07 f
  U1879/Y (NOR2_X6A_A6P5PP140ZTS_C35)                               0.02      0.02       0.09 r
  n3498 (net)                                   5         0.00                0.00       0.09 r
  U1898/Y (NOR2_X1A_A6P5PP140ZTS_C35)                               0.01      0.01       0.10 f
  n3406 (net)                                   1         0.00                0.00       0.10 f
  U5100/Y (INV_X2M_A6P5PP140ZTS_C35)                                0.02      0.02       0.12 r
  n2291 (net)                                   1         0.00                0.00       0.12 r
  U5099/Y (NOR3_X4TA_A6P5PP140ZTS_C35)                              0.02      0.01       0.13 f
  n2435 (net)                                   1         0.00                0.00       0.13 f
  U5463/Y (NOR2_X8TA_A6P5PP140ZTS_C35)                              0.02      0.02       0.15 r
  n3537 (net)                                   5         0.01                0.00       0.15 r
  U5584/Y (NAND2_X8M_A6P5PP140ZTS_C35)                              0.02      0.02       0.17 f
  n3113 (net)                                   4         0.01                0.00       0.17 f
  U6349/Y (INV_X7M_A6P5PP140ZTS_C35)                                0.01      0.01       0.18 r
  n3071 (net)                                   1         0.00                0.00       0.18 r
  U5987/Y (NAND2_X8TA_A6P5PP140ZTS_C35)                             0.03      0.02       0.20 f
  n3468 (net)                                   6         0.01                0.00       0.20 f
  U4493/Y (INV_X12M_A6P5PP140ZTS_C35)                               0.01      0.02       0.21 r
  n6808 (net)                                   9         0.01                0.00       0.21 r
  U7028/Y (MXIT2_X3M_A6P5PP140ZTS_C35)                              0.04      0.02       0.23 r
  n6623 (net)                                   4         0.00                0.00       0.23 r
  U5795/Y (AND2_X2M_A6P5PP140ZTS_C35)                               0.02      0.03       0.27 r
  n6663 (net)                                   2         0.00                0.00       0.27 r
  U6074/Y (NOR2_X2A_A6P5PP140ZTS_C35)                               0.02      0.01       0.28 f
  n6699 (net)                                   2         0.00                0.00       0.28 f
  U5497/Y (OR3_X1M_A6P5PP140ZTS_C35)                                0.01      0.03       0.31 f
  n6704 (net)                                   1         0.00                0.00       0.31 f
  U4762/Y (NAND2_X1M_A6P5PP140ZTS_C35)                              0.02      0.01       0.33 r
  n3013 (net)                                   1         0.00                0.00       0.33 r
  U4434/Y (NOR2_X1P4TA_A6P5PP140ZTS_C35)                            0.02      0.01       0.34 f
  n3011 (net)                                   1         0.00                0.00       0.34 f
  U5176/Y (NAND2_X3M_A6P5PP140ZTS_C35)                              0.01      0.01       0.35 r
  n2313 (net)                                   1         0.00                0.00       0.35 r
  U1418/Y (NAND2_X3TA_A6P5PP140ZTS_C35)                             0.02      0.01       0.36 f
  n11224 (net)                                  3         0.00                0.00       0.36 f
  U2864/Y (XNOR2_X2M_A6P5PP140ZTS_C35)                              0.03      0.03       0.39 f
  n11225 (net)                                  1         0.00                0.00       0.39 f
  U11939/Y (AOI21_X2M_A6P5PP140ZTS_C35)                             0.03      0.03       0.42 r
  u_dut/u_core/u_fp_accum/G_ACC[3].u_acc/U1/fr[8] (net)
                                                2         0.00                0.00       0.42 r
  u_dut/u_core/u_fp_accum/G_ACC[3].u_acc/U1/U2/U1/UORT0_1_6/Y (NOR2_X2A_A6P5PP140ZTS_C35)
                                                                    0.01      0.01       0.43 f
  u_dut/u_core/u_fp_accum/G_ACC[3].u_acc/U1/U2/U1/enc_tree[1][1][12] (net)
                                                3         0.00                0.00       0.43 f
  U10990/Y (INV_X1M_A6P5PP140ZTS_C35)                               0.02      0.02       0.45 r
  u_dut/u_core/u_fp_accum/G_ACC[3].u_acc/U1/U2/U1/or2_inv[1][12] (net)
                                                1         0.00                0.00       0.45 r
  U4433/Y (OAI21_X2M_A6P5PP140ZTS_C35)                              0.02      0.02       0.46 f
  u_dut/u_core/u_fp_accum/G_ACC[3].u_acc/U1/U2/U1/enc_tree[1][2][12] (net)
                                                1         0.00                0.00       0.46 f
  U6071/Y (AO21A1AI2_X3M_A6P5PP140ZTS_C35)                          0.02      0.02       0.48 r
  n2763 (net)                                   1         0.00                0.00       0.48 r
  U1169/Y (NAND2_X3M_A6P5PP140ZTS_C35)                              0.02      0.02       0.50 f
  u_dut/u_core/u_fp_accum/G_ACC[3].u_acc/U1/U2/U1/enc_tree[1][4][16] (net)
                                                1         0.00                0.00       0.50 f
  U4641/Y (INV_X7M_A6P5PP140ZTS_C35)                                0.02      0.02       0.52 r
  n7255 (net)                                  15         0.01                0.00       0.52 r
  U9249/Y (NAND2_X4M_A6P5PP140ZTS_C35)                              0.01      0.01       0.53 f
  n7477 (net)                                   1         0.00                0.00       0.53 f
  U4119/Y (INV_X3M_A6P5PP140ZTS_C35)                                0.01      0.01       0.54 r
  n1944 (net)                                   2         0.00                0.00       0.54 r
  U4121/Y (INV_X4M_A6P5PP140ZTS_C35)                                0.02      0.02       0.56 f
  n1946 (net)                                  17         0.01                0.00       0.56 f
  U1043/Y (NOR2_X1TA_A6P5PP140ZTS_C35)                              0.02      0.02       0.58 r
  n7063 (net)                                   2         0.00                0.00       0.58 r
  U9357/Y (NAND2_X1A_A6P5PP140ZTS_C35)                              0.03      0.03       0.60 f
  n7086 (net)                                   3         0.00                0.00       0.60 f
  U9363/Y (MXIT2_X1M_A6P5PP140ZTS_C35)                              0.03      0.03       0.64 f
  n7087 (net)                                   1         0.00                0.00       0.64 f
  U2724/Y (NOR2_X1A_A6P5PP140ZTS_C35)                               0.02      0.02       0.66 r
  n2518 (net)                                   1         0.00                0.00       0.66 r
  U1944/Y (OAI21_X1M_A6P5PP140ZTS_C35)                              0.02      0.02       0.68 f
  n7090 (net)                                   1         0.00                0.00       0.68 f
  U9364/S (ADDH_X1M_A6P5PP140ZTS_C35)                               0.02      0.05       0.73 r
  n7091 (net)                                   2         0.00                0.00       0.73 r
  U4956/Y (NAND2_X2M_A6P5PP140ZTS_C35)                              0.02      0.02       0.75 f
  n7139 (net)                                   4         0.00                0.00       0.75 f
  U831/Y (INV_X1M_A6P5PP140ZTS_C35)                                 0.01      0.02       0.76 r
  n7130 (net)                                   2         0.00                0.00       0.76 r
  U9370/Y (AOI21_X0P5M_A6P5PP140ZTS_C35)                            0.03      0.02       0.78 f
  n7096 (net)                                   1         0.00                0.00       0.78 f
  U4951/Y (OAI21_X3M_A6P5PP140ZTS_C35)                              0.02      0.02       0.80 r
  n2214 (net)                                   1         0.00                0.00       0.80 r
  U4950/Y (XNOR2_X4M_A6P5PP140ZTS_C35)                              0.03      0.03       0.83 r
  n7124 (net)                                   2         0.00                0.00       0.83 r
  U1942/Y (INV_X4M_A6P5PP140ZTS_C35)                                0.01      0.01       0.84 f
  n9763 (net)                                   2         0.00                0.00       0.84 f
  U2764/Y (NOR2_X4A_A6P5PP140ZTS_C35)                               0.02      0.01       0.86 r
  n2992 (net)                                   1         0.00                0.00       0.86 r
  U5090/Y (NAND2_X6M_A6P5PP140ZTS_C35)                              0.02      0.02       0.87 f
  n2775 (net)                                   7         0.01                0.00       0.87 f
  U2921/Y (INV_X5M_A6P5PP140ZTS_C35)                                0.01      0.01       0.89 r
  n1093 (net)                                   2         0.00                0.00       0.89 r
  U2919/Y (NOR2_X4TA_A6P5PP140ZTS_C35)                              0.02      0.01       0.90 f
  n11254 (net)                                 11         0.00                0.00       0.90 f
  U6499/Y (AOI21_X0P5M_A6P5PP140ZTS_C35)                            0.03      0.02       0.92 r
  n243 (net)                                    1         0.00                0.00       0.92 r
  u_dut/u_core/u_fp_accum/acc_fp32_o_reg[3][10]/D (DFFSQNA_X1M_A6P5PP140ZTS_C35)
                                                                    0.03      0.00       0.92 r
  data arrival time                                                                      0.92

  clock clk (rise edge)                                                       1.00       1.00
  clock network delay (ideal)                                                 0.00       1.00
  clock uncertainty                                                          -0.05       0.95
  u_dut/u_core/u_fp_accum/acc_fp32_o_reg[3][10]/CK (DFFSQNA_X1M_A6P5PP140ZTS_C35)
                                                                              0.00       0.95 r
  library setup time                                                         -0.03       0.92
  data required time                                                                     0.92
  ----------------------------------------------------------------------------------------------
  data required time                                                                     0.92
  data arrival time                                                                     -0.92
  ----------------------------------------------------------------------------------------------
  slack (MET)                                                                            0.00


  Startpoint: u_dut/u_core/u_fp_accum/u_tree/lane_sum_o_reg[1][11]
              (rising edge-triggered flip-flop clocked by clk)
  Endpoint: u_dut/u_core/u_fp_accum/acc_fp32_o_reg[1][11]
            (rising edge-triggered flip-flop clocked by clk)
  Path Group: clk
  Path Type: max

  Des/Clust/Port     Wire Load Model       Library
  ------------------------------------------------
  char_top           Zero                  sc6p5mcpp140z_cln22ul_base_svt_c35_tt_typical_max_0p80v_25c

  Point                                       Fanout       Cap     Trans      Incr       Path
  ----------------------------------------------------------------------------------------------
  clock clk (rise edge)                                                       0.00       0.00
  clock network delay (ideal)                                                 0.00       0.00
  u_dut/u_core/u_fp_accum/u_tree/lane_sum_o_reg[1][11]/CK (DFFSQNA_X1M_A6P5PP140ZTS_C35)
                                                                    0.00      0.00 #     0.00 r
  u_dut/u_core/u_fp_accum/u_tree/lane_sum_o_reg[1][11]/QN (DFFSQNA_X1M_A6P5PP140ZTS_C35)
                                                                    0.04      0.05       0.05 r
  u_dut/u_core/u_fp_accum/lane_sum[1][11] (net)
                                                6         0.00                0.00       0.05 r
  U1923/Y (INV_X1M_A6P5PP140ZTS_C35)                                0.02      0.02       0.07 f
  n3238 (net)                                   1         0.00                0.00       0.07 f
  U5548/Y (NAND3_X2TA_A6P5PP140ZTS_C35)                             0.02      0.02       0.09 r
  n3240 (net)                                   2         0.00                0.00       0.09 r
  U5547/Y (NOR2_X3A_A6P5PP140ZTS_C35)                               0.01      0.01       0.10 f
  n2470 (net)                                   1         0.00                0.00       0.10 f
  U5544/Y (NOR2_X3TA_A6P5PP140ZTS_C35)                              0.02      0.01       0.12 r
  n2468 (net)                                   1         0.00                0.00       0.12 r
  U1861/Y (NAND2_X6M_A6P5PP140ZTS_C35)                              0.02      0.02       0.14 f
  n7601 (net)                                   2         0.01                0.00       0.14 f
  U2689/Y (NOR2_X8TA_A6P5PP140ZTS_C35)                              0.02      0.02       0.15 r
  n3376 (net)                                   5         0.01                0.00       0.15 r
  U2687/Y (NAND2_X8M_A6P5PP140ZTS_C35)                              0.02      0.02       0.17 f
  n3372 (net)                                   4         0.01                0.00       0.17 f
  U2667/Y (INV_X7M_A6P5PP140ZTS_C35)                                0.01      0.01       0.18 r
  n2430 (net)                                   1         0.00                0.00       0.18 r
  U5451/Y (NAND2_X8TA_A6P5PP140ZTS_C35)                             0.02      0.01       0.20 f
  n5709 (net)                                   4         0.01                0.00       0.20 f
  U6057/Y (INV_X16M_A6P5PP140ZTS_C35)                               0.02      0.02       0.21 r
  n6026 (net)                                  23         0.02                0.00       0.21 r
  U1734/Y (MXIT2_X3M_A6P5PP140ZTS_C35)                              0.03      0.02       0.24 r
  n5677 (net)                                   4         0.00                0.00       0.24 r
  U1618/Y (INV_X1M_A6P5PP140ZTS_C35)                                0.01      0.01       0.25 f
  n5624 (net)                                   1         0.00                0.00       0.25 f
  U1672/Y (MXIT2_X1M_A6P5PP140ZTS_C35)                              0.05      0.03       0.28 r
  n5687 (net)                                   2         0.00                0.00       0.28 r
  U1558/Y (NOR2_X2A_A6P5PP140ZTS_C35)                               0.02      0.02       0.30 f
  n5740 (net)                                   2         0.00                0.00       0.30 f
  U5672/Y (AOI21_X1M_A6P5PP140ZTS_C35)                              0.04      0.03       0.33 r
  n5633 (net)                                   1         0.00                0.00       0.33 r
  U5213/Y (OAI211_X3M_A6P5PP140ZTS_C35)                             0.03      0.03       0.36 f
  n10683 (net)                                  3         0.00                0.00       0.36 f
  U2141/Y (XOR2_X0P5M_A6P5PP140ZTS_C35)                             0.03      0.04       0.39 f
  n2892 (net)                                   1         0.00                0.00       0.39 f
  U1346/Y (NOR2_X1TA_A6P5PP140ZTS_C35)                              0.03      0.03       0.42 r
  u_dut/u_core/u_fp_accum/G_ACC[1].u_acc/U1/fr[15] (net)
                                                2         0.00                0.00       0.42 r
  U6224/Y (NOR2_X1P4TA_A6P5PP140ZTS_C35)                            0.02      0.02       0.44 f
  u_dut/u_core/u_fp_accum/G_ACC[1].u_acc/U1/U2/U1/enc_tree[1][1][18] (net)
                                                2         0.00                0.00       0.44 f
  U5065/Y (INV_X1M_A6P5PP140ZTS_C35)                                0.01      0.01       0.45 r
  n2431 (net)                                   1         0.00                0.00       0.45 r
  U2700/Y (AO21B_X1M_A6P5PP140ZTS_C35)                              0.01      0.03       0.47 r
  u_dut/u_core/u_fp_accum/G_ACC[1].u_acc/U1/U2/U1/enc_tree[1][2][20] (net)
                                                1         0.00                0.00       0.47 r
  u_dut/u_core/u_fp_accum/G_ACC[1].u_acc/U1/U2/U1/UEN0_1_3_1/Y (AOI21_X2M_A6P5PP140ZTS_C35)
                                                                    0.02      0.02       0.49 f
  u_dut/u_core/u_fp_accum/G_ACC[1].u_acc/U1/U2/U1/enc_tree[1][3][24] (net)
                                                1         0.00                0.00       0.49 f
  U1229/Y (OAI21_X4M_A6P5PP140ZTS_C35)                              0.03      0.02       0.51 r
  n2839 (net)                                   3         0.01                0.00       0.51 r
  U2703/Y (INV_X7M_A6P5PP140ZTS_C35)                                0.02      0.02       0.53 f
  n2840 (net)                                  11         0.01                0.00       0.53 f
  U5736/Y (NAND2_X1M_A6P5PP140ZTS_C35)                              0.02      0.02       0.55 r
  n2566 (net)                                   1         0.00                0.00       0.55 r
  U5735/Y (INV_X1M_A6P5PP140ZTS_C35)                                0.01      0.01       0.56 f
  n2565 (net)                                   1         0.00                0.00       0.56 f
  U5180/Y (AOI22_X2M_A6P5PP140ZTS_C35)                              0.03      0.03       0.59 r
  n2563 (net)                                   1         0.00                0.00       0.59 r
  U1987/Y (OAI21_X3M_A6P5PP140ZTS_C35)                              0.02      0.02       0.61 f
  n10501 (net)                                  4         0.00                0.00       0.61 f
  U2792/Y (NAND2_X4M_A6P5PP140ZTS_C35)                              0.02      0.02       0.62 r
  n5863 (net)                                   3         0.00                0.00       0.62 r
  U2656/Y (NAND2_X3TA_A6P5PP140ZTS_C35)                             0.01      0.01       0.63 f
  n6088 (net)                                   1         0.00                0.00       0.63 f
  U1962/Y (NOR2_X4A_A6P5PP140ZTS_C35)                               0.02      0.02       0.66 r
  n6108 (net)                                   3         0.00                0.00       0.66 r
  U4113/Y (NOR2_X6TA_A6P5PP140ZTS_C35)                              0.01      0.01       0.67 f
  n6094 (net)                                   3         0.00                0.00       0.67 f
  U1993/Y (NAND2_X6TA_A6P5PP140ZTS_C35)                             0.01      0.01       0.68 r
  n7620 (net)                                   5         0.01                0.00       0.68 r
  U5549/Y (INV_X2M_A6P5PP140ZTS_C35)                                0.01      0.01       0.69 f
  n2471 (net)                                   1         0.00                0.00       0.69 f
  U5550/Y (NOR2_X3TA_A6P5PP140ZTS_C35)                              0.02      0.01       0.71 r
  n7688 (net)                                   5         0.00                0.00       0.71 r
  U4721/Y (INV_X2M_A6P5PP140ZTS_C35)                                0.01      0.01       0.72 f
  n7703 (net)                                   3         0.00                0.00       0.72 f
  U4038/Y (OAI211_X2M_A6P5PP140ZTS_C35)                             0.03      0.03       0.75 r
  n10753 (net)                                  3         0.00                0.00       0.75 r
  U5059/Y (NAND2_X2M_A6P5PP140ZTS_C35)                              0.02      0.02       0.77 f
  n10739 (net)                                  2         0.00                0.00       0.77 f
  U4722/Y (NOR2_X3A_A6P5PP140ZTS_C35)                               0.02      0.02       0.79 r
  n10705 (net)                                  2         0.00                0.00       0.79 r
  U783/Y (NAND2_X4M_A6P5PP140ZTS_C35)                               0.02      0.02       0.80 f
  n10470 (net)                                  2         0.00                0.00       0.80 f
  U744/Y (INV_X4M_A6P5PP140ZTS_C35)                                 0.01      0.02       0.82 r
  n10696 (net)                                  8         0.00                0.00       0.82 r
  U4978/Y (NAND2_X1A_A6P5PP140ZTS_C35)                              0.02      0.01       0.83 f
  n10677 (net)                                  1         0.00                0.00       0.83 f
  U6434/Y (XOR2_X1M_A6P5PP140ZTS_C35)                               0.02      0.03       0.86 f
  n10679 (net)                                  1         0.00                0.00       0.86 f
  U677/Y (AO22_X1M_A6P5PP140ZTS_C35)                                0.01      0.04       0.90 f
  n10680 (net)                                  1         0.00                0.00       0.90 f
  U5756/Y (AOI21_X0P5M_A6P5PP140ZTS_C35)                            0.02      0.02       0.92 r
  n178 (net)                                    1         0.00                0.00       0.92 r
  u_dut/u_core/u_fp_accum/acc_fp32_o_reg[1][11]/D (DFFSQNA_X1M_A6P5PP140ZTS_C35)
                                                                    0.02      0.00       0.92 r
  data arrival time                                                                      0.92

  clock clk (rise edge)                                                       1.00       1.00
  clock network delay (ideal)                                                 0.00       1.00
  clock uncertainty                                                          -0.05       0.95
  u_dut/u_core/u_fp_accum/acc_fp32_o_reg[1][11]/CK (DFFSQNA_X1M_A6P5PP140ZTS_C35)
                                                                              0.00       0.95 r
  library setup time                                                         -0.03       0.92
  data required time                                                                     0.92
  ----------------------------------------------------------------------------------------------
  data required time                                                                     0.92
  data arrival time                                                                     -0.92
  ----------------------------------------------------------------------------------------------
  slack (MET)                                                                            0.00


  Startpoint: u_dut/u_core/u_fp_accum/acc_fp32_o_reg[3][27]
              (rising edge-triggered flip-flop clocked by clk)
  Endpoint: u_dut/u_core/u_fp_accum/acc_fp32_o_reg[3][10]
            (rising edge-triggered flip-flop clocked by clk)
  Path Group: clk
  Path Type: max

  Des/Clust/Port     Wire Load Model       Library
  ------------------------------------------------
  char_top           Zero                  sc6p5mcpp140z_cln22ul_base_svt_c35_tt_typical_max_0p80v_25c

  Point                                       Fanout       Cap     Trans      Incr       Path
  ----------------------------------------------------------------------------------------------
  clock clk (rise edge)                                                       0.00       0.00
  clock network delay (ideal)                                                 0.00       0.00
  u_dut/u_core/u_fp_accum/acc_fp32_o_reg[3][27]/CK (DFFSQNA_X1M_A6P5PP140ZTS_C35)
                                                                    0.00      0.00 #     0.00 r
  u_dut/u_core/u_fp_accum/acc_fp32_o_reg[3][27]/QN (DFFSQNA_X1M_A6P5PP140ZTS_C35)
                                                                    0.02      0.04       0.04 f
  n11430 (net)                                  1         0.00                0.00       0.04 f
  U4922/Y (BUFA_X6M_A6P5PP140ZTS_C35)                               0.02      0.03       0.07 f
  fp_acc_packed_o[123] (net)                    9         0.01                0.00       0.07 f
  U1879/Y (NOR2_X6A_A6P5PP140ZTS_C35)                               0.02      0.02       0.09 r
  n3498 (net)                                   5         0.00                0.00       0.09 r
  U1898/Y (NOR2_X1A_A6P5PP140ZTS_C35)                               0.01      0.01       0.10 f
  n3406 (net)                                   1         0.00                0.00       0.10 f
  U5100/Y (INV_X2M_A6P5PP140ZTS_C35)                                0.02      0.02       0.12 r
  n2291 (net)                                   1         0.00                0.00       0.12 r
  U5099/Y (NOR3_X4TA_A6P5PP140ZTS_C35)                              0.02      0.01       0.13 f
  n2435 (net)                                   1         0.00                0.00       0.13 f
  U5463/Y (NOR2_X8TA_A6P5PP140ZTS_C35)                              0.02      0.02       0.15 r
  n3537 (net)                                   5         0.01                0.00       0.15 r
  U5584/Y (NAND2_X8M_A6P5PP140ZTS_C35)                              0.02      0.02       0.17 f
  n3113 (net)                                   4         0.01                0.00       0.17 f
  U6349/Y (INV_X7M_A6P5PP140ZTS_C35)                                0.01      0.01       0.18 r
  n3071 (net)                                   1         0.00                0.00       0.18 r
  U5987/Y (NAND2_X8TA_A6P5PP140ZTS_C35)                             0.03      0.02       0.20 f
  n3468 (net)                                   6         0.01                0.00       0.20 f
  U4493/Y (INV_X12M_A6P5PP140ZTS_C35)                               0.01      0.02       0.21 r
  n6808 (net)                                   9         0.01                0.00       0.21 r
  U7028/Y (MXIT2_X3M_A6P5PP140ZTS_C35)                              0.04      0.02       0.23 r
  n6623 (net)                                   4         0.00                0.00       0.23 r
  U5795/Y (AND2_X2M_A6P5PP140ZTS_C35)                               0.02      0.03       0.27 r
  n6663 (net)                                   2         0.00                0.00       0.27 r
  U6074/Y (NOR2_X2A_A6P5PP140ZTS_C35)                               0.02      0.01       0.28 f
  n6699 (net)                                   2         0.00                0.00       0.28 f
  U5497/Y (OR3_X1M_A6P5PP140ZTS_C35)                                0.01      0.03       0.31 f
  n6704 (net)                                   1         0.00                0.00       0.31 f
  U4762/Y (NAND2_X1M_A6P5PP140ZTS_C35)                              0.02      0.01       0.33 r
  n3013 (net)                                   1         0.00                0.00       0.33 r
  U4434/Y (NOR2_X1P4TA_A6P5PP140ZTS_C35)                            0.02      0.01       0.34 f
  n3011 (net)                                   1         0.00                0.00       0.34 f
  U5176/Y (NAND2_X3M_A6P5PP140ZTS_C35)                              0.01      0.01       0.35 r
  n2313 (net)                                   1         0.00                0.00       0.35 r
  U1418/Y (NAND2_X3TA_A6P5PP140ZTS_C35)                             0.02      0.01       0.36 f
  n11224 (net)                                  3         0.00                0.00       0.36 f
  U2864/Y (XNOR2_X2M_A6P5PP140ZTS_C35)                              0.03      0.03       0.39 f
  n11225 (net)                                  1         0.00                0.00       0.39 f
  U11939/Y (AOI21_X2M_A6P5PP140ZTS_C35)                             0.03      0.03       0.42 r
  u_dut/u_core/u_fp_accum/G_ACC[3].u_acc/U1/fr[8] (net)
                                                2         0.00                0.00       0.42 r
  u_dut/u_core/u_fp_accum/G_ACC[3].u_acc/U1/U2/U1/UORT0_1_6/Y (NOR2_X2A_A6P5PP140ZTS_C35)
                                                                    0.01      0.01       0.43 f
  u_dut/u_core/u_fp_accum/G_ACC[3].u_acc/U1/U2/U1/enc_tree[1][1][12] (net)
                                                3         0.00                0.00       0.43 f
  U10990/Y (INV_X1M_A6P5PP140ZTS_C35)                               0.02      0.02       0.45 r
  u_dut/u_core/u_fp_accum/G_ACC[3].u_acc/U1/U2/U1/or2_inv[1][12] (net)
                                                1         0.00                0.00       0.45 r
  U4433/Y (OAI21_X2M_A6P5PP140ZTS_C35)                              0.02      0.02       0.46 f
  u_dut/u_core/u_fp_accum/G_ACC[3].u_acc/U1/U2/U1/enc_tree[1][2][12] (net)
                                                1         0.00                0.00       0.46 f
  U6071/Y (AO21A1AI2_X3M_A6P5PP140ZTS_C35)                          0.02      0.02       0.48 r
  n2763 (net)                                   1         0.00                0.00       0.48 r
  U1169/Y (NAND2_X3M_A6P5PP140ZTS_C35)                              0.02      0.02       0.50 f
  u_dut/u_core/u_fp_accum/G_ACC[3].u_acc/U1/U2/U1/enc_tree[1][4][16] (net)
                                                1         0.00                0.00       0.50 f
  U4641/Y (INV_X7M_A6P5PP140ZTS_C35)                                0.02      0.02       0.52 r
  n7255 (net)                                  15         0.01                0.00       0.52 r
  U9249/Y (NAND2_X4M_A6P5PP140ZTS_C35)                              0.01      0.01       0.53 f
  n7477 (net)                                   1         0.00                0.00       0.53 f
  U4119/Y (INV_X3M_A6P5PP140ZTS_C35)                                0.01      0.01       0.54 r
  n1944 (net)                                   2         0.00                0.00       0.54 r
  U4121/Y (INV_X4M_A6P5PP140ZTS_C35)                                0.02      0.02       0.56 f
  n1946 (net)                                  17         0.01                0.00       0.56 f
  U1043/Y (NOR2_X1TA_A6P5PP140ZTS_C35)                              0.02      0.02       0.58 r
  n7063 (net)                                   2         0.00                0.00       0.58 r
  U9357/Y (NAND2_X1A_A6P5PP140ZTS_C35)                              0.03      0.03       0.60 f
  n7086 (net)                                   3         0.00                0.00       0.60 f
  U9363/Y (MXIT2_X1M_A6P5PP140ZTS_C35)                              0.03      0.03       0.64 f
  n7087 (net)                                   1         0.00                0.00       0.64 f
  U2724/Y (NOR2_X1A_A6P5PP140ZTS_C35)                               0.02      0.02       0.66 r
  n2518 (net)                                   1         0.00                0.00       0.66 r
  U1944/Y (OAI21_X1M_A6P5PP140ZTS_C35)                              0.02      0.02       0.68 f
  n7090 (net)                                   1         0.00                0.00       0.68 f
  U9364/S (ADDH_X1M_A6P5PP140ZTS_C35)                               0.02      0.05       0.73 r
  n7091 (net)                                   2         0.00                0.00       0.73 r
  U4956/Y (NAND2_X2M_A6P5PP140ZTS_C35)                              0.02      0.02       0.75 f
  n7139 (net)                                   4         0.00                0.00       0.75 f
  U831/Y (INV_X1M_A6P5PP140ZTS_C35)                                 0.01      0.02       0.76 r
  n7130 (net)                                   2         0.00                0.00       0.76 r
  U9370/Y (AOI21_X0P5M_A6P5PP140ZTS_C35)                            0.03      0.02       0.78 f
  n7096 (net)                                   1         0.00                0.00       0.78 f
  U4951/Y (OAI21_X3M_A6P5PP140ZTS_C35)                              0.02      0.02       0.80 r
  n2214 (net)                                   1         0.00                0.00       0.80 r
  U4950/Y (XNOR2_X4M_A6P5PP140ZTS_C35)                              0.03      0.03       0.83 r
  n7124 (net)                                   2         0.00                0.00       0.83 r
  U1942/Y (INV_X4M_A6P5PP140ZTS_C35)                                0.01      0.01       0.84 f
  n9763 (net)                                   2         0.00                0.00       0.84 f
  U2764/Y (NOR2_X4A_A6P5PP140ZTS_C35)                               0.02      0.01       0.86 r
  n2992 (net)                                   1         0.00                0.00       0.86 r
  U5090/Y (NAND2_X6M_A6P5PP140ZTS_C35)                              0.02      0.02       0.87 f
  n2775 (net)                                   7         0.01                0.00       0.87 f
  U2921/Y (INV_X5M_A6P5PP140ZTS_C35)                                0.01      0.01       0.89 r
  n1093 (net)                                   2         0.00                0.00       0.89 r
  U2919/Y (NOR2_X4TA_A6P5PP140ZTS_C35)                              0.02      0.01       0.90 f
  n11254 (net)                                 11         0.00                0.00       0.90 f
  U6499/Y (AOI21_X0P5M_A6P5PP140ZTS_C35)                            0.03      0.02       0.92 r
  n243 (net)                                    1         0.00                0.00       0.92 r
  u_dut/u_core/u_fp_accum/acc_fp32_o_reg[3][10]/D (DFFSQNA_X1M_A6P5PP140ZTS_C35)
                                                                    0.03      0.00       0.92 r
  data arrival time                                                                      0.92

  clock clk (rise edge)                                                       1.00       1.00
  clock network delay (ideal)                                                 0.00       1.00
  clock uncertainty                                                          -0.05       0.95
  u_dut/u_core/u_fp_accum/acc_fp32_o_reg[3][10]/CK (DFFSQNA_X1M_A6P5PP140ZTS_C35)
                                                                              0.00       0.95 r
  library setup time                                                         -0.03       0.92
  data required time                                                                     0.92
  ----------------------------------------------------------------------------------------------
  data required time                                                                     0.92
  data arrival time                                                                     -0.92
  ----------------------------------------------------------------------------------------------
  slack (MET)                                                                            0.00


  Startpoint: u_dut/u_core/u_fp_accum/acc_fp32_o_reg[3][27]
              (rising edge-triggered flip-flop clocked by clk)
  Endpoint: u_dut/u_core/u_fp_accum/acc_fp32_o_reg[3][0]
            (rising edge-triggered flip-flop clocked by clk)
  Path Group: clk
  Path Type: max

  Des/Clust/Port     Wire Load Model       Library
  ------------------------------------------------
  char_top           Zero                  sc6p5mcpp140z_cln22ul_base_svt_c35_tt_typical_max_0p80v_25c

  Point                                       Fanout       Cap     Trans      Incr       Path
  ----------------------------------------------------------------------------------------------
  clock clk (rise edge)                                                       0.00       0.00
  clock network delay (ideal)                                                 0.00       0.00
  u_dut/u_core/u_fp_accum/acc_fp32_o_reg[3][27]/CK (DFFSQNA_X1M_A6P5PP140ZTS_C35)
                                                                    0.00      0.00 #     0.00 r
  u_dut/u_core/u_fp_accum/acc_fp32_o_reg[3][27]/QN (DFFSQNA_X1M_A6P5PP140ZTS_C35)
                                                                    0.02      0.04       0.04 f
  n11430 (net)                                  1         0.00                0.00       0.04 f
  U4922/Y (BUFA_X6M_A6P5PP140ZTS_C35)                               0.02      0.03       0.07 f
  fp_acc_packed_o[123] (net)                    9         0.01                0.00       0.07 f
  U1879/Y (NOR2_X6A_A6P5PP140ZTS_C35)                               0.02      0.02       0.09 r
  n3498 (net)                                   5         0.00                0.00       0.09 r
  U1898/Y (NOR2_X1A_A6P5PP140ZTS_C35)                               0.01      0.01       0.10 f
  n3406 (net)                                   1         0.00                0.00       0.10 f
  U5100/Y (INV_X2M_A6P5PP140ZTS_C35)                                0.02      0.02       0.12 r
  n2291 (net)                                   1         0.00                0.00       0.12 r
  U5099/Y (NOR3_X4TA_A6P5PP140ZTS_C35)                              0.02      0.01       0.13 f
  n2435 (net)                                   1         0.00                0.00       0.13 f
  U5463/Y (NOR2_X8TA_A6P5PP140ZTS_C35)                              0.02      0.02       0.15 r
  n3537 (net)                                   5         0.01                0.00       0.15 r
  U5584/Y (NAND2_X8M_A6P5PP140ZTS_C35)                              0.02      0.02       0.17 f
  n3113 (net)                                   4         0.01                0.00       0.17 f
  U6349/Y (INV_X7M_A6P5PP140ZTS_C35)                                0.01      0.01       0.18 r
  n3071 (net)                                   1         0.00                0.00       0.18 r
  U5987/Y (NAND2_X8TA_A6P5PP140ZTS_C35)                             0.03      0.02       0.20 f
  n3468 (net)                                   6         0.01                0.00       0.20 f
  U4493/Y (INV_X12M_A6P5PP140ZTS_C35)                               0.01      0.02       0.21 r
  n6808 (net)                                   9         0.01                0.00       0.21 r
  U7028/Y (MXIT2_X3M_A6P5PP140ZTS_C35)                              0.04      0.02       0.23 r
  n6623 (net)                                   4         0.00                0.00       0.23 r
  U5795/Y (AND2_X2M_A6P5PP140ZTS_C35)                               0.02      0.03       0.27 r
  n6663 (net)                                   2         0.00                0.00       0.27 r
  U6074/Y (NOR2_X2A_A6P5PP140ZTS_C35)                               0.02      0.01       0.28 f
  n6699 (net)                                   2         0.00                0.00       0.28 f
  U5497/Y (OR3_X1M_A6P5PP140ZTS_C35)                                0.01      0.03       0.31 f
  n6704 (net)                                   1         0.00                0.00       0.31 f
  U4762/Y (NAND2_X1M_A6P5PP140ZTS_C35)                              0.02      0.01       0.33 r
  n3013 (net)                                   1         0.00                0.00       0.33 r
  U4434/Y (NOR2_X1P4TA_A6P5PP140ZTS_C35)                            0.02      0.01       0.34 f
  n3011 (net)                                   1         0.00                0.00       0.34 f
  U5176/Y (NAND2_X3M_A6P5PP140ZTS_C35)                              0.01      0.01       0.35 r
  n2313 (net)                                   1         0.00                0.00       0.35 r
  U1418/Y (NAND2_X3TA_A6P5PP140ZTS_C35)                             0.02      0.01       0.36 f
  n11224 (net)                                  3         0.00                0.00       0.36 f
  U2864/Y (XNOR2_X2M_A6P5PP140ZTS_C35)                              0.03      0.03       0.39 f
  n11225 (net)                                  1         0.00                0.00       0.39 f
  U11939/Y (AOI21_X2M_A6P5PP140ZTS_C35)                             0.03      0.03       0.42 r
  u_dut/u_core/u_fp_accum/G_ACC[3].u_acc/U1/fr[8] (net)
                                                2         0.00                0.00       0.42 r
  u_dut/u_core/u_fp_accum/G_ACC[3].u_acc/U1/U2/U1/UORT0_1_6/Y (NOR2_X2A_A6P5PP140ZTS_C35)
                                                                    0.01      0.01       0.43 f
  u_dut/u_core/u_fp_accum/G_ACC[3].u_acc/U1/U2/U1/enc_tree[1][1][12] (net)
                                                3         0.00                0.00       0.43 f
  U10990/Y (INV_X1M_A6P5PP140ZTS_C35)                               0.02      0.02       0.45 r
  u_dut/u_core/u_fp_accum/G_ACC[3].u_acc/U1/U2/U1/or2_inv[1][12] (net)
                                                1         0.00                0.00       0.45 r
  U4433/Y (OAI21_X2M_A6P5PP140ZTS_C35)                              0.02      0.02       0.46 f
  u_dut/u_core/u_fp_accum/G_ACC[3].u_acc/U1/U2/U1/enc_tree[1][2][12] (net)
                                                1         0.00                0.00       0.46 f
  U6071/Y (AO21A1AI2_X3M_A6P5PP140ZTS_C35)                          0.02      0.02       0.48 r
  n2763 (net)                                   1         0.00                0.00       0.48 r
  U1169/Y (NAND2_X3M_A6P5PP140ZTS_C35)                              0.02      0.02       0.50 f
  u_dut/u_core/u_fp_accum/G_ACC[3].u_acc/U1/U2/U1/enc_tree[1][4][16] (net)
                                                1         0.00                0.00       0.50 f
  U4641/Y (INV_X7M_A6P5PP140ZTS_C35)                                0.02      0.02       0.52 r
  n7255 (net)                                  15         0.01                0.00       0.52 r
  U9249/Y (NAND2_X4M_A6P5PP140ZTS_C35)                              0.01      0.01       0.53 f
  n7477 (net)                                   1         0.00                0.00       0.53 f
  U4119/Y (INV_X3M_A6P5PP140ZTS_C35)                                0.01      0.01       0.54 r
  n1944 (net)                                   2         0.00                0.00       0.54 r
  U4121/Y (INV_X4M_A6P5PP140ZTS_C35)                                0.02      0.02       0.56 f
  n1946 (net)                                  17         0.01                0.00       0.56 f
  U1043/Y (NOR2_X1TA_A6P5PP140ZTS_C35)                              0.02      0.02       0.58 r
  n7063 (net)                                   2         0.00                0.00       0.58 r
  U9357/Y (NAND2_X1A_A6P5PP140ZTS_C35)                              0.03      0.03       0.60 f
  n7086 (net)                                   3         0.00                0.00       0.60 f
  U9363/Y (MXIT2_X1M_A6P5PP140ZTS_C35)                              0.03      0.03       0.64 f
  n7087 (net)                                   1         0.00                0.00       0.64 f
  U2724/Y (NOR2_X1A_A6P5PP140ZTS_C35)                               0.02      0.02       0.66 r
  n2518 (net)                                   1         0.00                0.00       0.66 r
  U1944/Y (OAI21_X1M_A6P5PP140ZTS_C35)                              0.02      0.02       0.68 f
  n7090 (net)                                   1         0.00                0.00       0.68 f
  U9364/S (ADDH_X1M_A6P5PP140ZTS_C35)                               0.02      0.05       0.73 r
  n7091 (net)                                   2         0.00                0.00       0.73 r
  U4956/Y (NAND2_X2M_A6P5PP140ZTS_C35)                              0.02      0.02       0.75 f
  n7139 (net)                                   4         0.00                0.00       0.75 f
  U831/Y (INV_X1M_A6P5PP140ZTS_C35)                                 0.01      0.02       0.76 r
  n7130 (net)                                   2         0.00                0.00       0.76 r
  U9370/Y (AOI21_X0P5M_A6P5PP140ZTS_C35)                            0.03      0.02       0.78 f
  n7096 (net)                                   1         0.00                0.00       0.78 f
  U4951/Y (OAI21_X3M_A6P5PP140ZTS_C35)                              0.02      0.02       0.80 r
  n2214 (net)                                   1         0.00                0.00       0.80 r
  U4950/Y (XNOR2_X4M_A6P5PP140ZTS_C35)                              0.03      0.03       0.83 r
  n7124 (net)                                   2         0.00                0.00       0.83 r
  U1942/Y (INV_X4M_A6P5PP140ZTS_C35)                                0.01      0.01       0.84 f
  n9763 (net)                                   2         0.00                0.00       0.84 f
  U2764/Y (NOR2_X4A_A6P5PP140ZTS_C35)                               0.02      0.01       0.86 r
  n2992 (net)                                   1         0.00                0.00       0.86 r
  U5090/Y (NAND2_X6M_A6P5PP140ZTS_C35)                              0.02      0.02       0.87 f
  n2775 (net)                                   7         0.01                0.00       0.87 f
  U2921/Y (INV_X5M_A6P5PP140ZTS_C35)                                0.01      0.01       0.89 r
  n1093 (net)                                   2         0.00                0.00       0.89 r
  U2919/Y (NOR2_X4TA_A6P5PP140ZTS_C35)                              0.02      0.01       0.90 f
  n11254 (net)                                 11         0.00                0.00       0.90 f
  U6492/Y (AOI21_X0P5M_A6P5PP140ZTS_C35)                            0.02      0.02       0.92 r
  n253 (net)                                    1         0.00                0.00       0.92 r
  u_dut/u_core/u_fp_accum/acc_fp32_o_reg[3][0]/D (DFFSQNA_X1M_A6P5PP140ZTS_C35)
                                                                    0.02      0.00       0.92 r
  data arrival time                                                                      0.92

  clock clk (rise edge)                                                       1.00       1.00
  clock network delay (ideal)                                                 0.00       1.00
  clock uncertainty                                                          -0.05       0.95
  u_dut/u_core/u_fp_accum/acc_fp32_o_reg[3][0]/CK (DFFSQNA_X1M_A6P5PP140ZTS_C35)
                                                                              0.00       0.95 r
  library setup time                                                         -0.03       0.92
  data required time                                                                     0.92
  ----------------------------------------------------------------------------------------------
  data required time                                                                     0.92
  data arrival time                                                                     -0.92
  ----------------------------------------------------------------------------------------------
  slack (MET)                                                                            0.00


  Startpoint: u_dut/u_core/u_fp_accum/acc_fp32_o_reg[3][27]
              (rising edge-triggered flip-flop clocked by clk)
  Endpoint: u_dut/u_core/u_fp_accum/acc_fp32_o_reg[3][22]
            (rising edge-triggered flip-flop clocked by clk)
  Path Group: clk
  Path Type: max

  Des/Clust/Port     Wire Load Model       Library
  ------------------------------------------------
  char_top           Zero                  sc6p5mcpp140z_cln22ul_base_svt_c35_tt_typical_max_0p80v_25c

  Point                                       Fanout       Cap     Trans      Incr       Path
  ----------------------------------------------------------------------------------------------
  clock clk (rise edge)                                                       0.00       0.00
  clock network delay (ideal)                                                 0.00       0.00
  u_dut/u_core/u_fp_accum/acc_fp32_o_reg[3][27]/CK (DFFSQNA_X1M_A6P5PP140ZTS_C35)
                                                                    0.00      0.00 #     0.00 r
  u_dut/u_core/u_fp_accum/acc_fp32_o_reg[3][27]/QN (DFFSQNA_X1M_A6P5PP140ZTS_C35)
                                                                    0.02      0.04       0.04 f
  n11430 (net)                                  1         0.00                0.00       0.04 f
  U4922/Y (BUFA_X6M_A6P5PP140ZTS_C35)                               0.02      0.03       0.07 f
  fp_acc_packed_o[123] (net)                    9         0.01                0.00       0.07 f
  U1879/Y (NOR2_X6A_A6P5PP140ZTS_C35)                               0.02      0.02       0.09 r
  n3498 (net)                                   5         0.00                0.00       0.09 r
  U1898/Y (NOR2_X1A_A6P5PP140ZTS_C35)                               0.01      0.01       0.10 f
  n3406 (net)                                   1         0.00                0.00       0.10 f
  U5100/Y (INV_X2M_A6P5PP140ZTS_C35)                                0.02      0.02       0.12 r
  n2291 (net)                                   1         0.00                0.00       0.12 r
  U5099/Y (NOR3_X4TA_A6P5PP140ZTS_C35)                              0.02      0.01       0.13 f
  n2435 (net)                                   1         0.00                0.00       0.13 f
  U5463/Y (NOR2_X8TA_A6P5PP140ZTS_C35)                              0.02      0.02       0.15 r
  n3537 (net)                                   5         0.01                0.00       0.15 r
  U5584/Y (NAND2_X8M_A6P5PP140ZTS_C35)                              0.02      0.02       0.17 f
  n3113 (net)                                   4         0.01                0.00       0.17 f
  U6349/Y (INV_X7M_A6P5PP140ZTS_C35)                                0.01      0.01       0.18 r
  n3071 (net)                                   1         0.00                0.00       0.18 r
  U5987/Y (NAND2_X8TA_A6P5PP140ZTS_C35)                             0.03      0.02       0.20 f
  n3468 (net)                                   6         0.01                0.00       0.20 f
  U4493/Y (INV_X12M_A6P5PP140ZTS_C35)                               0.01      0.02       0.21 r
  n6808 (net)                                   9         0.01                0.00       0.21 r
  U7028/Y (MXIT2_X3M_A6P5PP140ZTS_C35)                              0.04      0.02       0.23 r
  n6623 (net)                                   4         0.00                0.00       0.23 r
  U5795/Y (AND2_X2M_A6P5PP140ZTS_C35)                               0.02      0.03       0.27 r
  n6663 (net)                                   2         0.00                0.00       0.27 r
  U6074/Y (NOR2_X2A_A6P5PP140ZTS_C35)                               0.02      0.01       0.28 f
  n6699 (net)                                   2         0.00                0.00       0.28 f
  U5497/Y (OR3_X1M_A6P5PP140ZTS_C35)                                0.01      0.03       0.31 f
  n6704 (net)                                   1         0.00                0.00       0.31 f
  U4762/Y (NAND2_X1M_A6P5PP140ZTS_C35)                              0.02      0.01       0.33 r
  n3013 (net)                                   1         0.00                0.00       0.33 r
  U4434/Y (NOR2_X1P4TA_A6P5PP140ZTS_C35)                            0.02      0.01       0.34 f
  n3011 (net)                                   1         0.00                0.00       0.34 f
  U5176/Y (NAND2_X3M_A6P5PP140ZTS_C35)                              0.01      0.01       0.35 r
  n2313 (net)                                   1         0.00                0.00       0.35 r
  U1418/Y (NAND2_X3TA_A6P5PP140ZTS_C35)                             0.02      0.01       0.36 f
  n11224 (net)                                  3         0.00                0.00       0.36 f
  U2864/Y (XNOR2_X2M_A6P5PP140ZTS_C35)                              0.03      0.03       0.39 f
  n11225 (net)                                  1         0.00                0.00       0.39 f
  U11939/Y (AOI21_X2M_A6P5PP140ZTS_C35)                             0.03      0.03       0.42 r
  u_dut/u_core/u_fp_accum/G_ACC[3].u_acc/U1/fr[8] (net)
                                                2         0.00                0.00       0.42 r
  u_dut/u_core/u_fp_accum/G_ACC[3].u_acc/U1/U2/U1/UORT0_1_6/Y (NOR2_X2A_A6P5PP140ZTS_C35)
                                                                    0.01      0.01       0.43 f
  u_dut/u_core/u_fp_accum/G_ACC[3].u_acc/U1/U2/U1/enc_tree[1][1][12] (net)
                                                3         0.00                0.00       0.43 f
  U10990/Y (INV_X1M_A6P5PP140ZTS_C35)                               0.02      0.02       0.45 r
  u_dut/u_core/u_fp_accum/G_ACC[3].u_acc/U1/U2/U1/or2_inv[1][12] (net)
                                                1         0.00                0.00       0.45 r
  U4433/Y (OAI21_X2M_A6P5PP140ZTS_C35)                              0.02      0.02       0.46 f
  u_dut/u_core/u_fp_accum/G_ACC[3].u_acc/U1/U2/U1/enc_tree[1][2][12] (net)
                                                1         0.00                0.00       0.46 f
  U6071/Y (AO21A1AI2_X3M_A6P5PP140ZTS_C35)                          0.02      0.02       0.48 r
  n2763 (net)                                   1         0.00                0.00       0.48 r
  U1169/Y (NAND2_X3M_A6P5PP140ZTS_C35)                              0.02      0.02       0.50 f
  u_dut/u_core/u_fp_accum/G_ACC[3].u_acc/U1/U2/U1/enc_tree[1][4][16] (net)
                                                1         0.00                0.00       0.50 f
  U4641/Y (INV_X7M_A6P5PP140ZTS_C35)                                0.02      0.02       0.52 r
  n7255 (net)                                  15         0.01                0.00       0.52 r
  U9249/Y (NAND2_X4M_A6P5PP140ZTS_C35)                              0.01      0.01       0.53 f
  n7477 (net)                                   1         0.00                0.00       0.53 f
  U4119/Y (INV_X3M_A6P5PP140ZTS_C35)                                0.01      0.01       0.54 r
  n1944 (net)                                   2         0.00                0.00       0.54 r
  U4121/Y (INV_X4M_A6P5PP140ZTS_C35)                                0.02      0.02       0.56 f
  n1946 (net)                                  17         0.01                0.00       0.56 f
  U1043/Y (NOR2_X1TA_A6P5PP140ZTS_C35)                              0.02      0.02       0.58 r
  n7063 (net)                                   2         0.00                0.00       0.58 r
  U9357/Y (NAND2_X1A_A6P5PP140ZTS_C35)                              0.03      0.03       0.60 f
  n7086 (net)                                   3         0.00                0.00       0.60 f
  U9363/Y (MXIT2_X1M_A6P5PP140ZTS_C35)                              0.03      0.03       0.64 f
  n7087 (net)                                   1         0.00                0.00       0.64 f
  U2724/Y (NOR2_X1A_A6P5PP140ZTS_C35)                               0.02      0.02       0.66 r
  n2518 (net)                                   1         0.00                0.00       0.66 r
  U1944/Y (OAI21_X1M_A6P5PP140ZTS_C35)                              0.02      0.02       0.68 f
  n7090 (net)                                   1         0.00                0.00       0.68 f
  U9364/S (ADDH_X1M_A6P5PP140ZTS_C35)                               0.02      0.05       0.73 r
  n7091 (net)                                   2         0.00                0.00       0.73 r
  U4956/Y (NAND2_X2M_A6P5PP140ZTS_C35)                              0.02      0.02       0.75 f
  n7139 (net)                                   4         0.00                0.00       0.75 f
  U831/Y (INV_X1M_A6P5PP140ZTS_C35)                                 0.01      0.02       0.76 r
  n7130 (net)                                   2         0.00                0.00       0.76 r
  U9370/Y (AOI21_X0P5M_A6P5PP140ZTS_C35)                            0.03      0.02       0.78 f
  n7096 (net)                                   1         0.00                0.00       0.78 f
  U4951/Y (OAI21_X3M_A6P5PP140ZTS_C35)                              0.02      0.02       0.80 r
  n2214 (net)                                   1         0.00                0.00       0.80 r
  U4950/Y (XNOR2_X4M_A6P5PP140ZTS_C35)                              0.03      0.03       0.83 r
  n7124 (net)                                   2         0.00                0.00       0.83 r
  U1942/Y (INV_X4M_A6P5PP140ZTS_C35)                                0.01      0.01       0.84 f
  n9763 (net)                                   2         0.00                0.00       0.84 f
  U2764/Y (NOR2_X4A_A6P5PP140ZTS_C35)                               0.02      0.01       0.86 r
  n2992 (net)                                   1         0.00                0.00       0.86 r
  U5090/Y (NAND2_X6M_A6P5PP140ZTS_C35)                              0.02      0.02       0.87 f
  n2775 (net)                                   7         0.01                0.00       0.87 f
  U2921/Y (INV_X5M_A6P5PP140ZTS_C35)                                0.01      0.01       0.89 r
  n1093 (net)                                   2         0.00                0.00       0.89 r
  U5082/Y (NOR2_X1P4TA_A6P5PP140ZTS_C35)                            0.01      0.01       0.89 f
  n2486 (net)                                   1         0.00                0.00       0.89 f
  U2197/Y (AOI211_X1M_A6P5PP140ZTS_C35)                             0.03      0.02       0.92 r
  n231 (net)                                    1         0.00                0.00       0.92 r
  u_dut/u_core/u_fp_accum/acc_fp32_o_reg[3][22]/D (DFFSQNA_X1M_A6P5PP140ZTS_C35)
                                                                    0.03      0.00       0.92 r
  data arrival time                                                                      0.92

  clock clk (rise edge)                                                       1.00       1.00
  clock network delay (ideal)                                                 0.00       1.00
  clock uncertainty                                                          -0.05       0.95
  u_dut/u_core/u_fp_accum/acc_fp32_o_reg[3][22]/CK (DFFSQNA_X1M_A6P5PP140ZTS_C35)
                                                                              0.00       0.95 r
  library setup time                                                         -0.03       0.92
  data required time                                                                     0.92
  ----------------------------------------------------------------------------------------------
  data required time                                                                     0.92
  data arrival time                                                                     -0.92
  ----------------------------------------------------------------------------------------------
  slack (MET)                                                                            0.00


  Startpoint: u_dut/u_core/u_product_pipe/bf16_lane_item_o_reg[2][1][9]
              (rising edge-triggered flip-flop clocked by clk)
  Endpoint: u_dut/u_core/u_fp_accum/u_tree/pair01_q_reg[2][0]
            (rising edge-triggered flip-flop clocked by clk)
  Path Group: clk
  Path Type: max

  Des/Clust/Port     Wire Load Model       Library
  ------------------------------------------------
  char_top           Zero                  sc6p5mcpp140z_cln22ul_base_svt_c35_tt_typical_max_0p80v_25c

  Point                                       Fanout       Cap     Trans      Incr       Path
  ----------------------------------------------------------------------------------------------
  clock clk (rise edge)                                                       0.00       0.00
  clock network delay (ideal)                                                 0.00       0.00
  u_dut/u_core/u_product_pipe/bf16_lane_item_o_reg[2][1][9]/CK (DFFRPQA_X2M_A6P5PP140ZTS_C35)
                                                                    0.00      0.00 #     0.00 r
  u_dut/u_core/u_product_pipe/bf16_lane_item_o_reg[2][1][9]/Q (DFFRPQA_X2M_A6P5PP140ZTS_C35)
                                                                    0.02      0.06       0.06 r
  u_dut/u_core/u_product_pipe/bf16_lane_item_o[2][1][9] (net)
                                                6         0.00                0.00       0.06 r
  u_dut/u_core/u_product_pipe/bf16_lane_item_o[2][1][9] (fusion_mul16_v4_product_pipe_1_1_1_1_1_0)
                                                                              0.00       0.06 r
  u_dut/u_core/bf16_lane_item[2][1][9] (net)              0.00                0.00       0.06 r
  U1813/Y (INV_X1M_A6P5PP140ZTS_C35)                                0.02      0.02       0.07 f
  n3730 (net)                                   4         0.00                0.00       0.07 f
  U2090/Y (NOR2_X2TA_A6P5PP140ZTS_C35)                              0.02      0.02       0.09 r
  n3784 (net)                                   4         0.00                0.00       0.09 r
  U7251/Y (OAI22_X1M_A6P5PP140ZTS_C35)                              0.03      0.02       0.12 f
  n3722 (net)                                   1         0.00                0.00       0.12 f
  U4200/Y (AO21A1AI2_X2M_A6P5PP140ZTS_C35)                          0.02      0.03       0.14 r
  n2062 (net)                                   1         0.00                0.00       0.14 r
  U2103/Y (NAND2_X2M_A6P5PP140ZTS_C35)                              0.02      0.01       0.16 f
  n3726 (net)                                   1         0.00                0.00       0.16 f
  U6087/Y (AOI21_X3M_A6P5PP140ZTS_C35)                              0.02      0.02       0.18 r
  n3807 (net)                                   2         0.00                0.00       0.18 r
  U7254/Y (BUFA_X6M_A6P5PP140ZTS_C35)                               0.03      0.03       0.21 r
  n4104 (net)                                  17         0.01                0.00       0.21 r
  U6085/Y (OAI21_X3M_A6P5PP140ZTS_C35)                              0.01      0.01       0.23 f
  n3797 (net)                                   1         0.00                0.00       0.23 f
  U5171/Y (OAI21_X2M_A6P5PP140ZTS_C35)                              0.02      0.01       0.24 r
  n3811 (net)                                   1         0.00                0.00       0.24 r
  U4585/Y (NAND2_X3M_A6P5PP140ZTS_C35)                              0.02      0.02       0.26 f
  n8903 (net)                                   5         0.00                0.00       0.26 f
  U7348/Y (INV_X2M_A6P5PP140ZTS_C35)                                0.01      0.01       0.28 r
  n3842 (net)                                   2         0.00                0.00       0.28 r
  U6090/Y (NAND2_X2M_A6P5PP140ZTS_C35)                              0.02      0.02       0.29 f
  n3913 (net)                                   3         0.00                0.00       0.29 f
  U4199/Y (NOR2_X1TA_A6P5PP140ZTS_C35)                              0.03      0.03       0.32 r
  n3929 (net)                                   2         0.00                0.00       0.32 r
  U6086/Y (AOI22_X2M_A6P5PP140ZTS_C35)                              0.03      0.02       0.34 f
  n10824 (net)                                  3         0.00                0.00       0.34 f
  U2160/Y (XOR2_X0P5M_A6P5PP140ZTS_C35)                             0.03      0.03       0.38 f
  n8592 (net)                                   1         0.00                0.00       0.38 f
  U10313/Y (OA21B_X1M_A6P5PP140ZTS_C35)                             0.03      0.03       0.41 r
  u_dut/u_core/u_fp_accum/u_tree/G_TREE[2].u_pair01/U1/fr[6] (net)
                                                3         0.00                0.00       0.41 r
  U6091/Y (INV_X1M_A6P5PP140ZTS_C35)                                0.01      0.01       0.42 f
  u_dut/u_core/u_fp_accum/u_tree/G_TREE[2].u_pair01/U1/U2/U1/or2_inv[0][10] (net)
                                                1         0.00                0.00       0.42 f
  u_dut/u_core/u_fp_accum/u_tree/G_TREE[2].u_pair01/U1/U2/U1/UEN0_0_1_2/Y (AOI21_X0P5M_A6P5PP140ZTS_C35)
                                                                    0.02      0.02       0.44 r
  u_dut/u_core/u_fp_accum/u_tree/G_TREE[2].u_pair01/U1/U2/U1/enc_tree[0][1][10] (net)
                                                1         0.00                0.00       0.44 r
  u_dut/u_core/u_fp_accum/u_tree/G_TREE[2].u_pair01/U1/U2/U1/UEN1_0_2_1/Y (OAI21_X0P5M_A6P5PP140ZTS_C35)
                                                                    0.02      0.02       0.46 f
  u_dut/u_core/u_fp_accum/u_tree/G_TREE[2].u_pair01/U1/U2/U1/enc_tree[0][2][12] (net)
                                                1         0.00                0.00       0.46 f
  U6089/Y (AOI21_X2M_A6P5PP140ZTS_C35)                              0.04      0.03       0.50 r
  u_dut/u_core/u_fp_accum/u_tree/G_TREE[2].u_pair01/U1/num_zeros_path1[0] (net)
                                                5         0.00                0.00       0.50 r
  U1073/Y (INV_X2M_A6P5PP140ZTS_C35)                                0.02      0.02       0.51 f
  n4013 (net)                                   3         0.00                0.00       0.51 f
  U4111/Y (NOR2_X2A_A6P5PP140ZTS_C35)                               0.03      0.03       0.54 r
  n10081 (net)                                  6         0.00                0.00       0.54 r
  U2941/Y (NAND2_X1M_A6P5PP140ZTS_C35)                              0.02      0.02       0.56 f
  n3952 (net)                                   1         0.00                0.00       0.56 f
  U2942/Y (OAI21_X2M_A6P5PP140ZTS_C35)                              0.02      0.02       0.58 r
  n10017 (net)                                  2         0.00                0.00       0.58 r
  U7439/Y (NAND3_X1TA_A6P5PP140ZTS_C35)                             0.03      0.02       0.60 f
  n3953 (net)                                   1         0.00                0.00       0.60 f
  U5376/Y (OAI21_X3M_A6P5PP140ZTS_C35)                              0.03      0.02       0.62 r
  n4008 (net)                                   4         0.00                0.00       0.62 r
  U5833/Y (NOR2_X2TA_A6P5PP140ZTS_C35)                              0.02      0.02       0.64 f
  n4010 (net)                                   2         0.00                0.00       0.64 f
  U4972/Y (XNOR2_X4M_A6P5PP140ZTS_C35)                              0.03      0.03       0.67 f
  n2224 (net)                                   1         0.00                0.00       0.67 f
  U4971/Y (NOR2_X3TA_A6P5PP140ZTS_C35)                              0.02      0.02       0.69 r
  n2630 (net)                                   2         0.00                0.00       0.69 r
  U4595/Y (XNOR2_X2M_A6P5PP140ZTS_C35)                              0.04      0.03       0.71 r
  n4025 (net)                                   2         0.00                0.00       0.71 r
  U796/Y (NAND2_X1TA_A6P5PP140ZTS_C35)                              0.03      0.03       0.74 f
  n4063 (net)                                   3         0.00                0.00       0.74 f
  U2059/Y (OAI21_X2M_A6P5PP140ZTS_C35)                              0.02      0.03       0.76 r
  n4028 (net)                                   1         0.00                0.00       0.76 r
  U5359/Y (AOI21_X3M_A6P5PP140ZTS_C35)                              0.02      0.02       0.78 f
  n4074 (net)                                   4         0.00                0.00       0.78 f
  U5169/Y (OAI21_X3M_A6P5PP140ZTS_C35)                              0.02      0.02       0.80 r
  n4041 (net)                                   1         0.00                0.00       0.80 r
  U2047/Y (XNOR2_X3M_A6P5PP140ZTS_C35)                              0.02      0.03       0.83 r
  n8640 (net)                                   2         0.00                0.00       0.83 r
  U4973/Y (NOR2_X2A_A6P5PP140ZTS_C35)                               0.02      0.02       0.85 f
  n2225 (net)                                   2         0.00                0.00       0.85 f
  U4590/Y (AOI21_X3M_A6P5PP140ZTS_C35)                              0.04      0.03       0.88 r
  n10131 (net)                                  7         0.00                0.00       0.88 r
  U11339/Y (AOI22_X1M_A6P5PP140ZTS_C35)                             0.03      0.02       0.90 f
  n371 (net)                                    1         0.00                0.00       0.90 f
  u_dut/u_core/u_fp_accum/u_tree/pair01_q_reg[2][0]/D (DFFSQNA_X1M_A6P5PP140ZTS_C35)
                                                                    0.03      0.00       0.90 f
  data arrival time                                                                      0.90

  clock clk (rise edge)                                                       1.00       1.00
  clock network delay (ideal)                                                 0.00       1.00
  clock uncertainty                                                          -0.05       0.95
  u_dut/u_core/u_fp_accum/u_tree/pair01_q_reg[2][0]/CK (DFFSQNA_X1M_A6P5PP140ZTS_C35)
                                                                              0.00       0.95 r
  library setup time                                                         -0.05       0.90
  data required time                                                                     0.90
  ----------------------------------------------------------------------------------------------
  data required time                                                                     0.90
  data arrival time                                                                     -0.90
  ----------------------------------------------------------------------------------------------
  slack (MET)                                                                            0.00


  Startpoint: u_dut/u_core/u_fp_accum/acc_fp32_o_reg[3][27]
              (rising edge-triggered flip-flop clocked by clk)
  Endpoint: u_dut/u_core/u_fp_accum/acc_fp32_o_reg[3][20]
            (rising edge-triggered flip-flop clocked by clk)
  Path Group: clk
  Path Type: max

  Des/Clust/Port     Wire Load Model       Library
  ------------------------------------------------
  char_top           Zero                  sc6p5mcpp140z_cln22ul_base_svt_c35_tt_typical_max_0p80v_25c

  Point                                       Fanout       Cap     Trans      Incr       Path
  ----------------------------------------------------------------------------------------------
  clock clk (rise edge)                                                       0.00       0.00
  clock network delay (ideal)                                                 0.00       0.00
  u_dut/u_core/u_fp_accum/acc_fp32_o_reg[3][27]/CK (DFFSQNA_X1M_A6P5PP140ZTS_C35)
                                                                    0.00      0.00 #     0.00 r
  u_dut/u_core/u_fp_accum/acc_fp32_o_reg[3][27]/QN (DFFSQNA_X1M_A6P5PP140ZTS_C35)
                                                                    0.02      0.04       0.04 f
  n11430 (net)                                  1         0.00                0.00       0.04 f
  U4922/Y (BUFA_X6M_A6P5PP140ZTS_C35)                               0.02      0.03       0.07 f
  fp_acc_packed_o[123] (net)                    9         0.01                0.00       0.07 f
  U1879/Y (NOR2_X6A_A6P5PP140ZTS_C35)                               0.02      0.02       0.09 r
  n3498 (net)                                   5         0.00                0.00       0.09 r
  U1898/Y (NOR2_X1A_A6P5PP140ZTS_C35)                               0.01      0.01       0.10 f
  n3406 (net)                                   1         0.00                0.00       0.10 f
  U5100/Y (INV_X2M_A6P5PP140ZTS_C35)                                0.02      0.02       0.12 r
  n2291 (net)                                   1         0.00                0.00       0.12 r
  U5099/Y (NOR3_X4TA_A6P5PP140ZTS_C35)                              0.02      0.01       0.13 f
  n2435 (net)                                   1         0.00                0.00       0.13 f
  U5463/Y (NOR2_X8TA_A6P5PP140ZTS_C35)                              0.02      0.02       0.15 r
  n3537 (net)                                   5         0.01                0.00       0.15 r
  U5584/Y (NAND2_X8M_A6P5PP140ZTS_C35)                              0.02      0.02       0.17 f
  n3113 (net)                                   4         0.01                0.00       0.17 f
  U6349/Y (INV_X7M_A6P5PP140ZTS_C35)                                0.01      0.01       0.18 r
  n3071 (net)                                   1         0.00                0.00       0.18 r
  U5987/Y (NAND2_X8TA_A6P5PP140ZTS_C35)                             0.03      0.02       0.20 f
  n3468 (net)                                   6         0.01                0.00       0.20 f
  U4493/Y (INV_X12M_A6P5PP140ZTS_C35)                               0.01      0.02       0.21 r
  n6808 (net)                                   9         0.01                0.00       0.21 r
  U7028/Y (MXIT2_X3M_A6P5PP140ZTS_C35)                              0.04      0.02       0.23 r
  n6623 (net)                                   4         0.00                0.00       0.23 r
  U5795/Y (AND2_X2M_A6P5PP140ZTS_C35)                               0.02      0.03       0.27 r
  n6663 (net)                                   2         0.00                0.00       0.27 r
  U6074/Y (NOR2_X2A_A6P5PP140ZTS_C35)                               0.02      0.01       0.28 f
  n6699 (net)                                   2         0.00                0.00       0.28 f
  U5497/Y (OR3_X1M_A6P5PP140ZTS_C35)                                0.01      0.03       0.31 f
  n6704 (net)                                   1         0.00                0.00       0.31 f
  U4762/Y (NAND2_X1M_A6P5PP140ZTS_C35)                              0.02      0.01       0.33 r
  n3013 (net)                                   1         0.00                0.00       0.33 r
  U4434/Y (NOR2_X1P4TA_A6P5PP140ZTS_C35)                            0.02      0.01       0.34 f
  n3011 (net)                                   1         0.00                0.00       0.34 f
  U5176/Y (NAND2_X3M_A6P5PP140ZTS_C35)                              0.01      0.01       0.35 r
  n2313 (net)                                   1         0.00                0.00       0.35 r
  U1418/Y (NAND2_X3TA_A6P5PP140ZTS_C35)                             0.02      0.01       0.36 f
  n11224 (net)                                  3         0.00                0.00       0.36 f
  U2864/Y (XNOR2_X2M_A6P5PP140ZTS_C35)                              0.03      0.03       0.39 f
  n11225 (net)                                  1         0.00                0.00       0.39 f
  U11939/Y (AOI21_X2M_A6P5PP140ZTS_C35)                             0.03      0.03       0.42 r
  u_dut/u_core/u_fp_accum/G_ACC[3].u_acc/U1/fr[8] (net)
                                                2         0.00                0.00       0.42 r
  u_dut/u_core/u_fp_accum/G_ACC[3].u_acc/U1/U2/U1/UORT0_1_6/Y (NOR2_X2A_A6P5PP140ZTS_C35)
                                                                    0.01      0.01       0.43 f
  u_dut/u_core/u_fp_accum/G_ACC[3].u_acc/U1/U2/U1/enc_tree[1][1][12] (net)
                                                3         0.00                0.00       0.43 f
  U10990/Y (INV_X1M_A6P5PP140ZTS_C35)                               0.02      0.02       0.45 r
  u_dut/u_core/u_fp_accum/G_ACC[3].u_acc/U1/U2/U1/or2_inv[1][12] (net)
                                                1         0.00                0.00       0.45 r
  U4433/Y (OAI21_X2M_A6P5PP140ZTS_C35)                              0.02      0.02       0.46 f
  u_dut/u_core/u_fp_accum/G_ACC[3].u_acc/U1/U2/U1/enc_tree[1][2][12] (net)
                                                1         0.00                0.00       0.46 f
  U6071/Y (AO21A1AI2_X3M_A6P5PP140ZTS_C35)                          0.02      0.02       0.48 r
  n2763 (net)                                   1         0.00                0.00       0.48 r
  U1169/Y (NAND2_X3M_A6P5PP140ZTS_C35)                              0.02      0.02       0.50 f
  u_dut/u_core/u_fp_accum/G_ACC[3].u_acc/U1/U2/U1/enc_tree[1][4][16] (net)
                                                1         0.00                0.00       0.50 f
  U4641/Y (INV_X7M_A6P5PP140ZTS_C35)                                0.02      0.02       0.52 r
  n7255 (net)                                  15         0.01                0.00       0.52 r
  U9249/Y (NAND2_X4M_A6P5PP140ZTS_C35)                              0.01      0.01       0.53 f
  n7477 (net)                                   1         0.00                0.00       0.53 f
  U4119/Y (INV_X3M_A6P5PP140ZTS_C35)                                0.01      0.01       0.54 r
  n1944 (net)                                   2         0.00                0.00       0.54 r
  U4121/Y (INV_X4M_A6P5PP140ZTS_C35)                                0.02      0.02       0.56 f
  n1946 (net)                                  17         0.01                0.00       0.56 f
  U1043/Y (NOR2_X1TA_A6P5PP140ZTS_C35)                              0.02      0.02       0.58 r
  n7063 (net)                                   2         0.00                0.00       0.58 r
  U9357/Y (NAND2_X1A_A6P5PP140ZTS_C35)                              0.03      0.03       0.60 f
  n7086 (net)                                   3         0.00                0.00       0.60 f
  U9363/Y (MXIT2_X1M_A6P5PP140ZTS_C35)                              0.03      0.03       0.64 f
  n7087 (net)                                   1         0.00                0.00       0.64 f
  U2724/Y (NOR2_X1A_A6P5PP140ZTS_C35)                               0.02      0.02       0.66 r
  n2518 (net)                                   1         0.00                0.00       0.66 r
  U1944/Y (OAI21_X1M_A6P5PP140ZTS_C35)                              0.02      0.02       0.68 f
  n7090 (net)                                   1         0.00                0.00       0.68 f
  U9364/S (ADDH_X1M_A6P5PP140ZTS_C35)                               0.02      0.05       0.73 r
  n7091 (net)                                   2         0.00                0.00       0.73 r
  U4956/Y (NAND2_X2M_A6P5PP140ZTS_C35)                              0.02      0.02       0.75 f
  n7139 (net)                                   4         0.00                0.00       0.75 f
  U831/Y (INV_X1M_A6P5PP140ZTS_C35)                                 0.01      0.02       0.76 r
  n7130 (net)                                   2         0.00                0.00       0.76 r
  U9370/Y (AOI21_X0P5M_A6P5PP140ZTS_C35)                            0.03      0.02       0.78 f
  n7096 (net)                                   1         0.00                0.00       0.78 f
  U4951/Y (OAI21_X3M_A6P5PP140ZTS_C35)                              0.02      0.02       0.80 r
  n2214 (net)                                   1         0.00                0.00       0.80 r
  U4950/Y (XNOR2_X4M_A6P5PP140ZTS_C35)                              0.03      0.03       0.83 r
  n7124 (net)                                   2         0.00                0.00       0.83 r
  U1942/Y (INV_X4M_A6P5PP140ZTS_C35)                                0.01      0.01       0.84 f
  n9763 (net)                                   2         0.00                0.00       0.84 f
  U2764/Y (NOR2_X4A_A6P5PP140ZTS_C35)                               0.02      0.01       0.86 r
  n2992 (net)                                   1         0.00                0.00       0.86 r
  U5090/Y (NAND2_X6M_A6P5PP140ZTS_C35)                              0.02      0.02       0.87 f
  n2775 (net)                                   7         0.01                0.00       0.87 f
  U2803/Y (INV_X4M_A6P5PP140ZTS_C35)                                0.02      0.02       0.89 r
  n3008 (net)                                   8         0.00                0.00       0.89 r
  U5216/Y (OAI21_X2M_A6P5PP140ZTS_C35)                              0.02      0.01       0.91 f
  n2328 (net)                                   1         0.00                0.00       0.91 f
  U4959/Y (NOR2XB_X1M_A6P5PP140ZTS_C35)                             0.02      0.02       0.92 r
  n233 (net)                                    1         0.00                0.00       0.92 r
  u_dut/u_core/u_fp_accum/acc_fp32_o_reg[3][20]/D (DFFSQNA_X1M_A6P5PP140ZTS_C35)
                                                                    0.02      0.00       0.92 r
  data arrival time                                                                      0.92

  clock clk (rise edge)                                                       1.00       1.00
  clock network delay (ideal)                                                 0.00       1.00
  clock uncertainty                                                          -0.05       0.95
  u_dut/u_core/u_fp_accum/acc_fp32_o_reg[3][20]/CK (DFFSQNA_X1M_A6P5PP140ZTS_C35)
                                                                              0.00       0.95 r
  library setup time                                                         -0.03       0.92
  data required time                                                                     0.92
  ----------------------------------------------------------------------------------------------
  data required time                                                                     0.92
  data arrival time                                                                     -0.92
  ----------------------------------------------------------------------------------------------
  slack (MET)                                                                            0.00


  Startpoint: u_dut/u_core/u_product_pipe/bf16_lane_item_o_reg[2][1][9]
              (rising edge-triggered flip-flop clocked by clk)
  Endpoint: u_dut/u_core/u_fp_accum/u_tree/pair01_q_reg[2][0]
            (rising edge-triggered flip-flop clocked by clk)
  Path Group: clk
  Path Type: max

  Des/Clust/Port     Wire Load Model       Library
  ------------------------------------------------
  char_top           Zero                  sc6p5mcpp140z_cln22ul_base_svt_c35_tt_typical_max_0p80v_25c

  Point                                       Fanout       Cap     Trans      Incr       Path
  ----------------------------------------------------------------------------------------------
  clock clk (rise edge)                                                       0.00       0.00
  clock network delay (ideal)                                                 0.00       0.00
  u_dut/u_core/u_product_pipe/bf16_lane_item_o_reg[2][1][9]/CK (DFFRPQA_X2M_A6P5PP140ZTS_C35)
                                                                    0.00      0.00 #     0.00 r
  u_dut/u_core/u_product_pipe/bf16_lane_item_o_reg[2][1][9]/Q (DFFRPQA_X2M_A6P5PP140ZTS_C35)
                                                                    0.02      0.06       0.06 r
  u_dut/u_core/u_product_pipe/bf16_lane_item_o[2][1][9] (net)
                                                6         0.00                0.00       0.06 r
  u_dut/u_core/u_product_pipe/bf16_lane_item_o[2][1][9] (fusion_mul16_v4_product_pipe_1_1_1_1_1_0)
                                                                              0.00       0.06 r
  u_dut/u_core/bf16_lane_item[2][1][9] (net)              0.00                0.00       0.06 r
  U1813/Y (INV_X1M_A6P5PP140ZTS_C35)                                0.02      0.02       0.07 f
  n3730 (net)                                   4         0.00                0.00       0.07 f
  U2090/Y (NOR2_X2TA_A6P5PP140ZTS_C35)                              0.02      0.02       0.09 r
  n3784 (net)                                   4         0.00                0.00       0.09 r
  U7251/Y (OAI22_X1M_A6P5PP140ZTS_C35)                              0.03      0.02       0.12 f
  n3722 (net)                                   1         0.00                0.00       0.12 f
  U4200/Y (AO21A1AI2_X2M_A6P5PP140ZTS_C35)                          0.02      0.03       0.14 r
  n2062 (net)                                   1         0.00                0.00       0.14 r
  U2103/Y (NAND2_X2M_A6P5PP140ZTS_C35)                              0.02      0.01       0.16 f
  n3726 (net)                                   1         0.00                0.00       0.16 f
  U6087/Y (AOI21_X3M_A6P5PP140ZTS_C35)                              0.02      0.02       0.18 r
  n3807 (net)                                   2         0.00                0.00       0.18 r
  U7254/Y (BUFA_X6M_A6P5PP140ZTS_C35)                               0.03      0.03       0.21 r
  n4104 (net)                                  17         0.01                0.00       0.21 r
  U6085/Y (OAI21_X3M_A6P5PP140ZTS_C35)                              0.01      0.01       0.23 f
  n3797 (net)                                   1         0.00                0.00       0.23 f
  U5171/Y (OAI21_X2M_A6P5PP140ZTS_C35)                              0.02      0.01       0.24 r
  n3811 (net)                                   1         0.00                0.00       0.24 r
  U4585/Y (NAND2_X3M_A6P5PP140ZTS_C35)                              0.02      0.02       0.26 f
  n8903 (net)                                   5         0.00                0.00       0.26 f
  U7348/Y (INV_X2M_A6P5PP140ZTS_C35)                                0.01      0.01       0.28 r
  n3842 (net)                                   2         0.00                0.00       0.28 r
  U6090/Y (NAND2_X2M_A6P5PP140ZTS_C35)                              0.02      0.02       0.29 f
  n3913 (net)                                   3         0.00                0.00       0.29 f
  U4199/Y (NOR2_X1TA_A6P5PP140ZTS_C35)                              0.03      0.03       0.32 r
  n3929 (net)                                   2         0.00                0.00       0.32 r
  U6086/Y (AOI22_X2M_A6P5PP140ZTS_C35)                              0.03      0.02       0.34 f
  n10824 (net)                                  3         0.00                0.00       0.34 f
  U2160/Y (XOR2_X0P5M_A6P5PP140ZTS_C35)                             0.03      0.03       0.38 f
  n8592 (net)                                   1         0.00                0.00       0.38 f
  U10313/Y (OA21B_X1M_A6P5PP140ZTS_C35)                             0.03      0.03       0.41 r
  u_dut/u_core/u_fp_accum/u_tree/G_TREE[2].u_pair01/U1/fr[6] (net)
                                                3         0.00                0.00       0.41 r
  U6091/Y (INV_X1M_A6P5PP140ZTS_C35)                                0.01      0.01       0.42 f
  u_dut/u_core/u_fp_accum/u_tree/G_TREE[2].u_pair01/U1/U2/U1/or2_inv[0][10] (net)
                                                1         0.00                0.00       0.42 f
  u_dut/u_core/u_fp_accum/u_tree/G_TREE[2].u_pair01/U1/U2/U1/UEN0_0_1_2/Y (AOI21_X0P5M_A6P5PP140ZTS_C35)
                                                                    0.02      0.02       0.44 r
  u_dut/u_core/u_fp_accum/u_tree/G_TREE[2].u_pair01/U1/U2/U1/enc_tree[0][1][10] (net)
                                                1         0.00                0.00       0.44 r
  u_dut/u_core/u_fp_accum/u_tree/G_TREE[2].u_pair01/U1/U2/U1/UEN1_0_2_1/Y (OAI21_X0P5M_A6P5PP140ZTS_C35)
                                                                    0.02      0.02       0.46 f
  u_dut/u_core/u_fp_accum/u_tree/G_TREE[2].u_pair01/U1/U2/U1/enc_tree[0][2][12] (net)
                                                1         0.00                0.00       0.46 f
  U6089/Y (AOI21_X2M_A6P5PP140ZTS_C35)                              0.04      0.03       0.50 r
  u_dut/u_core/u_fp_accum/u_tree/G_TREE[2].u_pair01/U1/num_zeros_path1[0] (net)
                                                5         0.00                0.00       0.50 r
  U1073/Y (INV_X2M_A6P5PP140ZTS_C35)                                0.02      0.02       0.51 f
  n4013 (net)                                   3         0.00                0.00       0.51 f
  U4111/Y (NOR2_X2A_A6P5PP140ZTS_C35)                               0.03      0.03       0.54 r
  n10081 (net)                                  6         0.00                0.00       0.54 r
  U2941/Y (NAND2_X1M_A6P5PP140ZTS_C35)                              0.02      0.02       0.56 f
  n3952 (net)                                   1         0.00                0.00       0.56 f
  U2942/Y (OAI21_X2M_A6P5PP140ZTS_C35)                              0.02      0.02       0.58 r
  n10017 (net)                                  2         0.00                0.00       0.58 r
  U7439/Y (NAND3_X1TA_A6P5PP140ZTS_C35)                             0.03      0.02       0.60 f
  n3953 (net)                                   1         0.00                0.00       0.60 f
  U5376/Y (OAI21_X3M_A6P5PP140ZTS_C35)                              0.03      0.02       0.62 r
  n4008 (net)                                   4         0.00                0.00       0.62 r
  U5833/Y (NOR2_X2TA_A6P5PP140ZTS_C35)                              0.02      0.02       0.64 f
  n4010 (net)                                   2         0.00                0.00       0.64 f
  U4972/Y (XNOR2_X4M_A6P5PP140ZTS_C35)                              0.03      0.03       0.67 f
  n2224 (net)                                   1         0.00                0.00       0.67 f
  U4971/Y (NOR2_X3TA_A6P5PP140ZTS_C35)                              0.02      0.02       0.69 r
  n2630 (net)                                   2         0.00                0.00       0.69 r
  U4595/Y (XNOR2_X2M_A6P5PP140ZTS_C35)                              0.04      0.03       0.71 r
  n4025 (net)                                   2         0.00                0.00       0.71 r
  U796/Y (NAND2_X1TA_A6P5PP140ZTS_C35)                              0.03      0.03       0.74 f
  n4063 (net)                                   3         0.00                0.00       0.74 f
  U2059/Y (OAI21_X2M_A6P5PP140ZTS_C35)                              0.02      0.03       0.76 r
  n4028 (net)                                   1         0.00                0.00       0.76 r
  U5359/Y (AOI21_X3M_A6P5PP140ZTS_C35)                              0.02      0.02       0.78 f
  n4074 (net)                                   4         0.00                0.00       0.78 f
  U5169/Y (OAI21_X3M_A6P5PP140ZTS_C35)                              0.02      0.02       0.80 r
  n4041 (net)                                   1         0.00                0.00       0.80 r
  U2047/Y (XNOR2_X3M_A6P5PP140ZTS_C35)                              0.02      0.03       0.83 r
  n8640 (net)                                   2         0.00                0.00       0.83 r
  U4973/Y (NOR2_X2A_A6P5PP140ZTS_C35)                               0.02      0.02       0.85 f
  n2225 (net)                                   2         0.00                0.00       0.85 f
  U4590/Y (AOI21_X3M_A6P5PP140ZTS_C35)                              0.04      0.03       0.88 r
  n10131 (net)                                  7         0.00                0.00       0.88 r
  U11339/Y (AOI22_X1M_A6P5PP140ZTS_C35)                             0.03      0.02       0.90 f
  n371 (net)                                    1         0.00                0.00       0.90 f
  u_dut/u_core/u_fp_accum/u_tree/pair01_q_reg[2][0]/D (DFFSQNA_X1M_A6P5PP140ZTS_C35)
                                                                    0.03      0.00       0.90 f
  data arrival time                                                                      0.90

  clock clk (rise edge)                                                       1.00       1.00
  clock network delay (ideal)                                                 0.00       1.00
  clock uncertainty                                                          -0.05       0.95
  u_dut/u_core/u_fp_accum/u_tree/pair01_q_reg[2][0]/CK (DFFSQNA_X1M_A6P5PP140ZTS_C35)
                                                                              0.00       0.95 r
  library setup time                                                         -0.05       0.90
  data required time                                                                     0.90
  ----------------------------------------------------------------------------------------------
  data required time                                                                     0.90
  data arrival time                                                                     -0.90
  ----------------------------------------------------------------------------------------------
  slack (MET)                                                                            0.00


  Startpoint: u_dut/u_core/u_product_pipe/bf16_lane_item_o_reg[2][1][9]
              (rising edge-triggered flip-flop clocked by clk)
  Endpoint: u_dut/u_core/u_fp_accum/u_tree/pair01_q_reg[2][0]
            (rising edge-triggered flip-flop clocked by clk)
  Path Group: clk
  Path Type: max

  Des/Clust/Port     Wire Load Model       Library
  ------------------------------------------------
  char_top           Zero                  sc6p5mcpp140z_cln22ul_base_svt_c35_tt_typical_max_0p80v_25c

  Point                                       Fanout       Cap     Trans      Incr       Path
  ----------------------------------------------------------------------------------------------
  clock clk (rise edge)                                                       0.00       0.00
  clock network delay (ideal)                                                 0.00       0.00
  u_dut/u_core/u_product_pipe/bf16_lane_item_o_reg[2][1][9]/CK (DFFRPQA_X2M_A6P5PP140ZTS_C35)
                                                                    0.00      0.00 #     0.00 r
  u_dut/u_core/u_product_pipe/bf16_lane_item_o_reg[2][1][9]/Q (DFFRPQA_X2M_A6P5PP140ZTS_C35)
                                                                    0.02      0.06       0.06 r
  u_dut/u_core/u_product_pipe/bf16_lane_item_o[2][1][9] (net)
                                                6         0.00                0.00       0.06 r
  u_dut/u_core/u_product_pipe/bf16_lane_item_o[2][1][9] (fusion_mul16_v4_product_pipe_1_1_1_1_1_0)
                                                                              0.00       0.06 r
  u_dut/u_core/bf16_lane_item[2][1][9] (net)              0.00                0.00       0.06 r
  U1813/Y (INV_X1M_A6P5PP140ZTS_C35)                                0.02      0.02       0.07 f
  n3730 (net)                                   4         0.00                0.00       0.07 f
  U2090/Y (NOR2_X2TA_A6P5PP140ZTS_C35)                              0.02      0.02       0.09 r
  n3784 (net)                                   4         0.00                0.00       0.09 r
  U7251/Y (OAI22_X1M_A6P5PP140ZTS_C35)                              0.03      0.02       0.12 f
  n3722 (net)                                   1         0.00                0.00       0.12 f
  U4200/Y (AO21A1AI2_X2M_A6P5PP140ZTS_C35)                          0.02      0.03       0.14 r
  n2062 (net)                                   1         0.00                0.00       0.14 r
  U2103/Y (NAND2_X2M_A6P5PP140ZTS_C35)                              0.02      0.01       0.16 f
  n3726 (net)                                   1         0.00                0.00       0.16 f
  U6087/Y (AOI21_X3M_A6P5PP140ZTS_C35)                              0.02      0.02       0.18 r
  n3807 (net)                                   2         0.00                0.00       0.18 r
  U7254/Y (BUFA_X6M_A6P5PP140ZTS_C35)                               0.03      0.03       0.21 r
  n4104 (net)                                  17         0.01                0.00       0.21 r
  U6085/Y (OAI21_X3M_A6P5PP140ZTS_C35)                              0.01      0.01       0.23 f
  n3797 (net)                                   1         0.00                0.00       0.23 f
  U5171/Y (OAI21_X2M_A6P5PP140ZTS_C35)                              0.02      0.01       0.24 r
  n3811 (net)                                   1         0.00                0.00       0.24 r
  U4585/Y (NAND2_X3M_A6P5PP140ZTS_C35)                              0.02      0.02       0.26 f
  n8903 (net)                                   5         0.00                0.00       0.26 f
  U7348/Y (INV_X2M_A6P5PP140ZTS_C35)                                0.01      0.01       0.28 r
  n3842 (net)                                   2         0.00                0.00       0.28 r
  U6090/Y (NAND2_X2M_A6P5PP140ZTS_C35)                              0.02      0.02       0.29 f
  n3913 (net)                                   3         0.00                0.00       0.29 f
  U4199/Y (NOR2_X1TA_A6P5PP140ZTS_C35)                              0.03      0.03       0.32 r
  n3929 (net)                                   2         0.00                0.00       0.32 r
  U6086/Y (AOI22_X2M_A6P5PP140ZTS_C35)                              0.03      0.02       0.34 f
  n10824 (net)                                  3         0.00                0.00       0.34 f
  U2160/Y (XOR2_X0P5M_A6P5PP140ZTS_C35)                             0.03      0.03       0.38 f
  n8592 (net)                                   1         0.00                0.00       0.38 f
  U10313/Y (OA21B_X1M_A6P5PP140ZTS_C35)                             0.03      0.03       0.41 r
  u_dut/u_core/u_fp_accum/u_tree/G_TREE[2].u_pair01/U1/fr[6] (net)
                                                3         0.00                0.00       0.41 r
  U6091/Y (INV_X1M_A6P5PP140ZTS_C35)                                0.01      0.01       0.42 f
  u_dut/u_core/u_fp_accum/u_tree/G_TREE[2].u_pair01/U1/U2/U1/or2_inv[0][10] (net)
                                                1         0.00                0.00       0.42 f
  u_dut/u_core/u_fp_accum/u_tree/G_TREE[2].u_pair01/U1/U2/U1/UEN0_0_1_2/Y (AOI21_X0P5M_A6P5PP140ZTS_C35)
                                                                    0.02      0.02       0.44 r
  u_dut/u_core/u_fp_accum/u_tree/G_TREE[2].u_pair01/U1/U2/U1/enc_tree[0][1][10] (net)
                                                1         0.00                0.00       0.44 r
  u_dut/u_core/u_fp_accum/u_tree/G_TREE[2].u_pair01/U1/U2/U1/UEN1_0_2_1/Y (OAI21_X0P5M_A6P5PP140ZTS_C35)
                                                                    0.02      0.02       0.46 f
  u_dut/u_core/u_fp_accum/u_tree/G_TREE[2].u_pair01/U1/U2/U1/enc_tree[0][2][12] (net)
                                                1         0.00                0.00       0.46 f
  U6089/Y (AOI21_X2M_A6P5PP140ZTS_C35)                              0.04      0.03       0.50 r
  u_dut/u_core/u_fp_accum/u_tree/G_TREE[2].u_pair01/U1/num_zeros_path1[0] (net)
                                                5         0.00                0.00       0.50 r
  U1073/Y (INV_X2M_A6P5PP140ZTS_C35)                                0.02      0.02       0.51 f
  n4013 (net)                                   3         0.00                0.00       0.51 f
  U4111/Y (NOR2_X2A_A6P5PP140ZTS_C35)                               0.03      0.03       0.54 r
  n10081 (net)                                  6         0.00                0.00       0.54 r
  U2941/Y (NAND2_X1M_A6P5PP140ZTS_C35)                              0.02      0.02       0.56 f
  n3952 (net)                                   1         0.00                0.00       0.56 f
  U2942/Y (OAI21_X2M_A6P5PP140ZTS_C35)                              0.02      0.02       0.58 r
  n10017 (net)                                  2         0.00                0.00       0.58 r
  U7439/Y (NAND3_X1TA_A6P5PP140ZTS_C35)                             0.03      0.02       0.60 f
  n3953 (net)                                   1         0.00                0.00       0.60 f
  U5376/Y (OAI21_X3M_A6P5PP140ZTS_C35)                              0.03      0.02       0.62 r
  n4008 (net)                                   4         0.00                0.00       0.62 r
  U5833/Y (NOR2_X2TA_A6P5PP140ZTS_C35)                              0.02      0.02       0.64 f
  n4010 (net)                                   2         0.00                0.00       0.64 f
  U4972/Y (XNOR2_X4M_A6P5PP140ZTS_C35)                              0.03      0.03       0.67 f
  n2224 (net)                                   1         0.00                0.00       0.67 f
  U4971/Y (NOR2_X3TA_A6P5PP140ZTS_C35)                              0.02      0.02       0.69 r
  n2630 (net)                                   2         0.00                0.00       0.69 r
  U4595/Y (XNOR2_X2M_A6P5PP140ZTS_C35)                              0.04      0.03       0.71 r
  n4025 (net)                                   2         0.00                0.00       0.71 r
  U796/Y (NAND2_X1TA_A6P5PP140ZTS_C35)                              0.03      0.03       0.74 f
  n4063 (net)                                   3         0.00                0.00       0.74 f
  U2059/Y (OAI21_X2M_A6P5PP140ZTS_C35)                              0.02      0.03       0.76 r
  n4028 (net)                                   1         0.00                0.00       0.76 r
  U5359/Y (AOI21_X3M_A6P5PP140ZTS_C35)                              0.02      0.02       0.78 f
  n4074 (net)                                   4         0.00                0.00       0.78 f
  U5169/Y (OAI21_X3M_A6P5PP140ZTS_C35)                              0.02      0.02       0.80 r
  n4041 (net)                                   1         0.00                0.00       0.80 r
  U2047/Y (XNOR2_X3M_A6P5PP140ZTS_C35)                              0.02      0.03       0.83 r
  n8640 (net)                                   2         0.00                0.00       0.83 r
  U4973/Y (NOR2_X2A_A6P5PP140ZTS_C35)                               0.02      0.02       0.85 f
  n2225 (net)                                   2         0.00                0.00       0.85 f
  U4590/Y (AOI21_X3M_A6P5PP140ZTS_C35)                              0.04      0.03       0.88 r
  n10131 (net)                                  7         0.00                0.00       0.88 r
  U11339/Y (AOI22_X1M_A6P5PP140ZTS_C35)                             0.03      0.02       0.90 f
  n371 (net)                                    1         0.00                0.00       0.90 f
  u_dut/u_core/u_fp_accum/u_tree/pair01_q_reg[2][0]/D (DFFSQNA_X1M_A6P5PP140ZTS_C35)
                                                                    0.03      0.00       0.90 f
  data arrival time                                                                      0.90

  clock clk (rise edge)                                                       1.00       1.00
  clock network delay (ideal)                                                 0.00       1.00
  clock uncertainty                                                          -0.05       0.95
  u_dut/u_core/u_fp_accum/u_tree/pair01_q_reg[2][0]/CK (DFFSQNA_X1M_A6P5PP140ZTS_C35)
                                                                              0.00       0.95 r
  library setup time                                                         -0.05       0.90
  data required time                                                                     0.90
  ----------------------------------------------------------------------------------------------
  data required time                                                                     0.90
  data arrival time                                                                     -0.90
  ----------------------------------------------------------------------------------------------
  slack (MET)                                                                            0.00


  Startpoint: u_dut/u_core/u_product_pipe/bf16_lane_item_o_reg[2][1][9]
              (rising edge-triggered flip-flop clocked by clk)
  Endpoint: u_dut/u_core/u_fp_accum/u_tree/pair01_q_reg[2][1]
            (rising edge-triggered flip-flop clocked by clk)
  Path Group: clk
  Path Type: max

  Des/Clust/Port     Wire Load Model       Library
  ------------------------------------------------
  char_top           Zero                  sc6p5mcpp140z_cln22ul_base_svt_c35_tt_typical_max_0p80v_25c

  Point                                       Fanout       Cap     Trans      Incr       Path
  ----------------------------------------------------------------------------------------------
  clock clk (rise edge)                                                       0.00       0.00
  clock network delay (ideal)                                                 0.00       0.00
  u_dut/u_core/u_product_pipe/bf16_lane_item_o_reg[2][1][9]/CK (DFFRPQA_X2M_A6P5PP140ZTS_C35)
                                                                    0.00      0.00 #     0.00 r
  u_dut/u_core/u_product_pipe/bf16_lane_item_o_reg[2][1][9]/Q (DFFRPQA_X2M_A6P5PP140ZTS_C35)
                                                                    0.02      0.06       0.06 r
  u_dut/u_core/u_product_pipe/bf16_lane_item_o[2][1][9] (net)
                                                6         0.00                0.00       0.06 r
  u_dut/u_core/u_product_pipe/bf16_lane_item_o[2][1][9] (fusion_mul16_v4_product_pipe_1_1_1_1_1_0)
                                                                              0.00       0.06 r
  u_dut/u_core/bf16_lane_item[2][1][9] (net)              0.00                0.00       0.06 r
  U1813/Y (INV_X1M_A6P5PP140ZTS_C35)                                0.02      0.02       0.07 f
  n3730 (net)                                   4         0.00                0.00       0.07 f
  U2090/Y (NOR2_X2TA_A6P5PP140ZTS_C35)                              0.02      0.02       0.09 r
  n3784 (net)                                   4         0.00                0.00       0.09 r
  U7251/Y (OAI22_X1M_A6P5PP140ZTS_C35)                              0.03      0.02       0.12 f
  n3722 (net)                                   1         0.00                0.00       0.12 f
  U4200/Y (AO21A1AI2_X2M_A6P5PP140ZTS_C35)                          0.02      0.03       0.14 r
  n2062 (net)                                   1         0.00                0.00       0.14 r
  U2103/Y (NAND2_X2M_A6P5PP140ZTS_C35)                              0.02      0.01       0.16 f
  n3726 (net)                                   1         0.00                0.00       0.16 f
  U6087/Y (AOI21_X3M_A6P5PP140ZTS_C35)                              0.02      0.02       0.18 r
  n3807 (net)                                   2         0.00                0.00       0.18 r
  U7254/Y (BUFA_X6M_A6P5PP140ZTS_C35)                               0.03      0.03       0.21 r
  n4104 (net)                                  17         0.01                0.00       0.21 r
  U6085/Y (OAI21_X3M_A6P5PP140ZTS_C35)                              0.01      0.01       0.23 f
  n3797 (net)                                   1         0.00                0.00       0.23 f
  U5171/Y (OAI21_X2M_A6P5PP140ZTS_C35)                              0.02      0.01       0.24 r
  n3811 (net)                                   1         0.00                0.00       0.24 r
  U4585/Y (NAND2_X3M_A6P5PP140ZTS_C35)                              0.02      0.02       0.26 f
  n8903 (net)                                   5         0.00                0.00       0.26 f
  U7348/Y (INV_X2M_A6P5PP140ZTS_C35)                                0.01      0.01       0.28 r
  n3842 (net)                                   2         0.00                0.00       0.28 r
  U6090/Y (NAND2_X2M_A6P5PP140ZTS_C35)                              0.02      0.02       0.29 f
  n3913 (net)                                   3         0.00                0.00       0.29 f
  U4199/Y (NOR2_X1TA_A6P5PP140ZTS_C35)                              0.03      0.03       0.32 r
  n3929 (net)                                   2         0.00                0.00       0.32 r
  U6086/Y (AOI22_X2M_A6P5PP140ZTS_C35)                              0.03      0.02       0.34 f
  n10824 (net)                                  3         0.00                0.00       0.34 f
  U2160/Y (XOR2_X0P5M_A6P5PP140ZTS_C35)                             0.03      0.03       0.38 f
  n8592 (net)                                   1         0.00                0.00       0.38 f
  U10313/Y (OA21B_X1M_A6P5PP140ZTS_C35)                             0.03      0.03       0.41 r
  u_dut/u_core/u_fp_accum/u_tree/G_TREE[2].u_pair01/U1/fr[6] (net)
                                                3         0.00                0.00       0.41 r
  U6091/Y (INV_X1M_A6P5PP140ZTS_C35)                                0.01      0.01       0.42 f
  u_dut/u_core/u_fp_accum/u_tree/G_TREE[2].u_pair01/U1/U2/U1/or2_inv[0][10] (net)
                                                1         0.00                0.00       0.42 f
  u_dut/u_core/u_fp_accum/u_tree/G_TREE[2].u_pair01/U1/U2/U1/UEN0_0_1_2/Y (AOI21_X0P5M_A6P5PP140ZTS_C35)
                                                                    0.02      0.02       0.44 r
  u_dut/u_core/u_fp_accum/u_tree/G_TREE[2].u_pair01/U1/U2/U1/enc_tree[0][1][10] (net)
                                                1         0.00                0.00       0.44 r
  u_dut/u_core/u_fp_accum/u_tree/G_TREE[2].u_pair01/U1/U2/U1/UEN1_0_2_1/Y (OAI21_X0P5M_A6P5PP140ZTS_C35)
                                                                    0.02      0.02       0.46 f
  u_dut/u_core/u_fp_accum/u_tree/G_TREE[2].u_pair01/U1/U2/U1/enc_tree[0][2][12] (net)
                                                1         0.00                0.00       0.46 f
  U6089/Y (AOI21_X2M_A6P5PP140ZTS_C35)                              0.04      0.03       0.50 r
  u_dut/u_core/u_fp_accum/u_tree/G_TREE[2].u_pair01/U1/num_zeros_path1[0] (net)
                                                5         0.00                0.00       0.50 r
  U1073/Y (INV_X2M_A6P5PP140ZTS_C35)                                0.02      0.02       0.51 f
  n4013 (net)                                   3         0.00                0.00       0.51 f
  U4111/Y (NOR2_X2A_A6P5PP140ZTS_C35)                               0.03      0.03       0.54 r
  n10081 (net)                                  6         0.00                0.00       0.54 r
  U2941/Y (NAND2_X1M_A6P5PP140ZTS_C35)                              0.02      0.02       0.56 f
  n3952 (net)                                   1         0.00                0.00       0.56 f
  U2942/Y (OAI21_X2M_A6P5PP140ZTS_C35)                              0.02      0.02       0.58 r
  n10017 (net)                                  2         0.00                0.00       0.58 r
  U7439/Y (NAND3_X1TA_A6P5PP140ZTS_C35)                             0.03      0.02       0.60 f
  n3953 (net)                                   1         0.00                0.00       0.60 f
  U5376/Y (OAI21_X3M_A6P5PP140ZTS_C35)                              0.03      0.02       0.62 r
  n4008 (net)                                   4         0.00                0.00       0.62 r
  U5833/Y (NOR2_X2TA_A6P5PP140ZTS_C35)                              0.02      0.02       0.64 f
  n4010 (net)                                   2         0.00                0.00       0.64 f
  U4972/Y (XNOR2_X4M_A6P5PP140ZTS_C35)                              0.03      0.03       0.67 f
  n2224 (net)                                   1         0.00                0.00       0.67 f
  U4971/Y (NOR2_X3TA_A6P5PP140ZTS_C35)                              0.02      0.02       0.69 r
  n2630 (net)                                   2         0.00                0.00       0.69 r
  U4595/Y (XNOR2_X2M_A6P5PP140ZTS_C35)                              0.04      0.03       0.71 r
  n4025 (net)                                   2         0.00                0.00       0.71 r
  U796/Y (NAND2_X1TA_A6P5PP140ZTS_C35)                              0.03      0.03       0.74 f
  n4063 (net)                                   3         0.00                0.00       0.74 f
  U2059/Y (OAI21_X2M_A6P5PP140ZTS_C35)                              0.02      0.03       0.76 r
  n4028 (net)                                   1         0.00                0.00       0.76 r
  U5359/Y (AOI21_X3M_A6P5PP140ZTS_C35)                              0.02      0.02       0.78 f
  n4074 (net)                                   4         0.00                0.00       0.78 f
  U5169/Y (OAI21_X3M_A6P5PP140ZTS_C35)                              0.02      0.02       0.80 r
  n4041 (net)                                   1         0.00                0.00       0.80 r
  U2047/Y (XNOR2_X3M_A6P5PP140ZTS_C35)                              0.02      0.03       0.83 r
  n8640 (net)                                   2         0.00                0.00       0.83 r
  U4973/Y (NOR2_X2A_A6P5PP140ZTS_C35)                               0.02      0.02       0.85 f
  n2225 (net)                                   2         0.00                0.00       0.85 f
  U4590/Y (AOI21_X3M_A6P5PP140ZTS_C35)                              0.04      0.03       0.88 r
  n10131 (net)                                  7         0.00                0.00       0.88 r
  U11337/Y (AOI22_X1M_A6P5PP140ZTS_C35)                             0.03      0.02       0.90 f
  n370 (net)                                    1         0.00                0.00       0.90 f
  u_dut/u_core/u_fp_accum/u_tree/pair01_q_reg[2][1]/D (DFFSQNA_X1M_A6P5PP140ZTS_C35)
                                                                    0.03      0.00       0.90 f
  data arrival time                                                                      0.90

  clock clk (rise edge)                                                       1.00       1.00
  clock network delay (ideal)                                                 0.00       1.00
  clock uncertainty                                                          -0.05       0.95
  u_dut/u_core/u_fp_accum/u_tree/pair01_q_reg[2][1]/CK (DFFSQNA_X1M_A6P5PP140ZTS_C35)
                                                                              0.00       0.95 r
  library setup time                                                         -0.05       0.90
  data required time                                                                     0.90
  ----------------------------------------------------------------------------------------------
  data required time                                                                     0.90
  data arrival time                                                                     -0.90
  ----------------------------------------------------------------------------------------------
  slack (MET)                                                                            0.00


  Startpoint: u_dut/u_core/u_product_pipe/bf16_lane_item_o_reg[2][1][9]
              (rising edge-triggered flip-flop clocked by clk)
  Endpoint: u_dut/u_core/u_fp_accum/u_tree/pair01_q_reg[2][2]
            (rising edge-triggered flip-flop clocked by clk)
  Path Group: clk
  Path Type: max

  Des/Clust/Port     Wire Load Model       Library
  ------------------------------------------------
  char_top           Zero                  sc6p5mcpp140z_cln22ul_base_svt_c35_tt_typical_max_0p80v_25c

  Point                                       Fanout       Cap     Trans      Incr       Path
  ----------------------------------------------------------------------------------------------
  clock clk (rise edge)                                                       0.00       0.00
  clock network delay (ideal)                                                 0.00       0.00
  u_dut/u_core/u_product_pipe/bf16_lane_item_o_reg[2][1][9]/CK (DFFRPQA_X2M_A6P5PP140ZTS_C35)
                                                                    0.00      0.00 #     0.00 r
  u_dut/u_core/u_product_pipe/bf16_lane_item_o_reg[2][1][9]/Q (DFFRPQA_X2M_A6P5PP140ZTS_C35)
                                                                    0.02      0.06       0.06 r
  u_dut/u_core/u_product_pipe/bf16_lane_item_o[2][1][9] (net)
                                                6         0.00                0.00       0.06 r
  u_dut/u_core/u_product_pipe/bf16_lane_item_o[2][1][9] (fusion_mul16_v4_product_pipe_1_1_1_1_1_0)
                                                                              0.00       0.06 r
  u_dut/u_core/bf16_lane_item[2][1][9] (net)              0.00                0.00       0.06 r
  U1813/Y (INV_X1M_A6P5PP140ZTS_C35)                                0.02      0.02       0.07 f
  n3730 (net)                                   4         0.00                0.00       0.07 f
  U2090/Y (NOR2_X2TA_A6P5PP140ZTS_C35)                              0.02      0.02       0.09 r
  n3784 (net)                                   4         0.00                0.00       0.09 r
  U7251/Y (OAI22_X1M_A6P5PP140ZTS_C35)                              0.03      0.02       0.12 f
  n3722 (net)                                   1         0.00                0.00       0.12 f
  U4200/Y (AO21A1AI2_X2M_A6P5PP140ZTS_C35)                          0.02      0.03       0.14 r
  n2062 (net)                                   1         0.00                0.00       0.14 r
  U2103/Y (NAND2_X2M_A6P5PP140ZTS_C35)                              0.02      0.01       0.16 f
  n3726 (net)                                   1         0.00                0.00       0.16 f
  U6087/Y (AOI21_X3M_A6P5PP140ZTS_C35)                              0.02      0.02       0.18 r
  n3807 (net)                                   2         0.00                0.00       0.18 r
  U7254/Y (BUFA_X6M_A6P5PP140ZTS_C35)                               0.03      0.03       0.21 r
  n4104 (net)                                  17         0.01                0.00       0.21 r
  U6085/Y (OAI21_X3M_A6P5PP140ZTS_C35)                              0.01      0.01       0.23 f
  n3797 (net)                                   1         0.00                0.00       0.23 f
  U5171/Y (OAI21_X2M_A6P5PP140ZTS_C35)                              0.02      0.01       0.24 r
  n3811 (net)                                   1         0.00                0.00       0.24 r
  U4585/Y (NAND2_X3M_A6P5PP140ZTS_C35)                              0.02      0.02       0.26 f
  n8903 (net)                                   5         0.00                0.00       0.26 f
  U7348/Y (INV_X2M_A6P5PP140ZTS_C35)                                0.01      0.01       0.28 r
  n3842 (net)                                   2         0.00                0.00       0.28 r
  U6090/Y (NAND2_X2M_A6P5PP140ZTS_C35)                              0.02      0.02       0.29 f
  n3913 (net)                                   3         0.00                0.00       0.29 f
  U4199/Y (NOR2_X1TA_A6P5PP140ZTS_C35)                              0.03      0.03       0.32 r
  n3929 (net)                                   2         0.00                0.00       0.32 r
  U6086/Y (AOI22_X2M_A6P5PP140ZTS_C35)                              0.03      0.02       0.34 f
  n10824 (net)                                  3         0.00                0.00       0.34 f
  U2160/Y (XOR2_X0P5M_A6P5PP140ZTS_C35)                             0.03      0.03       0.38 f
  n8592 (net)                                   1         0.00                0.00       0.38 f
  U10313/Y (OA21B_X1M_A6P5PP140ZTS_C35)                             0.03      0.03       0.41 r
  u_dut/u_core/u_fp_accum/u_tree/G_TREE[2].u_pair01/U1/fr[6] (net)
                                                3         0.00                0.00       0.41 r
  U6091/Y (INV_X1M_A6P5PP140ZTS_C35)                                0.01      0.01       0.42 f
  u_dut/u_core/u_fp_accum/u_tree/G_TREE[2].u_pair01/U1/U2/U1/or2_inv[0][10] (net)
                                                1         0.00                0.00       0.42 f
  u_dut/u_core/u_fp_accum/u_tree/G_TREE[2].u_pair01/U1/U2/U1/UEN0_0_1_2/Y (AOI21_X0P5M_A6P5PP140ZTS_C35)
                                                                    0.02      0.02       0.44 r
  u_dut/u_core/u_fp_accum/u_tree/G_TREE[2].u_pair01/U1/U2/U1/enc_tree[0][1][10] (net)
                                                1         0.00                0.00       0.44 r
  u_dut/u_core/u_fp_accum/u_tree/G_TREE[2].u_pair01/U1/U2/U1/UEN1_0_2_1/Y (OAI21_X0P5M_A6P5PP140ZTS_C35)
                                                                    0.02      0.02       0.46 f
  u_dut/u_core/u_fp_accum/u_tree/G_TREE[2].u_pair01/U1/U2/U1/enc_tree[0][2][12] (net)
                                                1         0.00                0.00       0.46 f
  U6089/Y (AOI21_X2M_A6P5PP140ZTS_C35)                              0.04      0.03       0.50 r
  u_dut/u_core/u_fp_accum/u_tree/G_TREE[2].u_pair01/U1/num_zeros_path1[0] (net)
                                                5         0.00                0.00       0.50 r
  U1073/Y (INV_X2M_A6P5PP140ZTS_C35)                                0.02      0.02       0.51 f
  n4013 (net)                                   3         0.00                0.00       0.51 f
  U4111/Y (NOR2_X2A_A6P5PP140ZTS_C35)                               0.03      0.03       0.54 r
  n10081 (net)                                  6         0.00                0.00       0.54 r
  U2941/Y (NAND2_X1M_A6P5PP140ZTS_C35)                              0.02      0.02       0.56 f
  n3952 (net)                                   1         0.00                0.00       0.56 f
  U2942/Y (OAI21_X2M_A6P5PP140ZTS_C35)                              0.02      0.02       0.58 r
  n10017 (net)                                  2         0.00                0.00       0.58 r
  U7439/Y (NAND3_X1TA_A6P5PP140ZTS_C35)                             0.03      0.02       0.60 f
  n3953 (net)                                   1         0.00                0.00       0.60 f
  U5376/Y (OAI21_X3M_A6P5PP140ZTS_C35)                              0.03      0.02       0.62 r
  n4008 (net)                                   4         0.00                0.00       0.62 r
  U5833/Y (NOR2_X2TA_A6P5PP140ZTS_C35)                              0.02      0.02       0.64 f
  n4010 (net)                                   2         0.00                0.00       0.64 f
  U4972/Y (XNOR2_X4M_A6P5PP140ZTS_C35)                              0.03      0.03       0.67 f
  n2224 (net)                                   1         0.00                0.00       0.67 f
  U4971/Y (NOR2_X3TA_A6P5PP140ZTS_C35)                              0.02      0.02       0.69 r
  n2630 (net)                                   2         0.00                0.00       0.69 r
  U4595/Y (XNOR2_X2M_A6P5PP140ZTS_C35)                              0.04      0.03       0.71 r
  n4025 (net)                                   2         0.00                0.00       0.71 r
  U796/Y (NAND2_X1TA_A6P5PP140ZTS_C35)                              0.03      0.03       0.74 f
  n4063 (net)                                   3         0.00                0.00       0.74 f
  U2059/Y (OAI21_X2M_A6P5PP140ZTS_C35)                              0.02      0.03       0.76 r
  n4028 (net)                                   1         0.00                0.00       0.76 r
  U5359/Y (AOI21_X3M_A6P5PP140ZTS_C35)                              0.02      0.02       0.78 f
  n4074 (net)                                   4         0.00                0.00       0.78 f
  U5169/Y (OAI21_X3M_A6P5PP140ZTS_C35)                              0.02      0.02       0.80 r
  n4041 (net)                                   1         0.00                0.00       0.80 r
  U2047/Y (XNOR2_X3M_A6P5PP140ZTS_C35)                              0.02      0.03       0.83 r
  n8640 (net)                                   2         0.00                0.00       0.83 r
  U4973/Y (NOR2_X2A_A6P5PP140ZTS_C35)                               0.02      0.02       0.85 f
  n2225 (net)                                   2         0.00                0.00       0.85 f
  U4590/Y (AOI21_X3M_A6P5PP140ZTS_C35)                              0.04      0.03       0.88 r
  n10131 (net)                                  7         0.00                0.00       0.88 r
  U11310/Y (AOI22_X1M_A6P5PP140ZTS_C35)                             0.03      0.02       0.90 f
  n369 (net)                                    1         0.00                0.00       0.90 f
  u_dut/u_core/u_fp_accum/u_tree/pair01_q_reg[2][2]/D (DFFSQNA_X1M_A6P5PP140ZTS_C35)
                                                                    0.03      0.00       0.90 f
  data arrival time                                                                      0.90

  clock clk (rise edge)                                                       1.00       1.00
  clock network delay (ideal)                                                 0.00       1.00
  clock uncertainty                                                          -0.05       0.95
  u_dut/u_core/u_fp_accum/u_tree/pair01_q_reg[2][2]/CK (DFFSQNA_X1M_A6P5PP140ZTS_C35)
                                                                              0.00       0.95 r
  library setup time                                                         -0.05       0.90
  data required time                                                                     0.90
  ----------------------------------------------------------------------------------------------
  data required time                                                                     0.90
  data arrival time                                                                     -0.90
  ----------------------------------------------------------------------------------------------
  slack (MET)                                                                            0.00


  Startpoint: u_dut/u_core/u_product_pipe/bf16_lane_item_o_reg[2][1][9]
              (rising edge-triggered flip-flop clocked by clk)
  Endpoint: u_dut/u_core/u_fp_accum/u_tree/pair01_q_reg[2][5]
            (rising edge-triggered flip-flop clocked by clk)
  Path Group: clk
  Path Type: max

  Des/Clust/Port     Wire Load Model       Library
  ------------------------------------------------
  char_top           Zero                  sc6p5mcpp140z_cln22ul_base_svt_c35_tt_typical_max_0p80v_25c

  Point                                       Fanout       Cap     Trans      Incr       Path
  ----------------------------------------------------------------------------------------------
  clock clk (rise edge)                                                       0.00       0.00
  clock network delay (ideal)                                                 0.00       0.00
  u_dut/u_core/u_product_pipe/bf16_lane_item_o_reg[2][1][9]/CK (DFFRPQA_X2M_A6P5PP140ZTS_C35)
                                                                    0.00      0.00 #     0.00 r
  u_dut/u_core/u_product_pipe/bf16_lane_item_o_reg[2][1][9]/Q (DFFRPQA_X2M_A6P5PP140ZTS_C35)
                                                                    0.02      0.06       0.06 r
  u_dut/u_core/u_product_pipe/bf16_lane_item_o[2][1][9] (net)
                                                6         0.00                0.00       0.06 r
  u_dut/u_core/u_product_pipe/bf16_lane_item_o[2][1][9] (fusion_mul16_v4_product_pipe_1_1_1_1_1_0)
                                                                              0.00       0.06 r
  u_dut/u_core/bf16_lane_item[2][1][9] (net)              0.00                0.00       0.06 r
  U1813/Y (INV_X1M_A6P5PP140ZTS_C35)                                0.02      0.02       0.07 f
  n3730 (net)                                   4         0.00                0.00       0.07 f
  U2090/Y (NOR2_X2TA_A6P5PP140ZTS_C35)                              0.02      0.02       0.09 r
  n3784 (net)                                   4         0.00                0.00       0.09 r
  U7251/Y (OAI22_X1M_A6P5PP140ZTS_C35)                              0.03      0.02       0.12 f
  n3722 (net)                                   1         0.00                0.00       0.12 f
  U4200/Y (AO21A1AI2_X2M_A6P5PP140ZTS_C35)                          0.02      0.03       0.14 r
  n2062 (net)                                   1         0.00                0.00       0.14 r
  U2103/Y (NAND2_X2M_A6P5PP140ZTS_C35)                              0.02      0.01       0.16 f
  n3726 (net)                                   1         0.00                0.00       0.16 f
  U6087/Y (AOI21_X3M_A6P5PP140ZTS_C35)                              0.02      0.02       0.18 r
  n3807 (net)                                   2         0.00                0.00       0.18 r
  U7254/Y (BUFA_X6M_A6P5PP140ZTS_C35)                               0.03      0.03       0.21 r
  n4104 (net)                                  17         0.01                0.00       0.21 r
  U6085/Y (OAI21_X3M_A6P5PP140ZTS_C35)                              0.01      0.01       0.23 f
  n3797 (net)                                   1         0.00                0.00       0.23 f
  U5171/Y (OAI21_X2M_A6P5PP140ZTS_C35)                              0.02      0.01       0.24 r
  n3811 (net)                                   1         0.00                0.00       0.24 r
  U4585/Y (NAND2_X3M_A6P5PP140ZTS_C35)                              0.02      0.02       0.26 f
  n8903 (net)                                   5         0.00                0.00       0.26 f
  U7348/Y (INV_X2M_A6P5PP140ZTS_C35)                                0.01      0.01       0.28 r
  n3842 (net)                                   2         0.00                0.00       0.28 r
  U6090/Y (NAND2_X2M_A6P5PP140ZTS_C35)                              0.02      0.02       0.29 f
  n3913 (net)                                   3         0.00                0.00       0.29 f
  U4199/Y (NOR2_X1TA_A6P5PP140ZTS_C35)                              0.03      0.03       0.32 r
  n3929 (net)                                   2         0.00                0.00       0.32 r
  U6086/Y (AOI22_X2M_A6P5PP140ZTS_C35)                              0.03      0.02       0.34 f
  n10824 (net)                                  3         0.00                0.00       0.34 f
  U2160/Y (XOR2_X0P5M_A6P5PP140ZTS_C35)                             0.03      0.03       0.38 f
  n8592 (net)                                   1         0.00                0.00       0.38 f
  U10313/Y (OA21B_X1M_A6P5PP140ZTS_C35)                             0.03      0.03       0.41 r
  u_dut/u_core/u_fp_accum/u_tree/G_TREE[2].u_pair01/U1/fr[6] (net)
                                                3         0.00                0.00       0.41 r
  U6091/Y (INV_X1M_A6P5PP140ZTS_C35)                                0.01      0.01       0.42 f
  u_dut/u_core/u_fp_accum/u_tree/G_TREE[2].u_pair01/U1/U2/U1/or2_inv[0][10] (net)
                                                1         0.00                0.00       0.42 f
  u_dut/u_core/u_fp_accum/u_tree/G_TREE[2].u_pair01/U1/U2/U1/UEN0_0_1_2/Y (AOI21_X0P5M_A6P5PP140ZTS_C35)
                                                                    0.02      0.02       0.44 r
  u_dut/u_core/u_fp_accum/u_tree/G_TREE[2].u_pair01/U1/U2/U1/enc_tree[0][1][10] (net)
                                                1         0.00                0.00       0.44 r
  u_dut/u_core/u_fp_accum/u_tree/G_TREE[2].u_pair01/U1/U2/U1/UEN1_0_2_1/Y (OAI21_X0P5M_A6P5PP140ZTS_C35)
                                                                    0.02      0.02       0.46 f
  u_dut/u_core/u_fp_accum/u_tree/G_TREE[2].u_pair01/U1/U2/U1/enc_tree[0][2][12] (net)
                                                1         0.00                0.00       0.46 f
  U6089/Y (AOI21_X2M_A6P5PP140ZTS_C35)                              0.04      0.03       0.50 r
  u_dut/u_core/u_fp_accum/u_tree/G_TREE[2].u_pair01/U1/num_zeros_path1[0] (net)
                                                5         0.00                0.00       0.50 r
  U1073/Y (INV_X2M_A6P5PP140ZTS_C35)                                0.02      0.02       0.51 f
  n4013 (net)                                   3         0.00                0.00       0.51 f
  U4111/Y (NOR2_X2A_A6P5PP140ZTS_C35)                               0.03      0.03       0.54 r
  n10081 (net)                                  6         0.00                0.00       0.54 r
  U2941/Y (NAND2_X1M_A6P5PP140ZTS_C35)                              0.02      0.02       0.56 f
  n3952 (net)                                   1         0.00                0.00       0.56 f
  U2942/Y (OAI21_X2M_A6P5PP140ZTS_C35)                              0.02      0.02       0.58 r
  n10017 (net)                                  2         0.00                0.00       0.58 r
  U7439/Y (NAND3_X1TA_A6P5PP140ZTS_C35)                             0.03      0.02       0.60 f
  n3953 (net)                                   1         0.00                0.00       0.60 f
  U5376/Y (OAI21_X3M_A6P5PP140ZTS_C35)                              0.03      0.02       0.62 r
  n4008 (net)                                   4         0.00                0.00       0.62 r
  U5833/Y (NOR2_X2TA_A6P5PP140ZTS_C35)                              0.02      0.02       0.64 f
  n4010 (net)                                   2         0.00                0.00       0.64 f
  U4972/Y (XNOR2_X4M_A6P5PP140ZTS_C35)                              0.03      0.03       0.67 f
  n2224 (net)                                   1         0.00                0.00       0.67 f
  U4971/Y (NOR2_X3TA_A6P5PP140ZTS_C35)                              0.02      0.02       0.69 r
  n2630 (net)                                   2         0.00                0.00       0.69 r
  U4595/Y (XNOR2_X2M_A6P5PP140ZTS_C35)                              0.04      0.03       0.71 r
  n4025 (net)                                   2         0.00                0.00       0.71 r
  U796/Y (NAND2_X1TA_A6P5PP140ZTS_C35)                              0.03      0.03       0.74 f
  n4063 (net)                                   3         0.00                0.00       0.74 f
  U2059/Y (OAI21_X2M_A6P5PP140ZTS_C35)                              0.02      0.03       0.76 r
  n4028 (net)                                   1         0.00                0.00       0.76 r
  U5359/Y (AOI21_X3M_A6P5PP140ZTS_C35)                              0.02      0.02       0.78 f
  n4074 (net)                                   4         0.00                0.00       0.78 f
  U5169/Y (OAI21_X3M_A6P5PP140ZTS_C35)                              0.02      0.02       0.80 r
  n4041 (net)                                   1         0.00                0.00       0.80 r
  U2047/Y (XNOR2_X3M_A6P5PP140ZTS_C35)                              0.02      0.03       0.83 r
  n8640 (net)                                   2         0.00                0.00       0.83 r
  U4973/Y (NOR2_X2A_A6P5PP140ZTS_C35)                               0.02      0.02       0.85 f
  n2225 (net)                                   2         0.00                0.00       0.85 f
  U4590/Y (AOI21_X3M_A6P5PP140ZTS_C35)                              0.04      0.03       0.88 r
  n10131 (net)                                  7         0.00                0.00       0.88 r
  U11349/Y (AOI22_X1M_A6P5PP140ZTS_C35)                             0.03      0.02       0.90 f
  n366 (net)                                    1         0.00                0.00       0.90 f
  u_dut/u_core/u_fp_accum/u_tree/pair01_q_reg[2][5]/D (DFFSQNA_X1M_A6P5PP140ZTS_C35)
                                                                    0.03      0.00       0.90 f
  data arrival time                                                                      0.90

  clock clk (rise edge)                                                       1.00       1.00
  clock network delay (ideal)                                                 0.00       1.00
  clock uncertainty                                                          -0.05       0.95
  u_dut/u_core/u_fp_accum/u_tree/pair01_q_reg[2][5]/CK (DFFSQNA_X1M_A6P5PP140ZTS_C35)
                                                                              0.00       0.95 r
  library setup time                                                         -0.05       0.90
  data required time                                                                     0.90
  ----------------------------------------------------------------------------------------------
  data required time                                                                     0.90
  data arrival time                                                                     -0.90
  ----------------------------------------------------------------------------------------------
  slack (MET)                                                                            0.00


  Startpoint: u_dut/u_core/u_product_pipe/bf16_lane_item_o_reg[2][1][9]
              (rising edge-triggered flip-flop clocked by clk)
  Endpoint: u_dut/u_core/u_fp_accum/u_tree/pair01_q_reg[2][6]
            (rising edge-triggered flip-flop clocked by clk)
  Path Group: clk
  Path Type: max

  Des/Clust/Port     Wire Load Model       Library
  ------------------------------------------------
  char_top           Zero                  sc6p5mcpp140z_cln22ul_base_svt_c35_tt_typical_max_0p80v_25c

  Point                                       Fanout       Cap     Trans      Incr       Path
  ----------------------------------------------------------------------------------------------
  clock clk (rise edge)                                                       0.00       0.00
  clock network delay (ideal)                                                 0.00       0.00
  u_dut/u_core/u_product_pipe/bf16_lane_item_o_reg[2][1][9]/CK (DFFRPQA_X2M_A6P5PP140ZTS_C35)
                                                                    0.00      0.00 #     0.00 r
  u_dut/u_core/u_product_pipe/bf16_lane_item_o_reg[2][1][9]/Q (DFFRPQA_X2M_A6P5PP140ZTS_C35)
                                                                    0.02      0.06       0.06 r
  u_dut/u_core/u_product_pipe/bf16_lane_item_o[2][1][9] (net)
                                                6         0.00                0.00       0.06 r
  u_dut/u_core/u_product_pipe/bf16_lane_item_o[2][1][9] (fusion_mul16_v4_product_pipe_1_1_1_1_1_0)
                                                                              0.00       0.06 r
  u_dut/u_core/bf16_lane_item[2][1][9] (net)              0.00                0.00       0.06 r
  U1813/Y (INV_X1M_A6P5PP140ZTS_C35)                                0.02      0.02       0.07 f
  n3730 (net)                                   4         0.00                0.00       0.07 f
  U2090/Y (NOR2_X2TA_A6P5PP140ZTS_C35)                              0.02      0.02       0.09 r
  n3784 (net)                                   4         0.00                0.00       0.09 r
  U7251/Y (OAI22_X1M_A6P5PP140ZTS_C35)                              0.03      0.02       0.12 f
  n3722 (net)                                   1         0.00                0.00       0.12 f
  U4200/Y (AO21A1AI2_X2M_A6P5PP140ZTS_C35)                          0.02      0.03       0.14 r
  n2062 (net)                                   1         0.00                0.00       0.14 r
  U2103/Y (NAND2_X2M_A6P5PP140ZTS_C35)                              0.02      0.01       0.16 f
  n3726 (net)                                   1         0.00                0.00       0.16 f
  U6087/Y (AOI21_X3M_A6P5PP140ZTS_C35)                              0.02      0.02       0.18 r
  n3807 (net)                                   2         0.00                0.00       0.18 r
  U7254/Y (BUFA_X6M_A6P5PP140ZTS_C35)                               0.03      0.03       0.21 r
  n4104 (net)                                  17         0.01                0.00       0.21 r
  U6085/Y (OAI21_X3M_A6P5PP140ZTS_C35)                              0.01      0.01       0.23 f
  n3797 (net)                                   1         0.00                0.00       0.23 f
  U5171/Y (OAI21_X2M_A6P5PP140ZTS_C35)                              0.02      0.01       0.24 r
  n3811 (net)                                   1         0.00                0.00       0.24 r
  U4585/Y (NAND2_X3M_A6P5PP140ZTS_C35)                              0.02      0.02       0.26 f
  n8903 (net)                                   5         0.00                0.00       0.26 f
  U7348/Y (INV_X2M_A6P5PP140ZTS_C35)                                0.01      0.01       0.28 r
  n3842 (net)                                   2         0.00                0.00       0.28 r
  U6090/Y (NAND2_X2M_A6P5PP140ZTS_C35)                              0.02      0.02       0.29 f
  n3913 (net)                                   3         0.00                0.00       0.29 f
  U4199/Y (NOR2_X1TA_A6P5PP140ZTS_C35)                              0.03      0.03       0.32 r
  n3929 (net)                                   2         0.00                0.00       0.32 r
  U6086/Y (AOI22_X2M_A6P5PP140ZTS_C35)                              0.03      0.02       0.34 f
  n10824 (net)                                  3         0.00                0.00       0.34 f
  U2160/Y (XOR2_X0P5M_A6P5PP140ZTS_C35)                             0.03      0.03       0.38 f
  n8592 (net)                                   1         0.00                0.00       0.38 f
  U10313/Y (OA21B_X1M_A6P5PP140ZTS_C35)                             0.03      0.03       0.41 r
  u_dut/u_core/u_fp_accum/u_tree/G_TREE[2].u_pair01/U1/fr[6] (net)
                                                3         0.00                0.00       0.41 r
  U6091/Y (INV_X1M_A6P5PP140ZTS_C35)                                0.01      0.01       0.42 f
  u_dut/u_core/u_fp_accum/u_tree/G_TREE[2].u_pair01/U1/U2/U1/or2_inv[0][10] (net)
                                                1         0.00                0.00       0.42 f
  u_dut/u_core/u_fp_accum/u_tree/G_TREE[2].u_pair01/U1/U2/U1/UEN0_0_1_2/Y (AOI21_X0P5M_A6P5PP140ZTS_C35)
                                                                    0.02      0.02       0.44 r
  u_dut/u_core/u_fp_accum/u_tree/G_TREE[2].u_pair01/U1/U2/U1/enc_tree[0][1][10] (net)
                                                1         0.00                0.00       0.44 r
  u_dut/u_core/u_fp_accum/u_tree/G_TREE[2].u_pair01/U1/U2/U1/UEN1_0_2_1/Y (OAI21_X0P5M_A6P5PP140ZTS_C35)
                                                                    0.02      0.02       0.46 f
  u_dut/u_core/u_fp_accum/u_tree/G_TREE[2].u_pair01/U1/U2/U1/enc_tree[0][2][12] (net)
                                                1         0.00                0.00       0.46 f
  U6089/Y (AOI21_X2M_A6P5PP140ZTS_C35)                              0.04      0.03       0.50 r
  u_dut/u_core/u_fp_accum/u_tree/G_TREE[2].u_pair01/U1/num_zeros_path1[0] (net)
                                                5         0.00                0.00       0.50 r
  U1073/Y (INV_X2M_A6P5PP140ZTS_C35)                                0.02      0.02       0.51 f
  n4013 (net)                                   3         0.00                0.00       0.51 f
  U4111/Y (NOR2_X2A_A6P5PP140ZTS_C35)                               0.03      0.03       0.54 r
  n10081 (net)                                  6         0.00                0.00       0.54 r
  U2941/Y (NAND2_X1M_A6P5PP140ZTS_C35)                              0.02      0.02       0.56 f
  n3952 (net)                                   1         0.00                0.00       0.56 f
  U2942/Y (OAI21_X2M_A6P5PP140ZTS_C35)                              0.02      0.02       0.58 r
  n10017 (net)                                  2         0.00                0.00       0.58 r
  U7439/Y (NAND3_X1TA_A6P5PP140ZTS_C35)                             0.03      0.02       0.60 f
  n3953 (net)                                   1         0.00                0.00       0.60 f
  U5376/Y (OAI21_X3M_A6P5PP140ZTS_C35)                              0.03      0.02       0.62 r
  n4008 (net)                                   4         0.00                0.00       0.62 r
  U5833/Y (NOR2_X2TA_A6P5PP140ZTS_C35)                              0.02      0.02       0.64 f
  n4010 (net)                                   2         0.00                0.00       0.64 f
  U4972/Y (XNOR2_X4M_A6P5PP140ZTS_C35)                              0.03      0.03       0.67 f
  n2224 (net)                                   1         0.00                0.00       0.67 f
  U4971/Y (NOR2_X3TA_A6P5PP140ZTS_C35)                              0.02      0.02       0.69 r
  n2630 (net)                                   2         0.00                0.00       0.69 r
  U4595/Y (XNOR2_X2M_A6P5PP140ZTS_C35)                              0.04      0.03       0.71 r
  n4025 (net)                                   2         0.00                0.00       0.71 r
  U796/Y (NAND2_X1TA_A6P5PP140ZTS_C35)                              0.03      0.03       0.74 f
  n4063 (net)                                   3         0.00                0.00       0.74 f
  U2059/Y (OAI21_X2M_A6P5PP140ZTS_C35)                              0.02      0.03       0.76 r
  n4028 (net)                                   1         0.00                0.00       0.76 r
  U5359/Y (AOI21_X3M_A6P5PP140ZTS_C35)                              0.02      0.02       0.78 f
  n4074 (net)                                   4         0.00                0.00       0.78 f
  U5169/Y (OAI21_X3M_A6P5PP140ZTS_C35)                              0.02      0.02       0.80 r
  n4041 (net)                                   1         0.00                0.00       0.80 r
  U2047/Y (XNOR2_X3M_A6P5PP140ZTS_C35)                              0.02      0.03       0.83 r
  n8640 (net)                                   2         0.00                0.00       0.83 r
  U4973/Y (NOR2_X2A_A6P5PP140ZTS_C35)                               0.02      0.02       0.85 f
  n2225 (net)                                   2         0.00                0.00       0.85 f
  U4590/Y (AOI21_X3M_A6P5PP140ZTS_C35)                              0.04      0.03       0.88 r
  n10131 (net)                                  7         0.00                0.00       0.88 r
  U11360/Y (AOI22_X1M_A6P5PP140ZTS_C35)                             0.03      0.02       0.90 f
  n365 (net)                                    1         0.00                0.00       0.90 f
  u_dut/u_core/u_fp_accum/u_tree/pair01_q_reg[2][6]/D (DFFSQNA_X1M_A6P5PP140ZTS_C35)
                                                                    0.03      0.00       0.90 f
  data arrival time                                                                      0.90

  clock clk (rise edge)                                                       1.00       1.00
  clock network delay (ideal)                                                 0.00       1.00
  clock uncertainty                                                          -0.05       0.95
  u_dut/u_core/u_fp_accum/u_tree/pair01_q_reg[2][6]/CK (DFFSQNA_X1M_A6P5PP140ZTS_C35)
                                                                              0.00       0.95 r
  library setup time                                                         -0.05       0.90
  data required time                                                                     0.90
  ----------------------------------------------------------------------------------------------
  data required time                                                                     0.90
  data arrival time                                                                     -0.90
  ----------------------------------------------------------------------------------------------
  slack (MET)                                                                            0.00


  Startpoint: u_dut/u_core/u_product_pipe/bf16_lane_item_o_reg[2][1][9]
              (rising edge-triggered flip-flop clocked by clk)
  Endpoint: u_dut/u_core/u_fp_accum/u_tree/pair01_q_reg[2][1]
            (rising edge-triggered flip-flop clocked by clk)
  Path Group: clk
  Path Type: max

  Des/Clust/Port     Wire Load Model       Library
  ------------------------------------------------
  char_top           Zero                  sc6p5mcpp140z_cln22ul_base_svt_c35_tt_typical_max_0p80v_25c

  Point                                       Fanout       Cap     Trans      Incr       Path
  ----------------------------------------------------------------------------------------------
  clock clk (rise edge)                                                       0.00       0.00
  clock network delay (ideal)                                                 0.00       0.00
  u_dut/u_core/u_product_pipe/bf16_lane_item_o_reg[2][1][9]/CK (DFFRPQA_X2M_A6P5PP140ZTS_C35)
                                                                    0.00      0.00 #     0.00 r
  u_dut/u_core/u_product_pipe/bf16_lane_item_o_reg[2][1][9]/Q (DFFRPQA_X2M_A6P5PP140ZTS_C35)
                                                                    0.02      0.06       0.06 r
  u_dut/u_core/u_product_pipe/bf16_lane_item_o[2][1][9] (net)
                                                6         0.00                0.00       0.06 r
  u_dut/u_core/u_product_pipe/bf16_lane_item_o[2][1][9] (fusion_mul16_v4_product_pipe_1_1_1_1_1_0)
                                                                              0.00       0.06 r
  u_dut/u_core/bf16_lane_item[2][1][9] (net)              0.00                0.00       0.06 r
  U1813/Y (INV_X1M_A6P5PP140ZTS_C35)                                0.02      0.02       0.07 f
  n3730 (net)                                   4         0.00                0.00       0.07 f
  U2090/Y (NOR2_X2TA_A6P5PP140ZTS_C35)                              0.02      0.02       0.09 r
  n3784 (net)                                   4         0.00                0.00       0.09 r
  U7251/Y (OAI22_X1M_A6P5PP140ZTS_C35)                              0.03      0.02       0.12 f
  n3722 (net)                                   1         0.00                0.00       0.12 f
  U4200/Y (AO21A1AI2_X2M_A6P5PP140ZTS_C35)                          0.02      0.03       0.14 r
  n2062 (net)                                   1         0.00                0.00       0.14 r
  U2103/Y (NAND2_X2M_A6P5PP140ZTS_C35)                              0.02      0.01       0.16 f
  n3726 (net)                                   1         0.00                0.00       0.16 f
  U6087/Y (AOI21_X3M_A6P5PP140ZTS_C35)                              0.02      0.02       0.18 r
  n3807 (net)                                   2         0.00                0.00       0.18 r
  U7254/Y (BUFA_X6M_A6P5PP140ZTS_C35)                               0.03      0.03       0.21 r
  n4104 (net)                                  17         0.01                0.00       0.21 r
  U6085/Y (OAI21_X3M_A6P5PP140ZTS_C35)                              0.01      0.01       0.23 f
  n3797 (net)                                   1         0.00                0.00       0.23 f
  U5171/Y (OAI21_X2M_A6P5PP140ZTS_C35)                              0.02      0.01       0.24 r
  n3811 (net)                                   1         0.00                0.00       0.24 r
  U4585/Y (NAND2_X3M_A6P5PP140ZTS_C35)                              0.02      0.02       0.26 f
  n8903 (net)                                   5         0.00                0.00       0.26 f
  U7348/Y (INV_X2M_A6P5PP140ZTS_C35)                                0.01      0.01       0.28 r
  n3842 (net)                                   2         0.00                0.00       0.28 r
  U6090/Y (NAND2_X2M_A6P5PP140ZTS_C35)                              0.02      0.02       0.29 f
  n3913 (net)                                   3         0.00                0.00       0.29 f
  U4199/Y (NOR2_X1TA_A6P5PP140ZTS_C35)                              0.03      0.03       0.32 r
  n3929 (net)                                   2         0.00                0.00       0.32 r
  U6086/Y (AOI22_X2M_A6P5PP140ZTS_C35)                              0.03      0.02       0.34 f
  n10824 (net)                                  3         0.00                0.00       0.34 f
  U2160/Y (XOR2_X0P5M_A6P5PP140ZTS_C35)                             0.03      0.03       0.38 f
  n8592 (net)                                   1         0.00                0.00       0.38 f
  U10313/Y (OA21B_X1M_A6P5PP140ZTS_C35)                             0.03      0.03       0.41 r
  u_dut/u_core/u_fp_accum/u_tree/G_TREE[2].u_pair01/U1/fr[6] (net)
                                                3         0.00                0.00       0.41 r
  U6091/Y (INV_X1M_A6P5PP140ZTS_C35)                                0.01      0.01       0.42 f
  u_dut/u_core/u_fp_accum/u_tree/G_TREE[2].u_pair01/U1/U2/U1/or2_inv[0][10] (net)
                                                1         0.00                0.00       0.42 f
  u_dut/u_core/u_fp_accum/u_tree/G_TREE[2].u_pair01/U1/U2/U1/UEN0_0_1_2/Y (AOI21_X0P5M_A6P5PP140ZTS_C35)
                                                                    0.02      0.02       0.44 r
  u_dut/u_core/u_fp_accum/u_tree/G_TREE[2].u_pair01/U1/U2/U1/enc_tree[0][1][10] (net)
                                                1         0.00                0.00       0.44 r
  u_dut/u_core/u_fp_accum/u_tree/G_TREE[2].u_pair01/U1/U2/U1/UEN1_0_2_1/Y (OAI21_X0P5M_A6P5PP140ZTS_C35)
                                                                    0.02      0.02       0.46 f
  u_dut/u_core/u_fp_accum/u_tree/G_TREE[2].u_pair01/U1/U2/U1/enc_tree[0][2][12] (net)
                                                1         0.00                0.00       0.46 f
  U6089/Y (AOI21_X2M_A6P5PP140ZTS_C35)                              0.04      0.03       0.50 r
  u_dut/u_core/u_fp_accum/u_tree/G_TREE[2].u_pair01/U1/num_zeros_path1[0] (net)
                                                5         0.00                0.00       0.50 r
  U1073/Y (INV_X2M_A6P5PP140ZTS_C35)                                0.02      0.02       0.51 f
  n4013 (net)                                   3         0.00                0.00       0.51 f
  U4111/Y (NOR2_X2A_A6P5PP140ZTS_C35)                               0.03      0.03       0.54 r
  n10081 (net)                                  6         0.00                0.00       0.54 r
  U2941/Y (NAND2_X1M_A6P5PP140ZTS_C35)                              0.02      0.02       0.56 f
  n3952 (net)                                   1         0.00                0.00       0.56 f
  U2942/Y (OAI21_X2M_A6P5PP140ZTS_C35)                              0.02      0.02       0.58 r
  n10017 (net)                                  2         0.00                0.00       0.58 r
  U7439/Y (NAND3_X1TA_A6P5PP140ZTS_C35)                             0.03      0.02       0.60 f
  n3953 (net)                                   1         0.00                0.00       0.60 f
  U5376/Y (OAI21_X3M_A6P5PP140ZTS_C35)                              0.03      0.02       0.62 r
  n4008 (net)                                   4         0.00                0.00       0.62 r
  U5833/Y (NOR2_X2TA_A6P5PP140ZTS_C35)                              0.02      0.02       0.64 f
  n4010 (net)                                   2         0.00                0.00       0.64 f
  U4972/Y (XNOR2_X4M_A6P5PP140ZTS_C35)                              0.03      0.03       0.67 f
  n2224 (net)                                   1         0.00                0.00       0.67 f
  U4971/Y (NOR2_X3TA_A6P5PP140ZTS_C35)                              0.02      0.02       0.69 r
  n2630 (net)                                   2         0.00                0.00       0.69 r
  U4595/Y (XNOR2_X2M_A6P5PP140ZTS_C35)                              0.04      0.03       0.71 r
  n4025 (net)                                   2         0.00                0.00       0.71 r
  U796/Y (NAND2_X1TA_A6P5PP140ZTS_C35)                              0.03      0.03       0.74 f
  n4063 (net)                                   3         0.00                0.00       0.74 f
  U2059/Y (OAI21_X2M_A6P5PP140ZTS_C35)                              0.02      0.03       0.76 r
  n4028 (net)                                   1         0.00                0.00       0.76 r
  U5359/Y (AOI21_X3M_A6P5PP140ZTS_C35)                              0.02      0.02       0.78 f
  n4074 (net)                                   4         0.00                0.00       0.78 f
  U5169/Y (OAI21_X3M_A6P5PP140ZTS_C35)                              0.02      0.02       0.80 r
  n4041 (net)                                   1         0.00                0.00       0.80 r
  U2047/Y (XNOR2_X3M_A6P5PP140ZTS_C35)                              0.02      0.03       0.83 r
  n8640 (net)                                   2         0.00                0.00       0.83 r
  U4973/Y (NOR2_X2A_A6P5PP140ZTS_C35)                               0.02      0.02       0.85 f
  n2225 (net)                                   2         0.00                0.00       0.85 f
  U4590/Y (AOI21_X3M_A6P5PP140ZTS_C35)                              0.04      0.03       0.88 r
  n10131 (net)                                  7         0.00                0.00       0.88 r
  U11337/Y (AOI22_X1M_A6P5PP140ZTS_C35)                             0.03      0.02       0.90 f
  n370 (net)                                    1         0.00                0.00       0.90 f
  u_dut/u_core/u_fp_accum/u_tree/pair01_q_reg[2][1]/D (DFFSQNA_X1M_A6P5PP140ZTS_C35)
                                                                    0.03      0.00       0.90 f
  data arrival time                                                                      0.90

  clock clk (rise edge)                                                       1.00       1.00
  clock network delay (ideal)                                                 0.00       1.00
  clock uncertainty                                                          -0.05       0.95
  u_dut/u_core/u_fp_accum/u_tree/pair01_q_reg[2][1]/CK (DFFSQNA_X1M_A6P5PP140ZTS_C35)
                                                                              0.00       0.95 r
  library setup time                                                         -0.05       0.90
  data required time                                                                     0.90
  ----------------------------------------------------------------------------------------------
  data required time                                                                     0.90
  data arrival time                                                                     -0.90
  ----------------------------------------------------------------------------------------------
  slack (MET)                                                                            0.00


  Startpoint: u_dut/u_core/u_product_pipe/bf16_lane_item_o_reg[2][1][9]
              (rising edge-triggered flip-flop clocked by clk)
  Endpoint: u_dut/u_core/u_fp_accum/u_tree/pair01_q_reg[2][2]
            (rising edge-triggered flip-flop clocked by clk)
  Path Group: clk
  Path Type: max

  Des/Clust/Port     Wire Load Model       Library
  ------------------------------------------------
  char_top           Zero                  sc6p5mcpp140z_cln22ul_base_svt_c35_tt_typical_max_0p80v_25c

  Point                                       Fanout       Cap     Trans      Incr       Path
  ----------------------------------------------------------------------------------------------
  clock clk (rise edge)                                                       0.00       0.00
  clock network delay (ideal)                                                 0.00       0.00
  u_dut/u_core/u_product_pipe/bf16_lane_item_o_reg[2][1][9]/CK (DFFRPQA_X2M_A6P5PP140ZTS_C35)
                                                                    0.00      0.00 #     0.00 r
  u_dut/u_core/u_product_pipe/bf16_lane_item_o_reg[2][1][9]/Q (DFFRPQA_X2M_A6P5PP140ZTS_C35)
                                                                    0.02      0.06       0.06 r
  u_dut/u_core/u_product_pipe/bf16_lane_item_o[2][1][9] (net)
                                                6         0.00                0.00       0.06 r
  u_dut/u_core/u_product_pipe/bf16_lane_item_o[2][1][9] (fusion_mul16_v4_product_pipe_1_1_1_1_1_0)
                                                                              0.00       0.06 r
  u_dut/u_core/bf16_lane_item[2][1][9] (net)              0.00                0.00       0.06 r
  U1813/Y (INV_X1M_A6P5PP140ZTS_C35)                                0.02      0.02       0.07 f
  n3730 (net)                                   4         0.00                0.00       0.07 f
  U2090/Y (NOR2_X2TA_A6P5PP140ZTS_C35)                              0.02      0.02       0.09 r
  n3784 (net)                                   4         0.00                0.00       0.09 r
  U7251/Y (OAI22_X1M_A6P5PP140ZTS_C35)                              0.03      0.02       0.12 f
  n3722 (net)                                   1         0.00                0.00       0.12 f
  U4200/Y (AO21A1AI2_X2M_A6P5PP140ZTS_C35)                          0.02      0.03       0.14 r
  n2062 (net)                                   1         0.00                0.00       0.14 r
  U2103/Y (NAND2_X2M_A6P5PP140ZTS_C35)                              0.02      0.01       0.16 f
  n3726 (net)                                   1         0.00                0.00       0.16 f
  U6087/Y (AOI21_X3M_A6P5PP140ZTS_C35)                              0.02      0.02       0.18 r
  n3807 (net)                                   2         0.00                0.00       0.18 r
  U7254/Y (BUFA_X6M_A6P5PP140ZTS_C35)                               0.03      0.03       0.21 r
  n4104 (net)                                  17         0.01                0.00       0.21 r
  U6085/Y (OAI21_X3M_A6P5PP140ZTS_C35)                              0.01      0.01       0.23 f
  n3797 (net)                                   1         0.00                0.00       0.23 f
  U5171/Y (OAI21_X2M_A6P5PP140ZTS_C35)                              0.02      0.01       0.24 r
  n3811 (net)                                   1         0.00                0.00       0.24 r
  U4585/Y (NAND2_X3M_A6P5PP140ZTS_C35)                              0.02      0.02       0.26 f
  n8903 (net)                                   5         0.00                0.00       0.26 f
  U7348/Y (INV_X2M_A6P5PP140ZTS_C35)                                0.01      0.01       0.28 r
  n3842 (net)                                   2         0.00                0.00       0.28 r
  U6090/Y (NAND2_X2M_A6P5PP140ZTS_C35)                              0.02      0.02       0.29 f
  n3913 (net)                                   3         0.00                0.00       0.29 f
  U4199/Y (NOR2_X1TA_A6P5PP140ZTS_C35)                              0.03      0.03       0.32 r
  n3929 (net)                                   2         0.00                0.00       0.32 r
  U6086/Y (AOI22_X2M_A6P5PP140ZTS_C35)                              0.03      0.02       0.34 f
  n10824 (net)                                  3         0.00                0.00       0.34 f
  U2160/Y (XOR2_X0P5M_A6P5PP140ZTS_C35)                             0.03      0.03       0.38 f
  n8592 (net)                                   1         0.00                0.00       0.38 f
  U10313/Y (OA21B_X1M_A6P5PP140ZTS_C35)                             0.03      0.03       0.41 r
  u_dut/u_core/u_fp_accum/u_tree/G_TREE[2].u_pair01/U1/fr[6] (net)
                                                3         0.00                0.00       0.41 r
  U6091/Y (INV_X1M_A6P5PP140ZTS_C35)                                0.01      0.01       0.42 f
  u_dut/u_core/u_fp_accum/u_tree/G_TREE[2].u_pair01/U1/U2/U1/or2_inv[0][10] (net)
                                                1         0.00                0.00       0.42 f
  u_dut/u_core/u_fp_accum/u_tree/G_TREE[2].u_pair01/U1/U2/U1/UEN0_0_1_2/Y (AOI21_X0P5M_A6P5PP140ZTS_C35)
                                                                    0.02      0.02       0.44 r
  u_dut/u_core/u_fp_accum/u_tree/G_TREE[2].u_pair01/U1/U2/U1/enc_tree[0][1][10] (net)
                                                1         0.00                0.00       0.44 r
  u_dut/u_core/u_fp_accum/u_tree/G_TREE[2].u_pair01/U1/U2/U1/UEN1_0_2_1/Y (OAI21_X0P5M_A6P5PP140ZTS_C35)
                                                                    0.02      0.02       0.46 f
  u_dut/u_core/u_fp_accum/u_tree/G_TREE[2].u_pair01/U1/U2/U1/enc_tree[0][2][12] (net)
                                                1         0.00                0.00       0.46 f
  U6089/Y (AOI21_X2M_A6P5PP140ZTS_C35)                              0.04      0.03       0.50 r
  u_dut/u_core/u_fp_accum/u_tree/G_TREE[2].u_pair01/U1/num_zeros_path1[0] (net)
                                                5         0.00                0.00       0.50 r
  U1073/Y (INV_X2M_A6P5PP140ZTS_C35)                                0.02      0.02       0.51 f
  n4013 (net)                                   3         0.00                0.00       0.51 f
  U4111/Y (NOR2_X2A_A6P5PP140ZTS_C35)                               0.03      0.03       0.54 r
  n10081 (net)                                  6         0.00                0.00       0.54 r
  U2941/Y (NAND2_X1M_A6P5PP140ZTS_C35)                              0.02      0.02       0.56 f
  n3952 (net)                                   1         0.00                0.00       0.56 f
  U2942/Y (OAI21_X2M_A6P5PP140ZTS_C35)                              0.02      0.02       0.58 r
  n10017 (net)                                  2         0.00                0.00       0.58 r
  U7439/Y (NAND3_X1TA_A6P5PP140ZTS_C35)                             0.03      0.02       0.60 f
  n3953 (net)                                   1         0.00                0.00       0.60 f
  U5376/Y (OAI21_X3M_A6P5PP140ZTS_C35)                              0.03      0.02       0.62 r
  n4008 (net)                                   4         0.00                0.00       0.62 r
  U5833/Y (NOR2_X2TA_A6P5PP140ZTS_C35)                              0.02      0.02       0.64 f
  n4010 (net)                                   2         0.00                0.00       0.64 f
  U4972/Y (XNOR2_X4M_A6P5PP140ZTS_C35)                              0.03      0.03       0.67 f
  n2224 (net)                                   1         0.00                0.00       0.67 f
  U4971/Y (NOR2_X3TA_A6P5PP140ZTS_C35)                              0.02      0.02       0.69 r
  n2630 (net)                                   2         0.00                0.00       0.69 r
  U4595/Y (XNOR2_X2M_A6P5PP140ZTS_C35)                              0.04      0.03       0.71 r
  n4025 (net)                                   2         0.00                0.00       0.71 r
  U796/Y (NAND2_X1TA_A6P5PP140ZTS_C35)                              0.03      0.03       0.74 f
  n4063 (net)                                   3         0.00                0.00       0.74 f
  U2059/Y (OAI21_X2M_A6P5PP140ZTS_C35)                              0.02      0.03       0.76 r
  n4028 (net)                                   1         0.00                0.00       0.76 r
  U5359/Y (AOI21_X3M_A6P5PP140ZTS_C35)                              0.02      0.02       0.78 f
  n4074 (net)                                   4         0.00                0.00       0.78 f
  U5169/Y (OAI21_X3M_A6P5PP140ZTS_C35)                              0.02      0.02       0.80 r
  n4041 (net)                                   1         0.00                0.00       0.80 r
  U2047/Y (XNOR2_X3M_A6P5PP140ZTS_C35)                              0.02      0.03       0.83 r
  n8640 (net)                                   2         0.00                0.00       0.83 r
  U4973/Y (NOR2_X2A_A6P5PP140ZTS_C35)                               0.02      0.02       0.85 f
  n2225 (net)                                   2         0.00                0.00       0.85 f
  U4590/Y (AOI21_X3M_A6P5PP140ZTS_C35)                              0.04      0.03       0.88 r
  n10131 (net)                                  7         0.00                0.00       0.88 r
  U11310/Y (AOI22_X1M_A6P5PP140ZTS_C35)                             0.03      0.02       0.90 f
  n369 (net)                                    1         0.00                0.00       0.90 f
  u_dut/u_core/u_fp_accum/u_tree/pair01_q_reg[2][2]/D (DFFSQNA_X1M_A6P5PP140ZTS_C35)
                                                                    0.03      0.00       0.90 f
  data arrival time                                                                      0.90

  clock clk (rise edge)                                                       1.00       1.00
  clock network delay (ideal)                                                 0.00       1.00
  clock uncertainty                                                          -0.05       0.95
  u_dut/u_core/u_fp_accum/u_tree/pair01_q_reg[2][2]/CK (DFFSQNA_X1M_A6P5PP140ZTS_C35)
                                                                              0.00       0.95 r
  library setup time                                                         -0.05       0.90
  data required time                                                                     0.90
  ----------------------------------------------------------------------------------------------
  data required time                                                                     0.90
  data arrival time                                                                     -0.90
  ----------------------------------------------------------------------------------------------
  slack (MET)                                                                            0.00


  Startpoint: u_dut/u_core/u_product_pipe/bf16_lane_item_o_reg[2][1][9]
              (rising edge-triggered flip-flop clocked by clk)
  Endpoint: u_dut/u_core/u_fp_accum/u_tree/pair01_q_reg[2][5]
            (rising edge-triggered flip-flop clocked by clk)
  Path Group: clk
  Path Type: max

  Des/Clust/Port     Wire Load Model       Library
  ------------------------------------------------
  char_top           Zero                  sc6p5mcpp140z_cln22ul_base_svt_c35_tt_typical_max_0p80v_25c

  Point                                       Fanout       Cap     Trans      Incr       Path
  ----------------------------------------------------------------------------------------------
  clock clk (rise edge)                                                       0.00       0.00
  clock network delay (ideal)                                                 0.00       0.00
  u_dut/u_core/u_product_pipe/bf16_lane_item_o_reg[2][1][9]/CK (DFFRPQA_X2M_A6P5PP140ZTS_C35)
                                                                    0.00      0.00 #     0.00 r
  u_dut/u_core/u_product_pipe/bf16_lane_item_o_reg[2][1][9]/Q (DFFRPQA_X2M_A6P5PP140ZTS_C35)
                                                                    0.02      0.06       0.06 r
  u_dut/u_core/u_product_pipe/bf16_lane_item_o[2][1][9] (net)
                                                6         0.00                0.00       0.06 r
  u_dut/u_core/u_product_pipe/bf16_lane_item_o[2][1][9] (fusion_mul16_v4_product_pipe_1_1_1_1_1_0)
                                                                              0.00       0.06 r
  u_dut/u_core/bf16_lane_item[2][1][9] (net)              0.00                0.00       0.06 r
  U1813/Y (INV_X1M_A6P5PP140ZTS_C35)                                0.02      0.02       0.07 f
  n3730 (net)                                   4         0.00                0.00       0.07 f
  U2090/Y (NOR2_X2TA_A6P5PP140ZTS_C35)                              0.02      0.02       0.09 r
  n3784 (net)                                   4         0.00                0.00       0.09 r
  U7251/Y (OAI22_X1M_A6P5PP140ZTS_C35)                              0.03      0.02       0.12 f
  n3722 (net)                                   1         0.00                0.00       0.12 f
  U4200/Y (AO21A1AI2_X2M_A6P5PP140ZTS_C35)                          0.02      0.03       0.14 r
  n2062 (net)                                   1         0.00                0.00       0.14 r
  U2103/Y (NAND2_X2M_A6P5PP140ZTS_C35)                              0.02      0.01       0.16 f
  n3726 (net)                                   1         0.00                0.00       0.16 f
  U6087/Y (AOI21_X3M_A6P5PP140ZTS_C35)                              0.02      0.02       0.18 r
  n3807 (net)                                   2         0.00                0.00       0.18 r
  U7254/Y (BUFA_X6M_A6P5PP140ZTS_C35)                               0.03      0.03       0.21 r
  n4104 (net)                                  17         0.01                0.00       0.21 r
  U6085/Y (OAI21_X3M_A6P5PP140ZTS_C35)                              0.01      0.01       0.23 f
  n3797 (net)                                   1         0.00                0.00       0.23 f
  U5171/Y (OAI21_X2M_A6P5PP140ZTS_C35)                              0.02      0.01       0.24 r
  n3811 (net)                                   1         0.00                0.00       0.24 r
  U4585/Y (NAND2_X3M_A6P5PP140ZTS_C35)                              0.02      0.02       0.26 f
  n8903 (net)                                   5         0.00                0.00       0.26 f
  U7348/Y (INV_X2M_A6P5PP140ZTS_C35)                                0.01      0.01       0.28 r
  n3842 (net)                                   2         0.00                0.00       0.28 r
  U6090/Y (NAND2_X2M_A6P5PP140ZTS_C35)                              0.02      0.02       0.29 f
  n3913 (net)                                   3         0.00                0.00       0.29 f
  U4199/Y (NOR2_X1TA_A6P5PP140ZTS_C35)                              0.03      0.03       0.32 r
  n3929 (net)                                   2         0.00                0.00       0.32 r
  U6086/Y (AOI22_X2M_A6P5PP140ZTS_C35)                              0.03      0.02       0.34 f
  n10824 (net)                                  3         0.00                0.00       0.34 f
  U2160/Y (XOR2_X0P5M_A6P5PP140ZTS_C35)                             0.03      0.03       0.38 f
  n8592 (net)                                   1         0.00                0.00       0.38 f
  U10313/Y (OA21B_X1M_A6P5PP140ZTS_C35)                             0.03      0.03       0.41 r
  u_dut/u_core/u_fp_accum/u_tree/G_TREE[2].u_pair01/U1/fr[6] (net)
                                                3         0.00                0.00       0.41 r
  U6091/Y (INV_X1M_A6P5PP140ZTS_C35)                                0.01      0.01       0.42 f
  u_dut/u_core/u_fp_accum/u_tree/G_TREE[2].u_pair01/U1/U2/U1/or2_inv[0][10] (net)
                                                1         0.00                0.00       0.42 f
  u_dut/u_core/u_fp_accum/u_tree/G_TREE[2].u_pair01/U1/U2/U1/UEN0_0_1_2/Y (AOI21_X0P5M_A6P5PP140ZTS_C35)
                                                                    0.02      0.02       0.44 r
  u_dut/u_core/u_fp_accum/u_tree/G_TREE[2].u_pair01/U1/U2/U1/enc_tree[0][1][10] (net)
                                                1         0.00                0.00       0.44 r
  u_dut/u_core/u_fp_accum/u_tree/G_TREE[2].u_pair01/U1/U2/U1/UEN1_0_2_1/Y (OAI21_X0P5M_A6P5PP140ZTS_C35)
                                                                    0.02      0.02       0.46 f
  u_dut/u_core/u_fp_accum/u_tree/G_TREE[2].u_pair01/U1/U2/U1/enc_tree[0][2][12] (net)
                                                1         0.00                0.00       0.46 f
  U6089/Y (AOI21_X2M_A6P5PP140ZTS_C35)                              0.04      0.03       0.50 r
  u_dut/u_core/u_fp_accum/u_tree/G_TREE[2].u_pair01/U1/num_zeros_path1[0] (net)
                                                5         0.00                0.00       0.50 r
  U1073/Y (INV_X2M_A6P5PP140ZTS_C35)                                0.02      0.02       0.51 f
  n4013 (net)                                   3         0.00                0.00       0.51 f
  U4111/Y (NOR2_X2A_A6P5PP140ZTS_C35)                               0.03      0.03       0.54 r
  n10081 (net)                                  6         0.00                0.00       0.54 r
  U2941/Y (NAND2_X1M_A6P5PP140ZTS_C35)                              0.02      0.02       0.56 f
  n3952 (net)                                   1         0.00                0.00       0.56 f
  U2942/Y (OAI21_X2M_A6P5PP140ZTS_C35)                              0.02      0.02       0.58 r
  n10017 (net)                                  2         0.00                0.00       0.58 r
  U7439/Y (NAND3_X1TA_A6P5PP140ZTS_C35)                             0.03      0.02       0.60 f
  n3953 (net)                                   1         0.00                0.00       0.60 f
  U5376/Y (OAI21_X3M_A6P5PP140ZTS_C35)                              0.03      0.02       0.62 r
  n4008 (net)                                   4         0.00                0.00       0.62 r
  U5833/Y (NOR2_X2TA_A6P5PP140ZTS_C35)                              0.02      0.02       0.64 f
  n4010 (net)                                   2         0.00                0.00       0.64 f
  U4972/Y (XNOR2_X4M_A6P5PP140ZTS_C35)                              0.03      0.03       0.67 f
  n2224 (net)                                   1         0.00                0.00       0.67 f
  U4971/Y (NOR2_X3TA_A6P5PP140ZTS_C35)                              0.02      0.02       0.69 r
  n2630 (net)                                   2         0.00                0.00       0.69 r
  U4595/Y (XNOR2_X2M_A6P5PP140ZTS_C35)                              0.04      0.03       0.71 r
  n4025 (net)                                   2         0.00                0.00       0.71 r
  U796/Y (NAND2_X1TA_A6P5PP140ZTS_C35)                              0.03      0.03       0.74 f
  n4063 (net)                                   3         0.00                0.00       0.74 f
  U2059/Y (OAI21_X2M_A6P5PP140ZTS_C35)                              0.02      0.03       0.76 r
  n4028 (net)                                   1         0.00                0.00       0.76 r
  U5359/Y (AOI21_X3M_A6P5PP140ZTS_C35)                              0.02      0.02       0.78 f
  n4074 (net)                                   4         0.00                0.00       0.78 f
  U5169/Y (OAI21_X3M_A6P5PP140ZTS_C35)                              0.02      0.02       0.80 r
  n4041 (net)                                   1         0.00                0.00       0.80 r
  U2047/Y (XNOR2_X3M_A6P5PP140ZTS_C35)                              0.02      0.03       0.83 r
  n8640 (net)                                   2         0.00                0.00       0.83 r
  U4973/Y (NOR2_X2A_A6P5PP140ZTS_C35)                               0.02      0.02       0.85 f
  n2225 (net)                                   2         0.00                0.00       0.85 f
  U4590/Y (AOI21_X3M_A6P5PP140ZTS_C35)                              0.04      0.03       0.88 r
  n10131 (net)                                  7         0.00                0.00       0.88 r
  U11349/Y (AOI22_X1M_A6P5PP140ZTS_C35)                             0.03      0.02       0.90 f
  n366 (net)                                    1         0.00                0.00       0.90 f
  u_dut/u_core/u_fp_accum/u_tree/pair01_q_reg[2][5]/D (DFFSQNA_X1M_A6P5PP140ZTS_C35)
                                                                    0.03      0.00       0.90 f
  data arrival time                                                                      0.90

  clock clk (rise edge)                                                       1.00       1.00
  clock network delay (ideal)                                                 0.00       1.00
  clock uncertainty                                                          -0.05       0.95
  u_dut/u_core/u_fp_accum/u_tree/pair01_q_reg[2][5]/CK (DFFSQNA_X1M_A6P5PP140ZTS_C35)
                                                                              0.00       0.95 r
  library setup time                                                         -0.05       0.90
  data required time                                                                     0.90
  ----------------------------------------------------------------------------------------------
  data required time                                                                     0.90
  data arrival time                                                                     -0.90
  ----------------------------------------------------------------------------------------------
  slack (MET)                                                                            0.00


  Startpoint: u_dut/u_core/u_product_pipe/bf16_lane_item_o_reg[2][1][9]
              (rising edge-triggered flip-flop clocked by clk)
  Endpoint: u_dut/u_core/u_fp_accum/u_tree/pair01_q_reg[2][6]
            (rising edge-triggered flip-flop clocked by clk)
  Path Group: clk
  Path Type: max

  Des/Clust/Port     Wire Load Model       Library
  ------------------------------------------------
  char_top           Zero                  sc6p5mcpp140z_cln22ul_base_svt_c35_tt_typical_max_0p80v_25c

  Point                                       Fanout       Cap     Trans      Incr       Path
  ----------------------------------------------------------------------------------------------
  clock clk (rise edge)                                                       0.00       0.00
  clock network delay (ideal)                                                 0.00       0.00
  u_dut/u_core/u_product_pipe/bf16_lane_item_o_reg[2][1][9]/CK (DFFRPQA_X2M_A6P5PP140ZTS_C35)
                                                                    0.00      0.00 #     0.00 r
  u_dut/u_core/u_product_pipe/bf16_lane_item_o_reg[2][1][9]/Q (DFFRPQA_X2M_A6P5PP140ZTS_C35)
                                                                    0.02      0.06       0.06 r
  u_dut/u_core/u_product_pipe/bf16_lane_item_o[2][1][9] (net)
                                                6         0.00                0.00       0.06 r
  u_dut/u_core/u_product_pipe/bf16_lane_item_o[2][1][9] (fusion_mul16_v4_product_pipe_1_1_1_1_1_0)
                                                                              0.00       0.06 r
  u_dut/u_core/bf16_lane_item[2][1][9] (net)              0.00                0.00       0.06 r
  U1813/Y (INV_X1M_A6P5PP140ZTS_C35)                                0.02      0.02       0.07 f
  n3730 (net)                                   4         0.00                0.00       0.07 f
  U2090/Y (NOR2_X2TA_A6P5PP140ZTS_C35)                              0.02      0.02       0.09 r
  n3784 (net)                                   4         0.00                0.00       0.09 r
  U7251/Y (OAI22_X1M_A6P5PP140ZTS_C35)                              0.03      0.02       0.12 f
  n3722 (net)                                   1         0.00                0.00       0.12 f
  U4200/Y (AO21A1AI2_X2M_A6P5PP140ZTS_C35)                          0.02      0.03       0.14 r
  n2062 (net)                                   1         0.00                0.00       0.14 r
  U2103/Y (NAND2_X2M_A6P5PP140ZTS_C35)                              0.02      0.01       0.16 f
  n3726 (net)                                   1         0.00                0.00       0.16 f
  U6087/Y (AOI21_X3M_A6P5PP140ZTS_C35)                              0.02      0.02       0.18 r
  n3807 (net)                                   2         0.00                0.00       0.18 r
  U7254/Y (BUFA_X6M_A6P5PP140ZTS_C35)                               0.03      0.03       0.21 r
  n4104 (net)                                  17         0.01                0.00       0.21 r
  U6085/Y (OAI21_X3M_A6P5PP140ZTS_C35)                              0.01      0.01       0.23 f
  n3797 (net)                                   1         0.00                0.00       0.23 f
  U5171/Y (OAI21_X2M_A6P5PP140ZTS_C35)                              0.02      0.01       0.24 r
  n3811 (net)                                   1         0.00                0.00       0.24 r
  U4585/Y (NAND2_X3M_A6P5PP140ZTS_C35)                              0.02      0.02       0.26 f
  n8903 (net)                                   5         0.00                0.00       0.26 f
  U7348/Y (INV_X2M_A6P5PP140ZTS_C35)                                0.01      0.01       0.28 r
  n3842 (net)                                   2         0.00                0.00       0.28 r
  U6090/Y (NAND2_X2M_A6P5PP140ZTS_C35)                              0.02      0.02       0.29 f
  n3913 (net)                                   3         0.00                0.00       0.29 f
  U4199/Y (NOR2_X1TA_A6P5PP140ZTS_C35)                              0.03      0.03       0.32 r
  n3929 (net)                                   2         0.00                0.00       0.32 r
  U6086/Y (AOI22_X2M_A6P5PP140ZTS_C35)                              0.03      0.02       0.34 f
  n10824 (net)                                  3         0.00                0.00       0.34 f
  U2160/Y (XOR2_X0P5M_A6P5PP140ZTS_C35)                             0.03      0.03       0.38 f
  n8592 (net)                                   1         0.00                0.00       0.38 f
  U10313/Y (OA21B_X1M_A6P5PP140ZTS_C35)                             0.03      0.03       0.41 r
  u_dut/u_core/u_fp_accum/u_tree/G_TREE[2].u_pair01/U1/fr[6] (net)
                                                3         0.00                0.00       0.41 r
  U6091/Y (INV_X1M_A6P5PP140ZTS_C35)                                0.01      0.01       0.42 f
  u_dut/u_core/u_fp_accum/u_tree/G_TREE[2].u_pair01/U1/U2/U1/or2_inv[0][10] (net)
                                                1         0.00                0.00       0.42 f
  u_dut/u_core/u_fp_accum/u_tree/G_TREE[2].u_pair01/U1/U2/U1/UEN0_0_1_2/Y (AOI21_X0P5M_A6P5PP140ZTS_C35)
                                                                    0.02      0.02       0.44 r
  u_dut/u_core/u_fp_accum/u_tree/G_TREE[2].u_pair01/U1/U2/U1/enc_tree[0][1][10] (net)
                                                1         0.00                0.00       0.44 r
  u_dut/u_core/u_fp_accum/u_tree/G_TREE[2].u_pair01/U1/U2/U1/UEN1_0_2_1/Y (OAI21_X0P5M_A6P5PP140ZTS_C35)
                                                                    0.02      0.02       0.46 f
  u_dut/u_core/u_fp_accum/u_tree/G_TREE[2].u_pair01/U1/U2/U1/enc_tree[0][2][12] (net)
                                                1         0.00                0.00       0.46 f
  U6089/Y (AOI21_X2M_A6P5PP140ZTS_C35)                              0.04      0.03       0.50 r
  u_dut/u_core/u_fp_accum/u_tree/G_TREE[2].u_pair01/U1/num_zeros_path1[0] (net)
                                                5         0.00                0.00       0.50 r
  U1073/Y (INV_X2M_A6P5PP140ZTS_C35)                                0.02      0.02       0.51 f
  n4013 (net)                                   3         0.00                0.00       0.51 f
  U4111/Y (NOR2_X2A_A6P5PP140ZTS_C35)                               0.03      0.03       0.54 r
  n10081 (net)                                  6         0.00                0.00       0.54 r
  U2941/Y (NAND2_X1M_A6P5PP140ZTS_C35)                              0.02      0.02       0.56 f
  n3952 (net)                                   1         0.00                0.00       0.56 f
  U2942/Y (OAI21_X2M_A6P5PP140ZTS_C35)                              0.02      0.02       0.58 r
  n10017 (net)                                  2         0.00                0.00       0.58 r
  U7439/Y (NAND3_X1TA_A6P5PP140ZTS_C35)                             0.03      0.02       0.60 f
  n3953 (net)                                   1         0.00                0.00       0.60 f
  U5376/Y (OAI21_X3M_A6P5PP140ZTS_C35)                              0.03      0.02       0.62 r
  n4008 (net)                                   4         0.00                0.00       0.62 r
  U5833/Y (NOR2_X2TA_A6P5PP140ZTS_C35)                              0.02      0.02       0.64 f
  n4010 (net)                                   2         0.00                0.00       0.64 f
  U4972/Y (XNOR2_X4M_A6P5PP140ZTS_C35)                              0.03      0.03       0.67 f
  n2224 (net)                                   1         0.00                0.00       0.67 f
  U4971/Y (NOR2_X3TA_A6P5PP140ZTS_C35)                              0.02      0.02       0.69 r
  n2630 (net)                                   2         0.00                0.00       0.69 r
  U4595/Y (XNOR2_X2M_A6P5PP140ZTS_C35)                              0.04      0.03       0.71 r
  n4025 (net)                                   2         0.00                0.00       0.71 r
  U796/Y (NAND2_X1TA_A6P5PP140ZTS_C35)                              0.03      0.03       0.74 f
  n4063 (net)                                   3         0.00                0.00       0.74 f
  U2059/Y (OAI21_X2M_A6P5PP140ZTS_C35)                              0.02      0.03       0.76 r
  n4028 (net)                                   1         0.00                0.00       0.76 r
  U5359/Y (AOI21_X3M_A6P5PP140ZTS_C35)                              0.02      0.02       0.78 f
  n4074 (net)                                   4         0.00                0.00       0.78 f
  U5169/Y (OAI21_X3M_A6P5PP140ZTS_C35)                              0.02      0.02       0.80 r
  n4041 (net)                                   1         0.00                0.00       0.80 r
  U2047/Y (XNOR2_X3M_A6P5PP140ZTS_C35)                              0.02      0.03       0.83 r
  n8640 (net)                                   2         0.00                0.00       0.83 r
  U4973/Y (NOR2_X2A_A6P5PP140ZTS_C35)                               0.02      0.02       0.85 f
  n2225 (net)                                   2         0.00                0.00       0.85 f
  U4590/Y (AOI21_X3M_A6P5PP140ZTS_C35)                              0.04      0.03       0.88 r
  n10131 (net)                                  7         0.00                0.00       0.88 r
  U11360/Y (AOI22_X1M_A6P5PP140ZTS_C35)                             0.03      0.02       0.90 f
  n365 (net)                                    1         0.00                0.00       0.90 f
  u_dut/u_core/u_fp_accum/u_tree/pair01_q_reg[2][6]/D (DFFSQNA_X1M_A6P5PP140ZTS_C35)
                                                                    0.03      0.00       0.90 f
  data arrival time                                                                      0.90

  clock clk (rise edge)                                                       1.00       1.00
  clock network delay (ideal)                                                 0.00       1.00
  clock uncertainty                                                          -0.05       0.95
  u_dut/u_core/u_fp_accum/u_tree/pair01_q_reg[2][6]/CK (DFFSQNA_X1M_A6P5PP140ZTS_C35)
                                                                              0.00       0.95 r
  library setup time                                                         -0.05       0.90
  data required time                                                                     0.90
  ----------------------------------------------------------------------------------------------
  data required time                                                                     0.90
  data arrival time                                                                     -0.90
  ----------------------------------------------------------------------------------------------
  slack (MET)                                                                            0.00


  Startpoint: u_dut/u_core/u_product_pipe/bf16_lane_item_o_reg[2][1][9]
              (rising edge-triggered flip-flop clocked by clk)
  Endpoint: u_dut/u_core/u_fp_accum/u_tree/pair01_q_reg[2][1]
            (rising edge-triggered flip-flop clocked by clk)
  Path Group: clk
  Path Type: max

  Des/Clust/Port     Wire Load Model       Library
  ------------------------------------------------
  char_top           Zero                  sc6p5mcpp140z_cln22ul_base_svt_c35_tt_typical_max_0p80v_25c

  Point                                       Fanout       Cap     Trans      Incr       Path
  ----------------------------------------------------------------------------------------------
  clock clk (rise edge)                                                       0.00       0.00
  clock network delay (ideal)                                                 0.00       0.00
  u_dut/u_core/u_product_pipe/bf16_lane_item_o_reg[2][1][9]/CK (DFFRPQA_X2M_A6P5PP140ZTS_C35)
                                                                    0.00      0.00 #     0.00 r
  u_dut/u_core/u_product_pipe/bf16_lane_item_o_reg[2][1][9]/Q (DFFRPQA_X2M_A6P5PP140ZTS_C35)
                                                                    0.02      0.06       0.06 r
  u_dut/u_core/u_product_pipe/bf16_lane_item_o[2][1][9] (net)
                                                6         0.00                0.00       0.06 r
  u_dut/u_core/u_product_pipe/bf16_lane_item_o[2][1][9] (fusion_mul16_v4_product_pipe_1_1_1_1_1_0)
                                                                              0.00       0.06 r
  u_dut/u_core/bf16_lane_item[2][1][9] (net)              0.00                0.00       0.06 r
  U1813/Y (INV_X1M_A6P5PP140ZTS_C35)                                0.02      0.02       0.07 f
  n3730 (net)                                   4         0.00                0.00       0.07 f
  U2090/Y (NOR2_X2TA_A6P5PP140ZTS_C35)                              0.02      0.02       0.09 r
  n3784 (net)                                   4         0.00                0.00       0.09 r
  U7251/Y (OAI22_X1M_A6P5PP140ZTS_C35)                              0.03      0.02       0.12 f
  n3722 (net)                                   1         0.00                0.00       0.12 f
  U4200/Y (AO21A1AI2_X2M_A6P5PP140ZTS_C35)                          0.02      0.03       0.14 r
  n2062 (net)                                   1         0.00                0.00       0.14 r
  U2103/Y (NAND2_X2M_A6P5PP140ZTS_C35)                              0.02      0.01       0.16 f
  n3726 (net)                                   1         0.00                0.00       0.16 f
  U6087/Y (AOI21_X3M_A6P5PP140ZTS_C35)                              0.02      0.02       0.18 r
  n3807 (net)                                   2         0.00                0.00       0.18 r
  U7254/Y (BUFA_X6M_A6P5PP140ZTS_C35)                               0.03      0.03       0.21 r
  n4104 (net)                                  17         0.01                0.00       0.21 r
  U6085/Y (OAI21_X3M_A6P5PP140ZTS_C35)                              0.01      0.01       0.23 f
  n3797 (net)                                   1         0.00                0.00       0.23 f
  U5171/Y (OAI21_X2M_A6P5PP140ZTS_C35)                              0.02      0.01       0.24 r
  n3811 (net)                                   1         0.00                0.00       0.24 r
  U4585/Y (NAND2_X3M_A6P5PP140ZTS_C35)                              0.02      0.02       0.26 f
  n8903 (net)                                   5         0.00                0.00       0.26 f
  U7348/Y (INV_X2M_A6P5PP140ZTS_C35)                                0.01      0.01       0.28 r
  n3842 (net)                                   2         0.00                0.00       0.28 r
  U6090/Y (NAND2_X2M_A6P5PP140ZTS_C35)                              0.02      0.02       0.29 f
  n3913 (net)                                   3         0.00                0.00       0.29 f
  U4199/Y (NOR2_X1TA_A6P5PP140ZTS_C35)                              0.03      0.03       0.32 r
  n3929 (net)                                   2         0.00                0.00       0.32 r
  U6086/Y (AOI22_X2M_A6P5PP140ZTS_C35)                              0.03      0.02       0.34 f
  n10824 (net)                                  3         0.00                0.00       0.34 f
  U2160/Y (XOR2_X0P5M_A6P5PP140ZTS_C35)                             0.03      0.03       0.38 f
  n8592 (net)                                   1         0.00                0.00       0.38 f
  U10313/Y (OA21B_X1M_A6P5PP140ZTS_C35)                             0.03      0.03       0.41 r
  u_dut/u_core/u_fp_accum/u_tree/G_TREE[2].u_pair01/U1/fr[6] (net)
                                                3         0.00                0.00       0.41 r
  U6091/Y (INV_X1M_A6P5PP140ZTS_C35)                                0.01      0.01       0.42 f
  u_dut/u_core/u_fp_accum/u_tree/G_TREE[2].u_pair01/U1/U2/U1/or2_inv[0][10] (net)
                                                1         0.00                0.00       0.42 f
  u_dut/u_core/u_fp_accum/u_tree/G_TREE[2].u_pair01/U1/U2/U1/UEN0_0_1_2/Y (AOI21_X0P5M_A6P5PP140ZTS_C35)
                                                                    0.02      0.02       0.44 r
  u_dut/u_core/u_fp_accum/u_tree/G_TREE[2].u_pair01/U1/U2/U1/enc_tree[0][1][10] (net)
                                                1         0.00                0.00       0.44 r
  u_dut/u_core/u_fp_accum/u_tree/G_TREE[2].u_pair01/U1/U2/U1/UEN1_0_2_1/Y (OAI21_X0P5M_A6P5PP140ZTS_C35)
                                                                    0.02      0.02       0.46 f
  u_dut/u_core/u_fp_accum/u_tree/G_TREE[2].u_pair01/U1/U2/U1/enc_tree[0][2][12] (net)
                                                1         0.00                0.00       0.46 f
  U6089/Y (AOI21_X2M_A6P5PP140ZTS_C35)                              0.04      0.03       0.50 r
  u_dut/u_core/u_fp_accum/u_tree/G_TREE[2].u_pair01/U1/num_zeros_path1[0] (net)
                                                5         0.00                0.00       0.50 r
  U1073/Y (INV_X2M_A6P5PP140ZTS_C35)                                0.02      0.02       0.51 f
  n4013 (net)                                   3         0.00                0.00       0.51 f
  U4111/Y (NOR2_X2A_A6P5PP140ZTS_C35)                               0.03      0.03       0.54 r
  n10081 (net)                                  6         0.00                0.00       0.54 r
  U2941/Y (NAND2_X1M_A6P5PP140ZTS_C35)                              0.02      0.02       0.56 f
  n3952 (net)                                   1         0.00                0.00       0.56 f
  U2942/Y (OAI21_X2M_A6P5PP140ZTS_C35)                              0.02      0.02       0.58 r
  n10017 (net)                                  2         0.00                0.00       0.58 r
  U7439/Y (NAND3_X1TA_A6P5PP140ZTS_C35)                             0.03      0.02       0.60 f
  n3953 (net)                                   1         0.00                0.00       0.60 f
  U5376/Y (OAI21_X3M_A6P5PP140ZTS_C35)                              0.03      0.02       0.62 r
  n4008 (net)                                   4         0.00                0.00       0.62 r
  U5833/Y (NOR2_X2TA_A6P5PP140ZTS_C35)                              0.02      0.02       0.64 f
  n4010 (net)                                   2         0.00                0.00       0.64 f
  U4972/Y (XNOR2_X4M_A6P5PP140ZTS_C35)                              0.03      0.03       0.67 f
  n2224 (net)                                   1         0.00                0.00       0.67 f
  U4971/Y (NOR2_X3TA_A6P5PP140ZTS_C35)                              0.02      0.02       0.69 r
  n2630 (net)                                   2         0.00                0.00       0.69 r
  U4595/Y (XNOR2_X2M_A6P5PP140ZTS_C35)                              0.04      0.03       0.71 r
  n4025 (net)                                   2         0.00                0.00       0.71 r
  U796/Y (NAND2_X1TA_A6P5PP140ZTS_C35)                              0.03      0.03       0.74 f
  n4063 (net)                                   3         0.00                0.00       0.74 f
  U2059/Y (OAI21_X2M_A6P5PP140ZTS_C35)                              0.02      0.03       0.76 r
  n4028 (net)                                   1         0.00                0.00       0.76 r
  U5359/Y (AOI21_X3M_A6P5PP140ZTS_C35)                              0.02      0.02       0.78 f
  n4074 (net)                                   4         0.00                0.00       0.78 f
  U5169/Y (OAI21_X3M_A6P5PP140ZTS_C35)                              0.02      0.02       0.80 r
  n4041 (net)                                   1         0.00                0.00       0.80 r
  U2047/Y (XNOR2_X3M_A6P5PP140ZTS_C35)                              0.02      0.03       0.83 r
  n8640 (net)                                   2         0.00                0.00       0.83 r
  U4973/Y (NOR2_X2A_A6P5PP140ZTS_C35)                               0.02      0.02       0.85 f
  n2225 (net)                                   2         0.00                0.00       0.85 f
  U4590/Y (AOI21_X3M_A6P5PP140ZTS_C35)                              0.04      0.03       0.88 r
  n10131 (net)                                  7         0.00                0.00       0.88 r
  U11337/Y (AOI22_X1M_A6P5PP140ZTS_C35)                             0.03      0.02       0.90 f
  n370 (net)                                    1         0.00                0.00       0.90 f
  u_dut/u_core/u_fp_accum/u_tree/pair01_q_reg[2][1]/D (DFFSQNA_X1M_A6P5PP140ZTS_C35)
                                                                    0.03      0.00       0.90 f
  data arrival time                                                                      0.90

  clock clk (rise edge)                                                       1.00       1.00
  clock network delay (ideal)                                                 0.00       1.00
  clock uncertainty                                                          -0.05       0.95
  u_dut/u_core/u_fp_accum/u_tree/pair01_q_reg[2][1]/CK (DFFSQNA_X1M_A6P5PP140ZTS_C35)
                                                                              0.00       0.95 r
  library setup time                                                         -0.05       0.90
  data required time                                                                     0.90
  ----------------------------------------------------------------------------------------------
  data required time                                                                     0.90
  data arrival time                                                                     -0.90
  ----------------------------------------------------------------------------------------------
  slack (MET)                                                                            0.00


  Startpoint: u_dut/u_core/u_product_pipe/bf16_lane_item_o_reg[2][1][9]
              (rising edge-triggered flip-flop clocked by clk)
  Endpoint: u_dut/u_core/u_fp_accum/u_tree/pair01_q_reg[2][2]
            (rising edge-triggered flip-flop clocked by clk)
  Path Group: clk
  Path Type: max

  Des/Clust/Port     Wire Load Model       Library
  ------------------------------------------------
  char_top           Zero                  sc6p5mcpp140z_cln22ul_base_svt_c35_tt_typical_max_0p80v_25c

  Point                                       Fanout       Cap     Trans      Incr       Path
  ----------------------------------------------------------------------------------------------
  clock clk (rise edge)                                                       0.00       0.00
  clock network delay (ideal)                                                 0.00       0.00
  u_dut/u_core/u_product_pipe/bf16_lane_item_o_reg[2][1][9]/CK (DFFRPQA_X2M_A6P5PP140ZTS_C35)
                                                                    0.00      0.00 #     0.00 r
  u_dut/u_core/u_product_pipe/bf16_lane_item_o_reg[2][1][9]/Q (DFFRPQA_X2M_A6P5PP140ZTS_C35)
                                                                    0.02      0.06       0.06 r
  u_dut/u_core/u_product_pipe/bf16_lane_item_o[2][1][9] (net)
                                                6         0.00                0.00       0.06 r
  u_dut/u_core/u_product_pipe/bf16_lane_item_o[2][1][9] (fusion_mul16_v4_product_pipe_1_1_1_1_1_0)
                                                                              0.00       0.06 r
  u_dut/u_core/bf16_lane_item[2][1][9] (net)              0.00                0.00       0.06 r
  U1813/Y (INV_X1M_A6P5PP140ZTS_C35)                                0.02      0.02       0.07 f
  n3730 (net)                                   4         0.00                0.00       0.07 f
  U2090/Y (NOR2_X2TA_A6P5PP140ZTS_C35)                              0.02      0.02       0.09 r
  n3784 (net)                                   4         0.00                0.00       0.09 r
  U7251/Y (OAI22_X1M_A6P5PP140ZTS_C35)                              0.03      0.02       0.12 f
  n3722 (net)                                   1         0.00                0.00       0.12 f
  U4200/Y (AO21A1AI2_X2M_A6P5PP140ZTS_C35)                          0.02      0.03       0.14 r
  n2062 (net)                                   1         0.00                0.00       0.14 r
  U2103/Y (NAND2_X2M_A6P5PP140ZTS_C35)                              0.02      0.01       0.16 f
  n3726 (net)                                   1         0.00                0.00       0.16 f
  U6087/Y (AOI21_X3M_A6P5PP140ZTS_C35)                              0.02      0.02       0.18 r
  n3807 (net)                                   2         0.00                0.00       0.18 r
  U7254/Y (BUFA_X6M_A6P5PP140ZTS_C35)                               0.03      0.03       0.21 r
  n4104 (net)                                  17         0.01                0.00       0.21 r
  U6085/Y (OAI21_X3M_A6P5PP140ZTS_C35)                              0.01      0.01       0.23 f
  n3797 (net)                                   1         0.00                0.00       0.23 f
  U5171/Y (OAI21_X2M_A6P5PP140ZTS_C35)                              0.02      0.01       0.24 r
  n3811 (net)                                   1         0.00                0.00       0.24 r
  U4585/Y (NAND2_X3M_A6P5PP140ZTS_C35)                              0.02      0.02       0.26 f
  n8903 (net)                                   5         0.00                0.00       0.26 f
  U7348/Y (INV_X2M_A6P5PP140ZTS_C35)                                0.01      0.01       0.28 r
  n3842 (net)                                   2         0.00                0.00       0.28 r
  U6090/Y (NAND2_X2M_A6P5PP140ZTS_C35)                              0.02      0.02       0.29 f
  n3913 (net)                                   3         0.00                0.00       0.29 f
  U4199/Y (NOR2_X1TA_A6P5PP140ZTS_C35)                              0.03      0.03       0.32 r
  n3929 (net)                                   2         0.00                0.00       0.32 r
  U6086/Y (AOI22_X2M_A6P5PP140ZTS_C35)                              0.03      0.02       0.34 f
  n10824 (net)                                  3         0.00                0.00       0.34 f
  U2160/Y (XOR2_X0P5M_A6P5PP140ZTS_C35)                             0.03      0.03       0.38 f
  n8592 (net)                                   1         0.00                0.00       0.38 f
  U10313/Y (OA21B_X1M_A6P5PP140ZTS_C35)                             0.03      0.03       0.41 r
  u_dut/u_core/u_fp_accum/u_tree/G_TREE[2].u_pair01/U1/fr[6] (net)
                                                3         0.00                0.00       0.41 r
  U6091/Y (INV_X1M_A6P5PP140ZTS_C35)                                0.01      0.01       0.42 f
  u_dut/u_core/u_fp_accum/u_tree/G_TREE[2].u_pair01/U1/U2/U1/or2_inv[0][10] (net)
                                                1         0.00                0.00       0.42 f
  u_dut/u_core/u_fp_accum/u_tree/G_TREE[2].u_pair01/U1/U2/U1/UEN0_0_1_2/Y (AOI21_X0P5M_A6P5PP140ZTS_C35)
                                                                    0.02      0.02       0.44 r
  u_dut/u_core/u_fp_accum/u_tree/G_TREE[2].u_pair01/U1/U2/U1/enc_tree[0][1][10] (net)
                                                1         0.00                0.00       0.44 r
  u_dut/u_core/u_fp_accum/u_tree/G_TREE[2].u_pair01/U1/U2/U1/UEN1_0_2_1/Y (OAI21_X0P5M_A6P5PP140ZTS_C35)
                                                                    0.02      0.02       0.46 f
  u_dut/u_core/u_fp_accum/u_tree/G_TREE[2].u_pair01/U1/U2/U1/enc_tree[0][2][12] (net)
                                                1         0.00                0.00       0.46 f
  U6089/Y (AOI21_X2M_A6P5PP140ZTS_C35)                              0.04      0.03       0.50 r
  u_dut/u_core/u_fp_accum/u_tree/G_TREE[2].u_pair01/U1/num_zeros_path1[0] (net)
                                                5         0.00                0.00       0.50 r
  U1073/Y (INV_X2M_A6P5PP140ZTS_C35)                                0.02      0.02       0.51 f
  n4013 (net)                                   3         0.00                0.00       0.51 f
  U4111/Y (NOR2_X2A_A6P5PP140ZTS_C35)                               0.03      0.03       0.54 r
  n10081 (net)                                  6         0.00                0.00       0.54 r
  U2941/Y (NAND2_X1M_A6P5PP140ZTS_C35)                              0.02      0.02       0.56 f
  n3952 (net)                                   1         0.00                0.00       0.56 f
  U2942/Y (OAI21_X2M_A6P5PP140ZTS_C35)                              0.02      0.02       0.58 r
  n10017 (net)                                  2         0.00                0.00       0.58 r
  U7439/Y (NAND3_X1TA_A6P5PP140ZTS_C35)                             0.03      0.02       0.60 f
  n3953 (net)                                   1         0.00                0.00       0.60 f
  U5376/Y (OAI21_X3M_A6P5PP140ZTS_C35)                              0.03      0.02       0.62 r
  n4008 (net)                                   4         0.00                0.00       0.62 r
  U5833/Y (NOR2_X2TA_A6P5PP140ZTS_C35)                              0.02      0.02       0.64 f
  n4010 (net)                                   2         0.00                0.00       0.64 f
  U4972/Y (XNOR2_X4M_A6P5PP140ZTS_C35)                              0.03      0.03       0.67 f
  n2224 (net)                                   1         0.00                0.00       0.67 f
  U4971/Y (NOR2_X3TA_A6P5PP140ZTS_C35)                              0.02      0.02       0.69 r
  n2630 (net)                                   2         0.00                0.00       0.69 r
  U4595/Y (XNOR2_X2M_A6P5PP140ZTS_C35)                              0.04      0.03       0.71 r
  n4025 (net)                                   2         0.00                0.00       0.71 r
  U796/Y (NAND2_X1TA_A6P5PP140ZTS_C35)                              0.03      0.03       0.74 f
  n4063 (net)                                   3         0.00                0.00       0.74 f
  U2059/Y (OAI21_X2M_A6P5PP140ZTS_C35)                              0.02      0.03       0.76 r
  n4028 (net)                                   1         0.00                0.00       0.76 r
  U5359/Y (AOI21_X3M_A6P5PP140ZTS_C35)                              0.02      0.02       0.78 f
  n4074 (net)                                   4         0.00                0.00       0.78 f
  U5169/Y (OAI21_X3M_A6P5PP140ZTS_C35)                              0.02      0.02       0.80 r
  n4041 (net)                                   1         0.00                0.00       0.80 r
  U2047/Y (XNOR2_X3M_A6P5PP140ZTS_C35)                              0.02      0.03       0.83 r
  n8640 (net)                                   2         0.00                0.00       0.83 r
  U4973/Y (NOR2_X2A_A6P5PP140ZTS_C35)                               0.02      0.02       0.85 f
  n2225 (net)                                   2         0.00                0.00       0.85 f
  U4590/Y (AOI21_X3M_A6P5PP140ZTS_C35)                              0.04      0.03       0.88 r
  n10131 (net)                                  7         0.00                0.00       0.88 r
  U11310/Y (AOI22_X1M_A6P5PP140ZTS_C35)                             0.03      0.02       0.90 f
  n369 (net)                                    1         0.00                0.00       0.90 f
  u_dut/u_core/u_fp_accum/u_tree/pair01_q_reg[2][2]/D (DFFSQNA_X1M_A6P5PP140ZTS_C35)
                                                                    0.03      0.00       0.90 f
  data arrival time                                                                      0.90

  clock clk (rise edge)                                                       1.00       1.00
  clock network delay (ideal)                                                 0.00       1.00
  clock uncertainty                                                          -0.05       0.95
  u_dut/u_core/u_fp_accum/u_tree/pair01_q_reg[2][2]/CK (DFFSQNA_X1M_A6P5PP140ZTS_C35)
                                                                              0.00       0.95 r
  library setup time                                                         -0.05       0.90
  data required time                                                                     0.90
  ----------------------------------------------------------------------------------------------
  data required time                                                                     0.90
  data arrival time                                                                     -0.90
  ----------------------------------------------------------------------------------------------
  slack (MET)                                                                            0.00


  Startpoint: u_dut/u_core/u_product_pipe/bf16_lane_item_o_reg[2][1][9]
              (rising edge-triggered flip-flop clocked by clk)
  Endpoint: u_dut/u_core/u_fp_accum/u_tree/pair01_q_reg[2][5]
            (rising edge-triggered flip-flop clocked by clk)
  Path Group: clk
  Path Type: max

  Des/Clust/Port     Wire Load Model       Library
  ------------------------------------------------
  char_top           Zero                  sc6p5mcpp140z_cln22ul_base_svt_c35_tt_typical_max_0p80v_25c

  Point                                       Fanout       Cap     Trans      Incr       Path
  ----------------------------------------------------------------------------------------------
  clock clk (rise edge)                                                       0.00       0.00
  clock network delay (ideal)                                                 0.00       0.00
  u_dut/u_core/u_product_pipe/bf16_lane_item_o_reg[2][1][9]/CK (DFFRPQA_X2M_A6P5PP140ZTS_C35)
                                                                    0.00      0.00 #     0.00 r
  u_dut/u_core/u_product_pipe/bf16_lane_item_o_reg[2][1][9]/Q (DFFRPQA_X2M_A6P5PP140ZTS_C35)
                                                                    0.02      0.06       0.06 r
  u_dut/u_core/u_product_pipe/bf16_lane_item_o[2][1][9] (net)
                                                6         0.00                0.00       0.06 r
  u_dut/u_core/u_product_pipe/bf16_lane_item_o[2][1][9] (fusion_mul16_v4_product_pipe_1_1_1_1_1_0)
                                                                              0.00       0.06 r
  u_dut/u_core/bf16_lane_item[2][1][9] (net)              0.00                0.00       0.06 r
  U1813/Y (INV_X1M_A6P5PP140ZTS_C35)                                0.02      0.02       0.07 f
  n3730 (net)                                   4         0.00                0.00       0.07 f
  U2090/Y (NOR2_X2TA_A6P5PP140ZTS_C35)                              0.02      0.02       0.09 r
  n3784 (net)                                   4         0.00                0.00       0.09 r
  U7251/Y (OAI22_X1M_A6P5PP140ZTS_C35)                              0.03      0.02       0.12 f
  n3722 (net)                                   1         0.00                0.00       0.12 f
  U4200/Y (AO21A1AI2_X2M_A6P5PP140ZTS_C35)                          0.02      0.03       0.14 r
  n2062 (net)                                   1         0.00                0.00       0.14 r
  U2103/Y (NAND2_X2M_A6P5PP140ZTS_C35)                              0.02      0.01       0.16 f
  n3726 (net)                                   1         0.00                0.00       0.16 f
  U6087/Y (AOI21_X3M_A6P5PP140ZTS_C35)                              0.02      0.02       0.18 r
  n3807 (net)                                   2         0.00                0.00       0.18 r
  U7254/Y (BUFA_X6M_A6P5PP140ZTS_C35)                               0.03      0.03       0.21 r
  n4104 (net)                                  17         0.01                0.00       0.21 r
  U6085/Y (OAI21_X3M_A6P5PP140ZTS_C35)                              0.01      0.01       0.23 f
  n3797 (net)                                   1         0.00                0.00       0.23 f
  U5171/Y (OAI21_X2M_A6P5PP140ZTS_C35)                              0.02      0.01       0.24 r
  n3811 (net)                                   1         0.00                0.00       0.24 r
  U4585/Y (NAND2_X3M_A6P5PP140ZTS_C35)                              0.02      0.02       0.26 f
  n8903 (net)                                   5         0.00                0.00       0.26 f
  U7348/Y (INV_X2M_A6P5PP140ZTS_C35)                                0.01      0.01       0.28 r
  n3842 (net)                                   2         0.00                0.00       0.28 r
  U6090/Y (NAND2_X2M_A6P5PP140ZTS_C35)                              0.02      0.02       0.29 f
  n3913 (net)                                   3         0.00                0.00       0.29 f
  U4199/Y (NOR2_X1TA_A6P5PP140ZTS_C35)                              0.03      0.03       0.32 r
  n3929 (net)                                   2         0.00                0.00       0.32 r
  U6086/Y (AOI22_X2M_A6P5PP140ZTS_C35)                              0.03      0.02       0.34 f
  n10824 (net)                                  3         0.00                0.00       0.34 f
  U2160/Y (XOR2_X0P5M_A6P5PP140ZTS_C35)                             0.03      0.03       0.38 f
  n8592 (net)                                   1         0.00                0.00       0.38 f
  U10313/Y (OA21B_X1M_A6P5PP140ZTS_C35)                             0.03      0.03       0.41 r
  u_dut/u_core/u_fp_accum/u_tree/G_TREE[2].u_pair01/U1/fr[6] (net)
                                                3         0.00                0.00       0.41 r
  U6091/Y (INV_X1M_A6P5PP140ZTS_C35)                                0.01      0.01       0.42 f
  u_dut/u_core/u_fp_accum/u_tree/G_TREE[2].u_pair01/U1/U2/U1/or2_inv[0][10] (net)
                                                1         0.00                0.00       0.42 f
  u_dut/u_core/u_fp_accum/u_tree/G_TREE[2].u_pair01/U1/U2/U1/UEN0_0_1_2/Y (AOI21_X0P5M_A6P5PP140ZTS_C35)
                                                                    0.02      0.02       0.44 r
  u_dut/u_core/u_fp_accum/u_tree/G_TREE[2].u_pair01/U1/U2/U1/enc_tree[0][1][10] (net)
                                                1         0.00                0.00       0.44 r
  u_dut/u_core/u_fp_accum/u_tree/G_TREE[2].u_pair01/U1/U2/U1/UEN1_0_2_1/Y (OAI21_X0P5M_A6P5PP140ZTS_C35)
                                                                    0.02      0.02       0.46 f
  u_dut/u_core/u_fp_accum/u_tree/G_TREE[2].u_pair01/U1/U2/U1/enc_tree[0][2][12] (net)
                                                1         0.00                0.00       0.46 f
  U6089/Y (AOI21_X2M_A6P5PP140ZTS_C35)                              0.04      0.03       0.50 r
  u_dut/u_core/u_fp_accum/u_tree/G_TREE[2].u_pair01/U1/num_zeros_path1[0] (net)
                                                5         0.00                0.00       0.50 r
  U1073/Y (INV_X2M_A6P5PP140ZTS_C35)                                0.02      0.02       0.51 f
  n4013 (net)                                   3         0.00                0.00       0.51 f
  U4111/Y (NOR2_X2A_A6P5PP140ZTS_C35)                               0.03      0.03       0.54 r
  n10081 (net)                                  6         0.00                0.00       0.54 r
  U2941/Y (NAND2_X1M_A6P5PP140ZTS_C35)                              0.02      0.02       0.56 f
  n3952 (net)                                   1         0.00                0.00       0.56 f
  U2942/Y (OAI21_X2M_A6P5PP140ZTS_C35)                              0.02      0.02       0.58 r
  n10017 (net)                                  2         0.00                0.00       0.58 r
  U7439/Y (NAND3_X1TA_A6P5PP140ZTS_C35)                             0.03      0.02       0.60 f
  n3953 (net)                                   1         0.00                0.00       0.60 f
  U5376/Y (OAI21_X3M_A6P5PP140ZTS_C35)                              0.03      0.02       0.62 r
  n4008 (net)                                   4         0.00                0.00       0.62 r
  U5833/Y (NOR2_X2TA_A6P5PP140ZTS_C35)                              0.02      0.02       0.64 f
  n4010 (net)                                   2         0.00                0.00       0.64 f
  U4972/Y (XNOR2_X4M_A6P5PP140ZTS_C35)                              0.03      0.03       0.67 f
  n2224 (net)                                   1         0.00                0.00       0.67 f
  U4971/Y (NOR2_X3TA_A6P5PP140ZTS_C35)                              0.02      0.02       0.69 r
  n2630 (net)                                   2         0.00                0.00       0.69 r
  U4595/Y (XNOR2_X2M_A6P5PP140ZTS_C35)                              0.04      0.03       0.71 r
  n4025 (net)                                   2         0.00                0.00       0.71 r
  U796/Y (NAND2_X1TA_A6P5PP140ZTS_C35)                              0.03      0.03       0.74 f
  n4063 (net)                                   3         0.00                0.00       0.74 f
  U2059/Y (OAI21_X2M_A6P5PP140ZTS_C35)                              0.02      0.03       0.76 r
  n4028 (net)                                   1         0.00                0.00       0.76 r
  U5359/Y (AOI21_X3M_A6P5PP140ZTS_C35)                              0.02      0.02       0.78 f
  n4074 (net)                                   4         0.00                0.00       0.78 f
  U5169/Y (OAI21_X3M_A6P5PP140ZTS_C35)                              0.02      0.02       0.80 r
  n4041 (net)                                   1         0.00                0.00       0.80 r
  U2047/Y (XNOR2_X3M_A6P5PP140ZTS_C35)                              0.02      0.03       0.83 r
  n8640 (net)                                   2         0.00                0.00       0.83 r
  U4973/Y (NOR2_X2A_A6P5PP140ZTS_C35)                               0.02      0.02       0.85 f
  n2225 (net)                                   2         0.00                0.00       0.85 f
  U4590/Y (AOI21_X3M_A6P5PP140ZTS_C35)                              0.04      0.03       0.88 r
  n10131 (net)                                  7         0.00                0.00       0.88 r
  U11349/Y (AOI22_X1M_A6P5PP140ZTS_C35)                             0.03      0.02       0.90 f
  n366 (net)                                    1         0.00                0.00       0.90 f
  u_dut/u_core/u_fp_accum/u_tree/pair01_q_reg[2][5]/D (DFFSQNA_X1M_A6P5PP140ZTS_C35)
                                                                    0.03      0.00       0.90 f
  data arrival time                                                                      0.90

  clock clk (rise edge)                                                       1.00       1.00
  clock network delay (ideal)                                                 0.00       1.00
  clock uncertainty                                                          -0.05       0.95
  u_dut/u_core/u_fp_accum/u_tree/pair01_q_reg[2][5]/CK (DFFSQNA_X1M_A6P5PP140ZTS_C35)
                                                                              0.00       0.95 r
  library setup time                                                         -0.05       0.90
  data required time                                                                     0.90
  ----------------------------------------------------------------------------------------------
  data required time                                                                     0.90
  data arrival time                                                                     -0.90
  ----------------------------------------------------------------------------------------------
  slack (MET)                                                                            0.00


  Startpoint: u_dut/u_core/u_product_pipe/bf16_lane_item_o_reg[2][1][9]
              (rising edge-triggered flip-flop clocked by clk)
  Endpoint: u_dut/u_core/u_fp_accum/u_tree/pair01_q_reg[2][6]
            (rising edge-triggered flip-flop clocked by clk)
  Path Group: clk
  Path Type: max

  Des/Clust/Port     Wire Load Model       Library
  ------------------------------------------------
  char_top           Zero                  sc6p5mcpp140z_cln22ul_base_svt_c35_tt_typical_max_0p80v_25c

  Point                                       Fanout       Cap     Trans      Incr       Path
  ----------------------------------------------------------------------------------------------
  clock clk (rise edge)                                                       0.00       0.00
  clock network delay (ideal)                                                 0.00       0.00
  u_dut/u_core/u_product_pipe/bf16_lane_item_o_reg[2][1][9]/CK (DFFRPQA_X2M_A6P5PP140ZTS_C35)
                                                                    0.00      0.00 #     0.00 r
  u_dut/u_core/u_product_pipe/bf16_lane_item_o_reg[2][1][9]/Q (DFFRPQA_X2M_A6P5PP140ZTS_C35)
                                                                    0.02      0.06       0.06 r
  u_dut/u_core/u_product_pipe/bf16_lane_item_o[2][1][9] (net)
                                                6         0.00                0.00       0.06 r
  u_dut/u_core/u_product_pipe/bf16_lane_item_o[2][1][9] (fusion_mul16_v4_product_pipe_1_1_1_1_1_0)
                                                                              0.00       0.06 r
  u_dut/u_core/bf16_lane_item[2][1][9] (net)              0.00                0.00       0.06 r
  U1813/Y (INV_X1M_A6P5PP140ZTS_C35)                                0.02      0.02       0.07 f
  n3730 (net)                                   4         0.00                0.00       0.07 f
  U2090/Y (NOR2_X2TA_A6P5PP140ZTS_C35)                              0.02      0.02       0.09 r
  n3784 (net)                                   4         0.00                0.00       0.09 r
  U7251/Y (OAI22_X1M_A6P5PP140ZTS_C35)                              0.03      0.02       0.12 f
  n3722 (net)                                   1         0.00                0.00       0.12 f
  U4200/Y (AO21A1AI2_X2M_A6P5PP140ZTS_C35)                          0.02      0.03       0.14 r
  n2062 (net)                                   1         0.00                0.00       0.14 r
  U2103/Y (NAND2_X2M_A6P5PP140ZTS_C35)                              0.02      0.01       0.16 f
  n3726 (net)                                   1         0.00                0.00       0.16 f
  U6087/Y (AOI21_X3M_A6P5PP140ZTS_C35)                              0.02      0.02       0.18 r
  n3807 (net)                                   2         0.00                0.00       0.18 r
  U7254/Y (BUFA_X6M_A6P5PP140ZTS_C35)                               0.03      0.03       0.21 r
  n4104 (net)                                  17         0.01                0.00       0.21 r
  U6085/Y (OAI21_X3M_A6P5PP140ZTS_C35)                              0.01      0.01       0.23 f
  n3797 (net)                                   1         0.00                0.00       0.23 f
  U5171/Y (OAI21_X2M_A6P5PP140ZTS_C35)                              0.02      0.01       0.24 r
  n3811 (net)                                   1         0.00                0.00       0.24 r
  U4585/Y (NAND2_X3M_A6P5PP140ZTS_C35)                              0.02      0.02       0.26 f
  n8903 (net)                                   5         0.00                0.00       0.26 f
  U7348/Y (INV_X2M_A6P5PP140ZTS_C35)                                0.01      0.01       0.28 r
  n3842 (net)                                   2         0.00                0.00       0.28 r
  U6090/Y (NAND2_X2M_A6P5PP140ZTS_C35)                              0.02      0.02       0.29 f
  n3913 (net)                                   3         0.00                0.00       0.29 f
  U4199/Y (NOR2_X1TA_A6P5PP140ZTS_C35)                              0.03      0.03       0.32 r
  n3929 (net)                                   2         0.00                0.00       0.32 r
  U6086/Y (AOI22_X2M_A6P5PP140ZTS_C35)                              0.03      0.02       0.34 f
  n10824 (net)                                  3         0.00                0.00       0.34 f
  U2160/Y (XOR2_X0P5M_A6P5PP140ZTS_C35)                             0.03      0.03       0.38 f
  n8592 (net)                                   1         0.00                0.00       0.38 f
  U10313/Y (OA21B_X1M_A6P5PP140ZTS_C35)                             0.03      0.03       0.41 r
  u_dut/u_core/u_fp_accum/u_tree/G_TREE[2].u_pair01/U1/fr[6] (net)
                                                3         0.00                0.00       0.41 r
  U6091/Y (INV_X1M_A6P5PP140ZTS_C35)                                0.01      0.01       0.42 f
  u_dut/u_core/u_fp_accum/u_tree/G_TREE[2].u_pair01/U1/U2/U1/or2_inv[0][10] (net)
                                                1         0.00                0.00       0.42 f
  u_dut/u_core/u_fp_accum/u_tree/G_TREE[2].u_pair01/U1/U2/U1/UEN0_0_1_2/Y (AOI21_X0P5M_A6P5PP140ZTS_C35)
                                                                    0.02      0.02       0.44 r
  u_dut/u_core/u_fp_accum/u_tree/G_TREE[2].u_pair01/U1/U2/U1/enc_tree[0][1][10] (net)
                                                1         0.00                0.00       0.44 r
  u_dut/u_core/u_fp_accum/u_tree/G_TREE[2].u_pair01/U1/U2/U1/UEN1_0_2_1/Y (OAI21_X0P5M_A6P5PP140ZTS_C35)
                                                                    0.02      0.02       0.46 f
  u_dut/u_core/u_fp_accum/u_tree/G_TREE[2].u_pair01/U1/U2/U1/enc_tree[0][2][12] (net)
                                                1         0.00                0.00       0.46 f
  U6089/Y (AOI21_X2M_A6P5PP140ZTS_C35)                              0.04      0.03       0.50 r
  u_dut/u_core/u_fp_accum/u_tree/G_TREE[2].u_pair01/U1/num_zeros_path1[0] (net)
                                                5         0.00                0.00       0.50 r
  U1073/Y (INV_X2M_A6P5PP140ZTS_C35)                                0.02      0.02       0.51 f
  n4013 (net)                                   3         0.00                0.00       0.51 f
  U4111/Y (NOR2_X2A_A6P5PP140ZTS_C35)                               0.03      0.03       0.54 r
  n10081 (net)                                  6         0.00                0.00       0.54 r
  U2941/Y (NAND2_X1M_A6P5PP140ZTS_C35)                              0.02      0.02       0.56 f
  n3952 (net)                                   1         0.00                0.00       0.56 f
  U2942/Y (OAI21_X2M_A6P5PP140ZTS_C35)                              0.02      0.02       0.58 r
  n10017 (net)                                  2         0.00                0.00       0.58 r
  U7439/Y (NAND3_X1TA_A6P5PP140ZTS_C35)                             0.03      0.02       0.60 f
  n3953 (net)                                   1         0.00                0.00       0.60 f
  U5376/Y (OAI21_X3M_A6P5PP140ZTS_C35)                              0.03      0.02       0.62 r
  n4008 (net)                                   4         0.00                0.00       0.62 r
  U5833/Y (NOR2_X2TA_A6P5PP140ZTS_C35)                              0.02      0.02       0.64 f
  n4010 (net)                                   2         0.00                0.00       0.64 f
  U4972/Y (XNOR2_X4M_A6P5PP140ZTS_C35)                              0.03      0.03       0.67 f
  n2224 (net)                                   1         0.00                0.00       0.67 f
  U4971/Y (NOR2_X3TA_A6P5PP140ZTS_C35)                              0.02      0.02       0.69 r
  n2630 (net)                                   2         0.00                0.00       0.69 r
  U4595/Y (XNOR2_X2M_A6P5PP140ZTS_C35)                              0.04      0.03       0.71 r
  n4025 (net)                                   2         0.00                0.00       0.71 r
  U796/Y (NAND2_X1TA_A6P5PP140ZTS_C35)                              0.03      0.03       0.74 f
  n4063 (net)                                   3         0.00                0.00       0.74 f
  U2059/Y (OAI21_X2M_A6P5PP140ZTS_C35)                              0.02      0.03       0.76 r
  n4028 (net)                                   1         0.00                0.00       0.76 r
  U5359/Y (AOI21_X3M_A6P5PP140ZTS_C35)                              0.02      0.02       0.78 f
  n4074 (net)                                   4         0.00                0.00       0.78 f
  U5169/Y (OAI21_X3M_A6P5PP140ZTS_C35)                              0.02      0.02       0.80 r
  n4041 (net)                                   1         0.00                0.00       0.80 r
  U2047/Y (XNOR2_X3M_A6P5PP140ZTS_C35)                              0.02      0.03       0.83 r
  n8640 (net)                                   2         0.00                0.00       0.83 r
  U4973/Y (NOR2_X2A_A6P5PP140ZTS_C35)                               0.02      0.02       0.85 f
  n2225 (net)                                   2         0.00                0.00       0.85 f
  U4590/Y (AOI21_X3M_A6P5PP140ZTS_C35)                              0.04      0.03       0.88 r
  n10131 (net)                                  7         0.00                0.00       0.88 r
  U11360/Y (AOI22_X1M_A6P5PP140ZTS_C35)                             0.03      0.02       0.90 f
  n365 (net)                                    1         0.00                0.00       0.90 f
  u_dut/u_core/u_fp_accum/u_tree/pair01_q_reg[2][6]/D (DFFSQNA_X1M_A6P5PP140ZTS_C35)
                                                                    0.03      0.00       0.90 f
  data arrival time                                                                      0.90

  clock clk (rise edge)                                                       1.00       1.00
  clock network delay (ideal)                                                 0.00       1.00
  clock uncertainty                                                          -0.05       0.95
  u_dut/u_core/u_fp_accum/u_tree/pair01_q_reg[2][6]/CK (DFFSQNA_X1M_A6P5PP140ZTS_C35)
                                                                              0.00       0.95 r
  library setup time                                                         -0.05       0.90
  data required time                                                                     0.90
  ----------------------------------------------------------------------------------------------
  data required time                                                                     0.90
  data arrival time                                                                     -0.90
  ----------------------------------------------------------------------------------------------
  slack (MET)                                                                            0.00


  Startpoint: u_dut/u_core/u_fp_accum/acc_fp32_o_reg[3][27]
              (rising edge-triggered flip-flop clocked by clk)
  Endpoint: u_dut/u_core/u_fp_accum/acc_fp32_o_reg[3][8]
            (rising edge-triggered flip-flop clocked by clk)
  Path Group: clk
  Path Type: max

  Des/Clust/Port     Wire Load Model       Library
  ------------------------------------------------
  char_top           Zero                  sc6p5mcpp140z_cln22ul_base_svt_c35_tt_typical_max_0p80v_25c

  Point                                       Fanout       Cap     Trans      Incr       Path
  ----------------------------------------------------------------------------------------------
  clock clk (rise edge)                                                       0.00       0.00
  clock network delay (ideal)                                                 0.00       0.00
  u_dut/u_core/u_fp_accum/acc_fp32_o_reg[3][27]/CK (DFFSQNA_X1M_A6P5PP140ZTS_C35)
                                                                    0.00      0.00 #     0.00 r
  u_dut/u_core/u_fp_accum/acc_fp32_o_reg[3][27]/QN (DFFSQNA_X1M_A6P5PP140ZTS_C35)
                                                                    0.02      0.04       0.04 f
  n11430 (net)                                  1         0.00                0.00       0.04 f
  U4922/Y (BUFA_X6M_A6P5PP140ZTS_C35)                               0.02      0.03       0.07 f
  fp_acc_packed_o[123] (net)                    9         0.01                0.00       0.07 f
  U1879/Y (NOR2_X6A_A6P5PP140ZTS_C35)                               0.02      0.02       0.09 r
  n3498 (net)                                   5         0.00                0.00       0.09 r
  U1898/Y (NOR2_X1A_A6P5PP140ZTS_C35)                               0.01      0.01       0.10 f
  n3406 (net)                                   1         0.00                0.00       0.10 f
  U5100/Y (INV_X2M_A6P5PP140ZTS_C35)                                0.02      0.02       0.12 r
  n2291 (net)                                   1         0.00                0.00       0.12 r
  U5099/Y (NOR3_X4TA_A6P5PP140ZTS_C35)                              0.02      0.01       0.13 f
  n2435 (net)                                   1         0.00                0.00       0.13 f
  U5463/Y (NOR2_X8TA_A6P5PP140ZTS_C35)                              0.02      0.02       0.15 r
  n3537 (net)                                   5         0.01                0.00       0.15 r
  U5584/Y (NAND2_X8M_A6P5PP140ZTS_C35)                              0.02      0.02       0.17 f
  n3113 (net)                                   4         0.01                0.00       0.17 f
  U6349/Y (INV_X7M_A6P5PP140ZTS_C35)                                0.01      0.01       0.18 r
  n3071 (net)                                   1         0.00                0.00       0.18 r
  U5987/Y (NAND2_X8TA_A6P5PP140ZTS_C35)                             0.03      0.02       0.20 f
  n3468 (net)                                   6         0.01                0.00       0.20 f
  U4493/Y (INV_X12M_A6P5PP140ZTS_C35)                               0.01      0.02       0.21 r
  n6808 (net)                                   9         0.01                0.00       0.21 r
  U7028/Y (MXIT2_X3M_A6P5PP140ZTS_C35)                              0.04      0.02       0.23 r
  n6623 (net)                                   4         0.00                0.00       0.23 r
  U5795/Y (AND2_X2M_A6P5PP140ZTS_C35)                               0.02      0.03       0.27 r
  n6663 (net)                                   2         0.00                0.00       0.27 r
  U6074/Y (NOR2_X2A_A6P5PP140ZTS_C35)                               0.02      0.01       0.28 f
  n6699 (net)                                   2         0.00                0.00       0.28 f
  U5497/Y (OR3_X1M_A6P5PP140ZTS_C35)                                0.01      0.03       0.31 f
  n6704 (net)                                   1         0.00                0.00       0.31 f
  U4762/Y (NAND2_X1M_A6P5PP140ZTS_C35)                              0.02      0.01       0.33 r
  n3013 (net)                                   1         0.00                0.00       0.33 r
  U4434/Y (NOR2_X1P4TA_A6P5PP140ZTS_C35)                            0.02      0.01       0.34 f
  n3011 (net)                                   1         0.00                0.00       0.34 f
  U5176/Y (NAND2_X3M_A6P5PP140ZTS_C35)                              0.01      0.01       0.35 r
  n2313 (net)                                   1         0.00                0.00       0.35 r
  U1418/Y (NAND2_X3TA_A6P5PP140ZTS_C35)                             0.02      0.01       0.36 f
  n11224 (net)                                  3         0.00                0.00       0.36 f
  U2864/Y (XNOR2_X2M_A6P5PP140ZTS_C35)                              0.03      0.03       0.39 f
  n11225 (net)                                  1         0.00                0.00       0.39 f
  U11939/Y (AOI21_X2M_A6P5PP140ZTS_C35)                             0.03      0.03       0.42 r
  u_dut/u_core/u_fp_accum/G_ACC[3].u_acc/U1/fr[8] (net)
                                                2         0.00                0.00       0.42 r
  u_dut/u_core/u_fp_accum/G_ACC[3].u_acc/U1/U2/U1/UORT0_1_6/Y (NOR2_X2A_A6P5PP140ZTS_C35)
                                                                    0.01      0.01       0.43 f
  u_dut/u_core/u_fp_accum/G_ACC[3].u_acc/U1/U2/U1/enc_tree[1][1][12] (net)
                                                3         0.00                0.00       0.43 f
  U10990/Y (INV_X1M_A6P5PP140ZTS_C35)                               0.02      0.02       0.45 r
  u_dut/u_core/u_fp_accum/G_ACC[3].u_acc/U1/U2/U1/or2_inv[1][12] (net)
                                                1         0.00                0.00       0.45 r
  U4433/Y (OAI21_X2M_A6P5PP140ZTS_C35)                              0.02      0.02       0.46 f
  u_dut/u_core/u_fp_accum/G_ACC[3].u_acc/U1/U2/U1/enc_tree[1][2][12] (net)
                                                1         0.00                0.00       0.46 f
  U6071/Y (AO21A1AI2_X3M_A6P5PP140ZTS_C35)                          0.02      0.02       0.48 r
  n2763 (net)                                   1         0.00                0.00       0.48 r
  U1169/Y (NAND2_X3M_A6P5PP140ZTS_C35)                              0.02      0.02       0.50 f
  u_dut/u_core/u_fp_accum/G_ACC[3].u_acc/U1/U2/U1/enc_tree[1][4][16] (net)
                                                1         0.00                0.00       0.50 f
  U4641/Y (INV_X7M_A6P5PP140ZTS_C35)                                0.02      0.02       0.52 r
  n7255 (net)                                  15         0.01                0.00       0.52 r
  U9249/Y (NAND2_X4M_A6P5PP140ZTS_C35)                              0.01      0.01       0.53 f
  n7477 (net)                                   1         0.00                0.00       0.53 f
  U4119/Y (INV_X3M_A6P5PP140ZTS_C35)                                0.01      0.01       0.54 r
  n1944 (net)                                   2         0.00                0.00       0.54 r
  U4121/Y (INV_X4M_A6P5PP140ZTS_C35)                                0.02      0.02       0.56 f
  n1946 (net)                                  17         0.01                0.00       0.56 f
  U1043/Y (NOR2_X1TA_A6P5PP140ZTS_C35)                              0.02      0.02       0.58 r
  n7063 (net)                                   2         0.00                0.00       0.58 r
  U9357/Y (NAND2_X1A_A6P5PP140ZTS_C35)                              0.03      0.03       0.60 f
  n7086 (net)                                   3         0.00                0.00       0.60 f
  U9363/Y (MXIT2_X1M_A6P5PP140ZTS_C35)                              0.03      0.03       0.64 f
  n7087 (net)                                   1         0.00                0.00       0.64 f
  U2724/Y (NOR2_X1A_A6P5PP140ZTS_C35)                               0.02      0.02       0.66 r
  n2518 (net)                                   1         0.00                0.00       0.66 r
  U1944/Y (OAI21_X1M_A6P5PP140ZTS_C35)                              0.02      0.02       0.68 f
  n7090 (net)                                   1         0.00                0.00       0.68 f
  U9364/S (ADDH_X1M_A6P5PP140ZTS_C35)                               0.02      0.05       0.73 r
  n7091 (net)                                   2         0.00                0.00       0.73 r
  U4956/Y (NAND2_X2M_A6P5PP140ZTS_C35)                              0.02      0.02       0.75 f
  n7139 (net)                                   4         0.00                0.00       0.75 f
  U831/Y (INV_X1M_A6P5PP140ZTS_C35)                                 0.01      0.02       0.76 r
  n7130 (net)                                   2         0.00                0.00       0.76 r
  U9370/Y (AOI21_X0P5M_A6P5PP140ZTS_C35)                            0.03      0.02       0.78 f
  n7096 (net)                                   1         0.00                0.00       0.78 f
  U4951/Y (OAI21_X3M_A6P5PP140ZTS_C35)                              0.02      0.02       0.80 r
  n2214 (net)                                   1         0.00                0.00       0.80 r
  U4950/Y (XNOR2_X4M_A6P5PP140ZTS_C35)                              0.03      0.03       0.83 r
  n7124 (net)                                   2         0.00                0.00       0.83 r
  U1942/Y (INV_X4M_A6P5PP140ZTS_C35)                                0.01      0.01       0.84 f
  n9763 (net)                                   2         0.00                0.00       0.84 f
  U2764/Y (NOR2_X4A_A6P5PP140ZTS_C35)                               0.02      0.01       0.86 r
  n2992 (net)                                   1         0.00                0.00       0.86 r
  U5090/Y (NAND2_X6M_A6P5PP140ZTS_C35)                              0.02      0.02       0.87 f
  n2775 (net)                                   7         0.01                0.00       0.87 f
  U2921/Y (INV_X5M_A6P5PP140ZTS_C35)                                0.01      0.01       0.89 r
  n1093 (net)                                   2         0.00                0.00       0.89 r
  U2919/Y (NOR2_X4TA_A6P5PP140ZTS_C35)                              0.02      0.01       0.90 f
  n11254 (net)                                 11         0.00                0.00       0.90 f
  U2990/Y (AOI21_X0P5M_A6P5PP140ZTS_C35)                            0.02      0.02       0.92 r
  n245 (net)                                    1         0.00                0.00       0.92 r
  u_dut/u_core/u_fp_accum/acc_fp32_o_reg[3][8]/D (DFFSQNA_X1M_A6P5PP140ZTS_C35)
                                                                    0.02      0.00       0.92 r
  data arrival time                                                                      0.92

  clock clk (rise edge)                                                       1.00       1.00
  clock network delay (ideal)                                                 0.00       1.00
  clock uncertainty                                                          -0.05       0.95
  u_dut/u_core/u_fp_accum/acc_fp32_o_reg[3][8]/CK (DFFSQNA_X1M_A6P5PP140ZTS_C35)
                                                                              0.00       0.95 r
  library setup time                                                         -0.03       0.92
  data required time                                                                     0.92
  ----------------------------------------------------------------------------------------------
  data required time                                                                     0.92
  data arrival time                                                                     -0.92
  ----------------------------------------------------------------------------------------------
  slack (MET)                                                                            0.00


  Startpoint: u_dut/u_core/u_fp_accum/u_tree/lane_sum_o_reg[1][11]
              (rising edge-triggered flip-flop clocked by clk)
  Endpoint: u_dut/u_core/u_fp_accum/acc_fp32_o_reg[1][11]
            (rising edge-triggered flip-flop clocked by clk)
  Path Group: clk
  Path Type: max

  Des/Clust/Port     Wire Load Model       Library
  ------------------------------------------------
  char_top           Zero                  sc6p5mcpp140z_cln22ul_base_svt_c35_tt_typical_max_0p80v_25c

  Point                                       Fanout       Cap     Trans      Incr       Path
  ----------------------------------------------------------------------------------------------
  clock clk (rise edge)                                                       0.00       0.00
  clock network delay (ideal)                                                 0.00       0.00
  u_dut/u_core/u_fp_accum/u_tree/lane_sum_o_reg[1][11]/CK (DFFSQNA_X1M_A6P5PP140ZTS_C35)
                                                                    0.00      0.00 #     0.00 r
  u_dut/u_core/u_fp_accum/u_tree/lane_sum_o_reg[1][11]/QN (DFFSQNA_X1M_A6P5PP140ZTS_C35)
                                                                    0.04      0.05       0.05 r
  u_dut/u_core/u_fp_accum/lane_sum[1][11] (net)
                                                6         0.00                0.00       0.05 r
  U1923/Y (INV_X1M_A6P5PP140ZTS_C35)                                0.02      0.02       0.07 f
  n3238 (net)                                   1         0.00                0.00       0.07 f
  U5548/Y (NAND3_X2TA_A6P5PP140ZTS_C35)                             0.02      0.02       0.09 r
  n3240 (net)                                   2         0.00                0.00       0.09 r
  U5547/Y (NOR2_X3A_A6P5PP140ZTS_C35)                               0.01      0.01       0.10 f
  n2470 (net)                                   1         0.00                0.00       0.10 f
  U5544/Y (NOR2_X3TA_A6P5PP140ZTS_C35)                              0.02      0.01       0.12 r
  n2468 (net)                                   1         0.00                0.00       0.12 r
  U1861/Y (NAND2_X6M_A6P5PP140ZTS_C35)                              0.02      0.02       0.14 f
  n7601 (net)                                   2         0.01                0.00       0.14 f
  U2689/Y (NOR2_X8TA_A6P5PP140ZTS_C35)                              0.02      0.02       0.15 r
  n3376 (net)                                   5         0.01                0.00       0.15 r
  U2687/Y (NAND2_X8M_A6P5PP140ZTS_C35)                              0.02      0.02       0.17 f
  n3372 (net)                                   4         0.01                0.00       0.17 f
  U2667/Y (INV_X7M_A6P5PP140ZTS_C35)                                0.01      0.01       0.18 r
  n2430 (net)                                   1         0.00                0.00       0.18 r
  U5451/Y (NAND2_X8TA_A6P5PP140ZTS_C35)                             0.02      0.01       0.20 f
  n5709 (net)                                   4         0.01                0.00       0.20 f
  U6057/Y (INV_X16M_A6P5PP140ZTS_C35)                               0.02      0.02       0.21 r
  n6026 (net)                                  23         0.02                0.00       0.21 r
  U1734/Y (MXIT2_X3M_A6P5PP140ZTS_C35)                              0.03      0.02       0.24 r
  n5677 (net)                                   4         0.00                0.00       0.24 r
  U1618/Y (INV_X1M_A6P5PP140ZTS_C35)                                0.01      0.01       0.25 f
  n5624 (net)                                   1         0.00                0.00       0.25 f
  U1672/Y (MXIT2_X1M_A6P5PP140ZTS_C35)                              0.05      0.03       0.28 r
  n5687 (net)                                   2         0.00                0.00       0.28 r
  U1558/Y (NOR2_X2A_A6P5PP140ZTS_C35)                               0.02      0.02       0.30 f
  n5740 (net)                                   2         0.00                0.00       0.30 f
  U5672/Y (AOI21_X1M_A6P5PP140ZTS_C35)                              0.04      0.03       0.33 r
  n5633 (net)                                   1         0.00                0.00       0.33 r
  U5213/Y (OAI211_X3M_A6P5PP140ZTS_C35)                             0.03      0.03       0.36 f
  n10683 (net)                                  3         0.00                0.00       0.36 f
  U2141/Y (XOR2_X0P5M_A6P5PP140ZTS_C35)                             0.03      0.04       0.39 f
  n2892 (net)                                   1         0.00                0.00       0.39 f
  U1346/Y (NOR2_X1TA_A6P5PP140ZTS_C35)                              0.03      0.03       0.42 r
  u_dut/u_core/u_fp_accum/G_ACC[1].u_acc/U1/fr[15] (net)
                                                2         0.00                0.00       0.42 r
  U6224/Y (NOR2_X1P4TA_A6P5PP140ZTS_C35)                            0.02      0.02       0.44 f
  u_dut/u_core/u_fp_accum/G_ACC[1].u_acc/U1/U2/U1/enc_tree[1][1][18] (net)
                                                2         0.00                0.00       0.44 f
  U5065/Y (INV_X1M_A6P5PP140ZTS_C35)                                0.01      0.01       0.45 r
  n2431 (net)                                   1         0.00                0.00       0.45 r
  U2700/Y (AO21B_X1M_A6P5PP140ZTS_C35)                              0.01      0.03       0.47 r
  u_dut/u_core/u_fp_accum/G_ACC[1].u_acc/U1/U2/U1/enc_tree[1][2][20] (net)
                                                1         0.00                0.00       0.47 r
  u_dut/u_core/u_fp_accum/G_ACC[1].u_acc/U1/U2/U1/UEN0_1_3_1/Y (AOI21_X2M_A6P5PP140ZTS_C35)
                                                                    0.02      0.02       0.49 f
  u_dut/u_core/u_fp_accum/G_ACC[1].u_acc/U1/U2/U1/enc_tree[1][3][24] (net)
                                                1         0.00                0.00       0.49 f
  U1229/Y (OAI21_X4M_A6P5PP140ZTS_C35)                              0.03      0.02       0.51 r
  n2839 (net)                                   3         0.01                0.00       0.51 r
  U2703/Y (INV_X7M_A6P5PP140ZTS_C35)                                0.02      0.02       0.53 f
  n2840 (net)                                  11         0.01                0.00       0.53 f
  U5736/Y (NAND2_X1M_A6P5PP140ZTS_C35)                              0.02      0.02       0.55 r
  n2566 (net)                                   1         0.00                0.00       0.55 r
  U5735/Y (INV_X1M_A6P5PP140ZTS_C35)                                0.01      0.01       0.56 f
  n2565 (net)                                   1         0.00                0.00       0.56 f
  U5180/Y (AOI22_X2M_A6P5PP140ZTS_C35)                              0.03      0.03       0.59 r
  n2563 (net)                                   1         0.00                0.00       0.59 r
  U1987/Y (OAI21_X3M_A6P5PP140ZTS_C35)                              0.02      0.02       0.61 f
  n10501 (net)                                  4         0.00                0.00       0.61 f
  U2792/Y (NAND2_X4M_A6P5PP140ZTS_C35)                              0.02      0.02       0.62 r
  n5863 (net)                                   3         0.00                0.00       0.62 r
  U2656/Y (NAND2_X3TA_A6P5PP140ZTS_C35)                             0.01      0.01       0.63 f
  n6088 (net)                                   1         0.00                0.00       0.63 f
  U1962/Y (NOR2_X4A_A6P5PP140ZTS_C35)                               0.02      0.02       0.66 r
  n6108 (net)                                   3         0.00                0.00       0.66 r
  U4113/Y (NOR2_X6TA_A6P5PP140ZTS_C35)                              0.01      0.01       0.67 f
  n6094 (net)                                   3         0.00                0.00       0.67 f
  U1993/Y (NAND2_X6TA_A6P5PP140ZTS_C35)                             0.01      0.01       0.68 r
  n7620 (net)                                   5         0.01                0.00       0.68 r
  U5549/Y (INV_X2M_A6P5PP140ZTS_C35)                                0.01      0.01       0.69 f
  n2471 (net)                                   1         0.00                0.00       0.69 f
  U5550/Y (NOR2_X3TA_A6P5PP140ZTS_C35)                              0.02      0.01       0.71 r
  n7688 (net)                                   5         0.00                0.00       0.71 r
  U4721/Y (INV_X2M_A6P5PP140ZTS_C35)                                0.01      0.01       0.72 f
  n7703 (net)                                   3         0.00                0.00       0.72 f
  U4038/Y (OAI211_X2M_A6P5PP140ZTS_C35)                             0.03      0.03       0.75 r
  n10753 (net)                                  3         0.00                0.00       0.75 r
  U5059/Y (NAND2_X2M_A6P5PP140ZTS_C35)                              0.02      0.02       0.77 f
  n10739 (net)                                  2         0.00                0.00       0.77 f
  U4722/Y (NOR2_X3A_A6P5PP140ZTS_C35)                               0.02      0.02       0.79 r
  n10705 (net)                                  2         0.00                0.00       0.79 r
  U783/Y (NAND2_X4M_A6P5PP140ZTS_C35)                               0.02      0.02       0.80 f
  n10470 (net)                                  2         0.00                0.00       0.80 f
  U744/Y (INV_X4M_A6P5PP140ZTS_C35)                                 0.01      0.02       0.82 r
  n10696 (net)                                  8         0.00                0.00       0.82 r
  U4978/Y (NAND2_X1A_A6P5PP140ZTS_C35)                              0.02      0.01       0.83 f
  n10677 (net)                                  1         0.00                0.00       0.83 f
  U6434/Y (XOR2_X1M_A6P5PP140ZTS_C35)                               0.02      0.03       0.86 f
  n10679 (net)                                  1         0.00                0.00       0.86 f
  U677/Y (AO22_X1M_A6P5PP140ZTS_C35)                                0.01      0.04       0.90 f
  n10680 (net)                                  1         0.00                0.00       0.90 f
  U5756/Y (AOI21_X0P5M_A6P5PP140ZTS_C35)                            0.02      0.02       0.92 r
  n178 (net)                                    1         0.00                0.00       0.92 r
  u_dut/u_core/u_fp_accum/acc_fp32_o_reg[1][11]/D (DFFSQNA_X1M_A6P5PP140ZTS_C35)
                                                                    0.02      0.00       0.92 r
  data arrival time                                                                      0.92

  clock clk (rise edge)                                                       1.00       1.00
  clock network delay (ideal)                                                 0.00       1.00
  clock uncertainty                                                          -0.05       0.95
  u_dut/u_core/u_fp_accum/acc_fp32_o_reg[1][11]/CK (DFFSQNA_X1M_A6P5PP140ZTS_C35)
                                                                              0.00       0.95 r
  library setup time                                                         -0.03       0.92
  data required time                                                                     0.92
  ----------------------------------------------------------------------------------------------
  data required time                                                                     0.92
  data arrival time                                                                     -0.92
  ----------------------------------------------------------------------------------------------
  slack (MET)                                                                            0.00


  Startpoint: u_dut/u_core/u_product_pipe/bf16_lane_item_o_reg[2][1][9]
              (rising edge-triggered flip-flop clocked by clk)
  Endpoint: u_dut/u_core/u_fp_accum/u_tree/pair01_q_reg[2][0]
            (rising edge-triggered flip-flop clocked by clk)
  Path Group: clk
  Path Type: max

  Des/Clust/Port     Wire Load Model       Library
  ------------------------------------------------
  char_top           Zero                  sc6p5mcpp140z_cln22ul_base_svt_c35_tt_typical_max_0p80v_25c

  Point                                       Fanout       Cap     Trans      Incr       Path
  ----------------------------------------------------------------------------------------------
  clock clk (rise edge)                                                       0.00       0.00
  clock network delay (ideal)                                                 0.00       0.00
  u_dut/u_core/u_product_pipe/bf16_lane_item_o_reg[2][1][9]/CK (DFFRPQA_X2M_A6P5PP140ZTS_C35)
                                                                    0.00      0.00 #     0.00 r
  u_dut/u_core/u_product_pipe/bf16_lane_item_o_reg[2][1][9]/Q (DFFRPQA_X2M_A6P5PP140ZTS_C35)
                                                                    0.02      0.06       0.06 r
  u_dut/u_core/u_product_pipe/bf16_lane_item_o[2][1][9] (net)
                                                6         0.00                0.00       0.06 r
  u_dut/u_core/u_product_pipe/bf16_lane_item_o[2][1][9] (fusion_mul16_v4_product_pipe_1_1_1_1_1_0)
                                                                              0.00       0.06 r
  u_dut/u_core/bf16_lane_item[2][1][9] (net)              0.00                0.00       0.06 r
  U1813/Y (INV_X1M_A6P5PP140ZTS_C35)                                0.02      0.02       0.07 f
  n3730 (net)                                   4         0.00                0.00       0.07 f
  U2090/Y (NOR2_X2TA_A6P5PP140ZTS_C35)                              0.02      0.02       0.09 r
  n3784 (net)                                   4         0.00                0.00       0.09 r
  U7251/Y (OAI22_X1M_A6P5PP140ZTS_C35)                              0.03      0.02       0.12 f
  n3722 (net)                                   1         0.00                0.00       0.12 f
  U4200/Y (AO21A1AI2_X2M_A6P5PP140ZTS_C35)                          0.02      0.03       0.14 r
  n2062 (net)                                   1         0.00                0.00       0.14 r
  U2103/Y (NAND2_X2M_A6P5PP140ZTS_C35)                              0.02      0.01       0.16 f
  n3726 (net)                                   1         0.00                0.00       0.16 f
  U6087/Y (AOI21_X3M_A6P5PP140ZTS_C35)                              0.02      0.02       0.18 r
  n3807 (net)                                   2         0.00                0.00       0.18 r
  U7254/Y (BUFA_X6M_A6P5PP140ZTS_C35)                               0.03      0.03       0.21 r
  n4104 (net)                                  17         0.01                0.00       0.21 r
  U6085/Y (OAI21_X3M_A6P5PP140ZTS_C35)                              0.01      0.01       0.23 f
  n3797 (net)                                   1         0.00                0.00       0.23 f
  U5171/Y (OAI21_X2M_A6P5PP140ZTS_C35)                              0.02      0.01       0.24 r
  n3811 (net)                                   1         0.00                0.00       0.24 r
  U4585/Y (NAND2_X3M_A6P5PP140ZTS_C35)                              0.02      0.02       0.26 f
  n8903 (net)                                   5         0.00                0.00       0.26 f
  U7348/Y (INV_X2M_A6P5PP140ZTS_C35)                                0.01      0.01       0.28 r
  n3842 (net)                                   2         0.00                0.00       0.28 r
  U6090/Y (NAND2_X2M_A6P5PP140ZTS_C35)                              0.02      0.02       0.29 f
  n3913 (net)                                   3         0.00                0.00       0.29 f
  U4199/Y (NOR2_X1TA_A6P5PP140ZTS_C35)                              0.03      0.03       0.32 r
  n3929 (net)                                   2         0.00                0.00       0.32 r
  U6086/Y (AOI22_X2M_A6P5PP140ZTS_C35)                              0.03      0.02       0.34 f
  n10824 (net)                                  3         0.00                0.00       0.34 f
  U2160/Y (XOR2_X0P5M_A6P5PP140ZTS_C35)                             0.03      0.03       0.38 f
  n8592 (net)                                   1         0.00                0.00       0.38 f
  U10313/Y (OA21B_X1M_A6P5PP140ZTS_C35)                             0.03      0.03       0.41 r
  u_dut/u_core/u_fp_accum/u_tree/G_TREE[2].u_pair01/U1/fr[6] (net)
                                                3         0.00                0.00       0.41 r
  U6091/Y (INV_X1M_A6P5PP140ZTS_C35)                                0.01      0.01       0.42 f
  u_dut/u_core/u_fp_accum/u_tree/G_TREE[2].u_pair01/U1/U2/U1/or2_inv[0][10] (net)
                                                1         0.00                0.00       0.42 f
  u_dut/u_core/u_fp_accum/u_tree/G_TREE[2].u_pair01/U1/U2/U1/UEN0_0_1_2/Y (AOI21_X0P5M_A6P5PP140ZTS_C35)
                                                                    0.02      0.02       0.44 r
  u_dut/u_core/u_fp_accum/u_tree/G_TREE[2].u_pair01/U1/U2/U1/enc_tree[0][1][10] (net)
                                                1         0.00                0.00       0.44 r
  u_dut/u_core/u_fp_accum/u_tree/G_TREE[2].u_pair01/U1/U2/U1/UEN1_0_2_1/Y (OAI21_X0P5M_A6P5PP140ZTS_C35)
                                                                    0.02      0.02       0.46 f
  u_dut/u_core/u_fp_accum/u_tree/G_TREE[2].u_pair01/U1/U2/U1/enc_tree[0][2][12] (net)
                                                1         0.00                0.00       0.46 f
  U6089/Y (AOI21_X2M_A6P5PP140ZTS_C35)                              0.04      0.03       0.50 r
  u_dut/u_core/u_fp_accum/u_tree/G_TREE[2].u_pair01/U1/num_zeros_path1[0] (net)
                                                5         0.00                0.00       0.50 r
  U1073/Y (INV_X2M_A6P5PP140ZTS_C35)                                0.02      0.02       0.51 f
  n4013 (net)                                   3         0.00                0.00       0.51 f
  U4111/Y (NOR2_X2A_A6P5PP140ZTS_C35)                               0.03      0.03       0.54 r
  n10081 (net)                                  6         0.00                0.00       0.54 r
  U2941/Y (NAND2_X1M_A6P5PP140ZTS_C35)                              0.02      0.02       0.56 f
  n3952 (net)                                   1         0.00                0.00       0.56 f
  U2942/Y (OAI21_X2M_A6P5PP140ZTS_C35)                              0.02      0.02       0.58 r
  n10017 (net)                                  2         0.00                0.00       0.58 r
  U7439/Y (NAND3_X1TA_A6P5PP140ZTS_C35)                             0.03      0.02       0.60 f
  n3953 (net)                                   1         0.00                0.00       0.60 f
  U5376/Y (OAI21_X3M_A6P5PP140ZTS_C35)                              0.03      0.02       0.62 r
  n4008 (net)                                   4         0.00                0.00       0.62 r
  U5833/Y (NOR2_X2TA_A6P5PP140ZTS_C35)                              0.02      0.02       0.64 f
  n4010 (net)                                   2         0.00                0.00       0.64 f
  U4972/Y (XNOR2_X4M_A6P5PP140ZTS_C35)                              0.03      0.03       0.67 f
  n2224 (net)                                   1         0.00                0.00       0.67 f
  U4971/Y (NOR2_X3TA_A6P5PP140ZTS_C35)                              0.02      0.02       0.69 r
  n2630 (net)                                   2         0.00                0.00       0.69 r
  U4595/Y (XNOR2_X2M_A6P5PP140ZTS_C35)                              0.04      0.03       0.71 r
  n4025 (net)                                   2         0.00                0.00       0.71 r
  U796/Y (NAND2_X1TA_A6P5PP140ZTS_C35)                              0.03      0.03       0.74 f
  n4063 (net)                                   3         0.00                0.00       0.74 f
  U2059/Y (OAI21_X2M_A6P5PP140ZTS_C35)                              0.02      0.03       0.76 r
  n4028 (net)                                   1         0.00                0.00       0.76 r
  U5359/Y (AOI21_X3M_A6P5PP140ZTS_C35)                              0.02      0.02       0.78 f
  n4074 (net)                                   4         0.00                0.00       0.78 f
  U5169/Y (OAI21_X3M_A6P5PP140ZTS_C35)                              0.02      0.02       0.80 r
  n4041 (net)                                   1         0.00                0.00       0.80 r
  U2047/Y (XNOR2_X3M_A6P5PP140ZTS_C35)                              0.02      0.03       0.83 r
  n8640 (net)                                   2         0.00                0.00       0.83 r
  U4973/Y (NOR2_X2A_A6P5PP140ZTS_C35)                               0.02      0.02       0.85 f
  n2225 (net)                                   2         0.00                0.00       0.85 f
  U4590/Y (AOI21_X3M_A6P5PP140ZTS_C35)                              0.04      0.03       0.88 r
  n10131 (net)                                  7         0.00                0.00       0.88 r
  U11339/Y (AOI22_X1M_A6P5PP140ZTS_C35)                             0.03      0.02       0.90 f
  n371 (net)                                    1         0.00                0.00       0.90 f
  u_dut/u_core/u_fp_accum/u_tree/pair01_q_reg[2][0]/D (DFFSQNA_X1M_A6P5PP140ZTS_C35)
                                                                    0.03      0.00       0.90 f
  data arrival time                                                                      0.90

  clock clk (rise edge)                                                       1.00       1.00
  clock network delay (ideal)                                                 0.00       1.00
  clock uncertainty                                                          -0.05       0.95
  u_dut/u_core/u_fp_accum/u_tree/pair01_q_reg[2][0]/CK (DFFSQNA_X1M_A6P5PP140ZTS_C35)
                                                                              0.00       0.95 r
  library setup time                                                         -0.05       0.90
  data required time                                                                     0.90
  ----------------------------------------------------------------------------------------------
  data required time                                                                     0.90
  data arrival time                                                                     -0.90
  ----------------------------------------------------------------------------------------------
  slack (MET)                                                                            0.00


  Startpoint: u_dut/u_core/u_fp_accum/acc_fp32_o_reg[3][27]
              (rising edge-triggered flip-flop clocked by clk)
  Endpoint: u_dut/u_core/u_fp_accum/acc_fp32_o_reg[3][0]
            (rising edge-triggered flip-flop clocked by clk)
  Path Group: clk
  Path Type: max

  Des/Clust/Port     Wire Load Model       Library
  ------------------------------------------------
  char_top           Zero                  sc6p5mcpp140z_cln22ul_base_svt_c35_tt_typical_max_0p80v_25c

  Point                                       Fanout       Cap     Trans      Incr       Path
  ----------------------------------------------------------------------------------------------
  clock clk (rise edge)                                                       0.00       0.00
  clock network delay (ideal)                                                 0.00       0.00
  u_dut/u_core/u_fp_accum/acc_fp32_o_reg[3][27]/CK (DFFSQNA_X1M_A6P5PP140ZTS_C35)
                                                                    0.00      0.00 #     0.00 r
  u_dut/u_core/u_fp_accum/acc_fp32_o_reg[3][27]/QN (DFFSQNA_X1M_A6P5PP140ZTS_C35)
                                                                    0.02      0.04       0.04 f
  n11430 (net)                                  1         0.00                0.00       0.04 f
  U4922/Y (BUFA_X6M_A6P5PP140ZTS_C35)                               0.02      0.03       0.07 f
  fp_acc_packed_o[123] (net)                    9         0.01                0.00       0.07 f
  U1879/Y (NOR2_X6A_A6P5PP140ZTS_C35)                               0.02      0.02       0.09 r
  n3498 (net)                                   5         0.00                0.00       0.09 r
  U1898/Y (NOR2_X1A_A6P5PP140ZTS_C35)                               0.01      0.01       0.10 f
  n3406 (net)                                   1         0.00                0.00       0.10 f
  U5100/Y (INV_X2M_A6P5PP140ZTS_C35)                                0.02      0.02       0.12 r
  n2291 (net)                                   1         0.00                0.00       0.12 r
  U5099/Y (NOR3_X4TA_A6P5PP140ZTS_C35)                              0.02      0.01       0.13 f
  n2435 (net)                                   1         0.00                0.00       0.13 f
  U5463/Y (NOR2_X8TA_A6P5PP140ZTS_C35)                              0.02      0.02       0.15 r
  n3537 (net)                                   5         0.01                0.00       0.15 r
  U5584/Y (NAND2_X8M_A6P5PP140ZTS_C35)                              0.02      0.02       0.17 f
  n3113 (net)                                   4         0.01                0.00       0.17 f
  U6349/Y (INV_X7M_A6P5PP140ZTS_C35)                                0.01      0.01       0.18 r
  n3071 (net)                                   1         0.00                0.00       0.18 r
  U5987/Y (NAND2_X8TA_A6P5PP140ZTS_C35)                             0.03      0.02       0.20 f
  n3468 (net)                                   6         0.01                0.00       0.20 f
  U4493/Y (INV_X12M_A6P5PP140ZTS_C35)                               0.01      0.02       0.21 r
  n6808 (net)                                   9         0.01                0.00       0.21 r
  U7028/Y (MXIT2_X3M_A6P5PP140ZTS_C35)                              0.04      0.02       0.23 r
  n6623 (net)                                   4         0.00                0.00       0.23 r
  U5795/Y (AND2_X2M_A6P5PP140ZTS_C35)                               0.02      0.03       0.27 r
  n6663 (net)                                   2         0.00                0.00       0.27 r
  U6074/Y (NOR2_X2A_A6P5PP140ZTS_C35)                               0.02      0.01       0.28 f
  n6699 (net)                                   2         0.00                0.00       0.28 f
  U5497/Y (OR3_X1M_A6P5PP140ZTS_C35)                                0.01      0.03       0.31 f
  n6704 (net)                                   1         0.00                0.00       0.31 f
  U4762/Y (NAND2_X1M_A6P5PP140ZTS_C35)                              0.02      0.01       0.33 r
  n3013 (net)                                   1         0.00                0.00       0.33 r
  U4434/Y (NOR2_X1P4TA_A6P5PP140ZTS_C35)                            0.02      0.01       0.34 f
  n3011 (net)                                   1         0.00                0.00       0.34 f
  U5176/Y (NAND2_X3M_A6P5PP140ZTS_C35)                              0.01      0.01       0.35 r
  n2313 (net)                                   1         0.00                0.00       0.35 r
  U1418/Y (NAND2_X3TA_A6P5PP140ZTS_C35)                             0.02      0.01       0.36 f
  n11224 (net)                                  3         0.00                0.00       0.36 f
  U2864/Y (XNOR2_X2M_A6P5PP140ZTS_C35)                              0.03      0.03       0.39 f
  n11225 (net)                                  1         0.00                0.00       0.39 f
  U11939/Y (AOI21_X2M_A6P5PP140ZTS_C35)                             0.03      0.03       0.42 r
  u_dut/u_core/u_fp_accum/G_ACC[3].u_acc/U1/fr[8] (net)
                                                2         0.00                0.00       0.42 r
  u_dut/u_core/u_fp_accum/G_ACC[3].u_acc/U1/U2/U1/UORT0_1_6/Y (NOR2_X2A_A6P5PP140ZTS_C35)
                                                                    0.01      0.01       0.43 f
  u_dut/u_core/u_fp_accum/G_ACC[3].u_acc/U1/U2/U1/enc_tree[1][1][12] (net)
                                                3         0.00                0.00       0.43 f
  U10990/Y (INV_X1M_A6P5PP140ZTS_C35)                               0.02      0.02       0.45 r
  u_dut/u_core/u_fp_accum/G_ACC[3].u_acc/U1/U2/U1/or2_inv[1][12] (net)
                                                1         0.00                0.00       0.45 r
  U4433/Y (OAI21_X2M_A6P5PP140ZTS_C35)                              0.02      0.02       0.46 f
  u_dut/u_core/u_fp_accum/G_ACC[3].u_acc/U1/U2/U1/enc_tree[1][2][12] (net)
                                                1         0.00                0.00       0.46 f
  U6071/Y (AO21A1AI2_X3M_A6P5PP140ZTS_C35)                          0.02      0.02       0.48 r
  n2763 (net)                                   1         0.00                0.00       0.48 r
  U1169/Y (NAND2_X3M_A6P5PP140ZTS_C35)                              0.02      0.02       0.50 f
  u_dut/u_core/u_fp_accum/G_ACC[3].u_acc/U1/U2/U1/enc_tree[1][4][16] (net)
                                                1         0.00                0.00       0.50 f
  U4641/Y (INV_X7M_A6P5PP140ZTS_C35)                                0.02      0.02       0.52 r
  n7255 (net)                                  15         0.01                0.00       0.52 r
  U9249/Y (NAND2_X4M_A6P5PP140ZTS_C35)                              0.01      0.01       0.53 f
  n7477 (net)                                   1         0.00                0.00       0.53 f
  U4119/Y (INV_X3M_A6P5PP140ZTS_C35)                                0.01      0.01       0.54 r
  n1944 (net)                                   2         0.00                0.00       0.54 r
  U4121/Y (INV_X4M_A6P5PP140ZTS_C35)                                0.02      0.02       0.56 f
  n1946 (net)                                  17         0.01                0.00       0.56 f
  U1043/Y (NOR2_X1TA_A6P5PP140ZTS_C35)                              0.02      0.02       0.58 r
  n7063 (net)                                   2         0.00                0.00       0.58 r
  U9357/Y (NAND2_X1A_A6P5PP140ZTS_C35)                              0.03      0.03       0.60 f
  n7086 (net)                                   3         0.00                0.00       0.60 f
  U9363/Y (MXIT2_X1M_A6P5PP140ZTS_C35)                              0.03      0.03       0.64 f
  n7087 (net)                                   1         0.00                0.00       0.64 f
  U2724/Y (NOR2_X1A_A6P5PP140ZTS_C35)                               0.02      0.02       0.66 r
  n2518 (net)                                   1         0.00                0.00       0.66 r
  U1944/Y (OAI21_X1M_A6P5PP140ZTS_C35)                              0.02      0.02       0.68 f
  n7090 (net)                                   1         0.00                0.00       0.68 f
  U9364/S (ADDH_X1M_A6P5PP140ZTS_C35)                               0.02      0.05       0.73 r
  n7091 (net)                                   2         0.00                0.00       0.73 r
  U4956/Y (NAND2_X2M_A6P5PP140ZTS_C35)                              0.02      0.02       0.75 f
  n7139 (net)                                   4         0.00                0.00       0.75 f
  U831/Y (INV_X1M_A6P5PP140ZTS_C35)                                 0.01      0.02       0.76 r
  n7130 (net)                                   2         0.00                0.00       0.76 r
  U9370/Y (AOI21_X0P5M_A6P5PP140ZTS_C35)                            0.03      0.02       0.78 f
  n7096 (net)                                   1         0.00                0.00       0.78 f
  U4951/Y (OAI21_X3M_A6P5PP140ZTS_C35)                              0.02      0.02       0.80 r
  n2214 (net)                                   1         0.00                0.00       0.80 r
  U4950/Y (XNOR2_X4M_A6P5PP140ZTS_C35)                              0.03      0.03       0.83 r
  n7124 (net)                                   2         0.00                0.00       0.83 r
  U1942/Y (INV_X4M_A6P5PP140ZTS_C35)                                0.01      0.01       0.84 f
  n9763 (net)                                   2         0.00                0.00       0.84 f
  U2764/Y (NOR2_X4A_A6P5PP140ZTS_C35)                               0.02      0.01       0.86 r
  n2992 (net)                                   1         0.00                0.00       0.86 r
  U5090/Y (NAND2_X6M_A6P5PP140ZTS_C35)                              0.02      0.02       0.87 f
  n2775 (net)                                   7         0.01                0.00       0.87 f
  U2921/Y (INV_X5M_A6P5PP140ZTS_C35)                                0.01      0.01       0.89 r
  n1093 (net)                                   2         0.00                0.00       0.89 r
  U2919/Y (NOR2_X4TA_A6P5PP140ZTS_C35)                              0.02      0.01       0.90 f
  n11254 (net)                                 11         0.00                0.00       0.90 f
  U6492/Y (AOI21_X0P5M_A6P5PP140ZTS_C35)                            0.02      0.02       0.92 r
  n253 (net)                                    1         0.00                0.00       0.92 r
  u_dut/u_core/u_fp_accum/acc_fp32_o_reg[3][0]/D (DFFSQNA_X1M_A6P5PP140ZTS_C35)
                                                                    0.02      0.00       0.92 r
  data arrival time                                                                      0.92

  clock clk (rise edge)                                                       1.00       1.00
  clock network delay (ideal)                                                 0.00       1.00
  clock uncertainty                                                          -0.05       0.95
  u_dut/u_core/u_fp_accum/acc_fp32_o_reg[3][0]/CK (DFFSQNA_X1M_A6P5PP140ZTS_C35)
                                                                              0.00       0.95 r
  library setup time                                                         -0.03       0.92
  data required time                                                                     0.92
  ----------------------------------------------------------------------------------------------
  data required time                                                                     0.92
  data arrival time                                                                     -0.92
  ----------------------------------------------------------------------------------------------
  slack (MET)                                                                            0.00


  Startpoint: u_dut/u_core/u_product_pipe/bf16_lane_item_o_reg[2][1][9]
              (rising edge-triggered flip-flop clocked by clk)
  Endpoint: u_dut/u_core/u_fp_accum/u_tree/pair01_q_reg[2][0]
            (rising edge-triggered flip-flop clocked by clk)
  Path Group: clk
  Path Type: max

  Des/Clust/Port     Wire Load Model       Library
  ------------------------------------------------
  char_top           Zero                  sc6p5mcpp140z_cln22ul_base_svt_c35_tt_typical_max_0p80v_25c

  Point                                       Fanout       Cap     Trans      Incr       Path
  ----------------------------------------------------------------------------------------------
  clock clk (rise edge)                                                       0.00       0.00
  clock network delay (ideal)                                                 0.00       0.00
  u_dut/u_core/u_product_pipe/bf16_lane_item_o_reg[2][1][9]/CK (DFFRPQA_X2M_A6P5PP140ZTS_C35)
                                                                    0.00      0.00 #     0.00 r
  u_dut/u_core/u_product_pipe/bf16_lane_item_o_reg[2][1][9]/Q (DFFRPQA_X2M_A6P5PP140ZTS_C35)
                                                                    0.02      0.06       0.06 r
  u_dut/u_core/u_product_pipe/bf16_lane_item_o[2][1][9] (net)
                                                6         0.00                0.00       0.06 r
  u_dut/u_core/u_product_pipe/bf16_lane_item_o[2][1][9] (fusion_mul16_v4_product_pipe_1_1_1_1_1_0)
                                                                              0.00       0.06 r
  u_dut/u_core/bf16_lane_item[2][1][9] (net)              0.00                0.00       0.06 r
  U1813/Y (INV_X1M_A6P5PP140ZTS_C35)                                0.02      0.02       0.07 f
  n3730 (net)                                   4         0.00                0.00       0.07 f
  U2090/Y (NOR2_X2TA_A6P5PP140ZTS_C35)                              0.02      0.02       0.09 r
  n3784 (net)                                   4         0.00                0.00       0.09 r
  U7251/Y (OAI22_X1M_A6P5PP140ZTS_C35)                              0.03      0.02       0.12 f
  n3722 (net)                                   1         0.00                0.00       0.12 f
  U4200/Y (AO21A1AI2_X2M_A6P5PP140ZTS_C35)                          0.02      0.03       0.14 r
  n2062 (net)                                   1         0.00                0.00       0.14 r
  U2103/Y (NAND2_X2M_A6P5PP140ZTS_C35)                              0.02      0.01       0.16 f
  n3726 (net)                                   1         0.00                0.00       0.16 f
  U6087/Y (AOI21_X3M_A6P5PP140ZTS_C35)                              0.02      0.02       0.18 r
  n3807 (net)                                   2         0.00                0.00       0.18 r
  U7254/Y (BUFA_X6M_A6P5PP140ZTS_C35)                               0.03      0.03       0.21 r
  n4104 (net)                                  17         0.01                0.00       0.21 r
  U6085/Y (OAI21_X3M_A6P5PP140ZTS_C35)                              0.01      0.01       0.23 f
  n3797 (net)                                   1         0.00                0.00       0.23 f
  U5171/Y (OAI21_X2M_A6P5PP140ZTS_C35)                              0.02      0.01       0.24 r
  n3811 (net)                                   1         0.00                0.00       0.24 r
  U4585/Y (NAND2_X3M_A6P5PP140ZTS_C35)                              0.02      0.02       0.26 f
  n8903 (net)                                   5         0.00                0.00       0.26 f
  U7348/Y (INV_X2M_A6P5PP140ZTS_C35)                                0.01      0.01       0.28 r
  n3842 (net)                                   2         0.00                0.00       0.28 r
  U6090/Y (NAND2_X2M_A6P5PP140ZTS_C35)                              0.02      0.02       0.29 f
  n3913 (net)                                   3         0.00                0.00       0.29 f
  U4199/Y (NOR2_X1TA_A6P5PP140ZTS_C35)                              0.03      0.03       0.32 r
  n3929 (net)                                   2         0.00                0.00       0.32 r
  U6086/Y (AOI22_X2M_A6P5PP140ZTS_C35)                              0.03      0.02       0.34 f
  n10824 (net)                                  3         0.00                0.00       0.34 f
  U2160/Y (XOR2_X0P5M_A6P5PP140ZTS_C35)                             0.03      0.03       0.38 f
  n8592 (net)                                   1         0.00                0.00       0.38 f
  U10313/Y (OA21B_X1M_A6P5PP140ZTS_C35)                             0.03      0.03       0.41 r
  u_dut/u_core/u_fp_accum/u_tree/G_TREE[2].u_pair01/U1/fr[6] (net)
                                                3         0.00                0.00       0.41 r
  U6091/Y (INV_X1M_A6P5PP140ZTS_C35)                                0.01      0.01       0.42 f
  u_dut/u_core/u_fp_accum/u_tree/G_TREE[2].u_pair01/U1/U2/U1/or2_inv[0][10] (net)
                                                1         0.00                0.00       0.42 f
  u_dut/u_core/u_fp_accum/u_tree/G_TREE[2].u_pair01/U1/U2/U1/UEN0_0_1_2/Y (AOI21_X0P5M_A6P5PP140ZTS_C35)
                                                                    0.02      0.02       0.44 r
  u_dut/u_core/u_fp_accum/u_tree/G_TREE[2].u_pair01/U1/U2/U1/enc_tree[0][1][10] (net)
                                                1         0.00                0.00       0.44 r
  u_dut/u_core/u_fp_accum/u_tree/G_TREE[2].u_pair01/U1/U2/U1/UEN1_0_2_1/Y (OAI21_X0P5M_A6P5PP140ZTS_C35)
                                                                    0.02      0.02       0.46 f
  u_dut/u_core/u_fp_accum/u_tree/G_TREE[2].u_pair01/U1/U2/U1/enc_tree[0][2][12] (net)
                                                1         0.00                0.00       0.46 f
  U6089/Y (AOI21_X2M_A6P5PP140ZTS_C35)                              0.04      0.03       0.50 r
  u_dut/u_core/u_fp_accum/u_tree/G_TREE[2].u_pair01/U1/num_zeros_path1[0] (net)
                                                5         0.00                0.00       0.50 r
  U1073/Y (INV_X2M_A6P5PP140ZTS_C35)                                0.02      0.02       0.51 f
  n4013 (net)                                   3         0.00                0.00       0.51 f
  U4111/Y (NOR2_X2A_A6P5PP140ZTS_C35)                               0.03      0.03       0.54 r
  n10081 (net)                                  6         0.00                0.00       0.54 r
  U2941/Y (NAND2_X1M_A6P5PP140ZTS_C35)                              0.02      0.02       0.56 f
  n3952 (net)                                   1         0.00                0.00       0.56 f
  U2942/Y (OAI21_X2M_A6P5PP140ZTS_C35)                              0.02      0.02       0.58 r
  n10017 (net)                                  2         0.00                0.00       0.58 r
  U7439/Y (NAND3_X1TA_A6P5PP140ZTS_C35)                             0.03      0.02       0.60 f
  n3953 (net)                                   1         0.00                0.00       0.60 f
  U5376/Y (OAI21_X3M_A6P5PP140ZTS_C35)                              0.03      0.02       0.62 r
  n4008 (net)                                   4         0.00                0.00       0.62 r
  U5833/Y (NOR2_X2TA_A6P5PP140ZTS_C35)                              0.02      0.02       0.64 f
  n4010 (net)                                   2         0.00                0.00       0.64 f
  U4972/Y (XNOR2_X4M_A6P5PP140ZTS_C35)                              0.03      0.03       0.67 f
  n2224 (net)                                   1         0.00                0.00       0.67 f
  U4971/Y (NOR2_X3TA_A6P5PP140ZTS_C35)                              0.02      0.02       0.69 r
  n2630 (net)                                   2         0.00                0.00       0.69 r
  U4595/Y (XNOR2_X2M_A6P5PP140ZTS_C35)                              0.04      0.03       0.71 r
  n4025 (net)                                   2         0.00                0.00       0.71 r
  U796/Y (NAND2_X1TA_A6P5PP140ZTS_C35)                              0.03      0.03       0.74 f
  n4063 (net)                                   3         0.00                0.00       0.74 f
  U2059/Y (OAI21_X2M_A6P5PP140ZTS_C35)                              0.02      0.03       0.76 r
  n4028 (net)                                   1         0.00                0.00       0.76 r
  U5359/Y (AOI21_X3M_A6P5PP140ZTS_C35)                              0.02      0.02       0.78 f
  n4074 (net)                                   4         0.00                0.00       0.78 f
  U5169/Y (OAI21_X3M_A6P5PP140ZTS_C35)                              0.02      0.02       0.80 r
  n4041 (net)                                   1         0.00                0.00       0.80 r
  U2047/Y (XNOR2_X3M_A6P5PP140ZTS_C35)                              0.02      0.03       0.83 r
  n8640 (net)                                   2         0.00                0.00       0.83 r
  U4973/Y (NOR2_X2A_A6P5PP140ZTS_C35)                               0.02      0.02       0.85 f
  n2225 (net)                                   2         0.00                0.00       0.85 f
  U4590/Y (AOI21_X3M_A6P5PP140ZTS_C35)                              0.04      0.03       0.88 r
  n10131 (net)                                  7         0.00                0.00       0.88 r
  U11339/Y (AOI22_X1M_A6P5PP140ZTS_C35)                             0.03      0.02       0.90 f
  n371 (net)                                    1         0.00                0.00       0.90 f
  u_dut/u_core/u_fp_accum/u_tree/pair01_q_reg[2][0]/D (DFFSQNA_X1M_A6P5PP140ZTS_C35)
                                                                    0.03      0.00       0.90 f
  data arrival time                                                                      0.90

  clock clk (rise edge)                                                       1.00       1.00
  clock network delay (ideal)                                                 0.00       1.00
  clock uncertainty                                                          -0.05       0.95
  u_dut/u_core/u_fp_accum/u_tree/pair01_q_reg[2][0]/CK (DFFSQNA_X1M_A6P5PP140ZTS_C35)
                                                                              0.00       0.95 r
  library setup time                                                         -0.05       0.90
  data required time                                                                     0.90
  ----------------------------------------------------------------------------------------------
  data required time                                                                     0.90
  data arrival time                                                                     -0.90
  ----------------------------------------------------------------------------------------------
  slack (MET)                                                                            0.00


  Startpoint: u_dut/u_core/u_product_pipe/bf16_lane_item_o_reg[2][1][9]
              (rising edge-triggered flip-flop clocked by clk)
  Endpoint: u_dut/u_core/u_fp_accum/u_tree/pair01_q_reg[2][0]
            (rising edge-triggered flip-flop clocked by clk)
  Path Group: clk
  Path Type: max

  Des/Clust/Port     Wire Load Model       Library
  ------------------------------------------------
  char_top           Zero                  sc6p5mcpp140z_cln22ul_base_svt_c35_tt_typical_max_0p80v_25c

  Point                                       Fanout       Cap     Trans      Incr       Path
  ----------------------------------------------------------------------------------------------
  clock clk (rise edge)                                                       0.00       0.00
  clock network delay (ideal)                                                 0.00       0.00
  u_dut/u_core/u_product_pipe/bf16_lane_item_o_reg[2][1][9]/CK (DFFRPQA_X2M_A6P5PP140ZTS_C35)
                                                                    0.00      0.00 #     0.00 r
  u_dut/u_core/u_product_pipe/bf16_lane_item_o_reg[2][1][9]/Q (DFFRPQA_X2M_A6P5PP140ZTS_C35)
                                                                    0.02      0.06       0.06 r
  u_dut/u_core/u_product_pipe/bf16_lane_item_o[2][1][9] (net)
                                                6         0.00                0.00       0.06 r
  u_dut/u_core/u_product_pipe/bf16_lane_item_o[2][1][9] (fusion_mul16_v4_product_pipe_1_1_1_1_1_0)
                                                                              0.00       0.06 r
  u_dut/u_core/bf16_lane_item[2][1][9] (net)              0.00                0.00       0.06 r
  U1813/Y (INV_X1M_A6P5PP140ZTS_C35)                                0.02      0.02       0.07 f
  n3730 (net)                                   4         0.00                0.00       0.07 f
  U2090/Y (NOR2_X2TA_A6P5PP140ZTS_C35)                              0.02      0.02       0.09 r
  n3784 (net)                                   4         0.00                0.00       0.09 r
  U7251/Y (OAI22_X1M_A6P5PP140ZTS_C35)                              0.03      0.02       0.12 f
  n3722 (net)                                   1         0.00                0.00       0.12 f
  U4200/Y (AO21A1AI2_X2M_A6P5PP140ZTS_C35)                          0.02      0.03       0.14 r
  n2062 (net)                                   1         0.00                0.00       0.14 r
  U2103/Y (NAND2_X2M_A6P5PP140ZTS_C35)                              0.02      0.01       0.16 f
  n3726 (net)                                   1         0.00                0.00       0.16 f
  U6087/Y (AOI21_X3M_A6P5PP140ZTS_C35)                              0.02      0.02       0.18 r
  n3807 (net)                                   2         0.00                0.00       0.18 r
  U7254/Y (BUFA_X6M_A6P5PP140ZTS_C35)                               0.03      0.03       0.21 r
  n4104 (net)                                  17         0.01                0.00       0.21 r
  U6085/Y (OAI21_X3M_A6P5PP140ZTS_C35)                              0.01      0.01       0.23 f
  n3797 (net)                                   1         0.00                0.00       0.23 f
  U5171/Y (OAI21_X2M_A6P5PP140ZTS_C35)                              0.02      0.01       0.24 r
  n3811 (net)                                   1         0.00                0.00       0.24 r
  U4585/Y (NAND2_X3M_A6P5PP140ZTS_C35)                              0.02      0.02       0.26 f
  n8903 (net)                                   5         0.00                0.00       0.26 f
  U7348/Y (INV_X2M_A6P5PP140ZTS_C35)                                0.01      0.01       0.28 r
  n3842 (net)                                   2         0.00                0.00       0.28 r
  U6090/Y (NAND2_X2M_A6P5PP140ZTS_C35)                              0.02      0.02       0.29 f
  n3913 (net)                                   3         0.00                0.00       0.29 f
  U4199/Y (NOR2_X1TA_A6P5PP140ZTS_C35)                              0.03      0.03       0.32 r
  n3929 (net)                                   2         0.00                0.00       0.32 r
  U6086/Y (AOI22_X2M_A6P5PP140ZTS_C35)                              0.03      0.02       0.34 f
  n10824 (net)                                  3         0.00                0.00       0.34 f
  U2160/Y (XOR2_X0P5M_A6P5PP140ZTS_C35)                             0.03      0.03       0.38 f
  n8592 (net)                                   1         0.00                0.00       0.38 f
  U10313/Y (OA21B_X1M_A6P5PP140ZTS_C35)                             0.03      0.03       0.41 r
  u_dut/u_core/u_fp_accum/u_tree/G_TREE[2].u_pair01/U1/fr[6] (net)
                                                3         0.00                0.00       0.41 r
  U6091/Y (INV_X1M_A6P5PP140ZTS_C35)                                0.01      0.01       0.42 f
  u_dut/u_core/u_fp_accum/u_tree/G_TREE[2].u_pair01/U1/U2/U1/or2_inv[0][10] (net)
                                                1         0.00                0.00       0.42 f
  u_dut/u_core/u_fp_accum/u_tree/G_TREE[2].u_pair01/U1/U2/U1/UEN0_0_1_2/Y (AOI21_X0P5M_A6P5PP140ZTS_C35)
                                                                    0.02      0.02       0.44 r
  u_dut/u_core/u_fp_accum/u_tree/G_TREE[2].u_pair01/U1/U2/U1/enc_tree[0][1][10] (net)
                                                1         0.00                0.00       0.44 r
  u_dut/u_core/u_fp_accum/u_tree/G_TREE[2].u_pair01/U1/U2/U1/UEN1_0_2_1/Y (OAI21_X0P5M_A6P5PP140ZTS_C35)
                                                                    0.02      0.02       0.46 f
  u_dut/u_core/u_fp_accum/u_tree/G_TREE[2].u_pair01/U1/U2/U1/enc_tree[0][2][12] (net)
                                                1         0.00                0.00       0.46 f
  U6089/Y (AOI21_X2M_A6P5PP140ZTS_C35)                              0.04      0.03       0.50 r
  u_dut/u_core/u_fp_accum/u_tree/G_TREE[2].u_pair01/U1/num_zeros_path1[0] (net)
                                                5         0.00                0.00       0.50 r
  U1073/Y (INV_X2M_A6P5PP140ZTS_C35)                                0.02      0.02       0.51 f
  n4013 (net)                                   3         0.00                0.00       0.51 f
  U4111/Y (NOR2_X2A_A6P5PP140ZTS_C35)                               0.03      0.03       0.54 r
  n10081 (net)                                  6         0.00                0.00       0.54 r
  U2941/Y (NAND2_X1M_A6P5PP140ZTS_C35)                              0.02      0.02       0.56 f
  n3952 (net)                                   1         0.00                0.00       0.56 f
  U2942/Y (OAI21_X2M_A6P5PP140ZTS_C35)                              0.02      0.02       0.58 r
  n10017 (net)                                  2         0.00                0.00       0.58 r
  U7439/Y (NAND3_X1TA_A6P5PP140ZTS_C35)                             0.03      0.02       0.60 f
  n3953 (net)                                   1         0.00                0.00       0.60 f
  U5376/Y (OAI21_X3M_A6P5PP140ZTS_C35)                              0.03      0.02       0.62 r
  n4008 (net)                                   4         0.00                0.00       0.62 r
  U5833/Y (NOR2_X2TA_A6P5PP140ZTS_C35)                              0.02      0.02       0.64 f
  n4010 (net)                                   2         0.00                0.00       0.64 f
  U4972/Y (XNOR2_X4M_A6P5PP140ZTS_C35)                              0.03      0.03       0.67 f
  n2224 (net)                                   1         0.00                0.00       0.67 f
  U4971/Y (NOR2_X3TA_A6P5PP140ZTS_C35)                              0.02      0.02       0.69 r
  n2630 (net)                                   2         0.00                0.00       0.69 r
  U4595/Y (XNOR2_X2M_A6P5PP140ZTS_C35)                              0.04      0.03       0.71 r
  n4025 (net)                                   2         0.00                0.00       0.71 r
  U796/Y (NAND2_X1TA_A6P5PP140ZTS_C35)                              0.03      0.03       0.74 f
  n4063 (net)                                   3         0.00                0.00       0.74 f
  U2059/Y (OAI21_X2M_A6P5PP140ZTS_C35)                              0.02      0.03       0.76 r
  n4028 (net)                                   1         0.00                0.00       0.76 r
  U5359/Y (AOI21_X3M_A6P5PP140ZTS_C35)                              0.02      0.02       0.78 f
  n4074 (net)                                   4         0.00                0.00       0.78 f
  U5169/Y (OAI21_X3M_A6P5PP140ZTS_C35)                              0.02      0.02       0.80 r
  n4041 (net)                                   1         0.00                0.00       0.80 r
  U2047/Y (XNOR2_X3M_A6P5PP140ZTS_C35)                              0.02      0.03       0.83 r
  n8640 (net)                                   2         0.00                0.00       0.83 r
  U4973/Y (NOR2_X2A_A6P5PP140ZTS_C35)                               0.02      0.02       0.85 f
  n2225 (net)                                   2         0.00                0.00       0.85 f
  U4590/Y (AOI21_X3M_A6P5PP140ZTS_C35)                              0.04      0.03       0.88 r
  n10131 (net)                                  7         0.00                0.00       0.88 r
  U11339/Y (AOI22_X1M_A6P5PP140ZTS_C35)                             0.03      0.02       0.90 f
  n371 (net)                                    1         0.00                0.00       0.90 f
  u_dut/u_core/u_fp_accum/u_tree/pair01_q_reg[2][0]/D (DFFSQNA_X1M_A6P5PP140ZTS_C35)
                                                                    0.03      0.00       0.90 f
  data arrival time                                                                      0.90

  clock clk (rise edge)                                                       1.00       1.00
  clock network delay (ideal)                                                 0.00       1.00
  clock uncertainty                                                          -0.05       0.95
  u_dut/u_core/u_fp_accum/u_tree/pair01_q_reg[2][0]/CK (DFFSQNA_X1M_A6P5PP140ZTS_C35)
                                                                              0.00       0.95 r
  library setup time                                                         -0.05       0.90
  data required time                                                                     0.90
  ----------------------------------------------------------------------------------------------
  data required time                                                                     0.90
  data arrival time                                                                     -0.90
  ----------------------------------------------------------------------------------------------
  slack (MET)                                                                            0.00


  Startpoint: u_dut/u_core/u_fp_accum/acc_fp32_o_reg[3][27]
              (rising edge-triggered flip-flop clocked by clk)
  Endpoint: u_dut/u_core/u_fp_accum/acc_fp32_o_reg[3][22]
            (rising edge-triggered flip-flop clocked by clk)
  Path Group: clk
  Path Type: max

  Des/Clust/Port     Wire Load Model       Library
  ------------------------------------------------
  char_top           Zero                  sc6p5mcpp140z_cln22ul_base_svt_c35_tt_typical_max_0p80v_25c

  Point                                       Fanout       Cap     Trans      Incr       Path
  ----------------------------------------------------------------------------------------------
  clock clk (rise edge)                                                       0.00       0.00
  clock network delay (ideal)                                                 0.00       0.00
  u_dut/u_core/u_fp_accum/acc_fp32_o_reg[3][27]/CK (DFFSQNA_X1M_A6P5PP140ZTS_C35)
                                                                    0.00      0.00 #     0.00 r
  u_dut/u_core/u_fp_accum/acc_fp32_o_reg[3][27]/QN (DFFSQNA_X1M_A6P5PP140ZTS_C35)
                                                                    0.02      0.04       0.04 f
  n11430 (net)                                  1         0.00                0.00       0.04 f
  U4922/Y (BUFA_X6M_A6P5PP140ZTS_C35)                               0.02      0.03       0.07 f
  fp_acc_packed_o[123] (net)                    9         0.01                0.00       0.07 f
  U1879/Y (NOR2_X6A_A6P5PP140ZTS_C35)                               0.02      0.02       0.09 r
  n3498 (net)                                   5         0.00                0.00       0.09 r
  U1898/Y (NOR2_X1A_A6P5PP140ZTS_C35)                               0.01      0.01       0.10 f
  n3406 (net)                                   1         0.00                0.00       0.10 f
  U5100/Y (INV_X2M_A6P5PP140ZTS_C35)                                0.02      0.02       0.12 r
  n2291 (net)                                   1         0.00                0.00       0.12 r
  U5099/Y (NOR3_X4TA_A6P5PP140ZTS_C35)                              0.02      0.01       0.13 f
  n2435 (net)                                   1         0.00                0.00       0.13 f
  U5463/Y (NOR2_X8TA_A6P5PP140ZTS_C35)                              0.02      0.02       0.15 r
  n3537 (net)                                   5         0.01                0.00       0.15 r
  U5584/Y (NAND2_X8M_A6P5PP140ZTS_C35)                              0.02      0.02       0.17 f
  n3113 (net)                                   4         0.01                0.00       0.17 f
  U6349/Y (INV_X7M_A6P5PP140ZTS_C35)                                0.01      0.01       0.18 r
  n3071 (net)                                   1         0.00                0.00       0.18 r
  U5987/Y (NAND2_X8TA_A6P5PP140ZTS_C35)                             0.03      0.02       0.20 f
  n3468 (net)                                   6         0.01                0.00       0.20 f
  U4493/Y (INV_X12M_A6P5PP140ZTS_C35)                               0.01      0.02       0.21 r
  n6808 (net)                                   9         0.01                0.00       0.21 r
  U7028/Y (MXIT2_X3M_A6P5PP140ZTS_C35)                              0.04      0.02       0.23 r
  n6623 (net)                                   4         0.00                0.00       0.23 r
  U5795/Y (AND2_X2M_A6P5PP140ZTS_C35)                               0.02      0.03       0.27 r
  n6663 (net)                                   2         0.00                0.00       0.27 r
  U6074/Y (NOR2_X2A_A6P5PP140ZTS_C35)                               0.02      0.01       0.28 f
  n6699 (net)                                   2         0.00                0.00       0.28 f
  U5497/Y (OR3_X1M_A6P5PP140ZTS_C35)                                0.01      0.03       0.31 f
  n6704 (net)                                   1         0.00                0.00       0.31 f
  U4762/Y (NAND2_X1M_A6P5PP140ZTS_C35)                              0.02      0.01       0.33 r
  n3013 (net)                                   1         0.00                0.00       0.33 r
  U4434/Y (NOR2_X1P4TA_A6P5PP140ZTS_C35)                            0.02      0.01       0.34 f
  n3011 (net)                                   1         0.00                0.00       0.34 f
  U5176/Y (NAND2_X3M_A6P5PP140ZTS_C35)                              0.01      0.01       0.35 r
  n2313 (net)                                   1         0.00                0.00       0.35 r
  U1418/Y (NAND2_X3TA_A6P5PP140ZTS_C35)                             0.02      0.01       0.36 f
  n11224 (net)                                  3         0.00                0.00       0.36 f
  U2864/Y (XNOR2_X2M_A6P5PP140ZTS_C35)                              0.03      0.03       0.39 f
  n11225 (net)                                  1         0.00                0.00       0.39 f
  U11939/Y (AOI21_X2M_A6P5PP140ZTS_C35)                             0.03      0.03       0.42 r
  u_dut/u_core/u_fp_accum/G_ACC[3].u_acc/U1/fr[8] (net)
                                                2         0.00                0.00       0.42 r
  u_dut/u_core/u_fp_accum/G_ACC[3].u_acc/U1/U2/U1/UORT0_1_6/Y (NOR2_X2A_A6P5PP140ZTS_C35)
                                                                    0.01      0.01       0.43 f
  u_dut/u_core/u_fp_accum/G_ACC[3].u_acc/U1/U2/U1/enc_tree[1][1][12] (net)
                                                3         0.00                0.00       0.43 f
  U10990/Y (INV_X1M_A6P5PP140ZTS_C35)                               0.02      0.02       0.45 r
  u_dut/u_core/u_fp_accum/G_ACC[3].u_acc/U1/U2/U1/or2_inv[1][12] (net)
                                                1         0.00                0.00       0.45 r
  U4433/Y (OAI21_X2M_A6P5PP140ZTS_C35)                              0.02      0.02       0.46 f
  u_dut/u_core/u_fp_accum/G_ACC[3].u_acc/U1/U2/U1/enc_tree[1][2][12] (net)
                                                1         0.00                0.00       0.46 f
  U6071/Y (AO21A1AI2_X3M_A6P5PP140ZTS_C35)                          0.02      0.02       0.48 r
  n2763 (net)                                   1         0.00                0.00       0.48 r
  U1169/Y (NAND2_X3M_A6P5PP140ZTS_C35)                              0.02      0.02       0.50 f
  u_dut/u_core/u_fp_accum/G_ACC[3].u_acc/U1/U2/U1/enc_tree[1][4][16] (net)
                                                1         0.00                0.00       0.50 f
  U4641/Y (INV_X7M_A6P5PP140ZTS_C35)                                0.02      0.02       0.52 r
  n7255 (net)                                  15         0.01                0.00       0.52 r
  U9249/Y (NAND2_X4M_A6P5PP140ZTS_C35)                              0.01      0.01       0.53 f
  n7477 (net)                                   1         0.00                0.00       0.53 f
  U4119/Y (INV_X3M_A6P5PP140ZTS_C35)                                0.01      0.01       0.54 r
  n1944 (net)                                   2         0.00                0.00       0.54 r
  U4121/Y (INV_X4M_A6P5PP140ZTS_C35)                                0.02      0.02       0.56 f
  n1946 (net)                                  17         0.01                0.00       0.56 f
  U1043/Y (NOR2_X1TA_A6P5PP140ZTS_C35)                              0.02      0.02       0.58 r
  n7063 (net)                                   2         0.00                0.00       0.58 r
  U9357/Y (NAND2_X1A_A6P5PP140ZTS_C35)                              0.03      0.03       0.60 f
  n7086 (net)                                   3         0.00                0.00       0.60 f
  U9363/Y (MXIT2_X1M_A6P5PP140ZTS_C35)                              0.03      0.03       0.64 f
  n7087 (net)                                   1         0.00                0.00       0.64 f
  U2724/Y (NOR2_X1A_A6P5PP140ZTS_C35)                               0.02      0.02       0.66 r
  n2518 (net)                                   1         0.00                0.00       0.66 r
  U1944/Y (OAI21_X1M_A6P5PP140ZTS_C35)                              0.02      0.02       0.68 f
  n7090 (net)                                   1         0.00                0.00       0.68 f
  U9364/S (ADDH_X1M_A6P5PP140ZTS_C35)                               0.02      0.05       0.73 r
  n7091 (net)                                   2         0.00                0.00       0.73 r
  U4956/Y (NAND2_X2M_A6P5PP140ZTS_C35)                              0.02      0.02       0.75 f
  n7139 (net)                                   4         0.00                0.00       0.75 f
  U831/Y (INV_X1M_A6P5PP140ZTS_C35)                                 0.01      0.02       0.76 r
  n7130 (net)                                   2         0.00                0.00       0.76 r
  U9370/Y (AOI21_X0P5M_A6P5PP140ZTS_C35)                            0.03      0.02       0.78 f
  n7096 (net)                                   1         0.00                0.00       0.78 f
  U4951/Y (OAI21_X3M_A6P5PP140ZTS_C35)                              0.02      0.02       0.80 r
  n2214 (net)                                   1         0.00                0.00       0.80 r
  U4950/Y (XNOR2_X4M_A6P5PP140ZTS_C35)                              0.03      0.03       0.83 r
  n7124 (net)                                   2         0.00                0.00       0.83 r
  U1942/Y (INV_X4M_A6P5PP140ZTS_C35)                                0.01      0.01       0.84 f
  n9763 (net)                                   2         0.00                0.00       0.84 f
  U2764/Y (NOR2_X4A_A6P5PP140ZTS_C35)                               0.02      0.01       0.86 r
  n2992 (net)                                   1         0.00                0.00       0.86 r
  U5090/Y (NAND2_X6M_A6P5PP140ZTS_C35)                              0.02      0.02       0.87 f
  n2775 (net)                                   7         0.01                0.00       0.87 f
  U2921/Y (INV_X5M_A6P5PP140ZTS_C35)                                0.01      0.01       0.89 r
  n1093 (net)                                   2         0.00                0.00       0.89 r
  U5082/Y (NOR2_X1P4TA_A6P5PP140ZTS_C35)                            0.01      0.01       0.89 f
  n2486 (net)                                   1         0.00                0.00       0.89 f
  U2197/Y (AOI211_X1M_A6P5PP140ZTS_C35)                             0.03      0.02       0.92 r
  n231 (net)                                    1         0.00                0.00       0.92 r
  u_dut/u_core/u_fp_accum/acc_fp32_o_reg[3][22]/D (DFFSQNA_X1M_A6P5PP140ZTS_C35)
                                                                    0.03      0.00       0.92 r
  data arrival time                                                                      0.92

  clock clk (rise edge)                                                       1.00       1.00
  clock network delay (ideal)                                                 0.00       1.00
  clock uncertainty                                                          -0.05       0.95
  u_dut/u_core/u_fp_accum/acc_fp32_o_reg[3][22]/CK (DFFSQNA_X1M_A6P5PP140ZTS_C35)
                                                                              0.00       0.95 r
  library setup time                                                         -0.03       0.92
  data required time                                                                     0.92
  ----------------------------------------------------------------------------------------------
  data required time                                                                     0.92
  data arrival time                                                                     -0.92
  ----------------------------------------------------------------------------------------------
  slack (MET)                                                                            0.00


  Startpoint: u_dut/u_core/u_product_pipe/bf16_lane_item_o_reg[0][0][9]
              (rising edge-triggered flip-flop clocked by clk)
  Endpoint: u_dut/u_core/u_fp_accum/u_tree/pair01_q_reg[0][0]
            (rising edge-triggered flip-flop clocked by clk)
  Path Group: clk
  Path Type: max

  Des/Clust/Port     Wire Load Model       Library
  ------------------------------------------------
  char_top           Zero                  sc6p5mcpp140z_cln22ul_base_svt_c35_tt_typical_max_0p80v_25c

  Point                                       Fanout       Cap     Trans      Incr       Path
  ----------------------------------------------------------------------------------------------
  clock clk (rise edge)                                                       0.00       0.00
  clock network delay (ideal)                                                 0.00       0.00
  u_dut/u_core/u_product_pipe/bf16_lane_item_o_reg[0][0][9]/CK (DFFRPQA_X2M_A6P5PP140ZTS_C35)
                                                                    0.00      0.00 #     0.00 r
  u_dut/u_core/u_product_pipe/bf16_lane_item_o_reg[0][0][9]/Q (DFFRPQA_X2M_A6P5PP140ZTS_C35)
                                                                    0.01      0.05       0.05 r
  u_dut/u_core/u_product_pipe/bf16_lane_item_o[0][0][9] (net)
                                                3         0.00                0.00       0.05 r
  u_dut/u_core/u_product_pipe/bf16_lane_item_o[0][0][9] (fusion_mul16_v4_product_pipe_1_1_1_1_1_0)
                                                                              0.00       0.05 r
  u_dut/u_core/bf16_lane_item[0][0][9] (net)              0.00                0.00       0.05 r
  U1855/Y (INV_X1M_A6P5PP140ZTS_C35)                                0.01      0.01       0.06 f
  n5246 (net)                                   2         0.00                0.00       0.06 f
  U1830/Y (NAND2_X2M_A6P5PP140ZTS_C35)                              0.02      0.02       0.08 r
  n5285 (net)                                   4         0.00                0.00       0.08 r
  U2491/Y (INV_X2M_A6P5PP140ZTS_C35)                                0.01      0.01       0.09 f
  n5307 (net)                                   3         0.00                0.00       0.09 f
  U8241/Y (OAI22_X2M_A6P5PP140ZTS_C35)                              0.03      0.02       0.11 r
  n5240 (net)                                   1         0.00                0.00       0.11 r
  U1784/Y (AO21A1AI2_X2M_A6P5PP140ZTS_C35)                          0.02      0.03       0.14 f
  n2338 (net)                                   1         0.00                0.00       0.14 f
  U4549/Y (NAND2_X2M_A6P5PP140ZTS_C35)                              0.01      0.02       0.16 r
  n2044 (net)                                   1         0.00                0.00       0.16 r
  U4548/Y (INV_X2M_A6P5PP140ZTS_C35)                                0.01      0.01       0.17 f
  n2043 (net)                                   1         0.00                0.00       0.17 f
  U2595/Y (NAND2_X3TA_A6P5PP140ZTS_C35)                             0.02      0.02       0.18 r
  n2863 (net)                                   1         0.00                0.00       0.18 r
  U4396/Y (INV_X8M_A6P5PP140ZTS_C35)                                0.02      0.02       0.20 f
  n9041 (net)                                  11         0.01                0.00       0.20 f
  U8347/Y (MXIT2_X1M_A6P5PP140ZTS_C35)                              0.04      0.04       0.24 f
  n5402 (net)                                   4         0.00                0.00       0.24 f
  U8349/Y (OAI21_X1M_A6P5PP140ZTS_C35)                              0.03      0.04       0.28 r
  n5422 (net)                                   2         0.00                0.00       0.28 r
  U8396/Y (AO21B_X1M_A6P5PP140ZTS_C35)                              0.02      0.03       0.31 r
  n5442 (net)                                   2         0.00                0.00       0.31 r
  U5570/Y (AOI22_X2M_A6P5PP140ZTS_C35)                              0.03      0.02       0.33 f
  n10239 (net)                                  3         0.00                0.00       0.33 f
  U2590/Y (XOR2_X0P5M_A6P5PP140ZTS_C35)                             0.03      0.03       0.37 f
  n8591 (net)                                   1         0.00                0.00       0.37 f
  U10312/Y (OA21B_X1M_A6P5PP140ZTS_C35)                             0.03      0.03       0.40 r
  u_dut/u_core/u_fp_accum/u_tree/G_TREE[0].u_pair01/U1/fr[6] (net)
                                                3         0.00                0.00       0.40 r
  U10605/Y (INV_X1M_A6P5PP140ZTS_C35)                               0.01      0.01       0.41 f
  u_dut/u_core/u_fp_accum/u_tree/G_TREE[0].u_pair01/U1/U2/U1/or2_inv[0][10] (net)
                                                1         0.00                0.00       0.41 f
  u_dut/u_core/u_fp_accum/u_tree/G_TREE[0].u_pair01/U1/U2/U1/UEN0_0_1_2/Y (AOI21_X0P5M_A6P5PP140ZTS_C35)
                                                                    0.02      0.02       0.43 r
  u_dut/u_core/u_fp_accum/u_tree/G_TREE[0].u_pair01/U1/U2/U1/enc_tree[0][1][10] (net)
                                                1         0.00                0.00       0.43 r
  u_dut/u_core/u_fp_accum/u_tree/G_TREE[0].u_pair01/U1/U2/U1/UEN1_0_2_1/Y (OAI21_X0P5M_A6P5PP140ZTS_C35)
                                                                    0.03      0.02       0.46 f
  u_dut/u_core/u_fp_accum/u_tree/G_TREE[0].u_pair01/U1/U2/U1/enc_tree[0][2][12] (net)
                                                1         0.00                0.00       0.46 f
  U4219/Y (AOI21_X3M_A6P5PP140ZTS_C35)                              0.03      0.03       0.49 r
  u_dut/u_core/u_fp_accum/u_tree/G_TREE[0].u_pair01/U1/num_zeros_path1[0] (net)
                                                5         0.00                0.00       0.49 r
  U8249/Y (INV_X2M_A6P5PP140ZTS_C35)                                0.01      0.01       0.50 f
  n5529 (net)                                   3         0.00                0.00       0.50 f
  U2592/Y (NOR2_X2A_A6P5PP140ZTS_C35)                               0.03      0.03       0.53 r
  n9830 (net)                                   6         0.00                0.00       0.53 r
  U8420/Y (INV_X1M_A6P5PP140ZTS_C35)                                0.02      0.02       0.54 f
  n9796 (net)                                   3         0.00                0.00       0.54 f
  U2596/Y (NOR2_X1A_A6P5PP140ZTS_C35)                               0.04      0.03       0.58 r
  n9767 (net)                                   2         0.00                0.00       0.58 r
  U5622/Y (NOR3_X2TA_A6P5PP140ZTS_C35)                              0.02      0.02       0.60 f
  n5474 (net)                                   1         0.00                0.00       0.60 f
  U2481/Y (OAI21_X3M_A6P5PP140ZTS_C35)                              0.04      0.03       0.62 r
  n5526 (net)                                   4         0.00                0.00       0.62 r
  U4527/Y (NOR2_X2A_A6P5PP140ZTS_C35)                               0.02      0.02       0.64 f
  n5527 (net)                                   2         0.00                0.00       0.64 f
  U2488/Y (XNOR2_X4M_A6P5PP140ZTS_C35)                              0.02      0.03       0.67 f
  n925 (net)                                    1         0.00                0.00       0.67 f
  U2487/Y (NOR2_X3TA_A6P5PP140ZTS_C35)                              0.01      0.02       0.68 r
  n2865 (net)                                   2         0.00                0.00       0.68 r
  U4885/Y (XNOR2_X2M_A6P5PP140ZTS_C35)                              0.04      0.03       0.71 r
  n5538 (net)                                   2         0.00                0.00       0.71 r
  U4014/Y (NAND2_X1P4TA_A6P5PP140ZTS_C35)                           0.02      0.02       0.73 f
  n5573 (net)                                   3         0.00                0.00       0.73 f
  U8478/Y (OAI21_X1M_A6P5PP140ZTS_C35)                              0.04      0.03       0.76 r
  n5541 (net)                                   1         0.00                0.00       0.76 r
  U2048/Y (AOI21_X4M_A6P5PP140ZTS_C35)                              0.02      0.02       0.78 f
  n5585 (net)                                   4         0.00                0.00       0.78 f
  U4884/Y (OAI21_X3M_A6P5PP140ZTS_C35)                              0.03      0.03       0.81 r
  n2182 (net)                                   1         0.00                0.00       0.81 r
  U4013/Y (XNOR2_X4M_A6P5PP140ZTS_C35)                              0.02      0.03       0.83 r
  n8607 (net)                                   2         0.00                0.00       0.83 r
  U5224/Y (NOR2_X3TA_A6P5PP140ZTS_C35)                              0.01      0.01       0.85 f
  n2335 (net)                                   1         0.00                0.00       0.85 f
  U2061/Y (NAND2_X4M_A6P5PP140ZTS_C35)                              0.02      0.01       0.86 r
  n9816 (net)                                   2         0.00                0.00       0.86 r
  U4697/Y (AND2_X4M_A6P5PP140ZTS_C35)                               0.01      0.03       0.89 r
  n9968 (net)                                   7         0.00                0.00       0.89 r
  U4546/Y (AOI22_X1M_A6P5PP140ZTS_C35)                              0.03      0.01       0.90 f
  n339 (net)                                    1         0.00                0.00       0.90 f
  u_dut/u_core/u_fp_accum/u_tree/pair01_q_reg[0][0]/D (DFFSQNA_X1M_A6P5PP140ZTS_C35)
                                                                    0.03      0.00       0.90 f
  data arrival time                                                                      0.90

  clock clk (rise edge)                                                       1.00       1.00
  clock network delay (ideal)                                                 0.00       1.00
  clock uncertainty                                                          -0.05       0.95
  u_dut/u_core/u_fp_accum/u_tree/pair01_q_reg[0][0]/CK (DFFSQNA_X1M_A6P5PP140ZTS_C35)
                                                                              0.00       0.95 r
  library setup time                                                         -0.05       0.90
  data required time                                                                     0.90
  ----------------------------------------------------------------------------------------------
  data required time                                                                     0.90
  data arrival time                                                                     -0.90
  ----------------------------------------------------------------------------------------------
  slack (MET)                                                                            0.00


  Startpoint: u_dut/u_core/u_product_pipe/bf16_lane_item_o_reg[0][0][9]
              (rising edge-triggered flip-flop clocked by clk)
  Endpoint: u_dut/u_core/u_fp_accum/u_tree/pair01_q_reg[0][1]
            (rising edge-triggered flip-flop clocked by clk)
  Path Group: clk
  Path Type: max

  Des/Clust/Port     Wire Load Model       Library
  ------------------------------------------------
  char_top           Zero                  sc6p5mcpp140z_cln22ul_base_svt_c35_tt_typical_max_0p80v_25c

  Point                                       Fanout       Cap     Trans      Incr       Path
  ----------------------------------------------------------------------------------------------
  clock clk (rise edge)                                                       0.00       0.00
  clock network delay (ideal)                                                 0.00       0.00
  u_dut/u_core/u_product_pipe/bf16_lane_item_o_reg[0][0][9]/CK (DFFRPQA_X2M_A6P5PP140ZTS_C35)
                                                                    0.00      0.00 #     0.00 r
  u_dut/u_core/u_product_pipe/bf16_lane_item_o_reg[0][0][9]/Q (DFFRPQA_X2M_A6P5PP140ZTS_C35)
                                                                    0.01      0.05       0.05 r
  u_dut/u_core/u_product_pipe/bf16_lane_item_o[0][0][9] (net)
                                                3         0.00                0.00       0.05 r
  u_dut/u_core/u_product_pipe/bf16_lane_item_o[0][0][9] (fusion_mul16_v4_product_pipe_1_1_1_1_1_0)
                                                                              0.00       0.05 r
  u_dut/u_core/bf16_lane_item[0][0][9] (net)              0.00                0.00       0.05 r
  U1855/Y (INV_X1M_A6P5PP140ZTS_C35)                                0.01      0.01       0.06 f
  n5246 (net)                                   2         0.00                0.00       0.06 f
  U1830/Y (NAND2_X2M_A6P5PP140ZTS_C35)                              0.02      0.02       0.08 r
  n5285 (net)                                   4         0.00                0.00       0.08 r
  U2491/Y (INV_X2M_A6P5PP140ZTS_C35)                                0.01      0.01       0.09 f
  n5307 (net)                                   3         0.00                0.00       0.09 f
  U8241/Y (OAI22_X2M_A6P5PP140ZTS_C35)                              0.03      0.02       0.11 r
  n5240 (net)                                   1         0.00                0.00       0.11 r
  U1784/Y (AO21A1AI2_X2M_A6P5PP140ZTS_C35)                          0.02      0.03       0.14 f
  n2338 (net)                                   1         0.00                0.00       0.14 f
  U4549/Y (NAND2_X2M_A6P5PP140ZTS_C35)                              0.01      0.02       0.16 r
  n2044 (net)                                   1         0.00                0.00       0.16 r
  U4548/Y (INV_X2M_A6P5PP140ZTS_C35)                                0.01      0.01       0.17 f
  n2043 (net)                                   1         0.00                0.00       0.17 f
  U2595/Y (NAND2_X3TA_A6P5PP140ZTS_C35)                             0.02      0.02       0.18 r
  n2863 (net)                                   1         0.00                0.00       0.18 r
  U4396/Y (INV_X8M_A6P5PP140ZTS_C35)                                0.02      0.02       0.20 f
  n9041 (net)                                  11         0.01                0.00       0.20 f
  U8347/Y (MXIT2_X1M_A6P5PP140ZTS_C35)                              0.04      0.04       0.24 f
  n5402 (net)                                   4         0.00                0.00       0.24 f
  U8349/Y (OAI21_X1M_A6P5PP140ZTS_C35)                              0.03      0.04       0.28 r
  n5422 (net)                                   2         0.00                0.00       0.28 r
  U8396/Y (AO21B_X1M_A6P5PP140ZTS_C35)                              0.02      0.03       0.31 r
  n5442 (net)                                   2         0.00                0.00       0.31 r
  U5570/Y (AOI22_X2M_A6P5PP140ZTS_C35)                              0.03      0.02       0.33 f
  n10239 (net)                                  3         0.00                0.00       0.33 f
  U2590/Y (XOR2_X0P5M_A6P5PP140ZTS_C35)                             0.03      0.03       0.37 f
  n8591 (net)                                   1         0.00                0.00       0.37 f
  U10312/Y (OA21B_X1M_A6P5PP140ZTS_C35)                             0.03      0.03       0.40 r
  u_dut/u_core/u_fp_accum/u_tree/G_TREE[0].u_pair01/U1/fr[6] (net)
                                                3         0.00                0.00       0.40 r
  U10605/Y (INV_X1M_A6P5PP140ZTS_C35)                               0.01      0.01       0.41 f
  u_dut/u_core/u_fp_accum/u_tree/G_TREE[0].u_pair01/U1/U2/U1/or2_inv[0][10] (net)
                                                1         0.00                0.00       0.41 f
  u_dut/u_core/u_fp_accum/u_tree/G_TREE[0].u_pair01/U1/U2/U1/UEN0_0_1_2/Y (AOI21_X0P5M_A6P5PP140ZTS_C35)
                                                                    0.02      0.02       0.43 r
  u_dut/u_core/u_fp_accum/u_tree/G_TREE[0].u_pair01/U1/U2/U1/enc_tree[0][1][10] (net)
                                                1         0.00                0.00       0.43 r
  u_dut/u_core/u_fp_accum/u_tree/G_TREE[0].u_pair01/U1/U2/U1/UEN1_0_2_1/Y (OAI21_X0P5M_A6P5PP140ZTS_C35)
                                                                    0.03      0.02       0.46 f
  u_dut/u_core/u_fp_accum/u_tree/G_TREE[0].u_pair01/U1/U2/U1/enc_tree[0][2][12] (net)
                                                1         0.00                0.00       0.46 f
  U4219/Y (AOI21_X3M_A6P5PP140ZTS_C35)                              0.03      0.03       0.49 r
  u_dut/u_core/u_fp_accum/u_tree/G_TREE[0].u_pair01/U1/num_zeros_path1[0] (net)
                                                5         0.00                0.00       0.49 r
  U8249/Y (INV_X2M_A6P5PP140ZTS_C35)                                0.01      0.01       0.50 f
  n5529 (net)                                   3         0.00                0.00       0.50 f
  U2592/Y (NOR2_X2A_A6P5PP140ZTS_C35)                               0.03      0.03       0.53 r
  n9830 (net)                                   6         0.00                0.00       0.53 r
  U8420/Y (INV_X1M_A6P5PP140ZTS_C35)                                0.02      0.02       0.54 f
  n9796 (net)                                   3         0.00                0.00       0.54 f
  U2596/Y (NOR2_X1A_A6P5PP140ZTS_C35)                               0.04      0.03       0.58 r
  n9767 (net)                                   2         0.00                0.00       0.58 r
  U5622/Y (NOR3_X2TA_A6P5PP140ZTS_C35)                              0.02      0.02       0.60 f
  n5474 (net)                                   1         0.00                0.00       0.60 f
  U2481/Y (OAI21_X3M_A6P5PP140ZTS_C35)                              0.04      0.03       0.62 r
  n5526 (net)                                   4         0.00                0.00       0.62 r
  U4527/Y (NOR2_X2A_A6P5PP140ZTS_C35)                               0.02      0.02       0.64 f
  n5527 (net)                                   2         0.00                0.00       0.64 f
  U2488/Y (XNOR2_X4M_A6P5PP140ZTS_C35)                              0.02      0.03       0.67 f
  n925 (net)                                    1         0.00                0.00       0.67 f
  U2487/Y (NOR2_X3TA_A6P5PP140ZTS_C35)                              0.01      0.02       0.68 r
  n2865 (net)                                   2         0.00                0.00       0.68 r
  U4885/Y (XNOR2_X2M_A6P5PP140ZTS_C35)                              0.04      0.03       0.71 r
  n5538 (net)                                   2         0.00                0.00       0.71 r
  U4014/Y (NAND2_X1P4TA_A6P5PP140ZTS_C35)                           0.02      0.02       0.73 f
  n5573 (net)                                   3         0.00                0.00       0.73 f
  U8478/Y (OAI21_X1M_A6P5PP140ZTS_C35)                              0.04      0.03       0.76 r
  n5541 (net)                                   1         0.00                0.00       0.76 r
  U2048/Y (AOI21_X4M_A6P5PP140ZTS_C35)                              0.02      0.02       0.78 f
  n5585 (net)                                   4         0.00                0.00       0.78 f
  U4884/Y (OAI21_X3M_A6P5PP140ZTS_C35)                              0.03      0.03       0.81 r
  n2182 (net)                                   1         0.00                0.00       0.81 r
  U4013/Y (XNOR2_X4M_A6P5PP140ZTS_C35)                              0.02      0.03       0.83 r
  n8607 (net)                                   2         0.00                0.00       0.83 r
  U5224/Y (NOR2_X3TA_A6P5PP140ZTS_C35)                              0.01      0.01       0.85 f
  n2335 (net)                                   1         0.00                0.00       0.85 f
  U2061/Y (NAND2_X4M_A6P5PP140ZTS_C35)                              0.02      0.01       0.86 r
  n9816 (net)                                   2         0.00                0.00       0.86 r
  U4697/Y (AND2_X4M_A6P5PP140ZTS_C35)                               0.01      0.03       0.89 r
  n9968 (net)                                   7         0.00                0.00       0.89 r
  U6204/Y (AOI22_X1M_A6P5PP140ZTS_C35)                              0.03      0.01       0.90 f
  n338 (net)                                    1         0.00                0.00       0.90 f
  u_dut/u_core/u_fp_accum/u_tree/pair01_q_reg[0][1]/D (DFFSQNA_X1M_A6P5PP140ZTS_C35)
                                                                    0.03      0.00       0.90 f
  data arrival time                                                                      0.90

  clock clk (rise edge)                                                       1.00       1.00
  clock network delay (ideal)                                                 0.00       1.00
  clock uncertainty                                                          -0.05       0.95
  u_dut/u_core/u_fp_accum/u_tree/pair01_q_reg[0][1]/CK (DFFSQNA_X1M_A6P5PP140ZTS_C35)
                                                                              0.00       0.95 r
  library setup time                                                         -0.05       0.90
  data required time                                                                     0.90
  ----------------------------------------------------------------------------------------------
  data required time                                                                     0.90
  data arrival time                                                                     -0.90
  ----------------------------------------------------------------------------------------------
  slack (MET)                                                                            0.00


1
