 
****************************************
Report : timing
        -path full
        -delay max
        -nworst 5
        -nets
        -max_paths 20
        -transition_time
        -capacitance
Design : char_top
Version: X-2025.06-SP3
Date   : Tue Sep  1 15:37:42 2026
****************************************

Operating Conditions: tt_typical_max_0p80v_25c   Library: sc6p5mcpp140z_cln22ul_base_svt_c35_tt_typical_max_0p80v_25c
Wire Load Model Mode: top

  Startpoint: a_bits_i[1]
              (input port clocked by clk)
  Endpoint: u_dut/fp_acc_o_reg[5]
            (rising edge-triggered flip-flop clocked by clk)
  Path Group: clk
  Path Type: max

  Des/Clust/Port     Wire Load Model       Library
  ------------------------------------------------
  char_top           Zero                  sc6p5mcpp140z_cln22ul_base_svt_c35_tt_typical_max_0p80v_25c

  Point                                       Fanout       Cap     Trans      Incr       Path
  ----------------------------------------------------------------------------------------------
  clock clk (rise edge)                                                       0.00       0.00
  clock network delay (ideal)                                                 0.00       0.00
  input external delay                                                        0.09       0.09 f
  a_bits_i[1] (in)                                                  0.05      0.00       0.09 f
  a_bits_i[1] (net)                             5         0.01                0.00       0.09 f
  U2163/Y (NOR2_X8TA_A6P5PP140ZTS_C35)                              0.02      0.02       0.11 r
  n1326 (net)                                   2         0.00                0.00       0.11 r
  U1825/Y (NAND2_X8M_A6P5PP140ZTS_C35)                              0.02      0.02       0.13 f
  n1838 (net)                                   5         0.01                0.00       0.13 f
  U1400/Y (NOR2_X6TA_A6P5PP140ZTS_C35)                              0.01      0.01       0.14 r
  n1416 (net)                                   2         0.00                0.00       0.14 r
  U1369/Y (NOR2_X3A_A6P5PP140ZTS_C35)                               0.01      0.01       0.15 f
  n1322 (net)                                   1         0.00                0.00       0.15 f
  U1892/Y (NAND2_X3TA_A6P5PP140ZTS_C35)                             0.02      0.01       0.16 r
  n763 (net)                                    1         0.00                0.00       0.16 r
  U1374/Y (NAND2_X8TA_A6P5PP140ZTS_C35)                             0.02      0.02       0.18 f
  n1413 (net)                                  12         0.01                0.00       0.18 f
  U1891/Y (XNOR2_X4M_A6P5PP140ZTS_C35)                              0.03      0.04       0.22 f
  n1656 (net)                                   2         0.00                0.00       0.22 f
  U2284/Y (INV_X7M_A6P5PP140ZTS_C35)                                0.01      0.02       0.23 r
  n1114 (net)                                   1         0.00                0.00       0.23 r
  U2312/Y (INV_X10M_A6P5PP140ZTS_C35)                               0.01      0.01       0.24 f
  n1115 (net)                                  11         0.01                0.00       0.24 f
  U1533/Y (OAI22_X4M_A6P5PP140ZTS_C35)                              0.03      0.02       0.27 r
  n1474 (net)                                   2         0.00                0.00       0.27 r
  U1532/Y (XNOR2_X4M_A6P5PP140ZTS_C35)                              0.03      0.03       0.30 r
  n590 (net)                                    1         0.00                0.00       0.30 r
  U1530/Y (XNOR2_X4M_A6P5PP140ZTS_C35)                              0.03      0.02       0.32 r
  n1511 (net)                                   2         0.00                0.00       0.32 r
  U2688/S (ADDF_X1M_A6P5PP140ZTS_C35)                               0.02      0.07       0.39 f
  n3789 (net)                                   2         0.00                0.00       0.39 f
  U1567/Y (NAND2_X3TA_A6P5PP140ZTS_C35)                             0.02      0.02       0.41 r
  n1552 (net)                                   2         0.00                0.00       0.41 r
  U2340/Y (OAI21_X8M_A6P5PP140ZTS_C35)                              0.02      0.02       0.43 f
  n1547 (net)                                   3         0.01                0.00       0.43 f
  U2127/Y (AOI21_X8M_A6P5PP140ZTS_C35)                              0.03      0.03       0.46 r
  n1649 (net)                                   7         0.01                0.00       0.46 r
  U1038/Y (OAI21_X4M_A6P5PP140ZTS_C35)                              0.02      0.02       0.48 f
  n938 (net)                                    1         0.00                0.00       0.48 f
  U2126/Y (XNOR2_X4M_A6P5PP140ZTS_C35)                              0.03      0.03       0.51 f
  n1236 (net)                                   3         0.00                0.00       0.51 f
  U1176/Y (AND2_X6M_A6P5PP140ZTS_C35)                               0.01      0.02       0.53 f
  n965 (net)                                    2         0.00                0.00       0.53 f
  U1182/Y (NAND2_X3M_A6P5PP140ZTS_C35)                              0.02      0.01       0.55 r
  n1206 (net)                                   1         0.00                0.00       0.55 r
  U2473/Y (NAND3_X4TA_A6P5PP140ZTS_C35)                             0.03      0.03       0.57 f
  n2442 (net)                                  10         0.01                0.00       0.57 f
  U2225/Y (NOR2_X2TA_A6P5PP140ZTS_C35)                              0.02      0.02       0.60 r
  n1058 (net)                                   2         0.00                0.00       0.60 r
  U1544/Y (OAI21_X3M_A6P5PP140ZTS_C35)                              0.02      0.02       0.61 f
  n1051 (net)                                   1         0.00                0.00       0.61 f
  U1410/Y (AO21A1AI2_X3M_A6P5PP140ZTS_C35)                          0.03      0.03       0.64 r
  n1047 (net)                                   2         0.00                0.00       0.64 r
  U1549/Y (INV_X3M_A6P5PP140ZTS_C35)                                0.01      0.01       0.65 f
  n817 (net)                                    1         0.00                0.00       0.65 f
  U998/Y (NOR2_X4A_A6P5PP140ZTS_C35)                                0.03      0.03       0.67 r
  n2341 (net)                                   5         0.01                0.00       0.67 r
  U2112/Y (NAND2_X8TA_A6P5PP140ZTS_C35)                             0.03      0.03       0.70 f
  n2555 (net)                                  16         0.01                0.00       0.70 f
  U1637/Y (BUFHA_X6M_A6P5PP140ZTS_C35)                              0.01      0.02       0.72 f
  n893 (net)                                    6         0.00                0.00       0.72 f
  U1468/Y (NOR2_X3TA_A6P5PP140ZTS_C35)                              0.01      0.01       0.74 r
  n2153 (net)                                   2         0.00                0.00       0.74 r
  U1219/Y (NOR2_X2A_A6P5PP140ZTS_C35)                               0.01      0.01       0.74 f
  n2178 (net)                                   1         0.00                0.00       0.74 f
  U3197/Y (NAND4_X1A_A6P5PP140ZTS_C35)                              0.03      0.02       0.76 r
  n2171 (net)                                   2         0.00                0.00       0.76 r
  U2042/Y (INV_X1M_A6P5PP140ZTS_C35)                                0.01      0.01       0.78 f
  n852 (net)                                    1         0.00                0.00       0.78 f
  U1485/Y (OA21B_X1M_A6P5PP140ZTS_C35)                              0.02      0.02       0.79 r
  n851 (net)                                    1         0.00                0.00       0.79 r
  U2041/Y (NAND2_X2M_A6P5PP140ZTS_C35)                              0.02      0.02       0.81 f
  n850 (net)                                    1         0.00                0.00       0.81 f
  U1608/Y (NOR2_X3A_A6P5PP140ZTS_C35)                               0.02      0.02       0.83 r
  n2369 (net)                                   1         0.00                0.00       0.83 r
  U2586/Y (AO21A1AI2_X3M_A6P5PP140ZTS_C35)                          0.03      0.02       0.85 f
  n2606 (net)                                   1         0.00                0.00       0.85 f
  U1305/Y (AOI21_X4M_A6P5PP140ZTS_C35)                              0.03      0.03       0.88 r
  n2644 (net)                                   3         0.00                0.00       0.88 r
  U2024/Y (NOR2_X8TA_A6P5PP140ZTS_C35)                              0.02      0.02       0.90 f
  n2743 (net)                                   6         0.01                0.00       0.90 f
  U1419/Y (INV_X16M_A6P5PP140ZTS_C35)                               0.02      0.02       0.92 r
  n3639 (net)                                  15         0.02                0.00       0.92 r
  U3507/Y (MXIT2_X3M_A6P5PP140ZTS_C35)                              0.04      0.02       0.94 r
  n2851 (net)                                   4         0.00                0.00       0.94 r
  U862/Y (AOI22_X3M_A6P5PP140ZTS_C35)                               0.03      0.03       0.97 f
  n2805 (net)                                   2         0.00                0.00       0.97 f
  U1212/Y (MXIT2_X4M_A6P5PP140ZTS_C35)                              0.03      0.03       1.00 r
  n2921 (net)                                   2         0.00                0.00       1.00 r
  U822/Y (NOR2_X1P4TA_A6P5PP140ZTS_C35)                             0.02      0.01       1.01 f
  n2693 (net)                                   1         0.00                0.00       1.01 f
  U1288/Y (NOR2_X3TA_A6P5PP140ZTS_C35)                              0.01      0.01       1.03 r
  n1144 (net)                                   1         0.00                0.00       1.03 r
  U812/Y (NAND3_X2M_A6P5PP140ZTS_C35)                               0.02      0.02       1.05 f
  n603 (net)                                    1         0.00                0.00       1.05 f
  U1560/Y (NAND2_X3M_A6P5PP140ZTS_C35)                              0.02      0.02       1.07 r
  n4671 (net)                                   3         0.00                0.00       1.07 r
  U1295/Y (XNOR2_X4M_A6P5PP140ZTS_C35)                              0.03      0.02       1.09 r
  n2974 (net)                                   2         0.00                0.00       1.09 r
  U1736/Y (NOR2_X3TA_A6P5PP140ZTS_C35)                              0.02      0.02       1.11 f
  n3121 (net)                                   3         0.00                0.00       1.11 f
  U1299/Y (NOR2_X1P4TA_A6P5PP140ZTS_C35)                            0.03      0.03       1.13 r
  n3132 (net)                                   3         0.00                0.00       1.13 r
  U728/Y (NAND2_X1P4TA_A6P5PP140ZTS_C35)                            0.03      0.02       1.16 f
  n2979 (net)                                   1         0.00                0.00       1.16 f
  U1732/Y (OAI21_X8M_A6P5PP140ZTS_C35)                              0.04      0.04       1.19 r
  n3101 (net)                                   8         0.01                0.00       1.19 r
  U1527/Y (AOI21_X8M_A6P5PP140ZTS_C35)                              0.03      0.03       1.22 f
  n3285 (net)                                   7         0.01                0.00       1.22 f
  U1680/Y (NOR2_X8A_A6P5PP140ZTS_C35)                               0.02      0.02       1.24 r
  n1329 (net)                                   4         0.00                0.00       1.24 r
  U2183/Y (INV_X2P5M_A6P5PP140ZTS_C35)                              0.01      0.01       1.25 f
  n1010 (net)                                   1         0.00                0.00       1.25 f
  U1331/Y (NAND2_X3TA_A6P5PP140ZTS_C35)                             0.02      0.01       1.26 r
  n1012 (net)                                   2         0.00                0.00       1.26 r
  U1930/Y (NAND2_X6M_A6P5PP140ZTS_C35)                              0.02      0.02       1.28 f
  n778 (net)                                    1         0.00                0.00       1.28 f
  U1929/Y (NOR2_X8TA_A6P5PP140ZTS_C35)                              0.02      0.02       1.30 r
  n4438 (net)                                  14         0.01                0.00       1.30 r
  U2185/Y (NAND2_X8M_A6P5PP140ZTS_C35)                              0.02      0.02       1.32 f
  n4443 (net)                                   7         0.01                0.00       1.32 f
  U1334/Y (INV_X7M_A6P5PP140ZTS_C35)                                0.01      0.01       1.33 r
  n3495 (net)                                   5         0.00                0.00       1.33 r
  U2604/Y (AND3_X1M_A6P5PP140ZTS_C35)                               0.02      0.03       1.37 r
  n1360 (net)                                   1         0.00                0.00       1.37 r
  U1723/Y (AO21A1AI2_X3M_A6P5PP140ZTS_C35)                          0.02      0.03       1.39 f
  n820 (net)                                    2         0.00                0.00       1.39 f
  U1868/Y (XOR2_X2M_A6P5PP140ZTS_C35)                               0.03      0.03       1.42 r
  n3521 (net)                                   2         0.00                0.00       1.42 r
  U634/Y (NAND2_X1A_A6P5PP140ZTS_C35)                               0.03      0.03       1.45 f
  n3556 (net)                                   2         0.00                0.00       1.45 f
  U3990/Y (NAND2_X1M_A6P5PP140ZTS_C35)                              0.02      0.02       1.48 r
  n3558 (net)                                   1         0.00                0.00       1.48 r
  U616/Y (INV_X1P4M_A6P5PP140ZTS_C35)                               0.01      0.01       1.49 f
  n679 (net)                                    1         0.00                0.00       1.49 f
  U1728/Y (XNOR2_X4M_A6P5PP140ZTS_C35)                              0.02      0.03       1.52 f
  n4485 (net)                                   2         0.00                0.00       1.52 f
  U1344/Y (INV_X5M_A6P5PP140ZTS_C35)                                0.01      0.01       1.53 r
  n3559 (net)                                   2         0.00                0.00       1.53 r
  U607/Y (NAND2_X1P4TA_A6P5PP140ZTS_C35)                            0.02      0.01       1.54 f
  n814 (net)                                    1         0.00                0.00       1.54 f
  U1983/Y (NOR2_X3TA_A6P5PP140ZTS_C35)                              0.02      0.02       1.56 r
  n813 (net)                                    1         0.00                0.00       1.56 r
  U599/Y (NAND2_X6M_A6P5PP140ZTS_C35)                               0.02      0.02       1.58 f
  n4764 (net)                                  14         0.01                0.00       1.58 f
  U4941/Y (NAND3_X0P7M_A6P5PP140ZTS_C35)                            0.03      0.02       1.59 r
  n4775 (net)                                   1         0.00                0.00       1.59 r
  U4945/Y (NAND2_X1M_A6P5PP140ZTS_C35)                              0.01      0.01       1.61 f
  n495 (net)                                    1         0.00                0.00       1.61 f
  u_dut/fp_acc_o_reg[5]/D (DFFRPQA_X2M_A6P5PP140ZTS_C35)            0.01      0.00       1.61 f
  data arrival time                                                                      1.61

  clock clk (rise edge)                                                       0.90       0.90
  clock network delay (ideal)                                                 0.00       0.90
  clock uncertainty                                                          -0.05       0.85
  u_dut/fp_acc_o_reg[5]/CK (DFFRPQA_X2M_A6P5PP140ZTS_C35)                     0.00       0.85 r
  library setup time                                                         -0.04       0.82
  data required time                                                                     0.82
  ----------------------------------------------------------------------------------------------
  data required time                                                                     0.82
  data arrival time                                                                     -1.61
  ----------------------------------------------------------------------------------------------
  slack (VIOLATED)                                                                      -0.79


  Startpoint: a_bits_i[1]
              (input port clocked by clk)
  Endpoint: u_dut/fp_acc_o_reg[5]
            (rising edge-triggered flip-flop clocked by clk)
  Path Group: clk
  Path Type: max

  Des/Clust/Port     Wire Load Model       Library
  ------------------------------------------------
  char_top           Zero                  sc6p5mcpp140z_cln22ul_base_svt_c35_tt_typical_max_0p80v_25c

  Point                                       Fanout       Cap     Trans      Incr       Path
  ----------------------------------------------------------------------------------------------
  clock clk (rise edge)                                                       0.00       0.00
  clock network delay (ideal)                                                 0.00       0.00
  input external delay                                                        0.09       0.09 f
  a_bits_i[1] (in)                                                  0.05      0.00       0.09 f
  a_bits_i[1] (net)                             5         0.01                0.00       0.09 f
  U2163/Y (NOR2_X8TA_A6P5PP140ZTS_C35)                              0.02      0.02       0.11 r
  n1326 (net)                                   2         0.00                0.00       0.11 r
  U1825/Y (NAND2_X8M_A6P5PP140ZTS_C35)                              0.02      0.02       0.13 f
  n1838 (net)                                   5         0.01                0.00       0.13 f
  U1400/Y (NOR2_X6TA_A6P5PP140ZTS_C35)                              0.01      0.01       0.14 r
  n1416 (net)                                   2         0.00                0.00       0.14 r
  U1369/Y (NOR2_X3A_A6P5PP140ZTS_C35)                               0.01      0.01       0.15 f
  n1322 (net)                                   1         0.00                0.00       0.15 f
  U1892/Y (NAND2_X3TA_A6P5PP140ZTS_C35)                             0.02      0.01       0.16 r
  n763 (net)                                    1         0.00                0.00       0.16 r
  U1374/Y (NAND2_X8TA_A6P5PP140ZTS_C35)                             0.02      0.02       0.18 f
  n1413 (net)                                  12         0.01                0.00       0.18 f
  U1891/Y (XNOR2_X4M_A6P5PP140ZTS_C35)                              0.03      0.04       0.22 f
  n1656 (net)                                   2         0.00                0.00       0.22 f
  U2284/Y (INV_X7M_A6P5PP140ZTS_C35)                                0.01      0.02       0.23 r
  n1114 (net)                                   1         0.00                0.00       0.23 r
  U2312/Y (INV_X10M_A6P5PP140ZTS_C35)                               0.01      0.01       0.24 f
  n1115 (net)                                  11         0.01                0.00       0.24 f
  U1533/Y (OAI22_X4M_A6P5PP140ZTS_C35)                              0.03      0.02       0.27 r
  n1474 (net)                                   2         0.00                0.00       0.27 r
  U1532/Y (XNOR2_X4M_A6P5PP140ZTS_C35)                              0.03      0.03       0.30 r
  n590 (net)                                    1         0.00                0.00       0.30 r
  U1530/Y (XNOR2_X4M_A6P5PP140ZTS_C35)                              0.03      0.02       0.32 r
  n1511 (net)                                   2         0.00                0.00       0.32 r
  U2688/S (ADDF_X1M_A6P5PP140ZTS_C35)                               0.02      0.07       0.39 f
  n3789 (net)                                   2         0.00                0.00       0.39 f
  U1567/Y (NAND2_X3TA_A6P5PP140ZTS_C35)                             0.02      0.02       0.41 r
  n1552 (net)                                   2         0.00                0.00       0.41 r
  U2340/Y (OAI21_X8M_A6P5PP140ZTS_C35)                              0.02      0.02       0.43 f
  n1547 (net)                                   3         0.01                0.00       0.43 f
  U2127/Y (AOI21_X8M_A6P5PP140ZTS_C35)                              0.03      0.03       0.46 r
  n1649 (net)                                   7         0.01                0.00       0.46 r
  U1038/Y (OAI21_X4M_A6P5PP140ZTS_C35)                              0.02      0.02       0.48 f
  n938 (net)                                    1         0.00                0.00       0.48 f
  U2126/Y (XNOR2_X4M_A6P5PP140ZTS_C35)                              0.03      0.03       0.51 f
  n1236 (net)                                   3         0.00                0.00       0.51 f
  U1176/Y (AND2_X6M_A6P5PP140ZTS_C35)                               0.01      0.02       0.53 f
  n965 (net)                                    2         0.00                0.00       0.53 f
  U1182/Y (NAND2_X3M_A6P5PP140ZTS_C35)                              0.02      0.01       0.55 r
  n1206 (net)                                   1         0.00                0.00       0.55 r
  U2473/Y (NAND3_X4TA_A6P5PP140ZTS_C35)                             0.03      0.03       0.57 f
  n2442 (net)                                  10         0.01                0.00       0.57 f
  U2225/Y (NOR2_X2TA_A6P5PP140ZTS_C35)                              0.02      0.02       0.60 r
  n1058 (net)                                   2         0.00                0.00       0.60 r
  U1544/Y (OAI21_X3M_A6P5PP140ZTS_C35)                              0.02      0.02       0.61 f
  n1051 (net)                                   1         0.00                0.00       0.61 f
  U1410/Y (AO21A1AI2_X3M_A6P5PP140ZTS_C35)                          0.03      0.03       0.64 r
  n1047 (net)                                   2         0.00                0.00       0.64 r
  U1549/Y (INV_X3M_A6P5PP140ZTS_C35)                                0.01      0.01       0.65 f
  n817 (net)                                    1         0.00                0.00       0.65 f
  U998/Y (NOR2_X4A_A6P5PP140ZTS_C35)                                0.03      0.03       0.67 r
  n2341 (net)                                   5         0.01                0.00       0.67 r
  U2112/Y (NAND2_X8TA_A6P5PP140ZTS_C35)                             0.03      0.03       0.70 f
  n2555 (net)                                  16         0.01                0.00       0.70 f
  U1637/Y (BUFHA_X6M_A6P5PP140ZTS_C35)                              0.01      0.02       0.72 f
  n893 (net)                                    6         0.00                0.00       0.72 f
  U1468/Y (NOR2_X3TA_A6P5PP140ZTS_C35)                              0.01      0.01       0.74 r
  n2153 (net)                                   2         0.00                0.00       0.74 r
  U1219/Y (NOR2_X2A_A6P5PP140ZTS_C35)                               0.01      0.01       0.74 f
  n2178 (net)                                   1         0.00                0.00       0.74 f
  U3197/Y (NAND4_X1A_A6P5PP140ZTS_C35)                              0.03      0.02       0.76 r
  n2171 (net)                                   2         0.00                0.00       0.76 r
  U2042/Y (INV_X1M_A6P5PP140ZTS_C35)                                0.01      0.01       0.78 f
  n852 (net)                                    1         0.00                0.00       0.78 f
  U1485/Y (OA21B_X1M_A6P5PP140ZTS_C35)                              0.02      0.02       0.79 r
  n851 (net)                                    1         0.00                0.00       0.79 r
  U2041/Y (NAND2_X2M_A6P5PP140ZTS_C35)                              0.02      0.02       0.81 f
  n850 (net)                                    1         0.00                0.00       0.81 f
  U1608/Y (NOR2_X3A_A6P5PP140ZTS_C35)                               0.02      0.02       0.83 r
  n2369 (net)                                   1         0.00                0.00       0.83 r
  U2586/Y (AO21A1AI2_X3M_A6P5PP140ZTS_C35)                          0.03      0.02       0.85 f
  n2606 (net)                                   1         0.00                0.00       0.85 f
  U1305/Y (AOI21_X4M_A6P5PP140ZTS_C35)                              0.03      0.03       0.88 r
  n2644 (net)                                   3         0.00                0.00       0.88 r
  U2024/Y (NOR2_X8TA_A6P5PP140ZTS_C35)                              0.02      0.02       0.90 f
  n2743 (net)                                   6         0.01                0.00       0.90 f
  U1419/Y (INV_X16M_A6P5PP140ZTS_C35)                               0.02      0.02       0.92 r
  n3639 (net)                                  15         0.02                0.00       0.92 r
  U3507/Y (MXIT2_X3M_A6P5PP140ZTS_C35)                              0.04      0.02       0.94 r
  n2851 (net)                                   4         0.00                0.00       0.94 r
  U862/Y (AOI22_X3M_A6P5PP140ZTS_C35)                               0.03      0.03       0.97 f
  n2805 (net)                                   2         0.00                0.00       0.97 f
  U1212/Y (MXIT2_X4M_A6P5PP140ZTS_C35)                              0.03      0.03       1.00 r
  n2921 (net)                                   2         0.00                0.00       1.00 r
  U822/Y (NOR2_X1P4TA_A6P5PP140ZTS_C35)                             0.02      0.01       1.01 f
  n2693 (net)                                   1         0.00                0.00       1.01 f
  U1288/Y (NOR2_X3TA_A6P5PP140ZTS_C35)                              0.01      0.01       1.03 r
  n1144 (net)                                   1         0.00                0.00       1.03 r
  U812/Y (NAND3_X2M_A6P5PP140ZTS_C35)                               0.02      0.02       1.05 f
  n603 (net)                                    1         0.00                0.00       1.05 f
  U1560/Y (NAND2_X3M_A6P5PP140ZTS_C35)                              0.02      0.02       1.07 r
  n4671 (net)                                   3         0.00                0.00       1.07 r
  U1295/Y (XNOR2_X4M_A6P5PP140ZTS_C35)                              0.03      0.02       1.09 r
  n2974 (net)                                   2         0.00                0.00       1.09 r
  U1736/Y (NOR2_X3TA_A6P5PP140ZTS_C35)                              0.02      0.02       1.11 f
  n3121 (net)                                   3         0.00                0.00       1.11 f
  U1299/Y (NOR2_X1P4TA_A6P5PP140ZTS_C35)                            0.03      0.03       1.13 r
  n3132 (net)                                   3         0.00                0.00       1.13 r
  U728/Y (NAND2_X1P4TA_A6P5PP140ZTS_C35)                            0.03      0.02       1.16 f
  n2979 (net)                                   1         0.00                0.00       1.16 f
  U1732/Y (OAI21_X8M_A6P5PP140ZTS_C35)                              0.04      0.04       1.19 r
  n3101 (net)                                   8         0.01                0.00       1.19 r
  U1527/Y (AOI21_X8M_A6P5PP140ZTS_C35)                              0.03      0.03       1.22 f
  n3285 (net)                                   7         0.01                0.00       1.22 f
  U1680/Y (NOR2_X8A_A6P5PP140ZTS_C35)                               0.02      0.02       1.24 r
  n1329 (net)                                   4         0.00                0.00       1.24 r
  U2183/Y (INV_X2P5M_A6P5PP140ZTS_C35)                              0.01      0.01       1.25 f
  n1010 (net)                                   1         0.00                0.00       1.25 f
  U1331/Y (NAND2_X3TA_A6P5PP140ZTS_C35)                             0.02      0.01       1.26 r
  n1012 (net)                                   2         0.00                0.00       1.26 r
  U1930/Y (NAND2_X6M_A6P5PP140ZTS_C35)                              0.02      0.02       1.28 f
  n778 (net)                                    1         0.00                0.00       1.28 f
  U1929/Y (NOR2_X8TA_A6P5PP140ZTS_C35)                              0.02      0.02       1.30 r
  n4438 (net)                                  14         0.01                0.00       1.30 r
  U2185/Y (NAND2_X8M_A6P5PP140ZTS_C35)                              0.02      0.02       1.32 f
  n4443 (net)                                   7         0.01                0.00       1.32 f
  U1334/Y (INV_X7M_A6P5PP140ZTS_C35)                                0.01      0.01       1.33 r
  n3495 (net)                                   5         0.00                0.00       1.33 r
  U2604/Y (AND3_X1M_A6P5PP140ZTS_C35)                               0.02      0.03       1.37 r
  n1360 (net)                                   1         0.00                0.00       1.37 r
  U1723/Y (AO21A1AI2_X3M_A6P5PP140ZTS_C35)                          0.02      0.03       1.39 f
  n820 (net)                                    2         0.00                0.00       1.39 f
  U1868/Y (XOR2_X2M_A6P5PP140ZTS_C35)                               0.03      0.03       1.42 r
  n3521 (net)                                   2         0.00                0.00       1.42 r
  U634/Y (NAND2_X1A_A6P5PP140ZTS_C35)                               0.03      0.03       1.45 f
  n3556 (net)                                   2         0.00                0.00       1.45 f
  U3990/Y (NAND2_X1M_A6P5PP140ZTS_C35)                              0.02      0.02       1.48 r
  n3558 (net)                                   1         0.00                0.00       1.48 r
  U616/Y (INV_X1P4M_A6P5PP140ZTS_C35)                               0.01      0.01       1.49 f
  n679 (net)                                    1         0.00                0.00       1.49 f
  U1728/Y (XNOR2_X4M_A6P5PP140ZTS_C35)                              0.02      0.03       1.52 f
  n4485 (net)                                   2         0.00                0.00       1.52 f
  U1344/Y (INV_X5M_A6P5PP140ZTS_C35)                                0.01      0.01       1.53 r
  n3559 (net)                                   2         0.00                0.00       1.53 r
  U607/Y (NAND2_X1P4TA_A6P5PP140ZTS_C35)                            0.02      0.01       1.54 f
  n814 (net)                                    1         0.00                0.00       1.54 f
  U1983/Y (NOR2_X3TA_A6P5PP140ZTS_C35)                              0.02      0.02       1.56 r
  n813 (net)                                    1         0.00                0.00       1.56 r
  U599/Y (NAND2_X6M_A6P5PP140ZTS_C35)                               0.02      0.02       1.58 f
  n4764 (net)                                  14         0.01                0.00       1.58 f
  U4941/Y (NAND3_X0P7M_A6P5PP140ZTS_C35)                            0.03      0.02       1.59 r
  n4775 (net)                                   1         0.00                0.00       1.59 r
  U4945/Y (NAND2_X1M_A6P5PP140ZTS_C35)                              0.01      0.01       1.61 f
  n495 (net)                                    1         0.00                0.00       1.61 f
  u_dut/fp_acc_o_reg[5]/D (DFFRPQA_X2M_A6P5PP140ZTS_C35)            0.01      0.00       1.61 f
  data arrival time                                                                      1.61

  clock clk (rise edge)                                                       0.90       0.90
  clock network delay (ideal)                                                 0.00       0.90
  clock uncertainty                                                          -0.05       0.85
  u_dut/fp_acc_o_reg[5]/CK (DFFRPQA_X2M_A6P5PP140ZTS_C35)                     0.00       0.85 r
  library setup time                                                         -0.04       0.82
  data required time                                                                     0.82
  ----------------------------------------------------------------------------------------------
  data required time                                                                     0.82
  data arrival time                                                                     -1.61
  ----------------------------------------------------------------------------------------------
  slack (VIOLATED)                                                                      -0.79


  Startpoint: a_bits_i[1]
              (input port clocked by clk)
  Endpoint: u_dut/fp_acc_o_reg[5]
            (rising edge-triggered flip-flop clocked by clk)
  Path Group: clk
  Path Type: max

  Des/Clust/Port     Wire Load Model       Library
  ------------------------------------------------
  char_top           Zero                  sc6p5mcpp140z_cln22ul_base_svt_c35_tt_typical_max_0p80v_25c

  Point                                       Fanout       Cap     Trans      Incr       Path
  ----------------------------------------------------------------------------------------------
  clock clk (rise edge)                                                       0.00       0.00
  clock network delay (ideal)                                                 0.00       0.00
  input external delay                                                        0.09       0.09 f
  a_bits_i[1] (in)                                                  0.05      0.00       0.09 f
  a_bits_i[1] (net)                             5         0.01                0.00       0.09 f
  U2163/Y (NOR2_X8TA_A6P5PP140ZTS_C35)                              0.02      0.02       0.11 r
  n1326 (net)                                   2         0.00                0.00       0.11 r
  U1825/Y (NAND2_X8M_A6P5PP140ZTS_C35)                              0.02      0.02       0.13 f
  n1838 (net)                                   5         0.01                0.00       0.13 f
  U1400/Y (NOR2_X6TA_A6P5PP140ZTS_C35)                              0.01      0.01       0.14 r
  n1416 (net)                                   2         0.00                0.00       0.14 r
  U1369/Y (NOR2_X3A_A6P5PP140ZTS_C35)                               0.01      0.01       0.15 f
  n1322 (net)                                   1         0.00                0.00       0.15 f
  U1892/Y (NAND2_X3TA_A6P5PP140ZTS_C35)                             0.02      0.01       0.16 r
  n763 (net)                                    1         0.00                0.00       0.16 r
  U1374/Y (NAND2_X8TA_A6P5PP140ZTS_C35)                             0.02      0.02       0.18 f
  n1413 (net)                                  12         0.01                0.00       0.18 f
  U1891/Y (XNOR2_X4M_A6P5PP140ZTS_C35)                              0.03      0.04       0.22 f
  n1656 (net)                                   2         0.00                0.00       0.22 f
  U2284/Y (INV_X7M_A6P5PP140ZTS_C35)                                0.01      0.02       0.23 r
  n1114 (net)                                   1         0.00                0.00       0.23 r
  U2312/Y (INV_X10M_A6P5PP140ZTS_C35)                               0.01      0.01       0.24 f
  n1115 (net)                                  11         0.01                0.00       0.24 f
  U1533/Y (OAI22_X4M_A6P5PP140ZTS_C35)                              0.03      0.02       0.27 r
  n1474 (net)                                   2         0.00                0.00       0.27 r
  U1532/Y (XNOR2_X4M_A6P5PP140ZTS_C35)                              0.03      0.03       0.30 r
  n590 (net)                                    1         0.00                0.00       0.30 r
  U1530/Y (XNOR2_X4M_A6P5PP140ZTS_C35)                              0.03      0.02       0.32 r
  n1511 (net)                                   2         0.00                0.00       0.32 r
  U2688/S (ADDF_X1M_A6P5PP140ZTS_C35)                               0.02      0.07       0.39 f
  n3789 (net)                                   2         0.00                0.00       0.39 f
  U1567/Y (NAND2_X3TA_A6P5PP140ZTS_C35)                             0.02      0.02       0.41 r
  n1552 (net)                                   2         0.00                0.00       0.41 r
  U2340/Y (OAI21_X8M_A6P5PP140ZTS_C35)                              0.02      0.02       0.43 f
  n1547 (net)                                   3         0.01                0.00       0.43 f
  U2127/Y (AOI21_X8M_A6P5PP140ZTS_C35)                              0.03      0.03       0.46 r
  n1649 (net)                                   7         0.01                0.00       0.46 r
  U1038/Y (OAI21_X4M_A6P5PP140ZTS_C35)                              0.02      0.02       0.48 f
  n938 (net)                                    1         0.00                0.00       0.48 f
  U2126/Y (XNOR2_X4M_A6P5PP140ZTS_C35)                              0.03      0.03       0.51 f
  n1236 (net)                                   3         0.00                0.00       0.51 f
  U1176/Y (AND2_X6M_A6P5PP140ZTS_C35)                               0.01      0.02       0.53 f
  n965 (net)                                    2         0.00                0.00       0.53 f
  U1182/Y (NAND2_X3M_A6P5PP140ZTS_C35)                              0.02      0.01       0.55 r
  n1206 (net)                                   1         0.00                0.00       0.55 r
  U2473/Y (NAND3_X4TA_A6P5PP140ZTS_C35)                             0.03      0.03       0.57 f
  n2442 (net)                                  10         0.01                0.00       0.57 f
  U2225/Y (NOR2_X2TA_A6P5PP140ZTS_C35)                              0.02      0.02       0.60 r
  n1058 (net)                                   2         0.00                0.00       0.60 r
  U1544/Y (OAI21_X3M_A6P5PP140ZTS_C35)                              0.02      0.02       0.61 f
  n1051 (net)                                   1         0.00                0.00       0.61 f
  U1410/Y (AO21A1AI2_X3M_A6P5PP140ZTS_C35)                          0.03      0.03       0.64 r
  n1047 (net)                                   2         0.00                0.00       0.64 r
  U1549/Y (INV_X3M_A6P5PP140ZTS_C35)                                0.01      0.01       0.65 f
  n817 (net)                                    1         0.00                0.00       0.65 f
  U998/Y (NOR2_X4A_A6P5PP140ZTS_C35)                                0.03      0.03       0.67 r
  n2341 (net)                                   5         0.01                0.00       0.67 r
  U2112/Y (NAND2_X8TA_A6P5PP140ZTS_C35)                             0.03      0.03       0.70 f
  n2555 (net)                                  16         0.01                0.00       0.70 f
  U1637/Y (BUFHA_X6M_A6P5PP140ZTS_C35)                              0.01      0.02       0.72 f
  n893 (net)                                    6         0.00                0.00       0.72 f
  U1468/Y (NOR2_X3TA_A6P5PP140ZTS_C35)                              0.01      0.01       0.74 r
  n2153 (net)                                   2         0.00                0.00       0.74 r
  U1219/Y (NOR2_X2A_A6P5PP140ZTS_C35)                               0.01      0.01       0.74 f
  n2178 (net)                                   1         0.00                0.00       0.74 f
  U3197/Y (NAND4_X1A_A6P5PP140ZTS_C35)                              0.03      0.02       0.76 r
  n2171 (net)                                   2         0.00                0.00       0.76 r
  U2042/Y (INV_X1M_A6P5PP140ZTS_C35)                                0.01      0.01       0.78 f
  n852 (net)                                    1         0.00                0.00       0.78 f
  U1485/Y (OA21B_X1M_A6P5PP140ZTS_C35)                              0.02      0.02       0.79 r
  n851 (net)                                    1         0.00                0.00       0.79 r
  U2041/Y (NAND2_X2M_A6P5PP140ZTS_C35)                              0.02      0.02       0.81 f
  n850 (net)                                    1         0.00                0.00       0.81 f
  U1608/Y (NOR2_X3A_A6P5PP140ZTS_C35)                               0.02      0.02       0.83 r
  n2369 (net)                                   1         0.00                0.00       0.83 r
  U2586/Y (AO21A1AI2_X3M_A6P5PP140ZTS_C35)                          0.03      0.02       0.85 f
  n2606 (net)                                   1         0.00                0.00       0.85 f
  U1305/Y (AOI21_X4M_A6P5PP140ZTS_C35)                              0.03      0.03       0.88 r
  n2644 (net)                                   3         0.00                0.00       0.88 r
  U2024/Y (NOR2_X8TA_A6P5PP140ZTS_C35)                              0.02      0.02       0.90 f
  n2743 (net)                                   6         0.01                0.00       0.90 f
  U1419/Y (INV_X16M_A6P5PP140ZTS_C35)                               0.02      0.02       0.92 r
  n3639 (net)                                  15         0.02                0.00       0.92 r
  U3507/Y (MXIT2_X3M_A6P5PP140ZTS_C35)                              0.04      0.02       0.94 r
  n2851 (net)                                   4         0.00                0.00       0.94 r
  U862/Y (AOI22_X3M_A6P5PP140ZTS_C35)                               0.03      0.03       0.97 f
  n2805 (net)                                   2         0.00                0.00       0.97 f
  U1212/Y (MXIT2_X4M_A6P5PP140ZTS_C35)                              0.03      0.03       1.00 r
  n2921 (net)                                   2         0.00                0.00       1.00 r
  U822/Y (NOR2_X1P4TA_A6P5PP140ZTS_C35)                             0.02      0.01       1.01 f
  n2693 (net)                                   1         0.00                0.00       1.01 f
  U1288/Y (NOR2_X3TA_A6P5PP140ZTS_C35)                              0.01      0.01       1.03 r
  n1144 (net)                                   1         0.00                0.00       1.03 r
  U812/Y (NAND3_X2M_A6P5PP140ZTS_C35)                               0.02      0.02       1.05 f
  n603 (net)                                    1         0.00                0.00       1.05 f
  U1560/Y (NAND2_X3M_A6P5PP140ZTS_C35)                              0.02      0.02       1.07 r
  n4671 (net)                                   3         0.00                0.00       1.07 r
  U1295/Y (XNOR2_X4M_A6P5PP140ZTS_C35)                              0.03      0.02       1.09 r
  n2974 (net)                                   2         0.00                0.00       1.09 r
  U1736/Y (NOR2_X3TA_A6P5PP140ZTS_C35)                              0.02      0.02       1.11 f
  n3121 (net)                                   3         0.00                0.00       1.11 f
  U1299/Y (NOR2_X1P4TA_A6P5PP140ZTS_C35)                            0.03      0.03       1.13 r
  n3132 (net)                                   3         0.00                0.00       1.13 r
  U728/Y (NAND2_X1P4TA_A6P5PP140ZTS_C35)                            0.03      0.02       1.16 f
  n2979 (net)                                   1         0.00                0.00       1.16 f
  U1732/Y (OAI21_X8M_A6P5PP140ZTS_C35)                              0.04      0.04       1.19 r
  n3101 (net)                                   8         0.01                0.00       1.19 r
  U1527/Y (AOI21_X8M_A6P5PP140ZTS_C35)                              0.03      0.03       1.22 f
  n3285 (net)                                   7         0.01                0.00       1.22 f
  U1680/Y (NOR2_X8A_A6P5PP140ZTS_C35)                               0.02      0.02       1.24 r
  n1329 (net)                                   4         0.00                0.00       1.24 r
  U2183/Y (INV_X2P5M_A6P5PP140ZTS_C35)                              0.01      0.01       1.25 f
  n1010 (net)                                   1         0.00                0.00       1.25 f
  U1331/Y (NAND2_X3TA_A6P5PP140ZTS_C35)                             0.02      0.01       1.26 r
  n1012 (net)                                   2         0.00                0.00       1.26 r
  U1930/Y (NAND2_X6M_A6P5PP140ZTS_C35)                              0.02      0.02       1.28 f
  n778 (net)                                    1         0.00                0.00       1.28 f
  U1929/Y (NOR2_X8TA_A6P5PP140ZTS_C35)                              0.02      0.02       1.30 r
  n4438 (net)                                  14         0.01                0.00       1.30 r
  U2185/Y (NAND2_X8M_A6P5PP140ZTS_C35)                              0.02      0.02       1.32 f
  n4443 (net)                                   7         0.01                0.00       1.32 f
  U1334/Y (INV_X7M_A6P5PP140ZTS_C35)                                0.01      0.01       1.33 r
  n3495 (net)                                   5         0.00                0.00       1.33 r
  U2604/Y (AND3_X1M_A6P5PP140ZTS_C35)                               0.02      0.03       1.37 r
  n1360 (net)                                   1         0.00                0.00       1.37 r
  U1723/Y (AO21A1AI2_X3M_A6P5PP140ZTS_C35)                          0.02      0.03       1.39 f
  n820 (net)                                    2         0.00                0.00       1.39 f
  U1868/Y (XOR2_X2M_A6P5PP140ZTS_C35)                               0.03      0.03       1.42 r
  n3521 (net)                                   2         0.00                0.00       1.42 r
  U634/Y (NAND2_X1A_A6P5PP140ZTS_C35)                               0.03      0.03       1.45 f
  n3556 (net)                                   2         0.00                0.00       1.45 f
  U3990/Y (NAND2_X1M_A6P5PP140ZTS_C35)                              0.02      0.02       1.48 r
  n3558 (net)                                   1         0.00                0.00       1.48 r
  U616/Y (INV_X1P4M_A6P5PP140ZTS_C35)                               0.01      0.01       1.49 f
  n679 (net)                                    1         0.00                0.00       1.49 f
  U1728/Y (XNOR2_X4M_A6P5PP140ZTS_C35)                              0.02      0.03       1.52 f
  n4485 (net)                                   2         0.00                0.00       1.52 f
  U1344/Y (INV_X5M_A6P5PP140ZTS_C35)                                0.01      0.01       1.53 r
  n3559 (net)                                   2         0.00                0.00       1.53 r
  U607/Y (NAND2_X1P4TA_A6P5PP140ZTS_C35)                            0.02      0.01       1.54 f
  n814 (net)                                    1         0.00                0.00       1.54 f
  U1983/Y (NOR2_X3TA_A6P5PP140ZTS_C35)                              0.02      0.02       1.56 r
  n813 (net)                                    1         0.00                0.00       1.56 r
  U599/Y (NAND2_X6M_A6P5PP140ZTS_C35)                               0.02      0.02       1.58 f
  n4764 (net)                                  14         0.01                0.00       1.58 f
  U4941/Y (NAND3_X0P7M_A6P5PP140ZTS_C35)                            0.03      0.02       1.59 r
  n4775 (net)                                   1         0.00                0.00       1.59 r
  U4945/Y (NAND2_X1M_A6P5PP140ZTS_C35)                              0.01      0.01       1.61 f
  n495 (net)                                    1         0.00                0.00       1.61 f
  u_dut/fp_acc_o_reg[5]/D (DFFRPQA_X2M_A6P5PP140ZTS_C35)            0.01      0.00       1.61 f
  data arrival time                                                                      1.61

  clock clk (rise edge)                                                       0.90       0.90
  clock network delay (ideal)                                                 0.00       0.90
  clock uncertainty                                                          -0.05       0.85
  u_dut/fp_acc_o_reg[5]/CK (DFFRPQA_X2M_A6P5PP140ZTS_C35)                     0.00       0.85 r
  library setup time                                                         -0.04       0.82
  data required time                                                                     0.82
  ----------------------------------------------------------------------------------------------
  data required time                                                                     0.82
  data arrival time                                                                     -1.61
  ----------------------------------------------------------------------------------------------
  slack (VIOLATED)                                                                      -0.79


  Startpoint: a_bits_i[1]
              (input port clocked by clk)
  Endpoint: u_dut/fp_acc_o_reg[5]
            (rising edge-triggered flip-flop clocked by clk)
  Path Group: clk
  Path Type: max

  Des/Clust/Port     Wire Load Model       Library
  ------------------------------------------------
  char_top           Zero                  sc6p5mcpp140z_cln22ul_base_svt_c35_tt_typical_max_0p80v_25c

  Point                                       Fanout       Cap     Trans      Incr       Path
  ----------------------------------------------------------------------------------------------
  clock clk (rise edge)                                                       0.00       0.00
  clock network delay (ideal)                                                 0.00       0.00
  input external delay                                                        0.09       0.09 f
  a_bits_i[1] (in)                                                  0.05      0.00       0.09 f
  a_bits_i[1] (net)                             5         0.01                0.00       0.09 f
  U2163/Y (NOR2_X8TA_A6P5PP140ZTS_C35)                              0.02      0.02       0.11 r
  n1326 (net)                                   2         0.00                0.00       0.11 r
  U1825/Y (NAND2_X8M_A6P5PP140ZTS_C35)                              0.02      0.02       0.13 f
  n1838 (net)                                   5         0.01                0.00       0.13 f
  U1400/Y (NOR2_X6TA_A6P5PP140ZTS_C35)                              0.01      0.01       0.14 r
  n1416 (net)                                   2         0.00                0.00       0.14 r
  U1369/Y (NOR2_X3A_A6P5PP140ZTS_C35)                               0.01      0.01       0.15 f
  n1322 (net)                                   1         0.00                0.00       0.15 f
  U1892/Y (NAND2_X3TA_A6P5PP140ZTS_C35)                             0.02      0.01       0.16 r
  n763 (net)                                    1         0.00                0.00       0.16 r
  U1374/Y (NAND2_X8TA_A6P5PP140ZTS_C35)                             0.02      0.02       0.18 f
  n1413 (net)                                  12         0.01                0.00       0.18 f
  U1891/Y (XNOR2_X4M_A6P5PP140ZTS_C35)                              0.03      0.04       0.22 f
  n1656 (net)                                   2         0.00                0.00       0.22 f
  U2284/Y (INV_X7M_A6P5PP140ZTS_C35)                                0.01      0.02       0.23 r
  n1114 (net)                                   1         0.00                0.00       0.23 r
  U2312/Y (INV_X10M_A6P5PP140ZTS_C35)                               0.01      0.01       0.24 f
  n1115 (net)                                  11         0.01                0.00       0.24 f
  U1533/Y (OAI22_X4M_A6P5PP140ZTS_C35)                              0.03      0.02       0.27 r
  n1474 (net)                                   2         0.00                0.00       0.27 r
  U1532/Y (XNOR2_X4M_A6P5PP140ZTS_C35)                              0.03      0.03       0.30 r
  n590 (net)                                    1         0.00                0.00       0.30 r
  U1530/Y (XNOR2_X4M_A6P5PP140ZTS_C35)                              0.03      0.02       0.32 r
  n1511 (net)                                   2         0.00                0.00       0.32 r
  U2688/S (ADDF_X1M_A6P5PP140ZTS_C35)                               0.02      0.07       0.39 f
  n3789 (net)                                   2         0.00                0.00       0.39 f
  U1567/Y (NAND2_X3TA_A6P5PP140ZTS_C35)                             0.02      0.02       0.41 r
  n1552 (net)                                   2         0.00                0.00       0.41 r
  U2340/Y (OAI21_X8M_A6P5PP140ZTS_C35)                              0.02      0.02       0.43 f
  n1547 (net)                                   3         0.01                0.00       0.43 f
  U2127/Y (AOI21_X8M_A6P5PP140ZTS_C35)                              0.03      0.03       0.46 r
  n1649 (net)                                   7         0.01                0.00       0.46 r
  U1038/Y (OAI21_X4M_A6P5PP140ZTS_C35)                              0.02      0.02       0.48 f
  n938 (net)                                    1         0.00                0.00       0.48 f
  U2126/Y (XNOR2_X4M_A6P5PP140ZTS_C35)                              0.03      0.03       0.51 f
  n1236 (net)                                   3         0.00                0.00       0.51 f
  U1176/Y (AND2_X6M_A6P5PP140ZTS_C35)                               0.01      0.02       0.53 f
  n965 (net)                                    2         0.00                0.00       0.53 f
  U1182/Y (NAND2_X3M_A6P5PP140ZTS_C35)                              0.02      0.01       0.55 r
  n1206 (net)                                   1         0.00                0.00       0.55 r
  U2473/Y (NAND3_X4TA_A6P5PP140ZTS_C35)                             0.03      0.03       0.57 f
  n2442 (net)                                  10         0.01                0.00       0.57 f
  U2225/Y (NOR2_X2TA_A6P5PP140ZTS_C35)                              0.02      0.02       0.60 r
  n1058 (net)                                   2         0.00                0.00       0.60 r
  U1544/Y (OAI21_X3M_A6P5PP140ZTS_C35)                              0.02      0.02       0.61 f
  n1051 (net)                                   1         0.00                0.00       0.61 f
  U1410/Y (AO21A1AI2_X3M_A6P5PP140ZTS_C35)                          0.03      0.03       0.64 r
  n1047 (net)                                   2         0.00                0.00       0.64 r
  U1549/Y (INV_X3M_A6P5PP140ZTS_C35)                                0.01      0.01       0.65 f
  n817 (net)                                    1         0.00                0.00       0.65 f
  U998/Y (NOR2_X4A_A6P5PP140ZTS_C35)                                0.03      0.03       0.67 r
  n2341 (net)                                   5         0.01                0.00       0.67 r
  U2112/Y (NAND2_X8TA_A6P5PP140ZTS_C35)                             0.03      0.03       0.70 f
  n2555 (net)                                  16         0.01                0.00       0.70 f
  U1637/Y (BUFHA_X6M_A6P5PP140ZTS_C35)                              0.01      0.02       0.72 f
  n893 (net)                                    6         0.00                0.00       0.72 f
  U1468/Y (NOR2_X3TA_A6P5PP140ZTS_C35)                              0.01      0.01       0.74 r
  n2153 (net)                                   2         0.00                0.00       0.74 r
  U1219/Y (NOR2_X2A_A6P5PP140ZTS_C35)                               0.01      0.01       0.74 f
  n2178 (net)                                   1         0.00                0.00       0.74 f
  U3197/Y (NAND4_X1A_A6P5PP140ZTS_C35)                              0.03      0.02       0.76 r
  n2171 (net)                                   2         0.00                0.00       0.76 r
  U2042/Y (INV_X1M_A6P5PP140ZTS_C35)                                0.01      0.01       0.78 f
  n852 (net)                                    1         0.00                0.00       0.78 f
  U1485/Y (OA21B_X1M_A6P5PP140ZTS_C35)                              0.02      0.02       0.79 r
  n851 (net)                                    1         0.00                0.00       0.79 r
  U2041/Y (NAND2_X2M_A6P5PP140ZTS_C35)                              0.02      0.02       0.81 f
  n850 (net)                                    1         0.00                0.00       0.81 f
  U1608/Y (NOR2_X3A_A6P5PP140ZTS_C35)                               0.02      0.02       0.83 r
  n2369 (net)                                   1         0.00                0.00       0.83 r
  U2586/Y (AO21A1AI2_X3M_A6P5PP140ZTS_C35)                          0.03      0.02       0.85 f
  n2606 (net)                                   1         0.00                0.00       0.85 f
  U1305/Y (AOI21_X4M_A6P5PP140ZTS_C35)                              0.03      0.03       0.88 r
  n2644 (net)                                   3         0.00                0.00       0.88 r
  U2024/Y (NOR2_X8TA_A6P5PP140ZTS_C35)                              0.02      0.02       0.90 f
  n2743 (net)                                   6         0.01                0.00       0.90 f
  U1419/Y (INV_X16M_A6P5PP140ZTS_C35)                               0.02      0.02       0.92 r
  n3639 (net)                                  15         0.02                0.00       0.92 r
  U3507/Y (MXIT2_X3M_A6P5PP140ZTS_C35)                              0.04      0.02       0.94 r
  n2851 (net)                                   4         0.00                0.00       0.94 r
  U862/Y (AOI22_X3M_A6P5PP140ZTS_C35)                               0.03      0.03       0.97 f
  n2805 (net)                                   2         0.00                0.00       0.97 f
  U1212/Y (MXIT2_X4M_A6P5PP140ZTS_C35)                              0.03      0.03       1.00 r
  n2921 (net)                                   2         0.00                0.00       1.00 r
  U822/Y (NOR2_X1P4TA_A6P5PP140ZTS_C35)                             0.02      0.01       1.01 f
  n2693 (net)                                   1         0.00                0.00       1.01 f
  U1288/Y (NOR2_X3TA_A6P5PP140ZTS_C35)                              0.01      0.01       1.03 r
  n1144 (net)                                   1         0.00                0.00       1.03 r
  U812/Y (NAND3_X2M_A6P5PP140ZTS_C35)                               0.02      0.02       1.05 f
  n603 (net)                                    1         0.00                0.00       1.05 f
  U1560/Y (NAND2_X3M_A6P5PP140ZTS_C35)                              0.02      0.02       1.07 r
  n4671 (net)                                   3         0.00                0.00       1.07 r
  U1295/Y (XNOR2_X4M_A6P5PP140ZTS_C35)                              0.03      0.02       1.09 r
  n2974 (net)                                   2         0.00                0.00       1.09 r
  U1736/Y (NOR2_X3TA_A6P5PP140ZTS_C35)                              0.02      0.02       1.11 f
  n3121 (net)                                   3         0.00                0.00       1.11 f
  U1299/Y (NOR2_X1P4TA_A6P5PP140ZTS_C35)                            0.03      0.03       1.13 r
  n3132 (net)                                   3         0.00                0.00       1.13 r
  U728/Y (NAND2_X1P4TA_A6P5PP140ZTS_C35)                            0.03      0.02       1.16 f
  n2979 (net)                                   1         0.00                0.00       1.16 f
  U1732/Y (OAI21_X8M_A6P5PP140ZTS_C35)                              0.04      0.04       1.19 r
  n3101 (net)                                   8         0.01                0.00       1.19 r
  U1527/Y (AOI21_X8M_A6P5PP140ZTS_C35)                              0.03      0.03       1.22 f
  n3285 (net)                                   7         0.01                0.00       1.22 f
  U1680/Y (NOR2_X8A_A6P5PP140ZTS_C35)                               0.02      0.02       1.24 r
  n1329 (net)                                   4         0.00                0.00       1.24 r
  U2183/Y (INV_X2P5M_A6P5PP140ZTS_C35)                              0.01      0.01       1.25 f
  n1010 (net)                                   1         0.00                0.00       1.25 f
  U1331/Y (NAND2_X3TA_A6P5PP140ZTS_C35)                             0.02      0.01       1.26 r
  n1012 (net)                                   2         0.00                0.00       1.26 r
  U1930/Y (NAND2_X6M_A6P5PP140ZTS_C35)                              0.02      0.02       1.28 f
  n778 (net)                                    1         0.00                0.00       1.28 f
  U1929/Y (NOR2_X8TA_A6P5PP140ZTS_C35)                              0.02      0.02       1.30 r
  n4438 (net)                                  14         0.01                0.00       1.30 r
  U2185/Y (NAND2_X8M_A6P5PP140ZTS_C35)                              0.02      0.02       1.32 f
  n4443 (net)                                   7         0.01                0.00       1.32 f
  U1334/Y (INV_X7M_A6P5PP140ZTS_C35)                                0.01      0.01       1.33 r
  n3495 (net)                                   5         0.00                0.00       1.33 r
  U2604/Y (AND3_X1M_A6P5PP140ZTS_C35)                               0.02      0.03       1.37 r
  n1360 (net)                                   1         0.00                0.00       1.37 r
  U1723/Y (AO21A1AI2_X3M_A6P5PP140ZTS_C35)                          0.02      0.03       1.39 f
  n820 (net)                                    2         0.00                0.00       1.39 f
  U1868/Y (XOR2_X2M_A6P5PP140ZTS_C35)                               0.03      0.03       1.42 r
  n3521 (net)                                   2         0.00                0.00       1.42 r
  U634/Y (NAND2_X1A_A6P5PP140ZTS_C35)                               0.03      0.03       1.45 f
  n3556 (net)                                   2         0.00                0.00       1.45 f
  U3990/Y (NAND2_X1M_A6P5PP140ZTS_C35)                              0.02      0.02       1.48 r
  n3558 (net)                                   1         0.00                0.00       1.48 r
  U616/Y (INV_X1P4M_A6P5PP140ZTS_C35)                               0.01      0.01       1.49 f
  n679 (net)                                    1         0.00                0.00       1.49 f
  U1728/Y (XNOR2_X4M_A6P5PP140ZTS_C35)                              0.02      0.03       1.52 f
  n4485 (net)                                   2         0.00                0.00       1.52 f
  U1344/Y (INV_X5M_A6P5PP140ZTS_C35)                                0.01      0.01       1.53 r
  n3559 (net)                                   2         0.00                0.00       1.53 r
  U607/Y (NAND2_X1P4TA_A6P5PP140ZTS_C35)                            0.02      0.01       1.54 f
  n814 (net)                                    1         0.00                0.00       1.54 f
  U1983/Y (NOR2_X3TA_A6P5PP140ZTS_C35)                              0.02      0.02       1.56 r
  n813 (net)                                    1         0.00                0.00       1.56 r
  U599/Y (NAND2_X6M_A6P5PP140ZTS_C35)                               0.02      0.02       1.58 f
  n4764 (net)                                  14         0.01                0.00       1.58 f
  U4941/Y (NAND3_X0P7M_A6P5PP140ZTS_C35)                            0.03      0.02       1.59 r
  n4775 (net)                                   1         0.00                0.00       1.59 r
  U4945/Y (NAND2_X1M_A6P5PP140ZTS_C35)                              0.01      0.01       1.61 f
  n495 (net)                                    1         0.00                0.00       1.61 f
  u_dut/fp_acc_o_reg[5]/D (DFFRPQA_X2M_A6P5PP140ZTS_C35)            0.01      0.00       1.61 f
  data arrival time                                                                      1.61

  clock clk (rise edge)                                                       0.90       0.90
  clock network delay (ideal)                                                 0.00       0.90
  clock uncertainty                                                          -0.05       0.85
  u_dut/fp_acc_o_reg[5]/CK (DFFRPQA_X2M_A6P5PP140ZTS_C35)                     0.00       0.85 r
  library setup time                                                         -0.04       0.82
  data required time                                                                     0.82
  ----------------------------------------------------------------------------------------------
  data required time                                                                     0.82
  data arrival time                                                                     -1.61
  ----------------------------------------------------------------------------------------------
  slack (VIOLATED)                                                                      -0.79


  Startpoint: a_bits_i[1]
              (input port clocked by clk)
  Endpoint: u_dut/fp_acc_o_reg[5]
            (rising edge-triggered flip-flop clocked by clk)
  Path Group: clk
  Path Type: max

  Des/Clust/Port     Wire Load Model       Library
  ------------------------------------------------
  char_top           Zero                  sc6p5mcpp140z_cln22ul_base_svt_c35_tt_typical_max_0p80v_25c

  Point                                       Fanout       Cap     Trans      Incr       Path
  ----------------------------------------------------------------------------------------------
  clock clk (rise edge)                                                       0.00       0.00
  clock network delay (ideal)                                                 0.00       0.00
  input external delay                                                        0.09       0.09 f
  a_bits_i[1] (in)                                                  0.05      0.00       0.09 f
  a_bits_i[1] (net)                             5         0.01                0.00       0.09 f
  U2163/Y (NOR2_X8TA_A6P5PP140ZTS_C35)                              0.02      0.02       0.11 r
  n1326 (net)                                   2         0.00                0.00       0.11 r
  U1825/Y (NAND2_X8M_A6P5PP140ZTS_C35)                              0.02      0.02       0.13 f
  n1838 (net)                                   5         0.01                0.00       0.13 f
  U1400/Y (NOR2_X6TA_A6P5PP140ZTS_C35)                              0.01      0.01       0.14 r
  n1416 (net)                                   2         0.00                0.00       0.14 r
  U1369/Y (NOR2_X3A_A6P5PP140ZTS_C35)                               0.01      0.01       0.15 f
  n1322 (net)                                   1         0.00                0.00       0.15 f
  U1892/Y (NAND2_X3TA_A6P5PP140ZTS_C35)                             0.02      0.01       0.16 r
  n763 (net)                                    1         0.00                0.00       0.16 r
  U1374/Y (NAND2_X8TA_A6P5PP140ZTS_C35)                             0.02      0.02       0.18 f
  n1413 (net)                                  12         0.01                0.00       0.18 f
  U1891/Y (XNOR2_X4M_A6P5PP140ZTS_C35)                              0.03      0.04       0.22 f
  n1656 (net)                                   2         0.00                0.00       0.22 f
  U2284/Y (INV_X7M_A6P5PP140ZTS_C35)                                0.01      0.02       0.23 r
  n1114 (net)                                   1         0.00                0.00       0.23 r
  U2312/Y (INV_X10M_A6P5PP140ZTS_C35)                               0.01      0.01       0.24 f
  n1115 (net)                                  11         0.01                0.00       0.24 f
  U1533/Y (OAI22_X4M_A6P5PP140ZTS_C35)                              0.03      0.02       0.27 r
  n1474 (net)                                   2         0.00                0.00       0.27 r
  U1532/Y (XNOR2_X4M_A6P5PP140ZTS_C35)                              0.03      0.03       0.30 r
  n590 (net)                                    1         0.00                0.00       0.30 r
  U1530/Y (XNOR2_X4M_A6P5PP140ZTS_C35)                              0.03      0.02       0.32 r
  n1511 (net)                                   2         0.00                0.00       0.32 r
  U2688/S (ADDF_X1M_A6P5PP140ZTS_C35)                               0.02      0.07       0.39 f
  n3789 (net)                                   2         0.00                0.00       0.39 f
  U1567/Y (NAND2_X3TA_A6P5PP140ZTS_C35)                             0.02      0.02       0.41 r
  n1552 (net)                                   2         0.00                0.00       0.41 r
  U2340/Y (OAI21_X8M_A6P5PP140ZTS_C35)                              0.02      0.02       0.43 f
  n1547 (net)                                   3         0.01                0.00       0.43 f
  U2127/Y (AOI21_X8M_A6P5PP140ZTS_C35)                              0.03      0.03       0.46 r
  n1649 (net)                                   7         0.01                0.00       0.46 r
  U1038/Y (OAI21_X4M_A6P5PP140ZTS_C35)                              0.02      0.02       0.48 f
  n938 (net)                                    1         0.00                0.00       0.48 f
  U2126/Y (XNOR2_X4M_A6P5PP140ZTS_C35)                              0.03      0.03       0.51 f
  n1236 (net)                                   3         0.00                0.00       0.51 f
  U1176/Y (AND2_X6M_A6P5PP140ZTS_C35)                               0.01      0.02       0.53 f
  n965 (net)                                    2         0.00                0.00       0.53 f
  U1182/Y (NAND2_X3M_A6P5PP140ZTS_C35)                              0.02      0.01       0.55 r
  n1206 (net)                                   1         0.00                0.00       0.55 r
  U2473/Y (NAND3_X4TA_A6P5PP140ZTS_C35)                             0.03      0.03       0.57 f
  n2442 (net)                                  10         0.01                0.00       0.57 f
  U2225/Y (NOR2_X2TA_A6P5PP140ZTS_C35)                              0.02      0.02       0.60 r
  n1058 (net)                                   2         0.00                0.00       0.60 r
  U1544/Y (OAI21_X3M_A6P5PP140ZTS_C35)                              0.02      0.02       0.61 f
  n1051 (net)                                   1         0.00                0.00       0.61 f
  U1410/Y (AO21A1AI2_X3M_A6P5PP140ZTS_C35)                          0.03      0.03       0.64 r
  n1047 (net)                                   2         0.00                0.00       0.64 r
  U1549/Y (INV_X3M_A6P5PP140ZTS_C35)                                0.01      0.01       0.65 f
  n817 (net)                                    1         0.00                0.00       0.65 f
  U998/Y (NOR2_X4A_A6P5PP140ZTS_C35)                                0.03      0.03       0.67 r
  n2341 (net)                                   5         0.01                0.00       0.67 r
  U2112/Y (NAND2_X8TA_A6P5PP140ZTS_C35)                             0.03      0.03       0.70 f
  n2555 (net)                                  16         0.01                0.00       0.70 f
  U1637/Y (BUFHA_X6M_A6P5PP140ZTS_C35)                              0.01      0.02       0.72 f
  n893 (net)                                    6         0.00                0.00       0.72 f
  U1468/Y (NOR2_X3TA_A6P5PP140ZTS_C35)                              0.01      0.01       0.74 r
  n2153 (net)                                   2         0.00                0.00       0.74 r
  U1219/Y (NOR2_X2A_A6P5PP140ZTS_C35)                               0.01      0.01       0.74 f
  n2178 (net)                                   1         0.00                0.00       0.74 f
  U3197/Y (NAND4_X1A_A6P5PP140ZTS_C35)                              0.03      0.02       0.76 r
  n2171 (net)                                   2         0.00                0.00       0.76 r
  U2042/Y (INV_X1M_A6P5PP140ZTS_C35)                                0.01      0.01       0.78 f
  n852 (net)                                    1         0.00                0.00       0.78 f
  U1485/Y (OA21B_X1M_A6P5PP140ZTS_C35)                              0.02      0.02       0.79 r
  n851 (net)                                    1         0.00                0.00       0.79 r
  U2041/Y (NAND2_X2M_A6P5PP140ZTS_C35)                              0.02      0.02       0.81 f
  n850 (net)                                    1         0.00                0.00       0.81 f
  U1608/Y (NOR2_X3A_A6P5PP140ZTS_C35)                               0.02      0.02       0.83 r
  n2369 (net)                                   1         0.00                0.00       0.83 r
  U2586/Y (AO21A1AI2_X3M_A6P5PP140ZTS_C35)                          0.03      0.02       0.85 f
  n2606 (net)                                   1         0.00                0.00       0.85 f
  U1305/Y (AOI21_X4M_A6P5PP140ZTS_C35)                              0.03      0.03       0.88 r
  n2644 (net)                                   3         0.00                0.00       0.88 r
  U2024/Y (NOR2_X8TA_A6P5PP140ZTS_C35)                              0.02      0.02       0.90 f
  n2743 (net)                                   6         0.01                0.00       0.90 f
  U1419/Y (INV_X16M_A6P5PP140ZTS_C35)                               0.02      0.02       0.92 r
  n3639 (net)                                  15         0.02                0.00       0.92 r
  U3507/Y (MXIT2_X3M_A6P5PP140ZTS_C35)                              0.04      0.02       0.94 r
  n2851 (net)                                   4         0.00                0.00       0.94 r
  U862/Y (AOI22_X3M_A6P5PP140ZTS_C35)                               0.03      0.03       0.97 f
  n2805 (net)                                   2         0.00                0.00       0.97 f
  U1212/Y (MXIT2_X4M_A6P5PP140ZTS_C35)                              0.03      0.03       1.00 r
  n2921 (net)                                   2         0.00                0.00       1.00 r
  U822/Y (NOR2_X1P4TA_A6P5PP140ZTS_C35)                             0.02      0.01       1.01 f
  n2693 (net)                                   1         0.00                0.00       1.01 f
  U1288/Y (NOR2_X3TA_A6P5PP140ZTS_C35)                              0.01      0.01       1.03 r
  n1144 (net)                                   1         0.00                0.00       1.03 r
  U812/Y (NAND3_X2M_A6P5PP140ZTS_C35)                               0.02      0.02       1.05 f
  n603 (net)                                    1         0.00                0.00       1.05 f
  U1560/Y (NAND2_X3M_A6P5PP140ZTS_C35)                              0.02      0.02       1.07 r
  n4671 (net)                                   3         0.00                0.00       1.07 r
  U1295/Y (XNOR2_X4M_A6P5PP140ZTS_C35)                              0.03      0.02       1.09 r
  n2974 (net)                                   2         0.00                0.00       1.09 r
  U1736/Y (NOR2_X3TA_A6P5PP140ZTS_C35)                              0.02      0.02       1.11 f
  n3121 (net)                                   3         0.00                0.00       1.11 f
  U1299/Y (NOR2_X1P4TA_A6P5PP140ZTS_C35)                            0.03      0.03       1.13 r
  n3132 (net)                                   3         0.00                0.00       1.13 r
  U728/Y (NAND2_X1P4TA_A6P5PP140ZTS_C35)                            0.03      0.02       1.16 f
  n2979 (net)                                   1         0.00                0.00       1.16 f
  U1732/Y (OAI21_X8M_A6P5PP140ZTS_C35)                              0.04      0.04       1.19 r
  n3101 (net)                                   8         0.01                0.00       1.19 r
  U1527/Y (AOI21_X8M_A6P5PP140ZTS_C35)                              0.03      0.03       1.22 f
  n3285 (net)                                   7         0.01                0.00       1.22 f
  U1680/Y (NOR2_X8A_A6P5PP140ZTS_C35)                               0.02      0.02       1.24 r
  n1329 (net)                                   4         0.00                0.00       1.24 r
  U2183/Y (INV_X2P5M_A6P5PP140ZTS_C35)                              0.01      0.01       1.25 f
  n1010 (net)                                   1         0.00                0.00       1.25 f
  U1331/Y (NAND2_X3TA_A6P5PP140ZTS_C35)                             0.02      0.01       1.26 r
  n1012 (net)                                   2         0.00                0.00       1.26 r
  U1930/Y (NAND2_X6M_A6P5PP140ZTS_C35)                              0.02      0.02       1.28 f
  n778 (net)                                    1         0.00                0.00       1.28 f
  U1929/Y (NOR2_X8TA_A6P5PP140ZTS_C35)                              0.02      0.02       1.30 r
  n4438 (net)                                  14         0.01                0.00       1.30 r
  U2185/Y (NAND2_X8M_A6P5PP140ZTS_C35)                              0.02      0.02       1.32 f
  n4443 (net)                                   7         0.01                0.00       1.32 f
  U1334/Y (INV_X7M_A6P5PP140ZTS_C35)                                0.01      0.01       1.33 r
  n3495 (net)                                   5         0.00                0.00       1.33 r
  U2604/Y (AND3_X1M_A6P5PP140ZTS_C35)                               0.02      0.03       1.37 r
  n1360 (net)                                   1         0.00                0.00       1.37 r
  U1723/Y (AO21A1AI2_X3M_A6P5PP140ZTS_C35)                          0.02      0.03       1.39 f
  n820 (net)                                    2         0.00                0.00       1.39 f
  U1868/Y (XOR2_X2M_A6P5PP140ZTS_C35)                               0.03      0.03       1.42 r
  n3521 (net)                                   2         0.00                0.00       1.42 r
  U634/Y (NAND2_X1A_A6P5PP140ZTS_C35)                               0.03      0.03       1.45 f
  n3556 (net)                                   2         0.00                0.00       1.45 f
  U3990/Y (NAND2_X1M_A6P5PP140ZTS_C35)                              0.02      0.02       1.48 r
  n3558 (net)                                   1         0.00                0.00       1.48 r
  U616/Y (INV_X1P4M_A6P5PP140ZTS_C35)                               0.01      0.01       1.49 f
  n679 (net)                                    1         0.00                0.00       1.49 f
  U1728/Y (XNOR2_X4M_A6P5PP140ZTS_C35)                              0.02      0.03       1.52 f
  n4485 (net)                                   2         0.00                0.00       1.52 f
  U1344/Y (INV_X5M_A6P5PP140ZTS_C35)                                0.01      0.01       1.53 r
  n3559 (net)                                   2         0.00                0.00       1.53 r
  U607/Y (NAND2_X1P4TA_A6P5PP140ZTS_C35)                            0.02      0.01       1.54 f
  n814 (net)                                    1         0.00                0.00       1.54 f
  U1983/Y (NOR2_X3TA_A6P5PP140ZTS_C35)                              0.02      0.02       1.56 r
  n813 (net)                                    1         0.00                0.00       1.56 r
  U599/Y (NAND2_X6M_A6P5PP140ZTS_C35)                               0.02      0.02       1.58 f
  n4764 (net)                                  14         0.01                0.00       1.58 f
  U4941/Y (NAND3_X0P7M_A6P5PP140ZTS_C35)                            0.03      0.02       1.59 r
  n4775 (net)                                   1         0.00                0.00       1.59 r
  U4945/Y (NAND2_X1M_A6P5PP140ZTS_C35)                              0.01      0.01       1.61 f
  n495 (net)                                    1         0.00                0.00       1.61 f
  u_dut/fp_acc_o_reg[5]/D (DFFRPQA_X2M_A6P5PP140ZTS_C35)            0.01      0.00       1.61 f
  data arrival time                                                                      1.61

  clock clk (rise edge)                                                       0.90       0.90
  clock network delay (ideal)                                                 0.00       0.90
  clock uncertainty                                                          -0.05       0.85
  u_dut/fp_acc_o_reg[5]/CK (DFFRPQA_X2M_A6P5PP140ZTS_C35)                     0.00       0.85 r
  library setup time                                                         -0.04       0.82
  data required time                                                                     0.82
  ----------------------------------------------------------------------------------------------
  data required time                                                                     0.82
  data arrival time                                                                     -1.61
  ----------------------------------------------------------------------------------------------
  slack (VIOLATED)                                                                      -0.79


  Startpoint: a_bits_i[1]
              (input port clocked by clk)
  Endpoint: u_dut/fp_acc_o_reg[21]
            (rising edge-triggered flip-flop clocked by clk)
  Path Group: clk
  Path Type: max

  Des/Clust/Port     Wire Load Model       Library
  ------------------------------------------------
  char_top           Zero                  sc6p5mcpp140z_cln22ul_base_svt_c35_tt_typical_max_0p80v_25c

  Point                                       Fanout       Cap     Trans      Incr       Path
  ----------------------------------------------------------------------------------------------
  clock clk (rise edge)                                                       0.00       0.00
  clock network delay (ideal)                                                 0.00       0.00
  input external delay                                                        0.09       0.09 f
  a_bits_i[1] (in)                                                  0.05      0.00       0.09 f
  a_bits_i[1] (net)                             5         0.01                0.00       0.09 f
  U2163/Y (NOR2_X8TA_A6P5PP140ZTS_C35)                              0.02      0.02       0.11 r
  n1326 (net)                                   2         0.00                0.00       0.11 r
  U1825/Y (NAND2_X8M_A6P5PP140ZTS_C35)                              0.02      0.02       0.13 f
  n1838 (net)                                   5         0.01                0.00       0.13 f
  U1400/Y (NOR2_X6TA_A6P5PP140ZTS_C35)                              0.01      0.01       0.14 r
  n1416 (net)                                   2         0.00                0.00       0.14 r
  U1369/Y (NOR2_X3A_A6P5PP140ZTS_C35)                               0.01      0.01       0.15 f
  n1322 (net)                                   1         0.00                0.00       0.15 f
  U1892/Y (NAND2_X3TA_A6P5PP140ZTS_C35)                             0.02      0.01       0.16 r
  n763 (net)                                    1         0.00                0.00       0.16 r
  U1374/Y (NAND2_X8TA_A6P5PP140ZTS_C35)                             0.02      0.02       0.18 f
  n1413 (net)                                  12         0.01                0.00       0.18 f
  U1891/Y (XNOR2_X4M_A6P5PP140ZTS_C35)                              0.03      0.04       0.22 f
  n1656 (net)                                   2         0.00                0.00       0.22 f
  U2284/Y (INV_X7M_A6P5PP140ZTS_C35)                                0.01      0.02       0.23 r
  n1114 (net)                                   1         0.00                0.00       0.23 r
  U2312/Y (INV_X10M_A6P5PP140ZTS_C35)                               0.01      0.01       0.24 f
  n1115 (net)                                  11         0.01                0.00       0.24 f
  U1533/Y (OAI22_X4M_A6P5PP140ZTS_C35)                              0.03      0.02       0.27 r
  n1474 (net)                                   2         0.00                0.00       0.27 r
  U1532/Y (XNOR2_X4M_A6P5PP140ZTS_C35)                              0.03      0.03       0.30 r
  n590 (net)                                    1         0.00                0.00       0.30 r
  U1530/Y (XNOR2_X4M_A6P5PP140ZTS_C35)                              0.03      0.02       0.32 r
  n1511 (net)                                   2         0.00                0.00       0.32 r
  U2688/S (ADDF_X1M_A6P5PP140ZTS_C35)                               0.02      0.07       0.39 f
  n3789 (net)                                   2         0.00                0.00       0.39 f
  U1567/Y (NAND2_X3TA_A6P5PP140ZTS_C35)                             0.02      0.02       0.41 r
  n1552 (net)                                   2         0.00                0.00       0.41 r
  U2340/Y (OAI21_X8M_A6P5PP140ZTS_C35)                              0.02      0.02       0.43 f
  n1547 (net)                                   3         0.01                0.00       0.43 f
  U2127/Y (AOI21_X8M_A6P5PP140ZTS_C35)                              0.03      0.03       0.46 r
  n1649 (net)                                   7         0.01                0.00       0.46 r
  U1038/Y (OAI21_X4M_A6P5PP140ZTS_C35)                              0.02      0.02       0.48 f
  n938 (net)                                    1         0.00                0.00       0.48 f
  U2126/Y (XNOR2_X4M_A6P5PP140ZTS_C35)                              0.03      0.03       0.51 f
  n1236 (net)                                   3         0.00                0.00       0.51 f
  U1176/Y (AND2_X6M_A6P5PP140ZTS_C35)                               0.01      0.02       0.53 f
  n965 (net)                                    2         0.00                0.00       0.53 f
  U1182/Y (NAND2_X3M_A6P5PP140ZTS_C35)                              0.02      0.01       0.55 r
  n1206 (net)                                   1         0.00                0.00       0.55 r
  U2473/Y (NAND3_X4TA_A6P5PP140ZTS_C35)                             0.03      0.03       0.57 f
  n2442 (net)                                  10         0.01                0.00       0.57 f
  U1019/Y (AND2_X2M_A6P5PP140ZTS_C35)                               0.01      0.03       0.60 f
  n1205 (net)                                   1         0.00                0.00       0.60 f
  U1000/Y (NOR2_X4A_A6P5PP140ZTS_C35)                               0.02      0.02       0.62 r
  n633 (net)                                    1         0.00                0.00       0.62 r
  U1639/Y (NAND2_X6M_A6P5PP140ZTS_C35)                              0.02      0.01       0.64 f
  n819 (net)                                    1         0.00                0.00       0.64 f
  U1837/Y (AOI21_X8M_A6P5PP140ZTS_C35)                              0.03      0.02       0.66 r
  n2227 (net)                                   6         0.01                0.00       0.66 r
  U1563/Y (NOR2_X8TA_A6P5PP140ZTS_C35)                              0.02      0.02       0.68 f
  n1085 (net)                                   7         0.01                0.00       0.68 f
  U1987/Y (AND2_X6M_A6P5PP140ZTS_C35)                               0.02      0.03       0.70 f
  n2325 (net)                                  11         0.01                0.00       0.70 f
  U3180/Y (AOI22_X1M_A6P5PP140ZTS_C35)                              0.03      0.03       0.74 r
  n2176 (net)                                   2         0.00                0.00       0.74 r
  U940/Y (INV_X1M_A6P5PP140ZTS_C35)                                 0.02      0.02       0.76 f
  n2180 (net)                                   1         0.00                0.00       0.76 f
  U2368/Y (NOR3_X2TA_A6P5PP140ZTS_C35)                              0.02      0.03       0.78 r
  n3040 (net)                                   2         0.00                0.00       0.78 r
  U2487/Y (OAI22_X2M_A6P5PP140ZTS_C35)                              0.03      0.02       0.80 f
  n2181 (net)                                   1         0.00                0.00       0.80 f
  U1238/Y (NAND2_X3M_A6P5PP140ZTS_C35)                              0.02      0.02       0.82 r
  n1146 (net)                                   1         0.00                0.00       0.82 r
  U1323/Y (OAI21_X3M_A6P5PP140ZTS_C35)                              0.02      0.02       0.83 f
  n2189 (net)                                   1         0.00                0.00       0.83 f
  U1602/Y (OA21B_X4M_A6P5PP140ZTS_C35)                              0.02      0.02       0.85 r
  n2607 (net)                                   1         0.00                0.00       0.85 r
  U1305/Y (AOI21_X4M_A6P5PP140ZTS_C35)                              0.02      0.02       0.87 f
  n2644 (net)                                   3         0.00                0.00       0.87 f
  U2024/Y (NOR2_X8TA_A6P5PP140ZTS_C35)                              0.03      0.03       0.90 r
  n2743 (net)                                   6         0.01                0.00       0.90 r
  U1397/Y (INV_X12M_A6P5PP140ZTS_C35)                               0.02      0.02       0.92 f
  n2767 (net)                                  14         0.02                0.00       0.92 f
  U2219/Y (MXIT2_X3M_A6P5PP140ZTS_C35)                              0.04      0.03       0.94 f
  n1043 (net)                                   4         0.00                0.00       0.94 f
  U1633/Y (AOI22_X4M_A6P5PP140ZTS_C35)                              0.03      0.04       0.98 r
  n2804 (net)                                   3         0.00                0.00       0.98 r
  U1240/Y (OAI22_X4M_A6P5PP140ZTS_C35)                              0.02      0.02       1.00 f
  n2924 (net)                                   1         0.00                0.00       1.00 f
  U3610/Y (MXIT2_X3M_A6P5PP140ZTS_C35)                              0.03      0.02       1.03 r
  n2990 (net)                                   2         0.00                0.00       1.03 r
  U2427/Y (OAI21_X3M_A6P5PP140ZTS_C35)                              0.02      0.02       1.05 f
  n3161 (net)                                   2         0.00                0.00       1.05 f
  U1269/Y (NOR2_X1P4TA_A6P5PP140ZTS_C35)                            0.02      0.02       1.07 r
  n732 (net)                                    2         0.00                0.00       1.07 r
  U1835/Y (INV_X2P5M_A6P5PP140ZTS_C35)                              0.01      0.01       1.08 f
  n4334 (net)                                   2         0.00                0.00       1.08 f
  U765/Y (XNOR2_X2M_A6P5PP140ZTS_C35)                               0.03      0.03       1.10 f
  n3164 (net)                                   2         0.00                0.00       1.10 f
  U747/Y (NAND2_X1M_A6P5PP140ZTS_C35)                               0.03      0.03       1.13 r
  n3175 (net)                                   2         0.00                0.00       1.13 r
  U1300/Y (OAI21_X3M_A6P5PP140ZTS_C35)                              0.02      0.02       1.15 f
  n3206 (net)                                   3         0.00                0.00       1.15 f
  U2333/Y (AOI21_X3M_A6P5PP140ZTS_C35)                              0.03      0.03       1.18 r
  n3273 (net)                                   3         0.00                0.00       1.18 r
  U1251/Y (OAI21_X3M_A6P5PP140ZTS_C35)                              0.02      0.02       1.20 f
  n3282 (net)                                   3         0.00                0.00       1.20 f
  U1341/Y (AO12_X2M_A6P5PP140ZTS_C35)                               0.02      0.04       1.23 f
  n694 (net)                                    2         0.00                0.00       1.23 f
  U700/Y (NOR2_X2A_A6P5PP140ZTS_C35)                                0.03      0.02       1.26 r
  n1009 (net)                                   1         0.00                0.00       1.26 r
  U1331/Y (NAND2_X3TA_A6P5PP140ZTS_C35)                             0.02      0.02       1.27 f
  n1012 (net)                                   2         0.00                0.00       1.27 f
  U1927/Y (NAND2_X2M_A6P5PP140ZTS_C35)                              0.05      0.03       1.31 r
  n4720 (net)                                   4         0.01                0.00       1.31 r
  U1342/Y (INV_X3M_A6P5PP140ZTS_C35)                                0.01      0.01       1.32 f
  n3511 (net)                                   2         0.00                0.00       1.32 f
  U3972/Y (AOI21_X0P5M_A6P5PP140ZTS_C35)                            0.03      0.02       1.34 r
  n3512 (net)                                   1         0.00                0.00       1.34 r
  U1320/Y (OAI21_X2M_A6P5PP140ZTS_C35)                              0.02      0.02       1.36 f
  n899 (net)                                    1         0.00                0.00       1.36 f
  U1340/Y (AOI21_X2M_A6P5PP140ZTS_C35)                              0.02      0.02       1.38 r
  n898 (net)                                    1         0.00                0.00       1.38 r
  U1328/Y (NAND2_X2M_A6P5PP140ZTS_C35)                              0.02      0.01       1.39 f
  n1359 (net)                                   2         0.00                0.00       1.39 f
  U647/Y (NAND2_X2A_A6P5PP140ZTS_C35)                               0.03      0.02       1.41 r
  n3550 (net)                                   3         0.00                0.00       1.41 r
  U1181/Y (NOR2_X4A_A6P5PP140ZTS_C35)                               0.02      0.02       1.43 f
  n592 (net)                                    1         0.00                0.00       1.43 f
  U1324/Y (NOR2_X8A_A6P5PP140ZTS_C35)                               0.02      0.02       1.44 r
  n3545 (net)                                   2         0.00                0.00       1.44 r
  U1364/Y (OAI21_X8M_A6P5PP140ZTS_C35)                              0.02      0.02       1.46 f
  n3541 (net)                                   4         0.01                0.00       1.46 f
  U1363/Y (NAND3_X2TA_A6P5PP140ZTS_C35)                             0.02      0.02       1.48 r
  n597 (net)                                    1         0.00                0.00       1.48 r
  U1551/Y (NAND3_X4M_A6P5PP140ZTS_C35)                              0.02      0.02       1.51 f
  n3565 (net)                                   1         0.00                0.00       1.51 f
  U1982/Y (XNOR2_X4M_A6P5PP140ZTS_C35)                              0.03      0.03       1.54 f
  n4796 (net)                                   6         0.00                0.00       1.54 f
  U598/Y (NOR2_X2A_A6P5PP140ZTS_C35)                                0.02      0.02       1.56 r
  n843 (net)                                    1         0.00                0.00       1.56 r
  U2029/Y (NAND2_X3M_A6P5PP140ZTS_C35)                              0.01      0.02       1.58 f
  n4526 (net)                                   4         0.00                0.00       1.58 f
  U2470/Y (NAND3_X0P7M_A6P5PP140ZTS_C35)                            0.02      0.01       1.59 r
  n4469 (net)                                   1         0.00                0.00       1.59 r
  U2036/Y (NAND3_X1TA_A6P5PP140ZTS_C35)                             0.02      0.02       1.61 f
  n4827 (net)                                   1         0.00                0.00       1.61 f
  u_dut/fp_acc_o_reg[21]/D (DFFRPQA_X2M_A6P5PP140ZTS_C35)           0.02      0.00       1.61 f
  data arrival time                                                                      1.61

  clock clk (rise edge)                                                       0.90       0.90
  clock network delay (ideal)                                                 0.00       0.90
  clock uncertainty                                                          -0.05       0.85
  u_dut/fp_acc_o_reg[21]/CK (DFFRPQA_X2M_A6P5PP140ZTS_C35)                    0.00       0.85 r
  library setup time                                                         -0.04       0.82
  data required time                                                                     0.82
  ----------------------------------------------------------------------------------------------
  data required time                                                                     0.82
  data arrival time                                                                     -1.61
  ----------------------------------------------------------------------------------------------
  slack (VIOLATED)                                                                      -0.79


  Startpoint: a_bits_i[1]
              (input port clocked by clk)
  Endpoint: u_dut/fp_acc_o_reg[21]
            (rising edge-triggered flip-flop clocked by clk)
  Path Group: clk
  Path Type: max

  Des/Clust/Port     Wire Load Model       Library
  ------------------------------------------------
  char_top           Zero                  sc6p5mcpp140z_cln22ul_base_svt_c35_tt_typical_max_0p80v_25c

  Point                                       Fanout       Cap     Trans      Incr       Path
  ----------------------------------------------------------------------------------------------
  clock clk (rise edge)                                                       0.00       0.00
  clock network delay (ideal)                                                 0.00       0.00
  input external delay                                                        0.09       0.09 f
  a_bits_i[1] (in)                                                  0.05      0.00       0.09 f
  a_bits_i[1] (net)                             5         0.01                0.00       0.09 f
  U2163/Y (NOR2_X8TA_A6P5PP140ZTS_C35)                              0.02      0.02       0.11 r
  n1326 (net)                                   2         0.00                0.00       0.11 r
  U1825/Y (NAND2_X8M_A6P5PP140ZTS_C35)                              0.02      0.02       0.13 f
  n1838 (net)                                   5         0.01                0.00       0.13 f
  U1400/Y (NOR2_X6TA_A6P5PP140ZTS_C35)                              0.01      0.01       0.14 r
  n1416 (net)                                   2         0.00                0.00       0.14 r
  U1369/Y (NOR2_X3A_A6P5PP140ZTS_C35)                               0.01      0.01       0.15 f
  n1322 (net)                                   1         0.00                0.00       0.15 f
  U1892/Y (NAND2_X3TA_A6P5PP140ZTS_C35)                             0.02      0.01       0.16 r
  n763 (net)                                    1         0.00                0.00       0.16 r
  U1374/Y (NAND2_X8TA_A6P5PP140ZTS_C35)                             0.02      0.02       0.18 f
  n1413 (net)                                  12         0.01                0.00       0.18 f
  U1891/Y (XNOR2_X4M_A6P5PP140ZTS_C35)                              0.03      0.04       0.22 f
  n1656 (net)                                   2         0.00                0.00       0.22 f
  U2284/Y (INV_X7M_A6P5PP140ZTS_C35)                                0.01      0.02       0.23 r
  n1114 (net)                                   1         0.00                0.00       0.23 r
  U2312/Y (INV_X10M_A6P5PP140ZTS_C35)                               0.01      0.01       0.24 f
  n1115 (net)                                  11         0.01                0.00       0.24 f
  U1533/Y (OAI22_X4M_A6P5PP140ZTS_C35)                              0.03      0.02       0.27 r
  n1474 (net)                                   2         0.00                0.00       0.27 r
  U1532/Y (XNOR2_X4M_A6P5PP140ZTS_C35)                              0.03      0.03       0.30 r
  n590 (net)                                    1         0.00                0.00       0.30 r
  U1530/Y (XNOR2_X4M_A6P5PP140ZTS_C35)                              0.03      0.02       0.32 r
  n1511 (net)                                   2         0.00                0.00       0.32 r
  U2688/S (ADDF_X1M_A6P5PP140ZTS_C35)                               0.02      0.07       0.39 f
  n3789 (net)                                   2         0.00                0.00       0.39 f
  U1567/Y (NAND2_X3TA_A6P5PP140ZTS_C35)                             0.02      0.02       0.41 r
  n1552 (net)                                   2         0.00                0.00       0.41 r
  U2340/Y (OAI21_X8M_A6P5PP140ZTS_C35)                              0.02      0.02       0.43 f
  n1547 (net)                                   3         0.01                0.00       0.43 f
  U2127/Y (AOI21_X8M_A6P5PP140ZTS_C35)                              0.03      0.03       0.46 r
  n1649 (net)                                   7         0.01                0.00       0.46 r
  U1038/Y (OAI21_X4M_A6P5PP140ZTS_C35)                              0.02      0.02       0.48 f
  n938 (net)                                    1         0.00                0.00       0.48 f
  U2126/Y (XNOR2_X4M_A6P5PP140ZTS_C35)                              0.03      0.03       0.51 f
  n1236 (net)                                   3         0.00                0.00       0.51 f
  U1176/Y (AND2_X6M_A6P5PP140ZTS_C35)                               0.01      0.02       0.53 f
  n965 (net)                                    2         0.00                0.00       0.53 f
  U1182/Y (NAND2_X3M_A6P5PP140ZTS_C35)                              0.02      0.01       0.55 r
  n1206 (net)                                   1         0.00                0.00       0.55 r
  U2473/Y (NAND3_X4TA_A6P5PP140ZTS_C35)                             0.03      0.03       0.57 f
  n2442 (net)                                  10         0.01                0.00       0.57 f
  U1019/Y (AND2_X2M_A6P5PP140ZTS_C35)                               0.01      0.03       0.60 f
  n1205 (net)                                   1         0.00                0.00       0.60 f
  U1000/Y (NOR2_X4A_A6P5PP140ZTS_C35)                               0.02      0.02       0.62 r
  n633 (net)                                    1         0.00                0.00       0.62 r
  U1639/Y (NAND2_X6M_A6P5PP140ZTS_C35)                              0.02      0.01       0.64 f
  n819 (net)                                    1         0.00                0.00       0.64 f
  U1837/Y (AOI21_X8M_A6P5PP140ZTS_C35)                              0.03      0.02       0.66 r
  n2227 (net)                                   6         0.01                0.00       0.66 r
  U1563/Y (NOR2_X8TA_A6P5PP140ZTS_C35)                              0.02      0.02       0.68 f
  n1085 (net)                                   7         0.01                0.00       0.68 f
  U1987/Y (AND2_X6M_A6P5PP140ZTS_C35)                               0.02      0.03       0.70 f
  n2325 (net)                                  11         0.01                0.00       0.70 f
  U3180/Y (AOI22_X1M_A6P5PP140ZTS_C35)                              0.03      0.03       0.74 r
  n2176 (net)                                   2         0.00                0.00       0.74 r
  U940/Y (INV_X1M_A6P5PP140ZTS_C35)                                 0.02      0.02       0.76 f
  n2180 (net)                                   1         0.00                0.00       0.76 f
  U2368/Y (NOR3_X2TA_A6P5PP140ZTS_C35)                              0.02      0.03       0.78 r
  n3040 (net)                                   2         0.00                0.00       0.78 r
  U2487/Y (OAI22_X2M_A6P5PP140ZTS_C35)                              0.03      0.02       0.80 f
  n2181 (net)                                   1         0.00                0.00       0.80 f
  U1238/Y (NAND2_X3M_A6P5PP140ZTS_C35)                              0.02      0.02       0.82 r
  n1146 (net)                                   1         0.00                0.00       0.82 r
  U1323/Y (OAI21_X3M_A6P5PP140ZTS_C35)                              0.02      0.02       0.83 f
  n2189 (net)                                   1         0.00                0.00       0.83 f
  U1602/Y (OA21B_X4M_A6P5PP140ZTS_C35)                              0.02      0.02       0.85 r
  n2607 (net)                                   1         0.00                0.00       0.85 r
  U1305/Y (AOI21_X4M_A6P5PP140ZTS_C35)                              0.02      0.02       0.87 f
  n2644 (net)                                   3         0.00                0.00       0.87 f
  U2024/Y (NOR2_X8TA_A6P5PP140ZTS_C35)                              0.03      0.03       0.90 r
  n2743 (net)                                   6         0.01                0.00       0.90 r
  U1397/Y (INV_X12M_A6P5PP140ZTS_C35)                               0.02      0.02       0.92 f
  n2767 (net)                                  14         0.02                0.00       0.92 f
  U2219/Y (MXIT2_X3M_A6P5PP140ZTS_C35)                              0.04      0.03       0.94 f
  n1043 (net)                                   4         0.00                0.00       0.94 f
  U1633/Y (AOI22_X4M_A6P5PP140ZTS_C35)                              0.03      0.04       0.98 r
  n2804 (net)                                   3         0.00                0.00       0.98 r
  U1240/Y (OAI22_X4M_A6P5PP140ZTS_C35)                              0.02      0.02       1.00 f
  n2924 (net)                                   1         0.00                0.00       1.00 f
  U3610/Y (MXIT2_X3M_A6P5PP140ZTS_C35)                              0.03      0.02       1.03 r
  n2990 (net)                                   2         0.00                0.00       1.03 r
  U2427/Y (OAI21_X3M_A6P5PP140ZTS_C35)                              0.02      0.02       1.05 f
  n3161 (net)                                   2         0.00                0.00       1.05 f
  U1269/Y (NOR2_X1P4TA_A6P5PP140ZTS_C35)                            0.02      0.02       1.07 r
  n732 (net)                                    2         0.00                0.00       1.07 r
  U1835/Y (INV_X2P5M_A6P5PP140ZTS_C35)                              0.01      0.01       1.08 f
  n4334 (net)                                   2         0.00                0.00       1.08 f
  U765/Y (XNOR2_X2M_A6P5PP140ZTS_C35)                               0.03      0.03       1.10 f
  n3164 (net)                                   2         0.00                0.00       1.10 f
  U747/Y (NAND2_X1M_A6P5PP140ZTS_C35)                               0.03      0.03       1.13 r
  n3175 (net)                                   2         0.00                0.00       1.13 r
  U1300/Y (OAI21_X3M_A6P5PP140ZTS_C35)                              0.02      0.02       1.15 f
  n3206 (net)                                   3         0.00                0.00       1.15 f
  U2333/Y (AOI21_X3M_A6P5PP140ZTS_C35)                              0.03      0.03       1.18 r
  n3273 (net)                                   3         0.00                0.00       1.18 r
  U1251/Y (OAI21_X3M_A6P5PP140ZTS_C35)                              0.02      0.02       1.20 f
  n3282 (net)                                   3         0.00                0.00       1.20 f
  U1341/Y (AO12_X2M_A6P5PP140ZTS_C35)                               0.02      0.04       1.23 f
  n694 (net)                                    2         0.00                0.00       1.23 f
  U700/Y (NOR2_X2A_A6P5PP140ZTS_C35)                                0.03      0.02       1.26 r
  n1009 (net)                                   1         0.00                0.00       1.26 r
  U1331/Y (NAND2_X3TA_A6P5PP140ZTS_C35)                             0.02      0.02       1.27 f
  n1012 (net)                                   2         0.00                0.00       1.27 f
  U1927/Y (NAND2_X2M_A6P5PP140ZTS_C35)                              0.05      0.03       1.31 r
  n4720 (net)                                   4         0.01                0.00       1.31 r
  U1342/Y (INV_X3M_A6P5PP140ZTS_C35)                                0.01      0.01       1.32 f
  n3511 (net)                                   2         0.00                0.00       1.32 f
  U3972/Y (AOI21_X0P5M_A6P5PP140ZTS_C35)                            0.03      0.02       1.34 r
  n3512 (net)                                   1         0.00                0.00       1.34 r
  U1320/Y (OAI21_X2M_A6P5PP140ZTS_C35)                              0.02      0.02       1.36 f
  n899 (net)                                    1         0.00                0.00       1.36 f
  U1340/Y (AOI21_X2M_A6P5PP140ZTS_C35)                              0.02      0.02       1.38 r
  n898 (net)                                    1         0.00                0.00       1.38 r
  U1328/Y (NAND2_X2M_A6P5PP140ZTS_C35)                              0.02      0.01       1.39 f
  n1359 (net)                                   2         0.00                0.00       1.39 f
  U647/Y (NAND2_X2A_A6P5PP140ZTS_C35)                               0.03      0.02       1.41 r
  n3550 (net)                                   3         0.00                0.00       1.41 r
  U1181/Y (NOR2_X4A_A6P5PP140ZTS_C35)                               0.02      0.02       1.43 f
  n592 (net)                                    1         0.00                0.00       1.43 f
  U1324/Y (NOR2_X8A_A6P5PP140ZTS_C35)                               0.02      0.02       1.44 r
  n3545 (net)                                   2         0.00                0.00       1.44 r
  U1364/Y (OAI21_X8M_A6P5PP140ZTS_C35)                              0.02      0.02       1.46 f
  n3541 (net)                                   4         0.01                0.00       1.46 f
  U1363/Y (NAND3_X2TA_A6P5PP140ZTS_C35)                             0.02      0.02       1.48 r
  n597 (net)                                    1         0.00                0.00       1.48 r
  U1551/Y (NAND3_X4M_A6P5PP140ZTS_C35)                              0.02      0.02       1.51 f
  n3565 (net)                                   1         0.00                0.00       1.51 f
  U1982/Y (XNOR2_X4M_A6P5PP140ZTS_C35)                              0.03      0.03       1.54 f
  n4796 (net)                                   6         0.00                0.00       1.54 f
  U598/Y (NOR2_X2A_A6P5PP140ZTS_C35)                                0.02      0.02       1.56 r
  n843 (net)                                    1         0.00                0.00       1.56 r
  U2029/Y (NAND2_X3M_A6P5PP140ZTS_C35)                              0.01      0.02       1.58 f
  n4526 (net)                                   4         0.00                0.00       1.58 f
  U2470/Y (NAND3_X0P7M_A6P5PP140ZTS_C35)                            0.02      0.01       1.59 r
  n4469 (net)                                   1         0.00                0.00       1.59 r
  U2036/Y (NAND3_X1TA_A6P5PP140ZTS_C35)                             0.02      0.02       1.61 f
  n4827 (net)                                   1         0.00                0.00       1.61 f
  u_dut/fp_acc_o_reg[21]/D (DFFRPQA_X2M_A6P5PP140ZTS_C35)           0.02      0.00       1.61 f
  data arrival time                                                                      1.61

  clock clk (rise edge)                                                       0.90       0.90
  clock network delay (ideal)                                                 0.00       0.90
  clock uncertainty                                                          -0.05       0.85
  u_dut/fp_acc_o_reg[21]/CK (DFFRPQA_X2M_A6P5PP140ZTS_C35)                    0.00       0.85 r
  library setup time                                                         -0.04       0.82
  data required time                                                                     0.82
  ----------------------------------------------------------------------------------------------
  data required time                                                                     0.82
  data arrival time                                                                     -1.61
  ----------------------------------------------------------------------------------------------
  slack (VIOLATED)                                                                      -0.79


  Startpoint: a_bits_i[1]
              (input port clocked by clk)
  Endpoint: u_dut/fp_acc_o_reg[21]
            (rising edge-triggered flip-flop clocked by clk)
  Path Group: clk
  Path Type: max

  Des/Clust/Port     Wire Load Model       Library
  ------------------------------------------------
  char_top           Zero                  sc6p5mcpp140z_cln22ul_base_svt_c35_tt_typical_max_0p80v_25c

  Point                                       Fanout       Cap     Trans      Incr       Path
  ----------------------------------------------------------------------------------------------
  clock clk (rise edge)                                                       0.00       0.00
  clock network delay (ideal)                                                 0.00       0.00
  input external delay                                                        0.09       0.09 f
  a_bits_i[1] (in)                                                  0.05      0.00       0.09 f
  a_bits_i[1] (net)                             5         0.01                0.00       0.09 f
  U2163/Y (NOR2_X8TA_A6P5PP140ZTS_C35)                              0.02      0.02       0.11 r
  n1326 (net)                                   2         0.00                0.00       0.11 r
  U1825/Y (NAND2_X8M_A6P5PP140ZTS_C35)                              0.02      0.02       0.13 f
  n1838 (net)                                   5         0.01                0.00       0.13 f
  U1400/Y (NOR2_X6TA_A6P5PP140ZTS_C35)                              0.01      0.01       0.14 r
  n1416 (net)                                   2         0.00                0.00       0.14 r
  U1369/Y (NOR2_X3A_A6P5PP140ZTS_C35)                               0.01      0.01       0.15 f
  n1322 (net)                                   1         0.00                0.00       0.15 f
  U1892/Y (NAND2_X3TA_A6P5PP140ZTS_C35)                             0.02      0.01       0.16 r
  n763 (net)                                    1         0.00                0.00       0.16 r
  U1374/Y (NAND2_X8TA_A6P5PP140ZTS_C35)                             0.02      0.02       0.18 f
  n1413 (net)                                  12         0.01                0.00       0.18 f
  U1891/Y (XNOR2_X4M_A6P5PP140ZTS_C35)                              0.03      0.04       0.22 f
  n1656 (net)                                   2         0.00                0.00       0.22 f
  U2284/Y (INV_X7M_A6P5PP140ZTS_C35)                                0.01      0.02       0.23 r
  n1114 (net)                                   1         0.00                0.00       0.23 r
  U2312/Y (INV_X10M_A6P5PP140ZTS_C35)                               0.01      0.01       0.24 f
  n1115 (net)                                  11         0.01                0.00       0.24 f
  U1533/Y (OAI22_X4M_A6P5PP140ZTS_C35)                              0.03      0.02       0.27 r
  n1474 (net)                                   2         0.00                0.00       0.27 r
  U1532/Y (XNOR2_X4M_A6P5PP140ZTS_C35)                              0.03      0.03       0.30 r
  n590 (net)                                    1         0.00                0.00       0.30 r
  U1530/Y (XNOR2_X4M_A6P5PP140ZTS_C35)                              0.03      0.02       0.32 r
  n1511 (net)                                   2         0.00                0.00       0.32 r
  U2688/S (ADDF_X1M_A6P5PP140ZTS_C35)                               0.02      0.07       0.39 f
  n3789 (net)                                   2         0.00                0.00       0.39 f
  U1567/Y (NAND2_X3TA_A6P5PP140ZTS_C35)                             0.02      0.02       0.41 r
  n1552 (net)                                   2         0.00                0.00       0.41 r
  U2340/Y (OAI21_X8M_A6P5PP140ZTS_C35)                              0.02      0.02       0.43 f
  n1547 (net)                                   3         0.01                0.00       0.43 f
  U2127/Y (AOI21_X8M_A6P5PP140ZTS_C35)                              0.03      0.03       0.46 r
  n1649 (net)                                   7         0.01                0.00       0.46 r
  U1038/Y (OAI21_X4M_A6P5PP140ZTS_C35)                              0.02      0.02       0.48 f
  n938 (net)                                    1         0.00                0.00       0.48 f
  U2126/Y (XNOR2_X4M_A6P5PP140ZTS_C35)                              0.03      0.03       0.51 f
  n1236 (net)                                   3         0.00                0.00       0.51 f
  U1176/Y (AND2_X6M_A6P5PP140ZTS_C35)                               0.01      0.02       0.53 f
  n965 (net)                                    2         0.00                0.00       0.53 f
  U1182/Y (NAND2_X3M_A6P5PP140ZTS_C35)                              0.02      0.01       0.55 r
  n1206 (net)                                   1         0.00                0.00       0.55 r
  U2473/Y (NAND3_X4TA_A6P5PP140ZTS_C35)                             0.03      0.03       0.57 f
  n2442 (net)                                  10         0.01                0.00       0.57 f
  U1019/Y (AND2_X2M_A6P5PP140ZTS_C35)                               0.01      0.03       0.60 f
  n1205 (net)                                   1         0.00                0.00       0.60 f
  U1000/Y (NOR2_X4A_A6P5PP140ZTS_C35)                               0.02      0.02       0.62 r
  n633 (net)                                    1         0.00                0.00       0.62 r
  U1639/Y (NAND2_X6M_A6P5PP140ZTS_C35)                              0.02      0.01       0.64 f
  n819 (net)                                    1         0.00                0.00       0.64 f
  U1837/Y (AOI21_X8M_A6P5PP140ZTS_C35)                              0.03      0.02       0.66 r
  n2227 (net)                                   6         0.01                0.00       0.66 r
  U1563/Y (NOR2_X8TA_A6P5PP140ZTS_C35)                              0.02      0.02       0.68 f
  n1085 (net)                                   7         0.01                0.00       0.68 f
  U1987/Y (AND2_X6M_A6P5PP140ZTS_C35)                               0.02      0.03       0.70 f
  n2325 (net)                                  11         0.01                0.00       0.70 f
  U3180/Y (AOI22_X1M_A6P5PP140ZTS_C35)                              0.03      0.03       0.74 r
  n2176 (net)                                   2         0.00                0.00       0.74 r
  U940/Y (INV_X1M_A6P5PP140ZTS_C35)                                 0.02      0.02       0.76 f
  n2180 (net)                                   1         0.00                0.00       0.76 f
  U2368/Y (NOR3_X2TA_A6P5PP140ZTS_C35)                              0.02      0.03       0.78 r
  n3040 (net)                                   2         0.00                0.00       0.78 r
  U2487/Y (OAI22_X2M_A6P5PP140ZTS_C35)                              0.03      0.02       0.80 f
  n2181 (net)                                   1         0.00                0.00       0.80 f
  U1238/Y (NAND2_X3M_A6P5PP140ZTS_C35)                              0.02      0.02       0.82 r
  n1146 (net)                                   1         0.00                0.00       0.82 r
  U1323/Y (OAI21_X3M_A6P5PP140ZTS_C35)                              0.02      0.02       0.83 f
  n2189 (net)                                   1         0.00                0.00       0.83 f
  U1602/Y (OA21B_X4M_A6P5PP140ZTS_C35)                              0.02      0.02       0.85 r
  n2607 (net)                                   1         0.00                0.00       0.85 r
  U1305/Y (AOI21_X4M_A6P5PP140ZTS_C35)                              0.02      0.02       0.87 f
  n2644 (net)                                   3         0.00                0.00       0.87 f
  U2024/Y (NOR2_X8TA_A6P5PP140ZTS_C35)                              0.03      0.03       0.90 r
  n2743 (net)                                   6         0.01                0.00       0.90 r
  U1397/Y (INV_X12M_A6P5PP140ZTS_C35)                               0.02      0.02       0.92 f
  n2767 (net)                                  14         0.02                0.00       0.92 f
  U2219/Y (MXIT2_X3M_A6P5PP140ZTS_C35)                              0.04      0.03       0.94 f
  n1043 (net)                                   4         0.00                0.00       0.94 f
  U1633/Y (AOI22_X4M_A6P5PP140ZTS_C35)                              0.03      0.04       0.98 r
  n2804 (net)                                   3         0.00                0.00       0.98 r
  U1240/Y (OAI22_X4M_A6P5PP140ZTS_C35)                              0.02      0.02       1.00 f
  n2924 (net)                                   1         0.00                0.00       1.00 f
  U3610/Y (MXIT2_X3M_A6P5PP140ZTS_C35)                              0.03      0.02       1.03 r
  n2990 (net)                                   2         0.00                0.00       1.03 r
  U2427/Y (OAI21_X3M_A6P5PP140ZTS_C35)                              0.02      0.02       1.05 f
  n3161 (net)                                   2         0.00                0.00       1.05 f
  U1269/Y (NOR2_X1P4TA_A6P5PP140ZTS_C35)                            0.02      0.02       1.07 r
  n732 (net)                                    2         0.00                0.00       1.07 r
  U1835/Y (INV_X2P5M_A6P5PP140ZTS_C35)                              0.01      0.01       1.08 f
  n4334 (net)                                   2         0.00                0.00       1.08 f
  U765/Y (XNOR2_X2M_A6P5PP140ZTS_C35)                               0.03      0.03       1.10 f
  n3164 (net)                                   2         0.00                0.00       1.10 f
  U747/Y (NAND2_X1M_A6P5PP140ZTS_C35)                               0.03      0.03       1.13 r
  n3175 (net)                                   2         0.00                0.00       1.13 r
  U1300/Y (OAI21_X3M_A6P5PP140ZTS_C35)                              0.02      0.02       1.15 f
  n3206 (net)                                   3         0.00                0.00       1.15 f
  U2333/Y (AOI21_X3M_A6P5PP140ZTS_C35)                              0.03      0.03       1.18 r
  n3273 (net)                                   3         0.00                0.00       1.18 r
  U1251/Y (OAI21_X3M_A6P5PP140ZTS_C35)                              0.02      0.02       1.20 f
  n3282 (net)                                   3         0.00                0.00       1.20 f
  U1341/Y (AO12_X2M_A6P5PP140ZTS_C35)                               0.02      0.04       1.23 f
  n694 (net)                                    2         0.00                0.00       1.23 f
  U700/Y (NOR2_X2A_A6P5PP140ZTS_C35)                                0.03      0.02       1.26 r
  n1009 (net)                                   1         0.00                0.00       1.26 r
  U1331/Y (NAND2_X3TA_A6P5PP140ZTS_C35)                             0.02      0.02       1.27 f
  n1012 (net)                                   2         0.00                0.00       1.27 f
  U1927/Y (NAND2_X2M_A6P5PP140ZTS_C35)                              0.05      0.03       1.31 r
  n4720 (net)                                   4         0.01                0.00       1.31 r
  U1342/Y (INV_X3M_A6P5PP140ZTS_C35)                                0.01      0.01       1.32 f
  n3511 (net)                                   2         0.00                0.00       1.32 f
  U3972/Y (AOI21_X0P5M_A6P5PP140ZTS_C35)                            0.03      0.02       1.34 r
  n3512 (net)                                   1         0.00                0.00       1.34 r
  U1320/Y (OAI21_X2M_A6P5PP140ZTS_C35)                              0.02      0.02       1.36 f
  n899 (net)                                    1         0.00                0.00       1.36 f
  U1340/Y (AOI21_X2M_A6P5PP140ZTS_C35)                              0.02      0.02       1.38 r
  n898 (net)                                    1         0.00                0.00       1.38 r
  U1328/Y (NAND2_X2M_A6P5PP140ZTS_C35)                              0.02      0.01       1.39 f
  n1359 (net)                                   2         0.00                0.00       1.39 f
  U647/Y (NAND2_X2A_A6P5PP140ZTS_C35)                               0.03      0.02       1.41 r
  n3550 (net)                                   3         0.00                0.00       1.41 r
  U1181/Y (NOR2_X4A_A6P5PP140ZTS_C35)                               0.02      0.02       1.43 f
  n592 (net)                                    1         0.00                0.00       1.43 f
  U1324/Y (NOR2_X8A_A6P5PP140ZTS_C35)                               0.02      0.02       1.44 r
  n3545 (net)                                   2         0.00                0.00       1.44 r
  U1364/Y (OAI21_X8M_A6P5PP140ZTS_C35)                              0.02      0.02       1.46 f
  n3541 (net)                                   4         0.01                0.00       1.46 f
  U1363/Y (NAND3_X2TA_A6P5PP140ZTS_C35)                             0.02      0.02       1.48 r
  n597 (net)                                    1         0.00                0.00       1.48 r
  U1551/Y (NAND3_X4M_A6P5PP140ZTS_C35)                              0.02      0.02       1.51 f
  n3565 (net)                                   1         0.00                0.00       1.51 f
  U1982/Y (XNOR2_X4M_A6P5PP140ZTS_C35)                              0.03      0.03       1.54 f
  n4796 (net)                                   6         0.00                0.00       1.54 f
  U598/Y (NOR2_X2A_A6P5PP140ZTS_C35)                                0.02      0.02       1.56 r
  n843 (net)                                    1         0.00                0.00       1.56 r
  U2029/Y (NAND2_X3M_A6P5PP140ZTS_C35)                              0.01      0.02       1.58 f
  n4526 (net)                                   4         0.00                0.00       1.58 f
  U2470/Y (NAND3_X0P7M_A6P5PP140ZTS_C35)                            0.02      0.01       1.59 r
  n4469 (net)                                   1         0.00                0.00       1.59 r
  U2036/Y (NAND3_X1TA_A6P5PP140ZTS_C35)                             0.02      0.02       1.61 f
  n4827 (net)                                   1         0.00                0.00       1.61 f
  u_dut/fp_acc_o_reg[21]/D (DFFRPQA_X2M_A6P5PP140ZTS_C35)           0.02      0.00       1.61 f
  data arrival time                                                                      1.61

  clock clk (rise edge)                                                       0.90       0.90
  clock network delay (ideal)                                                 0.00       0.90
  clock uncertainty                                                          -0.05       0.85
  u_dut/fp_acc_o_reg[21]/CK (DFFRPQA_X2M_A6P5PP140ZTS_C35)                    0.00       0.85 r
  library setup time                                                         -0.04       0.82
  data required time                                                                     0.82
  ----------------------------------------------------------------------------------------------
  data required time                                                                     0.82
  data arrival time                                                                     -1.61
  ----------------------------------------------------------------------------------------------
  slack (VIOLATED)                                                                      -0.79


  Startpoint: a_bits_i[1]
              (input port clocked by clk)
  Endpoint: u_dut/fp_acc_o_reg[21]
            (rising edge-triggered flip-flop clocked by clk)
  Path Group: clk
  Path Type: max

  Des/Clust/Port     Wire Load Model       Library
  ------------------------------------------------
  char_top           Zero                  sc6p5mcpp140z_cln22ul_base_svt_c35_tt_typical_max_0p80v_25c

  Point                                       Fanout       Cap     Trans      Incr       Path
  ----------------------------------------------------------------------------------------------
  clock clk (rise edge)                                                       0.00       0.00
  clock network delay (ideal)                                                 0.00       0.00
  input external delay                                                        0.09       0.09 f
  a_bits_i[1] (in)                                                  0.05      0.00       0.09 f
  a_bits_i[1] (net)                             5         0.01                0.00       0.09 f
  U2163/Y (NOR2_X8TA_A6P5PP140ZTS_C35)                              0.02      0.02       0.11 r
  n1326 (net)                                   2         0.00                0.00       0.11 r
  U1825/Y (NAND2_X8M_A6P5PP140ZTS_C35)                              0.02      0.02       0.13 f
  n1838 (net)                                   5         0.01                0.00       0.13 f
  U1400/Y (NOR2_X6TA_A6P5PP140ZTS_C35)                              0.01      0.01       0.14 r
  n1416 (net)                                   2         0.00                0.00       0.14 r
  U1369/Y (NOR2_X3A_A6P5PP140ZTS_C35)                               0.01      0.01       0.15 f
  n1322 (net)                                   1         0.00                0.00       0.15 f
  U1892/Y (NAND2_X3TA_A6P5PP140ZTS_C35)                             0.02      0.01       0.16 r
  n763 (net)                                    1         0.00                0.00       0.16 r
  U1374/Y (NAND2_X8TA_A6P5PP140ZTS_C35)                             0.02      0.02       0.18 f
  n1413 (net)                                  12         0.01                0.00       0.18 f
  U1891/Y (XNOR2_X4M_A6P5PP140ZTS_C35)                              0.03      0.04       0.22 f
  n1656 (net)                                   2         0.00                0.00       0.22 f
  U2284/Y (INV_X7M_A6P5PP140ZTS_C35)                                0.01      0.02       0.23 r
  n1114 (net)                                   1         0.00                0.00       0.23 r
  U2312/Y (INV_X10M_A6P5PP140ZTS_C35)                               0.01      0.01       0.24 f
  n1115 (net)                                  11         0.01                0.00       0.24 f
  U1533/Y (OAI22_X4M_A6P5PP140ZTS_C35)                              0.03      0.02       0.27 r
  n1474 (net)                                   2         0.00                0.00       0.27 r
  U1532/Y (XNOR2_X4M_A6P5PP140ZTS_C35)                              0.03      0.03       0.30 r
  n590 (net)                                    1         0.00                0.00       0.30 r
  U1530/Y (XNOR2_X4M_A6P5PP140ZTS_C35)                              0.03      0.02       0.32 r
  n1511 (net)                                   2         0.00                0.00       0.32 r
  U2688/S (ADDF_X1M_A6P5PP140ZTS_C35)                               0.02      0.07       0.39 f
  n3789 (net)                                   2         0.00                0.00       0.39 f
  U1567/Y (NAND2_X3TA_A6P5PP140ZTS_C35)                             0.02      0.02       0.41 r
  n1552 (net)                                   2         0.00                0.00       0.41 r
  U2340/Y (OAI21_X8M_A6P5PP140ZTS_C35)                              0.02      0.02       0.43 f
  n1547 (net)                                   3         0.01                0.00       0.43 f
  U2127/Y (AOI21_X8M_A6P5PP140ZTS_C35)                              0.03      0.03       0.46 r
  n1649 (net)                                   7         0.01                0.00       0.46 r
  U1038/Y (OAI21_X4M_A6P5PP140ZTS_C35)                              0.02      0.02       0.48 f
  n938 (net)                                    1         0.00                0.00       0.48 f
  U2126/Y (XNOR2_X4M_A6P5PP140ZTS_C35)                              0.03      0.03       0.51 f
  n1236 (net)                                   3         0.00                0.00       0.51 f
  U1176/Y (AND2_X6M_A6P5PP140ZTS_C35)                               0.01      0.02       0.53 f
  n965 (net)                                    2         0.00                0.00       0.53 f
  U1182/Y (NAND2_X3M_A6P5PP140ZTS_C35)                              0.02      0.01       0.55 r
  n1206 (net)                                   1         0.00                0.00       0.55 r
  U2473/Y (NAND3_X4TA_A6P5PP140ZTS_C35)                             0.03      0.03       0.57 f
  n2442 (net)                                  10         0.01                0.00       0.57 f
  U1019/Y (AND2_X2M_A6P5PP140ZTS_C35)                               0.01      0.03       0.60 f
  n1205 (net)                                   1         0.00                0.00       0.60 f
  U1000/Y (NOR2_X4A_A6P5PP140ZTS_C35)                               0.02      0.02       0.62 r
  n633 (net)                                    1         0.00                0.00       0.62 r
  U1639/Y (NAND2_X6M_A6P5PP140ZTS_C35)                              0.02      0.01       0.64 f
  n819 (net)                                    1         0.00                0.00       0.64 f
  U1837/Y (AOI21_X8M_A6P5PP140ZTS_C35)                              0.03      0.02       0.66 r
  n2227 (net)                                   6         0.01                0.00       0.66 r
  U1563/Y (NOR2_X8TA_A6P5PP140ZTS_C35)                              0.02      0.02       0.68 f
  n1085 (net)                                   7         0.01                0.00       0.68 f
  U1987/Y (AND2_X6M_A6P5PP140ZTS_C35)                               0.02      0.03       0.70 f
  n2325 (net)                                  11         0.01                0.00       0.70 f
  U3180/Y (AOI22_X1M_A6P5PP140ZTS_C35)                              0.03      0.03       0.74 r
  n2176 (net)                                   2         0.00                0.00       0.74 r
  U940/Y (INV_X1M_A6P5PP140ZTS_C35)                                 0.02      0.02       0.76 f
  n2180 (net)                                   1         0.00                0.00       0.76 f
  U2368/Y (NOR3_X2TA_A6P5PP140ZTS_C35)                              0.02      0.03       0.78 r
  n3040 (net)                                   2         0.00                0.00       0.78 r
  U2487/Y (OAI22_X2M_A6P5PP140ZTS_C35)                              0.03      0.02       0.80 f
  n2181 (net)                                   1         0.00                0.00       0.80 f
  U1238/Y (NAND2_X3M_A6P5PP140ZTS_C35)                              0.02      0.02       0.82 r
  n1146 (net)                                   1         0.00                0.00       0.82 r
  U1323/Y (OAI21_X3M_A6P5PP140ZTS_C35)                              0.02      0.02       0.83 f
  n2189 (net)                                   1         0.00                0.00       0.83 f
  U1602/Y (OA21B_X4M_A6P5PP140ZTS_C35)                              0.02      0.02       0.85 r
  n2607 (net)                                   1         0.00                0.00       0.85 r
  U1305/Y (AOI21_X4M_A6P5PP140ZTS_C35)                              0.02      0.02       0.87 f
  n2644 (net)                                   3         0.00                0.00       0.87 f
  U2024/Y (NOR2_X8TA_A6P5PP140ZTS_C35)                              0.03      0.03       0.90 r
  n2743 (net)                                   6         0.01                0.00       0.90 r
  U1397/Y (INV_X12M_A6P5PP140ZTS_C35)                               0.02      0.02       0.92 f
  n2767 (net)                                  14         0.02                0.00       0.92 f
  U2219/Y (MXIT2_X3M_A6P5PP140ZTS_C35)                              0.04      0.03       0.94 f
  n1043 (net)                                   4         0.00                0.00       0.94 f
  U1633/Y (AOI22_X4M_A6P5PP140ZTS_C35)                              0.03      0.04       0.98 r
  n2804 (net)                                   3         0.00                0.00       0.98 r
  U1240/Y (OAI22_X4M_A6P5PP140ZTS_C35)                              0.02      0.02       1.00 f
  n2924 (net)                                   1         0.00                0.00       1.00 f
  U3610/Y (MXIT2_X3M_A6P5PP140ZTS_C35)                              0.03      0.02       1.03 r
  n2990 (net)                                   2         0.00                0.00       1.03 r
  U2427/Y (OAI21_X3M_A6P5PP140ZTS_C35)                              0.02      0.02       1.05 f
  n3161 (net)                                   2         0.00                0.00       1.05 f
  U1269/Y (NOR2_X1P4TA_A6P5PP140ZTS_C35)                            0.02      0.02       1.07 r
  n732 (net)                                    2         0.00                0.00       1.07 r
  U1835/Y (INV_X2P5M_A6P5PP140ZTS_C35)                              0.01      0.01       1.08 f
  n4334 (net)                                   2         0.00                0.00       1.08 f
  U765/Y (XNOR2_X2M_A6P5PP140ZTS_C35)                               0.03      0.03       1.10 f
  n3164 (net)                                   2         0.00                0.00       1.10 f
  U747/Y (NAND2_X1M_A6P5PP140ZTS_C35)                               0.03      0.03       1.13 r
  n3175 (net)                                   2         0.00                0.00       1.13 r
  U1300/Y (OAI21_X3M_A6P5PP140ZTS_C35)                              0.02      0.02       1.15 f
  n3206 (net)                                   3         0.00                0.00       1.15 f
  U2333/Y (AOI21_X3M_A6P5PP140ZTS_C35)                              0.03      0.03       1.18 r
  n3273 (net)                                   3         0.00                0.00       1.18 r
  U1251/Y (OAI21_X3M_A6P5PP140ZTS_C35)                              0.02      0.02       1.20 f
  n3282 (net)                                   3         0.00                0.00       1.20 f
  U1341/Y (AO12_X2M_A6P5PP140ZTS_C35)                               0.02      0.04       1.23 f
  n694 (net)                                    2         0.00                0.00       1.23 f
  U700/Y (NOR2_X2A_A6P5PP140ZTS_C35)                                0.03      0.02       1.26 r
  n1009 (net)                                   1         0.00                0.00       1.26 r
  U1331/Y (NAND2_X3TA_A6P5PP140ZTS_C35)                             0.02      0.02       1.27 f
  n1012 (net)                                   2         0.00                0.00       1.27 f
  U1927/Y (NAND2_X2M_A6P5PP140ZTS_C35)                              0.05      0.03       1.31 r
  n4720 (net)                                   4         0.01                0.00       1.31 r
  U1342/Y (INV_X3M_A6P5PP140ZTS_C35)                                0.01      0.01       1.32 f
  n3511 (net)                                   2         0.00                0.00       1.32 f
  U3972/Y (AOI21_X0P5M_A6P5PP140ZTS_C35)                            0.03      0.02       1.34 r
  n3512 (net)                                   1         0.00                0.00       1.34 r
  U1320/Y (OAI21_X2M_A6P5PP140ZTS_C35)                              0.02      0.02       1.36 f
  n899 (net)                                    1         0.00                0.00       1.36 f
  U1340/Y (AOI21_X2M_A6P5PP140ZTS_C35)                              0.02      0.02       1.38 r
  n898 (net)                                    1         0.00                0.00       1.38 r
  U1328/Y (NAND2_X2M_A6P5PP140ZTS_C35)                              0.02      0.01       1.39 f
  n1359 (net)                                   2         0.00                0.00       1.39 f
  U647/Y (NAND2_X2A_A6P5PP140ZTS_C35)                               0.03      0.02       1.41 r
  n3550 (net)                                   3         0.00                0.00       1.41 r
  U1181/Y (NOR2_X4A_A6P5PP140ZTS_C35)                               0.02      0.02       1.43 f
  n592 (net)                                    1         0.00                0.00       1.43 f
  U1324/Y (NOR2_X8A_A6P5PP140ZTS_C35)                               0.02      0.02       1.44 r
  n3545 (net)                                   2         0.00                0.00       1.44 r
  U1364/Y (OAI21_X8M_A6P5PP140ZTS_C35)                              0.02      0.02       1.46 f
  n3541 (net)                                   4         0.01                0.00       1.46 f
  U1363/Y (NAND3_X2TA_A6P5PP140ZTS_C35)                             0.02      0.02       1.48 r
  n597 (net)                                    1         0.00                0.00       1.48 r
  U1551/Y (NAND3_X4M_A6P5PP140ZTS_C35)                              0.02      0.02       1.51 f
  n3565 (net)                                   1         0.00                0.00       1.51 f
  U1982/Y (XNOR2_X4M_A6P5PP140ZTS_C35)                              0.03      0.03       1.54 f
  n4796 (net)                                   6         0.00                0.00       1.54 f
  U598/Y (NOR2_X2A_A6P5PP140ZTS_C35)                                0.02      0.02       1.56 r
  n843 (net)                                    1         0.00                0.00       1.56 r
  U2029/Y (NAND2_X3M_A6P5PP140ZTS_C35)                              0.01      0.02       1.58 f
  n4526 (net)                                   4         0.00                0.00       1.58 f
  U2470/Y (NAND3_X0P7M_A6P5PP140ZTS_C35)                            0.02      0.01       1.59 r
  n4469 (net)                                   1         0.00                0.00       1.59 r
  U2036/Y (NAND3_X1TA_A6P5PP140ZTS_C35)                             0.02      0.02       1.61 f
  n4827 (net)                                   1         0.00                0.00       1.61 f
  u_dut/fp_acc_o_reg[21]/D (DFFRPQA_X2M_A6P5PP140ZTS_C35)           0.02      0.00       1.61 f
  data arrival time                                                                      1.61

  clock clk (rise edge)                                                       0.90       0.90
  clock network delay (ideal)                                                 0.00       0.90
  clock uncertainty                                                          -0.05       0.85
  u_dut/fp_acc_o_reg[21]/CK (DFFRPQA_X2M_A6P5PP140ZTS_C35)                    0.00       0.85 r
  library setup time                                                         -0.04       0.82
  data required time                                                                     0.82
  ----------------------------------------------------------------------------------------------
  data required time                                                                     0.82
  data arrival time                                                                     -1.61
  ----------------------------------------------------------------------------------------------
  slack (VIOLATED)                                                                      -0.79


  Startpoint: a_bits_i[1]
              (input port clocked by clk)
  Endpoint: u_dut/fp_acc_o_reg[21]
            (rising edge-triggered flip-flop clocked by clk)
  Path Group: clk
  Path Type: max

  Des/Clust/Port     Wire Load Model       Library
  ------------------------------------------------
  char_top           Zero                  sc6p5mcpp140z_cln22ul_base_svt_c35_tt_typical_max_0p80v_25c

  Point                                       Fanout       Cap     Trans      Incr       Path
  ----------------------------------------------------------------------------------------------
  clock clk (rise edge)                                                       0.00       0.00
  clock network delay (ideal)                                                 0.00       0.00
  input external delay                                                        0.09       0.09 f
  a_bits_i[1] (in)                                                  0.05      0.00       0.09 f
  a_bits_i[1] (net)                             5         0.01                0.00       0.09 f
  U2163/Y (NOR2_X8TA_A6P5PP140ZTS_C35)                              0.02      0.02       0.11 r
  n1326 (net)                                   2         0.00                0.00       0.11 r
  U1825/Y (NAND2_X8M_A6P5PP140ZTS_C35)                              0.02      0.02       0.13 f
  n1838 (net)                                   5         0.01                0.00       0.13 f
  U1400/Y (NOR2_X6TA_A6P5PP140ZTS_C35)                              0.01      0.01       0.14 r
  n1416 (net)                                   2         0.00                0.00       0.14 r
  U1369/Y (NOR2_X3A_A6P5PP140ZTS_C35)                               0.01      0.01       0.15 f
  n1322 (net)                                   1         0.00                0.00       0.15 f
  U1892/Y (NAND2_X3TA_A6P5PP140ZTS_C35)                             0.02      0.01       0.16 r
  n763 (net)                                    1         0.00                0.00       0.16 r
  U1374/Y (NAND2_X8TA_A6P5PP140ZTS_C35)                             0.02      0.02       0.18 f
  n1413 (net)                                  12         0.01                0.00       0.18 f
  U1891/Y (XNOR2_X4M_A6P5PP140ZTS_C35)                              0.03      0.04       0.22 f
  n1656 (net)                                   2         0.00                0.00       0.22 f
  U2284/Y (INV_X7M_A6P5PP140ZTS_C35)                                0.01      0.02       0.23 r
  n1114 (net)                                   1         0.00                0.00       0.23 r
  U2312/Y (INV_X10M_A6P5PP140ZTS_C35)                               0.01      0.01       0.24 f
  n1115 (net)                                  11         0.01                0.00       0.24 f
  U1533/Y (OAI22_X4M_A6P5PP140ZTS_C35)                              0.03      0.02       0.27 r
  n1474 (net)                                   2         0.00                0.00       0.27 r
  U1532/Y (XNOR2_X4M_A6P5PP140ZTS_C35)                              0.03      0.03       0.30 r
  n590 (net)                                    1         0.00                0.00       0.30 r
  U1530/Y (XNOR2_X4M_A6P5PP140ZTS_C35)                              0.03      0.02       0.32 r
  n1511 (net)                                   2         0.00                0.00       0.32 r
  U2688/S (ADDF_X1M_A6P5PP140ZTS_C35)                               0.02      0.07       0.39 f
  n3789 (net)                                   2         0.00                0.00       0.39 f
  U1567/Y (NAND2_X3TA_A6P5PP140ZTS_C35)                             0.02      0.02       0.41 r
  n1552 (net)                                   2         0.00                0.00       0.41 r
  U2340/Y (OAI21_X8M_A6P5PP140ZTS_C35)                              0.02      0.02       0.43 f
  n1547 (net)                                   3         0.01                0.00       0.43 f
  U2127/Y (AOI21_X8M_A6P5PP140ZTS_C35)                              0.03      0.03       0.46 r
  n1649 (net)                                   7         0.01                0.00       0.46 r
  U1038/Y (OAI21_X4M_A6P5PP140ZTS_C35)                              0.02      0.02       0.48 f
  n938 (net)                                    1         0.00                0.00       0.48 f
  U2126/Y (XNOR2_X4M_A6P5PP140ZTS_C35)                              0.03      0.03       0.51 f
  n1236 (net)                                   3         0.00                0.00       0.51 f
  U1176/Y (AND2_X6M_A6P5PP140ZTS_C35)                               0.01      0.02       0.53 f
  n965 (net)                                    2         0.00                0.00       0.53 f
  U1182/Y (NAND2_X3M_A6P5PP140ZTS_C35)                              0.02      0.01       0.55 r
  n1206 (net)                                   1         0.00                0.00       0.55 r
  U2473/Y (NAND3_X4TA_A6P5PP140ZTS_C35)                             0.03      0.03       0.57 f
  n2442 (net)                                  10         0.01                0.00       0.57 f
  U1019/Y (AND2_X2M_A6P5PP140ZTS_C35)                               0.01      0.03       0.60 f
  n1205 (net)                                   1         0.00                0.00       0.60 f
  U1000/Y (NOR2_X4A_A6P5PP140ZTS_C35)                               0.02      0.02       0.62 r
  n633 (net)                                    1         0.00                0.00       0.62 r
  U1639/Y (NAND2_X6M_A6P5PP140ZTS_C35)                              0.02      0.01       0.64 f
  n819 (net)                                    1         0.00                0.00       0.64 f
  U1837/Y (AOI21_X8M_A6P5PP140ZTS_C35)                              0.03      0.02       0.66 r
  n2227 (net)                                   6         0.01                0.00       0.66 r
  U1563/Y (NOR2_X8TA_A6P5PP140ZTS_C35)                              0.02      0.02       0.68 f
  n1085 (net)                                   7         0.01                0.00       0.68 f
  U1987/Y (AND2_X6M_A6P5PP140ZTS_C35)                               0.02      0.03       0.70 f
  n2325 (net)                                  11         0.01                0.00       0.70 f
  U3180/Y (AOI22_X1M_A6P5PP140ZTS_C35)                              0.03      0.03       0.74 r
  n2176 (net)                                   2         0.00                0.00       0.74 r
  U940/Y (INV_X1M_A6P5PP140ZTS_C35)                                 0.02      0.02       0.76 f
  n2180 (net)                                   1         0.00                0.00       0.76 f
  U2368/Y (NOR3_X2TA_A6P5PP140ZTS_C35)                              0.02      0.03       0.78 r
  n3040 (net)                                   2         0.00                0.00       0.78 r
  U2487/Y (OAI22_X2M_A6P5PP140ZTS_C35)                              0.03      0.02       0.80 f
  n2181 (net)                                   1         0.00                0.00       0.80 f
  U1238/Y (NAND2_X3M_A6P5PP140ZTS_C35)                              0.02      0.02       0.82 r
  n1146 (net)                                   1         0.00                0.00       0.82 r
  U1323/Y (OAI21_X3M_A6P5PP140ZTS_C35)                              0.02      0.02       0.83 f
  n2189 (net)                                   1         0.00                0.00       0.83 f
  U1602/Y (OA21B_X4M_A6P5PP140ZTS_C35)                              0.02      0.02       0.85 r
  n2607 (net)                                   1         0.00                0.00       0.85 r
  U1305/Y (AOI21_X4M_A6P5PP140ZTS_C35)                              0.02      0.02       0.87 f
  n2644 (net)                                   3         0.00                0.00       0.87 f
  U2024/Y (NOR2_X8TA_A6P5PP140ZTS_C35)                              0.03      0.03       0.90 r
  n2743 (net)                                   6         0.01                0.00       0.90 r
  U1397/Y (INV_X12M_A6P5PP140ZTS_C35)                               0.02      0.02       0.92 f
  n2767 (net)                                  14         0.02                0.00       0.92 f
  U2219/Y (MXIT2_X3M_A6P5PP140ZTS_C35)                              0.04      0.03       0.94 f
  n1043 (net)                                   4         0.00                0.00       0.94 f
  U1633/Y (AOI22_X4M_A6P5PP140ZTS_C35)                              0.03      0.04       0.98 r
  n2804 (net)                                   3         0.00                0.00       0.98 r
  U1240/Y (OAI22_X4M_A6P5PP140ZTS_C35)                              0.02      0.02       1.00 f
  n2924 (net)                                   1         0.00                0.00       1.00 f
  U3610/Y (MXIT2_X3M_A6P5PP140ZTS_C35)                              0.03      0.02       1.03 r
  n2990 (net)                                   2         0.00                0.00       1.03 r
  U2427/Y (OAI21_X3M_A6P5PP140ZTS_C35)                              0.02      0.02       1.05 f
  n3161 (net)                                   2         0.00                0.00       1.05 f
  U1269/Y (NOR2_X1P4TA_A6P5PP140ZTS_C35)                            0.02      0.02       1.07 r
  n732 (net)                                    2         0.00                0.00       1.07 r
  U1835/Y (INV_X2P5M_A6P5PP140ZTS_C35)                              0.01      0.01       1.08 f
  n4334 (net)                                   2         0.00                0.00       1.08 f
  U765/Y (XNOR2_X2M_A6P5PP140ZTS_C35)                               0.03      0.03       1.10 f
  n3164 (net)                                   2         0.00                0.00       1.10 f
  U747/Y (NAND2_X1M_A6P5PP140ZTS_C35)                               0.03      0.03       1.13 r
  n3175 (net)                                   2         0.00                0.00       1.13 r
  U1300/Y (OAI21_X3M_A6P5PP140ZTS_C35)                              0.02      0.02       1.15 f
  n3206 (net)                                   3         0.00                0.00       1.15 f
  U2333/Y (AOI21_X3M_A6P5PP140ZTS_C35)                              0.03      0.03       1.18 r
  n3273 (net)                                   3         0.00                0.00       1.18 r
  U1251/Y (OAI21_X3M_A6P5PP140ZTS_C35)                              0.02      0.02       1.20 f
  n3282 (net)                                   3         0.00                0.00       1.20 f
  U1341/Y (AO12_X2M_A6P5PP140ZTS_C35)                               0.02      0.04       1.23 f
  n694 (net)                                    2         0.00                0.00       1.23 f
  U700/Y (NOR2_X2A_A6P5PP140ZTS_C35)                                0.03      0.02       1.26 r
  n1009 (net)                                   1         0.00                0.00       1.26 r
  U1331/Y (NAND2_X3TA_A6P5PP140ZTS_C35)                             0.02      0.02       1.27 f
  n1012 (net)                                   2         0.00                0.00       1.27 f
  U1927/Y (NAND2_X2M_A6P5PP140ZTS_C35)                              0.05      0.03       1.31 r
  n4720 (net)                                   4         0.01                0.00       1.31 r
  U1342/Y (INV_X3M_A6P5PP140ZTS_C35)                                0.01      0.01       1.32 f
  n3511 (net)                                   2         0.00                0.00       1.32 f
  U3972/Y (AOI21_X0P5M_A6P5PP140ZTS_C35)                            0.03      0.02       1.34 r
  n3512 (net)                                   1         0.00                0.00       1.34 r
  U1320/Y (OAI21_X2M_A6P5PP140ZTS_C35)                              0.02      0.02       1.36 f
  n899 (net)                                    1         0.00                0.00       1.36 f
  U1340/Y (AOI21_X2M_A6P5PP140ZTS_C35)                              0.02      0.02       1.38 r
  n898 (net)                                    1         0.00                0.00       1.38 r
  U1328/Y (NAND2_X2M_A6P5PP140ZTS_C35)                              0.02      0.01       1.39 f
  n1359 (net)                                   2         0.00                0.00       1.39 f
  U647/Y (NAND2_X2A_A6P5PP140ZTS_C35)                               0.03      0.02       1.41 r
  n3550 (net)                                   3         0.00                0.00       1.41 r
  U1181/Y (NOR2_X4A_A6P5PP140ZTS_C35)                               0.02      0.02       1.43 f
  n592 (net)                                    1         0.00                0.00       1.43 f
  U1324/Y (NOR2_X8A_A6P5PP140ZTS_C35)                               0.02      0.02       1.44 r
  n3545 (net)                                   2         0.00                0.00       1.44 r
  U1364/Y (OAI21_X8M_A6P5PP140ZTS_C35)                              0.02      0.02       1.46 f
  n3541 (net)                                   4         0.01                0.00       1.46 f
  U1363/Y (NAND3_X2TA_A6P5PP140ZTS_C35)                             0.02      0.02       1.48 r
  n597 (net)                                    1         0.00                0.00       1.48 r
  U1551/Y (NAND3_X4M_A6P5PP140ZTS_C35)                              0.02      0.02       1.51 f
  n3565 (net)                                   1         0.00                0.00       1.51 f
  U1982/Y (XNOR2_X4M_A6P5PP140ZTS_C35)                              0.03      0.03       1.54 f
  n4796 (net)                                   6         0.00                0.00       1.54 f
  U598/Y (NOR2_X2A_A6P5PP140ZTS_C35)                                0.02      0.02       1.56 r
  n843 (net)                                    1         0.00                0.00       1.56 r
  U2029/Y (NAND2_X3M_A6P5PP140ZTS_C35)                              0.01      0.02       1.58 f
  n4526 (net)                                   4         0.00                0.00       1.58 f
  U2470/Y (NAND3_X0P7M_A6P5PP140ZTS_C35)                            0.02      0.01       1.59 r
  n4469 (net)                                   1         0.00                0.00       1.59 r
  U2036/Y (NAND3_X1TA_A6P5PP140ZTS_C35)                             0.02      0.02       1.61 f
  n4827 (net)                                   1         0.00                0.00       1.61 f
  u_dut/fp_acc_o_reg[21]/D (DFFRPQA_X2M_A6P5PP140ZTS_C35)           0.02      0.00       1.61 f
  data arrival time                                                                      1.61

  clock clk (rise edge)                                                       0.90       0.90
  clock network delay (ideal)                                                 0.00       0.90
  clock uncertainty                                                          -0.05       0.85
  u_dut/fp_acc_o_reg[21]/CK (DFFRPQA_X2M_A6P5PP140ZTS_C35)                    0.00       0.85 r
  library setup time                                                         -0.04       0.82
  data required time                                                                     0.82
  ----------------------------------------------------------------------------------------------
  data required time                                                                     0.82
  data arrival time                                                                     -1.61
  ----------------------------------------------------------------------------------------------
  slack (VIOLATED)                                                                      -0.79


  Startpoint: a_bits_i[1]
              (input port clocked by clk)
  Endpoint: u_dut/fp_status_o_reg[5]
            (rising edge-triggered flip-flop clocked by clk)
  Path Group: clk
  Path Type: max

  Des/Clust/Port     Wire Load Model       Library
  ------------------------------------------------
  char_top           Zero                  sc6p5mcpp140z_cln22ul_base_svt_c35_tt_typical_max_0p80v_25c

  Point                                       Fanout       Cap     Trans      Incr       Path
  ----------------------------------------------------------------------------------------------
  clock clk (rise edge)                                                       0.00       0.00
  clock network delay (ideal)                                                 0.00       0.00
  input external delay                                                        0.09       0.09 f
  a_bits_i[1] (in)                                                  0.05      0.00       0.09 f
  a_bits_i[1] (net)                             5         0.01                0.00       0.09 f
  U2163/Y (NOR2_X8TA_A6P5PP140ZTS_C35)                              0.02      0.02       0.11 r
  n1326 (net)                                   2         0.00                0.00       0.11 r
  U1825/Y (NAND2_X8M_A6P5PP140ZTS_C35)                              0.02      0.02       0.13 f
  n1838 (net)                                   5         0.01                0.00       0.13 f
  U1400/Y (NOR2_X6TA_A6P5PP140ZTS_C35)                              0.01      0.01       0.14 r
  n1416 (net)                                   2         0.00                0.00       0.14 r
  U1369/Y (NOR2_X3A_A6P5PP140ZTS_C35)                               0.01      0.01       0.15 f
  n1322 (net)                                   1         0.00                0.00       0.15 f
  U1892/Y (NAND2_X3TA_A6P5PP140ZTS_C35)                             0.02      0.01       0.16 r
  n763 (net)                                    1         0.00                0.00       0.16 r
  U1374/Y (NAND2_X8TA_A6P5PP140ZTS_C35)                             0.02      0.02       0.18 f
  n1413 (net)                                  12         0.01                0.00       0.18 f
  U1891/Y (XNOR2_X4M_A6P5PP140ZTS_C35)                              0.03      0.04       0.22 f
  n1656 (net)                                   2         0.00                0.00       0.22 f
  U2284/Y (INV_X7M_A6P5PP140ZTS_C35)                                0.01      0.02       0.23 r
  n1114 (net)                                   1         0.00                0.00       0.23 r
  U2312/Y (INV_X10M_A6P5PP140ZTS_C35)                               0.01      0.01       0.24 f
  n1115 (net)                                  11         0.01                0.00       0.24 f
  U1533/Y (OAI22_X4M_A6P5PP140ZTS_C35)                              0.03      0.02       0.27 r
  n1474 (net)                                   2         0.00                0.00       0.27 r
  U1532/Y (XNOR2_X4M_A6P5PP140ZTS_C35)                              0.03      0.03       0.30 r
  n590 (net)                                    1         0.00                0.00       0.30 r
  U1530/Y (XNOR2_X4M_A6P5PP140ZTS_C35)                              0.03      0.02       0.32 r
  n1511 (net)                                   2         0.00                0.00       0.32 r
  U2688/S (ADDF_X1M_A6P5PP140ZTS_C35)                               0.02      0.07       0.39 f
  n3789 (net)                                   2         0.00                0.00       0.39 f
  U1567/Y (NAND2_X3TA_A6P5PP140ZTS_C35)                             0.02      0.02       0.41 r
  n1552 (net)                                   2         0.00                0.00       0.41 r
  U2340/Y (OAI21_X8M_A6P5PP140ZTS_C35)                              0.02      0.02       0.43 f
  n1547 (net)                                   3         0.01                0.00       0.43 f
  U2127/Y (AOI21_X8M_A6P5PP140ZTS_C35)                              0.03      0.03       0.46 r
  n1649 (net)                                   7         0.01                0.00       0.46 r
  U1038/Y (OAI21_X4M_A6P5PP140ZTS_C35)                              0.02      0.02       0.48 f
  n938 (net)                                    1         0.00                0.00       0.48 f
  U2126/Y (XNOR2_X4M_A6P5PP140ZTS_C35)                              0.03      0.03       0.51 f
  n1236 (net)                                   3         0.00                0.00       0.51 f
  U1176/Y (AND2_X6M_A6P5PP140ZTS_C35)                               0.01      0.02       0.53 f
  n965 (net)                                    2         0.00                0.00       0.53 f
  U1182/Y (NAND2_X3M_A6P5PP140ZTS_C35)                              0.02      0.01       0.55 r
  n1206 (net)                                   1         0.00                0.00       0.55 r
  U2473/Y (NAND3_X4TA_A6P5PP140ZTS_C35)                             0.03      0.03       0.57 f
  n2442 (net)                                  10         0.01                0.00       0.57 f
  U2225/Y (NOR2_X2TA_A6P5PP140ZTS_C35)                              0.02      0.02       0.60 r
  n1058 (net)                                   2         0.00                0.00       0.60 r
  U1544/Y (OAI21_X3M_A6P5PP140ZTS_C35)                              0.02      0.02       0.61 f
  n1051 (net)                                   1         0.00                0.00       0.61 f
  U1410/Y (AO21A1AI2_X3M_A6P5PP140ZTS_C35)                          0.03      0.03       0.64 r
  n1047 (net)                                   2         0.00                0.00       0.64 r
  U1549/Y (INV_X3M_A6P5PP140ZTS_C35)                                0.01      0.01       0.65 f
  n817 (net)                                    1         0.00                0.00       0.65 f
  U998/Y (NOR2_X4A_A6P5PP140ZTS_C35)                                0.03      0.03       0.67 r
  n2341 (net)                                   5         0.01                0.00       0.67 r
  U2112/Y (NAND2_X8TA_A6P5PP140ZTS_C35)                             0.03      0.03       0.70 f
  n2555 (net)                                  16         0.01                0.00       0.70 f
  U1637/Y (BUFHA_X6M_A6P5PP140ZTS_C35)                              0.01      0.02       0.72 f
  n893 (net)                                    6         0.00                0.00       0.72 f
  U1468/Y (NOR2_X3TA_A6P5PP140ZTS_C35)                              0.01      0.01       0.74 r
  n2153 (net)                                   2         0.00                0.00       0.74 r
  U1219/Y (NOR2_X2A_A6P5PP140ZTS_C35)                               0.01      0.01       0.74 f
  n2178 (net)                                   1         0.00                0.00       0.74 f
  U3197/Y (NAND4_X1A_A6P5PP140ZTS_C35)                              0.03      0.02       0.76 r
  n2171 (net)                                   2         0.00                0.00       0.76 r
  U2042/Y (INV_X1M_A6P5PP140ZTS_C35)                                0.01      0.01       0.78 f
  n852 (net)                                    1         0.00                0.00       0.78 f
  U1485/Y (OA21B_X1M_A6P5PP140ZTS_C35)                              0.02      0.02       0.79 r
  n851 (net)                                    1         0.00                0.00       0.79 r
  U2041/Y (NAND2_X2M_A6P5PP140ZTS_C35)                              0.02      0.02       0.81 f
  n850 (net)                                    1         0.00                0.00       0.81 f
  U1608/Y (NOR2_X3A_A6P5PP140ZTS_C35)                               0.02      0.02       0.83 r
  n2369 (net)                                   1         0.00                0.00       0.83 r
  U2586/Y (AO21A1AI2_X3M_A6P5PP140ZTS_C35)                          0.03      0.02       0.85 f
  n2606 (net)                                   1         0.00                0.00       0.85 f
  U1305/Y (AOI21_X4M_A6P5PP140ZTS_C35)                              0.03      0.03       0.88 r
  n2644 (net)                                   3         0.00                0.00       0.88 r
  U2024/Y (NOR2_X8TA_A6P5PP140ZTS_C35)                              0.02      0.02       0.90 f
  n2743 (net)                                   6         0.01                0.00       0.90 f
  U1419/Y (INV_X16M_A6P5PP140ZTS_C35)                               0.02      0.02       0.92 r
  n3639 (net)                                  15         0.02                0.00       0.92 r
  U3507/Y (MXIT2_X3M_A6P5PP140ZTS_C35)                              0.04      0.02       0.94 r
  n2851 (net)                                   4         0.00                0.00       0.94 r
  U862/Y (AOI22_X3M_A6P5PP140ZTS_C35)                               0.03      0.03       0.97 f
  n2805 (net)                                   2         0.00                0.00       0.97 f
  U1212/Y (MXIT2_X4M_A6P5PP140ZTS_C35)                              0.03      0.03       1.00 r
  n2921 (net)                                   2         0.00                0.00       1.00 r
  U822/Y (NOR2_X1P4TA_A6P5PP140ZTS_C35)                             0.02      0.01       1.01 f
  n2693 (net)                                   1         0.00                0.00       1.01 f
  U1288/Y (NOR2_X3TA_A6P5PP140ZTS_C35)                              0.01      0.01       1.03 r
  n1144 (net)                                   1         0.00                0.00       1.03 r
  U812/Y (NAND3_X2M_A6P5PP140ZTS_C35)                               0.02      0.02       1.05 f
  n603 (net)                                    1         0.00                0.00       1.05 f
  U1560/Y (NAND2_X3M_A6P5PP140ZTS_C35)                              0.02      0.02       1.07 r
  n4671 (net)                                   3         0.00                0.00       1.07 r
  U1295/Y (XNOR2_X4M_A6P5PP140ZTS_C35)                              0.03      0.02       1.09 r
  n2974 (net)                                   2         0.00                0.00       1.09 r
  U1736/Y (NOR2_X3TA_A6P5PP140ZTS_C35)                              0.02      0.02       1.11 f
  n3121 (net)                                   3         0.00                0.00       1.11 f
  U1299/Y (NOR2_X1P4TA_A6P5PP140ZTS_C35)                            0.03      0.03       1.13 r
  n3132 (net)                                   3         0.00                0.00       1.13 r
  U728/Y (NAND2_X1P4TA_A6P5PP140ZTS_C35)                            0.03      0.02       1.16 f
  n2979 (net)                                   1         0.00                0.00       1.16 f
  U1732/Y (OAI21_X8M_A6P5PP140ZTS_C35)                              0.04      0.04       1.19 r
  n3101 (net)                                   8         0.01                0.00       1.19 r
  U1527/Y (AOI21_X8M_A6P5PP140ZTS_C35)                              0.03      0.03       1.22 f
  n3285 (net)                                   7         0.01                0.00       1.22 f
  U1680/Y (NOR2_X8A_A6P5PP140ZTS_C35)                               0.02      0.02       1.24 r
  n1329 (net)                                   4         0.00                0.00       1.24 r
  U2183/Y (INV_X2P5M_A6P5PP140ZTS_C35)                              0.01      0.01       1.25 f
  n1010 (net)                                   1         0.00                0.00       1.25 f
  U1331/Y (NAND2_X3TA_A6P5PP140ZTS_C35)                             0.02      0.01       1.26 r
  n1012 (net)                                   2         0.00                0.00       1.26 r
  U1930/Y (NAND2_X6M_A6P5PP140ZTS_C35)                              0.02      0.02       1.28 f
  n778 (net)                                    1         0.00                0.00       1.28 f
  U1929/Y (NOR2_X8TA_A6P5PP140ZTS_C35)                              0.02      0.02       1.30 r
  n4438 (net)                                  14         0.01                0.00       1.30 r
  U2185/Y (NAND2_X8M_A6P5PP140ZTS_C35)                              0.02      0.02       1.32 f
  n4443 (net)                                   7         0.01                0.00       1.32 f
  U1278/Y (INV_X3M_A6P5PP140ZTS_C35)                                0.01      0.01       1.33 r
  n868 (net)                                    1         0.00                0.00       1.33 r
  U1606/Y (NAND2_X3M_A6P5PP140ZTS_C35)                              0.01      0.01       1.34 f
  n1000 (net)                                   1         0.00                0.00       1.34 f
  U2175/Y (NOR2_X2TA_A6P5PP140ZTS_C35)                              0.02      0.02       1.36 r
  n999 (net)                                    1         0.00                0.00       1.36 r
  U2174/Y (NAND3_X4M_A6P5PP140ZTS_C35)                              0.03      0.02       1.38 f
  n1075 (net)                                   2         0.00                0.00       1.38 f
  U1957/Y (AND2_X6M_A6P5PP140ZTS_C35)                               0.01      0.02       1.41 f
  n3501 (net)                                   2         0.00                0.00       1.41 f
  U1620/Y (XNOR2_X4M_A6P5PP140ZTS_C35)                              0.02      0.02       1.43 f
  n3519 (net)                                   2         0.00                0.00       1.43 f
  U1619/Y (NAND2_X4M_A6P5PP140ZTS_C35)                              0.02      0.02       1.45 r
  n3553 (net)                                   3         0.00                0.00       1.45 r
  U2009/Y (OAI21_X4M_A6P5PP140ZTS_C35)                              0.02      0.02       1.47 f
  n1284 (net)                                   2         0.00                0.00       1.47 f
  U1597/Y (AOI21_X8M_A6P5PP140ZTS_C35)                              0.02      0.02       1.49 r
  n878 (net)                                    3         0.01                0.00       1.49 r
  U1970/Y (XNOR2_X4M_A6P5PP140ZTS_C35)                              0.03      0.03       1.52 r
  n1222 (net)                                   3         0.00                0.00       1.52 r
  U1978/Y (NAND3_X4M_A6P5PP140ZTS_C35)                              0.02      0.02       1.54 f
  n4797 (net)                                   4         0.00                0.00       1.54 f
  U1365/Y (NOR2_X1P4TA_A6P5PP140ZTS_C35)                            0.02      0.02       1.56 r
  n4360 (net)                                   2         0.00                0.00       1.56 r
  U1360/Y (AO21A1AI2_X1M_A6P5PP140ZTS_C35)                          0.03      0.03       1.59 f
  n4343 (net)                                   2         0.00                0.00       1.59 f
  U4702/Y (NAND2_X1M_A6P5PP140ZTS_C35)                              0.02      0.02       1.61 r
  n424 (net)                                    1         0.00                0.00       1.61 r
  u_dut/fp_status_o_reg[5]/D (DFFRPQA_X1M_A6P5PP140ZTS_C35)         0.02      0.00       1.61 r
  data arrival time                                                                      1.61

  clock clk (rise edge)                                                       0.90       0.90
  clock network delay (ideal)                                                 0.00       0.90
  clock uncertainty                                                          -0.05       0.85
  u_dut/fp_status_o_reg[5]/CK (DFFRPQA_X1M_A6P5PP140ZTS_C35)                  0.00       0.85 r
  library setup time                                                         -0.04       0.82
  data required time                                                                     0.82
  ----------------------------------------------------------------------------------------------
  data required time                                                                     0.82
  data arrival time                                                                     -1.61
  ----------------------------------------------------------------------------------------------
  slack (VIOLATED)                                                                      -0.79


  Startpoint: a_bits_i[1]
              (input port clocked by clk)
  Endpoint: u_dut/fp_status_o_reg[5]
            (rising edge-triggered flip-flop clocked by clk)
  Path Group: clk
  Path Type: max

  Des/Clust/Port     Wire Load Model       Library
  ------------------------------------------------
  char_top           Zero                  sc6p5mcpp140z_cln22ul_base_svt_c35_tt_typical_max_0p80v_25c

  Point                                       Fanout       Cap     Trans      Incr       Path
  ----------------------------------------------------------------------------------------------
  clock clk (rise edge)                                                       0.00       0.00
  clock network delay (ideal)                                                 0.00       0.00
  input external delay                                                        0.09       0.09 f
  a_bits_i[1] (in)                                                  0.05      0.00       0.09 f
  a_bits_i[1] (net)                             5         0.01                0.00       0.09 f
  U2163/Y (NOR2_X8TA_A6P5PP140ZTS_C35)                              0.02      0.02       0.11 r
  n1326 (net)                                   2         0.00                0.00       0.11 r
  U1825/Y (NAND2_X8M_A6P5PP140ZTS_C35)                              0.02      0.02       0.13 f
  n1838 (net)                                   5         0.01                0.00       0.13 f
  U1400/Y (NOR2_X6TA_A6P5PP140ZTS_C35)                              0.01      0.01       0.14 r
  n1416 (net)                                   2         0.00                0.00       0.14 r
  U1369/Y (NOR2_X3A_A6P5PP140ZTS_C35)                               0.01      0.01       0.15 f
  n1322 (net)                                   1         0.00                0.00       0.15 f
  U1892/Y (NAND2_X3TA_A6P5PP140ZTS_C35)                             0.02      0.01       0.16 r
  n763 (net)                                    1         0.00                0.00       0.16 r
  U1374/Y (NAND2_X8TA_A6P5PP140ZTS_C35)                             0.02      0.02       0.18 f
  n1413 (net)                                  12         0.01                0.00       0.18 f
  U1891/Y (XNOR2_X4M_A6P5PP140ZTS_C35)                              0.03      0.04       0.22 f
  n1656 (net)                                   2         0.00                0.00       0.22 f
  U2284/Y (INV_X7M_A6P5PP140ZTS_C35)                                0.01      0.02       0.23 r
  n1114 (net)                                   1         0.00                0.00       0.23 r
  U2312/Y (INV_X10M_A6P5PP140ZTS_C35)                               0.01      0.01       0.24 f
  n1115 (net)                                  11         0.01                0.00       0.24 f
  U1533/Y (OAI22_X4M_A6P5PP140ZTS_C35)                              0.03      0.02       0.27 r
  n1474 (net)                                   2         0.00                0.00       0.27 r
  U1532/Y (XNOR2_X4M_A6P5PP140ZTS_C35)                              0.03      0.03       0.30 r
  n590 (net)                                    1         0.00                0.00       0.30 r
  U1530/Y (XNOR2_X4M_A6P5PP140ZTS_C35)                              0.03      0.02       0.32 r
  n1511 (net)                                   2         0.00                0.00       0.32 r
  U2688/S (ADDF_X1M_A6P5PP140ZTS_C35)                               0.02      0.07       0.39 f
  n3789 (net)                                   2         0.00                0.00       0.39 f
  U1567/Y (NAND2_X3TA_A6P5PP140ZTS_C35)                             0.02      0.02       0.41 r
  n1552 (net)                                   2         0.00                0.00       0.41 r
  U2340/Y (OAI21_X8M_A6P5PP140ZTS_C35)                              0.02      0.02       0.43 f
  n1547 (net)                                   3         0.01                0.00       0.43 f
  U2127/Y (AOI21_X8M_A6P5PP140ZTS_C35)                              0.03      0.03       0.46 r
  n1649 (net)                                   7         0.01                0.00       0.46 r
  U1038/Y (OAI21_X4M_A6P5PP140ZTS_C35)                              0.02      0.02       0.48 f
  n938 (net)                                    1         0.00                0.00       0.48 f
  U2126/Y (XNOR2_X4M_A6P5PP140ZTS_C35)                              0.03      0.03       0.51 f
  n1236 (net)                                   3         0.00                0.00       0.51 f
  U1176/Y (AND2_X6M_A6P5PP140ZTS_C35)                               0.01      0.02       0.53 f
  n965 (net)                                    2         0.00                0.00       0.53 f
  U1182/Y (NAND2_X3M_A6P5PP140ZTS_C35)                              0.02      0.01       0.55 r
  n1206 (net)                                   1         0.00                0.00       0.55 r
  U2473/Y (NAND3_X4TA_A6P5PP140ZTS_C35)                             0.03      0.03       0.57 f
  n2442 (net)                                  10         0.01                0.00       0.57 f
  U2225/Y (NOR2_X2TA_A6P5PP140ZTS_C35)                              0.02      0.02       0.60 r
  n1058 (net)                                   2         0.00                0.00       0.60 r
  U1544/Y (OAI21_X3M_A6P5PP140ZTS_C35)                              0.02      0.02       0.61 f
  n1051 (net)                                   1         0.00                0.00       0.61 f
  U1410/Y (AO21A1AI2_X3M_A6P5PP140ZTS_C35)                          0.03      0.03       0.64 r
  n1047 (net)                                   2         0.00                0.00       0.64 r
  U1549/Y (INV_X3M_A6P5PP140ZTS_C35)                                0.01      0.01       0.65 f
  n817 (net)                                    1         0.00                0.00       0.65 f
  U998/Y (NOR2_X4A_A6P5PP140ZTS_C35)                                0.03      0.03       0.67 r
  n2341 (net)                                   5         0.01                0.00       0.67 r
  U2112/Y (NAND2_X8TA_A6P5PP140ZTS_C35)                             0.03      0.03       0.70 f
  n2555 (net)                                  16         0.01                0.00       0.70 f
  U1637/Y (BUFHA_X6M_A6P5PP140ZTS_C35)                              0.01      0.02       0.72 f
  n893 (net)                                    6         0.00                0.00       0.72 f
  U1468/Y (NOR2_X3TA_A6P5PP140ZTS_C35)                              0.01      0.01       0.74 r
  n2153 (net)                                   2         0.00                0.00       0.74 r
  U1219/Y (NOR2_X2A_A6P5PP140ZTS_C35)                               0.01      0.01       0.74 f
  n2178 (net)                                   1         0.00                0.00       0.74 f
  U3197/Y (NAND4_X1A_A6P5PP140ZTS_C35)                              0.03      0.02       0.76 r
  n2171 (net)                                   2         0.00                0.00       0.76 r
  U2042/Y (INV_X1M_A6P5PP140ZTS_C35)                                0.01      0.01       0.78 f
  n852 (net)                                    1         0.00                0.00       0.78 f
  U1485/Y (OA21B_X1M_A6P5PP140ZTS_C35)                              0.02      0.02       0.79 r
  n851 (net)                                    1         0.00                0.00       0.79 r
  U2041/Y (NAND2_X2M_A6P5PP140ZTS_C35)                              0.02      0.02       0.81 f
  n850 (net)                                    1         0.00                0.00       0.81 f
  U1608/Y (NOR2_X3A_A6P5PP140ZTS_C35)                               0.02      0.02       0.83 r
  n2369 (net)                                   1         0.00                0.00       0.83 r
  U2586/Y (AO21A1AI2_X3M_A6P5PP140ZTS_C35)                          0.03      0.02       0.85 f
  n2606 (net)                                   1         0.00                0.00       0.85 f
  U1305/Y (AOI21_X4M_A6P5PP140ZTS_C35)                              0.03      0.03       0.88 r
  n2644 (net)                                   3         0.00                0.00       0.88 r
  U2024/Y (NOR2_X8TA_A6P5PP140ZTS_C35)                              0.02      0.02       0.90 f
  n2743 (net)                                   6         0.01                0.00       0.90 f
  U1419/Y (INV_X16M_A6P5PP140ZTS_C35)                               0.02      0.02       0.92 r
  n3639 (net)                                  15         0.02                0.00       0.92 r
  U3507/Y (MXIT2_X3M_A6P5PP140ZTS_C35)                              0.04      0.02       0.94 r
  n2851 (net)                                   4         0.00                0.00       0.94 r
  U862/Y (AOI22_X3M_A6P5PP140ZTS_C35)                               0.03      0.03       0.97 f
  n2805 (net)                                   2         0.00                0.00       0.97 f
  U1212/Y (MXIT2_X4M_A6P5PP140ZTS_C35)                              0.03      0.03       1.00 r
  n2921 (net)                                   2         0.00                0.00       1.00 r
  U822/Y (NOR2_X1P4TA_A6P5PP140ZTS_C35)                             0.02      0.01       1.01 f
  n2693 (net)                                   1         0.00                0.00       1.01 f
  U1288/Y (NOR2_X3TA_A6P5PP140ZTS_C35)                              0.01      0.01       1.03 r
  n1144 (net)                                   1         0.00                0.00       1.03 r
  U812/Y (NAND3_X2M_A6P5PP140ZTS_C35)                               0.02      0.02       1.05 f
  n603 (net)                                    1         0.00                0.00       1.05 f
  U1560/Y (NAND2_X3M_A6P5PP140ZTS_C35)                              0.02      0.02       1.07 r
  n4671 (net)                                   3         0.00                0.00       1.07 r
  U1295/Y (XNOR2_X4M_A6P5PP140ZTS_C35)                              0.03      0.02       1.09 r
  n2974 (net)                                   2         0.00                0.00       1.09 r
  U1736/Y (NOR2_X3TA_A6P5PP140ZTS_C35)                              0.02      0.02       1.11 f
  n3121 (net)                                   3         0.00                0.00       1.11 f
  U1299/Y (NOR2_X1P4TA_A6P5PP140ZTS_C35)                            0.03      0.03       1.13 r
  n3132 (net)                                   3         0.00                0.00       1.13 r
  U728/Y (NAND2_X1P4TA_A6P5PP140ZTS_C35)                            0.03      0.02       1.16 f
  n2979 (net)                                   1         0.00                0.00       1.16 f
  U1732/Y (OAI21_X8M_A6P5PP140ZTS_C35)                              0.04      0.04       1.19 r
  n3101 (net)                                   8         0.01                0.00       1.19 r
  U1527/Y (AOI21_X8M_A6P5PP140ZTS_C35)                              0.03      0.03       1.22 f
  n3285 (net)                                   7         0.01                0.00       1.22 f
  U1680/Y (NOR2_X8A_A6P5PP140ZTS_C35)                               0.02      0.02       1.24 r
  n1329 (net)                                   4         0.00                0.00       1.24 r
  U2183/Y (INV_X2P5M_A6P5PP140ZTS_C35)                              0.01      0.01       1.25 f
  n1010 (net)                                   1         0.00                0.00       1.25 f
  U1331/Y (NAND2_X3TA_A6P5PP140ZTS_C35)                             0.02      0.01       1.26 r
  n1012 (net)                                   2         0.00                0.00       1.26 r
  U1930/Y (NAND2_X6M_A6P5PP140ZTS_C35)                              0.02      0.02       1.28 f
  n778 (net)                                    1         0.00                0.00       1.28 f
  U1929/Y (NOR2_X8TA_A6P5PP140ZTS_C35)                              0.02      0.02       1.30 r
  n4438 (net)                                  14         0.01                0.00       1.30 r
  U2185/Y (NAND2_X8M_A6P5PP140ZTS_C35)                              0.02      0.02       1.32 f
  n4443 (net)                                   7         0.01                0.00       1.32 f
  U1278/Y (INV_X3M_A6P5PP140ZTS_C35)                                0.01      0.01       1.33 r
  n868 (net)                                    1         0.00                0.00       1.33 r
  U1606/Y (NAND2_X3M_A6P5PP140ZTS_C35)                              0.01      0.01       1.34 f
  n1000 (net)                                   1         0.00                0.00       1.34 f
  U2175/Y (NOR2_X2TA_A6P5PP140ZTS_C35)                              0.02      0.02       1.36 r
  n999 (net)                                    1         0.00                0.00       1.36 r
  U2174/Y (NAND3_X4M_A6P5PP140ZTS_C35)                              0.03      0.02       1.38 f
  n1075 (net)                                   2         0.00                0.00       1.38 f
  U1957/Y (AND2_X6M_A6P5PP140ZTS_C35)                               0.01      0.02       1.41 f
  n3501 (net)                                   2         0.00                0.00       1.41 f
  U1620/Y (XNOR2_X4M_A6P5PP140ZTS_C35)                              0.02      0.02       1.43 f
  n3519 (net)                                   2         0.00                0.00       1.43 f
  U1619/Y (NAND2_X4M_A6P5PP140ZTS_C35)                              0.02      0.02       1.45 r
  n3553 (net)                                   3         0.00                0.00       1.45 r
  U2009/Y (OAI21_X4M_A6P5PP140ZTS_C35)                              0.02      0.02       1.47 f
  n1284 (net)                                   2         0.00                0.00       1.47 f
  U1597/Y (AOI21_X8M_A6P5PP140ZTS_C35)                              0.02      0.02       1.49 r
  n878 (net)                                    3         0.01                0.00       1.49 r
  U1970/Y (XNOR2_X4M_A6P5PP140ZTS_C35)                              0.03      0.03       1.52 r
  n1222 (net)                                   3         0.00                0.00       1.52 r
  U1978/Y (NAND3_X4M_A6P5PP140ZTS_C35)                              0.02      0.02       1.54 f
  n4797 (net)                                   4         0.00                0.00       1.54 f
  U1365/Y (NOR2_X1P4TA_A6P5PP140ZTS_C35)                            0.02      0.02       1.56 r
  n4360 (net)                                   2         0.00                0.00       1.56 r
  U1360/Y (AO21A1AI2_X1M_A6P5PP140ZTS_C35)                          0.03      0.03       1.59 f
  n4343 (net)                                   2         0.00                0.00       1.59 f
  U4702/Y (NAND2_X1M_A6P5PP140ZTS_C35)                              0.02      0.02       1.61 r
  n424 (net)                                    1         0.00                0.00       1.61 r
  u_dut/fp_status_o_reg[5]/D (DFFRPQA_X1M_A6P5PP140ZTS_C35)         0.02      0.00       1.61 r
  data arrival time                                                                      1.61

  clock clk (rise edge)                                                       0.90       0.90
  clock network delay (ideal)                                                 0.00       0.90
  clock uncertainty                                                          -0.05       0.85
  u_dut/fp_status_o_reg[5]/CK (DFFRPQA_X1M_A6P5PP140ZTS_C35)                  0.00       0.85 r
  library setup time                                                         -0.04       0.82
  data required time                                                                     0.82
  ----------------------------------------------------------------------------------------------
  data required time                                                                     0.82
  data arrival time                                                                     -1.61
  ----------------------------------------------------------------------------------------------
  slack (VIOLATED)                                                                      -0.79


  Startpoint: a_bits_i[1]
              (input port clocked by clk)
  Endpoint: u_dut/fp_status_o_reg[5]
            (rising edge-triggered flip-flop clocked by clk)
  Path Group: clk
  Path Type: max

  Des/Clust/Port     Wire Load Model       Library
  ------------------------------------------------
  char_top           Zero                  sc6p5mcpp140z_cln22ul_base_svt_c35_tt_typical_max_0p80v_25c

  Point                                       Fanout       Cap     Trans      Incr       Path
  ----------------------------------------------------------------------------------------------
  clock clk (rise edge)                                                       0.00       0.00
  clock network delay (ideal)                                                 0.00       0.00
  input external delay                                                        0.09       0.09 f
  a_bits_i[1] (in)                                                  0.05      0.00       0.09 f
  a_bits_i[1] (net)                             5         0.01                0.00       0.09 f
  U2163/Y (NOR2_X8TA_A6P5PP140ZTS_C35)                              0.02      0.02       0.11 r
  n1326 (net)                                   2         0.00                0.00       0.11 r
  U1825/Y (NAND2_X8M_A6P5PP140ZTS_C35)                              0.02      0.02       0.13 f
  n1838 (net)                                   5         0.01                0.00       0.13 f
  U1400/Y (NOR2_X6TA_A6P5PP140ZTS_C35)                              0.01      0.01       0.14 r
  n1416 (net)                                   2         0.00                0.00       0.14 r
  U1369/Y (NOR2_X3A_A6P5PP140ZTS_C35)                               0.01      0.01       0.15 f
  n1322 (net)                                   1         0.00                0.00       0.15 f
  U1892/Y (NAND2_X3TA_A6P5PP140ZTS_C35)                             0.02      0.01       0.16 r
  n763 (net)                                    1         0.00                0.00       0.16 r
  U1374/Y (NAND2_X8TA_A6P5PP140ZTS_C35)                             0.02      0.02       0.18 f
  n1413 (net)                                  12         0.01                0.00       0.18 f
  U1891/Y (XNOR2_X4M_A6P5PP140ZTS_C35)                              0.03      0.04       0.22 f
  n1656 (net)                                   2         0.00                0.00       0.22 f
  U2284/Y (INV_X7M_A6P5PP140ZTS_C35)                                0.01      0.02       0.23 r
  n1114 (net)                                   1         0.00                0.00       0.23 r
  U2312/Y (INV_X10M_A6P5PP140ZTS_C35)                               0.01      0.01       0.24 f
  n1115 (net)                                  11         0.01                0.00       0.24 f
  U1533/Y (OAI22_X4M_A6P5PP140ZTS_C35)                              0.03      0.02       0.27 r
  n1474 (net)                                   2         0.00                0.00       0.27 r
  U1532/Y (XNOR2_X4M_A6P5PP140ZTS_C35)                              0.03      0.03       0.30 r
  n590 (net)                                    1         0.00                0.00       0.30 r
  U1530/Y (XNOR2_X4M_A6P5PP140ZTS_C35)                              0.03      0.02       0.32 r
  n1511 (net)                                   2         0.00                0.00       0.32 r
  U2688/S (ADDF_X1M_A6P5PP140ZTS_C35)                               0.02      0.07       0.39 f
  n3789 (net)                                   2         0.00                0.00       0.39 f
  U1567/Y (NAND2_X3TA_A6P5PP140ZTS_C35)                             0.02      0.02       0.41 r
  n1552 (net)                                   2         0.00                0.00       0.41 r
  U2340/Y (OAI21_X8M_A6P5PP140ZTS_C35)                              0.02      0.02       0.43 f
  n1547 (net)                                   3         0.01                0.00       0.43 f
  U2127/Y (AOI21_X8M_A6P5PP140ZTS_C35)                              0.03      0.03       0.46 r
  n1649 (net)                                   7         0.01                0.00       0.46 r
  U1038/Y (OAI21_X4M_A6P5PP140ZTS_C35)                              0.02      0.02       0.48 f
  n938 (net)                                    1         0.00                0.00       0.48 f
  U2126/Y (XNOR2_X4M_A6P5PP140ZTS_C35)                              0.03      0.03       0.51 f
  n1236 (net)                                   3         0.00                0.00       0.51 f
  U1176/Y (AND2_X6M_A6P5PP140ZTS_C35)                               0.01      0.02       0.53 f
  n965 (net)                                    2         0.00                0.00       0.53 f
  U1182/Y (NAND2_X3M_A6P5PP140ZTS_C35)                              0.02      0.01       0.55 r
  n1206 (net)                                   1         0.00                0.00       0.55 r
  U2473/Y (NAND3_X4TA_A6P5PP140ZTS_C35)                             0.03      0.03       0.57 f
  n2442 (net)                                  10         0.01                0.00       0.57 f
  U2225/Y (NOR2_X2TA_A6P5PP140ZTS_C35)                              0.02      0.02       0.60 r
  n1058 (net)                                   2         0.00                0.00       0.60 r
  U1544/Y (OAI21_X3M_A6P5PP140ZTS_C35)                              0.02      0.02       0.61 f
  n1051 (net)                                   1         0.00                0.00       0.61 f
  U1410/Y (AO21A1AI2_X3M_A6P5PP140ZTS_C35)                          0.03      0.03       0.64 r
  n1047 (net)                                   2         0.00                0.00       0.64 r
  U1549/Y (INV_X3M_A6P5PP140ZTS_C35)                                0.01      0.01       0.65 f
  n817 (net)                                    1         0.00                0.00       0.65 f
  U998/Y (NOR2_X4A_A6P5PP140ZTS_C35)                                0.03      0.03       0.67 r
  n2341 (net)                                   5         0.01                0.00       0.67 r
  U2112/Y (NAND2_X8TA_A6P5PP140ZTS_C35)                             0.03      0.03       0.70 f
  n2555 (net)                                  16         0.01                0.00       0.70 f
  U1637/Y (BUFHA_X6M_A6P5PP140ZTS_C35)                              0.01      0.02       0.72 f
  n893 (net)                                    6         0.00                0.00       0.72 f
  U1468/Y (NOR2_X3TA_A6P5PP140ZTS_C35)                              0.01      0.01       0.74 r
  n2153 (net)                                   2         0.00                0.00       0.74 r
  U1219/Y (NOR2_X2A_A6P5PP140ZTS_C35)                               0.01      0.01       0.74 f
  n2178 (net)                                   1         0.00                0.00       0.74 f
  U3197/Y (NAND4_X1A_A6P5PP140ZTS_C35)                              0.03      0.02       0.76 r
  n2171 (net)                                   2         0.00                0.00       0.76 r
  U2042/Y (INV_X1M_A6P5PP140ZTS_C35)                                0.01      0.01       0.78 f
  n852 (net)                                    1         0.00                0.00       0.78 f
  U1485/Y (OA21B_X1M_A6P5PP140ZTS_C35)                              0.02      0.02       0.79 r
  n851 (net)                                    1         0.00                0.00       0.79 r
  U2041/Y (NAND2_X2M_A6P5PP140ZTS_C35)                              0.02      0.02       0.81 f
  n850 (net)                                    1         0.00                0.00       0.81 f
  U1608/Y (NOR2_X3A_A6P5PP140ZTS_C35)                               0.02      0.02       0.83 r
  n2369 (net)                                   1         0.00                0.00       0.83 r
  U2586/Y (AO21A1AI2_X3M_A6P5PP140ZTS_C35)                          0.03      0.02       0.85 f
  n2606 (net)                                   1         0.00                0.00       0.85 f
  U1305/Y (AOI21_X4M_A6P5PP140ZTS_C35)                              0.03      0.03       0.88 r
  n2644 (net)                                   3         0.00                0.00       0.88 r
  U2024/Y (NOR2_X8TA_A6P5PP140ZTS_C35)                              0.02      0.02       0.90 f
  n2743 (net)                                   6         0.01                0.00       0.90 f
  U1419/Y (INV_X16M_A6P5PP140ZTS_C35)                               0.02      0.02       0.92 r
  n3639 (net)                                  15         0.02                0.00       0.92 r
  U3507/Y (MXIT2_X3M_A6P5PP140ZTS_C35)                              0.04      0.02       0.94 r
  n2851 (net)                                   4         0.00                0.00       0.94 r
  U862/Y (AOI22_X3M_A6P5PP140ZTS_C35)                               0.03      0.03       0.97 f
  n2805 (net)                                   2         0.00                0.00       0.97 f
  U1212/Y (MXIT2_X4M_A6P5PP140ZTS_C35)                              0.03      0.03       1.00 r
  n2921 (net)                                   2         0.00                0.00       1.00 r
  U822/Y (NOR2_X1P4TA_A6P5PP140ZTS_C35)                             0.02      0.01       1.01 f
  n2693 (net)                                   1         0.00                0.00       1.01 f
  U1288/Y (NOR2_X3TA_A6P5PP140ZTS_C35)                              0.01      0.01       1.03 r
  n1144 (net)                                   1         0.00                0.00       1.03 r
  U812/Y (NAND3_X2M_A6P5PP140ZTS_C35)                               0.02      0.02       1.05 f
  n603 (net)                                    1         0.00                0.00       1.05 f
  U1560/Y (NAND2_X3M_A6P5PP140ZTS_C35)                              0.02      0.02       1.07 r
  n4671 (net)                                   3         0.00                0.00       1.07 r
  U1295/Y (XNOR2_X4M_A6P5PP140ZTS_C35)                              0.03      0.02       1.09 r
  n2974 (net)                                   2         0.00                0.00       1.09 r
  U1736/Y (NOR2_X3TA_A6P5PP140ZTS_C35)                              0.02      0.02       1.11 f
  n3121 (net)                                   3         0.00                0.00       1.11 f
  U1299/Y (NOR2_X1P4TA_A6P5PP140ZTS_C35)                            0.03      0.03       1.13 r
  n3132 (net)                                   3         0.00                0.00       1.13 r
  U728/Y (NAND2_X1P4TA_A6P5PP140ZTS_C35)                            0.03      0.02       1.16 f
  n2979 (net)                                   1         0.00                0.00       1.16 f
  U1732/Y (OAI21_X8M_A6P5PP140ZTS_C35)                              0.04      0.04       1.19 r
  n3101 (net)                                   8         0.01                0.00       1.19 r
  U1527/Y (AOI21_X8M_A6P5PP140ZTS_C35)                              0.03      0.03       1.22 f
  n3285 (net)                                   7         0.01                0.00       1.22 f
  U1680/Y (NOR2_X8A_A6P5PP140ZTS_C35)                               0.02      0.02       1.24 r
  n1329 (net)                                   4         0.00                0.00       1.24 r
  U2183/Y (INV_X2P5M_A6P5PP140ZTS_C35)                              0.01      0.01       1.25 f
  n1010 (net)                                   1         0.00                0.00       1.25 f
  U1331/Y (NAND2_X3TA_A6P5PP140ZTS_C35)                             0.02      0.01       1.26 r
  n1012 (net)                                   2         0.00                0.00       1.26 r
  U1930/Y (NAND2_X6M_A6P5PP140ZTS_C35)                              0.02      0.02       1.28 f
  n778 (net)                                    1         0.00                0.00       1.28 f
  U1929/Y (NOR2_X8TA_A6P5PP140ZTS_C35)                              0.02      0.02       1.30 r
  n4438 (net)                                  14         0.01                0.00       1.30 r
  U2185/Y (NAND2_X8M_A6P5PP140ZTS_C35)                              0.02      0.02       1.32 f
  n4443 (net)                                   7         0.01                0.00       1.32 f
  U1278/Y (INV_X3M_A6P5PP140ZTS_C35)                                0.01      0.01       1.33 r
  n868 (net)                                    1         0.00                0.00       1.33 r
  U1606/Y (NAND2_X3M_A6P5PP140ZTS_C35)                              0.01      0.01       1.34 f
  n1000 (net)                                   1         0.00                0.00       1.34 f
  U2175/Y (NOR2_X2TA_A6P5PP140ZTS_C35)                              0.02      0.02       1.36 r
  n999 (net)                                    1         0.00                0.00       1.36 r
  U2174/Y (NAND3_X4M_A6P5PP140ZTS_C35)                              0.03      0.02       1.38 f
  n1075 (net)                                   2         0.00                0.00       1.38 f
  U1957/Y (AND2_X6M_A6P5PP140ZTS_C35)                               0.01      0.02       1.41 f
  n3501 (net)                                   2         0.00                0.00       1.41 f
  U1620/Y (XNOR2_X4M_A6P5PP140ZTS_C35)                              0.02      0.02       1.43 f
  n3519 (net)                                   2         0.00                0.00       1.43 f
  U1619/Y (NAND2_X4M_A6P5PP140ZTS_C35)                              0.02      0.02       1.45 r
  n3553 (net)                                   3         0.00                0.00       1.45 r
  U2009/Y (OAI21_X4M_A6P5PP140ZTS_C35)                              0.02      0.02       1.47 f
  n1284 (net)                                   2         0.00                0.00       1.47 f
  U1597/Y (AOI21_X8M_A6P5PP140ZTS_C35)                              0.02      0.02       1.49 r
  n878 (net)                                    3         0.01                0.00       1.49 r
  U1970/Y (XNOR2_X4M_A6P5PP140ZTS_C35)                              0.03      0.03       1.52 r
  n1222 (net)                                   3         0.00                0.00       1.52 r
  U1978/Y (NAND3_X4M_A6P5PP140ZTS_C35)                              0.02      0.02       1.54 f
  n4797 (net)                                   4         0.00                0.00       1.54 f
  U1365/Y (NOR2_X1P4TA_A6P5PP140ZTS_C35)                            0.02      0.02       1.56 r
  n4360 (net)                                   2         0.00                0.00       1.56 r
  U1360/Y (AO21A1AI2_X1M_A6P5PP140ZTS_C35)                          0.03      0.03       1.59 f
  n4343 (net)                                   2         0.00                0.00       1.59 f
  U4702/Y (NAND2_X1M_A6P5PP140ZTS_C35)                              0.02      0.02       1.61 r
  n424 (net)                                    1         0.00                0.00       1.61 r
  u_dut/fp_status_o_reg[5]/D (DFFRPQA_X1M_A6P5PP140ZTS_C35)         0.02      0.00       1.61 r
  data arrival time                                                                      1.61

  clock clk (rise edge)                                                       0.90       0.90
  clock network delay (ideal)                                                 0.00       0.90
  clock uncertainty                                                          -0.05       0.85
  u_dut/fp_status_o_reg[5]/CK (DFFRPQA_X1M_A6P5PP140ZTS_C35)                  0.00       0.85 r
  library setup time                                                         -0.04       0.82
  data required time                                                                     0.82
  ----------------------------------------------------------------------------------------------
  data required time                                                                     0.82
  data arrival time                                                                     -1.61
  ----------------------------------------------------------------------------------------------
  slack (VIOLATED)                                                                      -0.79


  Startpoint: a_bits_i[1]
              (input port clocked by clk)
  Endpoint: u_dut/fp_status_o_reg[5]
            (rising edge-triggered flip-flop clocked by clk)
  Path Group: clk
  Path Type: max

  Des/Clust/Port     Wire Load Model       Library
  ------------------------------------------------
  char_top           Zero                  sc6p5mcpp140z_cln22ul_base_svt_c35_tt_typical_max_0p80v_25c

  Point                                       Fanout       Cap     Trans      Incr       Path
  ----------------------------------------------------------------------------------------------
  clock clk (rise edge)                                                       0.00       0.00
  clock network delay (ideal)                                                 0.00       0.00
  input external delay                                                        0.09       0.09 f
  a_bits_i[1] (in)                                                  0.05      0.00       0.09 f
  a_bits_i[1] (net)                             5         0.01                0.00       0.09 f
  U2163/Y (NOR2_X8TA_A6P5PP140ZTS_C35)                              0.02      0.02       0.11 r
  n1326 (net)                                   2         0.00                0.00       0.11 r
  U1825/Y (NAND2_X8M_A6P5PP140ZTS_C35)                              0.02      0.02       0.13 f
  n1838 (net)                                   5         0.01                0.00       0.13 f
  U1400/Y (NOR2_X6TA_A6P5PP140ZTS_C35)                              0.01      0.01       0.14 r
  n1416 (net)                                   2         0.00                0.00       0.14 r
  U1369/Y (NOR2_X3A_A6P5PP140ZTS_C35)                               0.01      0.01       0.15 f
  n1322 (net)                                   1         0.00                0.00       0.15 f
  U1892/Y (NAND2_X3TA_A6P5PP140ZTS_C35)                             0.02      0.01       0.16 r
  n763 (net)                                    1         0.00                0.00       0.16 r
  U1374/Y (NAND2_X8TA_A6P5PP140ZTS_C35)                             0.02      0.02       0.18 f
  n1413 (net)                                  12         0.01                0.00       0.18 f
  U1891/Y (XNOR2_X4M_A6P5PP140ZTS_C35)                              0.03      0.04       0.22 f
  n1656 (net)                                   2         0.00                0.00       0.22 f
  U2284/Y (INV_X7M_A6P5PP140ZTS_C35)                                0.01      0.02       0.23 r
  n1114 (net)                                   1         0.00                0.00       0.23 r
  U2312/Y (INV_X10M_A6P5PP140ZTS_C35)                               0.01      0.01       0.24 f
  n1115 (net)                                  11         0.01                0.00       0.24 f
  U1533/Y (OAI22_X4M_A6P5PP140ZTS_C35)                              0.03      0.02       0.27 r
  n1474 (net)                                   2         0.00                0.00       0.27 r
  U1532/Y (XNOR2_X4M_A6P5PP140ZTS_C35)                              0.03      0.03       0.30 r
  n590 (net)                                    1         0.00                0.00       0.30 r
  U1530/Y (XNOR2_X4M_A6P5PP140ZTS_C35)                              0.03      0.02       0.32 r
  n1511 (net)                                   2         0.00                0.00       0.32 r
  U2688/S (ADDF_X1M_A6P5PP140ZTS_C35)                               0.02      0.07       0.39 f
  n3789 (net)                                   2         0.00                0.00       0.39 f
  U1567/Y (NAND2_X3TA_A6P5PP140ZTS_C35)                             0.02      0.02       0.41 r
  n1552 (net)                                   2         0.00                0.00       0.41 r
  U2340/Y (OAI21_X8M_A6P5PP140ZTS_C35)                              0.02      0.02       0.43 f
  n1547 (net)                                   3         0.01                0.00       0.43 f
  U2127/Y (AOI21_X8M_A6P5PP140ZTS_C35)                              0.03      0.03       0.46 r
  n1649 (net)                                   7         0.01                0.00       0.46 r
  U1038/Y (OAI21_X4M_A6P5PP140ZTS_C35)                              0.02      0.02       0.48 f
  n938 (net)                                    1         0.00                0.00       0.48 f
  U2126/Y (XNOR2_X4M_A6P5PP140ZTS_C35)                              0.03      0.03       0.51 f
  n1236 (net)                                   3         0.00                0.00       0.51 f
  U1176/Y (AND2_X6M_A6P5PP140ZTS_C35)                               0.01      0.02       0.53 f
  n965 (net)                                    2         0.00                0.00       0.53 f
  U1182/Y (NAND2_X3M_A6P5PP140ZTS_C35)                              0.02      0.01       0.55 r
  n1206 (net)                                   1         0.00                0.00       0.55 r
  U2473/Y (NAND3_X4TA_A6P5PP140ZTS_C35)                             0.03      0.03       0.57 f
  n2442 (net)                                  10         0.01                0.00       0.57 f
  U2225/Y (NOR2_X2TA_A6P5PP140ZTS_C35)                              0.02      0.02       0.60 r
  n1058 (net)                                   2         0.00                0.00       0.60 r
  U1544/Y (OAI21_X3M_A6P5PP140ZTS_C35)                              0.02      0.02       0.61 f
  n1051 (net)                                   1         0.00                0.00       0.61 f
  U1410/Y (AO21A1AI2_X3M_A6P5PP140ZTS_C35)                          0.03      0.03       0.64 r
  n1047 (net)                                   2         0.00                0.00       0.64 r
  U1549/Y (INV_X3M_A6P5PP140ZTS_C35)                                0.01      0.01       0.65 f
  n817 (net)                                    1         0.00                0.00       0.65 f
  U998/Y (NOR2_X4A_A6P5PP140ZTS_C35)                                0.03      0.03       0.67 r
  n2341 (net)                                   5         0.01                0.00       0.67 r
  U2112/Y (NAND2_X8TA_A6P5PP140ZTS_C35)                             0.03      0.03       0.70 f
  n2555 (net)                                  16         0.01                0.00       0.70 f
  U1637/Y (BUFHA_X6M_A6P5PP140ZTS_C35)                              0.01      0.02       0.72 f
  n893 (net)                                    6         0.00                0.00       0.72 f
  U1468/Y (NOR2_X3TA_A6P5PP140ZTS_C35)                              0.01      0.01       0.74 r
  n2153 (net)                                   2         0.00                0.00       0.74 r
  U1219/Y (NOR2_X2A_A6P5PP140ZTS_C35)                               0.01      0.01       0.74 f
  n2178 (net)                                   1         0.00                0.00       0.74 f
  U3197/Y (NAND4_X1A_A6P5PP140ZTS_C35)                              0.03      0.02       0.76 r
  n2171 (net)                                   2         0.00                0.00       0.76 r
  U2042/Y (INV_X1M_A6P5PP140ZTS_C35)                                0.01      0.01       0.78 f
  n852 (net)                                    1         0.00                0.00       0.78 f
  U1485/Y (OA21B_X1M_A6P5PP140ZTS_C35)                              0.02      0.02       0.79 r
  n851 (net)                                    1         0.00                0.00       0.79 r
  U2041/Y (NAND2_X2M_A6P5PP140ZTS_C35)                              0.02      0.02       0.81 f
  n850 (net)                                    1         0.00                0.00       0.81 f
  U1608/Y (NOR2_X3A_A6P5PP140ZTS_C35)                               0.02      0.02       0.83 r
  n2369 (net)                                   1         0.00                0.00       0.83 r
  U2586/Y (AO21A1AI2_X3M_A6P5PP140ZTS_C35)                          0.03      0.02       0.85 f
  n2606 (net)                                   1         0.00                0.00       0.85 f
  U1305/Y (AOI21_X4M_A6P5PP140ZTS_C35)                              0.03      0.03       0.88 r
  n2644 (net)                                   3         0.00                0.00       0.88 r
  U2024/Y (NOR2_X8TA_A6P5PP140ZTS_C35)                              0.02      0.02       0.90 f
  n2743 (net)                                   6         0.01                0.00       0.90 f
  U1419/Y (INV_X16M_A6P5PP140ZTS_C35)                               0.02      0.02       0.92 r
  n3639 (net)                                  15         0.02                0.00       0.92 r
  U3507/Y (MXIT2_X3M_A6P5PP140ZTS_C35)                              0.04      0.02       0.94 r
  n2851 (net)                                   4         0.00                0.00       0.94 r
  U862/Y (AOI22_X3M_A6P5PP140ZTS_C35)                               0.03      0.03       0.97 f
  n2805 (net)                                   2         0.00                0.00       0.97 f
  U1212/Y (MXIT2_X4M_A6P5PP140ZTS_C35)                              0.03      0.03       1.00 r
  n2921 (net)                                   2         0.00                0.00       1.00 r
  U822/Y (NOR2_X1P4TA_A6P5PP140ZTS_C35)                             0.02      0.01       1.01 f
  n2693 (net)                                   1         0.00                0.00       1.01 f
  U1288/Y (NOR2_X3TA_A6P5PP140ZTS_C35)                              0.01      0.01       1.03 r
  n1144 (net)                                   1         0.00                0.00       1.03 r
  U812/Y (NAND3_X2M_A6P5PP140ZTS_C35)                               0.02      0.02       1.05 f
  n603 (net)                                    1         0.00                0.00       1.05 f
  U1560/Y (NAND2_X3M_A6P5PP140ZTS_C35)                              0.02      0.02       1.07 r
  n4671 (net)                                   3         0.00                0.00       1.07 r
  U1295/Y (XNOR2_X4M_A6P5PP140ZTS_C35)                              0.03      0.02       1.09 r
  n2974 (net)                                   2         0.00                0.00       1.09 r
  U1736/Y (NOR2_X3TA_A6P5PP140ZTS_C35)                              0.02      0.02       1.11 f
  n3121 (net)                                   3         0.00                0.00       1.11 f
  U1299/Y (NOR2_X1P4TA_A6P5PP140ZTS_C35)                            0.03      0.03       1.13 r
  n3132 (net)                                   3         0.00                0.00       1.13 r
  U728/Y (NAND2_X1P4TA_A6P5PP140ZTS_C35)                            0.03      0.02       1.16 f
  n2979 (net)                                   1         0.00                0.00       1.16 f
  U1732/Y (OAI21_X8M_A6P5PP140ZTS_C35)                              0.04      0.04       1.19 r
  n3101 (net)                                   8         0.01                0.00       1.19 r
  U1527/Y (AOI21_X8M_A6P5PP140ZTS_C35)                              0.03      0.03       1.22 f
  n3285 (net)                                   7         0.01                0.00       1.22 f
  U1680/Y (NOR2_X8A_A6P5PP140ZTS_C35)                               0.02      0.02       1.24 r
  n1329 (net)                                   4         0.00                0.00       1.24 r
  U2183/Y (INV_X2P5M_A6P5PP140ZTS_C35)                              0.01      0.01       1.25 f
  n1010 (net)                                   1         0.00                0.00       1.25 f
  U1331/Y (NAND2_X3TA_A6P5PP140ZTS_C35)                             0.02      0.01       1.26 r
  n1012 (net)                                   2         0.00                0.00       1.26 r
  U1930/Y (NAND2_X6M_A6P5PP140ZTS_C35)                              0.02      0.02       1.28 f
  n778 (net)                                    1         0.00                0.00       1.28 f
  U1929/Y (NOR2_X8TA_A6P5PP140ZTS_C35)                              0.02      0.02       1.30 r
  n4438 (net)                                  14         0.01                0.00       1.30 r
  U2185/Y (NAND2_X8M_A6P5PP140ZTS_C35)                              0.02      0.02       1.32 f
  n4443 (net)                                   7         0.01                0.00       1.32 f
  U1278/Y (INV_X3M_A6P5PP140ZTS_C35)                                0.01      0.01       1.33 r
  n868 (net)                                    1         0.00                0.00       1.33 r
  U1606/Y (NAND2_X3M_A6P5PP140ZTS_C35)                              0.01      0.01       1.34 f
  n1000 (net)                                   1         0.00                0.00       1.34 f
  U2175/Y (NOR2_X2TA_A6P5PP140ZTS_C35)                              0.02      0.02       1.36 r
  n999 (net)                                    1         0.00                0.00       1.36 r
  U2174/Y (NAND3_X4M_A6P5PP140ZTS_C35)                              0.03      0.02       1.38 f
  n1075 (net)                                   2         0.00                0.00       1.38 f
  U1957/Y (AND2_X6M_A6P5PP140ZTS_C35)                               0.01      0.02       1.41 f
  n3501 (net)                                   2         0.00                0.00       1.41 f
  U1620/Y (XNOR2_X4M_A6P5PP140ZTS_C35)                              0.02      0.02       1.43 f
  n3519 (net)                                   2         0.00                0.00       1.43 f
  U1619/Y (NAND2_X4M_A6P5PP140ZTS_C35)                              0.02      0.02       1.45 r
  n3553 (net)                                   3         0.00                0.00       1.45 r
  U2009/Y (OAI21_X4M_A6P5PP140ZTS_C35)                              0.02      0.02       1.47 f
  n1284 (net)                                   2         0.00                0.00       1.47 f
  U1597/Y (AOI21_X8M_A6P5PP140ZTS_C35)                              0.02      0.02       1.49 r
  n878 (net)                                    3         0.01                0.00       1.49 r
  U1970/Y (XNOR2_X4M_A6P5PP140ZTS_C35)                              0.03      0.03       1.52 r
  n1222 (net)                                   3         0.00                0.00       1.52 r
  U1978/Y (NAND3_X4M_A6P5PP140ZTS_C35)                              0.02      0.02       1.54 f
  n4797 (net)                                   4         0.00                0.00       1.54 f
  U1365/Y (NOR2_X1P4TA_A6P5PP140ZTS_C35)                            0.02      0.02       1.56 r
  n4360 (net)                                   2         0.00                0.00       1.56 r
  U1360/Y (AO21A1AI2_X1M_A6P5PP140ZTS_C35)                          0.03      0.03       1.59 f
  n4343 (net)                                   2         0.00                0.00       1.59 f
  U4702/Y (NAND2_X1M_A6P5PP140ZTS_C35)                              0.02      0.02       1.61 r
  n424 (net)                                    1         0.00                0.00       1.61 r
  u_dut/fp_status_o_reg[5]/D (DFFRPQA_X1M_A6P5PP140ZTS_C35)         0.02      0.00       1.61 r
  data arrival time                                                                      1.61

  clock clk (rise edge)                                                       0.90       0.90
  clock network delay (ideal)                                                 0.00       0.90
  clock uncertainty                                                          -0.05       0.85
  u_dut/fp_status_o_reg[5]/CK (DFFRPQA_X1M_A6P5PP140ZTS_C35)                  0.00       0.85 r
  library setup time                                                         -0.04       0.82
  data required time                                                                     0.82
  ----------------------------------------------------------------------------------------------
  data required time                                                                     0.82
  data arrival time                                                                     -1.61
  ----------------------------------------------------------------------------------------------
  slack (VIOLATED)                                                                      -0.79


  Startpoint: a_bits_i[1]
              (input port clocked by clk)
  Endpoint: u_dut/fp_status_o_reg[5]
            (rising edge-triggered flip-flop clocked by clk)
  Path Group: clk
  Path Type: max

  Des/Clust/Port     Wire Load Model       Library
  ------------------------------------------------
  char_top           Zero                  sc6p5mcpp140z_cln22ul_base_svt_c35_tt_typical_max_0p80v_25c

  Point                                       Fanout       Cap     Trans      Incr       Path
  ----------------------------------------------------------------------------------------------
  clock clk (rise edge)                                                       0.00       0.00
  clock network delay (ideal)                                                 0.00       0.00
  input external delay                                                        0.09       0.09 f
  a_bits_i[1] (in)                                                  0.05      0.00       0.09 f
  a_bits_i[1] (net)                             5         0.01                0.00       0.09 f
  U2163/Y (NOR2_X8TA_A6P5PP140ZTS_C35)                              0.02      0.02       0.11 r
  n1326 (net)                                   2         0.00                0.00       0.11 r
  U1825/Y (NAND2_X8M_A6P5PP140ZTS_C35)                              0.02      0.02       0.13 f
  n1838 (net)                                   5         0.01                0.00       0.13 f
  U1400/Y (NOR2_X6TA_A6P5PP140ZTS_C35)                              0.01      0.01       0.14 r
  n1416 (net)                                   2         0.00                0.00       0.14 r
  U1369/Y (NOR2_X3A_A6P5PP140ZTS_C35)                               0.01      0.01       0.15 f
  n1322 (net)                                   1         0.00                0.00       0.15 f
  U1892/Y (NAND2_X3TA_A6P5PP140ZTS_C35)                             0.02      0.01       0.16 r
  n763 (net)                                    1         0.00                0.00       0.16 r
  U1374/Y (NAND2_X8TA_A6P5PP140ZTS_C35)                             0.02      0.02       0.18 f
  n1413 (net)                                  12         0.01                0.00       0.18 f
  U1891/Y (XNOR2_X4M_A6P5PP140ZTS_C35)                              0.03      0.04       0.22 f
  n1656 (net)                                   2         0.00                0.00       0.22 f
  U2284/Y (INV_X7M_A6P5PP140ZTS_C35)                                0.01      0.02       0.23 r
  n1114 (net)                                   1         0.00                0.00       0.23 r
  U2312/Y (INV_X10M_A6P5PP140ZTS_C35)                               0.01      0.01       0.24 f
  n1115 (net)                                  11         0.01                0.00       0.24 f
  U1533/Y (OAI22_X4M_A6P5PP140ZTS_C35)                              0.03      0.02       0.27 r
  n1474 (net)                                   2         0.00                0.00       0.27 r
  U1532/Y (XNOR2_X4M_A6P5PP140ZTS_C35)                              0.03      0.03       0.30 r
  n590 (net)                                    1         0.00                0.00       0.30 r
  U1530/Y (XNOR2_X4M_A6P5PP140ZTS_C35)                              0.03      0.02       0.32 r
  n1511 (net)                                   2         0.00                0.00       0.32 r
  U2688/S (ADDF_X1M_A6P5PP140ZTS_C35)                               0.02      0.07       0.39 f
  n3789 (net)                                   2         0.00                0.00       0.39 f
  U1567/Y (NAND2_X3TA_A6P5PP140ZTS_C35)                             0.02      0.02       0.41 r
  n1552 (net)                                   2         0.00                0.00       0.41 r
  U2340/Y (OAI21_X8M_A6P5PP140ZTS_C35)                              0.02      0.02       0.43 f
  n1547 (net)                                   3         0.01                0.00       0.43 f
  U2127/Y (AOI21_X8M_A6P5PP140ZTS_C35)                              0.03      0.03       0.46 r
  n1649 (net)                                   7         0.01                0.00       0.46 r
  U1038/Y (OAI21_X4M_A6P5PP140ZTS_C35)                              0.02      0.02       0.48 f
  n938 (net)                                    1         0.00                0.00       0.48 f
  U2126/Y (XNOR2_X4M_A6P5PP140ZTS_C35)                              0.03      0.03       0.51 f
  n1236 (net)                                   3         0.00                0.00       0.51 f
  U1176/Y (AND2_X6M_A6P5PP140ZTS_C35)                               0.01      0.02       0.53 f
  n965 (net)                                    2         0.00                0.00       0.53 f
  U1182/Y (NAND2_X3M_A6P5PP140ZTS_C35)                              0.02      0.01       0.55 r
  n1206 (net)                                   1         0.00                0.00       0.55 r
  U2473/Y (NAND3_X4TA_A6P5PP140ZTS_C35)                             0.03      0.03       0.57 f
  n2442 (net)                                  10         0.01                0.00       0.57 f
  U2225/Y (NOR2_X2TA_A6P5PP140ZTS_C35)                              0.02      0.02       0.60 r
  n1058 (net)                                   2         0.00                0.00       0.60 r
  U1544/Y (OAI21_X3M_A6P5PP140ZTS_C35)                              0.02      0.02       0.61 f
  n1051 (net)                                   1         0.00                0.00       0.61 f
  U1410/Y (AO21A1AI2_X3M_A6P5PP140ZTS_C35)                          0.03      0.03       0.64 r
  n1047 (net)                                   2         0.00                0.00       0.64 r
  U1549/Y (INV_X3M_A6P5PP140ZTS_C35)                                0.01      0.01       0.65 f
  n817 (net)                                    1         0.00                0.00       0.65 f
  U998/Y (NOR2_X4A_A6P5PP140ZTS_C35)                                0.03      0.03       0.67 r
  n2341 (net)                                   5         0.01                0.00       0.67 r
  U2112/Y (NAND2_X8TA_A6P5PP140ZTS_C35)                             0.03      0.03       0.70 f
  n2555 (net)                                  16         0.01                0.00       0.70 f
  U1637/Y (BUFHA_X6M_A6P5PP140ZTS_C35)                              0.01      0.02       0.72 f
  n893 (net)                                    6         0.00                0.00       0.72 f
  U1468/Y (NOR2_X3TA_A6P5PP140ZTS_C35)                              0.01      0.01       0.74 r
  n2153 (net)                                   2         0.00                0.00       0.74 r
  U1219/Y (NOR2_X2A_A6P5PP140ZTS_C35)                               0.01      0.01       0.74 f
  n2178 (net)                                   1         0.00                0.00       0.74 f
  U3197/Y (NAND4_X1A_A6P5PP140ZTS_C35)                              0.03      0.02       0.76 r
  n2171 (net)                                   2         0.00                0.00       0.76 r
  U2042/Y (INV_X1M_A6P5PP140ZTS_C35)                                0.01      0.01       0.78 f
  n852 (net)                                    1         0.00                0.00       0.78 f
  U1485/Y (OA21B_X1M_A6P5PP140ZTS_C35)                              0.02      0.02       0.79 r
  n851 (net)                                    1         0.00                0.00       0.79 r
  U2041/Y (NAND2_X2M_A6P5PP140ZTS_C35)                              0.02      0.02       0.81 f
  n850 (net)                                    1         0.00                0.00       0.81 f
  U1608/Y (NOR2_X3A_A6P5PP140ZTS_C35)                               0.02      0.02       0.83 r
  n2369 (net)                                   1         0.00                0.00       0.83 r
  U2586/Y (AO21A1AI2_X3M_A6P5PP140ZTS_C35)                          0.03      0.02       0.85 f
  n2606 (net)                                   1         0.00                0.00       0.85 f
  U1305/Y (AOI21_X4M_A6P5PP140ZTS_C35)                              0.03      0.03       0.88 r
  n2644 (net)                                   3         0.00                0.00       0.88 r
  U2024/Y (NOR2_X8TA_A6P5PP140ZTS_C35)                              0.02      0.02       0.90 f
  n2743 (net)                                   6         0.01                0.00       0.90 f
  U1419/Y (INV_X16M_A6P5PP140ZTS_C35)                               0.02      0.02       0.92 r
  n3639 (net)                                  15         0.02                0.00       0.92 r
  U3507/Y (MXIT2_X3M_A6P5PP140ZTS_C35)                              0.04      0.02       0.94 r
  n2851 (net)                                   4         0.00                0.00       0.94 r
  U862/Y (AOI22_X3M_A6P5PP140ZTS_C35)                               0.03      0.03       0.97 f
  n2805 (net)                                   2         0.00                0.00       0.97 f
  U1212/Y (MXIT2_X4M_A6P5PP140ZTS_C35)                              0.03      0.03       1.00 r
  n2921 (net)                                   2         0.00                0.00       1.00 r
  U822/Y (NOR2_X1P4TA_A6P5PP140ZTS_C35)                             0.02      0.01       1.01 f
  n2693 (net)                                   1         0.00                0.00       1.01 f
  U1288/Y (NOR2_X3TA_A6P5PP140ZTS_C35)                              0.01      0.01       1.03 r
  n1144 (net)                                   1         0.00                0.00       1.03 r
  U812/Y (NAND3_X2M_A6P5PP140ZTS_C35)                               0.02      0.02       1.05 f
  n603 (net)                                    1         0.00                0.00       1.05 f
  U1560/Y (NAND2_X3M_A6P5PP140ZTS_C35)                              0.02      0.02       1.07 r
  n4671 (net)                                   3         0.00                0.00       1.07 r
  U1295/Y (XNOR2_X4M_A6P5PP140ZTS_C35)                              0.03      0.02       1.09 r
  n2974 (net)                                   2         0.00                0.00       1.09 r
  U1736/Y (NOR2_X3TA_A6P5PP140ZTS_C35)                              0.02      0.02       1.11 f
  n3121 (net)                                   3         0.00                0.00       1.11 f
  U1299/Y (NOR2_X1P4TA_A6P5PP140ZTS_C35)                            0.03      0.03       1.13 r
  n3132 (net)                                   3         0.00                0.00       1.13 r
  U728/Y (NAND2_X1P4TA_A6P5PP140ZTS_C35)                            0.03      0.02       1.16 f
  n2979 (net)                                   1         0.00                0.00       1.16 f
  U1732/Y (OAI21_X8M_A6P5PP140ZTS_C35)                              0.04      0.04       1.19 r
  n3101 (net)                                   8         0.01                0.00       1.19 r
  U1527/Y (AOI21_X8M_A6P5PP140ZTS_C35)                              0.03      0.03       1.22 f
  n3285 (net)                                   7         0.01                0.00       1.22 f
  U1680/Y (NOR2_X8A_A6P5PP140ZTS_C35)                               0.02      0.02       1.24 r
  n1329 (net)                                   4         0.00                0.00       1.24 r
  U2183/Y (INV_X2P5M_A6P5PP140ZTS_C35)                              0.01      0.01       1.25 f
  n1010 (net)                                   1         0.00                0.00       1.25 f
  U1331/Y (NAND2_X3TA_A6P5PP140ZTS_C35)                             0.02      0.01       1.26 r
  n1012 (net)                                   2         0.00                0.00       1.26 r
  U1930/Y (NAND2_X6M_A6P5PP140ZTS_C35)                              0.02      0.02       1.28 f
  n778 (net)                                    1         0.00                0.00       1.28 f
  U1929/Y (NOR2_X8TA_A6P5PP140ZTS_C35)                              0.02      0.02       1.30 r
  n4438 (net)                                  14         0.01                0.00       1.30 r
  U2185/Y (NAND2_X8M_A6P5PP140ZTS_C35)                              0.02      0.02       1.32 f
  n4443 (net)                                   7         0.01                0.00       1.32 f
  U1278/Y (INV_X3M_A6P5PP140ZTS_C35)                                0.01      0.01       1.33 r
  n868 (net)                                    1         0.00                0.00       1.33 r
  U1606/Y (NAND2_X3M_A6P5PP140ZTS_C35)                              0.01      0.01       1.34 f
  n1000 (net)                                   1         0.00                0.00       1.34 f
  U2175/Y (NOR2_X2TA_A6P5PP140ZTS_C35)                              0.02      0.02       1.36 r
  n999 (net)                                    1         0.00                0.00       1.36 r
  U2174/Y (NAND3_X4M_A6P5PP140ZTS_C35)                              0.03      0.02       1.38 f
  n1075 (net)                                   2         0.00                0.00       1.38 f
  U1957/Y (AND2_X6M_A6P5PP140ZTS_C35)                               0.01      0.02       1.41 f
  n3501 (net)                                   2         0.00                0.00       1.41 f
  U1620/Y (XNOR2_X4M_A6P5PP140ZTS_C35)                              0.02      0.02       1.43 f
  n3519 (net)                                   2         0.00                0.00       1.43 f
  U1619/Y (NAND2_X4M_A6P5PP140ZTS_C35)                              0.02      0.02       1.45 r
  n3553 (net)                                   3         0.00                0.00       1.45 r
  U2009/Y (OAI21_X4M_A6P5PP140ZTS_C35)                              0.02      0.02       1.47 f
  n1284 (net)                                   2         0.00                0.00       1.47 f
  U1597/Y (AOI21_X8M_A6P5PP140ZTS_C35)                              0.02      0.02       1.49 r
  n878 (net)                                    3         0.01                0.00       1.49 r
  U1970/Y (XNOR2_X4M_A6P5PP140ZTS_C35)                              0.03      0.03       1.52 r
  n1222 (net)                                   3         0.00                0.00       1.52 r
  U1978/Y (NAND3_X4M_A6P5PP140ZTS_C35)                              0.02      0.02       1.54 f
  n4797 (net)                                   4         0.00                0.00       1.54 f
  U1365/Y (NOR2_X1P4TA_A6P5PP140ZTS_C35)                            0.02      0.02       1.56 r
  n4360 (net)                                   2         0.00                0.00       1.56 r
  U1360/Y (AO21A1AI2_X1M_A6P5PP140ZTS_C35)                          0.03      0.03       1.59 f
  n4343 (net)                                   2         0.00                0.00       1.59 f
  U4702/Y (NAND2_X1M_A6P5PP140ZTS_C35)                              0.02      0.02       1.61 r
  n424 (net)                                    1         0.00                0.00       1.61 r
  u_dut/fp_status_o_reg[5]/D (DFFRPQA_X1M_A6P5PP140ZTS_C35)         0.02      0.00       1.61 r
  data arrival time                                                                      1.61

  clock clk (rise edge)                                                       0.90       0.90
  clock network delay (ideal)                                                 0.00       0.90
  clock uncertainty                                                          -0.05       0.85
  u_dut/fp_status_o_reg[5]/CK (DFFRPQA_X1M_A6P5PP140ZTS_C35)                  0.00       0.85 r
  library setup time                                                         -0.04       0.82
  data required time                                                                     0.82
  ----------------------------------------------------------------------------------------------
  data required time                                                                     0.82
  data arrival time                                                                     -1.61
  ----------------------------------------------------------------------------------------------
  slack (VIOLATED)                                                                      -0.79


  Startpoint: a_bits_i[1]
              (input port clocked by clk)
  Endpoint: u_dut/fp_status_o_reg[3]
            (rising edge-triggered flip-flop clocked by clk)
  Path Group: clk
  Path Type: max

  Des/Clust/Port     Wire Load Model       Library
  ------------------------------------------------
  char_top           Zero                  sc6p5mcpp140z_cln22ul_base_svt_c35_tt_typical_max_0p80v_25c

  Point                                       Fanout       Cap     Trans      Incr       Path
  ----------------------------------------------------------------------------------------------
  clock clk (rise edge)                                                       0.00       0.00
  clock network delay (ideal)                                                 0.00       0.00
  input external delay                                                        0.09       0.09 f
  a_bits_i[1] (in)                                                  0.05      0.00       0.09 f
  a_bits_i[1] (net)                             5         0.01                0.00       0.09 f
  U2163/Y (NOR2_X8TA_A6P5PP140ZTS_C35)                              0.02      0.02       0.11 r
  n1326 (net)                                   2         0.00                0.00       0.11 r
  U1825/Y (NAND2_X8M_A6P5PP140ZTS_C35)                              0.02      0.02       0.13 f
  n1838 (net)                                   5         0.01                0.00       0.13 f
  U1400/Y (NOR2_X6TA_A6P5PP140ZTS_C35)                              0.01      0.01       0.14 r
  n1416 (net)                                   2         0.00                0.00       0.14 r
  U1369/Y (NOR2_X3A_A6P5PP140ZTS_C35)                               0.01      0.01       0.15 f
  n1322 (net)                                   1         0.00                0.00       0.15 f
  U1892/Y (NAND2_X3TA_A6P5PP140ZTS_C35)                             0.02      0.01       0.16 r
  n763 (net)                                    1         0.00                0.00       0.16 r
  U1374/Y (NAND2_X8TA_A6P5PP140ZTS_C35)                             0.02      0.02       0.18 f
  n1413 (net)                                  12         0.01                0.00       0.18 f
  U1891/Y (XNOR2_X4M_A6P5PP140ZTS_C35)                              0.03      0.04       0.22 f
  n1656 (net)                                   2         0.00                0.00       0.22 f
  U2284/Y (INV_X7M_A6P5PP140ZTS_C35)                                0.01      0.02       0.23 r
  n1114 (net)                                   1         0.00                0.00       0.23 r
  U2312/Y (INV_X10M_A6P5PP140ZTS_C35)                               0.01      0.01       0.24 f
  n1115 (net)                                  11         0.01                0.00       0.24 f
  U1533/Y (OAI22_X4M_A6P5PP140ZTS_C35)                              0.03      0.02       0.27 r
  n1474 (net)                                   2         0.00                0.00       0.27 r
  U1532/Y (XNOR2_X4M_A6P5PP140ZTS_C35)                              0.03      0.03       0.30 r
  n590 (net)                                    1         0.00                0.00       0.30 r
  U1530/Y (XNOR2_X4M_A6P5PP140ZTS_C35)                              0.03      0.02       0.32 r
  n1511 (net)                                   2         0.00                0.00       0.32 r
  U2688/S (ADDF_X1M_A6P5PP140ZTS_C35)                               0.02      0.07       0.39 f
  n3789 (net)                                   2         0.00                0.00       0.39 f
  U1567/Y (NAND2_X3TA_A6P5PP140ZTS_C35)                             0.02      0.02       0.41 r
  n1552 (net)                                   2         0.00                0.00       0.41 r
  U2340/Y (OAI21_X8M_A6P5PP140ZTS_C35)                              0.02      0.02       0.43 f
  n1547 (net)                                   3         0.01                0.00       0.43 f
  U2127/Y (AOI21_X8M_A6P5PP140ZTS_C35)                              0.03      0.03       0.46 r
  n1649 (net)                                   7         0.01                0.00       0.46 r
  U1038/Y (OAI21_X4M_A6P5PP140ZTS_C35)                              0.02      0.02       0.48 f
  n938 (net)                                    1         0.00                0.00       0.48 f
  U2126/Y (XNOR2_X4M_A6P5PP140ZTS_C35)                              0.03      0.03       0.51 f
  n1236 (net)                                   3         0.00                0.00       0.51 f
  U1176/Y (AND2_X6M_A6P5PP140ZTS_C35)                               0.01      0.02       0.53 f
  n965 (net)                                    2         0.00                0.00       0.53 f
  U1182/Y (NAND2_X3M_A6P5PP140ZTS_C35)                              0.02      0.01       0.55 r
  n1206 (net)                                   1         0.00                0.00       0.55 r
  U2473/Y (NAND3_X4TA_A6P5PP140ZTS_C35)                             0.03      0.03       0.57 f
  n2442 (net)                                  10         0.01                0.00       0.57 f
  U2225/Y (NOR2_X2TA_A6P5PP140ZTS_C35)                              0.02      0.02       0.60 r
  n1058 (net)                                   2         0.00                0.00       0.60 r
  U1544/Y (OAI21_X3M_A6P5PP140ZTS_C35)                              0.02      0.02       0.61 f
  n1051 (net)                                   1         0.00                0.00       0.61 f
  U1410/Y (AO21A1AI2_X3M_A6P5PP140ZTS_C35)                          0.03      0.03       0.64 r
  n1047 (net)                                   2         0.00                0.00       0.64 r
  U1549/Y (INV_X3M_A6P5PP140ZTS_C35)                                0.01      0.01       0.65 f
  n817 (net)                                    1         0.00                0.00       0.65 f
  U998/Y (NOR2_X4A_A6P5PP140ZTS_C35)                                0.03      0.03       0.67 r
  n2341 (net)                                   5         0.01                0.00       0.67 r
  U2112/Y (NAND2_X8TA_A6P5PP140ZTS_C35)                             0.03      0.03       0.70 f
  n2555 (net)                                  16         0.01                0.00       0.70 f
  U1637/Y (BUFHA_X6M_A6P5PP140ZTS_C35)                              0.01      0.02       0.72 f
  n893 (net)                                    6         0.00                0.00       0.72 f
  U1468/Y (NOR2_X3TA_A6P5PP140ZTS_C35)                              0.01      0.01       0.74 r
  n2153 (net)                                   2         0.00                0.00       0.74 r
  U1219/Y (NOR2_X2A_A6P5PP140ZTS_C35)                               0.01      0.01       0.74 f
  n2178 (net)                                   1         0.00                0.00       0.74 f
  U3197/Y (NAND4_X1A_A6P5PP140ZTS_C35)                              0.03      0.02       0.76 r
  n2171 (net)                                   2         0.00                0.00       0.76 r
  U2042/Y (INV_X1M_A6P5PP140ZTS_C35)                                0.01      0.01       0.78 f
  n852 (net)                                    1         0.00                0.00       0.78 f
  U1485/Y (OA21B_X1M_A6P5PP140ZTS_C35)                              0.02      0.02       0.79 r
  n851 (net)                                    1         0.00                0.00       0.79 r
  U2041/Y (NAND2_X2M_A6P5PP140ZTS_C35)                              0.02      0.02       0.81 f
  n850 (net)                                    1         0.00                0.00       0.81 f
  U1608/Y (NOR2_X3A_A6P5PP140ZTS_C35)                               0.02      0.02       0.83 r
  n2369 (net)                                   1         0.00                0.00       0.83 r
  U2586/Y (AO21A1AI2_X3M_A6P5PP140ZTS_C35)                          0.03      0.02       0.85 f
  n2606 (net)                                   1         0.00                0.00       0.85 f
  U1305/Y (AOI21_X4M_A6P5PP140ZTS_C35)                              0.03      0.03       0.88 r
  n2644 (net)                                   3         0.00                0.00       0.88 r
  U2024/Y (NOR2_X8TA_A6P5PP140ZTS_C35)                              0.02      0.02       0.90 f
  n2743 (net)                                   6         0.01                0.00       0.90 f
  U1419/Y (INV_X16M_A6P5PP140ZTS_C35)                               0.02      0.02       0.92 r
  n3639 (net)                                  15         0.02                0.00       0.92 r
  U3507/Y (MXIT2_X3M_A6P5PP140ZTS_C35)                              0.04      0.02       0.94 r
  n2851 (net)                                   4         0.00                0.00       0.94 r
  U862/Y (AOI22_X3M_A6P5PP140ZTS_C35)                               0.03      0.03       0.97 f
  n2805 (net)                                   2         0.00                0.00       0.97 f
  U1212/Y (MXIT2_X4M_A6P5PP140ZTS_C35)                              0.03      0.03       1.00 r
  n2921 (net)                                   2         0.00                0.00       1.00 r
  U822/Y (NOR2_X1P4TA_A6P5PP140ZTS_C35)                             0.02      0.01       1.01 f
  n2693 (net)                                   1         0.00                0.00       1.01 f
  U1288/Y (NOR2_X3TA_A6P5PP140ZTS_C35)                              0.01      0.01       1.03 r
  n1144 (net)                                   1         0.00                0.00       1.03 r
  U812/Y (NAND3_X2M_A6P5PP140ZTS_C35)                               0.02      0.02       1.05 f
  n603 (net)                                    1         0.00                0.00       1.05 f
  U1560/Y (NAND2_X3M_A6P5PP140ZTS_C35)                              0.02      0.02       1.07 r
  n4671 (net)                                   3         0.00                0.00       1.07 r
  U1295/Y (XNOR2_X4M_A6P5PP140ZTS_C35)                              0.03      0.02       1.09 r
  n2974 (net)                                   2         0.00                0.00       1.09 r
  U1736/Y (NOR2_X3TA_A6P5PP140ZTS_C35)                              0.02      0.02       1.11 f
  n3121 (net)                                   3         0.00                0.00       1.11 f
  U1299/Y (NOR2_X1P4TA_A6P5PP140ZTS_C35)                            0.03      0.03       1.13 r
  n3132 (net)                                   3         0.00                0.00       1.13 r
  U728/Y (NAND2_X1P4TA_A6P5PP140ZTS_C35)                            0.03      0.02       1.16 f
  n2979 (net)                                   1         0.00                0.00       1.16 f
  U1732/Y (OAI21_X8M_A6P5PP140ZTS_C35)                              0.04      0.04       1.19 r
  n3101 (net)                                   8         0.01                0.00       1.19 r
  U1527/Y (AOI21_X8M_A6P5PP140ZTS_C35)                              0.03      0.03       1.22 f
  n3285 (net)                                   7         0.01                0.00       1.22 f
  U1680/Y (NOR2_X8A_A6P5PP140ZTS_C35)                               0.02      0.02       1.24 r
  n1329 (net)                                   4         0.00                0.00       1.24 r
  U2183/Y (INV_X2P5M_A6P5PP140ZTS_C35)                              0.01      0.01       1.25 f
  n1010 (net)                                   1         0.00                0.00       1.25 f
  U1331/Y (NAND2_X3TA_A6P5PP140ZTS_C35)                             0.02      0.01       1.26 r
  n1012 (net)                                   2         0.00                0.00       1.26 r
  U1930/Y (NAND2_X6M_A6P5PP140ZTS_C35)                              0.02      0.02       1.28 f
  n778 (net)                                    1         0.00                0.00       1.28 f
  U1929/Y (NOR2_X8TA_A6P5PP140ZTS_C35)                              0.02      0.02       1.30 r
  n4438 (net)                                  14         0.01                0.00       1.30 r
  U2185/Y (NAND2_X8M_A6P5PP140ZTS_C35)                              0.02      0.02       1.32 f
  n4443 (net)                                   7         0.01                0.00       1.32 f
  U1278/Y (INV_X3M_A6P5PP140ZTS_C35)                                0.01      0.01       1.33 r
  n868 (net)                                    1         0.00                0.00       1.33 r
  U1606/Y (NAND2_X3M_A6P5PP140ZTS_C35)                              0.01      0.01       1.34 f
  n1000 (net)                                   1         0.00                0.00       1.34 f
  U2175/Y (NOR2_X2TA_A6P5PP140ZTS_C35)                              0.02      0.02       1.36 r
  n999 (net)                                    1         0.00                0.00       1.36 r
  U2174/Y (NAND3_X4M_A6P5PP140ZTS_C35)                              0.03      0.02       1.38 f
  n1075 (net)                                   2         0.00                0.00       1.38 f
  U1957/Y (AND2_X6M_A6P5PP140ZTS_C35)                               0.01      0.02       1.41 f
  n3501 (net)                                   2         0.00                0.00       1.41 f
  U1620/Y (XNOR2_X4M_A6P5PP140ZTS_C35)                              0.02      0.02       1.43 f
  n3519 (net)                                   2         0.00                0.00       1.43 f
  U1619/Y (NAND2_X4M_A6P5PP140ZTS_C35)                              0.02      0.02       1.45 r
  n3553 (net)                                   3         0.00                0.00       1.45 r
  U2009/Y (OAI21_X4M_A6P5PP140ZTS_C35)                              0.02      0.02       1.47 f
  n1284 (net)                                   2         0.00                0.00       1.47 f
  U1597/Y (AOI21_X8M_A6P5PP140ZTS_C35)                              0.02      0.02       1.49 r
  n878 (net)                                    3         0.01                0.00       1.49 r
  U1970/Y (XNOR2_X4M_A6P5PP140ZTS_C35)                              0.03      0.03       1.52 r
  n1222 (net)                                   3         0.00                0.00       1.52 r
  U1978/Y (NAND3_X4M_A6P5PP140ZTS_C35)                              0.02      0.02       1.54 f
  n4797 (net)                                   4         0.00                0.00       1.54 f
  U1365/Y (NOR2_X1P4TA_A6P5PP140ZTS_C35)                            0.02      0.02       1.56 r
  n4360 (net)                                   2         0.00                0.00       1.56 r
  U1360/Y (AO21A1AI2_X1M_A6P5PP140ZTS_C35)                          0.03      0.03       1.59 f
  n4343 (net)                                   2         0.00                0.00       1.59 f
  U2489/Y (NAND2_X1M_A6P5PP140ZTS_C35)                              0.02      0.02       1.61 r
  n426 (net)                                    1         0.00                0.00       1.61 r
  u_dut/fp_status_o_reg[3]/D (DFFRPQA_X1M_A6P5PP140ZTS_C35)         0.02      0.00       1.61 r
  data arrival time                                                                      1.61

  clock clk (rise edge)                                                       0.90       0.90
  clock network delay (ideal)                                                 0.00       0.90
  clock uncertainty                                                          -0.05       0.85
  u_dut/fp_status_o_reg[3]/CK (DFFRPQA_X1M_A6P5PP140ZTS_C35)                  0.00       0.85 r
  library setup time                                                         -0.04       0.82
  data required time                                                                     0.82
  ----------------------------------------------------------------------------------------------
  data required time                                                                     0.82
  data arrival time                                                                     -1.61
  ----------------------------------------------------------------------------------------------
  slack (VIOLATED)                                                                      -0.79


  Startpoint: a_bits_i[1]
              (input port clocked by clk)
  Endpoint: u_dut/fp_status_o_reg[3]
            (rising edge-triggered flip-flop clocked by clk)
  Path Group: clk
  Path Type: max

  Des/Clust/Port     Wire Load Model       Library
  ------------------------------------------------
  char_top           Zero                  sc6p5mcpp140z_cln22ul_base_svt_c35_tt_typical_max_0p80v_25c

  Point                                       Fanout       Cap     Trans      Incr       Path
  ----------------------------------------------------------------------------------------------
  clock clk (rise edge)                                                       0.00       0.00
  clock network delay (ideal)                                                 0.00       0.00
  input external delay                                                        0.09       0.09 f
  a_bits_i[1] (in)                                                  0.05      0.00       0.09 f
  a_bits_i[1] (net)                             5         0.01                0.00       0.09 f
  U2163/Y (NOR2_X8TA_A6P5PP140ZTS_C35)                              0.02      0.02       0.11 r
  n1326 (net)                                   2         0.00                0.00       0.11 r
  U1825/Y (NAND2_X8M_A6P5PP140ZTS_C35)                              0.02      0.02       0.13 f
  n1838 (net)                                   5         0.01                0.00       0.13 f
  U1400/Y (NOR2_X6TA_A6P5PP140ZTS_C35)                              0.01      0.01       0.14 r
  n1416 (net)                                   2         0.00                0.00       0.14 r
  U1369/Y (NOR2_X3A_A6P5PP140ZTS_C35)                               0.01      0.01       0.15 f
  n1322 (net)                                   1         0.00                0.00       0.15 f
  U1892/Y (NAND2_X3TA_A6P5PP140ZTS_C35)                             0.02      0.01       0.16 r
  n763 (net)                                    1         0.00                0.00       0.16 r
  U1374/Y (NAND2_X8TA_A6P5PP140ZTS_C35)                             0.02      0.02       0.18 f
  n1413 (net)                                  12         0.01                0.00       0.18 f
  U1891/Y (XNOR2_X4M_A6P5PP140ZTS_C35)                              0.03      0.04       0.22 f
  n1656 (net)                                   2         0.00                0.00       0.22 f
  U2284/Y (INV_X7M_A6P5PP140ZTS_C35)                                0.01      0.02       0.23 r
  n1114 (net)                                   1         0.00                0.00       0.23 r
  U2312/Y (INV_X10M_A6P5PP140ZTS_C35)                               0.01      0.01       0.24 f
  n1115 (net)                                  11         0.01                0.00       0.24 f
  U1533/Y (OAI22_X4M_A6P5PP140ZTS_C35)                              0.03      0.02       0.27 r
  n1474 (net)                                   2         0.00                0.00       0.27 r
  U1532/Y (XNOR2_X4M_A6P5PP140ZTS_C35)                              0.03      0.03       0.30 r
  n590 (net)                                    1         0.00                0.00       0.30 r
  U1530/Y (XNOR2_X4M_A6P5PP140ZTS_C35)                              0.03      0.02       0.32 r
  n1511 (net)                                   2         0.00                0.00       0.32 r
  U2688/S (ADDF_X1M_A6P5PP140ZTS_C35)                               0.02      0.07       0.39 f
  n3789 (net)                                   2         0.00                0.00       0.39 f
  U1567/Y (NAND2_X3TA_A6P5PP140ZTS_C35)                             0.02      0.02       0.41 r
  n1552 (net)                                   2         0.00                0.00       0.41 r
  U2340/Y (OAI21_X8M_A6P5PP140ZTS_C35)                              0.02      0.02       0.43 f
  n1547 (net)                                   3         0.01                0.00       0.43 f
  U2127/Y (AOI21_X8M_A6P5PP140ZTS_C35)                              0.03      0.03       0.46 r
  n1649 (net)                                   7         0.01                0.00       0.46 r
  U1038/Y (OAI21_X4M_A6P5PP140ZTS_C35)                              0.02      0.02       0.48 f
  n938 (net)                                    1         0.00                0.00       0.48 f
  U2126/Y (XNOR2_X4M_A6P5PP140ZTS_C35)                              0.03      0.03       0.51 f
  n1236 (net)                                   3         0.00                0.00       0.51 f
  U1176/Y (AND2_X6M_A6P5PP140ZTS_C35)                               0.01      0.02       0.53 f
  n965 (net)                                    2         0.00                0.00       0.53 f
  U1182/Y (NAND2_X3M_A6P5PP140ZTS_C35)                              0.02      0.01       0.55 r
  n1206 (net)                                   1         0.00                0.00       0.55 r
  U2473/Y (NAND3_X4TA_A6P5PP140ZTS_C35)                             0.03      0.03       0.57 f
  n2442 (net)                                  10         0.01                0.00       0.57 f
  U2225/Y (NOR2_X2TA_A6P5PP140ZTS_C35)                              0.02      0.02       0.60 r
  n1058 (net)                                   2         0.00                0.00       0.60 r
  U1544/Y (OAI21_X3M_A6P5PP140ZTS_C35)                              0.02      0.02       0.61 f
  n1051 (net)                                   1         0.00                0.00       0.61 f
  U1410/Y (AO21A1AI2_X3M_A6P5PP140ZTS_C35)                          0.03      0.03       0.64 r
  n1047 (net)                                   2         0.00                0.00       0.64 r
  U1549/Y (INV_X3M_A6P5PP140ZTS_C35)                                0.01      0.01       0.65 f
  n817 (net)                                    1         0.00                0.00       0.65 f
  U998/Y (NOR2_X4A_A6P5PP140ZTS_C35)                                0.03      0.03       0.67 r
  n2341 (net)                                   5         0.01                0.00       0.67 r
  U2112/Y (NAND2_X8TA_A6P5PP140ZTS_C35)                             0.03      0.03       0.70 f
  n2555 (net)                                  16         0.01                0.00       0.70 f
  U1637/Y (BUFHA_X6M_A6P5PP140ZTS_C35)                              0.01      0.02       0.72 f
  n893 (net)                                    6         0.00                0.00       0.72 f
  U1468/Y (NOR2_X3TA_A6P5PP140ZTS_C35)                              0.01      0.01       0.74 r
  n2153 (net)                                   2         0.00                0.00       0.74 r
  U1219/Y (NOR2_X2A_A6P5PP140ZTS_C35)                               0.01      0.01       0.74 f
  n2178 (net)                                   1         0.00                0.00       0.74 f
  U3197/Y (NAND4_X1A_A6P5PP140ZTS_C35)                              0.03      0.02       0.76 r
  n2171 (net)                                   2         0.00                0.00       0.76 r
  U2042/Y (INV_X1M_A6P5PP140ZTS_C35)                                0.01      0.01       0.78 f
  n852 (net)                                    1         0.00                0.00       0.78 f
  U1485/Y (OA21B_X1M_A6P5PP140ZTS_C35)                              0.02      0.02       0.79 r
  n851 (net)                                    1         0.00                0.00       0.79 r
  U2041/Y (NAND2_X2M_A6P5PP140ZTS_C35)                              0.02      0.02       0.81 f
  n850 (net)                                    1         0.00                0.00       0.81 f
  U1608/Y (NOR2_X3A_A6P5PP140ZTS_C35)                               0.02      0.02       0.83 r
  n2369 (net)                                   1         0.00                0.00       0.83 r
  U2586/Y (AO21A1AI2_X3M_A6P5PP140ZTS_C35)                          0.03      0.02       0.85 f
  n2606 (net)                                   1         0.00                0.00       0.85 f
  U1305/Y (AOI21_X4M_A6P5PP140ZTS_C35)                              0.03      0.03       0.88 r
  n2644 (net)                                   3         0.00                0.00       0.88 r
  U2024/Y (NOR2_X8TA_A6P5PP140ZTS_C35)                              0.02      0.02       0.90 f
  n2743 (net)                                   6         0.01                0.00       0.90 f
  U1419/Y (INV_X16M_A6P5PP140ZTS_C35)                               0.02      0.02       0.92 r
  n3639 (net)                                  15         0.02                0.00       0.92 r
  U3507/Y (MXIT2_X3M_A6P5PP140ZTS_C35)                              0.04      0.02       0.94 r
  n2851 (net)                                   4         0.00                0.00       0.94 r
  U862/Y (AOI22_X3M_A6P5PP140ZTS_C35)                               0.03      0.03       0.97 f
  n2805 (net)                                   2         0.00                0.00       0.97 f
  U1212/Y (MXIT2_X4M_A6P5PP140ZTS_C35)                              0.03      0.03       1.00 r
  n2921 (net)                                   2         0.00                0.00       1.00 r
  U822/Y (NOR2_X1P4TA_A6P5PP140ZTS_C35)                             0.02      0.01       1.01 f
  n2693 (net)                                   1         0.00                0.00       1.01 f
  U1288/Y (NOR2_X3TA_A6P5PP140ZTS_C35)                              0.01      0.01       1.03 r
  n1144 (net)                                   1         0.00                0.00       1.03 r
  U812/Y (NAND3_X2M_A6P5PP140ZTS_C35)                               0.02      0.02       1.05 f
  n603 (net)                                    1         0.00                0.00       1.05 f
  U1560/Y (NAND2_X3M_A6P5PP140ZTS_C35)                              0.02      0.02       1.07 r
  n4671 (net)                                   3         0.00                0.00       1.07 r
  U1295/Y (XNOR2_X4M_A6P5PP140ZTS_C35)                              0.03      0.02       1.09 r
  n2974 (net)                                   2         0.00                0.00       1.09 r
  U1736/Y (NOR2_X3TA_A6P5PP140ZTS_C35)                              0.02      0.02       1.11 f
  n3121 (net)                                   3         0.00                0.00       1.11 f
  U1299/Y (NOR2_X1P4TA_A6P5PP140ZTS_C35)                            0.03      0.03       1.13 r
  n3132 (net)                                   3         0.00                0.00       1.13 r
  U728/Y (NAND2_X1P4TA_A6P5PP140ZTS_C35)                            0.03      0.02       1.16 f
  n2979 (net)                                   1         0.00                0.00       1.16 f
  U1732/Y (OAI21_X8M_A6P5PP140ZTS_C35)                              0.04      0.04       1.19 r
  n3101 (net)                                   8         0.01                0.00       1.19 r
  U1527/Y (AOI21_X8M_A6P5PP140ZTS_C35)                              0.03      0.03       1.22 f
  n3285 (net)                                   7         0.01                0.00       1.22 f
  U1680/Y (NOR2_X8A_A6P5PP140ZTS_C35)                               0.02      0.02       1.24 r
  n1329 (net)                                   4         0.00                0.00       1.24 r
  U2183/Y (INV_X2P5M_A6P5PP140ZTS_C35)                              0.01      0.01       1.25 f
  n1010 (net)                                   1         0.00                0.00       1.25 f
  U1331/Y (NAND2_X3TA_A6P5PP140ZTS_C35)                             0.02      0.01       1.26 r
  n1012 (net)                                   2         0.00                0.00       1.26 r
  U1930/Y (NAND2_X6M_A6P5PP140ZTS_C35)                              0.02      0.02       1.28 f
  n778 (net)                                    1         0.00                0.00       1.28 f
  U1929/Y (NOR2_X8TA_A6P5PP140ZTS_C35)                              0.02      0.02       1.30 r
  n4438 (net)                                  14         0.01                0.00       1.30 r
  U2185/Y (NAND2_X8M_A6P5PP140ZTS_C35)                              0.02      0.02       1.32 f
  n4443 (net)                                   7         0.01                0.00       1.32 f
  U1278/Y (INV_X3M_A6P5PP140ZTS_C35)                                0.01      0.01       1.33 r
  n868 (net)                                    1         0.00                0.00       1.33 r
  U1606/Y (NAND2_X3M_A6P5PP140ZTS_C35)                              0.01      0.01       1.34 f
  n1000 (net)                                   1         0.00                0.00       1.34 f
  U2175/Y (NOR2_X2TA_A6P5PP140ZTS_C35)                              0.02      0.02       1.36 r
  n999 (net)                                    1         0.00                0.00       1.36 r
  U2174/Y (NAND3_X4M_A6P5PP140ZTS_C35)                              0.03      0.02       1.38 f
  n1075 (net)                                   2         0.00                0.00       1.38 f
  U1957/Y (AND2_X6M_A6P5PP140ZTS_C35)                               0.01      0.02       1.41 f
  n3501 (net)                                   2         0.00                0.00       1.41 f
  U1620/Y (XNOR2_X4M_A6P5PP140ZTS_C35)                              0.02      0.02       1.43 f
  n3519 (net)                                   2         0.00                0.00       1.43 f
  U1619/Y (NAND2_X4M_A6P5PP140ZTS_C35)                              0.02      0.02       1.45 r
  n3553 (net)                                   3         0.00                0.00       1.45 r
  U2009/Y (OAI21_X4M_A6P5PP140ZTS_C35)                              0.02      0.02       1.47 f
  n1284 (net)                                   2         0.00                0.00       1.47 f
  U1597/Y (AOI21_X8M_A6P5PP140ZTS_C35)                              0.02      0.02       1.49 r
  n878 (net)                                    3         0.01                0.00       1.49 r
  U1970/Y (XNOR2_X4M_A6P5PP140ZTS_C35)                              0.03      0.03       1.52 r
  n1222 (net)                                   3         0.00                0.00       1.52 r
  U1978/Y (NAND3_X4M_A6P5PP140ZTS_C35)                              0.02      0.02       1.54 f
  n4797 (net)                                   4         0.00                0.00       1.54 f
  U1365/Y (NOR2_X1P4TA_A6P5PP140ZTS_C35)                            0.02      0.02       1.56 r
  n4360 (net)                                   2         0.00                0.00       1.56 r
  U1360/Y (AO21A1AI2_X1M_A6P5PP140ZTS_C35)                          0.03      0.03       1.59 f
  n4343 (net)                                   2         0.00                0.00       1.59 f
  U2489/Y (NAND2_X1M_A6P5PP140ZTS_C35)                              0.02      0.02       1.61 r
  n426 (net)                                    1         0.00                0.00       1.61 r
  u_dut/fp_status_o_reg[3]/D (DFFRPQA_X1M_A6P5PP140ZTS_C35)         0.02      0.00       1.61 r
  data arrival time                                                                      1.61

  clock clk (rise edge)                                                       0.90       0.90
  clock network delay (ideal)                                                 0.00       0.90
  clock uncertainty                                                          -0.05       0.85
  u_dut/fp_status_o_reg[3]/CK (DFFRPQA_X1M_A6P5PP140ZTS_C35)                  0.00       0.85 r
  library setup time                                                         -0.04       0.82
  data required time                                                                     0.82
  ----------------------------------------------------------------------------------------------
  data required time                                                                     0.82
  data arrival time                                                                     -1.61
  ----------------------------------------------------------------------------------------------
  slack (VIOLATED)                                                                      -0.79


  Startpoint: a_bits_i[1]
              (input port clocked by clk)
  Endpoint: u_dut/fp_status_o_reg[3]
            (rising edge-triggered flip-flop clocked by clk)
  Path Group: clk
  Path Type: max

  Des/Clust/Port     Wire Load Model       Library
  ------------------------------------------------
  char_top           Zero                  sc6p5mcpp140z_cln22ul_base_svt_c35_tt_typical_max_0p80v_25c

  Point                                       Fanout       Cap     Trans      Incr       Path
  ----------------------------------------------------------------------------------------------
  clock clk (rise edge)                                                       0.00       0.00
  clock network delay (ideal)                                                 0.00       0.00
  input external delay                                                        0.09       0.09 f
  a_bits_i[1] (in)                                                  0.05      0.00       0.09 f
  a_bits_i[1] (net)                             5         0.01                0.00       0.09 f
  U2163/Y (NOR2_X8TA_A6P5PP140ZTS_C35)                              0.02      0.02       0.11 r
  n1326 (net)                                   2         0.00                0.00       0.11 r
  U1825/Y (NAND2_X8M_A6P5PP140ZTS_C35)                              0.02      0.02       0.13 f
  n1838 (net)                                   5         0.01                0.00       0.13 f
  U1400/Y (NOR2_X6TA_A6P5PP140ZTS_C35)                              0.01      0.01       0.14 r
  n1416 (net)                                   2         0.00                0.00       0.14 r
  U1369/Y (NOR2_X3A_A6P5PP140ZTS_C35)                               0.01      0.01       0.15 f
  n1322 (net)                                   1         0.00                0.00       0.15 f
  U1892/Y (NAND2_X3TA_A6P5PP140ZTS_C35)                             0.02      0.01       0.16 r
  n763 (net)                                    1         0.00                0.00       0.16 r
  U1374/Y (NAND2_X8TA_A6P5PP140ZTS_C35)                             0.02      0.02       0.18 f
  n1413 (net)                                  12         0.01                0.00       0.18 f
  U1891/Y (XNOR2_X4M_A6P5PP140ZTS_C35)                              0.03      0.04       0.22 f
  n1656 (net)                                   2         0.00                0.00       0.22 f
  U2284/Y (INV_X7M_A6P5PP140ZTS_C35)                                0.01      0.02       0.23 r
  n1114 (net)                                   1         0.00                0.00       0.23 r
  U2312/Y (INV_X10M_A6P5PP140ZTS_C35)                               0.01      0.01       0.24 f
  n1115 (net)                                  11         0.01                0.00       0.24 f
  U1533/Y (OAI22_X4M_A6P5PP140ZTS_C35)                              0.03      0.02       0.27 r
  n1474 (net)                                   2         0.00                0.00       0.27 r
  U1532/Y (XNOR2_X4M_A6P5PP140ZTS_C35)                              0.03      0.03       0.30 r
  n590 (net)                                    1         0.00                0.00       0.30 r
  U1530/Y (XNOR2_X4M_A6P5PP140ZTS_C35)                              0.03      0.02       0.32 r
  n1511 (net)                                   2         0.00                0.00       0.32 r
  U2688/S (ADDF_X1M_A6P5PP140ZTS_C35)                               0.02      0.07       0.39 f
  n3789 (net)                                   2         0.00                0.00       0.39 f
  U1567/Y (NAND2_X3TA_A6P5PP140ZTS_C35)                             0.02      0.02       0.41 r
  n1552 (net)                                   2         0.00                0.00       0.41 r
  U2340/Y (OAI21_X8M_A6P5PP140ZTS_C35)                              0.02      0.02       0.43 f
  n1547 (net)                                   3         0.01                0.00       0.43 f
  U2127/Y (AOI21_X8M_A6P5PP140ZTS_C35)                              0.03      0.03       0.46 r
  n1649 (net)                                   7         0.01                0.00       0.46 r
  U1038/Y (OAI21_X4M_A6P5PP140ZTS_C35)                              0.02      0.02       0.48 f
  n938 (net)                                    1         0.00                0.00       0.48 f
  U2126/Y (XNOR2_X4M_A6P5PP140ZTS_C35)                              0.03      0.03       0.51 f
  n1236 (net)                                   3         0.00                0.00       0.51 f
  U1176/Y (AND2_X6M_A6P5PP140ZTS_C35)                               0.01      0.02       0.53 f
  n965 (net)                                    2         0.00                0.00       0.53 f
  U1182/Y (NAND2_X3M_A6P5PP140ZTS_C35)                              0.02      0.01       0.55 r
  n1206 (net)                                   1         0.00                0.00       0.55 r
  U2473/Y (NAND3_X4TA_A6P5PP140ZTS_C35)                             0.03      0.03       0.57 f
  n2442 (net)                                  10         0.01                0.00       0.57 f
  U2225/Y (NOR2_X2TA_A6P5PP140ZTS_C35)                              0.02      0.02       0.60 r
  n1058 (net)                                   2         0.00                0.00       0.60 r
  U1544/Y (OAI21_X3M_A6P5PP140ZTS_C35)                              0.02      0.02       0.61 f
  n1051 (net)                                   1         0.00                0.00       0.61 f
  U1410/Y (AO21A1AI2_X3M_A6P5PP140ZTS_C35)                          0.03      0.03       0.64 r
  n1047 (net)                                   2         0.00                0.00       0.64 r
  U1549/Y (INV_X3M_A6P5PP140ZTS_C35)                                0.01      0.01       0.65 f
  n817 (net)                                    1         0.00                0.00       0.65 f
  U998/Y (NOR2_X4A_A6P5PP140ZTS_C35)                                0.03      0.03       0.67 r
  n2341 (net)                                   5         0.01                0.00       0.67 r
  U2112/Y (NAND2_X8TA_A6P5PP140ZTS_C35)                             0.03      0.03       0.70 f
  n2555 (net)                                  16         0.01                0.00       0.70 f
  U1637/Y (BUFHA_X6M_A6P5PP140ZTS_C35)                              0.01      0.02       0.72 f
  n893 (net)                                    6         0.00                0.00       0.72 f
  U1468/Y (NOR2_X3TA_A6P5PP140ZTS_C35)                              0.01      0.01       0.74 r
  n2153 (net)                                   2         0.00                0.00       0.74 r
  U1219/Y (NOR2_X2A_A6P5PP140ZTS_C35)                               0.01      0.01       0.74 f
  n2178 (net)                                   1         0.00                0.00       0.74 f
  U3197/Y (NAND4_X1A_A6P5PP140ZTS_C35)                              0.03      0.02       0.76 r
  n2171 (net)                                   2         0.00                0.00       0.76 r
  U2042/Y (INV_X1M_A6P5PP140ZTS_C35)                                0.01      0.01       0.78 f
  n852 (net)                                    1         0.00                0.00       0.78 f
  U1485/Y (OA21B_X1M_A6P5PP140ZTS_C35)                              0.02      0.02       0.79 r
  n851 (net)                                    1         0.00                0.00       0.79 r
  U2041/Y (NAND2_X2M_A6P5PP140ZTS_C35)                              0.02      0.02       0.81 f
  n850 (net)                                    1         0.00                0.00       0.81 f
  U1608/Y (NOR2_X3A_A6P5PP140ZTS_C35)                               0.02      0.02       0.83 r
  n2369 (net)                                   1         0.00                0.00       0.83 r
  U2586/Y (AO21A1AI2_X3M_A6P5PP140ZTS_C35)                          0.03      0.02       0.85 f
  n2606 (net)                                   1         0.00                0.00       0.85 f
  U1305/Y (AOI21_X4M_A6P5PP140ZTS_C35)                              0.03      0.03       0.88 r
  n2644 (net)                                   3         0.00                0.00       0.88 r
  U2024/Y (NOR2_X8TA_A6P5PP140ZTS_C35)                              0.02      0.02       0.90 f
  n2743 (net)                                   6         0.01                0.00       0.90 f
  U1419/Y (INV_X16M_A6P5PP140ZTS_C35)                               0.02      0.02       0.92 r
  n3639 (net)                                  15         0.02                0.00       0.92 r
  U3507/Y (MXIT2_X3M_A6P5PP140ZTS_C35)                              0.04      0.02       0.94 r
  n2851 (net)                                   4         0.00                0.00       0.94 r
  U862/Y (AOI22_X3M_A6P5PP140ZTS_C35)                               0.03      0.03       0.97 f
  n2805 (net)                                   2         0.00                0.00       0.97 f
  U1212/Y (MXIT2_X4M_A6P5PP140ZTS_C35)                              0.03      0.03       1.00 r
  n2921 (net)                                   2         0.00                0.00       1.00 r
  U822/Y (NOR2_X1P4TA_A6P5PP140ZTS_C35)                             0.02      0.01       1.01 f
  n2693 (net)                                   1         0.00                0.00       1.01 f
  U1288/Y (NOR2_X3TA_A6P5PP140ZTS_C35)                              0.01      0.01       1.03 r
  n1144 (net)                                   1         0.00                0.00       1.03 r
  U812/Y (NAND3_X2M_A6P5PP140ZTS_C35)                               0.02      0.02       1.05 f
  n603 (net)                                    1         0.00                0.00       1.05 f
  U1560/Y (NAND2_X3M_A6P5PP140ZTS_C35)                              0.02      0.02       1.07 r
  n4671 (net)                                   3         0.00                0.00       1.07 r
  U1295/Y (XNOR2_X4M_A6P5PP140ZTS_C35)                              0.03      0.02       1.09 r
  n2974 (net)                                   2         0.00                0.00       1.09 r
  U1736/Y (NOR2_X3TA_A6P5PP140ZTS_C35)                              0.02      0.02       1.11 f
  n3121 (net)                                   3         0.00                0.00       1.11 f
  U1299/Y (NOR2_X1P4TA_A6P5PP140ZTS_C35)                            0.03      0.03       1.13 r
  n3132 (net)                                   3         0.00                0.00       1.13 r
  U728/Y (NAND2_X1P4TA_A6P5PP140ZTS_C35)                            0.03      0.02       1.16 f
  n2979 (net)                                   1         0.00                0.00       1.16 f
  U1732/Y (OAI21_X8M_A6P5PP140ZTS_C35)                              0.04      0.04       1.19 r
  n3101 (net)                                   8         0.01                0.00       1.19 r
  U1527/Y (AOI21_X8M_A6P5PP140ZTS_C35)                              0.03      0.03       1.22 f
  n3285 (net)                                   7         0.01                0.00       1.22 f
  U1680/Y (NOR2_X8A_A6P5PP140ZTS_C35)                               0.02      0.02       1.24 r
  n1329 (net)                                   4         0.00                0.00       1.24 r
  U2183/Y (INV_X2P5M_A6P5PP140ZTS_C35)                              0.01      0.01       1.25 f
  n1010 (net)                                   1         0.00                0.00       1.25 f
  U1331/Y (NAND2_X3TA_A6P5PP140ZTS_C35)                             0.02      0.01       1.26 r
  n1012 (net)                                   2         0.00                0.00       1.26 r
  U1930/Y (NAND2_X6M_A6P5PP140ZTS_C35)                              0.02      0.02       1.28 f
  n778 (net)                                    1         0.00                0.00       1.28 f
  U1929/Y (NOR2_X8TA_A6P5PP140ZTS_C35)                              0.02      0.02       1.30 r
  n4438 (net)                                  14         0.01                0.00       1.30 r
  U2185/Y (NAND2_X8M_A6P5PP140ZTS_C35)                              0.02      0.02       1.32 f
  n4443 (net)                                   7         0.01                0.00       1.32 f
  U1278/Y (INV_X3M_A6P5PP140ZTS_C35)                                0.01      0.01       1.33 r
  n868 (net)                                    1         0.00                0.00       1.33 r
  U1606/Y (NAND2_X3M_A6P5PP140ZTS_C35)                              0.01      0.01       1.34 f
  n1000 (net)                                   1         0.00                0.00       1.34 f
  U2175/Y (NOR2_X2TA_A6P5PP140ZTS_C35)                              0.02      0.02       1.36 r
  n999 (net)                                    1         0.00                0.00       1.36 r
  U2174/Y (NAND3_X4M_A6P5PP140ZTS_C35)                              0.03      0.02       1.38 f
  n1075 (net)                                   2         0.00                0.00       1.38 f
  U1957/Y (AND2_X6M_A6P5PP140ZTS_C35)                               0.01      0.02       1.41 f
  n3501 (net)                                   2         0.00                0.00       1.41 f
  U1620/Y (XNOR2_X4M_A6P5PP140ZTS_C35)                              0.02      0.02       1.43 f
  n3519 (net)                                   2         0.00                0.00       1.43 f
  U1619/Y (NAND2_X4M_A6P5PP140ZTS_C35)                              0.02      0.02       1.45 r
  n3553 (net)                                   3         0.00                0.00       1.45 r
  U2009/Y (OAI21_X4M_A6P5PP140ZTS_C35)                              0.02      0.02       1.47 f
  n1284 (net)                                   2         0.00                0.00       1.47 f
  U1597/Y (AOI21_X8M_A6P5PP140ZTS_C35)                              0.02      0.02       1.49 r
  n878 (net)                                    3         0.01                0.00       1.49 r
  U1970/Y (XNOR2_X4M_A6P5PP140ZTS_C35)                              0.03      0.03       1.52 r
  n1222 (net)                                   3         0.00                0.00       1.52 r
  U1978/Y (NAND3_X4M_A6P5PP140ZTS_C35)                              0.02      0.02       1.54 f
  n4797 (net)                                   4         0.00                0.00       1.54 f
  U1365/Y (NOR2_X1P4TA_A6P5PP140ZTS_C35)                            0.02      0.02       1.56 r
  n4360 (net)                                   2         0.00                0.00       1.56 r
  U1360/Y (AO21A1AI2_X1M_A6P5PP140ZTS_C35)                          0.03      0.03       1.59 f
  n4343 (net)                                   2         0.00                0.00       1.59 f
  U2489/Y (NAND2_X1M_A6P5PP140ZTS_C35)                              0.02      0.02       1.61 r
  n426 (net)                                    1         0.00                0.00       1.61 r
  u_dut/fp_status_o_reg[3]/D (DFFRPQA_X1M_A6P5PP140ZTS_C35)         0.02      0.00       1.61 r
  data arrival time                                                                      1.61

  clock clk (rise edge)                                                       0.90       0.90
  clock network delay (ideal)                                                 0.00       0.90
  clock uncertainty                                                          -0.05       0.85
  u_dut/fp_status_o_reg[3]/CK (DFFRPQA_X1M_A6P5PP140ZTS_C35)                  0.00       0.85 r
  library setup time                                                         -0.04       0.82
  data required time                                                                     0.82
  ----------------------------------------------------------------------------------------------
  data required time                                                                     0.82
  data arrival time                                                                     -1.61
  ----------------------------------------------------------------------------------------------
  slack (VIOLATED)                                                                      -0.79


  Startpoint: a_bits_i[1]
              (input port clocked by clk)
  Endpoint: u_dut/fp_status_o_reg[3]
            (rising edge-triggered flip-flop clocked by clk)
  Path Group: clk
  Path Type: max

  Des/Clust/Port     Wire Load Model       Library
  ------------------------------------------------
  char_top           Zero                  sc6p5mcpp140z_cln22ul_base_svt_c35_tt_typical_max_0p80v_25c

  Point                                       Fanout       Cap     Trans      Incr       Path
  ----------------------------------------------------------------------------------------------
  clock clk (rise edge)                                                       0.00       0.00
  clock network delay (ideal)                                                 0.00       0.00
  input external delay                                                        0.09       0.09 f
  a_bits_i[1] (in)                                                  0.05      0.00       0.09 f
  a_bits_i[1] (net)                             5         0.01                0.00       0.09 f
  U2163/Y (NOR2_X8TA_A6P5PP140ZTS_C35)                              0.02      0.02       0.11 r
  n1326 (net)                                   2         0.00                0.00       0.11 r
  U1825/Y (NAND2_X8M_A6P5PP140ZTS_C35)                              0.02      0.02       0.13 f
  n1838 (net)                                   5         0.01                0.00       0.13 f
  U1400/Y (NOR2_X6TA_A6P5PP140ZTS_C35)                              0.01      0.01       0.14 r
  n1416 (net)                                   2         0.00                0.00       0.14 r
  U1369/Y (NOR2_X3A_A6P5PP140ZTS_C35)                               0.01      0.01       0.15 f
  n1322 (net)                                   1         0.00                0.00       0.15 f
  U1892/Y (NAND2_X3TA_A6P5PP140ZTS_C35)                             0.02      0.01       0.16 r
  n763 (net)                                    1         0.00                0.00       0.16 r
  U1374/Y (NAND2_X8TA_A6P5PP140ZTS_C35)                             0.02      0.02       0.18 f
  n1413 (net)                                  12         0.01                0.00       0.18 f
  U1891/Y (XNOR2_X4M_A6P5PP140ZTS_C35)                              0.03      0.04       0.22 f
  n1656 (net)                                   2         0.00                0.00       0.22 f
  U2284/Y (INV_X7M_A6P5PP140ZTS_C35)                                0.01      0.02       0.23 r
  n1114 (net)                                   1         0.00                0.00       0.23 r
  U2312/Y (INV_X10M_A6P5PP140ZTS_C35)                               0.01      0.01       0.24 f
  n1115 (net)                                  11         0.01                0.00       0.24 f
  U1533/Y (OAI22_X4M_A6P5PP140ZTS_C35)                              0.03      0.02       0.27 r
  n1474 (net)                                   2         0.00                0.00       0.27 r
  U1532/Y (XNOR2_X4M_A6P5PP140ZTS_C35)                              0.03      0.03       0.30 r
  n590 (net)                                    1         0.00                0.00       0.30 r
  U1530/Y (XNOR2_X4M_A6P5PP140ZTS_C35)                              0.03      0.02       0.32 r
  n1511 (net)                                   2         0.00                0.00       0.32 r
  U2688/S (ADDF_X1M_A6P5PP140ZTS_C35)                               0.02      0.07       0.39 f
  n3789 (net)                                   2         0.00                0.00       0.39 f
  U1567/Y (NAND2_X3TA_A6P5PP140ZTS_C35)                             0.02      0.02       0.41 r
  n1552 (net)                                   2         0.00                0.00       0.41 r
  U2340/Y (OAI21_X8M_A6P5PP140ZTS_C35)                              0.02      0.02       0.43 f
  n1547 (net)                                   3         0.01                0.00       0.43 f
  U2127/Y (AOI21_X8M_A6P5PP140ZTS_C35)                              0.03      0.03       0.46 r
  n1649 (net)                                   7         0.01                0.00       0.46 r
  U1038/Y (OAI21_X4M_A6P5PP140ZTS_C35)                              0.02      0.02       0.48 f
  n938 (net)                                    1         0.00                0.00       0.48 f
  U2126/Y (XNOR2_X4M_A6P5PP140ZTS_C35)                              0.03      0.03       0.51 f
  n1236 (net)                                   3         0.00                0.00       0.51 f
  U1176/Y (AND2_X6M_A6P5PP140ZTS_C35)                               0.01      0.02       0.53 f
  n965 (net)                                    2         0.00                0.00       0.53 f
  U1182/Y (NAND2_X3M_A6P5PP140ZTS_C35)                              0.02      0.01       0.55 r
  n1206 (net)                                   1         0.00                0.00       0.55 r
  U2473/Y (NAND3_X4TA_A6P5PP140ZTS_C35)                             0.03      0.03       0.57 f
  n2442 (net)                                  10         0.01                0.00       0.57 f
  U2225/Y (NOR2_X2TA_A6P5PP140ZTS_C35)                              0.02      0.02       0.60 r
  n1058 (net)                                   2         0.00                0.00       0.60 r
  U1544/Y (OAI21_X3M_A6P5PP140ZTS_C35)                              0.02      0.02       0.61 f
  n1051 (net)                                   1         0.00                0.00       0.61 f
  U1410/Y (AO21A1AI2_X3M_A6P5PP140ZTS_C35)                          0.03      0.03       0.64 r
  n1047 (net)                                   2         0.00                0.00       0.64 r
  U1549/Y (INV_X3M_A6P5PP140ZTS_C35)                                0.01      0.01       0.65 f
  n817 (net)                                    1         0.00                0.00       0.65 f
  U998/Y (NOR2_X4A_A6P5PP140ZTS_C35)                                0.03      0.03       0.67 r
  n2341 (net)                                   5         0.01                0.00       0.67 r
  U2112/Y (NAND2_X8TA_A6P5PP140ZTS_C35)                             0.03      0.03       0.70 f
  n2555 (net)                                  16         0.01                0.00       0.70 f
  U1637/Y (BUFHA_X6M_A6P5PP140ZTS_C35)                              0.01      0.02       0.72 f
  n893 (net)                                    6         0.00                0.00       0.72 f
  U1468/Y (NOR2_X3TA_A6P5PP140ZTS_C35)                              0.01      0.01       0.74 r
  n2153 (net)                                   2         0.00                0.00       0.74 r
  U1219/Y (NOR2_X2A_A6P5PP140ZTS_C35)                               0.01      0.01       0.74 f
  n2178 (net)                                   1         0.00                0.00       0.74 f
  U3197/Y (NAND4_X1A_A6P5PP140ZTS_C35)                              0.03      0.02       0.76 r
  n2171 (net)                                   2         0.00                0.00       0.76 r
  U2042/Y (INV_X1M_A6P5PP140ZTS_C35)                                0.01      0.01       0.78 f
  n852 (net)                                    1         0.00                0.00       0.78 f
  U1485/Y (OA21B_X1M_A6P5PP140ZTS_C35)                              0.02      0.02       0.79 r
  n851 (net)                                    1         0.00                0.00       0.79 r
  U2041/Y (NAND2_X2M_A6P5PP140ZTS_C35)                              0.02      0.02       0.81 f
  n850 (net)                                    1         0.00                0.00       0.81 f
  U1608/Y (NOR2_X3A_A6P5PP140ZTS_C35)                               0.02      0.02       0.83 r
  n2369 (net)                                   1         0.00                0.00       0.83 r
  U2586/Y (AO21A1AI2_X3M_A6P5PP140ZTS_C35)                          0.03      0.02       0.85 f
  n2606 (net)                                   1         0.00                0.00       0.85 f
  U1305/Y (AOI21_X4M_A6P5PP140ZTS_C35)                              0.03      0.03       0.88 r
  n2644 (net)                                   3         0.00                0.00       0.88 r
  U2024/Y (NOR2_X8TA_A6P5PP140ZTS_C35)                              0.02      0.02       0.90 f
  n2743 (net)                                   6         0.01                0.00       0.90 f
  U1419/Y (INV_X16M_A6P5PP140ZTS_C35)                               0.02      0.02       0.92 r
  n3639 (net)                                  15         0.02                0.00       0.92 r
  U3507/Y (MXIT2_X3M_A6P5PP140ZTS_C35)                              0.04      0.02       0.94 r
  n2851 (net)                                   4         0.00                0.00       0.94 r
  U862/Y (AOI22_X3M_A6P5PP140ZTS_C35)                               0.03      0.03       0.97 f
  n2805 (net)                                   2         0.00                0.00       0.97 f
  U1212/Y (MXIT2_X4M_A6P5PP140ZTS_C35)                              0.03      0.03       1.00 r
  n2921 (net)                                   2         0.00                0.00       1.00 r
  U822/Y (NOR2_X1P4TA_A6P5PP140ZTS_C35)                             0.02      0.01       1.01 f
  n2693 (net)                                   1         0.00                0.00       1.01 f
  U1288/Y (NOR2_X3TA_A6P5PP140ZTS_C35)                              0.01      0.01       1.03 r
  n1144 (net)                                   1         0.00                0.00       1.03 r
  U812/Y (NAND3_X2M_A6P5PP140ZTS_C35)                               0.02      0.02       1.05 f
  n603 (net)                                    1         0.00                0.00       1.05 f
  U1560/Y (NAND2_X3M_A6P5PP140ZTS_C35)                              0.02      0.02       1.07 r
  n4671 (net)                                   3         0.00                0.00       1.07 r
  U1295/Y (XNOR2_X4M_A6P5PP140ZTS_C35)                              0.03      0.02       1.09 r
  n2974 (net)                                   2         0.00                0.00       1.09 r
  U1736/Y (NOR2_X3TA_A6P5PP140ZTS_C35)                              0.02      0.02       1.11 f
  n3121 (net)                                   3         0.00                0.00       1.11 f
  U1299/Y (NOR2_X1P4TA_A6P5PP140ZTS_C35)                            0.03      0.03       1.13 r
  n3132 (net)                                   3         0.00                0.00       1.13 r
  U728/Y (NAND2_X1P4TA_A6P5PP140ZTS_C35)                            0.03      0.02       1.16 f
  n2979 (net)                                   1         0.00                0.00       1.16 f
  U1732/Y (OAI21_X8M_A6P5PP140ZTS_C35)                              0.04      0.04       1.19 r
  n3101 (net)                                   8         0.01                0.00       1.19 r
  U1527/Y (AOI21_X8M_A6P5PP140ZTS_C35)                              0.03      0.03       1.22 f
  n3285 (net)                                   7         0.01                0.00       1.22 f
  U1680/Y (NOR2_X8A_A6P5PP140ZTS_C35)                               0.02      0.02       1.24 r
  n1329 (net)                                   4         0.00                0.00       1.24 r
  U2183/Y (INV_X2P5M_A6P5PP140ZTS_C35)                              0.01      0.01       1.25 f
  n1010 (net)                                   1         0.00                0.00       1.25 f
  U1331/Y (NAND2_X3TA_A6P5PP140ZTS_C35)                             0.02      0.01       1.26 r
  n1012 (net)                                   2         0.00                0.00       1.26 r
  U1930/Y (NAND2_X6M_A6P5PP140ZTS_C35)                              0.02      0.02       1.28 f
  n778 (net)                                    1         0.00                0.00       1.28 f
  U1929/Y (NOR2_X8TA_A6P5PP140ZTS_C35)                              0.02      0.02       1.30 r
  n4438 (net)                                  14         0.01                0.00       1.30 r
  U2185/Y (NAND2_X8M_A6P5PP140ZTS_C35)                              0.02      0.02       1.32 f
  n4443 (net)                                   7         0.01                0.00       1.32 f
  U1278/Y (INV_X3M_A6P5PP140ZTS_C35)                                0.01      0.01       1.33 r
  n868 (net)                                    1         0.00                0.00       1.33 r
  U1606/Y (NAND2_X3M_A6P5PP140ZTS_C35)                              0.01      0.01       1.34 f
  n1000 (net)                                   1         0.00                0.00       1.34 f
  U2175/Y (NOR2_X2TA_A6P5PP140ZTS_C35)                              0.02      0.02       1.36 r
  n999 (net)                                    1         0.00                0.00       1.36 r
  U2174/Y (NAND3_X4M_A6P5PP140ZTS_C35)                              0.03      0.02       1.38 f
  n1075 (net)                                   2         0.00                0.00       1.38 f
  U1957/Y (AND2_X6M_A6P5PP140ZTS_C35)                               0.01      0.02       1.41 f
  n3501 (net)                                   2         0.00                0.00       1.41 f
  U1620/Y (XNOR2_X4M_A6P5PP140ZTS_C35)                              0.02      0.02       1.43 f
  n3519 (net)                                   2         0.00                0.00       1.43 f
  U1619/Y (NAND2_X4M_A6P5PP140ZTS_C35)                              0.02      0.02       1.45 r
  n3553 (net)                                   3         0.00                0.00       1.45 r
  U2009/Y (OAI21_X4M_A6P5PP140ZTS_C35)                              0.02      0.02       1.47 f
  n1284 (net)                                   2         0.00                0.00       1.47 f
  U1597/Y (AOI21_X8M_A6P5PP140ZTS_C35)                              0.02      0.02       1.49 r
  n878 (net)                                    3         0.01                0.00       1.49 r
  U1970/Y (XNOR2_X4M_A6P5PP140ZTS_C35)                              0.03      0.03       1.52 r
  n1222 (net)                                   3         0.00                0.00       1.52 r
  U1978/Y (NAND3_X4M_A6P5PP140ZTS_C35)                              0.02      0.02       1.54 f
  n4797 (net)                                   4         0.00                0.00       1.54 f
  U1365/Y (NOR2_X1P4TA_A6P5PP140ZTS_C35)                            0.02      0.02       1.56 r
  n4360 (net)                                   2         0.00                0.00       1.56 r
  U1360/Y (AO21A1AI2_X1M_A6P5PP140ZTS_C35)                          0.03      0.03       1.59 f
  n4343 (net)                                   2         0.00                0.00       1.59 f
  U2489/Y (NAND2_X1M_A6P5PP140ZTS_C35)                              0.02      0.02       1.61 r
  n426 (net)                                    1         0.00                0.00       1.61 r
  u_dut/fp_status_o_reg[3]/D (DFFRPQA_X1M_A6P5PP140ZTS_C35)         0.02      0.00       1.61 r
  data arrival time                                                                      1.61

  clock clk (rise edge)                                                       0.90       0.90
  clock network delay (ideal)                                                 0.00       0.90
  clock uncertainty                                                          -0.05       0.85
  u_dut/fp_status_o_reg[3]/CK (DFFRPQA_X1M_A6P5PP140ZTS_C35)                  0.00       0.85 r
  library setup time                                                         -0.04       0.82
  data required time                                                                     0.82
  ----------------------------------------------------------------------------------------------
  data required time                                                                     0.82
  data arrival time                                                                     -1.61
  ----------------------------------------------------------------------------------------------
  slack (VIOLATED)                                                                      -0.79


  Startpoint: a_bits_i[1]
              (input port clocked by clk)
  Endpoint: u_dut/fp_status_o_reg[3]
            (rising edge-triggered flip-flop clocked by clk)
  Path Group: clk
  Path Type: max

  Des/Clust/Port     Wire Load Model       Library
  ------------------------------------------------
  char_top           Zero                  sc6p5mcpp140z_cln22ul_base_svt_c35_tt_typical_max_0p80v_25c

  Point                                       Fanout       Cap     Trans      Incr       Path
  ----------------------------------------------------------------------------------------------
  clock clk (rise edge)                                                       0.00       0.00
  clock network delay (ideal)                                                 0.00       0.00
  input external delay                                                        0.09       0.09 f
  a_bits_i[1] (in)                                                  0.05      0.00       0.09 f
  a_bits_i[1] (net)                             5         0.01                0.00       0.09 f
  U2163/Y (NOR2_X8TA_A6P5PP140ZTS_C35)                              0.02      0.02       0.11 r
  n1326 (net)                                   2         0.00                0.00       0.11 r
  U1825/Y (NAND2_X8M_A6P5PP140ZTS_C35)                              0.02      0.02       0.13 f
  n1838 (net)                                   5         0.01                0.00       0.13 f
  U1400/Y (NOR2_X6TA_A6P5PP140ZTS_C35)                              0.01      0.01       0.14 r
  n1416 (net)                                   2         0.00                0.00       0.14 r
  U1369/Y (NOR2_X3A_A6P5PP140ZTS_C35)                               0.01      0.01       0.15 f
  n1322 (net)                                   1         0.00                0.00       0.15 f
  U1892/Y (NAND2_X3TA_A6P5PP140ZTS_C35)                             0.02      0.01       0.16 r
  n763 (net)                                    1         0.00                0.00       0.16 r
  U1374/Y (NAND2_X8TA_A6P5PP140ZTS_C35)                             0.02      0.02       0.18 f
  n1413 (net)                                  12         0.01                0.00       0.18 f
  U1891/Y (XNOR2_X4M_A6P5PP140ZTS_C35)                              0.03      0.04       0.22 f
  n1656 (net)                                   2         0.00                0.00       0.22 f
  U2284/Y (INV_X7M_A6P5PP140ZTS_C35)                                0.01      0.02       0.23 r
  n1114 (net)                                   1         0.00                0.00       0.23 r
  U2312/Y (INV_X10M_A6P5PP140ZTS_C35)                               0.01      0.01       0.24 f
  n1115 (net)                                  11         0.01                0.00       0.24 f
  U1533/Y (OAI22_X4M_A6P5PP140ZTS_C35)                              0.03      0.02       0.27 r
  n1474 (net)                                   2         0.00                0.00       0.27 r
  U1532/Y (XNOR2_X4M_A6P5PP140ZTS_C35)                              0.03      0.03       0.30 r
  n590 (net)                                    1         0.00                0.00       0.30 r
  U1530/Y (XNOR2_X4M_A6P5PP140ZTS_C35)                              0.03      0.02       0.32 r
  n1511 (net)                                   2         0.00                0.00       0.32 r
  U2688/S (ADDF_X1M_A6P5PP140ZTS_C35)                               0.02      0.07       0.39 f
  n3789 (net)                                   2         0.00                0.00       0.39 f
  U1567/Y (NAND2_X3TA_A6P5PP140ZTS_C35)                             0.02      0.02       0.41 r
  n1552 (net)                                   2         0.00                0.00       0.41 r
  U2340/Y (OAI21_X8M_A6P5PP140ZTS_C35)                              0.02      0.02       0.43 f
  n1547 (net)                                   3         0.01                0.00       0.43 f
  U2127/Y (AOI21_X8M_A6P5PP140ZTS_C35)                              0.03      0.03       0.46 r
  n1649 (net)                                   7         0.01                0.00       0.46 r
  U1038/Y (OAI21_X4M_A6P5PP140ZTS_C35)                              0.02      0.02       0.48 f
  n938 (net)                                    1         0.00                0.00       0.48 f
  U2126/Y (XNOR2_X4M_A6P5PP140ZTS_C35)                              0.03      0.03       0.51 f
  n1236 (net)                                   3         0.00                0.00       0.51 f
  U1176/Y (AND2_X6M_A6P5PP140ZTS_C35)                               0.01      0.02       0.53 f
  n965 (net)                                    2         0.00                0.00       0.53 f
  U1182/Y (NAND2_X3M_A6P5PP140ZTS_C35)                              0.02      0.01       0.55 r
  n1206 (net)                                   1         0.00                0.00       0.55 r
  U2473/Y (NAND3_X4TA_A6P5PP140ZTS_C35)                             0.03      0.03       0.57 f
  n2442 (net)                                  10         0.01                0.00       0.57 f
  U2225/Y (NOR2_X2TA_A6P5PP140ZTS_C35)                              0.02      0.02       0.60 r
  n1058 (net)                                   2         0.00                0.00       0.60 r
  U1544/Y (OAI21_X3M_A6P5PP140ZTS_C35)                              0.02      0.02       0.61 f
  n1051 (net)                                   1         0.00                0.00       0.61 f
  U1410/Y (AO21A1AI2_X3M_A6P5PP140ZTS_C35)                          0.03      0.03       0.64 r
  n1047 (net)                                   2         0.00                0.00       0.64 r
  U1549/Y (INV_X3M_A6P5PP140ZTS_C35)                                0.01      0.01       0.65 f
  n817 (net)                                    1         0.00                0.00       0.65 f
  U998/Y (NOR2_X4A_A6P5PP140ZTS_C35)                                0.03      0.03       0.67 r
  n2341 (net)                                   5         0.01                0.00       0.67 r
  U2112/Y (NAND2_X8TA_A6P5PP140ZTS_C35)                             0.03      0.03       0.70 f
  n2555 (net)                                  16         0.01                0.00       0.70 f
  U1637/Y (BUFHA_X6M_A6P5PP140ZTS_C35)                              0.01      0.02       0.72 f
  n893 (net)                                    6         0.00                0.00       0.72 f
  U1468/Y (NOR2_X3TA_A6P5PP140ZTS_C35)                              0.01      0.01       0.74 r
  n2153 (net)                                   2         0.00                0.00       0.74 r
  U1219/Y (NOR2_X2A_A6P5PP140ZTS_C35)                               0.01      0.01       0.74 f
  n2178 (net)                                   1         0.00                0.00       0.74 f
  U3197/Y (NAND4_X1A_A6P5PP140ZTS_C35)                              0.03      0.02       0.76 r
  n2171 (net)                                   2         0.00                0.00       0.76 r
  U2042/Y (INV_X1M_A6P5PP140ZTS_C35)                                0.01      0.01       0.78 f
  n852 (net)                                    1         0.00                0.00       0.78 f
  U1485/Y (OA21B_X1M_A6P5PP140ZTS_C35)                              0.02      0.02       0.79 r
  n851 (net)                                    1         0.00                0.00       0.79 r
  U2041/Y (NAND2_X2M_A6P5PP140ZTS_C35)                              0.02      0.02       0.81 f
  n850 (net)                                    1         0.00                0.00       0.81 f
  U1608/Y (NOR2_X3A_A6P5PP140ZTS_C35)                               0.02      0.02       0.83 r
  n2369 (net)                                   1         0.00                0.00       0.83 r
  U2586/Y (AO21A1AI2_X3M_A6P5PP140ZTS_C35)                          0.03      0.02       0.85 f
  n2606 (net)                                   1         0.00                0.00       0.85 f
  U1305/Y (AOI21_X4M_A6P5PP140ZTS_C35)                              0.03      0.03       0.88 r
  n2644 (net)                                   3         0.00                0.00       0.88 r
  U2024/Y (NOR2_X8TA_A6P5PP140ZTS_C35)                              0.02      0.02       0.90 f
  n2743 (net)                                   6         0.01                0.00       0.90 f
  U1419/Y (INV_X16M_A6P5PP140ZTS_C35)                               0.02      0.02       0.92 r
  n3639 (net)                                  15         0.02                0.00       0.92 r
  U3507/Y (MXIT2_X3M_A6P5PP140ZTS_C35)                              0.04      0.02       0.94 r
  n2851 (net)                                   4         0.00                0.00       0.94 r
  U862/Y (AOI22_X3M_A6P5PP140ZTS_C35)                               0.03      0.03       0.97 f
  n2805 (net)                                   2         0.00                0.00       0.97 f
  U1212/Y (MXIT2_X4M_A6P5PP140ZTS_C35)                              0.03      0.03       1.00 r
  n2921 (net)                                   2         0.00                0.00       1.00 r
  U822/Y (NOR2_X1P4TA_A6P5PP140ZTS_C35)                             0.02      0.01       1.01 f
  n2693 (net)                                   1         0.00                0.00       1.01 f
  U1288/Y (NOR2_X3TA_A6P5PP140ZTS_C35)                              0.01      0.01       1.03 r
  n1144 (net)                                   1         0.00                0.00       1.03 r
  U812/Y (NAND3_X2M_A6P5PP140ZTS_C35)                               0.02      0.02       1.05 f
  n603 (net)                                    1         0.00                0.00       1.05 f
  U1560/Y (NAND2_X3M_A6P5PP140ZTS_C35)                              0.02      0.02       1.07 r
  n4671 (net)                                   3         0.00                0.00       1.07 r
  U1295/Y (XNOR2_X4M_A6P5PP140ZTS_C35)                              0.03      0.02       1.09 r
  n2974 (net)                                   2         0.00                0.00       1.09 r
  U1736/Y (NOR2_X3TA_A6P5PP140ZTS_C35)                              0.02      0.02       1.11 f
  n3121 (net)                                   3         0.00                0.00       1.11 f
  U1299/Y (NOR2_X1P4TA_A6P5PP140ZTS_C35)                            0.03      0.03       1.13 r
  n3132 (net)                                   3         0.00                0.00       1.13 r
  U728/Y (NAND2_X1P4TA_A6P5PP140ZTS_C35)                            0.03      0.02       1.16 f
  n2979 (net)                                   1         0.00                0.00       1.16 f
  U1732/Y (OAI21_X8M_A6P5PP140ZTS_C35)                              0.04      0.04       1.19 r
  n3101 (net)                                   8         0.01                0.00       1.19 r
  U1527/Y (AOI21_X8M_A6P5PP140ZTS_C35)                              0.03      0.03       1.22 f
  n3285 (net)                                   7         0.01                0.00       1.22 f
  U1680/Y (NOR2_X8A_A6P5PP140ZTS_C35)                               0.02      0.02       1.24 r
  n1329 (net)                                   4         0.00                0.00       1.24 r
  U2183/Y (INV_X2P5M_A6P5PP140ZTS_C35)                              0.01      0.01       1.25 f
  n1010 (net)                                   1         0.00                0.00       1.25 f
  U1331/Y (NAND2_X3TA_A6P5PP140ZTS_C35)                             0.02      0.01       1.26 r
  n1012 (net)                                   2         0.00                0.00       1.26 r
  U1930/Y (NAND2_X6M_A6P5PP140ZTS_C35)                              0.02      0.02       1.28 f
  n778 (net)                                    1         0.00                0.00       1.28 f
  U1929/Y (NOR2_X8TA_A6P5PP140ZTS_C35)                              0.02      0.02       1.30 r
  n4438 (net)                                  14         0.01                0.00       1.30 r
  U2185/Y (NAND2_X8M_A6P5PP140ZTS_C35)                              0.02      0.02       1.32 f
  n4443 (net)                                   7         0.01                0.00       1.32 f
  U1278/Y (INV_X3M_A6P5PP140ZTS_C35)                                0.01      0.01       1.33 r
  n868 (net)                                    1         0.00                0.00       1.33 r
  U1606/Y (NAND2_X3M_A6P5PP140ZTS_C35)                              0.01      0.01       1.34 f
  n1000 (net)                                   1         0.00                0.00       1.34 f
  U2175/Y (NOR2_X2TA_A6P5PP140ZTS_C35)                              0.02      0.02       1.36 r
  n999 (net)                                    1         0.00                0.00       1.36 r
  U2174/Y (NAND3_X4M_A6P5PP140ZTS_C35)                              0.03      0.02       1.38 f
  n1075 (net)                                   2         0.00                0.00       1.38 f
  U1957/Y (AND2_X6M_A6P5PP140ZTS_C35)                               0.01      0.02       1.41 f
  n3501 (net)                                   2         0.00                0.00       1.41 f
  U1620/Y (XNOR2_X4M_A6P5PP140ZTS_C35)                              0.02      0.02       1.43 f
  n3519 (net)                                   2         0.00                0.00       1.43 f
  U1619/Y (NAND2_X4M_A6P5PP140ZTS_C35)                              0.02      0.02       1.45 r
  n3553 (net)                                   3         0.00                0.00       1.45 r
  U2009/Y (OAI21_X4M_A6P5PP140ZTS_C35)                              0.02      0.02       1.47 f
  n1284 (net)                                   2         0.00                0.00       1.47 f
  U1597/Y (AOI21_X8M_A6P5PP140ZTS_C35)                              0.02      0.02       1.49 r
  n878 (net)                                    3         0.01                0.00       1.49 r
  U1970/Y (XNOR2_X4M_A6P5PP140ZTS_C35)                              0.03      0.03       1.52 r
  n1222 (net)                                   3         0.00                0.00       1.52 r
  U1978/Y (NAND3_X4M_A6P5PP140ZTS_C35)                              0.02      0.02       1.54 f
  n4797 (net)                                   4         0.00                0.00       1.54 f
  U1365/Y (NOR2_X1P4TA_A6P5PP140ZTS_C35)                            0.02      0.02       1.56 r
  n4360 (net)                                   2         0.00                0.00       1.56 r
  U1360/Y (AO21A1AI2_X1M_A6P5PP140ZTS_C35)                          0.03      0.03       1.59 f
  n4343 (net)                                   2         0.00                0.00       1.59 f
  U2489/Y (NAND2_X1M_A6P5PP140ZTS_C35)                              0.02      0.02       1.61 r
  n426 (net)                                    1         0.00                0.00       1.61 r
  u_dut/fp_status_o_reg[3]/D (DFFRPQA_X1M_A6P5PP140ZTS_C35)         0.02      0.00       1.61 r
  data arrival time                                                                      1.61

  clock clk (rise edge)                                                       0.90       0.90
  clock network delay (ideal)                                                 0.00       0.90
  clock uncertainty                                                          -0.05       0.85
  u_dut/fp_status_o_reg[3]/CK (DFFRPQA_X1M_A6P5PP140ZTS_C35)                  0.00       0.85 r
  library setup time                                                         -0.04       0.82
  data required time                                                                     0.82
  ----------------------------------------------------------------------------------------------
  data required time                                                                     0.82
  data arrival time                                                                     -1.61
  ----------------------------------------------------------------------------------------------
  slack (VIOLATED)                                                                      -0.79


1
