00000000bd164317000000003cfc3d86000000003eefbdfe000000003d4c3ecf
00000000be81be3800000000be48bd29000000003d253e6d000000003f97bddb
00000000bd903e70000000003f793db6000000003eddbe1f000000003faf3f70
000000003e16bf0000000000bf343fb600000000be1ebe49000000003dbe3f11
00000000bf98bd9e00000000bfd73bf400000000bf80bc8300000000beb9be4e
00000000b9d5bd8300000000bef7bed0000000003d873dca000000003da7bdca
00000000bdbd3f0300000000c004be1a00000000bdb53e34000000003aed3f91
00000000bf323fa2000000003ef6bf54000000003e9c3cf9000000003df33cc1
000000003aa43f3c000000003d14bf01000000003f023e9100000000bdf73d56
00000000be8e3f4700000000be223dae00000000beb13e2b000000003c75be0a
000000003d35bf33000000003de3bf22000000003d864003000000003f9cbbe4
00000000be17becd000000003d36bf3f00000000bef2beb3000000003e483e00
000000003f583e8c00000000c0103ec300000000bc82bfcc000000003eefbf10
000000003f28be5600000000bfb2bf3d00000000be87bd51000000003f8fbf8b
000000003fd83dcc00000000bd483ed200000000c01ec03b000000003dcdbee3
000000003cf6bf0500000000bef03cb7000000003e58be8200000000bef83edc
00000000404c3de6000000003f833ce100000000bb84bdb4000000003d43bf4a
00000000c0813ef3000000003d96bd9800000000bebb3b4c00000000bf8dbcaa
000000003ffa3edf00000000bd9ebe86000000003db53ed600000000bf26bf31
000000003f8dbd9d00000000bf493e32000000003f5bbe3f000000003f69bfe3
000000003ff0bce5000000003f2c3e94000000003f8dbe3000000000be9abd6a
00000000befebe6100000000bf523e2b00000000be623f0100000000bf1c3ec9
00000000bda83d5600000000bd22bf5800000000be84bf0b000000003f84bf6e
00000000be91be2a000000003d523f6f00000000bd81bf0100000000c0813f16
00000000bf713fcd00000000be2a3ffa000000003ff5bee5000000003e7b3f71
000000003f103e03000000003f083ed5000000003fa93e72000000003eb1bd2e
00000000bf4d401f00000000bc313e3700000000bd20bf8500000000bcfd3f37
00000000bea8bc5d000000003f5dbe72000000003fb83f4e00000000bea63d8c
00000000bef13d90000000003f96bf7e00000000be0bbe65000000003e3a3e3d
00000000bf1f3f8400000000bebabf9b00000000bfcabc2a000000003e34bd71
000000003f223ea600000000be2d3f4900000000bedbbf6a00000000bf89bdb4
00000000be9bbc7e00000000be5ebf44000000003e4dbfb5000000003f0e3f56
000000003fc3bfa300000000bef9bf2b00000000bb28bf1300000000be5abf2b
000000003f1b3f4900000000bd2fbf3300000000bf923f2a00000000bd70bfe9
000000003bc23f8c00000000bf723fc1000000003fd73de200000000bf743f81
00000000bf87bfb500000000c01e3ebd00000000400cbf5500000000bfd6bed7
000000003f823dcc00000000be0e3d0b00000000bd5d3c3f00000000bea23fa2
00000000be1f3fb0000000003e54bf6000000000bc813fda000000003f023daf
00000000bf243ec6000000003f9fbd6f00000000bfe93d9300000000be063fbd
00000000bdbdbf7300000000becdbf2700000000bbe0bec1000000003d4c3ff2
000000003b50be4e00000000bf9fbf0c00000000bd883f63000000003f8e3f90
00000000bea4bf7a000000003ed7be9b00000000bf70bf0e00000000bde63ca3
00000000be9e3eb000000000be40c00e000000003e8fbf07000000003e99be21
000000003fdcc02d00000000bf343ccd000000003bc13da700000000be69bf4f
00000000beabbd8e000000003d043f0200000000bf18beac000000003fd1bfc7
000000003e003ecb000000003d753fca00000000be163f0f00000000bf6cbe02
00000000bf103cad000000003fdd3fcf00000000bed63fd700000000bf423f14
000000003c923f4d000000003f53409400000000bcdcbf9300000000c02cbf53
00000000bd9cbe97000000003e0dc005000000003ed13f07000000003c5f3f14
00000000bf23bf2900000000bf8b400300000000400cbf49000000003e713e38
000000003ea7bf6700000000bd103c73000000003e863f94000000003f3d3f6c
000000003f133f4800000000bd5ebf6a0000000040493ee800000000bf813fcc
00000000c0003dae000000003f5a3c8400000000bf0dbebc000000003f104036
00000000beedbf87000000003fc9be1e000000003f513eae00000000be9b3f69
000000003f47403600000000bec9bf3d000000003d083d0900000000bf37bf80
000000003fb73fef000000003f6cbe8600000000bce63e1c00000000bf213e43
00000000bd494010000000003f75bf6e000000003c74c015000000003e0c3ec8
000000003ea03e19000000003eff3c1d00000000bf9b3f2300000000bd7a3f4f
000000003fcbbf29000000003e9d3ca500000000bf12be8f000000003d8a3da6
000000003eb9bf18000000003f83bf7a00000000be883e99000000003fb63f69
00000000bf2fc03b000000003e0b3d2100000000bfd13fa200000000bd19bf13
000000003e593c66000000003f08bf06000000003d973c9300000000bf40bea1
000000003fabbef000000000beccbbdb000000003fa8be3d000000003e5c3f53
000000003deb3f52000000003fa23ed6000000003f5d3f2a00000000bcfebfdd
000000003e75c0b5000000003eb6beae00000000bf2e3ee7000000003d463f3c
000000003dbdbc56000000003fbe3cc400000000be44bee3000000003e86c017
000000004023be0300000000bee6bf7900000000bd92beac00000000bf633ce3
00000000bee53ce1000000003de83cdc00000000bff3be1b000000003fa0be9c
00000000bf35c040000000003f53be06000000003dc2bda900000000beebbcc8
000000003e67be33000000003ddb3aca000000003e12be2100000000bf2dc041
000000003d8c3dcf000000003d10c01200000000bc11be9b00000000bf53be99
000000003e17c016000000003e5abf84000000003f6abf3900000000be83bfda
00000000bf07bdae000000003ebbbef400000000bf55bf0700000000bb7a3ebf
00000000bfd63f73000000003ec83bbd00000000bd4abb57000000003f4e3fa0
00000000bda5bef900000000bf7dbf5d00000000bfc2bd97000000003bbd3fa2
00000000be9bbf4e00000000bf3dbcf600000000be27bd6a00000000bfae3e14
000000003f343cc1000000003e1abe220000000040793f80000000003d04bf9d
000000003f14bf3b000000003eaabd3d00000000bdb23eba000000003e80bee0
00000000c022bf2c00000000bf6dbf5800000000be37bf1e000000003f053f64
000000003e2cbf12000000003df2bed1000000003df2bdb9000000003be8be17
000000003daa3f3d00000000c0553e7300000000bf1b3f0c000000003f89be9e
000000003f02bef9000000003e66bfae000000003f243e7000000000bf453fac
00000000befa3d8d00000000400fbf87000000003ef73d03000000003bb9beb3
000000003e53beea00000000c02fc00100000000bedb3f1d000000003d2ebc16
000000003e9fbe40000000003e9abdb400000000bf213fa5000000003ea0bee3
000000003f053ec300000000be80bec300000000bf6dbbbb00000000bd89bed2
000000003e18bcad000000003f7a3ef900000000be243fe8000000003d913eef
00000000bf36bb75000000003effbf3700000000bf9ebe63000000003eb93f71
000000003e2c3f34000000003efeb863000000003dd73e2000000000bfdf3e29
00000000ba463f18000000003edc3fc900000000bdd63f8b00000000bee3bfaa
000000003ff53c5e00000000ba4ebf4c00000000be90beb8000000003f8f403f
000000003f463f98000000003fadbd5100000000bd53c004000000003a3dbf41
00000000bdaabf8e00000000be51be4e00000000bea0bea700000000bf973ee3
000000003f72be27000000003db5bec0000000003d853e9a000000003ee8bf82
00000000beb6beac000000003dce3f29000000003f0abd4100000000bec03d0a
00000000c010bfaa00000000be1bbd23000000003e1d3d8500000000bdd2bd30
000000003eb139d9000000003f5fbfea00000000bf963ed800000000bc633ef0
00000000beedbf1e00000000bf5bbe3400000000bd963cf8000000003d16bee1
000000003daf3fb5000000003edcbea100000000bf1cbdca000000003d123e01
000000003f83bfd0000000003da9bf7600000000bef83f82000000003eda3e6b
00000000bd44bc10000000003e1f3f1100000000be1bbed1000000003e85bfb3
000000003f4ec052000000003e2f3dfa00000000bf13bf2200000000bdabbeeb
00000000be143bc500000000bf07bc0000000000bf093d1000000000be833f01
000000003eea3e6f00000000be07bd2200000000bef9400900000000bf36bcfc
000000003e983ed600000000bdc13f1a00000000beaabff200000000bdcfbf43
000000003f94bf4a00000000be163e8900000000bd9f3f3100000000bca8bf21
000000003e433da100000000c021ba2500000000be8bbe8d00000000be4bbaed
000000003f813d1b000000003f0fbd63000000003f7fbf8a00000000bf724093
00000000be31bc6600000000bf803dc6000000003dc3bde400000000bf08be8a
000000003ecabcc700000000bfb6bf0d000000003f103f4300000000bd463ece
00000000be9d3fcc000000003ff9bf6f00000000bc2c3fe200000000bdc9bfc4
000000003d5abf30000000003ec03f0300000000bfd5bf9a000000003e403c73
00000000bf6bc08100000000c0353fa9000000003b433c0e000000003ddac06f
000000003eaf3f8b000000003e783e2a000000003e94bf7300000000bf57bf26
000000003c79be1d00000000c003bf3800000000bebdbe4600000000401fbd07
000000003e99bd8e000000003fa0be4a00000000bf413e72000000003f6bbcf3
00000000bc9a3f97000000003e49be5e00000000bf1fbe7000000000bf203f9d
00000000bfee3e15000000003e393faf000000003e52be5600000000bd5e3d53
00000000bfb73fb2000000004067bf3000000000beffc00b000000003ce5beb3
000000003e194032000000003e0c3ea5000000003e66bf4e000000003fbabf48
00000000be4b3da200000000402fbe5f000000003f243ed1000000003e133ee2
000000003dcebe0300000000bfb8c07000000000c015bf1b000000003d2e3d28
000000003f8d3fa0000000003f8e3c6900000000bf913e9900000000beedbd7c
000000003e4f3f41000000003e6fbe1900000000c07bbd0300000000bc143fd0
000000003e29bdbe000000003ed2be04000000003e943fe6000000003ca4bf07
00000000be4a3df4000000003b8d3d0a000000003d4ec08400000000beef3e3b
00000000bd693f0200000000bf27be9900000000bf9b3e8700000000bdb6be62
00000000bfbdbe42000000003e9cbccd00000000bf063e95000000003dfcbfe1
000000003dfdc38700000000bf39bdcf000000003fe13ef0000000003f713fa1
00000000bc0ac084000000003c903f2500000000bd6a3d8e000000003f0a3dc0
00000000bed7bf8b00000000bf7ebf64000000003f98bef900000000bf523f3a
00000000c032bf3700000000bf733f16000000003d3fbc8700000000bdc53d26
00000000bf60bebb00000000be4ebf5c00000000bf1f402c000000003eb9bdeb
000000003e523e0d00000000be37c00d00000000bec9be58000000003f65bebd
00000000bf493fa300000000bf1e3e4400000000bd38be8000000000bd01bea1
00000000bf363fcd000000003f2b403d00000000be543c2e000000003eeb3f56
00000000c0203e0f000000003dbcbf5d000000003f313fa300000000bf5a405d
000000003f063f4400000000bd1fbdc6000000003e18c02a000000003ee64025
00000000befec06400000000bfe7bb75000000003f1bbfb3000000003e92bee5
00000000beaf3d2c00000000c0123fea000000004018bf48000000003e85bfb6
00000000bcbebdcc000000003f83bf74000000003eb5be9500000000bddf3db5
00000000bea03e8200000000bea1bf1200000000bcd43b7d00000000bebd3f96
00000000c01e3f37000000003f8e3e30000000003ebb3eb600000000be62bf41
000000003f973e1c00000000bf0bbea4000000003bbe3dfd000000003f853dce
000000003f883f6300000000bec9bf7700000000be1fbf3900000000c02fbd3b
000000003c953fb500000000bfb9bf2f00000000beba401700000000bee9be8d
000000003e0e3f0f000000003fc8bc3700000000bebb3f5400000000bf774042
00000000be923f79000000003ed63d5b00000000bf97beb7000000003e64bc3a
00000000bcfa3c8c000000003fb9bf9200000000bd873f2300000000c011bd83
00000000bd813f5e00000000b965bf3300000000bf1c4006000000003d36bcc2
000000003f94be9e000000003d20beca000000003db7bf8600000000c02a3ef7
000000003fad3f93000000004076c03d000000003e80bed2000000003dce3f46
000000003f813e05000000003d4dbfa600000000bc57bebb00000000becabd06
00000000be09bf2200000000bf303f9200000000bd543c3200000000bed5bee6
00000000bd9e3d6600000000bf683f9f00000000bf1ebf3e000000003f073e3d
00000000be94bdc1000000003f8ebf9700000000bd1b3d1100000000be623da4
000000003e963e40000000003f19bf13000000003e2e3fbf00000000be643e2a
00000000be0cbe2000000000bf763f60000000003f633f4c00000000becb3f01
000000003f703f70000000003be8bfa4000000003f49be0f00000000bd22bfd1
000000003eefbd62000000003d58bfe9000000003ed03e9800000000beabbc0a
00000000bc3e3eac00000000bde43f5b00000000bf603ea100000000be90c004
000000004022bfae0000000040033e80000000003e4dbe9a00000000bea7bee8
00000000bd8c3dbe000000003e0fbf0a00000000bfe9bed900000000bd74bdba
00000000bba14007000000003cac3f9d000000003eb13f4200000000bda23cf4
00000000be01be74000000003cba3e0d00000000be8f3e8700000000bb5cc00b
00000000be73bca100000000bf4e402b00000000bd43c02400000000bd07bf28
000000003ece3d5800000000bfe3be61000000003f7e3c7a00000000bcfd3f37
00000000bebcbd68000000003d323b8d00000000bfe33ec300000000be00bfff
00000000be0c3db6000000003938c02b000000003e15be0600000000bebe3e2b
000000003e26bf36000000003d0e405c000000003f833ee2000000003c8cbf0f
0000000040683d3d000000003d1e3e37000000003f10bfe9000000003cb83cfe
000000003f8bbf3a000000003f213dae000000003ff03f3000000000c0043f24
00000000bd6a3e03000000003be3bfc300000000bf033e5b00000000bf443f23
00000000be5bbe1800000000bc46beb100000000bec8bdd2000000003f86be77
00000000bf183c2b000000003f84bd3b00000000bd95bde8000000003e52bdd1
00000000bfd83dc800000000be24bf0600000000bf9e3ec9000000003f41be58
00000000bec4bfc600000000bfdd3d7f000000003f1ec011000000003e04bffd
00000000bf0bbf94000000003f0a3e0400000000bf893dfd00000000be06bf68
00000000bfed3d98000000003fb5be8100000000bf84bf4f00000000bed43f91
000000003dba3eb800000000bea53e2600000000bea63fb5000000003f603df3
00000000bfc2beb3000000003eb6bf3d00000000bf4ebf2700000000be75bd1f
000000003fca3e7900000000be423fab00000000be98be4a00000000bd97c04e
00000000bf053e9f00000000bfa83d4f000000003fd6bf45000000003f3e4017
000000003eccbc8a00000000be7dbf7700000000bfaebf0d00000000bfc33d1f
00000000be96bfac00000000bf964044000000003e86bf33000000003f01bf0a
000000003d91bdaa00000000be903db600000000bea33f0200000000bf8d3e91
000000003c18c04f00000000be64bfb00000000040293f9f000000003f023e05
00000000bf893b8300000000bee6bfa700000000bfe73cb700000000bc00be8a
000000003eda3f85000000003fcdc08d000000003d913dc0000000003f85bf39
00000000c02a3e1300000000c0233d0a000000003d81c01b000000003b9cbeb1
00000000bcc0bf340000000040193e0b00000000bca83c63000000003fa23e82
00000000bf913e2600000000bf4abf92000000003e453df3000000003e444034
000000003d5341d300000000bed03f6b000000003f763e6f00000000be233eb3
00000000bfdc3f77000000003fc8bd9200000000bf083f5a00000000bf6ebdac
000000003fc6be45000000003f513f8500000000bec83d99000000003f553f0a
00000000bed43f85000000003ccf3e92000000003e35bfab000000003c2e3eda
000000003f14bf9b00000000bfb83f4900000000bfaa3e04000000003f0ebf8f
000000003d8ebfbc000000003e5ebf3d000000003f2d3fce00000000bd30bf62
00000000bdd13efe000000003e9dbda8000000003e453ee0000000003f023f0a
00000000bf13be9e00000000be41bd5600000000405cbe1200000000bdd63e32
00000000bd59bb9600000000bc503dcc00000000bdebbf2800000000bdba3de2
000000003de33f3100000000bfa93d4100000000bfccbc7e00000000bec0bfb9
00000000c03dbf46000000003f723e90000000003ba73f8b00000000400d3f0d
00000000bec2be1c000000003fc1bee000000000bf543fa500000000bee83ef2
00000000bc77401d00000000be5b3e90000000003ef93fb100000000beeb3e36
00000000bf703f6c000000003dd4bd58000000003f30be49000000003e9a3fd7
000000003f05be3100000000bfa7bf2c000000003de13e62000000003f0ebe1c
00000000be843c6200000000bf69bfa10000000040063fa500000000404bbc67
000000003e09bdc50000000040b7c02d00000000bf1abe51000000003e773f1d
000000003f723e69000000003dfe4023000000003e8ebf8c00000000bd84bf93
00000000bec13e86000000003e993f0e00000000bdc7bf4c00000000bdf93d8c
00000000c02c3fb0000000003f3fbefa000000003e42bee0000000003c9ebf4d
000000003e113e1000000000bf97bd4c00000000bea73eae000000003d12bf10
000000003ea8bf42000000003f84be9900000000bd4dbd8200000000bf293eeb
000000003ed4bc37000000003e8e3fda00000000beee4027000000003f4fbe81
00000000bffb3efd000000003d8e3d5c000000003e39bd9b00000000bf9bbe18
00000000bf9cbe1a00000000beb73e97000000003f6c3d0600000000bd23bf3c
000000003fbabe3b00000000bd7b3caf000000003ec2be5800000000be12bf63
000000003d6b3eee00000000bf063c45000000003f1139a7000000003d0d3c90
000000003f0f3e0b000000003fbf3f1100000000bee0bf1b0000000040b93fba
000000003d3fbe5500000000bfc0bd1300000000bfb73fb200000000bfa3bd61
000000003d003f68000000003fa93f0e000000003e1e403700000000be833eba
000000003e7bc03d000000003f9e3f74000000003bf73ffb000000003d90bf15
00000000401d3e98000000003bc1bfb900000000c0003f8100000000bea2bdbb
00000000bf063f4a000000003f533dab00000000bf4dbe8a00000000bec03e92
000000003e6f400900000000bf56be68000000003dcb3e3000000000be3cbf08
000000003d223fec000000003b6ac00f000000003efcbe6800000000bf023f86
000000003e733fb600000000be213e8f000000003e11bd95000000003bfe3f6c
000000003fa13f9800000000bababe9f000000003e49bee700000000bf57be07
000000003f173ea500000000bc913d9c00000000bf693f0f000000003f963f4b
00000000be2abda1000000003ea63f3900000000be94befd00000000bf04bddd
00000000bd0bbccb00000000bf113e88000000003ece3e21000000003ed9be0f
00000000bbfdbd9000000000bebd3daa000000003efabceb000000003ebcbebb
000000003d8abeb000000000bf0ebf97000000003f613e2600000000bd363e29
00000000bdadb97900000000be19bfc7000000003e073fb5000000003dbbbf31
00000000bf96bf41000000003f01bba5000000003dda3f1300000000bc153d8f
00000000be15c02a000000003e87bca900000000beb6be5000000000be9b3fb9
00000000bf123ec3000000003e343aec00000000bd183e7e000000003e2dbcc9
000000003fb6bf6b000000003d1b3ea500000000bd703ebf00000000bfb93f1e
00000000be79bf3300000000bd0fbeca000000003dc5be6b000000003debbfad
00000000bd493f6100000000bee5bed9000000003d30bf85000000003f5fbd89
000000003e3ebf95000000003c2bbf8200000000be733f0700000000bf4b3f1b
00000000bcb1bfa000000000c019bf11000000003dbebff600000000bea83f22
00000000bf92bc7c00000000bf094001000000003fa93c9f000000003f7a401b
000000003fbdbeba00000000be67bd5c00000000be93bebe000000003f3a3e64
00000000bfb23e92000000003eb43fcf000000003e8b401c000000003e0fc00c
00000000bf063e6b00000000bec93efe00000000be0dbe6800000000bf023eca
000000003e9fbdf000000000bf873f2900000000bedd3f9500000000ba78bdf7
00000000be0c3ff500000000bf46beb4000000003f5ebf2e00000000be2dbf10
00000000bec7bda4000000003ea1bda900000000bf34bdd900000000bfd7c003
00000000bf06bfb1000000003f07be9100000000bf163b5c000000003d213e29
000000003e96bdd1000000003d613e99000000003ecb3be4000000003e18bf18
00000000be723de200000000be2bbe36000000003d833fc200000000bf8c3d28
000000003ef0bf80000000003fb3bfc700000000bea53e99000000003f67bf46
000000003e403f0900000000bf4dbf6f000000003e323eca000000003e04401b
00000000c00cbfa1000000003e2a3e2a000000003f533d5600000000bd843ed2
000000003fccc1a9000000003e34bfb700000000be2e3ec400000000bff33fba
00000000bf843dc500000000bf8dbf3600000000bf10c02e000000003f60404e
000000003e5cbc93000000003e8e3f0e000000003f44beae000000003dbb3d58
000000003be3bd8400000000bdd33e0100000000c016be7d00000000be943ebc
00000000be403f05000000003f50bfa800000000bf42bd01000000003e61bf98
00000000be57bddf000000003f703bad000000003e12bd48000000003f46bfa3
00000000c02b3e0f000000003ecc3fc1000000003c833e4c00000000beeebe6a
000000003eafbd3d000000003f5e3d8f00000000bf89bf1d00000000bf2c3cbc
00000000c0263d8d00000000bf913cee00000000bf5b3f6f00000000bdddbea5
000000003e73bedc00000000bfb33f2400000000beb0bf66000000003fd2bd62
000000003fed3f3b000000003f003e1c000000003fa6407b000000003eaf3f3b
00000000bfd7408200000000bd613f9500000000bcd3bea000000000bd4c3fed
00000000bf163f80000000003ad4bfd4000000003f07404e00000000be103f05
00000000be963ef500000000bf1d3fb000000000bf77beef00000000bfa1bf0c
000000003e08bedf00000000bd2f3f34000000003d06bf0d000000003d6dbf61
00000000be083e1300000000c02e3eb5000000003d6ebecd000000003efdbf50
000000003fd0bcc0000000003eed407600000000bffa3fce000000003f29be94
000000003df3c049000000003e0bbfc200000000beb83fd000000000bf4fbe19
000000003e65be3600000000be49bfa800000000be983d5500000000beb7bf25
00000000bee6bf8f00000000c039bfb3000000003f4ac03a00000000bd4b3e3a
0000000040013e4e00000000be743f1800000000be51bcf300000000bd463fb8
000000003fbabf5d000000003d743d5e00000000bfa4bd85000000003d88c011
00000000bde23ec700000000be823fe400000000bf703cba000000003f3e3f4e
000000003d9bbf6a000000003ef03f2a00000000bf523e6700000000bd163e33
00000000befbbfd000000000bfbd3e7300000000be50bd9a000000003c01bdf1
000000003d3dbfa600000000be3ac07d000000003f123fbf00000000bd35bca0
000000003e66be3300000000be59bfc8000000003e0ebe1900000000be1fc02d
00000000bf2abf5d000000003ebb3e5700000000bffd3f6800000000bf2f3b2c
000000003f3e386d000000003fa33e90000000003e063e8a00000000bdf33fb0
00000000bda33e89000000003ffcbfa8000000003f283cb4000000003f03be4b
000000003dc93f0d00000000c0033edf00000000bdeabd2b000000003ad6bf4e
000000003f16be07000000003ec13da800000000bf4dbdeb000000003f233ef7
000000003f2bbe8c00000000be63be30000000003f67be8c000000003dadc05c
00000000bdbe3da400000000bfa0be80000000004002bd84000000003f5b3e97
00000000bd963d04000000003e3bbc0900000000bdf63f55000000003e614008
000000003f43bd5c00000000c032beb100000000bf2b3ede000000003dccbfb0
00000000be0dbec600000000bc97bf95000000004010bd99000000003b233d41
000000003ee5beeb000000003f96bedc000000004010be47000000003c273eae
00000000bf13bfb200000000403abed300000000bdeb4015000000003d07bd48
00000000c06d3f9d00000000bf8ebee800000000be603ec900000000beffbe47
000000003f003eaa000000003fde3d9700000000bf48bb8000000000be75babe
000000003e783daa00000000bf24c06600000000bd373ea4000000003fdabe66
000000003d2f3de4000000003dadc09100000000bd9f3df9000000003d00bf0e
00000000befa3e1100000000beaabf67000000003dffbf5a000000003d803f9f
000000003d81bcb800000000be5f3f1b000000003bad3f1000000000bc09bfa8
000000003f203f5b000000003c773cef00000000bec4400800000000bd293f1e
000000003dd9bec5000000003d5dbf7200000000bf02be1e000000004011be26
000000003f0d3e99000000003ef63f9100000000bf87bf0b000000003e683e91
00000000bcbbbe1300000000be1e3a5100000000beaa3d1600000000bde6bdef
00000000bd6e3e9300000000c00bc030000000003edbbe04000000003e903b32
00000000bf913c3700000000be2e3e5e000000003ee53e90000000003ee0bd03
00000000bf75bfae000000003f1c3d28000000003e1fbe7d000000003d37bff4
00000000bd943e61000000003ee4bf9500000000bfb6bfa2000000003e4d3ef8
00000000bf44bea2000000003f1b3e4a000000003f31be8f00000000bf64bae8
00000000bfe7bec7000000003c883f0400000000bdd33e5800000000bddcbe35
00000000beccbe4400000000bccb3e4d000000003f9f3cd900000000be933ea6
000000003f16401600000000400ebf9c000000003e883c1a000000003e293e63
00000000be4e3d7200000000be0c3f94000000003d623d5c00000000bff43d39
000000003eb8bf09000000003cb1bf40000000003d43bf68000000003c78bfa0
00000000bead3d3e00000000be023fcb000000003f07401500000000beb53e3e
000000003e843e18000000003d983d1900000000c029bddb000000003f15c002
00000000401cbf6e00000000bf4a3eeb000000003d94be0b000000003eab3e81
000000003f97bf94000000003f353e0500000000bf02bdcf00000000bee63f3a
000000003f0ebf14000000003ea6bde8000000003e5c3c7a000000003f65bba1
00000000bf6442b5000000003f813f2d00000000bdb43fab000000003e543f80
00000000bcd93f8400000000bc2cbc41000000003fb2be57000000003ff13dfa
000000003ad33f9100000000bdc3bf3a00000000be103ff9000000003ed93dec
00000000c01b3f1f00000000be88be2e00000000beb83fa000000000bc7cbdc3
00000000bf1b3df900000000be813bf200000000beb53eb7000000003ea93eb4
00000000bd873d40000000003f363f9b000000003f053e06000000003f453e08
00000000bebc3f3900000000bf663f68000000003e51bffa00000000be323ec0
000000003d46bf0c00000000bce13f5f00000000bf89bec600000000be203e3c
000000003edb3ee200000000bde4bf5100000000bdaf3e21000000003e8dc000
000000003d29401f000000003eebbc7200000000bf7d3e2c00000000bf443d3b
000000003f003ff500000000bf65bfc500000000c001bf8300000000bdcabece
000000003c123e7000000000bd633b81000000003fad3ebd00000000bd993bb0
000000004016bc9600000000bf733f21000000003ff8bbb000000000bec53e3f
00000000bf21bf8500000000bd123fd700000000becf3f4b00000000bec7bfb1
000000003f13bf8e00000000bc5a3e1a000000003a0abe650000000040053f27
00000000becbbd4600000000bc6c3ed900000000bdb53fc600000000bef53f4a
000000003c9d3e03000000003f733f8b000000003fcd3bd9000000003e85becc
00000000bf193f9e000000003eedbef9000000003e2abd4a00000000bfc83fbe
000000003e434053000000003dfb3d9200000000becd3ef00000000040333f25
00000000bf613ed900000000be963c95000000003f5e3e83000000003e2fbe38
000000003e16bfc000000000bd3db97c000000003f4b4048000000003f82bd8a
00000000be93be6b00000000bee6c0110000000040183e2100000000bf793e2e
00000000bf673e7100000000bf693e840000000040253f9b00000000becfbeb2
00000000c0f73f7d00000000be7c3dcc00000000be71bef900000000beb2be53
00000000bdb6bd6100000000bebbbf6c00000000c0073d9800000000bfa1bf99
00000000bf42bf9200000000bf6a3e58000000003fc33e9300000000bdb3bf69
000000003d22bf6b000000003e81bf9000000000be113edf00000000bf4fbeea
000000003c883f0a00000000becbbe35000000003e3ebecc00000000bfe7bf1d
000000003e913f4a000000003e123fd7000000003e5f3f97000000003e74bf0e
00000000bf06bf3a00000000bf0b3f62000000003f773e0c000000003f803eb2
00000000c066bdf6000000003f6a3e1700000000bd1bbd4300000000be05bf64
00000000bfb3bf4200000000bdb33f2a000000003e32bef5000000003e053ed5
000000003cb9bd4b000000003dbd3e49000000003ebdbe39000000003ee9bed2
00000000403ebe2f00000000bc76bdae000000003e9e4013000000003e113eda
000000003e4f3cbb00000000bd143f8100000000be86bf9c00000000bc9abca4
00000000c0153da3000000003f10bc00000000003f88bf8000000000bd8cbe07
00000000bf90bde900000000be49bfb2000000003eca3d8700000000beab3e8a
000000003e3f3f1800000000bfa53df100000000bf253ea400000000bfe03f91
00000000be9e3c9b000000003f1abe2300000000bf7fbe8f000000003ffdbc52
000000003d073f9b000000003e34bfdc00000000bea93fb000000000be7e3daf
000000003cc53e6a000000003f1bbf3900000000bf583dee00000000beebbda5
00000000becdc00000000000bdd4bf8600000000bde7bdd2000000003ee33eb7
000000003eb9beb200000000bf7cbfcf000000003eedbecf000000003ce03c82
000000003f53bf2c000000003f2abf4e000000003fb4c080000000003e8d3d6c
00000000bdc0bf86000000003f5abdb6000000003eac3dd2000000004088beba
000000003e863efb00000000400f3eac00000000beb2be51000000003f233e52
000000003e2f3eea000000003fa93e9600000000bf2cc06e00000000be874033
00000000bd08be4b00000000bdb63ecb000000003e8cbf4a00000000bf2bbe42
000000003f063f6b000000003f243ff2000000003e8ebf4700000000bd86be55
000000003dc63e9000000000bf7d3e9200000000bf623f8f000000003e02bed3
00000000be033e88000000003ea5bfcb000000003e8d3f96000000003f19c010
000000003d91bb8f000000003d893ea1000000003ebd400200000000be0a3ed1
00000000bfcf3b4f000000003dc43e74000000003fa2be18000000003e3dbebb
000000003d50bc20000000003a373d9b00000000bc8b3dce0000000040253f13
00000000bfbfbfb700000000bf13bef400000000be70bf8d000000003f4b3fed
000000003fb43db200000000bdbb3ea900000000bd39bf31000000003fc5bd4a
00000000bf48bf2a000000003f474013000000003ed53fce000000004001bc21
000000004084bfb5000000003fb4bf3f000000003e9ebfbc000000003f4dbea3
00000000bec9c0020000000040943e9900000000bf833ee100000000bf3bc067
00000000bb143c8f00000000bee6bed200000000bf84bef3000000003ef23d92
00000000bcbebd4400000000bbfd3e4300000000bac23d58000000003ee73ecb
00000000bcb63dc600000000be6fc02700000000bf58bd9b00000000be1cbd96
000000003eb23d1d00000000bdf5be6a00000000bde63e3f00000000be983d13
000000003e343e95000000003b0bbcc000000000bdddbf8300000000bb943f6e
00000000bb77c0d100000000bd66bf61000000004004bed400000000be89bf03
000000003d723d9a000000003ebcc0a6000000003ed5bf9200000000bd853f25
00000000bf48bf1d00000000bfb33ec100000000bd4dbfe400000000bf843f00
000000003e4cbea400000000bd783dc4000000003e15bf0100000000bf583e9e
00000000bf08bfd100000000bfb0bfd900000000bd6bbf9300000000bd0a3eb9
000000003e2cbeb500000000be8d3f0200000000bf433a6a00000000be393ee2
00000000bf07bd54000000003ff7403c00000000be92bf90000000003e0c3cb0
000000003f093f60000000003f1d3dfc000000003c993f2f00000000be8dbfd3
00000000bd1bbf9a000000003cebbfc4000000003f933ded00000000bf123c0a
00000000c01dbdad00000000bf17bc0900000000bf97bf9600000000be793c94
000000003f8fbe92000000003f38bf96000000003eecbbcf000000003e3cbd86
000000003f20c02900000000bf42be1400000000be80bc8300000000bb433e7c
00000000bf913fb2000000003c1e3f2b000000003e9b3ee900000000bfc03f78
000000003ea7b80d000000003e1ebaf7000000003f0d3d6b00000000bf503e45
00000000bf87401800000000c011bbe200000000bed7bdc7000000003e42bf3c
000000003e66c00b00000000bedbbe1800000000bf583fe600000000be1e3fc5
000000003efd3e89000000003f82be5300000000bfb53ea4000000003ee6bfc6
000000003e393eb6000000003f763e7d000000003e25bd9c00000000bd8e3e2b
000000003cdb3ebb000000003f6fbdd000000000bf0bbed800000000bc093f35
00000000bc7a3f0400000000c083c05100000000bf483e07000000003db93c09
000000003ffcbe1b000000003b303f0f00000000be033eae000000003fd4be5a
000000003f85bf20000000003bc6be8300000000be123ef3000000003d5d3f80
00000000bfb93e9d000000003e62be2900000000bd2abef600000000bd22bfa8
000000003f873ee6000000003d0e3dda00000000bd95bc8c00000000b98e3f37
00000000c0033eaf000000003d16be9300000000bee93c8f00000000bfcd3e3e
0000000040013ffb000000003ceebf1c00000000bf22be07000000003f2b3f08
00000000bf5bbf1f00000000bea43d3a000000003de0bccd000000003f273c40
00000000bf48bdfa00000000bfc13f6300000000be8b3dc800000000bf673f1b
000000003ddebee700000000bf073e2100000000bc97bfbf00000000bebd3e1f
00000000400f3f36000000003d39c050000000003fe23f4a000000003d67bd78
000000003e5dbfe1000000003f35bf46000000003f20bf6b00000000bee9bedd
00000000bf133ed500000000bd2e3f9d00000000bf74be7700000000bf473cf8
000000003b253f5100000000bf39bf07000000003f0fbf6d00000000bd0cbfa0
000000003d72bf9600000000be1bbf7d000000003e11bd2c00000000bf0abeee
000000003da6bdf0000000003ec33f7f00000000bf07bf09000000003e9fbddc
00000000bd1cbbfb000000003faf3d94000000003e1dbf4f00000000bd88bc6d
000000003e493fe400000000bfc73d2b000000003d57bdc200000000c038be1d
00000000bf20be8800000000bf84bf4a000000004021bfa4000000003ed53ee2
00000000c0383e9b000000003f02bf75000000003d0f3fbf00000000be603db6
00000000bd353e2800000000bcbcbe9400000000404cbeb7000000003ec7bfcd
000000003da6bbd1000000003f3f3fd700000000bf07bdfe000000003ecfbe69
000000003d05bed200000000bc703d3f00000000bd9bbec400000000bcbfbe37
000000003e1b3e9d000000003ed8bdca00000000bd37404a00000000becdbc24
00000000bdb6c0130000000039b7bf1900000000be59bb53000000003def3fab
000000003dd6bf52000000003fd4be9c00000000befc3fa5000000003ee73bcd
000000003fda3f060000000040073fb7000000003e49befe000000003edfbedc
000000003f073f9d00000000bf1ec06900000000bccdbec8000000003e503e34
00000000bd443e7c00000000bedcbe86000000003f3cbdf400000000bef63f7a
000000003e17bf0100000000beae3e0800000000bf45c01d00000000bfcabea3
00000000bf1bbf0c00000000bf173ee200000000bed4bf03000000003d833df6
000000003d6d3e0e00000000bf8b3edc000000003d8a3dec00000000be33bf0c
00000000befe3f7700000000c01d3e83000000003e45be6000000000be154030
00000000bd6dc00700000000bdb73f90000000003e9e3c4c00000000be9b4000
00000000be1fbda80000000040913f7b000000003db1bf1f000000003e1f405e
00000000bfac3fe000000000bd57be8800000000bf693fe3000000003ec6be6f
000000004017bc7c000000003f193d7b000000003de6be1d000000003f033e4c
000000003e753d5e00000000bfe33f95000000003f1abf6b000000003e793b93
000000003e973edf000000003e09be0d000000003e0c400100000000c03cbe2f
00000000bfa3bf7500000000be3ebf6100000000be253f0800000000bfdbbece
00000000bdbe3f95000000003d95bf0100000000bf5ebe0400000000406f3c70
000000003f2abee500000000be5c3e8d000000003fa2bcaa000000003e9b3c89
00000000402b3e8d00000000be5cbeb200000000bfd0beb1000000003b943e18
000000003f043f45000000003f883e6300000000bed5404c000000003ed23edf
00000000be14c01f00000000bdf73f2a000000003f66bf7c00000000be1a400a
00000000bbd7c255000000003df13fd9000000003dc6bd0e00000000c003bfd1
00000000be55bd4200000000be423dbd00000000bdcbbebb00000000bed73bb7
000000003e243e4000000000be3fc00800000000be0fbdb7000000003da4bf19
00000000bed13f8e00000000408bbe22000000003f2c3f85000000003b883f72
00000000beea3add000000003c03beed00000000bd64bd6b000000003e873e1d
00000000bf9e3f9e00000000be12bf04000000003e0f3f03000000003f8ebf5e
00000000bf523eb900000000bdd23c52000000003ef73ee600000000bf5fc02d
00000000c030be3600000000be4cbfcb000000003d8fbf0700000000bfb5bf91
000000003dbb3c1600000000c0c3c01900000000bf0d3df700000000bddfbcf4
00000000be5f3ea8000000003f30bddc000000003cb33e01000000003f2abf80
000000003e4ebebe00000000bcbc3f390000000040383e0d000000003dd9bf13
00000000bd053f9200000000c04a3f6b000000003c92c04c000000003feebe11
00000000bf6bbf4b000000003f593f4b000000003ef73eb8000000003cedbdb7
00000000bebcbe18000000003fe9bd4400000000bd59bd4700000000bf223d5f
00000000bedebdf0000000003b98c00f00000000bf10bf1100000000bf13bf36
000000003ee33edb00000000bea9bfc400000000c027befe000000003eca3cc5
00000000be91bc5f000000003ed4be5e00000000bf20bf5e000000003fb2bd37
000000004024bddd000000003f473f85000000003dcb3f2c00000000be4abe9a
000000003e893ecd000000003f6fc026000000003d57be2200000000bf04bffc
000000003f4a3e2f000000003fd03f94000000003f893ed9000000003de33f42
00000000c022c0f200000000bebc3f860000000040063cff00000000bf5b3e8f
000000003d56406900000000bf593e6c0000000040573c3300000000bf50c010
00000000bd7e3f0a00000000be4d3e8800000000c017c01300000000bda5bd14
00000000beb03ff200000000bfe4be0b000000003e42be5300000000bf74bffe
00000000bf33bd4c00000000ba0bbf8500000000bfa0bce000000000bd8cbc79
00000000bd033e62000000003f50c02900000000be033fb7000000003cabbf95
00000000bce0bd8200000000bf4d3fe0000000003ebc3d63000000003ea03ecc
00000000bd0d3fb000000000bfdf3fd4000000003f8cbfdf00000000bde8bf45
000000003fcdbfc6000000003fadbdac000000003e943e54000000003b283f14
000000003eb33d5a00000000bdbfbe88000000003f283fbc000000003e8d3e7a
000000004075c00b000000004001b7f3000000003da9bcc8000000004015bf60
000000003e9bc013000000003d85bdfd000000003f123cdb00000000c05ebe70
00000000bd353cd9000000003fe13fb7000000003e3bbe8b00000000bf51be0f
000000003b79403400000000be993ea8000000003d1ebee600000000bf87bee7
000000003ea2bd8900000000be443eef00000000bc3abf7c000000003eaebde0
00000000bf73bc65000000003e933fba00000000bd373f07000000003d933fa1
000000003f113efa000000003e223f37000000003fa8bf0d00000000bf0abfde
00000000bf1bbd2b00000000bcba3fc500000000be763f2c000000003d763d23
000000003fd53ecf000000003ee7bf2600000000bf793ef5000000003e74bfea
00000000bf99bdb8000000003f783fca00000000bfecbe9f00000000bd8c3efb
000000003e6cc01e000000003ed4bfb5000000003e5d3c5e00000000bf91bdb3
00000000bc5a3afe000000003f35be81000000003f9c3e1f000000003f0bbd8f
000000003f563e82000000003d22bf10000000003ec5bef5000000003ec4bd75
00000000bfe6bf47000000003e013f16000000003e4abf2b000000003df8bf2f
00000000bcbd3ff700000000be08bd4f000000003cb6bf4b000000003f87bf80
000000003d37bf0600000000bde63fe2000000003ca9bebe00000000c01bbe61
00000000bda23e2800000000bdce3cc700000000be9cbe8800000000bcaebf41
000000003ef63e7b00000000be41bf8600000000be18be4200000000bedebf1b
000000003f65be45000000003d53c01600000000be2a3e4800000000beeabdf8
000000003ebcbe7400000000be233f3c000000003e0e3d5500000000be4cbeb3
00000000bf443f2600000000be7e3f8b000000003d95be9e000000003fa6bef1
000000003d163f4c00000000bfbbbdef000000003e553a58000000003f60baf7
00000000bd123f7100000000be1c3f5400000000bea93cb400000000bd9fbe19
000000003fa9babc00000000402cbedc00000000bf443df2000000003f09be9d
000000003dc9bf54000000003f2a3de5000000003f38bd1900000000bf6abd3a
00000000bf06bf17000000003e993f23000000003f9bbd8c000000003ff53e06
000000003f20bf9600000000be813f1400000000bf2bc012000000003f9b3e6e
000000003e22bed100000000bda5beeb000000003df0bf1500000000b8a7bd8f
000000003dd3bbd900000000bff23f5b00000000bdaebe3400000000bf183ccd
00000000401c3f0700000000be313ecf00000000bef4bf2b000000003eeabf67
000000004015be1100000000be333d7300000000bfadbe9f000000003e613f33
000000004035bf1a000000003e06be7b00000000bee53fc500000000bf39bee7
00000000bda9bf9a000000003eac3e90000000003e783eaa000000003d81bf75
000000003e803e45000000003f38bf5600000000bf7f404a00000000bcb23f5f
000000003fcfc34a000000003f0a3e7a000000003d9bbffd000000003d0b3e0e
000000003c9d3f64000000003ee7bc3f00000000be74bd3a000000003f1a3e4e
00000000bf8b3e2200000000bf94bd9500000000be1cbebd000000003edebf98
000000003d4a3dca00000000bf65bf7d000000003e5dbee300000000bf383e61
000000003d21bf9700000000bee6bf33000000003de3bfcb00000000bd033d7c
000000003fb6bd96000000003dc2bfa700000000bce93c8200000000befc4037
00000000be40bd39000000003f253e1300000000be92beaa000000003f2b3f17
00000000bd733f6200000000be5e3e89000000003e733f5d000000003f36be69
00000000bf9b3fd6000000003f5b400c000000003ecd3ef100000000bfe73e81
00000000bec0bdc400000000bd4e3e4c000000003f77bf37000000003d9a3f8a
000000003ec13e21000000003ebebed2000000003cd13ef200000000bf83bc79
00000000bec23e7a000000003f5c3f33000000003fa43e8a000000003f70be0f
000000003e8bbdce00000000be103e6200000000c058407f000000003ea33f14
00000000bdb93f11000000003fbfc005000000003f19be3e000000003d13beb1
00000000beb93f5900000000be973fc3000000003eb0bdbc000000003e463d8f
00000000c0ad3ef5000000003f673d06000000003f76bd16000000003fcebe11
00000000be9cbe0f00000000401e3e42000000003ce5bd8600000000bcde3ed1
00000000bed6bce200000000bee03dcf00000000bf523df9000000003f163fdc
00000000bf353ed3000000003e823e08000000003f42bfd100000000bedabebe
000000003da5bd2f000000003f283eb8000000003fd43f77000000003fe0bf5c
000000003f343f0b000000003fbf3ef300000000bbbd3f52000000003f3abe70
000000003e933d1c00000000bff63f3900000000becb3f2e000000003f693f88
00000000befb3f0500000000bc593f0b000000003f97bf8000000000beb83eb1
00000000bf44bfd6000000003eabbf0200000000bf75be3d00000000beafbcef
000000003de4bd2e00000000bfc23f1b000000003d9e3c8f000000003eb03de1
000000003f523da8000000003f8e3ee000000000be03bfc0000000003f5fbfac
000000003f5abecb00000000be843da200000000be15bde5000000003ffbbc9b
000000003c72bf0f000000003e5f3e4b00000000beb23e47000000003efb3f33
000000003e073f85000000003df4bd7600000000be8b3cb400000000ba01bfc1
00000000bd86bd9100000000bf1fbf4d00000000beff3d0d00000000bf0d3f2a
000000003b523eee00000000c0203d13000000003f073d02000000003d83bedf
00000000401ebfa5000000003eeabf01000000003edd402b000000003b80bf44
00000000bf3abfc400000000beed3ed5000000003ec2bf1e00000000beb6bf01
00000000bf35bea900000000bd4d3f2000000000bf82bfaa000000003f6dbff8
00000000c00e3e8800000000bfa4be8500000000bec23ef5000000003d00bf3a
000000003adcbe1800000000beee3e8f000000003dcbbedc000000003f4c3d51
000000003e91bf22000000003eeb3f3f000000003cc8bf1c000000003da3beae
00000000bf413f7a00000000bfb1bf6e000000003f6b3ebb00000000bfbabdf5
00000000be07400e00000000bd943dcf000000003eb7bfe800000000bfe4bd3b
00000000bf1f3db500000000be0abdb4000000003d163f8d00000000bee7bf85
000000003f01bf4000000000be88bf3500000000bfa2bfca00000000bf9c3f02
000000003f863d3e000000003f45be2b00000000bf7abbab000000003dedbd5a
000000003dd3bc91000000003e08bfda00000000be98be9000000000be113f17
00000000bd9abe7100000000c08fbfc700000000bf713efb000000003e84bcb4
00000000be9d3e88000000003cf2be0300000000be0fbdda00000000be33bb07
000000003d913d0a000000003e533c8d00000000bf0ebe7b000000003c053d87
00000000bc053f06000000003f54be5800000000bfa03fb900000000bf643fed
000000003d9ebf03000000003e07be11000000003f55bbba000000003d05bd25
000000003e02be58000000003f293f4200000000be6b3e39000000003f2ec060
000000003eb7bd6800000000beedbf28000000003ebbbf12000000003e343def
000000003eaf3f9a000000003ec03f51000000003e0cbe8100000000bfd7bf16
000000003cbf3fdc00000000bf32bd5000000000bf2bbe58000000003e393eb5
00000000bfa93ee6000000003ed63d48000000003f92ba7e000000003f313f89
00000000bd3b3ddb000000003f1abf94000000003e1bbd9b000000003ed33b10
000000003eabbb1e000000003dd8bf11000000003ee6bf17000000003e23bee0
00000000bf8c3f09000000003f76bf6b000000003b123f8400000000bfc64084
000000003ef13c2c00000000be2d3d1e000000003f013dce000000004071bfa4
00000000bede3dc7000000003bcd3d0e00000000bed73ffb00000000bf46be23
000000003e8abce500000000bf893e42000000003d863f6c000000003f85be1b
000000003e8c3e8200000000be3abe87000000003dd03f61000000004030c009
00000000bea23f8b00000000be51bda8000000003da93fda00000000be6cbf59
00000000bfac3db0000000003b893eb900000000bf8a3eee000000003ebd3c81
000000003de73e0900000000be9dbf8900000000bdee3e8b000000003f533dee
000000003d8b3f62000000004038c023000000003f453cc400000000bf9abe49
00000000bd36bc3f00000000bed83f6600000000c001bec800000000bfd43d2d
00000000bdf03d78000000003e253e6a00000000bf8bbfc100000000bdab3ab8
00000000beb2bff600000000be93bf4f000000003e2d3e2f00000000404b3e04
00000000bf653e2f000000003e85bf3700000000bf113e07000000003e8e3eb5
00000000be853f3900000000bf4d3e68000000003ec13ef800000000be8e3ee0
00000000be06bedb000000003debbf5500000000bf003bc0000000003e0f3eef
000000003ed23f69000000003eda3ee8000000003dc53fa200000000be13bf30
0000000040483fd4000000003f5e3cc0000000003f1b4050000000003b22bc1f
000000003e443f2e000000003f7d3e2a000000003fe8bea600000000bf0c403c
00000000beb83eaa00000000bec23d7d000000003eedbf6b00000000bea4bd8a
00000000be55402b000000003e3ebe9c00000000bf603e2700000000bee33c75
00000000bdbf3dca000000003fe03d4e000000003eb9bf390000000040183fd9
000000003babbef400000000bfddbe49000000003f83bf2d00000000bea43e3b
000000004088bd3700000000bef2bfad00000000be583ba600000000befebec5
0000000040393fd200000000bf44bbca00000000bd14be4c00000000402fbe26
000000003eb33e7700000000be0d3f50000000003f5b3ef4000000003c4bbd5b
00000000bdb9400a000000003ed3bdda00000000be503c00000000003deebde6
00000000bd7bbf54000000003fa13f7a00000000bf20bf26000000003fda3ea2
000000003e913f2f000000003f01bf2800000000bff83dc500000000bebb3d25
00000000bbd0beae000000003e883c88000000003dd83ef500000000bf1fbeb3
000000003e4b3e5c000000003c37bf4200000000bf71bec4000000003e133fc0
000000003fc73acd00000000beab3f9b00000000bf443eae000000003d6fbb7d
000000003f7fbf3c000000003f50bdb7000000003e7ebfb6000000003e8d3eb1
00000000bfef3f6000000000bf893e9f00000000bfa83e7b00000000be98bc29
000000003f704007000000003eb83e90000000003f8cbf6200000000bfa0beda
00000000be383f2b00000000bf07407d00000000bfacbebd000000003dbc3f38
00000000bef6bd8d00000000bcd63fd200000000bcf2401800000000be58be42
000000003efd3cd900000000be15bc6500000000bfa9bba200000000c013bd0d
00000000404dbe0c000000003dafbd4400000000bdf3bf6b000000003ec43e08
000000003d8bbf3400000000bd363ec700000000be15400000000000bc29bd7f
00000000bb0dbfd4000000003f883bc1000000003c8ebd81000000003e593bf8
00000000bbe7bea5000000003ed43e87000000003fadbc8000000000bed13d1a
000000003e88bf32000000003fc0bdaa00000000bf783f0d00000000bda7bee0
000000003cebbef4000000003f09bfae00000000be2c3f1c000000003d7ac04c
00000000be8bbd66000000003f693f3c0000000040123fcc00000000bbdebb6f
000000003bc4bf37000000003e073eac000000003d544004000000003fb9bf83
00000000bc1cbe91000000003e0c3eac00000000be813e04000000003fb43dda
00000000bd12bfdf000000003f8b3be0000000003f5a3eb600000000bf88bd1c
00000000be34bd3000000000bf9fbe2e00000000bd963fd400000000be0abf67
00000000bf753ed200000000bde33cb6000000003f943e8800000000be59bdcf
00000000bf363e2200000000be1c3e9f000000003f5d3f8a00000000bd573fe2
00000000bef8bf1a000000003a02be98000000003fc3bbbb00000000c015bf69
00000000bf87bfb200000000bedc3f30000000003f42bf1800000000c0163f7c
000000003c7bbfd6000000003ddd3e5500000000bf133e6300000000bf97bf13
000000003ea43dfb00000000bf733e5d000000003fdebdd700000000bd263d04
00000000bee63ea000000000be683f0600000000bf603b9600000000bf39bd58
000000003e953ea500000000bb4c3fd800000000bc53bc8f000000003e863e63
000000003dcc3f0f000000003f983ebd0000000039ea3e8400000000bcbf3ce5
000000003e7cbc4400000000bd303f6600000000be223f2400000000bf0abe68
00000000bf2fbf35000000003c423dbf000000003f33bda500000000c0e43cbd
00000000bdb73f3200000000be3b3dd1000000003e973dec000000003f50be3e
00000000bebb3ef400000000ba043fa300000000bf163e3f000000003f2f3f1d
000000003f863d6900000000bf5d3ffc000000003e5a3e70000000003ebebc9e
00000000bee13e4a000000003e58be4100000000bf313f35000000003f8d3f03
00000000bfacbd4900000000bee03b7700000000402abfb3000000003f99be1f
000000003e82bcd200000000c008bf92000000003e233eb200000000be883f41
000000003fb13f8a00000000bf3f3ed8000000003f133c0e00000000bfbebed9
00000000bccb3ff90000000040083e6600000000bebabdcd00000000bf31be30
00000000bd82bfc600000000bf1f3f8d000000003f64bfff000000003f153ed9
000000003efbbd98000000003e783f30000000003fc93f3b00000000bd753e28
000000003f2d3fcb00000000be8bbf11000000004040bddb00000000bfe03e85
00000000c02f3d9d000000003d50bf9400000000bc3f3c66000000003f293d0e
00000000bf6b3ecc000000003d41bdbe000000003eb63e8300000000bf8cbe32
000000003e9f3dfc000000003f66bde6000000003ecd3c9600000000be883c96
00000000bf61c23300000000beaabe4700000000be76bcc1000000003ea93e86
00000000be4dc00b00000000bf403eec00000000bf1fbf28000000003fa83ec3
000000003f173f1600000000bf0e3e85000000003f273e8e00000000bf6c404f
00000000bef33e2c00000000bf74bf0600000000c01abf9400000000be4a3dc0
00000000bd54beab00000000bf773d79000000003f8f3de800000000c01a3c1d
00000000bff0bfc800000000bf4fbf6c00000000bffebd5700000000bf49bf90
00000000be0ebf2200000000bed0bb6800000000bf533c8f00000000bf4d3f7b
00000000be93bf2000000000beb94011000000003fc1bf23000000003fa73da6
00000000402d3e5c00000000bf0bbf3a00000000be3dbfb300000000bde3bf72
000000003f86be3900000000c0253de9000000003f92bfe6000000003cd7c00b
000000003ed9bb74000000003edcbfa900000000be44bc1b000000003dfd3ede
000000003ee43e6b000000003e48bf2b00000000bf523e0200000000be3c3f47
000000003f9abf2500000000bd993c82000000003ee03f4a00000000bf67bcc4
00000000bd843f0400000000be47be44000000003e953f0b000000003f4ebe8f
000000003ce1be5a00000000bf47bf1d000000003f1e3f5500000000be25bee2
00000000401e3f0000000000be8d3dee000000003ba0bf0b00000000be6d3f52
000000003d88bcf30000000039e83d2a000000003f4ebe1500000000bf9cbee0
00000000bd883f1100000000becfbf06000000003e61bfb700000000bd5ebdaf
00000000bf25bf6b000000003da2bbb0000000003e51bf16000000003f643f45
00000000be233fa7000000003e2c3d1600000000bc03bf1800000000bce43d3a
000000003e103e12000000003ead3b9b000000003f1c3ebb000000003ec43fc6
00000000beaabfae000000003eb8bd3e000000003e923ca1000000003dfc3f42
00000000bf02bf1c00000000bc523db000000000be8c3cee000000003dad3e50
000000004056bcb200000000c007bff200000000bf13bcfb000000003ee93f7f
00000000bf32bf9800000000be39be7f000000003e363f16000000003e8c3d9e
000000003f1e3f4800000000bf69bf1900000000be8f3faf00000000bdb8be18
00000000bf03bf4d000000003edf3c63000000003fd83f3100000000bdb1bf96
00000000bf06bc5900000000bcf73e34000000003e353d3400000000be3abf85
00000000bd41be3500000000beb23fde00000000be04bde3000000003d18bee5
000000003904be8800000000bf983c8c00000000bd503cd600000000bf8d3ca7
000000003d1c3dca00000000be683f8400000000bdb33ea800000000be3ebe44
00000000bd9abfa3000000003c30bcb900000000400c3f8000000000be804045
00000000bf15bf9a00000000bdea404800000000be99be9500000000be383e22
00000000bd4cbdf6000000003e2d3e2a000000003eef3d1c00000000bf8dbdb7
00000000bf233f30000000003ff43e0200000000c020bdda00000000bcbabf01
000000003f433e8100000000c07fbe8700000000bf20bed1000000003e7ebfcc
00000000be2b3f2000000000bf2e3d4400000000c0273e64000000003f593f57
00000000bf35bf05000000003ea23d9200000000bc1b3f64000000003daebea4
00000000bfb8bcdc000000003f45be81000000003e4abf8900000000bed23e8c
000000003fd33eaa000000003f073e6800000000be873e7a00000000bf603d55
000000003e77bea200000000ba743fb4000000003e95bf9900000000bd0c3f19
00000000bf4b3dd0000000003ef53f2f00000000bfcc3e3f000000003d1fbf46
000000003dcf3ecc00000000befebebd00000000bf23bc3900000000bc98bfe3
00000000be24bef400000000beac3cfa00000000be3abceb000000003e05bd51
00000000bff8bf0a000000003dd9bd38000000003d9b3dfd00000000bd943f29
000000003c544007000000003f0f3ef000000000bd39be2e000000003e913e18
000000003f0bbed600000000bf9abede000000003f17bf9f000000003f85bdf8
000000003fbb3f63000000003fcf3cf0000000003ed5be950000000040123e27
00000000bfac3dc700000000bebc3a3700000000be243ed5000000003dadbf23
00000000bdb9bc10000000003eb63f06000000003d5cbf2300000000bee7bf9d
000000003eebbdd7000000003f8fbefa00000000bc7fbea9000000003eff3c5b
000000003f1ebf34000000003ac0bfa0000000003ee9bf0f000000003f3abeff
00000000beb9c05000000000b8febe6800000000bf203dad00000000bc463f63
000000003e07403300000000bf03bf3300000000be213df7000000003fd93f66
000000003dedc03400000000bf1dbe91000000003eaa3f2000000000bdde402d
000000003e4e3f50000000003db5bd0a00000000be643d1400000000beddbec3
000000003f2f3d36000000003e68bf65000000003ce0bd2500000000389e401a
00000000bda6befa000000003d153d87000000003df2bf37000000003bf93fd1
000000003ecdbf0e00000000bea43c55000000003fd63f0d000000003c183f52
00000000bcef3edd00000000bfa6c018000000003f523edf00000000beafbf44
000000003dbd3cff00000000bf52401800000000bccf3c99000000003f2fbef8
000000003f083eda000000003f993dd2000000003eaabe5f000000003f6ec009
000000003d79beec000000003eb7bde6000000003e123f0f000000003dafbf21
00000000beaabe04000000004019bf69000000003f40be49000000003d6cbe2e
00000000be07427900000000bf1ebf7200000000be29bfe6000000003dbdbe75
00000000be49be47000000003ee43fec000000003f083e6e00000000becebd06
00000000bdd63e15000000003f673e4e00000000bf41bd6a000000003d52bc98
00000000bef2c07900000000be1f3db6000000003edfbde400000000bd9a3db7
000000003e7e3cc0000000003e61be5800000000be83bd8d000000003e2a3eb7
000000003f55bbec00000000be9b3f8200000000bd4c3fcd00000000bd0dbfb6
000000003f853e6e000000003f06be3f000000003f913d7000000000c0003e94
00000000bd81be8400000000be6f3dbd000000003f853fad00000000bd10bf79
00000000bca03f61000000004034bdda000000003e8cbce2000000003f5dbaa3
00000000c04e3dc9000000004052c00600000000bd97bedb000000003fcc3cb8
000000003ef039d200000000bf05bf32000000003df4bf0900000000bf52be83
00000000bdd5bdf3000000003e303e9200000000bf503fdf00000000bec7bdef
00000000401dbe5900000000be48bf7e00000000baf63d0f00000000bdd93eb1
00000000bf53bf02000000003e4fbdb3000000003fb4c07f000000003e693ece
000000003f4a3f4c000000003f013db900000000403d3c1e00000000bef8be56
00000000bfcb3d45000000003ec7beea000000003e9c3ffd000000003f1d3dda
00000000bf16bbb3000000003f95bf21000000003d2bc017000000003c88bf3a
000000003e92beba000000003c7d3f2e000000003f653e4900000000be973f5b
00000000bf77bf88000000003f86bf12000000003d433f80000000003db9be99
000000003e813d99000000003ebfc024000000003b873f3100000000bf573ea0
00000000bde5bf09000000003fab3e38000000003d26beaa00000000be94bea6
000000003e37bf3700000000bfc43f9c00000000bf1c3ecf000000003c67be9c
00000000be933e6e00000000bf87be1600000000be92be9100000000beb4ba42
00000000bf4a3cfa00000000be93bf59000000003f0ac040000000003d26bf2d
000000003e50bf4500000000bf58be2600000000bf673f4b00000000c03b3e44
00000000be93bf1f000000003f9a402a000000003b39bf1e000000003f4f3dba
000000003e09c00200000000bcb3be97000000003eff3db7000000003d8fbf9f
000000003f16bf58000000003e2ebf37000000003ebebf4200000000be8fbd6e
00000000bebcbdf900000000bed34024000000003f92bdf700000000bed54007
00000000be983d87000000004025bf2800000000bfaa3df4000000003ecfbe61
000000003dd73dc4000000003efe3d4e000000003f313d9200000000be94bea3
000000003ebcbf26000000003fc1bf17000000003fa4c001000000003ce3bdce
000000003d96bd5e000000003f293f3400000000bebabff200000000bf64bf58
000000003fcd3b8f000000003e6cbeec00000000bd523cdf00000000bd80bf24
000000003d403d6600000000be3fbc2b000000003e463f9f000000003eee3d06
00000000be843f1000000000be403f4400000000bb643f1500000000beb7be1c
00000000bd1bbfe0000000003f19bf14000000003c0fbf0b00000000bd52beab
00000000be893f0b00000000be683e2e000000003f0e3ba500000000bebc3e3b
000000003fa63e2a000000003ef4bf0d00000000be743ec9000000003f9cbe40
00000000bee23f20000000003bc03f5500000000bf783fc4000000003fab3f08
00000000bdfd3bb6000000003ea8bd6000000000bf51be6600000000be8a3e14
000000003ec1be9f00000000bffabd14000000003f1dbeae00000000bf40be43
00000000be3e3ce700000000be17be4b00000000bf96bfe2000000003e183d57
00000000bf153f2a00000000c02b3ece000000003cedbfd2000000003e39bfa0
00000000bdc33dfe000000003d8ebf0c000000003eb2be8000000000bf113c9d
00000000bf313f4f00000000bf1c3e3500000000be52bdda00000000bf8e3bfd
00000000bd9fc018000000003e22bf9200000000bec7bf8200000000bd8ebfcc
00000000bd2dbc2f00000000401d3c5700000000401abf5100000000bf693d1e
00000000be3e3e3e00000000bcc8bf4e000000003ca83c0b000000003ba43d24
00000000403c3e34000000003f793f8d000000003e843f7800000000bc423dbd
000000003e0cbef300000000bcd73f2000000000bdb1bf0f00000000bd033e3d
00000000bf4fbfaf00000000beca401000000000bd753d9100000000be163f3b
00000000bf303e92000000003e5e3ca600000000bf4c3e5e00000000be15bf81
000000003f333ea300000000bd7bbeeb000000003feebf5500000000be39be97
000000003def3db4000000003ef0bf8f000000003e11bfca00000000bf073ee1
000000003fb8bf01000000003edebf5f00000000be34bfbb000000003eb63cb8
000000003b054025000000003c073d4f00000000bf0bbecc00000000bf7ebe80
00000000bc67bf7e000000003eefbf4300000000bdf43f9900000000bfa73f0a
000000003db6be91000000004015be9600000000bd83bea500000000c0393c16
000000003f08be8b00000000be32bcf700000000beab3fac000000003f29be18
000000003e41bef1000000003dfcbef3000000003f10be3e00000000bffe3f80
00000000c0183e39000000003ec5be68000000003f9cbfae00000000bdd03e8f
000000003ed8bb87000000003ed2bd34000000003fb1bf1a00000000bdaa3ed0
00000000beb63e7a000000003efc3f1b00000000be17404400000000be3fc03e
00000000bf804212000000003df73ea3000000003ddcbd07000000003dafbd6c
000000004000402b000000003e9b3e8300000000bc8b3f4500000000be0c3f11
000000003e42be8500000000be3dbc58000000003eac3f78000000003e81c005
00000000bee3be48000000003fe33e9c000000003fc0baec00000000bdfd3c61
00000000bf81befe00000000bf503f13000000003f7a3dc3000000003eefbe6f
000000003e03bdb1000000003e0ebced00000000bf99bfe5000000003f0c4048
000000003dffbeec000000003f14bd8900000000bf013fd2000000003d153f3b
00000000beea3ea800000000bd773d96000000003fa4be7d00000000be533ef2
00000000bc713fcf000000003cf1bf1200000000bde83e4d000000003ef03f9f
000000003c8cbd49000000003ffe3e9000000000bf2d3ef100000000bdcd3f87
00000000bf973d16000000003d8fbe2a00000000be313ed1000000003e9b3f26
00000000be65bdad00000000be133f3e00000000bb74bfb200000000bf0cbf16
00000000bd67bf47000000003eb7bff700000000bdf5becf00000000bfbf3f60
00000000be493eaf000000003d033e480000000040533dad00000000beb3bf0d
00000000bf22400c00000000bf1a3fb000000000bc66bf7f000000003f86bdda
00000000bfd7bea3000000003e81bf5400000000bef9bc7e000000003e70bf07
000000003eb9be95000000003f483f8d000000003ed13f1a00000000c01d3fec
00000000bed8be79000000003e61bef2000000003d43be5100000000bd3abd04
000000003e5bbea4000000003f103d36000000003b04be17000000003e55be8e
00000000bdbc3e61000000003f9d3f98000000003f153e9900000000bf74bc0b
000000003d2cbe96000000003cd23f8700000000bde7bd46000000003f383e63
00000000bf933ee0000000004016be9100000000bd6b3dd1000000003d4a3e03
00000000bf0dbe0e000000003f583de3000000003ee23f6f00000000bfbe3f1f
000000003e89bfb800000000bf713ffb00000000bf093f6a000000003fafbbad
000000003fdcbfb2000000003fd33baf000000004011bf0d00000000bdfbbf7f
000000003eb03f24000000003eafbeab000000003d4a3fa200000000be59bd97
00000000c0913fb900000000bdacbf9600000000c00ebdb5000000003ec53fcb
00000000bda8c02200000000bf1f3ecd000000003e2b3de7000000003f87bfe8
000000003f7d3e86000000003d9ebfd4000000003ecc400b000000003e8abee9
000000003bc5ba85000000003fb0beda00000000bf2bbf5400000000bf043ec4
000000003fa53e8800000000bf52bec3000000003f53bece00000000c009bdea
00000000be79beec000000003f56bf92000000003d81402e00000000bdcc3fe7
000000003f91bffe00000000becac006000000003e9e3e08000000003d1dbd20
000000003c384007000000003e19bf7100000000bdafbc71000000003d32bfb5
000000003f18bec700000000bb38be97000000003e16bf98000000003fc7be99
00000000beab3f01000000003edac01c000000003ec43eab000000004058bf07
00000000bcebbdfb000000003f093dc2000000004030bf0500000000bd603fb2
000000003ec3bf4a00000000be2fc07300000000bed0bf410000000040033f32
000000003e4abd1f000000003eb3bf99000000003cd43c40000000003ee53dbe
00000000beb6c00f00000000c0083e73000000003d363f2400000000bf863ec4
000000003e8e40a70000000040263f4d00000000bfa2be03000000003c00bf10
000000003df8bdb6000000003dbf3b15000000003f8d3eec00000000be223d5d
00000000c044bd5500000000bda63f63000000003f4d3d6b00000000bfe03d35
00000000bc843d2600000000c0343e9f000000003cd4be65000000003fce3f6e
00000000be5cbf9200000000be2b3e6b00000000be6ebe14000000004066bfdf
000000003d29bf54000000003f3cbf0a00000000bf2a3de8000000003f933c5c
0000000040193ec000000000be9f3ff0000000003f473e04000000003edabb80
00000000bf093eb4000000003f4dbff1000000003ecebe68000000003eedbf0d
000000003dd7bd9f00000000bee8be0200000000c047bd9600000000bd063ceb
00000000c01ebed000000000c01f3e8500000000bf8bbfa400000000bebabe99
000000003f0abe2600000000beacbda6000000003e7d3f1f000000003f2b3f20
00000000bf9dbf1800000000bff6be1200000000bbc9c039000000003c8bbf2b
000000003f43befa00000000bf103c1b00000000bee43df400000000bea8be9f
00000000bfd0bed600000000be6d3f7f000000003ec43e3d00000000bcd93f79
00000000bdc43ff400000000be3f3eb4000000003e923f9e00000000befcbf8e
000000003f783a3600000000bd1c401500000000bf70400c00000000be253f1d
00000000bbddbe6a00000000be7fbdf3000000003f43bd4800000000bdd8bedd
000000003f343dac00000000be393da300000000be414081000000003e46beb4
00000000bfc23ed600000000be5a3f09000000003f0f3d58000000003efa3c0d
00000000be4fc01000000000beb6bb1200000000bde53fa6000000003dcc3e86
000000004072be0c00000000bfc6bd8200000000bd3b3e9a00000000bf6ebfc9
00000000bdba3f19000000003f963f6c000000003cd23f3300000000bdff3f36
00000000be983dfe000000003d1f3d64000000003e4bbed400000000bd933c7c
00000000bff43da2000000003f61bf1200000000be5f3f1300000000bfa4c019
000000003e49416f000000003e24bf09000000003fa13eb7000000003b883fc9
00000000be59400f00000000be613df2000000003f7c3edf00000000be353f93
00000000be0bbe82000000003f0cbe9900000000bfcabecf000000003f4bc035
00000000bf22be9400000000bdaa3fab00000000bd463f1100000000bfc5bf7a
00000000bedebf1d00000000bea53ef800000000bea8be2b000000003e7ebf0c
00000000bfd5baa7000000003e40c00d00000000bf1f3e1100000000bd8b3b12
000000003ee6bfa100000000bfebbeb5000000003db93e6800000000401f3c20
00000000bf413f3d00000000bd96bc1d00000000bf1dbe6f00000000bcb13ea0
00000000be943dd6000000003d3a3d8f00000000bf5b3e43000000003fa73fc3
000000003f0b3f00000000003c33bd98000000003feebfde00000000bf98be85
00000000bfe6bf6800000000bf9e3ea400000000bba03c0600000000bf43be8e
00000000bea8be8a00000000be79bf44000000003f523e2b00000000bd913e2a
000000003e153cc10000000040333eb200000000be013f8100000000becc3fa9
0000000040023ef3000000003fdb3dfa000000003df3bf1400000000ba2b3fe1
000000003cf9bdad000000003e6d3ff2000000003f8dbf3100000000bd84bf17
000000003fa33bee000000003cb64070000000003dffbe01000000003f83be41
00000000400fbea800000000c0283f5e000000003ea0be6a00000000bf10beda
00000000bf953f9900000000bdf2bddc000000003f71bf94000000003f383eeb
00000000bf503f2900000000bf4a3e7000000000be303fa5000000003ed3bd0c
000000003ffe3fdd00000000be48c01100000000be163d7f00000000bea0bee4
000000003f18bc9a000000003dd8bbce000000003a033f0400000000bd6cbf2e
000000003dc0bf83000000003eaabdaf000000003f04bdc5000000004024bdc2
000000003fd9bedc00000000bbca3fef000000003e62bed200000000bb103e15
00000000c0073c780000000040463f9c00000000bf4bc01600000000be56bfd1
000000003e1cbf1900000000be78bf2d00000000bf0b3e6b00000000bdb33d72
00000000bf4cbf3600000000bf31bf3c00000000bd0d3d15000000003e363c24
00000000bf48bf0800000000408ebf1600000000bf68beb5000000003deb3d40
00000000bfb73f37000000003e913fb100000000beb1c02c00000000bf8d3d88
00000000bf39bdc400000000be063e2d000000003fafbd33000000003f0cbf27
00000000bf603ec500000000bf423cb7000000003e77bfa0000000003ee0beb2
00000000c08c3d9c00000000be8dbd4800000000bd50bea8000000003ee3bfc5
00000000bf14beee000000003dc4beaf000000003ef9bea600000000bff03e99
00000000be643f8000000000bf823ecb000000003d173e64000000004012be8f
000000003f2ebce500000000bf3f3e8c000000003e1b3e6b000000003ab8bf9e
000000003e91be8700000000beebbe24000000003c30bf3700000000bb65bf04
00000000bf5abfc900000000be40bdcc00000000be9d3da300000000bca63d7e
000000003e23be52000000003f65be18000000003fb0be1300000000be80bd07
00000000c027bf79000000003c3dbdb400000000beecbea3000000003ea1bf66
00000000be8fbf7e000000003f433b14000000003fddbed9000000003e49bfd4
00000000bf0abe8b000000003fcd3f3e000000003967bef6000000003e6ebc37
000000003daf402c000000003df6bf08000000003e59be6f00000000bd87bfaa
000000003f6e3daa000000003fe83dc2000000003f6abdf100000000bcb9bed3
000000003e92bf4b000000003f16bea0000000003d713ec8000000003ee2bd80
000000003f8cbd5a00000000403ebc9000000000bd91bc53000000003d61bdbe
00000000bfb4bfb8000000003fb03ee700000000bf0a3e3600000000bf41be0c
000000003e9b3fbe000000003e6b3f0000000000bd983d6a00000000bcd3bee6
000000003e3d3e5300000000c02d3eb400000000bf6e3ec7000000003f23bd84
000000003d8bbe46000000003c7ebf2500000000bc973f14000000003eec4030
00000000be613c2600000000bfcfbece000000003f15bcdd00000000be47bf18
000000003efe3d0700000000bfb83e68000000003fb4bd50000000003fa43f47
00000000be563cde000000003f5bbe6a000000003e63be2c00000000bf2ebfae
000000003eefbf97000000004012bd78000000003e42bdd3000000003f22be51
00000000becd3fa2000000003db5bcde00000000bf84bfe8000000003ff0bdc1
00000000bf45bed7000000003e94bd61000000003d8cbe7d000000003ec33f27
00000000be943f1a00000000bd68c081000000003f894033000000003f14406c
00000000be05bc3f000000003fa3be9c00000000c043bd2000000000be05bcb6
00000000be40bf05000000003e1e3d1c00000000bc723e64000000003e6bbf51
00000000bf1a3fcb000000003f6ebf2f000000003f893e38000000003d953dfb
000000003e0dbf1900000000bb643f5300000000bf6fbbd0000000003f98bec1
000000003ce8bf17000000003ca53ca3000000003f56c00700000000be893f31
000000003f95bed700000000be223d3900000000be8cbf2200000000bd653d45
00000000bee33f2a00000000bad43de2000000003e713f6a00000000bcc2bd79
00000000be2cbc8b000000003e98be3500000000bf7b3e4200000000bf89403f
00000000bea5bf33000000003ecfbe8200000000be04be3000000000bf4d3dac
00000000bfaf41f800000000bda5bfac000000003edabf9200000000bf683f6a
000000003eca3ef700000000bc823eb400000000bf8d3db100000000bf2f3f1d
000000003f2a3fae00000000bea33fa2000000003fa83e9f00000000bf504002
00000000beb1bf41000000003ee03e87000000004029402200000000bdcdbf15
000000003f68bc98000000003ce93f1f000000003ea0bd96000000003da0bfc4
000000003d31be3a00000000be1abe34000000003e55bf22000000003c23bc1a
000000003c3fbece000000003fe73e31000000003e333eae000000003d583f8b
000000003e9b3f6300000000bde43d82000000004008402300000000400b3ebe
00000000bec03ec0000000003bf73e2400000000bfcbbf4400000000be25bd8b
00000000be54bdbc00000000be67bfce00000000bfa9bd1200000000bcca3d65
000000003d183e1900000000bc003f7e00000000bf92bc210000000040403e3c
00000000bdb6bf02000000003f643d1f00000000bf31bf2100000000bea03e50
00000000c0633f1300000000bf34bf8200000000bd97bf9f000000003ea2c008
000000003df23f0000000000bfc93dd600000000bea33fb600000000bff9bf0a
00000000be99be7100000000bf533de800000000bd0dbdb8000000003f2dbf5a
000000004001bc83000000003fe6bfa700000000bfbb3da4000000003f933c11
000000003fa2be79000000003e8ec048000000003df7be2000000000be6dbef4
00000000bd0d3e2a00000000be823fc000000000bcdfbdd200000000bf59bfa0
000000003f03bf5500000000bf3fbba100000000befabf2f000000003e7abf16
00000000be41bf3e00000000bcfb404e000000003f073f03000000003e86be9d
000000003e11bf7200000000bebebf77000000003c89bdd100000000beaabe11
000000003e4cbf0d00000000bfe6be86000000003d943f60000000003e953e00
000000003ccdbfe600000000c0133cd5000000003e6abe1400000000bf533e34
000000003c9d401a000000003e423f0d00000000bd9dbf54000000003ff1bf1a
00000000bfc8be8400000000401e400c000000003d343ead00000000c06ebc2f
00000000bc06bfc300000000bf0b3f9500000000bca53ae1000000003c26bef2
000000003d713eb5000000003f433e6700000000bcb6beba00000000c0423e26
000000003e8cbf4100000000bf7a4015000000003e7dbed200000000ba09c01f
000000003e473e21000000003ec63d22000000003d833fbd00000000bf11bf06
000000003fff3e34000000003e923e4b000000003efe3e1a000000003e63be3d
00000000be04bf9b000000003d0c4006000000003f7e3fe500000000bde63d5c
00000000bffdbf44000000003cb13ecd000000003cd7bcbb00000000bf203ebd
00000000c001bf98000000003de83e1d00000000bdb73e5700000000bdbc4027
00000000bdc63ea6000000003f6cbdc4000000003d84bcb1000000003f253f7f
00000000bea2402600000000bdbdbf6f00000000c09a3e1c00000000be90bd6b
00000000bdb2bdde000000003daa3fab000000003f97bd86000000003fa13fcd
000000003eff3efc000000003e78bfeb00000000be043e9c00000000bba53e0a
00000000bfcebec500000000bd03bdf6000000003ea4bf90000000003ffcbf71
00000000be90bf4200000000bcc13e06000000003d94bda900000000becd3ee9
000000003fb1bf0c000000003f813f7000000000bd63bec0000000003e134004
00000000bb3b3ebd00000000bfe0bee4000000003f063dde00000000bf5bbf71
000000003f8cbd87000000003dbe3e01000000003fa63d49000000003de5c02e
000000003e3f3f7400000000bde63f60000000003dd53fbc000000003f1bbc46
000000003f9f3e08000000003d2c3d77000000003f373e780000000040094011
00000000bcb2c026000000003f543ee3000000003f0f405e00000000bd88be82
000000003fbe3f2f00000000bee7bdb800000000bd28bcba000000003f5cbecc
000000003d93bea100000000bd8e3db400000000be8d3ee100000000bded3d15
00000000bf5dbf8f00000000bfac3efc00000000beabc02000000000bd8439d1
00000000bf66becc000000003e82be0d000000003f98bb2f00000000370a3de8
000000003fc4bb0300000000be20bfb800000000be223fa100000000bfccbf63
00000000c01cbe63000000003e30bf5100000000be96beef00000000bd63bfa4
00000000bf97bfb0000000003fa2be2800000000bfa23f06000000003ddcbf00
000000003ffbbf50000000003e923f04000000003db6bde600000000bdbc3fa0
00000000be183d96000000003f11bd6f00000000bea73dd7000000003dde3e01
000000003d583f1800000000408b3fa400000000bee83f89000000003e3c3f02
000000003c41be4c00000000bff1be0e00000000bff7bc84000000003e71bd1c
000000003e95be7d00000000bdb3bd8b000000003f323ebf0000000040713f9e
00000000becec01e000000003f7e3e9b0000000040244026000000003e343d0c
000000003c76402300000000be923fa700000000bfd33f96000000003f34bf0e
00000000be0b3d9900000000bd8a3fff000000003fb7bfb4000000003c0c4088
000000003d2c3f6c00000000bf60bdfe000000003f023cb600000000bdaf3f4c
00000000be00bd62000000003e39c002000000003c0940a6000000003fdabc9c
00000000bc773e5f00000000bf7fbe27000000003fa33e2b00000000be88bf09
000000003fddbe9e00000000bdcebf8d00000000bda23f0b000000003e3cbdee
000000003f0fc2f900000000beafbf0900000000bf8f3fab000000003f13be5f
00000000bf01bf0000000000bd53be1c000000003d5c3d8d000000003eb8beef
00000000bf85bb4b000000003e483e9000000000bf8cbefd00000000bef63dce
000000003cebbfae00000000bec43dbf00000000bf16bd21000000003f94bfda
000000003ebbbddd00000000bf963ff6000000003b4f401300000000bea5c0b0
000000003f83bc2300000000be6a3f8a000000003c8c4064000000003f853d81
000000003e13bf2b000000003d8fbd4f00000000be4dbe3a000000003dadbfa6
00000000be6d3da4000000003cac3de0000000003d363ca2000000003e013ed4
000000003f27beac00000000be973e6900000000bdb93ecd000000003ddcbd82
00000000bf693f6c00000000bdefbf81000000003fc1bf4a00000000bee03d34
00000000bfa13e6800000000bd84bcd100000000be02bd3000000000bf4b4006
000000003d8abc51000000004058ba1a000000003fdebd3400000000bf513e83
000000003eb7c013000000003e59be5400000000beabbf9d000000003f7dbfaf
00000000bfec3f11000000003e953fb2000000003f01bc80000000003e5bbfab
00000000bffe3ee700000000bfa8bd98000000003e89bdf100000000bf67bc9f
000000003d553e28000000003ce9bf9600000000bf0f3dae00000000be24be20
000000003f06be6e00000000bf863fc2000000003f1c3c5200000000bfbcbb42
00000000bdcebea400000000c001beb200000000be323ef000000000bfa7be8e
000000003f343ceb000000003e66bdad00000000bd9ebf4c00000000bec0bf14
00000000be15bef7000000003f13be7f00000000bf003fa5000000003d69bed1
00000000bc973e3300000000bdfd3d8800000000be323ec3000000003ee43f1b
000000003e633f1d000000003d79bda2000000003e00bfd8000000003ce5c038
00000000bf42be9600000000be063ed800000000bee83f45000000003efd3c39
000000003e6abd2100000000bf753e8b000000003f83bf0300000000bec7beb5
000000003f74bf1300000000c042405100000000ba30bddf000000003daabc06
00000000c011be56000000003dd83f8800000000c07dbe0a00000000c01cbdd4
00000000bd763fe0000000003f35bf68000000003c90bf9700000000bf083ed3
00000000401bbe9f00000000befb3ca7000000003f033e93000000003efe3d86
00000000bf5bbd5000000000bea6bf6500000000bfb23e2500000000c0004049
00000000bcf23e18000000003e313cdc000000003d73bd2600000000bfaebf63
00000000bf02bd3e00000000bd9cbef6000000003f0dbefb00000000be81bd4a
00000000bbb73dda00000000bc223fb1000000003f61beb000000000be013db8
00000000bce7c024000000003eaebf8d00000000c01e3ee2000000003e32c046
000000003f133eda000000003eb4bee800000000bf15bd25000000003f03bdf6
000000003f15bd88000000003fb8bf4000000000bf183f5300000000bd47bf46
00000000be783c23000000003fe0bda7000000003daabed0000000003ec73ef2
000000003eed3ee500000000be5c3fc2000000003e8f3fd300000000c033bf8e
000000003e833db6000000003fbfbf68000000003dc03e4b000000003be0bd87
000000003e4ebd8a00000000be07bca900000000bf46bfb500000000bed64016
00000000bf32bf5b000000003e70bd9000000000bf83bf8e00000000bfebbecb
000000003d81beb0000000003e6a3f3c00000000bef23e14000000003d8e3d3d
00000000bfc13efb00000000bf473e96000000003eb73e5b000000003de13b57
000000003f0c3c6600000000bed73e93000000003e88bed000000000bf323fea
000000003e573f8600000000bd1a3ef300000000bdea4001000000003e42be3f
000000003f023f25000000003f613ebb00000000bfec3f6500000000bff6bf1e
00000000c0193f41000000003d9d3ed700000000be953cb800000000bd05bf03
00000000bdffbdb000000000bdadbf8500000000bd5fbf4200000000bfaabd8b
000000003f2dbeae00000000c0023d5400000000bf8cbf6400000000bec2be9e
00000000bdd63dda00000000bf333e4700000000bf34bd93000000003e823ff9
00000000beec3d8c000000003d3c3dd000000000bf2f3ee300000000bf243ede
000000003fb63eca00000000bcca3db2000000003fc1be3000000000c01b3e42
00000000c05ebd9c000000003ddb3ce5000000003c9f3fa5000000003ef9bf24
00000000bd1fbe5700000000bd85bf0700000000bdd4bec6000000003fba3e18
000000003f9bbe2c000000003f2cbeac000000003db33ce9000000003fa63e53
000000003d78bde8000000004035bee200000000bd74beab000000003f90bf88
00000000bf274014000000003f973f13000000003fa53f7100000000bf8b3edf
000000003fb93f81000000003f00bf1e000000003d5d3ec800000000be74bc49
00000000bf213ef5000000003f9f3e5d00000000bda0be60000000003e42bf9c
000000003e89bf6c00000000bd6e3fb6000000003f454006000000003f9d3d83
00000000be6dbf03000000003c82baad000000003fbcbef000000000c001bf01
000000003e153e24000000003f673cd800000000bfa03e6a00000000bec33e70
000000003eec3e0c000000003e633ee8000000003e933e49000000003f493fa9
00000000bf01bd88000000003dbb3f2c00000000bd403fb600000000bfbc3e55
00000000bf5d3ec200000000bf08bfb300000000bfa4be0c000000003fb0c011
00000000bf2bc08000000000bf733ea900000000bfc4bb92000000003db73eae
000000003b4abe91000000003d0abec8000000003ea13e92000000003fc93ea7
00000000bf2bbeb400000000bf51c08d000000003e963eac000000003f25bf6a
000000003f36bda0000000003e1b4031000000003f463ea0000000003decbe4d
00000000bfeebeaa000000003ef23f5a000000003f94bda3000000003ebcbe39
000000003dd63f7600000000c0103e7800000000bddc3d500000000040413fcd
000000003f35bfe300000000be77bff600000000bfafbfce000000004051bdfd
00000000bfa4bcf6000000003ec1bd8200000000bf03395f000000003f11bf82
00000000bf36be30000000003ef73e4c000000003f533ddc000000003eb9bf00
00000000bf9c3f01000000003eb63ff6000000003e09bf3f00000000bce83e10
00000000c0053f1e000000003ab6be3900000000bf47bddb00000000c015be94
000000003d443e4b000000003d3c3c4f000000003e4f3f3d00000000be1ebdc4
000000003f343ec100000000bfae3e03000000003e5ebfa500000000bf933e97
00000000bf5d400d000000003ec4bf40000000003f91402a00000000bfed3c84
00000000bfaabf2a000000003e6abf60000000003f5abf3d00000000bf813d41
00000000bf0ebf0300000000bcb93f41000000003d40bde600000000c046bfb1
000000003fbebd2c000000003ea83e9000000000bf013fa600000000be864010
000000003ff4bd2800000000bc1cbc9c000000003f1fbe22000000003c26c09a
000000003c8c3d0800000000bdb4bc1b00000000c064bc4500000000be993f6d
00000000bef3bfcb00000000bd85bc5b00000000be7d3e0200000000baa8c003
000000003fd73fbf00000000bdd83e1c00000000bff73f3a000000003ef23f3e
000000003e34beb1000000003e5c3f9200000000bf233e4c00000000bcd63f8c
00000000bdc53e5200000000be72be2500000000c040bdf3000000003ddb3cc2
00000000bf2b3f8b000000003e4e3ed700000000bed13fa7000000003f953fa3
00000000bf443fce00000000bdc33dce00000000be10bec400000000bac93f83
000000003e673f9100000000be563e6000000000c03abf2f00000000bfb5bfd8
00000000beaf3f03000000003eb8bfc700000000bd97bf7900000000bf8ebf72
000000003e49bf8d000000003b10bf3a00000000bd973fa8000000003fffbe8c
00000000bd0fbf6600000000bf173f6500000000bea43f1f000000003dddbc80
00000000bedc3f8100000000befebf0e000000003ea4bf0d00000000bfac3f52
00000000bf81be6300000000bead3d7c000000003e3dbe82000000003ea1bf4e
000000003f27c06700000000bf48bce500000000bfc63fdd000000003fb6bf59
00000000be5ebf6c000000003e36bd7e000000003fe23c6600000000be18bd37
00000000be573dd900000000bea2bfdb00000000beb23f7900000000bf9e3ee7
000000003f0fbfe800000000bf00bd9d000000003f903fbf00000000be543f33
00000000bfc9be8b000000003f063f2f000000003eaebbbd00000000be273da0
00000000bd53be0b00000000bebd401c000000003e983db700000000bd073ea3
00000000bef83e6300000000be96bfd5000000003d9c3eef00000000bfa33cc2
000000003f20be8b00000000bf26beac00000000bf40bf2c000000003f4ebf2a
000000003fd8c0f100000000bd2cbf0b00000000bea53f94000000003ffd3b65
00000000beefbefc00000000b8e6be0900000000bf77bde800000000bd9ebdaa
000000003dafc011000000003b9abdb700000000bf243f64000000003dd2ba6d
00000000bee63f6a00000000bb103e7500000000bfdb3e37000000003dc83b98
00000000bf633dd400000000403e3f4f000000003efabf8400000000bd8f3d50
000000003e0ebded00000000be98bf1c00000000bf173fb1000000003e7d3e97
00000000bda3be6b000000003ea63d1c00000000bde8bdff0000000040713fa9
00000000408dbd73000000003ca5be9c000000003db7bf7600000000bd7c3f60
000000003feabdac00000000c015bec100000000ba233e88000000003cf8bf97
00000000beaabd7400000000be703d0e00000000bf95be5f00000000be99bfc4
000000003d81beba00000000bd3d3ebf000000003f153faa000000003da93efe
000000003d0d401100000000bf23405b00000000be8d3ef7000000003cc0bdb6
00000000be813fbf000000003ef4be0800000000bf103f2800000000bebcbf52
000000003f133ee3000000003f063f9800000000bfa0bede000000003daebcce
00000000bd633fa600000000be0e3f0a000000003b81bf31000000003eb7bed2
000000003f823e9300000000bdaf3f5f000000003ee93dfc000000003d80bfe0
000000003edabc94000000003d30bf0a000000003bd53d51000000003ef1bebf
00000000bf33bf6e00000000be643f7900000000beeebc9500000000be2bbcbc
000000003e733eb1000000003ffa3e49000000003ee5bea400000000bcb73f0b
000000003f28be7f00000000bdc8bc0f000000003f08bbbe00000000bee2bfda
000000003f0dc0b400000000bf86bf5400000000bf363f0100000000bf48bfae
00000000be873c9500000000bf0ebeb400000000be1a3ee300000000be3b3eff
000000003f193ed6000000003e1a3eef00000000bf5c4058000000003fe63d02
000000003cd0be83000000003fe0400100000000bc353d99000000003f2c3cd1
00000000bd3b3c27000000003e34bf02000000003e2ebf2a00000000bf653d20
00000000bd5c426600000000be11c034000000003ed3bf49000000003b73bf15
00000000bfcdbdc8000000003c283c8700000000bf47bead00000000bf9bbc50
00000000ba953e5800000000bee73e69000000003fa73ee8000000003e54bf44
00000000c0b1bec9000000003e9d3e22000000003e1c3e01000000003e72bf36
00000000bf0fbeac00000000beb8bf09000000003f64b6e0000000003f1f3e74
000000003e8bbf55000000003ccc3d5e000000003e9fbff200000000be833f81
000000003d84bd8800000000bed8bf13000000003ea93ef800000000bf5a3fea
000000003dafbecd000000003f50400c00000000be573f3200000000c0093caa
00000000c009c03700000000be67bd9b000000003de53d94000000003cd23f8d
00000000c0873de8000000003ef13f1b000000003dee3d8c00000000be083cec
00000000be603d26000000003e363fa2000000003d073ec800000000bd21be78
000000003c0fbf5300000000bdc53e2b000000003facbf2a00000000bf3c3e8c
000000003feabc7700000000c0763f2f00000000bfa83bde00000000be233fc1
00000000bf8c409600000000bf143dea000000003e9cbe24000000003ed2bdd0
000000003e85bf06000000003eac3ff9000000003f713fa600000000bf383eb1
00000000bf6b3d6e00000000c0043fd000000000bd19bf980000000040203f06
000000003efe3e48000000003ea7bd7a000000003fca401400000000bfdf3eba
000000003e253e9d00000000bd023f8800000000bf5fbd50000000003e463ff8
00000000bfdfbf3b00000000be49c01a00000000bd663f1f000000003f00bf87
000000003d14bbf4000000003ec3bf3a000000003f283eae000000003beb3e07
000000003fa63f3300000000bf3a3e62000000003ebbbf7000000000bd223ddc
000000004091bd5a000000003ee53f3800000000bf89be3a00000000bf903e4e
00000000bdebbedc00000000bc7abed000000000bfa83f5100000000bdca3eaa
0000000040e9be4a000000003fa7bdb200000000bd873c64000000003d62bf10
000000003e763ca7000000003e8b3e7e00000000bc2b3e9e00000000bdd23fe4
00000000c038be6100000000bf89be2e000000003d83be3800000000bf8ebe92
00000000bf9a3f9e000000003fab3ea300000000bf9c3e0100000000be423f2d
00000000bf8d3d8100000000bf29bf5700000000be963e8800000000bf4c3efc
000000003e2fbf380000000040143ebc00000000be7f3e2d00000000bd5a3daf
000000003ef93dfd00000000bf84be9000000000c017be4b000000003ec6bf54
000000003ee9bd31000000003de3bb7600000000b9483ca2000000003de0bf3b
000000003d483d1600000000c0133f1e000000003fdb3e4700000000bfb93f0c
000000003b0d3e42000000003f833bf400000000bf1abe9a00000000bf3bbf2a
000000003f2dbfd9000000003f753fa500000000bfb83f8300000000bf36be29
00000000bfcdbdf200000000bd943e53000000003ec5bfaa00000000bf453f04
00000000bd923f0b000000003f35bea3000000003d0db7bb000000003c6ebe9f
00000000bfa6beaa000000003e933db200000000bf1bbe4200000000bf6cc004
000000003e5e407700000000bf433e2b000000003dcebed6000000003f903fb4
000000003ddbbde800000000be21c02c000000003eae3d99000000003e103f84
00000000bf3dbed200000000bd91be4d00000000beac3eb500000000bebf3ee3
00000000bdc63bd900000000be0d3f0e000000003f10bdf6000000003f283d1d
000000003e613ef2000000003d7e4010000000003ed03fd80000000040393f0d
000000003f203fc000000000bf06bd9b000000003dc4c01d00000000bf073ee3
000000003ded3f5e000000003f03beaf000000003ede3eb600000000bf39bec8
000000003e08bf1c000000003eb4bf9a00000000be8d3f91000000003b4cbe2e
000000003aa83d6a00000000bf87bf0c00000000bf863fe100000000bf57bf9a
00000000beb93efa00000000bfed3fc10000000040513f3d000000003f9ebe8e
000000003f0fbe9c00000000c002b79d00000000be8f3b8d00000000bf823d4e
00000000be20bfa000000000bf06bde5000000003f57bd9a000000003ea8bf18
000000003df2be8a000000003d05bfab00000000beb83ede000000003e92bec0
00000000befa3f25000000003f393d9c00000000bde43e3700000000be8dbe12
000000003e403ed200000000be533e75000000003e3ebd2500000000bd27c002
000000003d833e8d00000000bf523bc2000000003e9b3bd1000000003f634023
000000003e56bedf00000000bf73bde200000000bf3a3f1f00000000bdafbbdf
000000003f27bded00000000bf983c4300000000c0453d72000000003efebd6b
000000003f3f3e6000000000bc603fee00000000be763fce00000000bf9dc0b8
00000000bf27bef700000000be1fc018000000003e9abf1400000000bd263d8f
00000000bd9c3c2000000000bd43be9b00000000bd55baa200000000bf8e3f09
000000003fa33ea500000000bf12c00500000000c0123fda00000000bfbdbaa5
00000000bd514008000000003eabbee8000000003fa9c04300000000bf67be3e
00000000c031bf3400000000bd85bed300000000be213ee7000000003edf3e84
00000000bd873cfc000000003f62c0bb00000000bdb83eb600000000bfa03ed3
00000000bd85bf8c00000000be87be0c00000000bde93f1100000000bd99bfa5
000000003c77bdc500000000bf2a3dc4000000003dd0bf4b00000000bcfcbb4b
000000003e70412400000000400d3fb700000000bd0c3fb2000000003e7b3e9f
00000000bee63f78000000003d5bbdd900000000bf783e69000000003cc4bf49
000000003f233e7300000000c082bcad000000003ec3bfb4000000003db2bff1
000000003f1ebe3f00000000bea2be87000000003f7abde4000000003f603e70
00000000bfa13fba000000003e863e9c000000003fe8bc84000000003e71c08a
000000003e813e9900000000bf37bf8300000000be983e6300000000bee03dac
000000003eb8be13000000003de83e2d00000000beb5c04100000000402f3e88
000000003cfdbe4900000000bf9ebe8000000000bf82be2000000000bf763d07
00000000bfc0c006000000003dd6be3c000000003f443dce000000003d84be4f
000000003e15bf8300000000bb40be8100000000bfc83f91000000003bc5bdd2
000000003eb6c03400000000beb4bdb200000000be42bec2000000003fab3e4b
00000000bf07bbb7000000003ed1be6400000000be8c3d1d000000003ed83f06
000000003f81bec8000000003f29be63000000003f1dbeb100000000beff3f84
00000000bf99bf1e000000003ebabfb400000000bfdfbce7000000003e5dbf9c
000000003e353e7e00000000bcd83e38000000003f3abe6300000000403dbea7
00000000bceb3e9100000000bf88bc1e000000003f3e3e01000000003acebe95
00000000bd90bd7a00000000bcadbfae00000000bd883ead00000000bc3c3e63
000000003e0fbf1900000000bd02be3400000000be24c004000000003edb3f2b
00000000bf623f6e00000000bfbabf2d000000003e78be8700000000bf24bdab
00000000bd90c00b000000003f79403000000000bdcfbdc7000000003befbf50
000000003d7dbf4600000000bf5f3d6600000000be45bdf1000000003eab3eae
000000003f8fbbc0000000003e00c024000000003e70becf00000000bf9cbe96
00000000be2c3e77000000004026bd8d000000003f923ea4000000003f4bbda9
00000000bd50bf45000000003f0fbdcf00000000bf41bc2200000000bf81bf7d
000000003f0bbd79000000003ecabee2000000003f14bfac000000003e8cbd36
000000003e2abfdf00000000bd2e3fcd000000003fe8bf97000000003fbb3fe6
000000003ea0bdc9000000003e77bfb5000000003f0d3fae00000000bf7fbd57
00000000bdcb3dad000000003e3abea2000000003d11be6b000000003f3ebed9
00000000bff6406500000000bd40bf3e000000003e6abf4d00000000bf613f4e
00000000bfcd3bdc00000000bd813d96000000003e50bf2a00000000bfae3e68
00000000bf7e3eb700000000be67bed1000000003ef2bf8200000000be493ea9
000000003fce3d6300000000bdeabee800000000be693fd600000000bfda3f0f
00000000bec6bdc900000000bf303fd900000000be2a3f33000000003d243ee8
000000003f943fdb00000000be2f3ef1000000003e013ec200000000bf31bd28
000000003fcb3e81000000003e533d23000000003eaebd8d000000003fb0bf05
00000000be043d6100000000be093f0a000000003de4bf9d000000003f1cbf4f
000000003fd4be93000000003f893df3000000003f323e05000000003e813f20
00000000bc4a3e8800000000bd223f29000000003f863f57000000003f39bffb
000000003fa33e9a00000000bf4e3fc5000000003efabf98000000003ef23fb2
000000003faf3f1a00000000bf6d3d11000000003fc9bc93000000003dfabebd
0000000040bc3ed9000000003f803e3800000000bda9beb8000000003ec83ea4
000000003e3abe96000000003eecbec100000000bc8f3e6400000000bd433edd
000000003e5a3e94000000003e0e3f1600000000bfea3d2200000000bf73be84
000000003eaebc9b000000003cc63e3000000000bec4bd2600000000bdc4bf45
00000000be463db8000000003f7a3f76000000003e9b3f93000000003e46be86
00000000be93bfd5000000003ed4bec4000000003ed43e1600000000bd163eec
000000003f673f3700000000bf62bf1e00000000bf7d3e9800000000bd873f5c
000000003e37c01a00000000bfb33f8c000000003f02bd8f00000000bcce3e06
000000003d7bbd3f000000003ec93cce00000000be6fbe5c00000000bea7be10
00000000bd65bfbf000000003df53cba00000000bd54bda800000000bdbb3e31
00000000bf173f1d00000000409b3f0c00000000bf35bec8000000003ee23dba
00000000bf3dbf9300000000bc02bf83000000003ddebfba00000000bec6402b
0000000040353f08000000003e8fbe77000000003f22bcda00000000bd84be7e
000000003dfcbf69000000003e9bbe2700000000bf6abe9c000000003f303c04
00000000bf4ebfc000000000be8abb3c000000003e5c3ed000000000bda8bd39
00000000bde5bdb5000000003fd8bd13000000003c213dca000000003d53bf13
00000000bfdb3e80000000003e81be3100000000be803e1a000000003e3ebdf3
00000000bad5bf02000000003d03396100000000bf193e77000000003f443f26
00000000bc10bf0100000000bd72beb000000000bf743f1500000000bedc3ed1
000000003f8ebf0f000000003e0b3fb4000000003ea83fe2000000003e49bec2
00000000bd5dbf6c000000003f46bd4f00000000bda7beb100000000bd44be06
000000003d1d400300000000bed4bf94000000003d1ebea2000000003b2b3fa3
000000003e103eb1000000003eee3e9300000000bf773e3100000000bc6dbdf2
000000003f653daf000000003f94bee600000000beedc03400000000bec43f07
00000000bfd3414d00000000bdff3f35000000004005bfc2000000003f27401b
00000000be803e79000000003de43f85000000003f913f4d00000000bf17bf68
000000003e2dbdc30000000040b3bd8b000000003e87bcd400000000bfa84005
000000003f653cf500000000bdf8bdda00000000bdd3bba7000000003ee03e26
00000000bfcdbb8200000000bfa6bbcd000000003f393ed200000000bed23fe4
00000000bc35be56000000003bf73fa900000000bbe03cc800000000be483e1f
000000003c59bf6100000000be02be4500000000be40bf67000000003efcbe81
00000000bf92bf2c00000000be96be75000000003ca33e0b000000003d353caa
00000000bef53e1a000000003f6cbd7b00000000c06a3ff200000000bbb6bf3a
000000003f38bf09000000003f40bf25000000003d8abf3000000000bf26bdc2
000000003db9bf9b000000003e4ebcbd000000003e253b60000000003e8a3f67
00000000bf7bbf8d000000003e5fbdf200000000bfa8bef200000000be4d3ebc
00000000bf0d3f3800000000be023f8600000000bef0becd00000000bf26bd6f
000000003f2f3db2000000003ea5c020000000003e8cbcb8000000003ea2bef8
000000003f343e0d00000000be08c013000000003d85bf74000000003f8dbf83
00000000be9ebfeb00000000bfe9bb2300000000bc0dbe5400000000bc873f1b
000000003eca3fab00000000bc1f3cd0000000003f973e6f000000003e063e79
00000000bea7bfab000000003f223e7800000000bef3bf2d00000000bef5be51
000000003dcd3ee300000000bf14bebb00000000bf533df9000000003dce3f92
00000000bff43d8100000000be883f7200000000bd87bf2d00000000bf02bcad
00000000c021bed000000000bf07bfb5000000003fedc00f00000000be08bef6
00000000c027bf96000000003f50be9600000000bfa9c00b00000000c024be4a
00000000bdcf3db500000000c03fbe2e000000003dbcbd3b00000000bde3bf9a
00000000beb8bfc100000000bee23dc1000000003dbdbfd500000000bdf3bf5e
00000000be85bf51000000003e8cbece000000003c5fbd9f000000003d4bbff1
000000003e063c2b00000000ba93400c000000003e73be82000000003fce3c0e
000000003f73403300000000bdf0c002000000003ef7bee900000000bd5e3dc9
000000003b433dd400000000bd083c4600000000bec2c038000000003f853d6e
000000003f873f0f000000003c3abe3f00000000bf5fbf33000000003e1d3e0a
000000003f953f94000000003eb83e53000000003edf4054000000003f9cbf1e
00000000bedf3e6100000000bf00be03000000003f8e3f3000000000be75c03f
00000000bf07bf22000000003d373e8100000000402cbee300000000bcf03fc4
000000003ea73d9d000000003e5f3f0a000000003d83bf0300000000bf413f50
000000003ec63abb000000003e014060000000003c63be88000000003fd23f90
000000003f87be9f000000003ec0bd9f00000000bc14bea200000000bf243e21
00000000beafba6d000000004017c01f000000003e893d28000000003e85bf39
000000003d01bf5a00000000bf6bbea500000000bc643bf500000000beb63e6b
000000003fb43f7b000000003d2e3e2f000000003fb5bf2b00000000be743e1f
00000000bee73d9000000000bd573a8100000000be88bf5400000000bdfdbe08
00000000bd8bbee8000000003faa3d0500000000be023f260000000040b13d04
000000003b963a98000000003d2c3df800000000bd99bbcf00000000be063e40
00000000be39bfc4000000003d403d8d00000000bf853f1e00000000bcdb3d7f
000000003d6c3d60000000003cf33edb000000003e01be83000000003fd1bf68
000000003f4fbece00000000bd17bf82000000003e813e0300000000bf613f8e
000000003ec93f63000000003f973f9700000000bdff3db2000000003e48c03e
00000000bf46c009000000003f813f76000000003d853e0c00000000be8a3f6e
000000003cffc082000000003cd8beb7000000003fcd3c0900000000bfb13a46
000000003eef3dd300000000bf003de4000000003ed3bdda00000000bfc93d85
00000000be543ef8000000003f82bf5c000000004004bf3f000000003d803ef7
00000000bd94bed6000000003c08bd8a00000000bd4e3ea9000000004060be24
000000003de8beff00000000be903f84000000003e68be6a000000003f863dc4
000000003dfc3e9900000000bdfabe5e000000003c97bf5c000000003f38be97
000000003ec43e8300000000bfa03fc4000000003dc53f06000000003f613e58
000000003e493f9d000000003cc43fad00000000bf4fbf4a00000000bf22bf14
00000000bd9c3ed3000000003f08bf2400000000be2f3ff000000000be94be7f
000000003fc43e6800000000bdf1bf2400000000bf203dee00000000bdefbdbc
00000000bf8a3eb5000000003e92bcf800000000be8f3fd800000000bf393dec
00000000bef5bdb5000000003e803f3f000000003e923e4f00000000bf6ebf84
000000003dedbe5100000000beb6bf85000000003fcf404100000000bbb13d6d
00000000bdbabd07000000003e1fbe18000000003ea73e3300000000bf08bd36
00000000bec73f1a00000000bf0b3fd3000000003cd13c8b000000003f76bf3b
00000000be34be8400000000be8bbcf1000000003ccdbedd00000000bef6beb4
000000003c903e4900000000bcefbf9900000000bfbdc00d00000000be33be1a
00000000bf963ee7000000003d00bdca00000000bf5dbede00000000bfbebd80
00000000be1cc38a000000003e6bbf99000000003e81bca400000000bd84be92
00000000bd693f1f00000000beb1be4d00000000c01f3dfd00000000bf5f3e76
00000000bb8c3cc8000000003e383e6b00000000bcf24066000000003d493d87
000000003f49bccd00000000bf36bf76000000003f263e81000000003f34c025
000000003f05bf34000000003e9ebef900000000bf843dde00000000bde73dfe
000000003e55401500000000c075be8d000000003d50be6800000000bed03e49
00000000bfa4bea700000000bf313e1c00000000bed6bf40000000003e053d4e
000000003e513ac1000000003f0c3ff1000000003d453feb000000003e40bf81
000000003e9bbcba000000003d71bd61000000003ccec00e000000003f23bdf2
000000003f963ec200000000beb23d5100000000bfbabd98000000003ebd3fcb
000000003e86be8c000000004088be5600000000bf093dec00000000bfdf4081
000000003f70be1e00000000be77bf4600000000bef83eba000000003f30bf3e
000000003fc3bf5300000000c0723efe00000000bee03dfa000000003fc03fe8
000000003dc93f7800000000bdf73eef000000003ef13d57000000003ed6be86
00000000bed23fa200000000bd17bc4600000000be493dc000000000400d3f72
000000003d863e81000000003e853ce3000000003d7d3e9a000000003dd8bcbe
000000003e92bfa700000000bd703fe7000000003fe8bdf2000000003eaabd67
00000000be24403900000000bba33f9f00000000bcb03faa000000003e0abc3f
00000000beae3e0a000000003f2a3eb9000000003f2d3f16000000003f163e9e
000000003f6cbf8300000000bf39be5700000000bf53bec000000000bf34bff1
00000000bd493e44000000004031bc6100000000bea8bd7500000000bda2bfb3
000000003fcf3d1700000000bdc33eb6000000003e75bf04000000003ff33ff9
00000000bd223e2c000000003ebebf4c000000003d30bf89000000003e93bd19
00000000becfbdbf000000003fda3d35000000003fa3bfed00000000bf2a3d10
000000004010be2c000000003e99c01f00000000c0073e1600000000bdca3db5
000000003d9f3ea700000000be263d2a00000000be8ebd0300000000bfe9be2f
000000003f7fbd5c00000000bf25bf6f000000003f7a3f1f000000003e0e3e80
000000003f1e3cdf00000000bd36bed900000000b82abf0900000000be3c3ece
00000000bc39bee300000000bdc4bfb7000000003f0cbf9e00000000bff0bf67
000000003f8cbec500000000bc39be18000000003efa3e2e000000003f56bfa3
000000003fdfbe9000000000bee7bd3f000000003dca3fa3000000003e033f70
00000000bf0c3d7700000000bf7c3eb8000000003ef1bf0e00000000bed63e91
000000003e51be120000000040703ef900000000c0253e1f000000003fbcbf89
000000003f943f6b00000000bf543d0f00000000bf1cbe41000000003f313f6e
00000000beea3fc300000000bf59bf3000000000bce43ed8000000003e06bf96
00000000bf314038000000003ca2bd0600000000bf62bebb000000003c01bd83
000000003ec33f0400000000bf20be86000000003dc73c4f00000000bf383ea7
00000000bc07c014000000003e8bbf65000000003e92be07000000003fd83f72
00000000be53bd1b00000000c04f3f0b00000000bec23e8b00000000bda7be84
00000000be8dc095000000003f12bf8400000000c017bf1400000000bf244001
000000003fd6be55000000003eeebeed000000003f19beb400000000be4dbd04
000000003ec93dc100000000bf803e95000000003e10be4300000000bc43bef7
000000003e683fec0000000040153f3800000000bf46bde200000000be043f22
00000000400d3d15000000003e753bc700000000bf34bf46000000003ff73edf
00000000beea3f17000000003facbf1c000000003da1beb3000000003f7e3f11
000000003d2bbea9000000003db6bf4c000000003ca2bf3800000000be13bd57
00000000bed53f2b000000003d153d8300000000be7fbdcc00000000bf4bbe96
000000003edbbe2900000000bea0bb9d00000000bf1abfa7000000003d783e9c
000000003fd4bfe1000000003f773f0600000000bf5d3e6d000000003f213e9d
00000000bf073e2d000000003d92bc67000000003cf83f0800000000bfcebcfa
00000000beef3f99000000003f23c02d000000003e733f1300000000be17bfb1
00000000bdcc3f06000000003f5e3e9b00000000be6ebe4a00000000bfd6bdb4
00000000bd22bf37000000003e2c3f87000000003ed5bfe0000000003f1ebd09
00000000be5dbe1200000000bea8be9d00000000bd4f3e9000000000bcc8bf28
00000000bdd23ff5000000003dc53f3c000000003d853f2800000000bf373ee2
00000000be823e1700000000bc5bbf8300000000bd013f55000000003edd3ebf
000000003e2cbe4a000000003f61be2e00000000bf773fae00000000baafbe48
000000003eb8bc2f000000003fb4be06000000003e203f7200000000bfb03e07
000000003b59bd7a00000000bfd93e23000000003cc4bd6000000000be2bbea4
00000000bf1ec02c00000000beed3dcf000000003e783e4e00000000bf4abe41
00000000bceebfac00000000be4e3f8b00000000bef6be12000000003f3e3f8b
000000003d183f02000000003f2abe5a0000000040023ecb00000000bf163f21
000000003f4cbc90000000003d4e3f8200000000bf07be13000000003ee63eac
00000000bd013f9e000000003eb6bd5e000000003eadbfad00000000bd6bbd99
000000003d63c0f300000000bde53f07000000003e513f80000000003e5abf59
000000003f18c035000000003f044053000000003e5fbda4000000003c3ebe1c
00000000bdd73eec000000003bbabfb500000000bf2b3d6a000000003d823f2b
00000000bfd1bec000000000bec3be3000000000bd99bf9100000000bf5fbd07
00000000be3c3f8c00000000bed63e2b000000003e98bf4500000000bd873f27
00000000bf01be6800000000c008be7c000000003c87403600000000bb8dbb6b
00000000bec83f9e000000003e3d3fcf00000000bf1f3ebb00000000bf7d3ef6
00000000bf43bc2800000000bdd6bcb300000000bea8bebe000000003da93ea0
000000003e313f25000000003ed9bea5000000003fab3eee00000000beacbe1f
00000000bd1cbe4c000000003fe6bf1000000000be88bea9000000003ebb4024
000000003e4b3f1d000000003f61bf2c00000000bd103f5400000000bd4337a3
000000003ce03f3200000000be523f42000000003eb8beba00000000c0143e82
00000000bf9dbcb2000000003f683e5200000000beed3d3b00000000c01bbe9c
000000003f00bed700000000beea3d1d000000003dd43e5a000000003c593efe
000000003eefbe0300000000be67beb000000000bf2fbd3a000000003d52401c
00000000bfb53e8800000000bfbdbe9a00000000bd76bf6800000000bf583ef2
000000003e17bf3400000000bfd93f4800000000bfdabf1f00000000be913e56
00000000bf76bf36000000003e31bfc200000000bd33be6a000000003fbfbeb7
00000000bfb0be9900000000bed33e25000000003d38bf43000000003eb33e02
000000003f4fbe17000000003e763c3400000000be8b3f99000000003e053d06
00000000bf663f0300000000be2f3d2600000000c042bd04000000003db0c027
000000003e90b9a700000000c006bd6a00000000bd92be0400000000bf1fbc0a
00000000bfc5bf46000000003d5fbec500000000be0f3f84000000003efb3f6b
000000003d1e3fa900000000be8c3e98000000003f083ff700000000beb2bec4
000000003f80be1f00000000be1bbce300000000bf8e3da3000000003f413ed9
00000000be8dbf4000000000be953f8d000000003ee43baa000000003f3f3e30
00000000c0173fa5000000003decbb8f00000000bb4e3e3200000000be36be68
00000000bf31bef900000000bf563e9f000000003f1cbf2a000000003f0abdb7
000000003e74bfa1000000003dc1bf7400000000bc60be6600000000be8e3f18
00000000be413e9e0000000040363d01000000003d23bd7c00000000bf573f5a
00000000bf41bedd000000003d9ac09500000000bf16be4400000000be623e8c
00000000ba56be02000000003c9a3e9200000000beba3e15000000003e1e3f06
000000003ec53f0400000000bd9bbf60000000003e82bfc6000000003e073e9c
00000000becabddb000000003f02bdce00000000beccbe11000000003cc2be96
000000003eb8bf4e00000000be683fb900000000be0fbe1700000000c00c3ede
00000000bebfbf0c00000000bcd03f1d00000000bd5dbf9b000000003e063ffc
00000000bf3cbdea000000003dea402900000000bfa6bd6b00000000c0393c03
000000003d35bf9d000000003e79beb2000000003e833ee7000000003f9cc06a
000000003b05bd58000000003f963e5c00000000be344007000000003f953f00
00000000be723f2e00000000be3cbebb00000000bd9ebfca000000003bf5be48
00000000beae3e9d00000000bee4bcc300000000be083f91000000003e96be0b
00000000bd57bf2600000000beedbf83000000003eb8beb90000000040033e11
00000000bf9a3fee00000000bf273fbd00000000c02a3ec3000000003e73bdbd
00000000ba9e3f61000000003ed7bc3300000000bdbcbe9400000000bf47bc3e
00000000be1a3fb800000000bd64be2700000000bd8f3f8300000000bf063e24
00000000bf413f64000000004022bd3500000000bee53cd8000000003e59be29
00000000bf963f0000000000bf04be9e00000000beb240aa00000000bf4abe51
000000004022bf32000000003decbf3d000000003df9bdb000000000beaa3f1e
000000003dee3cbb00000000bda73ee200000000bf8dbf3900000000bf94bf4d
000000003fcf3e5e00000000bd85bf52000000003cbbbf6b00000000bfa2c01d
00000000be9f3dd2000000003fcdbf03000000003f2b3ea0000000003ea7bef7
000000003ec53e3e00000000bf1bbdc5000000003f483f02000000003f163ec5
00000000bece3cb700000000be633f3d000000003eaebe8a00000000be93bd8d
00000000bf3cbddb000000003ffbbe8500000000402fc01c000000003f833fea
000000003cd7c09100000000bed23f7800000000bf8dbea0000000003f003e1d
00000000bf05bcfe00000000bf5f3d5f00000000bde73eb1000000003eb23f12
00000000bd583fa000000000bf4b3ec300000000bfe7be4900000000bf47be56
00000000b74fbf45000000003eb73d6300000000be0cbf8c00000000be98be80
000000004022bf9400000000bf1abf0600000000bf5abe8e00000000bd02bf73
00000000bd3bbf18000000003e4abf47000000003e363f9800000000bdeebef4
00000000bdc73d4e000000003f723d57000000003d9fbd2300000000bdff3f2c
00000000be04be0d00000000bfff3f75000000003fed3f2400000000401f3f54
00000000bf94bd7900000000bf99bf9600000000bf52bdc8000000003e5e3e2c
00000000bf2dc022000000003fc13eaa000000003d8c3f0a00000000bf593ec7
00000000c037414200000000bcb73f3f00000000bd8bbe08000000003f49becd
000000003fb4bf94000000003cf8be4400000000beee3ed0000000003e223cb8
00000000bf5e402100000000bef2bdee000000003e793f1000000000bf063f13
000000003dc03ef300000000bf783edb00000000bccebcc600000000bdf6bfab
00000000beddbfa700000000be1d3f4500000000bf13bef500000000bfa9bf83
00000000be823fa200000000be273dea000000003f06beff00000000bf92bcb2
000000003d73beb900000000bc893f1e000000003dd03eb5000000003d85be9f
00000000bc713d5f00000000bf393d9e00000000bfa4bedf000000003ccbbf02
00000000bf63be8900000000bf6e3f3a00000000bf113f0400000000be5a3f9c
00000000bdd13fd600000000be9e3e2700000000bfe53f2000000000bb90bec3
000000003e263e66000000003edabf0c000000003c8a3dab00000000bee1bf49
00000000be58bec800000000bebc3d9f000000003eccbe0e000000003e4f3ef1
000000003fd5bf9a000000003d88bee6000000003fb2be6700000000bfb4bf2c
000000003e813f7a000000003fce403000000000be7c3e3400000000beb23d5f
00000000bd513d8700000000bd73c045000000003d63bdca00000000be913fbb
00000000be89bef200000000bcf93dce00000000be35bee000000000bf963eae
000000003f2c3ee600000000bd223f4500000000bc6fbe98000000003c92bb62
000000003de13d82000000003f293c760000000040dcbd29000000003e423e0c
00000000bd6abe34000000003ebdbf25000000003ed63c14000000003e343f8a
00000000be94bd68000000003f023f58000000003eabbe3d00000000bf513dce
00000000bf553f18000000003e3fbf4f00000000be68be5f000000003fcf3e1c
000000003ea53e0b00000000bf76be5d00000000bd943ec400000000bfb5bed8
00000000400d3f2400000000be8b3daa00000000bff8befa00000000be3e3f19
00000000bf10bf99000000003f473f11000000003d413f3800000000bfad3f4c
000000003f364067000000003e06bfde000000003e3bbe17000000003d57bf29
000000004090bea1000000003f44bf4d00000000beb63dd8000000003f0cbf5c
00000000be153fa7000000003d2cbdb7000000003f723c8400000000bfb1bb29
000000003f30beb100000000bb1bbcb700000000be49bf04000000004044c014
00000000c0323e71000000003fa53eb1000000003fff3c7100000000bf2fbf1c
000000003f91c00500000000bf2cbbdf000000003f193f8d000000003f8c3dd1
000000003da7be6300000000be3e3f6400000000bdeebe8b000000003f93bec8
00000000c0363bb9000000003e8bbd15000000003d71bc4a00000000bf6f3e8b
00000000bbc3bdc5000000003f293d1100000000bf1bbe21000000003e643f7c
00000000bea93c8b00000000be023ef9000000003c723ce3000000003e95bf24
000000003f83bf4800000000bf723f1e000000003eadbf86000000003eed3eff
00000000bf3b3d69000000003fd73e0000000000be603ef900000000bea5bdfd
00000000be7d3fab00000000bfbf3f7300000000bfe4bef100000000bea53e6f
000000003ece3e7500000000bd593f7700000000bf8e3eda00000000bec4be8c
00000000bf833fe100000000bfce3d17000000003f193f10000000003cefbf33
000000003e6cb78600000000bd353dcb00000000be8a3f8200000000bf503d9b
000000003edfbeaf00000000bdfabf8b000000003dd1bba2000000004045c085
000000003ed63e57000000003f96bdc900000000bf393da800000000bed4beb0
00000000bf18beab00000000bda93f0f000000003fdfbfc1000000003e11be08
00000000bccf3d6d00000000beafbf71000000003f30c03200000000be544004
000000003d8dbf16000000003ec03f2b00000000bf313ee900000000bedbbe4f
000000003bf0be3100000000bdb9be99000000003f06bea500000000bf43be2e
00000000bf02bdc9000000003e663e7100000000be56be66000000003f374081
000000003fcd3ece00000000bef6be0d00000000bebbbc1a00000000be693e85
000000003f80bf78000000003e45408e00000000bc883ee3000000003f3bbfd6
000000003f0fbe19000000003caebec8000000003ec4be3700000000bf84bf4e
00000000be99bd4900000000bf963fcd00000000bdebbd2b000000003e5e3f5b
00000000bf6fc04300000000be0a3d57000000003e68bf0d000000003f99bc0a
00000000c095406f00000000bf2cbed5000000003e1b3ef000000000bf28bd66
00000000bf223fb200000000be943f0600000000be953b8300000000c0903f8a
000000003e87bd8b000000003ed0be37000000003a90bf9500000000bcbcbeb7
000000003f05bf8c00000000bf25c01500000000bfb4bf4500000000403c3ff9
00000000bf923ed500000000bde4bcd300000000bfe2bdbd000000003e78bdd4
00000000b9fe3e8800000000be30be8c00000000bdc53ea1000000003e653f08
000000004078bfb8000000003e083fd5000000003e0fbf39000000003e59bf0a
000000003e58bef200000000bc1bbea7000000003e893f16000000003f75be6a
000000003f7b3e33000000003faabdef000000003f89c0040000000040343e0e
000000003f9dbf4e000000003dabbf7e000000003e30bf8400000000bec8c059
00000000bf03bf8c000000003f8e3f30000000003d84bd9400000000bef8bf79
00000000be973f94000000003e76bedf00000000bf46befa00000000be823d8d
00000000bd71426400000000bf8ebecf000000003ef23f5e00000000be933d2c
000000003f6c3d6a000000003e183fb3000000003f913ec100000000bfb6bdb8
00000000bfbcbf3d000000003e9bbfe600000000bfc53fa1000000003e72bffe
00000000bfa53edb00000000beeb3f20000000003eff3e6e00000000bc73be4d
00000000bdba3dd2000000003e3c3fa300000000bf66beac000000003f783da2
000000003e293f20000000003eb4bf4b00000000bcd43f01000000003f55be16
000000003f18be1100000000be583d4400000000bf41bf28000000003f013ff2
000000003fde3d410000000040b03e85000000003d50c01b0000000040133e47
000000003f82bf5000000000c0f5bd45000000003d7abec7000000003f2b3f67
00000000bfcebf70000000003e0e3d8400000000bdc0bf6c000000003eefc022
000000003eaa3e5700000000bd5dbf4000000000bea23e82000000003ee7be4c
00000000c03fbf8f00000000402cbfc7000000003e9b404d000000003f9cbecc
000000003f03bc8a000000003e81bcf2000000003eb23b2000000000bcee3cec
00000000bea5bece000000003e963f84000000003e8f3f0f00000000bc223f8d
000000003e4ebde500000000bff84053000000003d8a3db2000000003f923a19
000000003f01bf25000000003db5be9e00000000bf38be09000000003e84bed0
00000000bf55bcdf000000003f093d43000000003d8bbfb400000000bef4bd30
00000000bf903fa400000000bdb43d8d00000000beecbe9f000000003f32be9e
000000003da1bf60000000003e143e92000000003f45bea700000000be143ea5
00000000bda33e5c00000000c089402600000000bfdb3c3f000000003eae3f59
000000003fa83faf000000003dbdbfa500000000be603d8100000000be7a3fbf
000000003c833f4b0000000040883f1d0000000040073e99000000003f59bd0d
000000003d3b3f9400000000be97be5500000000beb3bf0d000000003f023f34
000000003f43bd2000000000bb43bf6200000000bf9b3f9500000000bc133edb
00000000befe3f6f000000003f62bf5700000000bc6abf19000000003d1f3b85
000000003e083f2e000000003fa9bf3c000000004015bd0d000000003ea83d6b
00000000bea13f9300000000bf283b2d00000000401b402600000000be2cbc72
00000000bdc33e99000000003edfbe82000000003fd0404e00000000bf513ea0
000000003f6c3f01000000003f3fbd9e00000000bccdbf0400000000bf503cae
000000003ebc3f02000000003fba3d57000000003fd0bf1d000000003e85bf9d
000000003ff8bedb000000003ea7be9200000000c0163dda00000000bef53eab
000000003f21bec000000000bff83f4a00000000bfe33d0b00000000bee83f04
000000003e3bbd9d0000000039e3bc9200000000bba6c03e000000003bf9c00d
000000003eb43d0900000000bd323e8a00000000bd11c001000000003ec13f00
000000003f39bdc700000000bd773d5400000000bdfdbf15000000003e74bdbf
00000000be8e3c0500000000bfa43ea000000000bf623f71000000003c38401b
000000003d3fbea600000000bd654021000000003f803e55000000003eb43e09
00000000bf4e3f56000000003e60be52000000003f2abe9c00000000be903d4f
00000000bf9a3cad00000000be76bf4300000000bf3ac006000000003f40bf24
000000003c18bd2f000000003e18bda8000000003eaf3f83000000003ea33e6c
000000003d72bdff000000003fd03f0b000000003e5fbf5100000000bedbbe4e
0000000039fa3d9300000000bfa13d6700000000bebdbd28000000003b0b3f22
00000000be6ebe9500000000bec9bda5000000003ebebda5000000003cb8bf7f
000000003f153ef900000000bd983e5700000000bf213f0f00000000c0483de0
00000000be9f3fc700000000bf1ebd2d000000003f4bc00600000000bfc83dc6
000000003e503ca300000000bb81bf2a00000000be633c08000000003ff5be53
00000000bbd03e1b000000003e9abf0f00000000beb03dab00000000bf08bf1e
00000000bf4e3d6b00000000be2b3c4f000000003f6abc80000000003f59bfad
000000003e28bd19000000003f633d17000000003cd8402c000000003e643bc3
000000003d11bea200000000bfbfbd86000000003e0fbf85000000003d9ebf09
00000000bf5bbf32000000003c9f3e3900000000bee93ff7000000003fabbd3b
000000003d22be38000000003f9b3f5d00000000be633fb2000000003d5a3e83
000000003f093e9200000000be513f7700000000c0033fad00000000be223f31
00000000c04f4012000000003e243f6f000000003ea5bf8b00000000be4d3eb6
000000003f4fbdd2000000003d0cbf2a00000000be81bd8200000000bf5e3e07
00000000bdfbbeee00000000bc28bc30000000003fd83f8300000000bdb83ea2
000000003f323fdc00000000c07dbe8e00000000be933f82000000003fea3fda
00000000be243ee3000000003b11be98000000003c633f3300000000c0513f95
000000003fae3e5600000000bc23bd03000000003dc03e8000000000bbd9bfd3
000000003f533f1c000000003f07bda6000000003ca9be85000000003d843ea1
000000003e22beb200000000bf523fc6000000003e9c3fb2000000003cdf3ea3
000000003cb4bea0000000003f333faa00000000bf413f89000000003f1cbfe6
000000003f78be53000000003d0dbe1900000000bede3edf00000000be313e9f
000000003dd9bf1a000000003fafbf02000000003e0cbf1e00000000bebc3e95
00000000bf0b4298000000003ea5bfe8000000003f2ebf2d000000003f84be9f
00000000bd5fbe9f000000003e933faa00000000be6abe62000000003edf3d78
000000003ebdbf6a00000000400fbf3600000000be38beeb000000003caabcff
000000004009bf24000000003f023bc200000000c00ec0070000000039e63e07
000000003d67bfb4000000003eecbe9300000000bf183ea7000000003e54bcdc
00000000c0413cde00000000bf81bfe4000000003d37bdd0000000003e613f72
0000000040663ecd000000003d5f3fe800000000be173fcf00000000bdd43cdb
000000003fcd3ddf00000000bf73bfa000000000c0383cc3000000003de8bf77
000000003f59be8000000000c01a400b00000000bf3fbf51000000003eb9bc83
000000003ec33e7e000000003fd63bda000000003e7e3f85000000003f913fa1
000000003e773e54000000003d923f01000000003e0cbfec00000000be9e3d3a
000000003f1bbf3400000000bef6be3c000000003fcc3e6d00000000bdaa3de6
000000003f39bd59000000003fdc3ce6000000003f183e6700000000be75bdda
000000003d0b3f3600000000bf83bfff00000000bc76bf2e00000000bd493ac4
000000003fa13f03000000003de3bf05000000003ec73d00000000003cea3f86
00000000bfbd3f1b000000004047bd8200000000bf50beff000000003f8bbd98
00000000be31bf3900000000bed9be7e000000003f10bdf10000000040393f75
00000000bcaebf8a0000000040003e6700000000bd683e28000000003eedbfd4
000000003fee3cea000000003d30c03f00000000bc14be9c000000003f88be9b
00000000bfbb400a00000000bed6bf97000000003bb2bd7800000000bfb93f8d
00000000bd44bec8000000003f12c00c00000000bfb0bd9400000000bea63dac
00000000beafbc6100000000bf88bfbe000000003f533fd6000000003dc13fdd
000000003ea8bf8d000000003e9fbde00000000040113c9d00000000bf13be1b
00000000bf16be5f000000003dfa4037000000003f563f8100000000bca53f84
00000000bf46bfa8000000003c8cbd9d000000003d043f6c00000000be5abe6f
00000000be813c8400000000bf143e30000000003fbebf29000000003f40bf0b
00000000bfa5c01600000000bf89bc3000000000be7c3e28000000003efa3f52
00000000bf06bec200000000bf08c09e000000003f25bee000000000bd44bf1c
000000003f8ebf36000000003ceac00a00000000bd35bf7d000000003eabbd2b
00000000bf033e3a000000003ee93e52000000003dc03cc200000000be92be97
000000003c6cbffb0000000040433eb7000000003d64bff8000000003f5abd06
00000000be1d400d000000003e2d3e9600000000beac3cce00000000be9c3f68
00000000bf203e37000000003e30bf8600000000bf8e4053000000003e503dd4
000000003ecb3f2900000000bf23be3400000000be653ef200000000bef4bd30
00000000bf61bf6300000000be433f4a000000003e05bd7c00000000bf0f3ecb
000000003dd63eba00000000bf313c4f00000000c029bf2400000000be903d3f
00000000be8b3f4d000000003ec4bfb7000000003d8abca500000000be0e3f8e
000000003f1e3f6d00000000bf50bedf000000003f3dbea5000000003fc7bebb
000000003b1a3ed600000000bc13bf8e00000000be3cbd8f00000000c002bf3c
00000000bc3c3fa3000000003e88be49000000003da6bf4800000000bde83ed2
000000003e66be6500000000bb4fbdb3000000003ee4bf1b00000000bfe23d73
000000003d8b3d25000000003e293f0e00000000bed0bcca000000003e243e59
00000000bee63e5200000000bedfbd7400000000bd5abe45000000003dfd3eac
000000003cdabde4000000003ec53e8700000000bdbcbf8700000000bf2f3f88
000000003e833f81000000003dd7bd0f00000000bbd73a86000000003dc43f62
00000000beedbf6f00000000beb4be9f000000003f0e3d0400000000bebc3d26
00000000bf574004000000003f9f3e5800000000c0043b92000000003f06be8f
000000003d9cbff7000000003f58be4200000000bfca3d28000000003f0bba1b
000000003e3cbff900000000bf733fe300000000bfe5bfa300000000be20bfac
000000003bfe3e4000000000403b3e17000000003e5abdd900000000bfe3bf67
00000000bf44bd2c00000000bdcfbfb3000000003e42bf5a000000003ee3bfe4
000000003ed43d98000000003f4ec05c000000003ebabef2000000003f43bec4
00000000be85bfbd00000000bd5d3e8500000000bf1abe17000000003f993e54
000000003edf3e5c000000003e053ef100000000bf0a3f08000000003ee9bdfa
00000000bf2dbc8c000000003ed2bbce000000003d7b3dea000000003e16be8d
000000003cec3e44000000003f6abf6a00000000be11bf5000000000bf1a3ff8
0000000040883fef00000000bf97bfb800000000beb23f9c000000003e5d3ef9
00000000bf04be86000000003e4cbd1600000000be01bfd000000000beecbee6
00000000be4840b0000000003f2a3f86000000003ed93e5800000000be77bc5a
000000003f8b4007000000003fb2bfb100000000bba2be76000000003f94bd30
00000000bf94bf83000000003f86bf9a000000003dedbdaa000000003db1bf96
00000000c0b7bf1400000000beb5bf9000000000bf42bef30000000040083d0d
000000003f2cc01a00000000be083eaa000000003d673f4d00000000bea7be37
000000003f6dbe78000000003d83ba7500000000bc3f3f73000000003dffbeec
000000003e04c24100000000be683d9900000000bd713f89000000003ef03fd9
000000003eeebd7800000000bedbbe54000000003da23c6300000000bee44014
00000000bfb4be9400000000bfb3c030000000003e8e3dfa000000003f2fbecc
0000000040313dcb00000000bf18bd9e00000000bda13ef900000000be65be86
000000003d193cc900000000c061bd65000000003e36be9b000000003d06befc
000000003f7c3fd100000000beb4bfce00000000bc793e99000000003fe04013
000000003eea3d02000000003ce2bda300000000bf00be83000000003ea03f3f
000000003e3e3e80000000003f293fbb00000000bf14be83000000003c56bec2
00000000bed53de500000000c0253da4000000003f24bccf00000000be70c066
000000003c95c05d00000000bfb23edd00000000be20be1500000000bfb53ffe
000000003e7ec007000000003ddbbf0d00000000c019bdbd000000003f1abf36
00000000bdba3a6a000000003f183e5d00000000bcaabde000000000bd2fbe58
00000000bef1bf5e000000003f38bece000000003e6ebc0c00000000bed9bf00
000000003eaf3e8600000000c03bbe7900000000bed93e19000000003d84bdf5
000000003e3dbf36000000003f833c1500000000bdc9be9900000000bfd1bf6e
000000003ebf3e4900000000be98bea9000000003f88beec00000000bee33f88
000000003decbb69000000003a863f2900000000401dc01200000000bf08bef4
000000003eb5bf4900000000be403ecd000000003fac3af9000000003f81bd8d
000000003e853f01000000003bb7bcb000000000bf553ed4000000003e82be6c
00000000bfc13f3600000000bea23f800000000040083f3100000000beb53f94
00000000bf37bffc000000003e29bec600000000bfae3cb900000000bdc2bdd5
00000000bf533ea100000000bef9bfa400000000bfeb3f4e000000003df13fc2
00000000bedb3dac000000003d743f9f00000000bf823d55000000003d19bf64
00000000bef5be81000000004009c031000000003e27be81000000003f433f2f
000000003da0bde2000000003d4fbe25000000004012bd9e000000003e30bd9a
000000003df4bfc800000000bded3ead00000000bf3dbeaa00000000bfab3e17
000000003e9abe38000000003e4abfac00000000bf20be02000000003ef23e06
000000003f01be22000000003eb23fb500000000bf48bd31000000003f67bcdf
000000003ee13cdc00000000408dbec1000000003ed33f2f000000003f683f0c
000000003e1dbf3700000000bde9bfca00000000c014be20000000003e4e3b4f
000000003f293fa600000000bd99bc10000000003fe7bfd000000000bf973f58
00000000bf98bfe3000000003f313ed500000000bd39c077000000003f9c3f97
000000003e2a3eca00000000bce33e8000000000bfd03d1700000000bf01bcdf
000000003db0bf1000000000be003fc7000000003f143d9a000000003f28bf58
00000000bfdd3e1700000000bee93c41000000003edec00000000000bf3abd9e
000000003f903d9b000000003f75be1800000000c026bbbb000000003d143f30
000000003e653e91000000003da4400800000000bc86bec100000000bf50bf19
000000003e55409200000000be923f9400000000beb9be6000000000bfa73d58
000000003edf3b3400000000be13be05000000003db9bfaa00000000be32bca1
00000000c01fbdca000000003f84beaa00000000bed0bff100000000be53bf0f
00000000bf613ef800000000be8ebf18000000003f4abe1800000000bf37bee8
000000003f2d3d66000000003f9dbe5a00000000be91bd8a000000003f6c3e56
00000000bee93f00000000003e78400e000000003d8b3f8c00000000bcfebe5b
00000000be57bf7e00000000be28bc4700000000bf7abda9000000003dd0c024
00000000bd073d98000000003e81bdf900000000bf1dbf5e00000000bcf83e47
00000000c01fbecc00000000bd4abcd300000000bff5bcae00000000bde73d24
00000000bf453e8f000000003f83bfd900000000bf833f6c000000003e3a3d98
00000000c046bf7d00000000c0aebf93000000003feb3b62000000003cc4be11
000000003e4e3af7000000003d40bc7900000000be1b3d87000000003d683ff4
00000000be8e3ebf00000000beb4bdc1000000003f603f4d000000003e82bda4
00000000be18bfcb00000000c01f3e8500000000be35bf9400000000bfbcbeca
000000003f4d3de7000000003ea24007000000003fd7bdc5000000003e13bcf4
00000000bf1b3f0c000000003f7b3e2c000000003d7e3c8a000000003fdabe99
00000000bd823e0500000000be40bf39000000003f1dbd2200000000bfa63edd
000000003e9bbf39000000003ffbbf1100000000c0093e39000000003efebda4
000000003ea53eab00000000bdd33f5000000000bd6b3eea00000000beaabe8f
000000003fcf3dce00000000be99bf0800000000bfc3bc6500000000bf493f90
00000000bd8e3f26000000003dd8be0500000000bd97bdf300000000bf8ebf7b
00000000bf0c3e1d00000000be06be8f00000000bea63ef200000000bf063f84
000000003ce93ecc00000000be7fbe87000000003ed7bc9000000000bdf3bf49
000000003f29bdbd000000003f27be87000000003df73df8000000003f16bd0a
00000000bf4dbf6e00000000beab3e8600000000be333e48000000003e14be53
00000000bf8fbf67000000003e29bf0e00000000be543eac000000003e50bd3a
00000000c0123e8a00000000bf2e3f1e00000000bebcbe77000000003f61bd78
000000003dea42e5000000003f2abe4a00000000bd9bbf88000000003e0c3f8a
000000003f76bf7700000000c0853db000000000be793e6f000000003e113f8b
00000000bd95bd2e000000003de33ed30000000040803e3f000000003f85be7e
00000000bd1d3dfe000000003f403e97000000003e1c3ee100000000bebcbf90
000000003e1b3e89000000003f053f13000000003d553ea7000000003e983f0f
000000003f31beb300000000be2dbe11000000003f673ff7000000003f8bbd6b
000000003f053f0c000000003f08bd4d00000000bf223f86000000003fab4004
00000000bfa93f7c000000003e803e82000000003cbcbf9900000000bf943e01
00000000bc59bf71000000003e603dee000000003dc83fff000000003ee8bdb3
00000000be283e0500000000bfd6bd7a000000003f8abed4000000003f3d3e07
000000003ef6be30000000003f6ebbd1000000003e143e2c00000000bec0bdf6
00000000be70bdd3000000003a133f0e00000000beadbd9e000000003fcfbdb1
00000000bd473e0d00000000bf8b3efd00000000bf62bf81000000003dd6bf2a
00000000be73bf2b000000003f29be9d000000003eae3f4500000000bf073f01
000000003eac3dcc000000003eaa3d22000000003f503e28000000003e7dc00c
000000003eaabeeb000000003f94bf6e000000003e893d0e00000000bfa93c9f
00000000bf3838cf000000003ec53e8e000000003f25bee500000000be133fd2
00000000bf40bf9200000000bd29be85000000003d00bffc000000003e01bea4
000000003fb5bfe4000000004008be34000000003fe2c05a000000003e523e88
000000003b40beac00000000bb35c06400000000be45bc6600000000bdb0bf9b
00000000bf45c07600000000bf143edd00000000bf2c3fde000000003e86bfb5
000000003e94406200000000bf51beba00000000be0fbe63000000003e923f35
000000003e263d33000000003f363e16000000003c953ecd000000003d923fb3
000000003dfdc036000000003df7bc44000000003e2fbf26000000003c64be2a
000000003e3d3fa900000000bedc3f29000000003c54be3100000000bf03bf12
000000003e053d2f00000000bf373f13000000003f0b4018000000003e14be83
000000003eb13f3800000000be153e3500000000bf32bfe200000000bfd53e83
000000003e74be2f00000000be76bf8c000000003d94be11000000003e853f4f
00000000baff3e6d000000003f1d3e6a000000003e68be99000000003e913f2e
00000000bec8c02600000000bf843e94000000003d113d9f00000000bf05403f
00000000bf69bff100000000bfbf3f22000000003dab3e8300000000bf4cbf44
00000000be09c031000000003af8bd74000000003eca4008000000003f1cbc98
00000000bf283fcb000000003f9a3f03000000003e86bfa9000000003d8b3e12
00000000bd9c3ee700000000bda03cff00000000bf2fbfbc000000003ec6bf17
00000000be51bec1000000003f093f4c00000000bfdac11800000000bfa6be68
00000000bd7d3cbd000000003be7bf63000000003eb6befe00000000bfb9bd1e
000000003ee0befb00000000beae3f1600000000beffbf2000000000bd6b3ea6
000000003ef2bef5000000003e9d3e8300000000bf6f3aee00000000be133f0e
000000003d653dc6000000003ed23f2800000000c06abc04000000003e143ef9
000000004008be5600000000bec0bd62000000003ef3bef700000000bbd63e95
000000003fc7beae00000000bf6ebf0b00000000bf5f3f8b00000000be273e8e
00000000be443f8600000000bc6abef20000000040303e2d000000003d76bfd9
00000000bf51bc5b000000003f183f75000000003e7cbdaf000000003de63f07
000000003ef1be95000000003cfa3e8d00000000bdd9be1f000000003f8a3fb3
000000003d15bc3b000000004019bfdf00000000bde33f2c000000004001bfe2
00000000be84bcbf00000000be45bcb800000000bf02bdab00000000be54bec7
000000003f7ebe2300000000be0d3efc00000000c0193e5800000000bf3cbeb0
000000003af7be46000000003ef5bdd4000000003e17bec8000000003f723e04
000000003d0ec02b000000003ffd3f2900000000bea5c05300000000bdfa3f7d
00000000bfb83eb600000000bc56be7b000000003e273fbe00000000bd263f39
000000003f00be23000000003f823f9c000000003eb23e8300000000c02d3e25
000000003eb83f79000000003f49bf53000000003e05bc7600000000bf0fbe23
00000000bed8bd39000000003f89bee700000000be573f8200000000bd28bdd3
00000000bfb6bfe8000000003c9e3f4900000000be673ca100000000bd103f06
000000004011bf4e000000003f52bfcf000000003f4bbee300000000bf11bf16
000000003fd13e8600000000beedbfa9000000003fcf3f02000000003f7f3e81
00000000bfd03eb1000000003e54bead00000000bca03ccd000000003e453e66
000000003eef3f12000000003eba3ea500000000bee4bd77000000004000bfa0
00000000bbc9bfe2000000003f9e3c8b00000000bfa5be9300000000bf793ea5
00000000bd0a3c8a00000000bd20bb4a000000003dfabf79000000003f013fe2
000000003e5bbfe7000000003e6cbe9f00000000bf0e3b82000000003e94bf43
000000003e50bdf000000000bf1cbf0900000000bd263f50000000003fc53ecd
00000000be49bfba00000000bf1d3f7e000000003d80be88000000003e2b3f05
000000003e693f46000000003f123f8b000000003ebabe2500000000bf673ecf
000000004067c2e600000000bedd3f1d00000000bc6d3f1f000000003f973ff9
00000000c0293eab000000003d98bdf7000000003f993ed9000000003d10bbef
000000003f7dbf2f000000003e113efd00000000bf103eae000000003fed3eec
00000000bf183e5800000000be51bf2b000000003d82be3200000000bd393cb1
00000000be8f3e95000000003e24be1800000000bf133e85000000003f2cbe99
000000003f75bee500000000be963fb500000000bde9be12000000003f04bf5d
000000003fa5bf2b00000000be1dbeb100000000be99c04e00000000bdabbc5c
00000000bdcbbf48000000003ea23e18000000003eec3eb600000000bdf43d13
000000003c83401c000000003e7bbeed00000000be583ffb00000000bfb93f8c
00000000bdffbf13000000003f063d9800000000c0463f5100000000bc2f3f01
00000000bcc03dee000000003d133d0600000000bf973f2c00000000befb3f64
000000003e393ffc00000000bea9bec500000000bb85bf30000000003ce03ff4
000000003ec83f7200000000bf8a3f04000000003d4cbfb8000000003c583ee5
000000003dde3f7c00000000bdaa3d2a00000000bf6f3f2200000000bf48bd39
000000003e94beaf00000000bf1e3dca00000000bb9dbf1a000000003f373fd1
00000000bf1abf2f00000000be9b4050000000003fdabfb900000000be09bf3b
00000000bf5abf2400000000bf07be7300000000bea03e6400000000bf493f69
00000000be973bcb00000000beafbd0b00000000bd41be93000000003f05ba90
00000000bec0402c00000000bdb5bde2000000003f7c3db3000000003f14bf5c
000000003f0bbf4a000000003f21bf4000000000bf7dbf6c000000003e4a3e84
000000003d19bc9b00000000bf753f2a000000003d10bffb00000000bf08bdca
00000000bdbdbedd000000003ea5bd9b00000000bf51bfba000000003f503f83
00000000be833fc5000000003cf1bf95000000003f40be43000000003d243f98
000000003e3f3faa00000000ba19bea1000000003f1b3eb300000000bf43bf45
000000003fdcbe34000000003defbf5d000000003addbbb1000000003f56400f
00000000bea73e4a000000003ebdbf4800000000bc1cbea9000000003d4b3e3c
00000000ba9cbf49000000003eb1bea700000000c00abec300000000bf0bbda7
000000003e8abe8c000000003e013e1e000000003e113edb00000000beda3e8e
000000003f863e5200000000c018beb100000000bd3a3f8a000000003d01bec6
000000003f18be4e00000000bf37bf0000000000bf3abe43000000003e8b3d42
00000000be15bb4b000000003ef63e8f00000000be5b401f00000000bf5c3e60
000000003f3b3daf00000000bccbbcba000000003f0f401b000000003d8dbfa2
000000003fb53d2d00000000bbb73edf00000000bd7d3db2000000003e1abc82
00000000bcae3ebe00000000bc17bdcc000000003eb83cce000000003fa4bef1
000000003f92400100000000400cbe9b000000003f4c3ddc00000000be81bf74
00000000bca5bf1c00000000be79bf9600000000bdab3f1d000000003bb43fb5
000000003f1e3f5800000000be773ebd000000003eb23fc4000000003dccbedb
00000000bfbfbca7000000003ee3bf31000000003ee03f1800000000be59bf51
000000003e1bbe70000000003d793ebe00000000beb9bd04000000003e67c00b
000000003f8bbe7c00000000be29be8200000000bdb43fc200000000bf1a3ddc
000000003e4e3f84000000003dbbbd5f00000000bd0bbeb0000000003d2a3ee7
000000003fc23d0100000000bef33db6000000003e48bf8300000000bf23bf30
000000003e4ebf6800000000bea3beeb000000003e92bf3e000000003f483e5d
00000000c008bc5a00000000bf0c3f8d00000000bf37bfbd00000000bd1ebe40
00000000bf4e3ef700000000bfb83e3000000000be70bf7a00000000bf3d3ee0
000000003f713e2b00000000bf393da9000000003f5cbf2c000000003dd7bfa6
000000003ee83e42000000003d253f7500000000bc883eac000000003dc6bfba
00000000bfc03da2000000003f01be8b00000000bd40be6d00000000bb84bee1
00000000bedbbfe400000000be00bd98000000003ca13d9700000000c05bbdb8
00000000bca33e60000000003eb0bf98000000003cafbfdd000000003ed6bdb4
000000003e9d3f2700000000bf923d4d000000003f403f00000000003e77bfa9
000000003e833d2000000000bf30bf2b000000003fc9c03600000000c072bd21
00000000405bbe22000000003fdcbf17000000003d04bd9b00000000bfccbee9
000000003f8fc04e000000003e673e2500000000be903f0c00000000beb2bead
00000000bdacbeb400000000be433c1e000000003e93bbed000000003fe43e5e
00000000bfaf3bdd000000003fc0bef4000000003e893f9900000000c01abec1
00000000be9bc00800000000bd833bc6000000003ec0be5f000000003a9abf3f
00000000bd0c3f93000000003fea400300000000bf803fc4000000003e24c038
000000003fd8be0b00000000beb73f03000000003f163fb6000000003c9f3e1e
00000000bf063f3600000000bed73e79000000003cecbef4000000003e0dbde8
000000003efd3f55000000003d693d9100000000bfbfbe7a00000000bf2c4032
000000003f703ebc00000000bec73f4c000000003e5ebdce00000000402abe9e
000000003ea93e8400000000bde8bcc800000000bfabbcf5000000003e1c3eaa
000000003c08bf8d00000000bd7ebf48000000003dbc3eb100000000bf50bf9d
00000000bf73c2d4000000003e3dbdae000000003e1dbf0a00000000bfbe3f13
00000000bf823e2b00000000400e3cae000000003e40be20000000003fcbbf2c
00000000bff73e3e00000000bd903c8600000000bf0e3f68000000003f8e3d41
00000000c070bf19000000003f41bf4e00000000be043e06000000003f61be0d
000000003c093f3a00000000be24bf10000000003de5bd14000000003e653f31
00000000bf11bdbd00000000bb5b3f53000000003e12bfd7000000003f8c3aa2
00000000bed93eec00000000bdc2be85000000003e05be9a000000003f5c3e97
000000003eb13fec000000003dad3ee6000000003c5bbf0500000000bf803f25
00000000c0363f8d000000003eebbfc0000000003e53bfad000000003e153fc5
000000003e9a3e7c000000003e94bfd6000000003dad3ead00000000bea9bf3d
000000003ed5bf49000000003e953c3d00000000bd8d3fe4000000003d143e58
000000003bdbbf3d00000000bd193c6000000000bf143fdc000000003f29be3f
000000003c85be46000000003f6c3d12000000003f9d3f4a000000003f993d44
00000000beaabefc00000000bd27bd8100000000be833e15000000003e89bd15
00000000bd503ea5000000003e3e3de1000000003f5ebe21000000003f2a3df8
00000000bf6abe3b00000000be69bd7e000000003f713e10000000003dd63dac
000000003de6c043000000003f51be1e000000003f1ebf9200000000bf05c008
00000000bf783d81000000003e6bbf0500000000bb993f6000000000be3bbf26
00000000bff6bef800000000bd1cbf8d00000000bf13beb9000000003e93bceb
00000000bd343cd100000000be953fa400000000bd803c0000000000bfbd3d11
00000000beb63ec3000000003da13f8700000000bf1b3de0000000003e1b4037
000000003f013d66000000003f53bc9b000000003f2ebfd0000000003fb9bd41
000000003d27be01000000003e42bf66000000003ffcbf03000000003d173e86
000000003ec13f2d00000000bf033ebd00000000be433f0e00000000be853e48
00000000be173d3e00000000c003bcbf00000000bf153c78000000003fa23f57
000000003ca2bd4a000000003e563faa000000003f013edb000000003e4e39d0
00000000be213ec6000000003f7d3e05000000003b8bbed5000000003d55be61
00000000bf4c3ee700000000bff93e5c000000003e143e5a00000000beac3fa0
000000003f0cbdd8000000003fcf401d000000003d78bf67000000003f06bf07
00000000c00b3f85000000003f0cbf8d000000003e22be83000000003bff3ead
000000003e87bf8800000000bf39be64000000003df63e9d00000000befa3f8d
00000000bde63e4100000000bf93bcf5000000003dea3f02000000003d38bceb
000000003f163e7300000000be32be23000000003faa3fc600000000c031bfb4
000000003f2b3e4b00000000bcbabfbe000000003ee23f6c000000003d44bdd5
000000003e17bf59000000003f0f3fa000000000c0233e7a00000000bd553e51
00000000be233db300000000bef03ed1000000003fa2bdff000000003f3ebe88
000000003fc9bf4c000000003fb0beeb000000003f2f408500000000bd12bf2d
00000000bf0d3eda000000003e243e7c00000000bf4a3c9000000000be9abdb8
00000000be433e9100000000bf4bbe4b000000003e013e91000000003f863f22
000000003f6bbc77000000003ef83f2300000000be323e52000000003f28bcd1
000000003c4c3fb500000000bec2be8700000000bddebf0900000000406f3f5b
00000000c00b3fbc00000000becb3ee9000000003ee53ddb00000000bd2f3e28
000000003ef9bdf1000000003fe7c00b000000004001bde600000000be013de5
000000003eb5bddb00000000bfa93f6f00000000bee8be6000000000bda2bd3b
00000000be433f31000000003d82bf1b000000003d323e1700000000beaa3e7d
00000000be983eac00000000be09bc12000000003faa401c00000000befebd62
00000000bd963d4b000000003dd63eb700000000bdba3fa9000000003bc73f19
00000000bf383f9000000000bf9f3e9200000000bfbfbf2900000000beaf3dc5
00000000bf46bf4a00000000be2a3d9f000000004047bcc400000000bdd7bd62
00000000be6b3ecd00000000bd0a3e7a00000000bf46bc3700000000401a3da8
000000003da7bcb8000000003af83e3000000000be80bce0000000003e343fa0
00000000beccbe09000000003d81bf7000000000be323f8e000000003e323f83
00000000be21be0500000000bf603c20000000003a9b3f2500000000bf52bee0
00000000be633e9200000000bdc53fbd00000000bd0a3f0000000000bf6a4085
000000003f1e3de5000000003f0b4064000000003cf9be1f000000003f153f04
000000003fcabeca00000000bca7bf9c00000000bee13f45000000003f473fb7
00000000bf1d3e37000000003e33be7300000000bdbb3d8200000000bec13cd4
000000003f95be2f000000003f473af300000000bf96beaf00000000befd3f18
00000000bdd83f1200000000bfacc06900000000c0233e21000000003eff3ea8
00000000be663f91000000003facbefa000000003f093fbb00000000bf303f07
000000003fa3bf0a00000000ba80be94000000003eae3eb800000000bf98bee1
000000003e92bf86000000003fc0bd00000000003e76bf3700000000bf533e5c
000000003f08bee200000000bfc6be7300000000bea2bc9d000000003de53d62
000000003faabdd7000000003ebdbec700000000bee03ee0000000003ef2be8a
000000004052c1ae00000000bf96bf9a00000000bbdfbf2300000000bfc2c046
00000000bd7dbe91000000003f8d3d2800000000bd5dbf98000000003f33bdbe
00000000bf0b3eec00000000bfcdbeeb000000003ef23e1400000000be2bbd0d
00000000be94bd2b000000003afe3f9f00000000bf533dd2000000003fc13d4d
00000000bf32bb20000000003cd63ee700000000bf60beb2000000003eba3da5
00000000befabe32000000003ef1bf26000000003f243e6300000000bf4fbe94
000000003d403e07000000003ec84000000000003f173ebe000000003efa3ded
000000003f86bd1a00000000be74bed5000000003d20bf0500000000be9e3e20
00000000be12bf14000000003e4cbfdd00000000bda73ebf00000000be313e84
000000003fa1bcc500000000bfa0bea800000000bf193e0200000000bf1fbe70
000000003ebb3f02000000003f3b3f9f000000003bbb3ba800000000bf5cbded
000000003eeb3ebf000000003e09c00400000000bedb3d1a00000000bee5be47
00000000bfa33d9600000000bdabbef7000000003fadbe66000000003f63c053
00000000bf86bf1d00000000bf173f2b000000003e17bd6b000000003e884074
00000000bfb9be5c000000003e20400900000000bc013f0500000000be0fbf6b
000000003e9a3e1200000000be6fbe8200000000bd923f8700000000be403f48
00000000be703fc5000000003fa63fae000000003e3ebf6b00000000bf80bfbf
00000000be25be7c000000003f913dd300000000bf6b3d89000000003f303ec6
000000003f713f0600000000be423cde00000000be08bcb000000000bec1bc8e
00000000bf553e93000000003d45bf39000000003dabbf46000000003e0b3f26
00000000bee5bf99000000003fcd4041000000003f903dc0000000003dd63eb4
00000000bf6dc04700000000bec6be2400000000bd46bf8700000000bf013d55
000000003e3fbf9000000000beccbf6200000000bd623e33000000003d933fec
000000003ecd3de9000000003fac3ff2000000003f543f43000000003d613e85
00000000bf603dd600000000bdff3f1c000000003aa53e29000000003f30bf8a
00000000bd01bc66000000003fa63de7000000003f763b2900000000bb413e7b
000000003e79bdae00000000be05be9e000000003f00bf8100000000be7a4009
00000000bf213c87000000003e08bf2c00000000bf933ef000000000bf393d51
00000000be61bfe000000000bc903e51000000003f183e1600000000bfb13f4b
00000000bed53e28000000003fe53fec000000003cc5bfb8000000003c8fbced
00000000bdb13fa200000000bf00bdaa000000003e67bfda00000000bf473f60
000000003e83bee9000000003ed83e0a000000003b3dbe9900000000beac3d06
00000000ba17bf6000000000bfaf3dac00000000bfa83e9b000000003ec0be74
00000000be03bf68000000003e8f3d6700000000bf363d4c000000003bf83eb1
00000000be9fbf53000000003e5fc009000000003e7a3fb2000000003ed33ca6
000000003e57bdb100000000bc093e0b00000000bd463fee000000003f6d3fe9
0000000040003ea2000000003fb7be0e00000000be213fb0000000003f6b3f00
00000000bf07be1700000000bc8e3e33000000003ffc406e000000003c783c97
000000003f0e3c45000000003e7cbeaa000000003cbc407c000000003f2ebf12
000000003e1c3be700000000be163e6600000000bf7ebeb0000000003fc1beab
000000003d623f49000000003db13bf600000000bfef400500000000bfa9be42
000000004002bfae00000000bf5e3e2000000000bdb8bf14000000003f7e3f0a
00000000bf04bd0100000000be863b78000000003f5abe62000000003e1e404c
00000000bf1ac03000000000bdefbf70000000003e933c4e000000003e55bc0d
00000000bf123d65000000003d083ed2000000003f1ebe8300000000bdc94010
000000003f10c0050000000040463cd000000000be01400d000000003faebe29
000000003eaac000000000003e23bde4000000003f06bd30000000003f9f3e58
00000000bea33ba300000000bd50be8e000000003f30bf14000000003edcbebc
00000000bd15bf3d00000000bf4c3f2600000000bf80bee500000000bea7be10
000000003fa2bec0000000003fe8be4700000000be0b3efb00000000bf30bf9f
00000000bc4cbdf800000000bfb83d2e000000003ee5bf8b000000003e923fc0
000000003e133edc000000003de03e35000000003f613de6000000003fe1bee4
000000003fb8bbff000000003ea8be34000000003e563ee400000000bc233d8e
000000003e8f3eaa000000003e883cbe000000003df73f60000000003dad3e9e
000000003d663cb5000000003f8ebea000000000bf61befa000000003be7bd4a
00000000bb613e9800000000bebe3e0500000000401bbe36000000003faebf2d
000000003feabeeb000000003f13bf9000000000bfe5be7200000000bed2bd40
00000000bfb63fea000000003d02bd36000000003fee3d2600000000be9fbe90
00000000bc57bfc0000000003f93bf3400000000bf9a3fa500000000bebe3ed8
000000003e183e90000000003d6cbda200000000bbe3beec00000000bf20be06
00000000bd603f86000000003eb73bf2000000003eb23f0700000000bff33f9f
000000003dadbbb2000000003fb0bfa1000000003f333f24000000003f16bfce
000000003ea63d08000000003a283f7500000000bf57be8d00000000be513ac4
00000000bedbbef000000000be963f0f00000000bd6b3f2900000000bfa63eec
00000000bcd8bd5800000000be1fbf53000000003d813ea2000000003dd33f99
00000000be0a3f9700000000be8abf6000000000bb72bf9a000000003ea33fb4
00000000bf05beb9000000003ece4013000000003f31beb5000000003f06bf1c
00000000bf69bff7000000003db23e1c000000003eb4400a000000003f503eb3
000000003ec7bde800000000becdbf31000000003fa13fa2000000003fb6bd85
000000003f3cbe6b000000003d20bf82000000003f723eab000000003d8a3f6f
000000003dbf3f5300000000bdb4be4b00000000badc3efe000000003e5e3d30
00000000bd0ebf8700000000be873ddd00000000bf0b3edc000000003ece3eab
00000000be4e3c5200000000bf913f61000000003fc03f8300000000bf9fbf93
000000003e4e3d86000000003f18be75000000003f24b9fb00000000bf19c005
000000003f74bf24000000003f95bedf00000000bf70bf03000000003dcfbf6c
000000003ea13f1e000000003ee6bebc00000000bf813fbc000000003ddfbf83
000000003fbdbef400000000bdb03ee9000000003b06bcee000000003e25bcca
000000003facbf89000000003c463d18000000003f3dbf1a000000003e6abeb1
00000000bd803dd200000000405dbe5400000000bd413f4c000000003f153ecd
00000000be80bd1100000000bd5fbc64000000003da63d1200000000bd5a3d9f
000000003eb53f2300000000bdc4bf36000000003dc23f1f000000003f04bf10
000000003deabdd4000000004005bd68000000003fee3d5600000000bf9d3fb4
000000003dc3bfa2000000003f95bc0500000000bd0ec07700000000bfbd3f19
000000003e8e3ea7000000003ffebee5000000003ebcbef900000000bfb93df7
00000000404d3ed000000000bd0fbc6c000000003e53bf5c00000000be803e1f
00000000bf6d3d8e00000000c0953c6400000000be97bff400000000bcab3d09
000000003f1dbfae00000000bde0becb00000000bedfbbad00000000bde0bf5e
000000003fa13ead000000003e5bbd02000000003f9b3dbb0000000040463eab
000000003fc33e2e000000003bf63e85000000003d063f56000000003fa0bec5
00000000bea2be37000000003d223f8400000000be1cbdb900000000be96bdd8
00000000be79bfc9000000003e943e2700000000bde23f67000000003f423cec
00000000be4f3eb900000000bd91bdad000000003c67bf570000000040abbef0
00000000bd383e88000000003ed13f9c00000000bcf93fd200000000bec4bf7d
000000004032bf27000000004083402500000000bb2f3e7e000000003e91bedd
00000000bfb03fe0000000003edac004000000003efbc003000000003f233ea3
000000003d793f78000000003d06bfa8000000003b3e4059000000003f51be86
00000000bfacbedc000000003e873e9c000000003f453eec00000000bd7ac03a
000000003d4f3e12000000003e633f8800000000be48bd55000000003ed73e33
00000000bfb33da800000000be1e3f0c00000000bf41bd0c000000003f58be31
00000000bffbbe1d00000000bf814016000000003f41c007000000003febbf7a
000000003d79bfa300000000be80bf8b00000000be00bf83000000003aebbe9a
000000003e78beaf00000000be9cbf1800000000bdafbffa00000000bf7ebf05
00000000c01fbf0e000000003f4cbe27000000003cb53b6b000000003d5d4025
00000000bfa83fa500000000bf913f6800000000bd86bd7a00000000be243ca6
000000003f5fbe8100000000401c3ed6000000003f2bbf98000000003f9bbf1f
000000003ef5bfc400000000c0303e8e00000000bfc8bf19000000003d05bed3
00000000be50be5b000000003fb33e31000000003e243fa2000000003e19be42
000000003c833f91000000003e5c3d8d000000003f883e0c00000000bf0bbda5
000000003eabbf60000000003f293f24000000003d5abe11000000003d653f59
000000003e833eb3000000003eafbf6d00000000bf32be0b00000000be82bedd
00000000bd31beb400000000bed63fac00000000befa3d3600000000bf503fcf
000000003e8f3d8a00000000beabbd8600000000c01bbecd00000000bf6b3fb3
00000000bf213f2c000000003bb6bcc1000000003fb5bc3c00000000bf91bd1c
00000000bd353f35000000003e0c3e8b000000003d44bf39000000003eaa3fa4
00000000be44bf2a00000000400bbf6e000000003e863fd600000000bf193d2b
000000003e843e0f00000000be523f5b000000003c7a3fbd000000003f603ca1
000000003e583efe00000000be463efc000000003e22bf19000000003f2d3e09
000000003cbec00100000000beaabf83000000003e95bfae00000000bedd3fc5
00000000bd37bf6b00000000bf563df800000000bed3bf31000000003cd2bf3e
000000003cd2bf19000000004001bf61000000003f683c1a000000003ddebfc8
00000000bdb33d4d00000000bf23bf26000000003f643eee000000003b5a3fa8
00000000be333ea7000000003c4a3ee0000000003e643ed000000000be88bedc
000000003f82bf97000000003f1dbefc000000003d9bbf70000000004005c003
00000000c032be41000000003f153fa500000000bca63eb0000000003f693f23
00000000be283e3800000000be22bf9b00000000c0213f9800000000bec2bf8b
000000003db93e85000000003f273def000000003d64bf36000000003f4ebeb7
00000000bebe3e9a000000003f75bd85000000003e52bd84000000003fff3dcc
00000000c0973f5400000000bcfcbf1d000000003f88bed300000000bfab3ef8
00000000bf7d4330000000003fdec07e000000003e4e4014000000003dc2bf9a
00000000bed8bb9d000000003f20be9f00000000bee03ebc00000000bf703da2
000000003c6ebec800000000bf7a3e08000000003e37bdf1000000003e863e87
000000004022bd2800000000bb0f3f6e000000003fe03e84000000003ea2bf19
000000003fa3bdef000000003dfa3b7a00000000bd983e9800000000bfdb3de2
000000003fc9be3a000000003d013e15000000003e8cbf8c000000003f0f3f83
000000003e523f91000000003f3dbfd800000000befb3e9b00000000be52bdce
000000003dbcc00c000000003fa33e9300000000bf193f0200000000bfbe3ed5
00000000bc77bf1c000000003e753d93000000003f6a3d57000000003f23402f
00000000bf09bf2900000000bec93e6700000000be56bf3d00000000be99bf6a
00000000bef9befd000000003fe63daa000000003ecc3e0b00000000be363ef3
000000003e6a3eb9000000003fadbcc400000000be163dc000000000bd35bef5
000000003f08bf44000000003e303c2200000000bf1bbed100000000bf8dbf82
00000000bf8ebe1b00000000be9a3f22000000003e913caf00000000be1bbc9d
00000000bf1fbef3000000004029bf00000000003f673ecf000000003f54bd7c
000000003f12bd4300000000bea73f03000000003c533fdc00000000bea6bda3
000000003ebd3e81000000003f16c006000000003d4bbf89000000003e8e3f95
00000000bfc83f6e00000000be8dbcce000000003e2a3ec1000000003ff3400b
000000003f20402b00000000be2fbea700000000bfed3fc5000000003f0d3ff2
000000003e213bd800000000be22be17000000003f863dca000000003e323e03
000000003e3d3c87000000003e773f1600000000c030bf0000000000be003ee6
000000003f12bf8300000000bf6abe7e000000003e043d2900000000bfe8bfc6
0000000040313d76000000003f773ee400000000be113fac00000000bf403f56
000000003db1bf0100000000bfaa3e89000000003e93bcf200000000bd8b3f07
00000000be923e05000000003ec73e4200000000be11be0e000000003926beaf
00000000bcc2be9600000000be0ebe03000000003f543fa800000000bda73f58
000000003f3f400200000000be2bbf07000000003e983c9a000000003cd93f9a
000000003f273f51000000003d9bbf8400000000bf7ec028000000003e86be3d
00000000bc57bf6e000000003eaf3e4000000000bdb3bf57000000003f80bf30
00000000be8e3e7700000000bd373ef100000000bff23fab00000000bb7d3dac
00000000bc8cbfac00000000bd873d4e000000003e88bf8a0000000040043f55
000000003f00bd9d00000000bf0ebecd000000003e29bc4b000000003f67be37
00000000bf3a3e1c000000003ed13e5a000000003fdd3f73000000003fe03ee1
000000004081bd0d00000000c03c3ede000000003fa63cfe00000000bdfd3e5d
000000003fc9bef5000000003f693ee100000000bf22be5c000000003f08bf9b
00000000be403d710000000040023f32000000003f39be7800000000beb73cbe
000000003db9c05600000000be8abed0000000003efabd1c0000000040453db1
000000003e893e23000000003df3bdbe00000000bd46bd3700000000be953ff6
000000003f0fbf0e000000003d3e3e6900000000bcb1befe000000003d1bc05b
000000003f3e3eb1000000003f4d3e8400000000be1a3f9c00000000bd843e04
00000000bc593f52000000003e5d3fe800000000396e3f6900000000bf2ebc9d
00000000c01c3e93000000003e4c3ea000000000bb913f37000000003eb23f9c
000000003f18bebb000000003fd33e58000000003fc43e5700000000c02abd15
00000000c044bee100000000be2a3f12000000003b373dc0000000003e853f4f
00000000bf193d68000000003f603f41000000003f8a3f9700000000bfde3dff
000000003f313f1800000000bdb54015000000003c97bf15000000003ef53ea6
00000000be02be89000000003d873f1c00000000bdcebd86000000003f4e3df0
000000003f423f92000000003dd33f8800000000bea1be8e00000000bdf0bf96
000000003e4bbf0200000000c00b3e5900000000bde0be92000000003f223f95
00000000c0283f9200000000400bbd7300000000be463dc5000000003e7d4021
00000000beba3f03000000003f613d9700000000bf5bbdc3000000003d903f33
00000000be783fb8000000003f3d3eca000000003d903f3300000000bd0dbd60
00000000be6f3ff4000000003f4440830000000040213cf3000000003f3ebeaa
00000000be14bee000000000bf783e6f000000003e30bd95000000003a1b3d35
00000000be953f0e00000000bfcd3ca300000000be2c3f0a000000003dc6bf1e
000000003e96bdbf00000000c09b3f030000000040063d2100000000beb53f94
000000003ed4bf44000000003f1abdf1000000003d003f5500000000bec3bf9d
000000004004bd82000000003f223b8800000000bf55be2d00000000bf04be9d
00000000be183e13000000003f33bb8a000000003fb43dab00000000bf0d3e47
00000000be1d3d9500000000bfa8bf2b00000000bcb03a8500000000bf833de9
000000003e983fae00000000bebebe1100000000bfdbbeef000000003e48c02e
00000000be3b3cdf000000003f903f9100000000bf4fc00d000000003bc3bf0d
00000000bebd3f4500000000bef33c0600000000bed7bd19000000003e793eaa
000000003e9c404a00000000bf7dbe89000000003f6abf80000000003d2b3f7f
