000000000000c1e7000000000000bfd80000000000003d1a0000000000003e0c
000000000000bc3b000000000000bd570000000000003ec1000000000000bd0e
0000000000003fca0000000000003c810000000000003da10000000000003f92
000000000000bda0000000000000bde80000000000003c520000000000003dbf
0000000000003fa3000000000000beca000000000000bf9c000000000000bed8
000000000000bf91000000000000bfb5000000000000bf1f000000000000bf88
0000000000003f40000000000000bf0f0000000000003f0e000000000000bec2
0000000000003faf000000000000bf6b0000000000003fb1000000000000be8b
000000000000bcf9000000000000bfac0000000000003ffb000000000000bf42
0000000000003ef20000000000003ee3000000000000be530000000000003f59
000000000000be8b000000000000c0070000000000003f3a000000000000bf46
0000000000003fd1000000000000be63000000000000bbb70000000000003ad9
0000000000003f8d0000000000003fc6000000000000bf470000000000003ebe
000000000000be56000000000000bed3000000000000bfbd0000000000003f60
000000000000bdce0000000000003db60000000000003cc90000000000003de8
000000000000bee20000000000003e050000000000003f8d000000000000be1d
000000000000402b0000000000003f0f0000000000003e90000000000000bcc4
0000000000003ed90000000000003d660000000000003f800000000000003ead
000000000000b711000000000000bf6e0000000000003f0a0000000000003ee8
000000000000bdf1000000000000bfde0000000000003ed2000000000000bf87
0000000000003c2a0000000000003f050000000000003fa6000000000000402d
0000000000003cae000000000000be9f0000000000003ea3000000000000bce1
0000000000003ef80000000000003da40000000000003e4a0000000000003edb
0000000000003ff50000000000003d540000000000003ddf000000000000bf94
000000000000bd91000000000000bf940000000000003e0b0000000000003f75
0000000000003e47000000000000bf59000000000000bcd70000000000003fcd
0000000000003ed9000000000000be350000000000003ec00000000000003f34
0000000000003f15000000000000bfbf000000000000bdfb000000000000bf5a
0000000000003ce20000000000003d9b0000000000003c3a0000000000003f32
000000000000bec7000000000000bff6000000000000bd4b0000000000003e4b
0000000000003ed7000000000000bf86000000000000be980000000000003a89
000000000000bf3a000000000000bdb70000000000003cab000000000000bf54
000000000000bf510000000000003d4e000000000000bd9b000000000000bec5
000000000000bf4b000000000000be4e000000000000bb090000000000003e26
000000000000c0260000000000003d960000000000003ef50000000000003de4
0000000000003fbb0000000000003f21000000000000bd430000000000003e0b
000000000000bf07000000000000be56000000000000bf130000000000003ea1
00000000000040130000000000003e4c000000000000bf3c000000000000c01f
0000000000003e370000000000003efe000000000000bccc000000000000bf13
0000000000003ea7000000000000beac000000000000bd690000000000003f55
0000000000003efc0000000000003f120000000000003e07000000000000bfcc
0000000000003ef50000000000003f86000000000000bddc0000000000003ea6
000000000000bed80000000000003eaa0000000000003f900000000000003f8a
000000000000be070000000000003e98000000000000bf99000000000000bee7
000000000000bfac000000000000bd5f000000000000bc93000000000000bf20
0000000000003eeb0000000000003deb000000000000be3f0000000000003e0a
000000000000bf24000000000000bf08000000000000bd1d0000000000003f85
0000000000003d990000000000003bbf0000000000003f9a0000000000003fca
0000000000003bfc0000000000003f940000000000003ef6000000000000bc14
0000000000003da4000000000000bff30000000000003eb2000000000000bee0
0000000000003e790000000000003e0f000000000000c0200000000000003c04
0000000000003c8a0000000000003ed8000000000000bfcf0000000000003f7e
000000000000c031000000000000bc8c0000000000003f38000000000000bed8
0000000000003e74000000000000bd9c000000000000bd9f0000000000003cfe
0000000000003e2c0000000000003de400000000000040190000000000003fa6
0000000000003e19000000000000bea7000000000000bea10000000000003ec3
000000000000bf560000000000003bc70000000000003f1a000000000000bf67
0000000000003fc30000000000003b1a0000000000003f8c0000000000003e2d
000000000000bf6a000000000000bdb3000000000000bf4b0000000000003c8f
000000000000bb750000000000003d380000000000003f98000000000000bfb2
000000000000bfc0000000000000bd810000000000003ec4000000000000bf29
0000000000003e3c000000000000c0a3000000000000bfa70000000000003ea9
0000000000003fdf00000000000040300000000000003bde0000000000003e06
0000000000003ed2000000000000bf59000000000000bc8c000000000000be9f
000000000000bd2c000000000000bcc10000000000003ea7000000000000b8bd
000000000000beee0000000000003e52000000000000bf79000000000000be01
000000000000be13000000000000bd900000000000003ee0000000000000be07
000000000000be150000000000003cce0000000000003c820000000000004002
000000000000bf18000000000000bf070000000000003e8a000000000000bfab
0000000000003f080000000000003f1a0000000000003f810000000000003e03
000000000000bed3000000000000be3b000000000000bf00000000000000be0d
000000000000be39000000000000bd180000000000003f3a0000000000004068
0000000000003da60000000000003ea5000000000000bfd30000000000003e2f
000000000000bfd90000000000003f82000000000000bff60000000000003bff
000000000000bef10000000000003f77000000000000c0660000000000003b42
000000000000bf4e000000000000be6a0000000000003e8b000000000000bb91
0000000000003f6a0000000000003f450000000000003ed50000000000003f4c
000000000000bf5b000000000000bff90000000000003fe40000000000003d08
000000000000409d000000000000400c0000000000003e420000000000003f9d
000000000000be300000000000003d2b0000000000003edf0000000000004010
000000000000bf0b0000000000003ea5000000000000bf56000000000000bfa0
000000000000be2d000000000000be7700000000000040210000000000004019
0000000000003fe9000000000000bde80000000000003dd00000000000003ed2
000000000000bef3000000000000bfa3000000000000bf24000000000000beb7
0000000000003f18000000000000bd88000000000000bc2a0000000000003e36
0000000000003f29000000000000beba0000000000003f8e0000000000003ebd
000000000000c017000000000000bf2c000000000000be0e0000000000003f56
0000000000003fd5000000000000bf2d00000000000040280000000000003dd9
000000000000bc62000000000000bdd60000000000004006000000000000bf9e
0000000000003f37000000000000bf15000000000000bda10000000000003dd6
000000000000bda1000000000000bf810000000000003ad70000000000003da4
0000000000003ef5000000000000bf7b000000000000bdca0000000000003f21
000000000000bf8d0000000000003e81000000000000bf090000000000003eb6
000000000000bf860000000000003e4d0000000000003ee20000000000004062
000000000000bc93000000000000bfe20000000000003f04000000000000bebe
000000000000bc13000000000000bee6000000000000bddb000000000000be28
000000000000bfdc0000000000003f23000000000000bcd10000000000003d7b
000000000000c0900000000000003ee100000000000040040000000000003ea8
000000000000bf3a000000000000bd9a000000000000befa0000000000003da0
0000000000003ed1000000000000bdc10000000000003e930000000000003f67
000000000000be1a0000000000003e9d000000000000bed3000000000000c022
0000000000003d2b000000000000bef3000000000000bdd1000000000000be0d
000000000000befe000000000000c0010000000000003f13000000000000bcb7
0000000000003f33000000000000bf330000000000003e63000000000000bea3
0000000000003c540000000000003f41000000000000bc43000000000000bdd5
000000000000bf4a0000000000003f430000000000003d9c0000000000003e18
0000000000003cc0000000000000bd8d0000000000003e740000000000003f5f
000000000000bf6d0000000000003f0c000000000000bd87000000000000bf76
000000000000bfa5000000000000bf0f0000000000003e910000000000003db9
000000000000bd2c000000000000bf050000000000003e5f000000000000bcfb
000000000000bf97000000000000bd4a000000000000bee00000000000003e1b
0000000000003e6f000000000000bec70000000000003d2e0000000000003eb3
0000000000003f19000000000000bf2b0000000000003e640000000000003f7e
000000000000c0430000000000003e14000000000000bd2e000000000000bf97
000000000000b9e4000000000000bfcc000000000000be1e000000000000be90
000000000000bef10000000000004048000000000000bbf6000000000000bdc8
0000000000003cbd000000000000bf450000000000003e260000000000003c02
000000000000bfac000000000000bdbe000000000000be13000000000000beee
000000000000403b0000000000003d420000000000003d300000000000003fc4
000000000000be87000000000000bf960000000000003f350000000000003eff
0000000000003fdc000000000000beeb000000000000bdf20000000000003fda
0000000000003f020000000000003f1a000000000000bf98000000000000be21
0000000000003eb5000000000000bf580000000000003dc5000000000000c015
000000000000c00c000000000000c003000000000000bef5000000000000bf1a
000000000000bfb4000000000000be900000000000003dbd000000000000bed5
0000000000003eba0000000000003f4c000000000000be600000000000003f2c
000000000000bd85000000000000bf8b000000000000bda8000000000000be1b
0000000000003fd7000000000000bd6c0000000000003f6e000000000000be04
000000000000c20e000000000000be51000000000000c0080000000000003b01
0000000000003f40000000000000be080000000000003ee1000000000000be34
0000000000004013000000000000be850000000000003e31000000000000bfaf
000000000000be150000000000003f2b000000000000bde2000000000000bd61
000000000000be27000000000000bf600000000000003f9e000000000000bead
000000000000bb1b0000000000003f900000000000003afd0000000000003cea
0000000000003ee20000000000003eda0000000000003e490000000000003f18
000000000000be7d000000000000be67000000000000be0e000000000000be79
0000000000003fce0000000000003db10000000000003fba0000000000003d8e
0000000000003f09000000000000be6d000000000000bd65000000000000bea3
000000000000bf37000000000000be76000000000000be3a0000000000003e4c
0000000000003f3d000000000000beea000000000000be03000000000000be9c
0000000000003f330000000000003ed8000000000000be840000000000003f8a
0000000000004053000000000000be56000000000000bd59000000000000bf56
000000000000bf850000000000003e480000000000003f510000000000003f21
0000000000003d4c0000000000003f99000000000000bf05000000000000be8c
000000000000be930000000000003e510000000000003e900000000000003d59
000000000000bc430000000000003f53000000000000bd8f000000000000beec
000000000000bb700000000000003f040000000000003eb0000000000000bf98
000000000000beb90000000000003f34000000000000bd94000000000000c00e
000000000000bf84000000000000bed6000000000000bf470000000000003f42
000000000000408a0000000000003ed8000000000000bf38000000000000bf88
0000000000003c730000000000003f810000000000003f2f0000000000003daf
0000000000003eb70000000000003d11000000000000bfb50000000000003dd1
000000000000bdbf000000000000beea000000000000be350000000000003f16
000000000000bf03000000000000bf50000000000000405c000000000000bea3
0000000000003f3c0000000000003e840000000000003e63000000000000beb8
000000000000bc73000000000000bd90000000000000beb90000000000003e07
000000000000400d0000000000003fb5000000000000bf11000000000000bc7a
0000000000003ea00000000000003ec10000000000003c600000000000003f7a
0000000000003f820000000000003ee70000000000003fd50000000000003fa3
000000000000be2c000000000000c05b0000000000003f95000000000000be29
0000000000003ed8000000000000bf460000000000003f2c000000000000bd48
000000000000be820000000000003d730000000000003f030000000000003eec
0000000000003f38000000000000bf76000000000000bf5c000000000000c01e
000000000000bee9000000000000bdf40000000000003fe0000000000000bea3
0000000000003fb2000000000000bec60000000000003f870000000000003fe7
0000000000003e0f0000000000003dfe000000000000bee4000000000000be3d
0000000000003ea0000000000000c02a000000000000bfe6000000000000bf7d
0000000000003cb6000000000000be22000000000000bf250000000000003e79
0000000000003dc00000000000003d6d000000000000bcb40000000000003fb4
0000000000003f0800000000000040220000000000003cef000000000000be9a
000000000000bf580000000000003c700000000000003dc0000000000000bed3
0000000000003d020000000000003d94000000000000be650000000000003f6e
0000000000003c71000000000000400c000000000000be98000000000000bdab
000000000000bfed0000000000004091000000000000bf21000000000000be62
000000000000bfc400000000000040670000000000003f790000000000003f8c
000000000000bdbc0000000000003e05000000000000bfb4000000000000bfaa
000000000000bf56000000000000be73000000000000bebd000000000000bfd5
0000000000003eb9000000000000bda40000000000003e22000000000000bf65
0000000000003fcd0000000000003f940000000000003d5b0000000000003c9d
0000000000003bf60000000000003f77000000000000bd5d000000000000bd24
000000000000beff000000000000bfe5000000000000c072000000000000bcd7
000000000000bda70000000000003f240000000000004054000000000000be94
0000000000003e93000000000000c01a0000000000003e3d000000000000be0f
000000000000be620000000000003ca5000000000000bfef000000000000bf4a
0000000000003eb2000000000000bd4c0000000000003f1f0000000000003f90
000000000000bcfe000000000000c0950000000000003c9b000000000000be62
000000000000be6b000000000000bfbf0000000000003ea0000000000000bf0d
0000000000003ec90000000000003e4a00000000000040400000000000003ef0
000000000000bed50000000000003e350000000000003ca60000000000003f43
0000000000003e1d0000000000003f380000000000003f810000000000003e95
0000000000003d850000000000003f9a000000000000bd800000000000003e71
0000000000003e58000000000000bd1b000000000000be9c0000000000003eab
000000000000beb10000000000003e4a000000000000be82000000000000bd9e
000000000000bf600000000000003e6f000000000000bdef0000000000003faa
000000000000be960000000000003f6e000000000000bbea000000000000be8b
000000000000bd890000000000003f70000000000000bf18000000000000be29
000000000000be630000000000003f62000000000000bd980000000000003d2a
0000000000003f580000000000003cb0000000000000bc170000000000003d8c
0000000000003fd1000000000000c024000000000000be9e000000000000bce9
000000000000bf2c0000000000003f240000000000003bd70000000000003dec
0000000000003e710000000000003e150000000000003f05000000000000bb27
0000000000003edd00000000000040010000000000003f820000000000003e84
000000000000bc89000000000000bfe80000000000004008000000000000bdf4
000000000000be0a000000000000bf45000000000000be31000000000000bd90
0000000000003db0000000000000bf27000000000000be90000000000000bb5e
0000000000003f8a0000000000003fb60000000000003d79000000000000be23
000000000000be7e0000000000003f980000000000003ee6000000000000bdad
000000000000c0030000000000003e87000000000000be0d0000000000003d2e
000000000000bf250000000000003b880000000000003e820000000000003f52
000000000000bec7000000000000bd1f0000000000003d6a00000000000038ec
0000000000003d8a000000000000bd16000000000000bf4e0000000000003f03
000000000000be2b000000000000bbf60000000000003ef20000000000003dcb
000000000000be37000000000000be89000000000000bbbf000000000000bf07
000000000000bf21000000000000c0050000000000003f6b0000000000003f18
0000000000003f0d00000000000040070000000000003fd70000000000003f25
0000000000003c74000000000000bbf1000000000000bfb60000000000003d2c
000000000000be84000000000000bd160000000000003f6f000000000000bf83
0000000000003feb0000000000003f02000000000000be720000000000003f72
000000000000bffa0000000000003ff30000000000003ed30000000000003c3a
000000000000bb020000000000003f57000000000000bf27000000000000bfe9
0000000000003cee0000000000003f410000000000003d00000000000000be6c
0000000000003f920000000000003ebe000000000000befd0000000000004005
000000000000c006000000000000408e0000000000003de5000000000000bf10
0000000000003f690000000000003c9b000000000000bd3f0000000000003ef1
000000000000bd79000000000000bd530000000000003e220000000000003dfe
000000000000bf4f000000000000be69000000000000be66000000000000bdd4
000000000000be2c000000000000c0860000000000003ea00000000000004033
0000000000003cbd0000000000003fc1000000000000bebb0000000000003f4e
0000000000003e7e000000000000bebf0000000000003d800000000000003c5d
000000000000bb0a0000000000003cf50000000000003fb80000000000003c8d
0000000000003e11000000000000be9a0000000000003ca50000000000003ec0
000000000000bfeb0000000000003f610000000000003f4e0000000000003dc2
000000000000be360000000000003a86000000000000be15000000000000bdb2
000000000000be340000000000003f0d0000000000003c30000000000000be83
0000000000003fbd000000000000bcc00000000000003b8a000000000000be91
0000000000003f3b0000000000003dab000000000000bfe80000000000003fc8
0000000000003fdd0000000000003e910000000000003c8c000000000000bf7a
0000000000003f89000000000000bd90000000000000bab2000000000000bfc1
000000000000bf700000000000003d88000000000000bd400000000000003d42
0000000000003ebd000000000000bd1f0000000000003db50000000000003eac
000000000000bec5000000000000bcad0000000000004032000000000000bd60
000000000000bf770000000000003e25000000000000beef0000000000003f22
000000000000be680000000000003c74000000000000be78000000000000c02d
000000000000bd900000000000003f8a0000000000003de20000000000003da9
000000000000be9a0000000000003d42000000000000bec8000000000000bf9b
0000000000003f15000000000000bca40000000000003f220000000000003eb0
000000000000bf6a0000000000003d5d0000000000003f0a000000000000bffd
00000000000040210000000000003deb000000000000c081000000000000bf5b
0000000000003e5e000000000000bd68000000000000bde40000000000003e32
000000000000be0c000000000000bf2f0000000000003e98000000000000bf78
0000000000003d7a0000000000003fa7000000000000bd830000000000003e88
000000000000bfee000000000000bd770000000000003f270000000000003ca1
000000000000bfcd000000000000bdf10000000000003fb2000000000000bec6
00000000000040060000000000003f020000000000003ee40000000000003f00
000000000000bf54000000000000be94000000000000bf4b0000000000003f3e
000000000000bfa20000000000003bb50000000000003ea0000000000000bf38
000000000000c1a5000000000000bdf5000000000000bf630000000000003f6c
000000000000bb2c0000000000003e15000000000000bf19000000000000bdd3
000000000000bf020000000000003fa3000000000000be5b0000000000003e8a
000000000000bea5000000000000bdcc0000000000003d8d000000000000be0d
000000000000bea30000000000003b81000000000000bf280000000000003f0f
000000000000bf6a000000000000bf1e0000000000003f0f000000000000be86
000000000000bcf00000000000003e2f000000000000bed20000000000003f3a
000000000000beb90000000000003f9b000000000000be2c000000000000bd3e
0000000000003f450000000000003e2d0000000000003f07000000000000405e
000000000000c0900000000000003ecf000000000000bfd0000000000000bf4d
000000000000bffe000000000000bf890000000000003e48000000000000bfb7
000000000000bdc6000000000000bd89000000000000bfa5000000000000bf68
000000000000beea0000000000003e090000000000003e5a000000000000bf40
0000000000003ded0000000000004087000000000000be8a000000000000be9c
0000000000003ef1000000000000be6c000000000000bf12000000000000bd41
0000000000004006000000000000bec7000000000000bf03000000000000be78
000000000000be7f000000000000bca00000000000003f430000000000003db7
0000000000003d180000000000003db20000000000003ecd0000000000003eac
000000000000be50000000000000bce00000000000003eac000000000000bedc
000000000000be4c0000000000003f79000000000000bdc40000000000003ed7
000000000000bfd60000000000003fa7000000000000be780000000000003cb1
000000000000be320000000000003f41000000000000bf2c0000000000003e06
000000000000bef1000000000000be890000000000003ec8000000000000be78
000000000000bd35000000000000bcc90000000000003b5b000000000000bda9
000000000000bf3a000000000000beba0000000000003ec9000000000000bfaa
0000000000003fa4000000000000bf4e000000000000be5a0000000000003f75
000000000000bbd4000000000000bd18000000000000be6e0000000000003d91
000000000000bdbd0000000000003f440000000000003fce0000000000003fb5
0000000000003d53000000000000bfe50000000000003cd8000000000000bf7d
0000000000003f360000000000003eb9000000000000be0f000000000000bded
000000000000be4f000000000000bf0c000000000000bdb20000000000003e05
0000000000003fae0000000000003f12000000000000bf0e000000000000bf1c
000000000000be04000000000000c0240000000000003ed7000000000000be95
0000000000003ea50000000000003f100000000000003fa00000000000003e28
000000000000bfd5000000000000bf130000000000003f4f000000000000bfac
0000000000003e77000000000000bfe0000000000000be6e000000000000bf65
000000000000bf740000000000003fca0000000000003b3d0000000000003f21
000000000000bd1d000000000000bdde0000000000003f9b0000000000003f9e
0000000000003f2a000000000000be2d000000000000bd860000000000003fc6
0000000000003fec000000000000be3f000000000000be220000000000003bc4
0000000000003da5000000000000bee5000000000000bb9b0000000000003e2b
000000000000be2a0000000000003fa7000000000000bd7d000000000000bb8a
0000000000003dc6000000000000bf05000000000000bf4f000000000000be30
0000000000003f700000000000003f520000000000003d6a0000000000003ed7
000000000000bfe300000000000040210000000000003c320000000000003e53
000000000000bfd1000000000000bbc4000000000000bd96000000000000bd82
0000000000003e1c000000000000be94000000000000400c000000000000be90
000000000000be020000000000003e0a000000000000400b000000000000bf2b
0000000000003e8c000000000000bfda0000000000003f8b0000000000003fa6
000000000000bf55000000000000bde20000000000003f4a0000000000003d83
000000000000bf9b000000000000be300000000000003da4000000000000bd78
000000000000bdcb0000000000003f5d0000000000003ef20000000000003ecf
0000000000003e830000000000003f3e0000000000003dc3000000000000be17
000000000000bcd7000000000000bf2d0000000000003d30000000000000be50
000000000000bd19000000000000be690000000000003ea8000000000000be89
0000000000003db8000000000000becf0000000000003ef0000000000000bce4
0000000000003f55000000000000bbf00000000000003f280000000000003db0
0000000000003f5d000000000000bdf0000000000000bffc000000000000be80
000000000000bf1f0000000000003edc0000000000003ed0000000000000bf25
0000000000003e8f0000000000003d30000000000000be6e0000000000003db9
000000000000bd4d000000000000bfcd000000000000be57000000000000bdf0
0000000000003dc90000000000003eec000000000000bcdc000000000000bf9f
0000000000003cc8000000000000bf8c0000000000003ea50000000000003f3c
000000000000bf94000000000000c00e0000000000003eeb000000000000bca1
0000000000003faf0000000000003d8f000000000000bef70000000000003fe2
000000000000bd870000000000003f7d000000000000be4b0000000000003f5d
0000000000003f660000000000003ed6000000000000be180000000000003f1f
000000000000bf6e0000000000003fc2000000000000be830000000000003e2f
000000000000bf93000000000000401b0000000000003ed30000000000003ee1
000000000000bd8f0000000000003d1b0000000000003f2b0000000000003fc6
0000000000003ed10000000000003f550000000000003d83000000000000bea8
0000000000003e98000000000000becd0000000000003e93000000000000bc0c
0000000000003ecc0000000000003fa10000000000003e45000000000000bf13
000000000000bbd80000000000003dc8000000000000bdbd000000000000bd4a
0000000000003e020000000000003e85000000000000bd95000000000000be1d
0000000000003ebf000000000000be8d0000000000003f270000000000003f22
000000000000c02e000000000000c00f000000000000bf4b0000000000003d2d
000000000000bb740000000000003dbe000000000000be850000000000003f3f
000000000000bfff000000000000bd450000000000003e2a000000000000bf4f
000000000000bd2f0000000000003e92000000000000bf120000000000003f1e
000000000000be4c000000000000c03e000000000000bd990000000000003fd4
000000000000bbe20000000000003eb50000000000003f6f000000000000bf91
000000000000bf0b0000000000003f2a000000000000bf410000000000003e00
0000000000003f190000000000003fbc000000000000c067000000000000c02d
0000000000003f2c0000000000003f03000000000000bf4b0000000000003fe3
0000000000003ec10000000000003dc50000000000003c3f000000000000bc12
0000000000003eb5000000000000be45000000000000bc9d0000000000003e9f
000000000000b8ae0000000000003fa3000000000000bed3000000000000406c
0000000000003e7f0000000000003f7c000000000000bfbb000000000000bffb
0000000000003f1f000000000000bd4b0000000000003db80000000000003dd7
0000000000003e42000000000000bf5b000000000000bf0a000000000000bd35
000000000000bebd0000000000003e6c0000000000003e120000000000003f62
0000000000003e7a000000000000bff2000000000000bd780000000000003f88
0000000000003f6e0000000000003f0b0000000000003e050000000000003e05
0000000000003f8d000000000000baf30000000000003f22000000000000bfa0
0000000000003f35000000000000bf5b000000000000beaf000000000000bf23
0000000000003ebc0000000000003dc90000000000003f48000000000000bde0
000000000000be26000000000000bce00000000000003f52000000000000be30
00000000000040320000000000003e810000000000003db6000000000000bedd
000000000000bf020000000000003d8e000000000000bff10000000000003d66
0000000000003dab000000000000befa000000000000bd19000000000000c0b3
000000000000bd81000000000000bbd2000000000000bf65000000000000bfb4
000000000000bba5000000000000be5c000000000000bfb0000000000000bfa5
000000000000bf34000000000000bedd0000000000003f400000000000003f45
000000000000bec70000000000003cc60000000000003f1f000000000000bf06
000000000000bedc0000000000003f230000000000003df7000000000000bf1d
000000000000bd01000000000000bece000000000000bec80000000000003c8c
000000000000bee70000000000003e8d0000000000003ec70000000000003e5d
0000000000003f5f000000000000be830000000000003ed5000000000000bf35
0000000000003efa0000000000003fd90000000000003fc80000000000003ef8
0000000000003e73000000000000bd0f0000000000003f8f000000000000bf12
0000000000003da20000000000003ea50000000000003d9b0000000000003fa8
0000000000003de8000000000000be320000000000003f030000000000003d17
000000000000bdd10000000000003e1b0000000000003efe000000000000bf21
000000000000be10000000000000bc090000000000003eae0000000000003fe6
000000000000beb00000000000003ded000000000000bdb80000000000003edc
0000000000003bea000000000000bf1c000000000000bea10000000000003f24
000000000000bee1000000000000bd47000000000000bcd6000000000000beca
0000000000003ea00000000000003e1f000000000000bf6b000000000000bf7e
000000000000c067000000000000bca0000000000000be86000000000000c014
0000000000003db1000000000000bf87000000000000beb5000000000000bf52
000000000000401b000000000000bedb0000000000003a03000000000000bf31
0000000000003e73000000000000bf81000000000000bc83000000000000be73
0000000000003a02000000000000bf3d0000000000003e3a000000000000bf2b
0000000000003e670000000000003e31000000000000bd8c000000000000bed8
000000000000be320000000000003fa9000000000000bb9b0000000000003dab
0000000000003f250000000000003e7b000000000000be410000000000003f24
0000000000003d5f0000000000003f0c0000000000003ec60000000000003e2e
000000000000c0a6000000000000bec40000000000004010000000000000bab2
0000000000003d770000000000003ce80000000000003f16000000000000bf75
000000000000bde6000000000000bf03000000000000bffa000000000000c003
000000000000bf57000000000000bf1c000000000000bfad0000000000003e26
000000000000be1b000000000000bbfc0000000000003e34000000000000bd8e
000000000000bf08000000000000bba10000000000004017000000000000bf92
0000000000003dc0000000000000be6a000000000000bf2a0000000000003f0b
000000000000bd680000000000003f4f000000000000be1e000000000000bde0
0000000000004080000000000000bbe20000000000003fe90000000000003eb2
0000000000003ebd000000000000befc000000000000bfd70000000000003f02
000000000000bf09000000000000bffc000000000000be200000000000003dc7
000000000000be4c0000000000003fe0000000000000bf6b000000000000bf79
0000000000003db40000000000003fa4000000000000bcb8000000000000c00b
0000000000003e2b000000000000be5f000000000000be380000000000003f18
000000000000ba030000000000003e1b000000000000bee9000000000000bfe8
000000000000bf97000000000000bf010000000000003ea9000000000000bee1
000000000000bee10000000000003f19000000000000bc90000000000000be88
000000000000bf130000000000003d89000000000000be6e000000000000bf62
000000000000bdf8000000000000bdd60000000000003ec5000000000000bd9b
000000000000be96000000000000bf0b0000000000003c540000000000003f39
0000000000003d2d0000000000003e750000000000003e6e0000000000003ebf
000000000000bf3d000000000000bf3f0000000000003fdc0000000000003d8e
0000000000003e71000000000000bb760000000000003eb9000000000000bd4c
000000000000bd98000000000000bf8c000000000000bc2d000000000000be4b
000000000000be04000000000000bde4000000000000bf87000000000000bd3d
0000000000003e63000000000000be130000000000003f26000000000000bc6e
000000000000be960000000000003e610000000000003e7e0000000000003f98
000000000000bec30000000000003f510000000000003ee5000000000000bed2
0000000000003e810000000000003f5b000000000000bda2000000000000bcf4
000000000000be470000000000003e930000000000003f0e000000000000c068
000000000000bf8b000000000000bc39000000000000bfb4000000000000bfea
0000000000003ffb0000000000003e89000000000000c0330000000000003c33
000000000000bc4b000000000000bff60000000000003d9b000000000000bfae
0000000000003ea90000000000003fca000000000000bd870000000000003e57
0000000000003cd8000000000000bf04000000000000be55000000000000bfed
000000000000bf1e000000000000bf67000000000000be660000000000003f66
0000000000003f570000000000003d5d0000000000003991000000000000beac
0000000000003eb3000000000000be64000000000000bdb90000000000003f32
000000000000be4c0000000000003d0d000000000000bfbc000000000000beae
0000000000003dbc0000000000003e07000000000000bf750000000000003ce6
000000000000bd8b000000000000bd79000000000000bf940000000000003f78
0000000000003f71000000000000bfdb000000000000bfe7000000000000bded
0000000000003f9e0000000000003d5a0000000000003ce80000000000003dd7
0000000000003e2f0000000000003eb1000000000000bf5c000000000000bb9b
0000000000003f40000000000000c05b0000000000003daf0000000000003da2
0000000000003f2c000000000000be30000000000000bfff0000000000003e8f
000000000000bf1b0000000000003dc4000000000000be490000000000003dc7
000000000000bf58000000000000bee8000000000000bfd6000000000000c052
0000000000003fa3000000000000bec4000000000000bf7a0000000000003c64
000000000000bd97000000000000be170000000000003d5b000000000000befa
000000000000bf53000000000000bd190000000000003e8b000000000000bf54
000000000000be7c0000000000003d070000000000003bb5000000000000bf12
000000000000be750000000000003cb80000000000003df80000000000003c62
0000000000003e430000000000003fe50000000000003f400000000000003e03
0000000000003e3b0000000000003cd50000000000003fdd000000000000bfdb
0000000000003eb60000000000003e180000000000003e930000000000003d33
000000000000be90000000000000be8a000000000000bf550000000000003ed7
000000000000be82000000000000bf75000000000000bee90000000000003bb4
0000000000003e1d0000000000003f4a0000000000003e4f0000000000003ded
0000000000003edf000000000000bef8000000000000be980000000000003d56
0000000000004029000000000000bf050000000000003e30000000000000bd79
000000000000bf55000000000000bf70000000000000bd710000000000003e92
0000000000003f960000000000003f8c00000000000040270000000000003e90
0000000000003e4c0000000000003f1c0000000000003dd5000000000000bfb6
000000000000bfd6000000000000bee8000000000000be930000000000003f34
0000000000003f080000000000003e460000000000003eed000000000000bf2d
0000000000003e9a000000000000bd06000000000000bffa0000000000003ff5
000000000000bc77000000000000bf8e0000000000003dda000000000000befe
0000000000004009000000000000be6a000000000000bf110000000000003f07
0000000000003e5d0000000000003f930000000000003e1a0000000000003e8a
000000000000c0820000000000003e71000000000000bd39000000000000be62
000000000000bed3000000000000be140000000000003fc00000000000003f89
000000000000bf87000000000000be6a000000000000c0400000000000003f2a
000000000000be2a000000000000be1d000000000000bfc20000000000003f19
000000000000bed80000000000003d9f0000000000003ec6000000000000bdc9
0000000000003d35000000000000bd0c000000000000bc67000000000000bcd7
000000000000bfd5000000000000bf2f000000000000bdc4000000000000bd03
000000000000bd970000000000003ee3000000000000bf730000000000003dcd
000000000000be4b0000000000003e0d000000000000be97000000000000bf92
000000000000bf81000000000000bd060000000000003fac0000000000003fa9
0000000000003e660000000000003d9f000000000000bf7d0000000000004004
0000000000003eb4000000000000be830000000000003e32000000000000bc52
000000000000bf900000000000003e3d000000000000bce60000000000003ba7
000000000000be26000000000000bf6d000000000000c0160000000000003f8f
000000000000bee7000000000000bfc20000000000003e740000000000003f7b
0000000000003cfa0000000000003f35000000000000be03000000000000beab
000000000000bed80000000000003e430000000000003e560000000000003e53
0000000000003de80000000000003f1a000000000000bf06000000000000bdbc
0000000000003f0e000000000000bf20000000000000be890000000000003aee
0000000000003f9a0000000000003f14000000000000bec3000000000000bf20
0000000000003d07000000000000bd1e000000000000c00b000000000000bffe
000000000000bee60000000000003f110000000000003fe5000000000000bdd2
0000000000003ba90000000000003e280000000000003f6e0000000000003f0f
000000000000bf8f000000000000be7d000000000000bd3f000000000000beb7
0000000000003e75000000000000bdf1000000000000be050000000000003f21
000000000000be640000000000003d8c000000000000bea10000000000003dc9
0000000000003e930000000000003f00000000000000beb20000000000003c1c
000000000000bdd5000000000000bf620000000000003bff000000000000bef1
000000000000beb2000000000000bf0b0000000000003ea80000000000003f70
000000000000bd840000000000003fbe000000000000bc1e0000000000003def
0000000000003dc4000000000000bdf1000000000000bccb0000000000003fa8
0000000000003e270000000000003d85000000000000bd750000000000003e7c
0000000000003f73000000000000bee70000000000003b97000000000000bf88
000000000000be02000000000000be370000000000003f00000000000000beb7
0000000000003f3a0000000000003def0000000000003ef5000000000000bd1b
0000000000003e080000000000003e46000000000000bf44000000000000beab
000000000000bec7000000000000bd460000000000003eb10000000000003f2d
000000000000be1f000000000000be4a0000000000003eb6000000000000be1b
0000000000003ee0000000000000bd26000000000000bf23000000000000bf8f
000000000000be84000000000000c01e000000000000be4d000000000000c04a
000000000000bfb10000000000003ea20000000000003c76000000000000bf17
000000000000bfc60000000000003ee50000000000003c130000000000003ecb
000000000000be91000000000000bfac0000000000003ef9000000000000c01c
0000000000003f0e0000000000003fcf000000000000bf8c0000000000003a85
0000000000003f4b000000000000be120000000000003e95000000000000bf09
000000000000be070000000000003e52000000000000bf830000000000004009
0000000000003d6c000000000000be19000000000000bebf0000000000003c5a
000000000000beb1000000000000bea8000000000000bfa20000000000004010
0000000000003fc90000000000003d53000000000000bd7e000000000000bf08
0000000000003ed50000000000003c940000000000003fcc000000000000bf59
0000000000003e2f0000000000003fbc000000000000bf8f000000000000bfcd
0000000000003dc8000000000000bded0000000000003e210000000000003f4c
000000000000bf7b000000000000be2c000000000000bf93000000000000bd0a
0000000000003e89000000000000bf190000000000003c8d000000000000bd2d
0000000000003f8a0000000000003f5e0000000000003f2a0000000000003f90
000000000000be82000000000000bfe6000000000000be340000000000003f3d
0000000000003f1e0000000000003ebb0000000000003ee80000000000003e30
0000000000003f110000000000003d8c000000000000bf7a000000000000beda
00000000000042e70000000000003f38000000000000bf8a000000000000be36
0000000000003eaa000000000000bee70000000000003f7a000000000000bda1
0000000000003faf0000000000003ea30000000000003e3b0000000000003ec7
0000000000003f8d0000000000003e6a0000000000003e07000000000000bce0
0000000000003d39000000000000be1b0000000000003ffa000000000000bf14
000000000000bf60000000000000beb10000000000003bcb0000000000003e03
000000000000beb50000000000003dd9000000000000ba42000000000000bd2b
0000000000003efe000000000000bfaa000000000000bd860000000000003fa5
000000000000bc8e0000000000003f9f0000000000003bb6000000000000be5c
000000000000bf310000000000003e79000000000000be660000000000003dde
0000000000003d5c0000000000003de4000000000000bfc5000000000000bd8b
000000000000be71000000000000bea0000000000000bf27000000000000bd93
000000000000be7d0000000000003eeb0000000000003e900000000000003f0b
000000000000bedb0000000000003ecd000000000000bccb0000000000003e00
0000000000003f490000000000003f02000000000000bedb0000000000003b31
000000000000be4b0000000000003ef0000000000000bdfe000000000000bf8c
000000000000be680000000000003f420000000000003e0f000000000000c014
0000000000003df20000000000003e92000000000000c00a0000000000003f9f
000000000000403e000000000000bf37000000000000bfcc000000000000bfc1
000000000000b89d0000000000004011000000000000beb2000000000000be22
0000000000004011000000000000c0560000000000003bf5000000000000beab
000000000000bf1d000000000000bf6a000000000000bfd60000000000003f4c
0000000000003d04000000000000bfba0000000000003dc4000000000000be96
000000000000bb84000000000000bd010000000000003e9a000000000000bdfd
000000000000bf4c000000000000be4e0000000000003ffc000000000000be9f
0000000000003e520000000000003f380000000000003d620000000000004012
0000000000003e35000000000000bd740000000000003e7c0000000000004008
000000000000bd92000000000000bd900000000000003e24000000000000bb85
000000000000be02000000000000bda00000000000003c9a000000000000be79
000000000000bb260000000000003d350000000000003f6c000000000000be0d
0000000000003f49000000000000bfbc0000000000003b0e000000000000bede
000000000000bc0e0000000000003e160000000000003f2d000000000000bfa7
000000000000bdf50000000000003e63000000000000bf1f000000000000bc7a
000000000000bf47000000000000bf460000000000003e50000000000000bdb4
000000000000bb96000000000000bfa2000000000000bf0b000000000000bfc9
0000000000003e15000000000000bde4000000000000bf070000000000003f8d
000000000000bf17000000000000bda1000000000000bed00000000000004014
0000000000003e7a0000000000003f25000000000000402e000000000000befd
0000000000003ea6000000000000bdf70000000000003ff60000000000003e48
0000000000003cd6000000000000be9d0000000000003ef7000000000000be22
000000000000bfba0000000000003f51000000000000bfb00000000000003ecc
0000000000003f8c0000000000003fb8000000000000bcc30000000000004017
0000000000003da10000000000003cef0000000000003dfd000000000000be33
0000000000004078000000000000bdeb0000000000003f5b000000000000be1d
000000000000bfa3000000000000bfca000000000000bed80000000000003f63
000000000000c01b000000000000bf5a0000000000003fa30000000000003e4b
0000000000003f65000000000000bdfc000000000000bf140000000000003f32
000000000000bdf1000000000000bf07000000000000bfc3000000000000bd31
000000000000c050000000000000be35000000000000bdcd0000000000003e2c
0000000000003ea90000000000003ea3000000000000bf4a000000000000bf32
000000000000bfc0000000000000bf9e0000000000003f3a0000000000003eb3
000000000000bf6a0000000000003fd30000000000003fd8000000000000be13
0000000000003d990000000000003de1000000000000bf0e0000000000003cd0
0000000000003e3b000000000000bf7c0000000000003dcd000000000000bfde
0000000000003e970000000000003f3b0000000000003e22000000000000bc64
000000000000bf96000000000000bed7000000000000bf42000000000000bda1
0000000000003f9f0000000000003f75000000000000bf0d000000000000bdce
0000000000003ebd0000000000003e83000000000000bf82000000000000bf24
000000000000bd050000000000003e1f000000000000be17000000000000be06
000000000000bfe40000000000003bac0000000000003b92000000000000c01b
0000000000003e74000000000000bfa90000000000003ef6000000000000becc
000000000000bf100000000000003f4a0000000000003fb3000000000000bd6d
000000000000c0620000000000003b16000000000000c04f0000000000003d57
000000000000bec10000000000003fe7000000000000bef0000000000000bece
000000000000bfcb000000000000bd61000000000000bd6f000000000000bc33
000000000000be5c000000000000beeb000000000000be890000000000003db9
0000000000003f720000000000003f31000000000000bda4000000000000bdb7
0000000000003e85000000000000be8c000000000000bfa5000000000000bf8c
000000000000bf52000000000000bf14000000000000bf77000000000000beb3
0000000000003e79000000000000be52000000000000bea7000000000000bd99
000000000000be97000000000000bf300000000000003e10000000000000b952
000000000000bf44000000000000be570000000000003f1b000000000000bd8c
0000000000003c2a000000000000be2a000000000000bf9f0000000000003f1b
000000000000bfcf0000000000003e1f0000000000003fa0000000000000bf8c
0000000000003fc0000000000000be740000000000003e4d000000000000bfaf
000000000000bbda000000000000be57000000000000be8a000000000000bdb6
000000000000bf48000000000000bbd1000000000000be9b000000000000400e
000000000000bdef0000000000003f8b000000000000bcb4000000000000bd4b
000000000000bd5a0000000000003d8f000000000000be8a000000000000be03
0000000000003f39000000000000c01a0000000000003d380000000000003d06
0000000000003f130000000000003fb20000000000003e1d000000000000bf00
0000000000003f94000000000000bf090000000000003f13000000000000bed0
000000000000c068000000000000bf6a0000000000003df3000000000000be07
0000000000003db4000000000000be2d000000000000bf6d0000000000003fc5
0000000000003f3e0000000000003f8a0000000000003f840000000000003cca
00000000000040040000000000003dc0000000000000bf030000000000003f70
000000000000bebc000000000000be9d0000000000003ab90000000000003f8c
0000000000003e8d0000000000003f410000000000003e330000000000003ca3
0000000000003c03000000000000bfac000000000000bc230000000000003ca1
0000000000003ee300000000000040330000000000003f64000000000000bec4
000000000000bce4000000000000bea00000000000003f3e000000000000bf5b
0000000000003e97000000000000bdbf0000000000003e24000000000000bf72
0000000000003e160000000000003e290000000000003dca0000000000003ffd
000000000000bf200000000000003fc40000000000003d70000000000000be3d
000000000000beb30000000000003fd00000000000003f130000000000003e2a
0000000000003fcf0000000000003e5a0000000000003ddf000000000000c03d
0000000000003f8c000000000000bde40000000000003ef0000000000000bfbd
000000000000bda2000000000000bf58000000000000bfc5000000000000bef0
000000000000be71000000000000beed000000000000bf880000000000003e9a
000000000000beb0000000000000bff20000000000003f160000000000003e14
0000000000003f0b0000000000003f84000000000000bda80000000000003c0b
0000000000003ec10000000000003f2d000000000000be3f000000000000bf95
000000000000bed80000000000003db2000000000000bd900000000000003da1
0000000000003d120000000000003f5c0000000000003ea50000000000003fb5
000000000000beb50000000000003f23000000000000bf6c0000000000003ded
000000000000bdda000000000000c0170000000000003f0d000000000000be95
00000000000040530000000000003f350000000000003ed60000000000003e45
000000000000bf3c0000000000003f39000000000000bef3000000000000be08
000000000000be510000000000003f450000000000003eb2000000000000bf36
0000000000003e8b0000000000003dca0000000000003f3e000000000000bf15
0000000000003eb80000000000003d710000000000003fd80000000000003e37
000000000000bd92000000000000bd6d000000000000be800000000000003ec3
0000000000003e49000000000000bd810000000000003b73000000000000bf83
0000000000003c04000000000000bd180000000000003fc5000000000000bebf
000000000000beda000000000000c0030000000000003ebd000000000000bf68
0000000000003fbc000000000000bf9d0000000000003e8a0000000000003e98
0000000000003ea3000000000000bee7000000000000bcaa0000000000003fd2
000000000000be230000000000003f96000000000000404e0000000000003c4a
0000000000003e23000000000000bbd100000000000040710000000000003ff5
0000000000003eb70000000000003ec40000000000003d7a0000000000003e96
000000000000bf9a000000000000bcee000000000000bf46000000000000bfa8
000000000000be920000000000003f4c000000000000bf830000000000003d82
000000000000bc730000000000004098000000000000bf250000000000003f2a
000000000000be200000000000003ed1000000000000c02d000000000000c03d
000000000000be030000000000003e6e000000000000c0110000000000003e8e
0000000000003ecc000000000000bf170000000000003f4f0000000000003f2b
000000000000bd87000000000000be7f000000000000bf0e0000000000003f61
0000000000003ea90000000000003fb3000000000000bf320000000000003ed1
00000000000042720000000000003cdd0000000000003f240000000000003da6
0000000000003d56000000000000bd21000000000000bf4c0000000000003f19
0000000000003eae0000000000003e30000000000000bf040000000000003d51
000000000000bd77000000000000bdad0000000000003f0e000000000000be82
0000000000003ea90000000000003e8f0000000000003dc7000000000000bf35
0000000000003eaa000000000000402e000000000000bb9e0000000000003ed9
0000000000003de8000000000000bf95000000000000be540000000000003d64
0000000000003d71000000000000bea9000000000000bf2b000000000000bfc8
000000000000bf28000000000000bf78000000000000bbf5000000000000bd90
0000000000003f0f0000000000003bbe000000000000bf590000000000003ec7
0000000000003f9f000000000000bf8e000000000000becd0000000000003dd0
000000000000bf23000000000000bc09000000000000be3b000000000000bf65
000000000000be5b0000000000003f270000000000003ef70000000000004016
0000000000003e6e0000000000003e110000000000003e560000000000004043
000000000000be930000000000003ee30000000000003f3a000000000000bf68
0000000000003daf0000000000003ecf000000000000bdad0000000000003de9
000000000000bf4e000000000000bedd000000000000bfba0000000000003d6f
0000000000003f7f0000000000003df0000000000000bf95000000000000bfa7
0000000000003e9b000000000000be5d000000000000bf880000000000003e09
000000000000bbb50000000000003e4d000000000000c0070000000000003f16
000000000000bf090000000000003fdc000000000000ba680000000000003e9c
000000000000bf98000000000000bd54000000000000bf930000000000003e9b
0000000000004018000000000000bdad000000000000bd900000000000003e19
000000000000bf320000000000003db7000000000000bf08000000000000bf09
00000000000040b50000000000003e1c0000000000003e8d0000000000003dd4
000000000000bf91000000000000bfa10000000000003f04000000000000bf4c
0000000000003da6000000000000bd110000000000003d66000000000000bb8c
0000000000003e240000000000003e5c0000000000003ce80000000000003edb
000000000000bf2c000000000000bed4000000000000bc8d0000000000003e31
000000000000bee3000000000000be360000000000003e9e000000000000bf16
000000000000bfa0000000000000bf190000000000003d400000000000003f2f
000000000000be980000000000003dc50000000000003d130000000000003dec
0000000000003fe9000000000000bfd30000000000003d0e000000000000bf11
0000000000003fae000000000000bf44000000000000bf500000000000003ddf
000000000000bf270000000000003f240000000000003fcc000000000000be56
000000000000bde00000000000003ebb000000000000bfc30000000000003cbe
0000000000003f4a0000000000003fed0000000000003d480000000000003f86
0000000000003ee2000000000000bf28000000000000c00a0000000000003f23
0000000000003e25000000000000bd18000000000000bef00000000000003fd4
0000000000003d450000000000003e610000000000003f09000000000000bd41
0000000000003e5d000000000000bce0000000000000bd59000000000000be19
000000000000bf300000000000003fca0000000000003fd60000000000003f79
0000000000003df6000000000000c0000000000000003e2f0000000000003f34
000000000000bfdb000000000000be6d000000000000be870000000000003e55
0000000000003f78000000000000bdb8000000000000bf3e000000000000bfa4
000000000000c01d0000000000003e74000000000000bff90000000000003c98
0000000000003ed80000000000003e0600000000000040060000000000003ec6
000000000000bf110000000000003e3d0000000000003f950000000000003e11
000000000000bd450000000000003ea30000000000003e14000000000000401c
0000000000003ecb0000000000003b830000000000004059000000000000bf5d
000000000000bf200000000000003e6c0000000000003c2e0000000000003c6a
0000000000003d170000000000003e03000000000000be3b000000000000c036
0000000000003e360000000000003c910000000000003f26000000000000bc4c
000000000000bf930000000000003c96000000000000bde3000000000000bf88
000000000000bf89000000000000be41000000000000bf41000000000000bfee
000000000000bf080000000000003cc2000000000000bdc5000000000000bdcd
000000000000bda00000000000003f24000000000000bfd7000000000000be93
0000000000003fac0000000000003daa0000000000003e78000000000000bd22
0000000000003f450000000000003f5b000000000000bea1000000000000bc7e
0000000000003fd80000000000003c1c000000000000be200000000000003d41
000000000000baed000000000000c05a000000000000be020000000000003fa8
000000000000bfaf000000000000bf07000000000000bf1f000000000000bbda
0000000000003f400000000000003bb7000000000000bf300000000000003e72
000000000000be2c0000000000003ea80000000000003ef00000000000003fa4
0000000000003f42000000000000bcd30000000000003e2c0000000000003e9c
000000000000bddc000000000000bf9c0000000000003e960000000000003edb
0000000000004025000000000000bd8a000000000000bdb0000000000000c019
000000000000bf5e0000000000003f0f0000000000003d3a000000000000bf90
0000000000003ff50000000000003edb0000000000003c8f0000000000003df8
0000000000003fb0000000000000bdee0000000000003e5b0000000000003d94
000000000000bf8c000000000000bd67000000000000bf100000000000003ee6
000000000000bf20000000000000bd84000000000000bee2000000000000ba7e
0000000000003e6d000000000000c017000000000000bd77000000000000408a
000000000000bf81000000000000bddb0000000000003c170000000000003ed1
0000000000003f1a000000000000beb0000000000000baeb000000000000bef0
000000000000bd330000000000003f900000000000003e940000000000003ff3
000000000000bd920000000000003e310000000000003efc000000000000bf8e
000000000000bdf40000000000003fc90000000000003f340000000000004052
0000000000003ea20000000000003fd4000000000000bdfb0000000000004067
0000000000003f4e000000000000bdde0000000000003f0e0000000000003d88
000000000000bf3e0000000000003e910000000000003e810000000000003fb2
0000000000003e21000000000000be81000000000000bd880000000000003f2d
000000000000402f000000000000bf490000000000003fc60000000000003fa2
000000000000b8280000000000003e4a000000000000bd470000000000003eaa
0000000000003eb50000000000003ea70000000000003e6e000000000000bed0
0000000000003e040000000000003ea50000000000003fc6000000000000bf99
000000000000bcff000000000000baea0000000000003f290000000000003e93
000000000000beee000000000000c099000000000000bc5f0000000000004062
000000000000bf3b000000000000bf70000000000000bf250000000000003dd6
0000000000003ed60000000000003eb90000000000003f0d0000000000003c7d
0000000000003ee6000000000000bdc80000000000003e0a000000000000bfb7
0000000000003f520000000000003a62000000000000bfda0000000000003e82
000000000000bed90000000000003e850000000000003e1a000000000000c02d
000000000000bdab000000000000bd7c0000000000003e950000000000003f14
0000000000003fbf0000000000003e390000000000003fec000000000000be2a
0000000000003f6d0000000000003f89000000000000bfc20000000000003f90
000000000000bf350000000000003dc30000000000003b5d000000000000bc43
000000000000beca000000000000bd3e000000000000bddc000000000000c020
000000000000bd72000000000000bf5a000000000000bf38000000000000becf
000000000000bd11000000000000bfe10000000000003d4c000000000000bd9a
000000000000bf70000000000000bf57000000000000bfa2000000000000be55
000000000000be99000000000000bf360000000000003c03000000000000beeb
000000000000bf6e000000000000beb60000000000003cfa0000000000003ed2
000000000000be770000000000003fc20000000000003ee30000000000003fb1
000000000000be03000000000000bc64000000000000be81000000000000be8c
000000000000bc1c000000000000be2d000000000000bf70000000000000be4d
000000000000bf850000000000003e270000000000003e830000000000003df2
0000000000003e9e000000000000bd8f000000000000bf9c000000000000bc93
000000000000bd7a000000000000bff4000000000000c0300000000000003e00
0000000000003d620000000000003fa9000000000000be32000000000000bef1
000000000000bd1d0000000000003e61000000000000be360000000000003d08
000000000000bf020000000000003ef50000000000003d69000000000000bdf0
000000000000be950000000000003eb8000000000000bd36000000000000bfb8
000000000000bdb1000000000000beb2000000000000bf340000000000003ebf
000000000000bc7b0000000000003c840000000000003e0a0000000000003f08
0000000000003d8200000000000040060000000000003e9f0000000000003fb5
000000000000bf340000000000003e7b000000000000bfdc000000000000be62
000000000000bec2000000000000bfa8000000000000bf0c000000000000bbf6
000000000000bd830000000000003ff0000000000000beb8000000000000bcf7
0000000000003c8e0000000000003e5d000000000000be63000000000000be4c
000000000000bee90000000000003d4b000000000000bfb8000000000000bdb1
0000000000003f770000000000003e310000000000003dcd0000000000003f7c
0000000000003c990000000000003f65000000000000bc09000000000000bd55
000000000000bf020000000000003f480000000000003ecb0000000000003e80
0000000000003e510000000000003e01000000000000bd6e000000000000be6c
0000000000003cee000000000000bf4e000000000000bfc00000000000003e8e
0000000000003f02000000000000bf4c0000000000003e120000000000003e83
000000000000be690000000000003ef90000000000003f22000000000000bfdc
000000000000c3620000000000003df10000000000003d6f000000000000be78
0000000000003e9b0000000000003f8f0000000000003b370000000000003df6
0000000000003e52000000000000bfb3000000000000be780000000000003e15
0000000000003f960000000000003f30000000000000beb2000000000000bd0d
000000000000bf03000000000000bf7f0000000000003f15000000000000bd68
0000000000003e760000000000004028000000000000bfab000000000000c05c
000000000000bfa50000000000003fb20000000000003ec00000000000003eaa
0000000000003f83000000000000be1b000000000000bd370000000000003d09
000000000000bfa4000000000000bf1d000000000000c0020000000000003e6e
0000000000003eec000000000000bd14000000000000bcf90000000000003e87
000000000000be78000000000000bec70000000000003c58000000000000bf67
0000000000003df60000000000003ec10000000000003daa000000000000c012
000000000000bf9d0000000000003f770000000000003dd90000000000003f27
000000000000bf42000000000000bf5f0000000000003d5a000000000000bde7
0000000000003ec40000000000003fc7000000000000be690000000000003f9a
0000000000003e42000000000000bf2c000000000000bead000000000000bd18
0000000000003fc50000000000003ed30000000000003c080000000000003dda
0000000000003f0e0000000000003d990000000000003cc40000000000003f3a
000000000000be61000000000000be820000000000003f40000000000000bdf3
000000000000bd140000000000003d27000000000000bf14000000000000bd0e
000000000000bdb7000000000000be520000000000003f8b0000000000003f48
000000000000be4400000000000040070000000000003ed60000000000003fea
000000000000bf1f0000000000003d93000000000000bfe20000000000003d13
000000000000bf6f0000000000003ec2000000000000be060000000000003e93
0000000000003f1a0000000000003f44000000000000bc58000000000000bd66
000000000000be13000000000000bed50000000000003d290000000000003d89
000000000000bc290000000000003f8f0000000000003f210000000000003fc0
000000000000bf26000000000000be97000000000000bf450000000000003d34
000000000000bdea000000000000bdbf000000000000beaf0000000000003e9d
0000000000003e480000000000003dad0000000000003eea0000000000003e8d
000000000000bd910000000000003fa1000000000000401d000000000000bdfc
0000000000003e5600000000000040950000000000003e310000000000003f83
0000000000003b8d000000000000bdca000000000000beb00000000000003d50
0000000000003e93000000000000bf8e000000000000be78000000000000be86
000000000000bd5f0000000000003dea0000000000003ecf000000000000bf69
000000000000bddf0000000000003ea90000000000003f970000000000003cd8
000000000000bf630000000000003d8d000000000000bf05000000000000bf77
0000000000003bef000000000000be990000000000003e630000000000003d33
000000000000bd370000000000003e42000000000000be100000000000003d99
0000000000003f57000000000000bf6e000000000000befe0000000000003ebe
0000000000003f3b0000000000003e38000000000000bddb0000000000003ecf
000000000000bebc0000000000003f1d000000000000bddd0000000000003cda
000000000000bead000000000000bf79000000000000bed5000000000000bf9f
0000000000003f450000000000003c6000000000000039f8000000000000bf40
000000000000bd4b000000000000bfd80000000000003f11000000000000be71
000000000000be2e000000000000bf310000000000004013000000000000bfbc
000000000000be570000000000003f43000000000000beb30000000000004051
0000000000003f8e0000000000003f02000000000000bfb10000000000003f6f
000000000000be610000000000003f2f000000000000bf7c0000000000003e08
000000000000c0270000000000003e03000000000000bedb0000000000003fa5
000000000000bf4d0000000000003f570000000000003fa8000000000000be26
0000000000003e690000000000003ebd0000000000003f0f000000000000bec3
0000000000003e080000000000003f680000000000003ef3000000000000bf8b
000000000000bca7000000000000baf10000000000003f18000000000000be23
0000000000003ffc0000000000003fc80000000000003fa3000000000000bf8e
0000000000003d6e0000000000003fb10000000000003d25000000000000be5d
000000000000bf2100000000000040220000000000003e2c0000000000003d1c
00000000000040550000000000003d29000000000000bf24000000000000bf8b
000000000000bdeb0000000000003f58000000000000bf300000000000003faa
0000000000003f86000000000000be220000000000003fe60000000000003c72
000000000000bfdb000000000000bc900000000000003f17000000000000bd46
0000000000003eb20000000000003e34000000000000bfae0000000000003f5d
0000000000003cfb000000000000be700000000000003d810000000000003eef
000000000000bedf000000000000bf92000000000000bdab0000000000003e29
000000000000be0f0000000000003fbc0000000000003e22000000000000bf9f
000000000000bf2c000000000000bd620000000000003b36000000000000be2c
000000000000bf5700000000000040250000000000003e840000000000003bd4
0000000000003e440000000000003cb2000000000000becd000000000000be47
0000000000003e23000000000000bddf0000000000003eba0000000000003f57
0000000000003df0000000000000bdc7000000000000bf07000000000000bfa1
000000000000bc1d0000000000003ed8000000000000bebe0000000000003fb2
000000000000bf680000000000003fa1000000000000be030000000000003df2
000000000000bf85000000000000bd890000000000003b85000000000000be24
000000000000c083000000000000bec90000000000003de20000000000003f0f
000000000000bea70000000000003d930000000000003ee4000000000000bf61
0000000000003f3b0000000000003f82000000000000be960000000000003d6d
0000000000003f0f0000000000003e49000000000000bfad0000000000003e98
000000000000bef1000000000000be98000000000000bf8c0000000000003e70
000000000000bd4c0000000000003d2e0000000000003f9d000000000000bdaa
0000000000003fc00000000000003ee3000000000000bec2000000000000bfbc
000000000000bedf00000000000040860000000000003de50000000000003eb8
000000000000be0f000000000000bf630000000000003f3a000000000000bf9d
0000000000003e53000000000000c0370000000000003f8c0000000000003f59
000000000000beb80000000000003f480000000000003e91000000000000bf61
0000000000003fa6000000000000bf6a0000000000003ed2000000000000bf23
000000000000bd670000000000003f9f0000000000003e930000000000003d3f
000000000000be85000000000000be460000000000003f66000000000000bc9b
000000000000bfc4000000000000beba000000000000be800000000000003e71
0000000000003e800000000000004015000000000000bcdd000000000000bf0f
000000000000bfa1000000000000bf83000000000000bf12000000000000bfad
000000000000bed70000000000003a1f0000000000003e87000000000000be20
000000000000408d000000000000bd5c000000000000be42000000000000be3a
000000000000be65000000000000bf700000000000003c670000000000003e26
000000000000bdf9000000000000bf12000000000000bce30000000000003f3a
0000000000003fa30000000000003f72000000000000be2a0000000000003f57
0000000000003dc9000000000000bfdd000000000000bfd2000000000000bea2
0000000000003d440000000000003ee7000000000000bf870000000000004002
000000000000bfc50000000000003d86000000000000bf0b0000000000003cb2
0000000000003f590000000000003f0b000000000000be34000000000000bede
000000000000bc82000000000000bf920000000000003ecf0000000000003f44
000000000000bdbf0000000000003fe2000000000000bd8a000000000000bbdb
0000000000004018000000000000bead000000000000be0c000000000000bcab
000000000000be96000000000000bde40000000000003dcb000000000000be6c
000000000000bee2000000000000bf1e000000000000bf8b0000000000003d06
0000000000003d23000000000000be9c0000000000003b290000000000003e97
0000000000003e81000000000000bc2c000000000000bf49000000000000bde1
000000000000bed10000000000003ece000000000000bf27000000000000bfa1
0000000000003b86000000000000bb8d000000000000bef2000000000000bf4d
0000000000003de50000000000003f3e0000000000003dab000000000000bc76
000000000000be27000000000000bf230000000000003eee0000000000003fae
000000000000bf81000000000000bec9000000000000bfe40000000000003cb2
0000000000004018000000000000bead0000000000003d98000000000000bf9a
000000000000beb0000000000000bed10000000000003f35000000000000bd8e
00000000000040440000000000003fc9000000000000bdbc0000000000003e92
000000000000be8c0000000000003eb0000000000000bfde0000000000003e1b
000000000000bd120000000000003e210000000000004080000000000000bec3
000000000000bad5000000000000be5f0000000000003d20000000000000bff9
000000000000bf020000000000003e5b0000000000003da0000000000000bdab
0000000000003fc7000000000000400d000000000000bd8f0000000000003e0a
0000000000003ea4000000000000bf3a0000000000003f84000000000000bd5a
000000000000bdd1000000000000bf610000000000003ef20000000000003dd3
0000000000003e830000000000003f07000000000000bde0000000000000406a
000000000000bd870000000000003caf0000000000003d14000000000000bf87
000000000000be5d000000000000bda30000000000003e000000000000003fb6
0000000000003f76000000000000bfd60000000000003f29000000000000be2b
0000000000003e8d000000000000bef60000000000003df20000000000003eba
0000000000003f960000000000003d890000000000003f4f000000000000baa9
0000000000003ff40000000000003c30000000000000bf8d000000000000bea0
000000000000c2670000000000003e360000000000003b4f0000000000003ca4
0000000000003dd8000000000000bbe50000000000003fe5000000000000bd5c
000000000000bf7a000000000000be44000000000000beb1000000000000be3b
0000000000003f530000000000003e1e0000000000004067000000000000bea6
0000000000003f560000000000003ea50000000000003ec50000000000003eba
000000000000bfb4000000000000be92000000000000be6b0000000000003f2b
000000000000be43000000000000bd24000000000000bc6a000000000000bf2f
000000000000befa000000000000bcf20000000000003f4e0000000000003db9
0000000000003ece000000000000bd08000000000000bf1f0000000000003e82
0000000000003d8c0000000000003e5c000000000000beee0000000000003f48
000000000000bf3f000000000000c074000000000000bf9c000000000000c01d
000000000000c0ad000000000000bf95000000000000bf6b000000000000bebb
0000000000003e6c0000000000003eff0000000000003efe0000000000003de6
0000000000003fcc000000000000be19000000000000bd300000000000003f18
0000000000003f8b000000000000bdca0000000000003c18000000000000bf19
0000000000003f8e000000000000bc5a000000000000bf30000000000000be3e
000000000000be53000000000000bec8000000000000bda4000000000000bf66
000000000000bf110000000000003ecf000000000000bdd6000000000000bf14
000000000000c0250000000000003ea30000000000003e560000000000003cc2
0000000000003ec4000000000000beca000000000000be330000000000003e52
000000000000bdb7000000000000be470000000000003ebd000000000000bdcd
0000000000003f1d000000000000bdff000000000000be170000000000003ec5
000000000000c0420000000000003db2000000000000beec000000000000bf1a
0000000000003f6b000000000000be130000000000003f2e000000000000bf8f
0000000000003e590000000000003f88000000000000bcaa0000000000003e93
0000000000003f94000000000000bd97000000000000bea70000000000003fa4
000000000000bcd00000000000003f5c0000000000003e3d000000000000be04
000000000000bdc60000000000003e79000000000000c003000000000000bfbc
0000000000003dfa000000000000bef70000000000003d17000000000000c02c
0000000000003f580000000000003f64000000000000bc45000000000000bf06
000000000000be870000000000003d86000000000000be1c000000000000bf7a
0000000000003f38000000000000be24000000000000be98000000000000bee0
000000000000bc0f000000000000bf65000000000000bbc70000000000003f7e
0000000000003dab00000000000040660000000000003fad000000000000be0a
0000000000003f550000000000003f230000000000003e110000000000003f48
000000000000bf57000000000000bf04000000000000c04f0000000000003fbf
00000000000040930000000000003e87000000000000bf39000000000000bdf7
0000000000003f3c000000000000bef50000000000003daa0000000000003ebe
0000000000003fbe0000000000003f41000000000000bf020000000000003f80
000000000000be04000000000000bef5000000000000be75000000000000bea6
000000000000be4b000000000000befc0000000000003f480000000000003f59
000000000000c020000000000000402b0000000000003de0000000000000be48
0000000000003bd40000000000003da90000000000003ea40000000000003f7b
0000000000003e3e0000000000003e460000000000003f10000000000000bf15
0000000000003ea7000000000000bffa0000000000003ea30000000000003f6f
000000000000be130000000000003f6d0000000000003c490000000000003f3d
000000000000bd5d0000000000003f86000000000000bc900000000000003dac
000000000000bf6b0000000000003f790000000000003f34000000000000becf
0000000000003e12000000000000c0400000000000003d91000000000000bd8f
0000000000003d30000000000000be56000000000000bf140000000000003fc2
000000000000bf6e000000000000c00e000000000000bf72000000000000bf83
000000000000be3b000000000000bc560000000000003ef50000000000003fc9
0000000000003e9f0000000000003c590000000000003c0f0000000000003f98
0000000000003ed7000000000000bf320000000000003f790000000000003f41
000000000000be52000000000000bf9e0000000000003e8d0000000000003ea0
0000000000003e910000000000003d740000000000004005000000000000bf84
000000000000bccf0000000000003f250000000000003e76000000000000be5f
000000000000be36000000000000c0120000000000003e9a0000000000003ea8
0000000000003e58000000000000c03f000000000000bf5f000000000000bce2
000000000000be81000000000000bedf000000000000bedd0000000000003e1f
0000000000003f8b0000000000003f6100000000000040280000000000003fbf
0000000000003e750000000000003e480000000000003e81000000000000bdf3
0000000000003ee20000000000003e9e000000000000bef0000000000000bf32
0000000000003fbe0000000000003c6a0000000000003e53000000000000be89
000000000000bebb0000000000003ef20000000000004087000000000000bfa7
000000000000bf04000000000000bf510000000000003e3a000000000000bdcc
000000000000bf3d0000000000003fa9000000000000beb30000000000003e8e
0000000000003e07000000000000bf070000000000003e80000000000000bc8b
0000000000003fcc0000000000003e76000000000000bdf0000000000000bf9c
000000000000bf910000000000003fcb000000000000bf3a000000000000be5d
000000000000bfeb000000000000bf070000000000003d950000000000003d86
000000000000bf450000000000003e460000000000003f380000000000003f8c
0000000000003e1b000000000000bfdc000000000000beb9000000000000bf01
000000000000be740000000000003ea00000000000003d9e0000000000003e86
000000000000bef1000000000000be720000000000003f0e0000000000003f6f
0000000000003f7f000000000000be0f000000000000bf9f000000000000becb
0000000000003eb50000000000003dcb000000000000bd84000000000000ba72
000000000000bda3000000000000bfd0000000000000beb60000000000003e38
0000000000003c830000000000003d480000000000003c8c0000000000003d84
0000000000003ea30000000000003f92000000000000be1a000000000000bf46
0000000000003df80000000000003e760000000000004043000000000000becb
000000000000beb50000000000003e52000000000000403c000000000000bf5e
0000000000003f83000000000000be2d000000000000bc7c0000000000003f87
0000000000004015000000000000bd850000000000003f14000000000000beac
0000000000003e940000000000003f9e0000000000003fd9000000000000bb81
0000000000003f260000000000003eb2000000000000bd94000000000000be27
000000000000bf1c000000000000c0270000000000003e8e0000000000003e3b
000000000000bf10000000000000bcc5000000000000bd8b0000000000003e8d
000000000000be5f0000000000003ea50000000000004029000000000000bfeb
000000000000c016000000000000bd570000000000003fa9000000000000bf90
0000000000003ed4000000000000bdf6000000000000bce8000000000000bd09
0000000000003e4a0000000000003e48000000000000bed8000000000000bfab
0000000000003f66000000000000bce1000000000000bf7f000000000000be9a
000000000000be79000000000000bd9e000000000000bedb000000000000bf2c
000000000000c0180000000000003f5a000000000000bd0c0000000000003cc3
0000000000003ed6000000000000be410000000000003f5b000000000000be2e
0000000000003e150000000000003e95000000000000bf95000000000000bdcc
0000000000003c220000000000003f350000000000003c350000000000003fd9
0000000000003f29000000000000bf020000000000003ee9000000000000bdc2
0000000000003ea0000000000000bd660000000000003dd6000000000000bf29
0000000000003fe40000000000003c95000000000000bd2f0000000000003e80
0000000000003e85000000000000bfbd000000000000c00d000000000000bf5e
0000000000003ec0000000000000be0a000000000000becf000000000000bf1d
0000000000003daa0000000000003ed2000000000000bc86000000000000be79
0000000000003db60000000000003f800000000000003eb5000000000000bf4c
0000000000003f2e000000000000be21000000000000c035000000000000bf10
000000000000bf81000000000000be1e0000000000003f4b000000000000bbab
000000000000bf0f000000000000be430000000000003f250000000000003f01
000000000000beb20000000000003f1a000000000000be81000000000000be0b
0000000000003c1e000000000000bfc000000000000040910000000000003e25
000000000000be02000000000000bd87000000000000bbde0000000000003fa3
0000000000003e880000000000003deb000000000000bca4000000000000bf8c
000000000000bf15000000000000bf270000000000003f85000000000000be17
000000000000be420000000000003d750000000000003db80000000000003ef8
000000000000bed60000000000003d02000000000000bf000000000000003ea2
0000000000003ea70000000000003e0a0000000000003dad0000000000003e24
0000000000003f8f0000000000003dd30000000000003fc3000000000000c03b
000000000000c00d000000000000bfce0000000000003e0a0000000000003f82
00000000000039e1000000000000bea10000000000003f2e0000000000003f82
0000000000003f1d0000000000003e83000000000000bc010000000000003f1b
00000000000040250000000000003f5c000000000000bfcb0000000000003e21
000000000000be3b000000000000bfb1000000000000bf50000000000000bee3
0000000000003d84000000000000407d000000000000bdfa0000000000003eb6
000000000000bc9a000000000000bf10000000000000c0600000000000004032
000000000000bf430000000000003f3a000000000000400a000000000000bfed
0000000000003ea5000000000000be8b0000000000003f9f0000000000003a61
0000000000003fc30000000000003fff0000000000003d06000000000000bf28
0000000000003e72000000000000bebc0000000000004015000000000000bbe7
000000000000c1890000000000003d620000000000003fa1000000000000be30
0000000000003dbe000000000000bcda000000000000bd130000000000003d5e
0000000000003efd000000000000bef6000000000000bf470000000000003ed4
0000000000003d7e000000000000be59000000000000c013000000000000be5c
0000000000003c93000000000000c007000000000000bdfa0000000000004060
00000000000040280000000000003ee8000000000000bf300000000000003f2a
000000000000bf42000000000000bdce0000000000003c56000000000000be75
000000000000bea40000000000003fa3000000000000be13000000000000bf5b
0000000000003cb7000000000000bde2000000000000bf80000000000000bf86
000000000000bc24000000000000bf8e000000000000be570000000000003e53
0000000000003d32000000000000bedc0000000000003f1b000000000000be74
000000000000c00b000000000000be82000000000000bf550000000000003f20
000000000000bf490000000000003e50000000000000be220000000000003ead
0000000000003f42000000000000bbea0000000000003f630000000000003e22
0000000000003ecf0000000000003e370000000000003d94000000000000be02
000000000000bdc4000000000000bf01000000000000bdaf0000000000003d92
0000000000003e34000000000000bf07000000000000be020000000000003dbc
000000000000bde1000000000000be9f000000000000be0b0000000000003c36
000000000000bf750000000000003ec30000000000003efe0000000000003f2b
0000000000003ecf000000000000bd05000000000000bee60000000000003e8a
000000000000bdaa000000000000bdba000000000000becb000000000000bef5
000000000000be9c0000000000003f0b0000000000003d9f000000000000be89
0000000000003f6a000000000000bdb60000000000003f1e000000000000bfbd
000000000000bfaa000000000000bc1e000000000000bf830000000000003d9f
000000000000beb50000000000003e4e000000000000be2f0000000000004006
0000000000003c15000000000000bd49000000000000bf18000000000000be05
0000000000003c890000000000003db30000000000003c6a000000000000bf19
0000000000003e5a0000000000003f72000000000000bfd90000000000003cd7
0000000000003e25000000000000bf7e000000000000bf03000000000000bef1
000000000000bf570000000000003df5000000000000bfe40000000000003e27
000000000000bdcc0000000000003f23000000000000c0180000000000003e71
000000000000bf97000000000000bf620000000000003d080000000000003e9d
00000000000040210000000000003db2000000000000be12000000000000bf39
000000000000be8b000000000000bab5000000000000ba23000000000000bd95
000000000000bd930000000000003f560000000000003e5c0000000000003e4e
000000000000bc1f000000000000bfde0000000000003fb70000000000003eed
000000000000be8a0000000000003ef2000000000000beaf0000000000003f6f
0000000000003f89000000000000be0b0000000000003e36000000000000be90
0000000000003e2a000000000000c0510000000000003d130000000000003e59
0000000000004065000000000000c002000000000000bef90000000000003faf
000000000000bddb0000000000003edd0000000000003ef50000000000003d06
000000000000bfb1000000000000bcf40000000000003e77000000000000bc8c
0000000000003ecb0000000000003db00000000000003c8b000000000000bf07
000000000000becf0000000000003faa0000000000004012000000000000be99
000000000000bec8000000000000bedf0000000000003e8b000000000000bfd0
0000000000003de9000000000000bec9000000000000bf0b000000000000beca
000000000000bda6000000000000bf340000000000003f56000000000000bedf
0000000000003f8c000000000000bb8a000000000000bf360000000000003f52
000000000000bdf9000000000000bf16000000000000bf60000000000000c066
0000000000003d340000000000003f3e0000000000003c9b0000000000003ef4
0000000000003d9a000000000000be07000000000000bdaa0000000000003ea1
000000000000bd84000000000000404c000000000000bdf0000000000000beb3
000000000000bf26000000000000beba000000000000be8c00000000000039a8
000000000000bedc0000000000003fef0000000000003c8d000000000000bf37
000000000000be840000000000003f26000000000000bd320000000000003f5a
000000000000beaa0000000000003f210000000000003f180000000000003e89
0000000000003e930000000000003f240000000000003dcf000000000000bf9a
0000000000003e0c0000000000003d9e0000000000003fcf0000000000004007
0000000000003eb0000000000000be8c000000000000c0460000000000003ffc
000000000000be70000000000000bf6a000000000000bf550000000000003f4d
0000000000003fc30000000000003cd80000000000003f860000000000003f1a
000000000000be5a0000000000003f0a0000000000003f3f000000000000bf46
000000000000bf59000000000000be5c0000000000003f1b000000000000bffa
000000000000bf2d000000000000bcac0000000000003e1d000000000000bf5c
000000000000bf18000000000000bc78000000000000bf270000000000003f88
0000000000003fb7000000000000bc940000000000003e99000000000000bd21
0000000000003f320000000000003f1f000000000000beaa0000000000003e93
000000000000be820000000000003f740000000000003f60000000000000bf4d
0000000000003c970000000000003fcb0000000000003e910000000000003e42
0000000000003e05000000000000bf7b000000000000bde80000000000003e2a
000000000000bf370000000000003f1200000000000040530000000000003e8b
0000000000003eb90000000000003f86000000000000bde30000000000003e71
0000000000003f250000000000003f1c0000000000003e97000000000000bec7
000000000000be4f0000000000003c7e000000000000bb020000000000003f29
000000000000be560000000000003ea5000000000000bc1d000000000000bd89
0000000000003dee0000000000003ef9000000000000bf7e000000000000bc90
0000000000003dd9000000000000beca0000000000003f7e0000000000003e65
000000000000beb9000000000000bde10000000000003ee8000000000000c032
0000000000003fc50000000000003fc40000000000003ebb0000000000004034
0000000000003e2e0000000000003eeb000000000000c0030000000000003f57
0000000000003f9c000000000000c037000000000000bfab0000000000003d1a
0000000000003f94000000000000bc82000000000000be500000000000003dc8
0000000000003f850000000000003e180000000000003e9d000000000000be0a
0000000000003f76000000000000bf2f0000000000003c8c0000000000003d95
0000000000003f370000000000003ce60000000000003fa3000000000000c016
000000000000bf97000000000000bf080000000000003dfc0000000000003f8d
000000000000bf1d000000000000be950000000000003dcb000000000000bd8c
000000000000be0d000000000000bed00000000000003ff9000000000000bc86
0000000000003f280000000000003fdd0000000000003f8a000000000000be9d
000000000000bf6b000000000000bf380000000000003f0e000000000000be1a
0000000000003c94000000000000ba51000000000000bf2e000000000000bf96
0000000000003f7f0000000000003f60000000000000bdcb000000000000bf76
000000000000bf560000000000003f79000000000000be96000000000000be27
0000000000003e9f000000000000c00c000000000000bf51000000000000bf90
0000000000003a82000000000000bf78000000000000bece000000000000bc17
000000000000bfb10000000000003e980000000000003ef60000000000003e6e
000000000000c02e0000000000003e8e0000000000003da9000000000000400d
0000000000003e46000000000000bfcb0000000000003da2000000000000bf04
000000000000bdce000000000000bf47000000000000bdb4000000000000be16
000000000000bef70000000000003f08000000000000bed20000000000003f29
0000000000003f0f0000000000003d0f000000000000bee1000000000000be58
000000000000bf6c0000000000003f34000000000000be96000000000000bfac
000000000000bf1b000000000000bf9c0000000000003fa40000000000003e04
0000000000003cde0000000000003f5e000000000000bfa70000000000003eaa
0000000000003ef7000000000000bde10000000000003f590000000000003ed5
000000000000bf0d0000000000003f860000000000003e900000000000003f47
0000000000003b52000000000000be410000000000003e720000000000003e3b
000000000000beeb000000000000be2e0000000000003e180000000000003e85
0000000000003f1c000000000000bf15000000000000bf140000000000003e90
0000000000003c03000000000000bf540000000000003a71000000000000be16
000000000000bdd4000000000000bfc8000000000000bfe8000000000000bece
000000000000bf12000000000000bfaa0000000000003f0d0000000000003fc8
000000000000be090000000000003e9f0000000000003f87000000000000bd95
0000000000003ee5000000000000bf3c0000000000003f65000000000000beb7
000000000000be45000000000000bf13000000000000bd2b0000000000003e03
000000000000bebb0000000000003d25000000000000beb5000000000000be13
000000000000beed0000000000003ec30000000000003d2e000000000000beb5
0000000000003e21000000000000bfab000000000000bde10000000000003eae
0000000000003f17000000000000bf8c0000000000003e250000000000003ea2
000000000000c0750000000000003ef6000000000000be2f000000000000be35
000000000000bffa000000000000be95000000000000bd06000000000000bf96
0000000000003fab0000000000003bfc0000000000003f89000000000000be0f
000000000000bf710000000000003e49000000000000be99000000000000be0e
000000000000bea70000000000003cfc0000000000003e180000000000003f54
000000000000bf4e000000000000bf020000000000003f5b0000000000003fab
0000000000003e15000000000000bc1b0000000000003fca0000000000003ef5
0000000000003e73000000000000bf30000000000000bf860000000000003f3d
0000000000003f8e0000000000003d37000000000000be580000000000003d96
000000000000c24d000000000000bd44000000000000be59000000000000be5c
0000000000003de00000000000003f010000000000003f2f000000000000bf93
000000000000bf910000000000003ca4000000000000be8e0000000000003f1c
0000000000004022000000000000bf680000000000003f67000000000000be43
000000000000be20000000000000c018000000000000beab000000000000bf3f
0000000000003f0f0000000000003e09000000000000c040000000000000bea8
000000000000beea000000000000bf4f000000000000bf650000000000003fdb
000000000000bd53000000000000be3b000000000000bee8000000000000bd28
0000000000003f2e0000000000003f990000000000003f740000000000003f2a
0000000000003f16000000000000bade000000000000be9f0000000000003dbd
0000000000003e360000000000003f0a000000000000be9e000000000000bf2e
0000000000003f4a0000000000003fbb0000000000003f7a0000000000003f0e
0000000000003d83000000000000be78000000000000bd8e0000000000003e2d
000000000000be810000000000003e000000000000003e990000000000003ffa
0000000000003e14000000000000bf77000000000000bea70000000000003fc9
0000000000003dca000000000000bc7c000000000000bea00000000000003eee
000000000000bd0d0000000000003d5f0000000000003fa3000000000000bec8
0000000000003db70000000000003f190000000000003f87000000000000be09
000000000000bdb0000000000000bd390000000000003f33000000000000bf47
0000000000003bbb0000000000003e16000000000000bff3000000000000bf7a
0000000000003d6c000000000000405d000000000000be500000000000003ea1
000000000000bf3c0000000000003f72000000000000bcd00000000000003efd
000000000000bf9c0000000000003e18000000000000bfc2000000000000bf2f
0000000000003f31000000000000be95000000000000c0040000000000003e14
000000000000bfa3000000000000bd2c000000000000bee4000000000000bdd8
0000000000003fc30000000000003ecd000000000000bfc7000000000000beec
000000000000bd670000000000003eba000000000000bce5000000000000beb1
0000000000003f29000000000000be6d0000000000004047000000000000bd0a
0000000000003d5c000000000000be100000000000003d8a0000000000003f39
000000000000bbd7000000000000bf39000000000000bc6f0000000000003a13
0000000000004051000000000000bf610000000000003e050000000000003fc0
000000000000bf8b0000000000003cdb0000000000003e73000000000000bebb
000000000000bfa1000000000000bef4000000000000bf2b000000000000be9a
0000000000003e0d000000000000bd30000000000000bd3a0000000000003f12
0000000000003d11000000000000bd2f0000000000003e2e000000000000c001
000000000000bebd0000000000003ec70000000000003db0000000000000becb
0000000000003e5f000000000000bf6c0000000000003ff8000000000000bf32
000000000000bc5d0000000000003cf80000000000003f0e0000000000003e47
0000000000003ed5000000000000bc1f000000000000bf0a000000000000be68
000000000000402d000000000000bfa7000000000000beb8000000000000be38
000000000000bf920000000000003e6b000000000000bea6000000000000c002
0000000000003c90000000000000bff4000000000000bf11000000000000bf98
0000000000003e54000000000000be670000000000003f800000000000003ed6
0000000000003dee0000000000003e9a000000000000bf39000000000000bf11
0000000000003f980000000000003fde0000000000003e910000000000003e5e
0000000000003c9e000000000000c0170000000000003f28000000000000be64
0000000000003d29000000000000befe0000000000003d2c000000000000bda4
0000000000003e0b000000000000be6c0000000000003c5c000000000000bf38
0000000000003d4a0000000000003e74000000000000c04f000000000000be01
000000000000bf37000000000000c0320000000000003f40000000000000bf39
000000000000bf3c000000000000bdb8000000000000bf360000000000003e8e
000000000000beb20000000000003f67000000000000bf010000000000003deb
000000000000bcbb000000000000bfa9000000000000bfa60000000000004012
000000000000be8f000000000000be670000000000003c00000000000000be42
0000000000003e98000000000000bea4000000000000bf000000000000003b64
000000000000be320000000000003dc0000000000000bf0e000000000000bf9f
0000000000003d10000000000000bd18000000000000c0240000000000003cac
000000000000bfbf000000000000bf80000000000000bf570000000000003ed8
000000000000bd40000000000000bd6b000000000000bb9d0000000000003f38
0000000000003f26000000000000be24000000000000bcea0000000000003e84
0000000000003d8d000000000000ba190000000000003f69000000000000be3a
000000000000bbc70000000000003d59000000000000be2e0000000000003eea
0000000000003f4200000000000040200000000000003d25000000000000be7d
000000000000bcab0000000000003f230000000000003f05000000000000becf
000000000000be4e000000000000be870000000000003f8c0000000000003e28
000000000000bf670000000000003cb70000000000003c970000000000003eb1
000000000000bdaf0000000000003f5a000000000000be280000000000003e54
0000000000003cb9000000000000bf94000000000000bf12000000000000beea
0000000000003f400000000000003f83000000000000bc380000000000003f07
0000000000003d2f0000000000003c870000000000003b34000000000000bf6f
000000000000bd86000000000000bd5e0000000000003b9d000000000000bed1
000000000000bf0f0000000000003fd10000000000003fc40000000000003e28
000000000000be5f0000000000003fe3000000000000bfc50000000000003e47
000000000000bdf6000000000000bf1f000000000000bf88000000000000bedf
000000000000bc12000000000000bfcf0000000000003e3c0000000000003dda
000000000000bd780000000000003e160000000000004013000000000000bf8c
0000000000003fac0000000000003df6000000000000bd9a0000000000003e83
000000000000bee40000000000003fc50000000000003d160000000000003c68
000000000000bfdc0000000000003fc7000000000000c090000000000000be33
0000000000003cef0000000000003f470000000000003edd0000000000003e17
0000000000003f4a0000000000003f9f000000000000bd9d0000000000003ccd
0000000000003d72000000000000bea2000000000000beb90000000000003f02
000000000000bcfc0000000000003c80000000000000be80000000000000bd24
0000000000003e1d0000000000003d230000000000003e7b0000000000003deb
000000000000be7b0000000000003c1d000000000000be30000000000000bf44
000000000000bf9d000000000000be19000000000000bfc30000000000003f27
0000000000003f830000000000003ddf000000000000bd9e0000000000003d4a
00000000000040500000000000003f39000000000000bf500000000000003f7f
0000000000003fb1000000000000be940000000000003d450000000000003db1
000000000000bd52000000000000401d000000000000bf020000000000003f70
000000000000be6e0000000000003f33000000000000bf25000000000000bfcf
000000000000be7a0000000000003ce3000000000000bd4c0000000000003d81
000000000000bf2d0000000000003e7d0000000000003e45000000000000be44
0000000000003e27000000000000bc83000000000000be2a0000000000003f47
0000000000003f1d0000000000003ec70000000000003e4a000000000000be5e
0000000000003dad000000000000bec90000000000003d8d0000000000003f98
0000000000003f61000000000000bfc00000000000003e5d0000000000003ea4
000000000000bebb0000000000003f2e000000000000bfea0000000000003ba7
0000000000003e090000000000003f31000000000000be510000000000003b40
0000000000003ead000000000000bf74000000000000bdf8000000000000bf9c
000000000000bf87000000000000bee80000000000003ea90000000000003e71
0000000000003fa5000000000000bf9f0000000000003fda000000000000bf5a
0000000000003df70000000000003a86000000000000bd2b000000000000bf1a
000000000000bfc0000000000000bf1d00000000000040070000000000003e67
000000000000bf9d0000000000003f6b000000000000be12000000000000bd4c
000000000000bea7000000000000bf0f000000000000bcf20000000000003fb0
000000000000bdeb000000000000bc0c0000000000003da9000000000000be94
0000000000003d970000000000003fad000000000000bece000000000000bec4
000000000000be80000000000000bf64000000000000bf31000000000000bc96
0000000000003d34000000000000bf1b0000000000003f81000000000000bfeb
000000000000be6e000000000000be960000000000003ade000000000000bf3c
000000000000be810000000000003f250000000000003edf0000000000003c1c
000000000000be8b000000000000bf7e000000000000bdb4000000000000bd92
000000000000c000000000000000bf10000000000000bdaa000000000000be15
0000000000003d7b0000000000003ff90000000000003ce00000000000003d9f
000000000000c0670000000000004047000000000000be390000000000003ec9
0000000000003f32000000000000bf1a000000000000bf51000000000000bf58
000000000000bd590000000000003bfd000000000000be950000000000003ee8
000000000000400b0000000000003f55000000000000bf82000000000000bd30
000000000000bed50000000000003ec7000000000000bf280000000000003e47
0000000000003f810000000000004032000000000000400b0000000000003d6f
0000000000003eed000000000000bc43000000000000bdb60000000000003f0c
000000000000bf2a000000000000bded000000000000bf52000000000000be28
000000000000be9c0000000000003c1c000000000000bd2d0000000000003ea5
00000000000040520000000000003f750000000000003f82000000000000be00
0000000000003d12000000000000b9e0000000000000bead000000000000bfa5
0000000000003db90000000000004026000000000000bf3a000000000000bf52
000000000000be0a0000000000003e54000000000000be170000000000003f4e
000000000000c310000000000000bfa8000000000000c0450000000000003ea1
0000000000003ef50000000000003ef8000000000000be490000000000003f33
000000000000be9b000000000000c00f0000000000003feb0000000000003bb8
000000000000be6b0000000000003e32000000000000bf04000000000000bde4
000000000000bf20000000000000bef9000000000000bd980000000000003f89
0000000000003d9b000000000000bf5c000000000000bd63000000000000be23
0000000000003c5d000000000000bf260000000000003f860000000000003f1f
000000000000bfa3000000000000bf6b000000000000bf75000000000000c025
0000000000003f66000000000000c02f000000000000c085000000000000bda1
000000000000be6d000000000000bf040000000000003d4c000000000000bf89
000000000000bdcc000000000000402b0000000000004073000000000000bf08
0000000000003ed0000000000000be480000000000003ee00000000000003f3d
000000000000ba87000000000000bf700000000000003de7000000000000bf89
0000000000003f56000000000000bec8000000000000bf310000000000004026
000000000000bf01000000000000404c0000000000003f8d000000000000be97
0000000000003eb80000000000003eb50000000000003ccb000000000000bfb6
000000000000beb2000000000000bfbe0000000000003df2000000000000bdb4
000000000000be890000000000003efd000000000000bdc0000000000000bef6
0000000000003fcd000000000000be4b000000000000bf1b0000000000003cab
0000000000003e1f000000000000be87000000000000be7e000000000000bf9a
000000000000bda40000000000003de10000000000003c280000000000003fb0
000000000000bf310000000000003e23000000000000bf3f000000000000bf73
000000000000be30000000000000c00e00000000000040020000000000003d92
0000000000003e99000000000000bb450000000000003e65000000000000bf4d
0000000000003e5e000000000000bf4c0000000000003f200000000000003e34
000000000000bd19000000000000bd3f000000000000bdda000000000000bedd
000000000000bfa0000000000000bf09000000000000be8c0000000000003d81
0000000000003e05000000000000bf3b000000000000bdf4000000000000bee0
0000000000003d970000000000003ef1000000000000bf0b0000000000003eb6
0000000000003f3a000000000000bf2a0000000000003fa20000000000003f43
000000000000be1c0000000000003c89000000000000bd34000000000000bf0e
000000000000beab0000000000003f1b000000000000bfd50000000000004052
0000000000003eb5000000000000bece000000000000bcbc000000000000bf17
0000000000003ff3000000000000bf54000000000000be450000000000004039
000000000000beb30000000000003ec4000000000000be2a000000000000bfaf
000000000000bdab0000000000003d60000000000000bf89000000000000be1d
000000000000bf680000000000003dca0000000000003f4d000000000000bf19
000000000000bd81000000000000bf5b0000000000003f8b000000000000bfae
0000000000003f020000000000003fab000000000000c01c000000000000bf64
0000000000003d310000000000003cb00000000000003fdf0000000000003f11
0000000000003fc6000000000000be6f000000000000beb1000000000000bdf8
000000000000bf0b0000000000003e30000000000000be8f000000000000bea5
0000000000003ddd000000000000be29000000000000bfe1000000000000be4c
000000000000bdc50000000000003de90000000000003e930000000000003c39
000000000000be29000000000000be6d0000000000003ebb000000000000402d
0000000000003e9e000000000000beb9000000000000bd9e0000000000003e85
000000000000bf020000000000003f40000000000000be87000000000000beb2
0000000000003bef0000000000003f0e0000000000003e47000000000000bda1
000000000000befe0000000000003e2d000000000000bdae000000000000bd3f
0000000000003eaf000000000000bee10000000000003f07000000000000bb6a
0000000000003f4f000000000000be510000000000003e2f000000000000bc65
000000000000bdf1000000000000404f000000000000bbd10000000000003f48
0000000000004001000000000000bd010000000000003d80000000000000bf16
000000000000bd37000000000000bebc000000000000bd2e0000000000003f90
0000000000003e88000000000000c002000000000000bfd7000000000000be84
00000000000040660000000000003c4b0000000000003ea0000000000000c01f
000000000000bd1e000000000000be7e000000000000402f0000000000003e4d
000000000000bfbc000000000000be890000000000003f54000000000000bf3c
0000000000003e00000000000000bd6c0000000000003d65000000000000be0d
0000000000003f0f0000000000003ec4000000000000bd920000000000003f8b
0000000000003ef30000000000003da1000000000000bf9b000000000000bd3f
0000000000003f890000000000003cec000000000000bd380000000000003f19
000000000000bfca0000000000003e130000000000003d99000000000000be1a
0000000000003e550000000000003e000000000000003fbf000000000000ba41
0000000000003e0f0000000000003fc5000000000000bc1c000000000000c01b
000000000000bfac0000000000003f8d000000000000bd2d0000000000003f19
0000000000003cfd0000000000003fc3000000000000401c0000000000003eb8
0000000000003b84000000000000beee000000000000bcf70000000000003f58
0000000000003fcc0000000000003ed50000000000003e060000000000003ebf
000000000000c085000000000000bf620000000000003e96000000000000bf94
000000000000bfa4000000000000bf9f0000000000003f2a000000000000be93
000000000000bfa60000000000003eb5000000000000bf37000000000000be02
0000000000003ff50000000000003f570000000000003f4b000000000000becb
000000000000bbf1000000000000bdda0000000000003c0b000000000000be00
0000000000003e66000000000000ba3f000000000000bf9e000000000000bf12
0000000000003fdf000000000000beb3000000000000403c0000000000003d47
000000000000bfaa0000000000003e9f000000000000be31000000000000be4b
0000000000003db2000000000000be07000000000000bd5a0000000000003f36
000000000000bfa20000000000003f8a0000000000003eac0000000000003f2b
000000000000bcfa000000000000c05e0000000000003f1e000000000000bf78
0000000000003ef1000000000000be50000000000000be0a0000000000003f68
000000000000bf61000000000000beb0000000000000be2a0000000000003e52
000000000000be390000000000003f4d0000000000003f4a000000000000bcfe
000000000000beab000000000000befb000000000000bef60000000000003c80
0000000000003d91000000000000bdc40000000000003f950000000000003cc9
0000000000003e160000000000003e29000000000000402b0000000000003cd8
0000000000003e000000000000003f120000000000003f280000000000003ea4
0000000000003e860000000000003f87000000000000bf70000000000000becb
000000000000be80000000000000be090000000000003f220000000000003e0b
000000000000bfdd0000000000003fe90000000000003e5e000000000000be09
000000000000bf000000000000003aae0000000000003e950000000000003e72
0000000000003f28000000000000be960000000000003e91000000000000be3c
000000000000be91000000000000bf590000000000003edd0000000000003cd4
00000000000040390000000000003db7000000000000bd15000000000000bdae
0000000000003cc90000000000003c67000000000000bd9f000000000000bfa2
000000000000bf4d0000000000003f40000000000000bf25000000000000be2e
0000000000003e79000000000000be76000000000000bf060000000000003f9d
000000000000bea1000000000000bf73000000000000bbc4000000000000c01d
0000000000003eaf0000000000003f87000000000000bf91000000000000bd30
0000000000003ec50000000000003ecc0000000000003ef2000000000000bd7a
000000000000be2e000000000000be0d000000000000bcac000000000000c028
000000000000bf8c000000000000bec5000000000000bf5c0000000000003f3f
000000000000bed3000000000000bf090000000000003f7d000000000000be8b
000000000000bf170000000000003d3a000000000000c0350000000000003dab
0000000000003e8b0000000000003e84000000000000bea60000000000003ecb
000000000000bdb20000000000003e87000000000000bf440000000000004037
000000000000be2d0000000000003dc40000000000003bb6000000000000bf6e
0000000000003e380000000000003e18000000000000bf820000000000003fb8
0000000000003fdb0000000000003e19000000000000be67000000000000bfa3
0000000000003d9c0000000000003e6e0000000000003f69000000000000bf81
0000000000003f07000000000000bd34000000000000bd940000000000003f93
000000000000bf3f000000000000bf900000000000003e27000000000000bf2b
000000000000bfd2000000000000c0070000000000003e860000000000003e8d
0000000000003ec9000000000000bcdf000000000000bf2e000000000000beb9
000000000000be8c0000000000003cd9000000000000bec40000000000003f1e
0000000000003fd5000000000000bc22000000000000bedc0000000000003c70
000000000000be2f0000000000003f47000000000000c01a000000000000be57
0000000000003f9a0000000000003e5c000000000000beb10000000000003f7d
000000000000beb80000000000003c660000000000003eb20000000000003d2e
0000000000003ba2000000000000be740000000000003f100000000000004002
000000000000bf980000000000003eee0000000000003f23000000000000bde9
0000000000003bcb0000000000003b93000000000000c04d000000000000bf12
000000000000bec50000000000003e290000000000003e4f000000000000bed8
000000000000bf800000000000003dc40000000000003e5f000000000000be84
000000000000be680000000000003e7e0000000000003e30000000000000c016
0000000000003dda000000000000beb5000000000000bd200000000000003fd8
0000000000003ee10000000000003e9e000000000000be600000000000003fa3
000000000000bfc80000000000003e6a000000000000be3b000000000000bd10
000000000000c1d6000000000000bc4b0000000000003e89000000000000beb4
0000000000003f7d000000000000befa000000000000bf620000000000003ea7
000000000000bff10000000000003cbb0000000000003f400000000000003dad
0000000000003eca000000000000bf2f000000000000bea30000000000003d96
0000000000003c5f000000000000402d000000000000be55000000000000be95
000000000000beab000000000000c00a000000000000bf0c000000000000bef4
000000000000be8e0000000000003e8e0000000000003f190000000000003e1a
0000000000003ec1000000000000bf6e000000000000be9d000000000000bd40
0000000000003e490000000000003e25000000000000bfb7000000000000bfa6
000000000000c015000000000000bf7e000000000000bf1f0000000000003f78
0000000000003ebf000000000000bcc2000000000000bde80000000000003fd3
0000000000003e590000000000003d6c0000000000003f650000000000003e8d
000000000000bf8c000000000000bce5000000000000bef2000000000000bfe8
000000000000bed7000000000000bde70000000000003ee2000000000000402c
000000000000bf240000000000003f44000000000000bf08000000000000bc1b
000000000000bfc2000000000000bdbd0000000000003fb3000000000000bf10
00000000000040430000000000003dad000000000000bf700000000000003f0e
000000000000bea5000000000000c0110000000000003e000000000000003df6
0000000000003c5b000000000000be280000000000003e83000000000000bdf8
0000000000003f11000000000000c010000000000000bd38000000000000402a
0000000000003de10000000000003f48000000000000bd89000000000000be5e
0000000000003d800000000000003f6f000000000000bf730000000000003ff0
000000000000bf5d0000000000003fd90000000000003e4c000000000000be86
000000000000bd47000000000000be08000000000000bf8f000000000000be62
000000000000be84000000000000bd230000000000003db40000000000003f6a
0000000000003f05000000000000bd3c0000000000003f36000000000000bf8a
0000000000003e64000000000000bdb3000000000000bf67000000000000bf71
000000000000bedb0000000000003f490000000000003f03000000000000bf15
0000000000003fb00000000000003f7d0000000000003e530000000000003e35
0000000000003f560000000000003f2f0000000000003df30000000000003e48
000000000000be030000000000003e9e000000000000bc760000000000003ed7
000000000000bea70000000000003dd7000000000000bf0c0000000000003d1f
0000000000003f400000000000003fbc0000000000003f6c000000000000be85
000000000000beab000000000000bffd000000000000bf1e000000000000c021
0000000000003e720000000000004031000000000000bca0000000000000bd80
0000000000003d8c0000000000003d7e000000000000bd30000000000000c03c
000000000000be6d000000000000bf670000000000003dd20000000000003d13
0000000000003d750000000000003f2d0000000000003ea8000000000000bc86
0000000000003fb2000000000000bdfd000000000000bdb3000000000000bc96
000000000000bfde0000000000003f04000000000000bfff0000000000003e8e
000000000000bed6000000000000be1c0000000000003eb7000000000000becd
0000000000003fb9000000000000bf42000000000000bc6d000000000000be19
000000000000beb00000000000003e350000000000003eae000000000000bf39
0000000000003f1000000000000040460000000000003e950000000000003fd8
000000000000bf1c0000000000003f12000000000000becb000000000000bd7e
000000000000be090000000000004024000000000000be980000000000003d5b
000000000000bf3d0000000000003e410000000000003e350000000000003f07
0000000000003e830000000000003f09000000000000be1c000000000000be42
000000000000401e000000000000be75000000000000bf39000000000000be25
000000000000bf18000000000000be150000000000003fe2000000000000c017
0000000000003f110000000000003c93000000000000bf2a000000000000bca9
000000000000bec8000000000000bfb60000000000003e81000000000000bc89
0000000000003eb6000000000000beb40000000000003c090000000000003dde
000000000000be500000000000003e48000000000000be100000000000003ded
0000000000003f430000000000003ae50000000000003e43000000000000bdbc
000000000000be8d0000000000003ed7000000000000bf3d0000000000003fd4
0000000000004026000000000000bff60000000000003e3f000000000000bd81
000000000000bb5b0000000000003d2b000000000000bf1c000000000000bd8c
000000000000be700000000000003e99000000000000be91000000000000be7a
000000000000bf0c0000000000003f340000000000003e510000000000003df8
000000000000be1e000000000000bc340000000000003e50000000000000402e
0000000000003d4d000000000000bf1c0000000000003cb60000000000003f25
000000000000beb60000000000003cb90000000000003e90000000000000bf87
000000000000bed10000000000003e58000000000000be7a0000000000003feb
0000000000003ee7000000000000c033000000000000beb00000000000003f09
000000000000bd76000000000000bd59000000000000be970000000000003db0
000000000000bf7d0000000000003fa40000000000003f4a0000000000003ed4
000000000000be1a000000000000be020000000000003e680000000000003e7b
000000000000be180000000000003f7e000000000000beb10000000000003fc7
000000000000bd1a000000000000c01d000000000000bef60000000000003ff1
000000000000be550000000000003f0e0000000000003d3d0000000000003e99
000000000000bfcd0000000000003d7b000000000000bf070000000000003f5d
000000000000bfbb0000000000003e820000000000003de00000000000003eb7
0000000000003eda000000000000beae00000000000040240000000000003e1e
000000000000bf04000000000000bd59000000000000bf050000000000003fb1
0000000000003efb000000000000bb8a0000000000003eba000000000000bf68
0000000000003d190000000000003f0e0000000000003faf000000000000bfeb
0000000000003ec10000000000003eb20000000000003d480000000000003e2c
00000000000040280000000000003d900000000000003e4e000000000000bef1
0000000000003ed7000000000000bec0000000000000becb0000000000003fbf
0000000000003edf000000000000bed80000000000003ee0000000000000bee9
000000000000bded000000000000be480000000000003dde000000000000be41
0000000000003ecd0000000000003e47000000000000be2c000000000000be27
0000000000003e5a000000000000bfeb0000000000003d2a000000000000bf18
0000000000003f490000000000003eb50000000000003f13000000000000bd91
000000000000beb70000000000003f130000000000003fd2000000000000bf0c
000000000000bdaa000000000000bf470000000000003e2d0000000000003dd0
0000000000003fba000000000000bf46000000000000bdec000000000000be95
000000000000be380000000000004046000000000000baca0000000000003f0c
0000000000003f6a0000000000003eaf000000000000beab0000000000003f1e
0000000000004055000000000000beeb0000000000003b010000000000003f18
000000000000bf400000000000003f610000000000003f4b000000000000be31
000000000000bec40000000000003edd000000000000bdd6000000000000be06
0000000000003e0c000000000000bf8b0000000000003ec20000000000003e2d
0000000000003fbb000000000000bf03000000000000bfb60000000000003f9b
0000000000003de60000000000003f84000000000000bc8a000000000000bc98
000000000000c064000000000000bf290000000000003ee50000000000004000
000000000000bfab000000000000bd940000000000003d4c000000000000c027
000000000000becc0000000000003e5f0000000000003fb0000000000000be0a
000000000000bed30000000000003b89000000000000401f0000000000003db1
0000000000003e52000000000000bc07000000000000bf140000000000003f32
000000000000be6c000000000000bda20000000000003eb00000000000003ecf
000000000000bebc0000000000003dfe000000000000bf7b0000000000003d29
0000000000003f4b000000000000bef10000000000003ee0000000000000bfe9
000000000000be430000000000003e33000000000000bfa1000000000000bf3c
0000000000003cc2000000000000bc61000000000000bd320000000000003ed9
000000000000bde2000000000000bdf6000000000000bde8000000000000bf2f
0000000000003e08000000000000bdc30000000000003deb000000000000bf21
000000000000bebf000000000000bf98000000000000bf760000000000003fa0
000000000000402b0000000000003f6d000000000000be100000000000003f0a
0000000000003f780000000000003f5a0000000000003fb60000000000003e7c
0000000000003f2d0000000000003da7000000000000bcf50000000000003fe8
0000000000003f4b000000000000c008000000000000bcd20000000000003e27
0000000000003ea0000000000000bc44000000000000be27000000000000be95
0000000000003dc00000000000003fca0000000000003db5000000000000bfc9
0000000000003ea90000000000003ede0000000000003df7000000000000bda3
000000000000bf3a000000000000bde00000000000003e860000000000003faa
000000000000bf0300000000000040800000000000003cee000000000000bf6f
000000000000bcde000000000000c015000000000000be530000000000003fc0
0000000000003f98000000000000bce1000000000000c011000000000000be74
0000000000003e1a0000000000003dbf000000000000c032000000000000bf6c
0000000000003f5f0000000000003ab50000000000003e81000000000000bfa5
000000000000be0c000000000000bf6f000000000000bfad0000000000003d7a
0000000000003d2f0000000000003f8e0000000000003f1d0000000000003b33
0000000000003f1a0000000000003fb30000000000003fad0000000000003daa
000000000000bd71000000000000be7e0000000000003f920000000000003f50
0000000000003f4c000000000000c022000000000000ba410000000000003d06
000000000000c0020000000000003ffb000000000000be2a000000000000bf37
000000000000c2120000000000003e120000000000003fa1000000000000bd38
0000000000003cbf000000000000c0240000000000003ead000000000000be88
000000000000bd370000000000003e21000000000000be2c000000000000bf54
000000000000c0260000000000003e11000000000000bd800000000000003fa3
000000000000bf940000000000003f4b000000000000be59000000000000be0b
0000000000003b40000000000000bf34000000000000bf63000000000000be82
0000000000003eda0000000000003f09000000000000bf820000000000003fdd
000000000000bda80000000000003e40000000000000bdbf000000000000bf64
0000000000003e060000000000003ef00000000000003b640000000000003f09
0000000000003c5c000000000000be4a0000000000003da0000000000000bf6c
0000000000003c810000000000004033000000000000400a000000000000bd98
0000000000003fb9000000000000bdec000000000000bde7000000000000be68
0000000000003f34000000000000bfcb000000000000c0160000000000003e0b
000000000000bbb90000000000003ea30000000000003f140000000000003cc3
0000000000003d790000000000003ead000000000000be9b000000000000bf5c
0000000000003e560000000000003dcc0000000000003fa3000000000000bf84
000000000000bd1b0000000000003fa30000000000003d8c0000000000003ecb
000000000000bfee000000000000be960000000000003fa1000000000000bf94
000000000000bea5000000000000bf00000000000000bf97000000000000bfcc
0000000000003e50000000000000bf460000000000003eb10000000000003df9
000000000000bf06000000000000bec10000000000003dba000000000000bed9
0000000000003d3e0000000000003d1b0000000000003dc30000000000003e51
000000000000bd3a0000000000003e230000000000003fc5000000000000bfad
0000000000003e73000000000000bf310000000000003f0e0000000000003f91
0000000000003e70000000000000c007000000000000be80000000000000bfa0
0000000000003f27000000000000befb000000000000c0210000000000003fe5
000000000000bd48000000000000c0250000000000003fdb000000000000bf36
0000000000003e6a000000000000bf8a000000000000bed70000000000003ee1
00000000000040170000000000003f8c000000000000bb2e000000000000bfe0
0000000000003f500000000000003bed0000000000003c900000000000003e07
0000000000003f36000000000000bf8e0000000000003ebd0000000000003fcd
0000000000003ce30000000000003f770000000000003df6000000000000bf70
000000000000bf5f000000000000be3c0000000000003ea20000000000003eb2
0000000000003deb0000000000003ddb000000000000be040000000000003ece
0000000000003fee000000000000bf18000000000000be930000000000003d8c
0000000000003f860000000000003f8500000000000040230000000000004028
0000000000003e090000000000003feb000000000000bfb50000000000003d92
000000000000be620000000000003fa1000000000000400a000000000000bdea
000000000000bc09000000000000bee70000000000003f26000000000000be4f
000000000000bea10000000000003f520000000000003d110000000000003f8d
000000000000be0b0000000000003e1c000000000000bcb10000000000003ec1
000000000000be9b000000000000bf190000000000003ec2000000000000be97
000000000000be91000000000000bdff0000000000003d27000000000000bb2e
000000000000bf6b0000000000003e440000000000003ecc000000000000bcf1
000000000000be1b000000000000bec90000000000003f500000000000003e9b
0000000000003eea000000000000c00b0000000000003f1c0000000000003d21
000000000000bccf0000000000003e1f0000000000003f0e0000000000003f50
000000000000c0af000000000000bf9b0000000000003e92000000000000bfa8
000000000000bead000000000000bf2d000000000000bf250000000000003cce
000000000000bf360000000000003ff50000000000003dfb0000000000003ed6
000000000000bed30000000000003de0000000000000bebf000000000000bf08
000000000000bebe0000000000003de4000000000000bce20000000000003de0
000000000000bff90000000000003d64000000000000bbf9000000000000bd7f
0000000000003d95000000000000bf480000000000003fd1000000000000bd47
0000000000003cfa000000000000bf91000000000000be970000000000003f63
000000000000bf080000000000003d96000000000000be8b0000000000003ea4
000000000000bf62000000000000bf1c0000000000003def0000000000004014
0000000000003db20000000000003fc8000000000000bf3f000000000000bd85
0000000000003eea0000000000003c9c000000000000c027000000000000bfa2
0000000000003bfc0000000000003e73000000000000bec6000000000000bdfb
000000000000bda40000000000003f6e000000000000be840000000000003f67
0000000000003c9e000000000000be9a0000000000003e860000000000003eba
0000000000003daf0000000000003d190000000000003dae0000000000003f8c
0000000000003f170000000000003f860000000000003fc8000000000000bf4c
0000000000003d06000000000000be8c0000000000003d5a0000000000003f46
000000000000bf0b0000000000003f0c000000000000bea60000000000003fa7
0000000000003d4a000000000000bf210000000000003d920000000000003d92
000000000000bf33000000000000bcc80000000000003e99000000000000bf7e
000000000000bedb000000000000bd92000000000000bc300000000000003ef7
000000000000be3f000000000000be77000000000000be47000000000000bf9b
0000000000003ee4000000000000bf08000000000000bbbf0000000000004055
000000000000bed70000000000003e2d000000000000be84000000000000be63
0000000000003e450000000000003f570000000000003fb6000000000000bef3
0000000000003ef3000000000000be530000000000003e5a0000000000003f31
0000000000003f8f0000000000003ef9000000000000be880000000000003a8f
0000000000003cdd000000000000bf140000000000003f46000000000000bf42
0000000000003c5b0000000000003ebb000000000000bf1f0000000000003f4b
000000000000bf04000000000000bda0000000000000be810000000000003bd6
000000000000bf800000000000003f91000000000000bfa4000000000000bf9c
000000000000bd530000000000003ed0000000000000bf6b0000000000003fb5
000000000000c0c2000000000000bf540000000000003e850000000000003fc5
000000000000bcbd0000000000003f98000000000000bed6000000000000bfee
000000000000c0150000000000003e050000000000003f540000000000003de5
000000000000bf1e0000000000003f5b000000000000c008000000000000bdc8
0000000000003e66000000000000bebb000000000000bf740000000000003ea9
0000000000003dc10000000000003e2b0000000000003dba0000000000003bf0
000000000000bf01000000000000bdbf0000000000003ecd000000000000bfae
0000000000003f7f000000000000c096000000000000be890000000000003d4a
000000000000bec5000000000000c0040000000000003f350000000000003e12
000000000000bee10000000000003ea90000000000003f030000000000003fdc
0000000000003e15000000000000bd820000000000003f58000000000000bf22
000000000000400c000000000000bf470000000000003e7e0000000000003e8a
0000000000003efb000000000000c0190000000000003f0e000000000000be93
0000000000003f9b000000000000bce10000000000003d78000000000000beb5
000000000000bddf000000000000bf2f000000000000bfcb000000000000c029
0000000000003e9e0000000000003f380000000000003ea4000000000000bf35
000000000000403f000000000000bf230000000000003cd0000000000000bf8a
000000000000403b0000000000003f890000000000003f790000000000003e11
0000000000003e2b0000000000003e8c000000000000be650000000000003e91
0000000000003f8c0000000000003f0b0000000000004022000000000000beb8
000000000000bef9000000000000bf060000000000003f5a000000000000c004
000000000000bedc0000000000003ce8000000000000bf070000000000003eb6
0000000000003db2000000000000bedb0000000000003f98000000000000bc03
0000000000003f490000000000003ecc0000000000003e850000000000003e8f
000000000000be970000000000003cca000000000000be9c0000000000003e44
000000000000bd6e000000000000bbc1000000000000be270000000000003f2a
000000000000bf040000000000003f01000000000000c0130000000000003feb
0000000000003f8b000000000000beec0000000000003ef1000000000000be04
0000000000003f910000000000003e03000000000000be1f000000000000bed0
0000000000003ea3000000000000bfbd000000000000401c000000000000bc42
0000000000003d85000000000000c0a4000000000000bd86000000000000be4d
0000000000003ed5000000000000401c000000000000bea80000000000003e28
0000000000003f560000000000003fea000000000000bd29000000000000bda6
000000000000be720000000000003e500000000000003d0c0000000000003e08
000000000000be110000000000003efb000000000000bfe60000000000003d8e
000000000000bff6000000000000be460000000000003f84000000000000bdc3
0000000000003e5f0000000000003d0e0000000000003d2e000000000000be87
0000000000003ec2000000000000bef8000000000000c012000000000000beb4
000000000000be310000000000003d2e000000000000be660000000000003e2f
0000000000004007000000000000beab0000000000003f1c0000000000003e8d
000000000000bf51000000000000bfdb0000000000003dc1000000000000be0f
0000000000003e260000000000003b83000000000000bd05000000000000bba6
000000000000bdf60000000000003f45000000000000bfa40000000000003fd2
000000000000bef20000000000003ca20000000000003ef0000000000000bd64
000000000000bd55000000000000bcc8000000000000bf6b0000000000003e38
000000000000be740000000000003d82000000000000be2e000000000000bf7a
0000000000003fba0000000000003efd000000000000c02c000000000000bdf6
0000000000003d870000000000003f920000000000003ec40000000000003eb0
000000000000c1a30000000000003fe90000000000003f310000000000003fac
0000000000003dd8000000000000bf78000000000000bf0c000000000000bdef
000000000000be6d000000000000bfdb000000000000bfa60000000000003f3c
0000000000003f750000000000003e3f000000000000bd960000000000003eca
000000000000bd270000000000003e9d0000000000003d3e000000000000bfbb
0000000000003f51000000000000bd71000000000000bed00000000000003e03
000000000000bef0000000000000bfb60000000000003e170000000000003d60
000000000000bea6000000000000bcf7000000000000c0bb0000000000003f74
000000000000be23000000000000bf9d000000000000bec30000000000004015
0000000000003f8b000000000000bf10000000000000bdd5000000000000be46
000000000000bf640000000000003ab9000000000000bdfa0000000000003f72
000000000000bde4000000000000be8e0000000000003e490000000000003e9b
000000000000bf630000000000003f390000000000003f7e000000000000c007
000000000000beb10000000000003db6000000000000c065000000000000bfb2
000000000000bee8000000000000be7700000000000040a20000000000003f24
000000000000c014000000000000401d0000000000003d45000000000000be42
000000000000be75000000000000bf9d00000000000040190000000000003fb4
000000000000bcb30000000000003e09000000000000bec0000000000000bed1
0000000000003df1000000000000bd400000000000003df20000000000003f34
000000000000bdc10000000000003e530000000000003f48000000000000beb5
000000000000bf180000000000003d800000000000004006000000000000bfb7
000000000000bf190000000000003f38000000000000bef4000000000000bc43
000000000000be270000000000003f6d0000000000003f2d000000000000bfa9
000000000000bf4f000000000000bd340000000000003e89000000000000be40
0000000000003f430000000000003fc0000000000000be29000000000000bec3
0000000000003d5d000000000000bf27000000000000bd99000000000000400f
000000000000bf330000000000003dd70000000000003dfe000000000000bf0c
000000000000bb09000000000000c07b000000000000bee2000000000000bedd
000000000000bc220000000000003fa70000000000003ea4000000000000bd6e
000000000000bcef000000000000bdc90000000000003eaf0000000000003da9
0000000000003f42000000000000bda70000000000003f60000000000000bf0c
0000000000003e3c000000000000bf83000000000000bd0a0000000000003afd
0000000000003ae90000000000003f7e0000000000003de50000000000003e19
000000000000bea7000000000000bf450000000000003ecf000000000000bef0
000000000000bcb50000000000003e9e0000000000004002000000000000be7b
000000000000be01000000000000bf530000000000003e680000000000003d34
000000000000c00b0000000000003e8f0000000000003e1c000000000000bf0d
000000000000bdd3000000000000bdda000000000000bed80000000000003f07
000000000000bf160000000000003b260000000000003d0c0000000000003e34
0000000000003e46000000000000bef20000000000003f080000000000003fcd
0000000000003f38000000000000be4e000000000000c010000000000000bf33
0000000000003ec6000000000000bd9e000000000000bd6e000000000000bdce
0000000000003e9b000000000000bd4f000000000000bde90000000000003e26
000000000000be1800000000000040870000000000003fc50000000000003e12
0000000000003ca90000000000003f400000000000003c2f0000000000003f60
000000000000bf83000000000000bd9c0000000000003fc10000000000003fe3
000000000000bf5f0000000000003f1d000000000000bed0000000000000bf2c
000000000000bdc80000000000003f2a0000000000003f88000000000000bee8
0000000000003f550000000000003cdd0000000000003e5c000000000000bf30
000000000000bece000000000000bf190000000000003e1c0000000000003fb7
000000000000bdab0000000000003e61000000000000bdde0000000000003e26
0000000000003ea30000000000003fda0000000000003db50000000000003dc3
0000000000003d32000000000000bf2d00000000000040060000000000003eaf
000000000000bf440000000000003f35000000000000bf0a000000000000403b
0000000000004011000000000000c00b000000000000be8b000000000000be95
0000000000003ba80000000000003d4d0000000000003e7d000000000000beb0
0000000000003ece0000000000003dc0000000000000bd94000000000000403d
0000000000003d650000000000003d3a000000000000bd090000000000003fac
0000000000003ede000000000000be6b0000000000003d3e0000000000003d87
000000000000be8a000000000000bec1000000000000bd6f0000000000003ef2
0000000000003e47000000000000bf810000000000003ef00000000000003eb0
000000000000bde40000000000003f57000000000000bd8e0000000000003ed6
000000000000be79000000000000bddc0000000000003f8a0000000000003d10
000000000000bdaa0000000000003dd0000000000000c0030000000000003f74
000000000000bf080000000000003d8800000000000040230000000000003f2f
0000000000003c84000000000000bfce000000000000bf4e000000000000bc3e
0000000000003c1c000000000000be520000000000003d010000000000003e94
000000000000c014000000000000be5e0000000000003fe8000000000000be17
000000000000bfae0000000000003fc90000000000003d4a0000000000003e6e
000000000000bd630000000000003f10000000000000be750000000000003f60
000000000000bfa10000000000003d2b000000000000be870000000000003ecd
000000000000bb39000000000000bd4e0000000000003ba4000000000000bc0f
000000000000bfab000000000000bed0000000000000bbcb000000000000bc52
0000000000003ebe0000000000003f030000000000003fa30000000000003e4f
000000000000bb1b000000000000be620000000000003f1e0000000000003f9a
0000000000003e7c0000000000003f950000000000003ee10000000000003ebc
000000000000403f000000000000bde2000000000000bf32000000000000bee1
000000000000bd12000000000000bf26000000000000bc53000000000000be3e
0000000000003f06000000000000bfa10000000000003d880000000000003f33
0000000000003f2a0000000000003fbf000000000000c0090000000000003ebf
0000000000003f940000000000003c91000000000000be84000000000000bf46
000000000000c0330000000000003ee10000000000003e27000000000000bfb8
000000000000bd90000000000000bc9b0000000000003c1c0000000000003daa
000000000000bddf000000000000be6e0000000000003e57000000000000be94
0000000000003e800000000000003f01000000000000be540000000000003f07
0000000000003ee70000000000003e8e000000000000beac0000000000003f81
0000000000003e1c0000000000003e88000000000000bf6d0000000000003e97
000000000000c040000000000000bf1c0000000000003e2f0000000000003e26
000000000000be31000000000000bf3a0000000000003efb000000000000c07a
000000000000bfb20000000000003c89000000000000bdc5000000000000be60
000000000000bf24000000000000bf5b000000000000beed000000000000beac
0000000000003f330000000000003e6700000000000039b5000000000000bfc8
000000000000be960000000000003e3e000000000000bf860000000000003c99
000000000000bfa0000000000000beb6000000000000bec90000000000003f9b
000000000000be8b000000000000bdca000000000000be2c0000000000003d8b
00000000000040290000000000003d1b0000000000003e8f0000000000004054
0000000000003f120000000000003fcb0000000000003f7c0000000000003e13
000000000000bf44000000000000be3e000000000000be500000000000003d8f
0000000000003e01000000000000be0e0000000000003dcc0000000000003da1
000000000000bdf8000000000000bdc00000000000003e890000000000003e2f
000000000000bfc30000000000003a240000000000003ecb000000000000befb
000000000000be9f0000000000003f17000000000000bdae000000000000be3e
0000000000003e800000000000003f5d000000000000bf31000000000000be0c
0000000000003f4f000000000000bf7a0000000000003f55000000000000bf3c
000000000000bfa80000000000003b5b000000000000bf26000000000000beaf
0000000000003d400000000000003d88000000000000bd750000000000003f95
0000000000003e04000000000000bebf000000000000bf250000000000003e73
0000000000003f35000000000000bd6f0000000000003f74000000000000bf0a
000000000000c048000000000000bbfc0000000000003fc3000000000000be3f
000000000000bc39000000000000c004000000000000bf570000000000003cc7
00000000000040460000000000003e3c000000000000bda9000000000000be25
000000000000bb6c0000000000003fca000000000000beee000000000000be84
000000000000bcc50000000000003f220000000000003ff40000000000003f23
000000000000401a000000000000bdf1000000000000be4f000000000000beb1
0000000000003e2b000000000000b8ba000000000000bf920000000000003f48
0000000000003ea5000000000000402b000000000000be9b000000000000bf9f
000000000000bd24000000000000bd3c000000000000be32000000000000be77
000000000000bc6c000000000000bec20000000000003d83000000000000bdc2
000000000000be060000000000003f08000000000000bea8000000000000bdc7
0000000000003f83000000000000bc980000000000003ee80000000000003e39
000000000000be700000000000003f050000000000003f230000000000003eb3
000000000000bf09000000000000bc810000000000003dfa0000000000003e7f
000000000000402b0000000000003ea5000000000000bfd6000000000000bac6
0000000000003f11000000000000bf1c0000000000003f030000000000003d86
0000000000003cec0000000000003dd00000000000003eed0000000000003f44
000000000000bd9d0000000000003ef60000000000003fec000000000000bcfe
000000000000beaa0000000000003f39000000000000bece0000000000003e5a
000000000000beb20000000000003e34000000000000bf120000000000003f23
000000000000c2ca0000000000003e2e0000000000003e5a0000000000003ecb
000000000000bd93000000000000bfdc0000000000003de1000000000000bf07
000000000000bec50000000000003d73000000000000bf92000000000000bfdc
0000000000003f8e0000000000003dd20000000000003f1e0000000000003f59
0000000000003f3c000000000000bfaa0000000000003eb30000000000003e1b
0000000000003f9a0000000000003e010000000000003e1a0000000000003f4d
000000000000be51000000000000bf7f0000000000003d8b0000000000003fbc
000000000000bed1000000000000bf9b000000000000be32000000000000be8a
000000000000bf170000000000003f900000000000003eb30000000000003e79
0000000000003e57000000000000bead0000000000003e4c0000000000003e17
0000000000003f8f0000000000003e37000000000000bf86000000000000bd1b
000000000000be370000000000003fd6000000000000bd560000000000003de4
000000000000be2b0000000000003e360000000000003e810000000000003e00
0000000000003e530000000000003e02000000000000beb3000000000000be45
000000000000bc67000000000000bdaa0000000000003de1000000000000bd9b
0000000000003ce80000000000003fac000000000000bc50000000000000bc08
000000000000bf2b000000000000c018000000000000bef2000000000000bf8e
0000000000003e860000000000003f97000000000000c00d0000000000003fbf
0000000000003ed1000000000000bde5000000000000bc270000000000003f16
000000000000bf62000000000000405b000000000000bcfa000000000000bf61
000000000000bfe70000000000003f0c000000000000bec6000000000000bc51
000000000000bdcd000000000000c00a0000000000003f14000000000000bf68
0000000000003bc1000000000000bba10000000000003ed40000000000003df7
000000000000bef30000000000003eea0000000000003d89000000000000beec
000000000000bf1f000000000000be4f0000000000003f9b000000000000beaf
0000000000003af50000000000003d8d0000000000003c450000000000003ff5
0000000000003f430000000000003ac9000000000000403c0000000000003fda
0000000000003e8e000000000000bd99000000000000ba25000000000000bffb
000000000000bf0f0000000000003f02000000000000bcc50000000000003f9e
000000000000bda3000000000000bee5000000000000bf3b000000000000bd92
0000000000003f120000000000003f970000000000003f33000000000000bfa2
000000000000bc6e0000000000003f44000000000000400d000000000000c045
0000000000003fe40000000000003d54000000000000be3a0000000000003dce
0000000000003e93000000000000bf630000000000003d8c000000000000bedf
0000000000003d68000000000000bd32000000000000be12000000000000be32
000000000000be2b000000000000bea6000000000000bd25000000000000be8d
0000000000003e020000000000003ea40000000000003e67000000000000bdca
0000000000003e1e000000000000bff70000000000003de7000000000000bf49
000000000000bdf10000000000003f51000000000000bf6a0000000000003e82
000000000000be7f000000000000c1220000000000003fed000000000000bfa4
000000000000bed40000000000003fa9000000000000bfd80000000000003e42
000000000000bfc50000000000003e9f000000000000bd9e0000000000003ec8
000000000000bfb30000000000003e86000000000000beff0000000000003efc
000000000000be230000000000003eb3000000000000bf6b0000000000003f0f
0000000000003f540000000000003e6b0000000000003e7b0000000000003e85
000000000000bce3000000000000bfa10000000000003ee8000000000000bce7
000000000000be050000000000003dcf000000000000bea90000000000003df6
000000000000bff2000000000000beb70000000000003ee3000000000000be5b
000000000000bf8100000000000040280000000000003d58000000000000beda
000000000000be8c0000000000003d8c000000000000beb80000000000003d68
000000000000be3f0000000000003df3000000000000be960000000000003efd
0000000000003e210000000000003f37000000000000bdc10000000000003eba
000000000000be7a0000000000003d13000000000000400b0000000000003ef9
0000000000003e7c000000000000be180000000000003e83000000000000bf0c
000000000000bf25000000000000bfa50000000000003e970000000000003e82
0000000000003f43000000000000c0060000000000003e0a0000000000003dd4
000000000000bd47000000000000bfa30000000000003b83000000000000be4c
0000000000003de3000000000000bec9000000000000bf220000000000003f0c
000000000000bda7000000000000be510000000000003d3c0000000000003f05
000000000000bf5d000000000000bec5000000000000bd50000000000000bec0
000000000000be1d000000000000bf930000000000003f100000000000003f59
000000000000be5c000000000000bed2000000000000bdf30000000000003c82
000000000000beb50000000000003f0e0000000000003d9f0000000000003e67
0000000000003d210000000000003d6b0000000000003d18000000000000bea6
000000000000be03000000000000bf970000000000003df0000000000000be12
0000000000003e7f000000000000c03f000000000000bfc6000000000000bdc7
000000000000beb2000000000000be740000000000003edb0000000000003ea1
0000000000003dc5000000000000bdb100000000000040350000000000003dd6
000000000000c024000000000000be390000000000003f12000000000000bf0f
000000000000bffe0000000000003e0d0000000000003e92000000000000bede
000000000000bf410000000000003de50000000000003f84000000000000bc3d
000000000000beab0000000000003f13000000000000bf120000000000003f81
0000000000003e91000000000000be29000000000000bfbe0000000000003ee4
000000000000bcf7000000000000be8d0000000000003f250000000000003f22
0000000000003f000000000000003e53000000000000c01b0000000000004006
0000000000003db5000000000000c039000000000000bfc2000000000000bfd5
000000000000bdbd0000000000003d9f000000000000bf170000000000003f87
0000000000003bee000000000000bf740000000000003dc50000000000003d7d
0000000000003dd90000000000003cae000000000000bf06000000000000be9e
000000000000bf98000000000000bf740000000000004022000000000000befe
000000000000bfb3000000000000bffc0000000000003f6e0000000000003fb1
000000000000be7f0000000000003df7000000000000bddf000000000000c00d
000000000000bf2e000000000000bfb90000000000003e40000000000000beb8
0000000000003f99000000000000beca000000000000bfcf0000000000003f8b
000000000000becf000000000000be180000000000003e250000000000003f31
000000000000bc870000000000003fa70000000000003f94000000000000bfc9
000000000000bc8f0000000000003ecf000000000000bc0f0000000000003f3f
000000000000bea70000000000003d830000000000003e1f000000000000bf70
000000000000beb1000000000000bf24000000000000bebf0000000000003e04
0000000000003e390000000000003f060000000000003dea000000000000bfb2
0000000000003e8e000000000000beb9000000000000c0410000000000003d07
0000000000003f120000000000003fdf000000000000bca80000000000003f5c
000000000000bfa5000000000000bfcc0000000000003f8c000000000000bd2e
0000000000003d05000000000000beb8000000000000bdd3000000000000bd10
000000000000bed20000000000003f22000000000000bf7a000000000000c07c
000000000000bf110000000000003e0c0000000000003dfa0000000000003fdc
0000000000003f380000000000003efa000000000000bcbd0000000000003e4c
0000000000003e5a0000000000003f85000000000000bf6f0000000000003e82
000000000000bf57000000000000be230000000000003fbb000000000000bced
000000000000bfad000000000000bf0c000000000000beab000000000000bbdf
0000000000003d68000000000000bff80000000000003e380000000000003caa
0000000000003d130000000000003d01000000000000c06f000000000000bd82
0000000000003ea6000000000000bf1c0000000000003dde000000000000bf97
0000000000003f39000000000000bfc70000000000003f2c000000000000bc0b
000000000000bf980000000000003f28000000000000be040000000000003e2f
0000000000003f07000000000000be45000000000000bf99000000000000be7e
000000000000be96000000000000beb4000000000000bf93000000000000be46
000000000000be1b0000000000003f69000000000000bdf00000000000003eb8
0000000000003f4f0000000000003da00000000000003f270000000000003f67
0000000000003cdc000000000000bf2c000000000000bf14000000000000bfe1
0000000000003f7d000000000000bf2d000000000000bec6000000000000bf82
0000000000003ea40000000000003ec0000000000000be240000000000003f47
0000000000003f8c000000000000be100000000000003f2d0000000000003b53
0000000000003f3a000000000000beeb000000000000bebf0000000000003e3b
0000000000003eb8000000000000bc2c000000000000be15000000000000c01f
000000000000be83000000000000be6b000000000000bfb0000000000000be62
0000000000003df80000000000003f59000000000000bdb8000000000000bf99
0000000000003d7d000000000000bf9e0000000000003f600000000000003e13
0000000000003f8e0000000000003dfd0000000000003f0b0000000000003f43
000000000000bcd7000000000000be700000000000003f0d0000000000003f92
0000000000003e81000000000000bfc6000000000000bd3d000000000000bdee
000000000000bfb6000000000000bce7000000000000bea60000000000003eec
0000000000003eaa000000000000beee0000000000003f2f000000000000bf1c
0000000000003d520000000000003cea0000000000003d02000000000000bd33
000000000000c009000000000000badc0000000000003e620000000000003eff
000000000000bf07000000000000bfad0000000000003f8f0000000000003f01
000000000000be53000000000000be58000000000000be18000000000000bfc8
000000000000bd8c0000000000003f84000000000000bf03000000000000bf01
0000000000004085000000000000bf94000000000000bf890000000000004007
000000000000beaf0000000000003e03000000000000be39000000000000bcb4
000000000000bdbf000000000000be1b000000000000bfa30000000000003f99
000000000000bf75000000000000bf620000000000003f470000000000003f18
000000000000bfe50000000000003ea90000000000003d4d0000000000003f1d
0000000000003e7e000000000000bea2000000000000bfce0000000000003f16
0000000000003efe000000000000bd320000000000003e350000000000003e3f
0000000000003f5100000000000040080000000000003e63000000000000bf16
000000000000bf5c000000000000bd2e000000000000bf530000000000003eb8
000000000000bf37000000000000bf060000000000003dde0000000000004035
0000000000003f5a0000000000003ee00000000000003e25000000000000bf99
0000000000003e7f000000000000bf860000000000003e83000000000000bd0c
0000000000003dbb000000000000ba90000000000000bf900000000000003f83
0000000000003f570000000000003f8c000000000000be140000000000003e2e
0000000000003c940000000000003eeb000000000000bf1e000000000000bf2d
000000000000beb8000000000000c0770000000000003f69000000000000bd91
000000000000be930000000000003e030000000000003e4d000000000000403e
000000000000bf52000000000000bf340000000000003f0a000000000000bc68
0000000000003d5f000000000000bf090000000000003e200000000000003f3d
000000000000bdb2000000000000bf390000000000003f2e000000000000bd5c
000000000000be420000000000003e73000000000000be460000000000003c8a
0000000000003e88000000000000bf3b000000000000bfb20000000000004027
000000000000bfa6000000000000bde90000000000003ef20000000000003ba2
00000000000040a70000000000003e18000000000000bf4d0000000000003d2d
000000000000bd1f0000000000003e960000000000003d4f000000000000bfc5
000000000000bfa0000000000000bed5000000000000be780000000000003e13
000000000000be80000000000000bf1f0000000000003beb000000000000bfc2
0000000000003ea40000000000003f810000000000003a30000000000000bf34
000000000000bba90000000000003c1b000000000000bdc4000000000000bed8
000000000000bf1f0000000000003c950000000000003c1f0000000000003f8d
000000000000c06b000000000000bfa80000000000003edc0000000000003f2e
000000000000c015000000000000beff000000000000bead0000000000003e18
000000000000be8d000000000000bdeb000000000000bf41000000000000beaf
0000000000003e3a0000000000003e4e000000000000bcec0000000000003f68
000000000000bd7b000000000000bfa8000000000000bf47000000000000bd49
000000000000be8e0000000000003d6f000000000000bd9a0000000000003f32
0000000000003d48000000000000bed5000000000000be9a0000000000003d57
000000000000be140000000000003e82000000000000bcd00000000000003f38
000000000000bd7300000000000040080000000000003bb3000000000000bf52
0000000000003e4d0000000000003ef1000000000000bd390000000000003cd5
0000000000003d900000000000003dc1000000000000bf4f0000000000003f43
0000000000003cb80000000000003d7f0000000000003eb8000000000000be97
0000000000003e7b000000000000bd10000000000000c012000000000000bf22
0000000000003df30000000000003bc50000000000003d3b000000000000bd3a
000000000000bdb20000000000003f090000000000003e9b000000000000bde1
000000000000bec50000000000003fe80000000000003e3f0000000000003e49
000000000000bf3e000000000000bf9a0000000000003fe3000000000000bf82
0000000000003dcd000000000000bd90000000000000bdc70000000000003c02
0000000000003e460000000000003c2d000000000000bd92000000000000bf1b
000000000000bea2000000000000be75000000000000bfaf0000000000003d8e
000000000000bc55000000000000bccc0000000000003e470000000000003dd7
0000000000003f22000000000000bdaf0000000000003e550000000000003f8d
000000000000becb0000000000003f19000000000000bf65000000000000bd96
0000000000003c9f000000000000bda00000000000003f9f0000000000003edf
000000000000bf94000000000000be990000000000003e03000000000000beb6
0000000000003f8e000000000000bee20000000000003d06000000000000bee5
000000000000bf5c000000000000bf82000000000000be700000000000003f25
0000000000003dae000000000000bfc5000000000000bbc1000000000000be26
0000000000003ea0000000000000bdec0000000000003e810000000000003d14
000000000000bd8a000000000000bdd00000000000003b18000000000000bd13
0000000000003cce000000000000be910000000000003f0e0000000000003eda
0000000000003ec2000000000000bf600000000000003ef7000000000000bd29
000000000000be8d000000000000bfd1000000000000bd510000000000003f6d
000000000000bdaf000000000000bfc2000000000000be850000000000003f62
0000000000003e90000000000000bfae0000000000003d510000000000003e7f
00000000000040030000000000003f470000000000003e36000000000000bd14
0000000000004018000000000000b9e1000000000000bdf4000000000000befe
000000000000bf08000000000000bed1000000000000be670000000000003f48
0000000000003e55000000000000bfca000000000000bf6d000000000000bf83
000000000000bf820000000000003e15000000000000bfa1000000000000bdf9
0000000000003f63000000000000be0d0000000000003f30000000000000bf82
0000000000003de2000000000000bef70000000000003d9f0000000000003fa3
000000000000bd930000000000003f800000000000003f85000000000000bf82
0000000000003f5e000000000000bea20000000000003e51000000000000bf4b
000000000000bd890000000000003ce1000000000000becc000000000000bf0d
000000000000bf8e000000000000be81000000000000bf240000000000003ee0
000000000000bf50000000000000bc190000000000003e9f000000000000bf86
000000000000bef00000000000003f73000000000000bf2c0000000000003f0c
0000000000003f0e000000000000bddf000000000000bf100000000000003fb9
000000000000beb50000000000003f230000000000003d7f0000000000003db3
0000000000003d8c0000000000003f5a0000000000003e74000000000000be0e
000000000000beda000000000000bea4000000000000bbda0000000000003fe3
000000000000bfbf000000000000be150000000000003f3c0000000000003dea
0000000000003e210000000000003f2e000000000000bffa000000000000be89
000000000000409a000000000000bd71000000000000bf7a000000000000bfa3
000000000000be9d0000000000003f85000000000000bfa6000000000000be27
0000000000003ef5000000000000bf77000000000000be8b0000000000003d8c
0000000000003eab0000000000003e4d000000000000be7c000000000000bea1
000000000000beaf000000000000bcd40000000000003c4c0000000000003f57
0000000000003c120000000000003eaa000000000000bf8d000000000000bc9c
0000000000003e45000000000000bf01000000000000be37000000000000bd2b
0000000000003f800000000000003df6000000000000be96000000000000bf1a
000000000000bfb20000000000003d930000000000003dd5000000000000bf0b
00000000000040540000000000003d640000000000003f79000000000000bf28
000000000000bd02000000000000be07000000000000bbf80000000000003f23
000000000000bfa7000000000000bf5c0000000000003fb5000000000000bf2a
000000000000bcbd000000000000bdea0000000000003f4a0000000000004019
0000000000003f2a0000000000003ee4000000000000c0320000000000003ec4
000000000000bfbd0000000000003f67000000000000bf520000000000003db0
000000000000bd39000000000000beb8000000000000bea6000000000000401f
0000000000003d82000000000000bd460000000000003f7f000000000000bf94
0000000000003e9b0000000000004002000000000000bf07000000000000c031
000000000000bc970000000000003e3e000000000000be460000000000003a0a
000000000000c0c4000000000000c00e000000000000be8e0000000000003f6c
0000000000003c9f0000000000003e06000000000000bef2000000000000be41
0000000000003dbc0000000000003e1d000000000000beec0000000000003fa0
000000000000bebc0000000000003eb80000000000003f890000000000003f0b
0000000000003d7e0000000000003eca000000000000400b000000000000be7a
000000000000be420000000000004000000000000000408e0000000000003feb
000000000000401d000000000000be9d0000000000003e34000000000000be0d
000000000000c0260000000000003f950000000000003f730000000000003ec9
000000000000bf0b000000000000bf850000000000003e0d0000000000003f15
0000000000003efb0000000000003d900000000000003eca000000000000be9d
000000000000beca000000000000bf14000000000000bc9e000000000000be44
000000000000bebd0000000000003f1e000000000000be0b0000000000003e93
0000000000003e99000000000000bfec0000000000003f7f000000000000bef9
000000000000beb9000000000000be9d0000000000003e6f0000000000003d87
000000000000bf3e000000000000bfae000000000000bec50000000000003f9d
0000000000003eb8000000000000bf1c000000000000beb30000000000003e33
0000000000004002000000000000bebe0000000000003f410000000000003d82
000000000000be200000000000003d360000000000003fa50000000000003fe6
000000000000bf78000000000000be7f000000000000bf030000000000003f94
000000000000be65000000000000be790000000000003eb90000000000003eb6
0000000000003e640000000000003f1e0000000000003fa60000000000003fb9
0000000000004051000000000000bbeb0000000000003e0a000000000000bed3
0000000000003f560000000000003f2a000000000000bea4000000000000bf1b
0000000000003e62000000000000bed00000000000003f690000000000004024
0000000000003e2c0000000000003e81000000000000be92000000000000bee7
000000000000c2660000000000003cff0000000000003f17000000000000beb9
00000000000040150000000000003cf9000000000000bebb000000000000bfde
0000000000003e6e000000000000bf760000000000004045000000000000bf9e
0000000000003b6d000000000000bed7000000000000be0c0000000000003e52
000000000000405d000000000000beb4000000000000bf880000000000003ff2
0000000000003e490000000000003e9c00000000000040810000000000003c56
000000000000bed6000000000000c01b0000000000003ec30000000000003ffa
0000000000003e210000000000003b930000000000003f04000000000000bc91
000000000000bebc0000000000003e740000000000003e94000000000000bcab
000000000000bdbe000000000000bdd50000000000003e550000000000003e2f
0000000000004009000000000000bd9b0000000000003f63000000000000be91
0000000000003f7c000000000000bf100000000000003c780000000000004026
0000000000003f25000000000000bd17000000000000bcba000000000000becb
0000000000003e26000000000000bd41000000000000bf78000000000000beb6
000000000000bf11000000000000be5c000000000000bdbd000000000000bc21
000000000000bf48000000000000bd990000000000003ded000000000000bf6d
000000000000bf1e0000000000003e39000000000000bfdf000000000000c01b
0000000000003ecc0000000000003ff90000000000003ec30000000000003ec4
000000000000bd26000000000000bea9000000000000bd5e0000000000003f25
000000000000be8b000000000000be44000000000000bf30000000000000bd4c
000000000000bf45000000000000be13000000000000bdc7000000000000bf8d
00000000000040000000000000003df0000000000000be6e0000000000003c6a
000000000000bdb20000000000004036000000000000bf46000000000000bd38
000000000000bbc40000000000003e3b000000000000be1e0000000000003f0c
0000000000004019000000000000c009000000000000be68000000000000bbc0
0000000000004003000000000000c01b0000000000003e5e0000000000003fd0
000000000000bd73000000000000bf08000000000000bdfb000000000000bf07
000000000000bf41000000000000bf700000000000003d060000000000003ef7
0000000000003eff0000000000003fc10000000000003cba000000000000bc81
000000000000bf430000000000003b420000000000003f8d000000000000bd4b
0000000000003f1c000000000000bca00000000000003f570000000000003f33
000000000000bf200000000000003e8d0000000000003d82000000000000bee9
000000000000bf170000000000003ca6000000000000bee6000000000000bf38
0000000000003f150000000000003f01000000000000bf980000000000003dfe
000000000000be0e0000000000003fbb000000000000bdf9000000000000bf3c
000000000000be530000000000003fa1000000000000bddf000000000000bcdb
0000000000003dc1000000000000bee2000000000000bca80000000000003ea1
0000000000003edd0000000000003f9d000000000000bf250000000000003fe5
0000000000003e06000000000000bfb4000000000000be020000000000003ec8
0000000000003dc50000000000003f150000000000003c8e0000000000003ddf
0000000000003f25000000000000bdd6000000000000be040000000000003e10
000000000000be040000000000003e1c0000000000003f99000000000000beab
0000000000003e270000000000003f8d000000000000be1d0000000000003d4a
000000000000c039000000000000bdc60000000000003f59000000000000be19
000000000000bf810000000000003ee30000000000003e2a0000000000003eb3
000000000000be800000000000003f3f000000000000bc91000000000000bf70
0000000000003d8a000000000000be360000000000003fe60000000000003f88
000000000000c02e000000000000bec40000000000003dfd0000000000003f07
0000000000003fb7000000000000be36000000000000c033000000000000bdcf
0000000000003fb10000000000003f2b0000000000003e6e000000000000be5a
000000000000bf1d000000000000bf460000000000003ea1000000000000beb2
0000000000003ee7000000000000bf9c000000000000bcf80000000000003e67
0000000000003e5f000000000000be440000000000003ef90000000000003fc9
0000000000003ed1000000000000bfc7000000000000bed10000000000003d2b
000000000000beec0000000000003ebf0000000000003f33000000000000be5b
000000000000bfd70000000000003fad000000000000bdba0000000000003eeb
0000000000003e560000000000003ee5000000000000bbaf0000000000003d20
000000000000bef6000000000000bd67000000000000bef9000000000000bf84
0000000000003d7b0000000000003f1f0000000000003f26000000000000c045
0000000000003dc9000000000000bfae0000000000003c1f0000000000003d24
0000000000003d30000000000000bf01000000000000bf8e0000000000003f0c
000000000000be5f000000000000be9f000000000000bebb0000000000003dbf
000000000000bf84000000000000bd3b0000000000003d3a0000000000003ef5
0000000000003dd60000000000003a5b0000000000003ee60000000000003f77
0000000000003caf000000000000beee0000000000003f81000000000000bd92
000000000000bdcd000000000000be41000000000000bfc80000000000003fcc
000000000000bf500000000000003ed2000000000000bdb6000000000000befc
0000000000003edd0000000000003eb70000000000003f02000000000000beca
000000000000bf110000000000003deb0000000000003db70000000000003de3
000000000000c012000000000000bfcf0000000000003ea40000000000003e32
000000000000bf09000000000000be1c000000000000bbf6000000000000be8f
0000000000003ff8000000000000bd1e000000000000bfa8000000000000c017
000000000000bfc80000000000003df3000000000000bd850000000000003ee8
0000000000003e08000000000000bdff000000000000beb2000000000000bcb3
0000000000003e39000000000000bd2b0000000000003ee6000000000000bf80
0000000000003f4a000000000000bf38000000000000be910000000000003e8f
000000000000bf46000000000000be2e0000000000003a9f0000000000003ed4
000000000000bf860000000000003e950000000000003efd00000000000040a1
000000000000bcfb0000000000003dca0000000000003ecf0000000000003e9f
0000000000003e880000000000003f01000000000000bc5c000000000000bf1a
000000000000bf920000000000003f8a0000000000003edb0000000000003e01
000000000000bed7000000000000bd910000000000003e04000000000000bdcc
0000000000003faa000000000000c027000000000000be8b0000000000003ddc
0000000000003f800000000000003b1a000000000000bec8000000000000bf0b
000000000000bfb6000000000000bf130000000000003e0a000000000000bef9
000000000000bdb80000000000003d3f0000000000003f5a000000000000bf49
0000000000003e0f0000000000003f5a000000000000401a0000000000003fa9
0000000000003e220000000000003e620000000000003f73000000000000bead
0000000000003f4e000000000000bf22000000000000bf410000000000003e9a
0000000000003f2b000000000000bc760000000000003d0c000000000000bd78
0000000000003f4d0000000000003f110000000000003f430000000000003c4b
000000000000bb46000000000000be0f000000000000c014000000000000402c
0000000000003aac0000000000003fb70000000000003c1a000000000000bf09
0000000000003f580000000000003cfe0000000000003ea1000000000000bf29
000000000000bfbb000000000000be970000000000003f31000000000000bdf8
0000000000003eac000000000000bf29000000000000c0030000000000003faa
0000000000003e490000000000003eb70000000000003fdb000000000000bf36
0000000000003eb6000000000000bf2c000000000000bf840000000000003d47
0000000000003f89000000000000beed0000000000003e440000000000003f7b
000000000000bef50000000000003f38000000000000c00b0000000000003f38
0000000000003fd90000000000003e9f000000000000bee4000000000000400f
0000000000003e260000000000003e81000000000000bf0c0000000000003dbf
000000000000bee8000000000000bd330000000000003c60000000000000400c
000000000000bea40000000000003ce60000000000003c41000000000000bd52
0000000000003f910000000000003e8d000000000000beeb0000000000003f50
0000000000003f15000000000000bda8000000000000bf070000000000003eb8
0000000000003cdf0000000000003fb30000000000003f280000000000003eb9
000000000000be60000000000000bf8e0000000000003cce000000000000bf65
0000000000003e92000000000000bf99000000000000bde1000000000000be8a
0000000000003f98000000000000bfe20000000000003fcf000000000000be68
000000000000be5e000000000000bcf7000000000000bdb80000000000003e54
000000000000bfaf0000000000003e08000000000000bd290000000000003e0f
000000000000bed80000000000003e27000000000000bf0d0000000000003eab
0000000000003f23000000000000bd2c0000000000003ee3000000000000baec
0000000000003f860000000000003f320000000000003f930000000000003f51
000000000000bd45000000000000bf4e000000000000bf940000000000003d52
000000000000bf18000000000000be8b0000000000003ca7000000000000bef7
0000000000003c3300000000000040110000000000003f3d000000000000bf0e
0000000000003d630000000000003fc5000000000000be73000000000000bf8b
000000000000bed0000000000000bd7c0000000000003f600000000000003af0
0000000000003f80000000000000c0550000000000003e96000000000000bc26
000000000000beb50000000000003b86000000000000be06000000000000bf0f
000000000000bed50000000000003e2a000000000000be80000000000000bfe8
0000000000003f3e000000000000bf890000000000003fac0000000000003c61
000000000000be25000000000000bf17000000000000bc8e000000000000bd88
000000000000be280000000000003f7d0000000000003d8f0000000000003de8
0000000000003e88000000000000be92000000000000beee000000000000be82
000000000000be3a000000000000be90000000000000beb2000000000000bccf
000000000000c27c000000000000bf65000000000000bd930000000000003f9d
000000000000bfbb0000000000003c1f000000000000be7c0000000000003e3b
000000000000bd70000000000000be8e000000000000bf390000000000003e68
000000000000bf85000000000000bfa2000000000000beab000000000000be6c
000000000000bc6b0000000000003edc0000000000003e13000000000000bed8
000000000000bf240000000000003eb4000000000000bc9a0000000000003d2c
000000000000be020000000000003b9a000000000000bf00000000000000be0f
0000000000004028000000000000bfc70000000000003d26000000000000bff1
000000000000bdc5000000000000be22000000000000bfd40000000000004011
000000000000bfce000000000000bced000000000000be6b0000000000003ecf
000000000000be67000000000000bd72000000000000be370000000000003fb4
000000000000bda4000000000000bf0c0000000000003ea60000000000003e14
0000000000003d51000000000000be3f0000000000003e710000000000003f9b
0000000000003f1e00000000000040020000000000003f1a000000000000bf0d
0000000000003d840000000000003fd4000000000000bffd0000000000003f09
0000000000003d2e0000000000003df10000000000003dc10000000000003edf
000000000000bdf20000000000003eb2000000000000bf3c000000000000bcdc
000000000000bf410000000000003cc10000000000003f97000000000000be4d
0000000000003c4000000000000040170000000000004045000000000000be9a
000000000000bff20000000000003bf20000000000003e9e000000000000bf27
0000000000003f21000000000000bead000000000000beca000000000000bee8
0000000000003dca0000000000003cf20000000000003e86000000000000c093
0000000000003d94000000000000be80000000000000bfd2000000000000be65
0000000000003ecb000000000000bf9e0000000000003c680000000000003d24
000000000000be0e0000000000003d85000000000000bf470000000000003e2a
000000000000bdfd000000000000bf610000000000003f700000000000003edf
000000000000c0730000000000003fb5000000000000bfb10000000000003ed2
000000000000beb7000000000000bd8d0000000000003fe1000000000000bea3
000000000000bf3f0000000000003e92000000000000bf81000000000000bf91
0000000000003edc000000000000bf62000000000000bbc2000000000000bdf3
000000000000bf840000000000003fe30000000000003ee2000000000000bee0
0000000000003f860000000000003faa0000000000003f0b0000000000003d92
0000000000003efa0000000000003db2000000000000be540000000000003e2a
000000000000be86000000000000400700000000000040380000000000003f75
0000000000003dd10000000000003ef3000000000000bf16000000000000becc
000000000000bfe10000000000003d9c0000000000003efa000000000000bef7
000000000000bbd20000000000003eed000000000000be8d0000000000003f2f
000000000000bdbf0000000000003eb0000000000000bd880000000000003e0c
000000000000bc40000000000000be12000000000000bea2000000000000bf61
0000000000003f53000000000000bfb00000000000004091000000000000bc1e
000000000000be840000000000003f1a000000000000bf5f000000000000becf
0000000000003e270000000000003e6f0000000000003df50000000000003fbe
000000000000bf04000000000000be2e000000000000bff3000000000000c01d
000000000000bfe5000000000000bc710000000000003ec60000000000003f18
0000000000003ca30000000000003f370000000000003e390000000000003efb
000000000000bf37000000000000bdfd0000000000003d980000000000003f82
000000000000bf1b000000000000bdfb000000000000be010000000000003eab
0000000000003f070000000000003d7a0000000000003ea50000000000003f0f
0000000000003e28000000000000bd7f0000000000003eb90000000000003dba
0000000000003da10000000000003b03000000000000bf1f0000000000003d38
0000000000003e07000000000000bd2b0000000000003ebf0000000000003e36
000000000000bec90000000000003e490000000000003e8e0000000000003de6
000000000000bdb5000000000000bfbf0000000000003bca000000000000bdaf
00000000000040010000000000003f890000000000003db6000000000000bcfa
0000000000003e690000000000003e790000000000004023000000000000c08a
000000000000c01e000000000000bfb50000000000003e81000000000000bf52
000000000000c01f0000000000003d7c0000000000003ee4000000000000bf84
000000000000be3d0000000000003efe000000000000bc400000000000003e2d
000000000000bcd20000000000003eb3000000000000bdc60000000000003d94
000000000000beeb0000000000003f11000000000000bf59000000000000bf11
0000000000003cc80000000000003eb20000000000003fa50000000000003e05
0000000000003f19000000000000c015000000000000bfaf0000000000004052
0000000000003e950000000000003dc9000000000000bf1b0000000000003ecb
000000000000be900000000000003fbb0000000000004002000000000000bf06
000000000000be8f000000000000bd300000000000003d82000000000000bf92
000000000000bf8b0000000000003e0a0000000000003e830000000000003df2
0000000000003f860000000000003e6b0000000000004022000000000000bf33
000000000000be960000000000003ef5000000000000bf51000000000000be38
000000000000bf21000000000000be320000000000003ecc000000000000c047
0000000000003f280000000000003f0b0000000000003f8d0000000000003d33
000000000000be0a0000000000003df2000000000000bfda000000000000be5a
000000000000bf4e000000000000bde1000000000000bd9e000000000000be91
000000000000bd30000000000000c0040000000000003d1e000000000000bda2
000000000000bbf50000000000003fa60000000000003e000000000000003f4c
0000000000003b510000000000003eb10000000000003ba00000000000003f14
0000000000003e87000000000000bf0a000000000000bf27000000000000be18
0000000000003cd8000000000000be8e000000000000bfdd0000000000003f8a
000000000000bf5d0000000000003c9e000000000000bfc0000000000000405a
000000000000be7e0000000000003eac000000000000bf93000000000000beae
000000000000bd69000000000000b966000000000000bda00000000000003e77
0000000000003ec7000000000000bf380000000000003f37000000000000bb6c
000000000000be18000000000000be7a000000000000be84000000000000bf33
000000000000bdd1000000000000c00a000000000000be67000000000000bf15
000000000000bea6000000000000bff7000000000000bfac000000000000bf8c
0000000000003ff3000000000000c081000000000000bee6000000000000bf99
0000000000003e95000000000000404b0000000000003e7e0000000000003d85
000000000000bfbc0000000000003f07000000000000bca70000000000003f8c
0000000000003f14000000000000bba40000000000003f4b0000000000003ef8
000000000000be650000000000003e50000000000000bdd1000000000000bffd
0000000000003d570000000000003e650000000000003f13000000000000bd16
0000000000003d8d000000000000bfe8000000000000befe000000000000be0f
000000000000be89000000000000be960000000000003e200000000000003dee
0000000000003e56000000000000c0080000000000003db40000000000003f33
000000000000bff40000000000003f46000000000000bedb000000000000bdfa
000000000000c003000000000000c0200000000000003d46000000000000bc76
000000000000be92000000000000be73000000000000bf42000000000000beaf
0000000000003e90000000000000bf3d000000000000c0020000000000003e88
0000000000003f4c000000000000bf5c0000000000003f64000000000000bed5
000000000000bdcc000000000000c079000000000000bef9000000000000bf0f
000000000000bc930000000000003f080000000000003f400000000000003e53
0000000000003f0d000000000000bd420000000000003c610000000000003f08
000000000000be6c0000000000003eb3000000000000bf81000000000000bf86
0000000000003edc000000000000bd9e0000000000004025000000000000bcab
000000000000bd42000000000000bf9b000000000000bddb0000000000003b77
0000000000003eb3000000000000bf4c000000000000bf92000000000000bfa8
000000000000c00d000000000000bfd1000000000000bc160000000000003e38
000000000000bf720000000000003cf6000000000000bf110000000000003e9f
0000000000003f09000000000000bf58000000000000be04000000000000be15
000000000000bca00000000000003cd70000000000003e7a000000000000be23
0000000000003f90000000000000bef8000000000000bf9b0000000000003f87
000000000000bec20000000000003f0f0000000000003d910000000000003f05
000000000000bd08000000000000bf9c0000000000003d53000000000000bfa8
0000000000003ed2000000000000bf570000000000003f96000000000000bbf8
000000000000bfd3000000000000bc8a0000000000003f5b000000000000be0f
000000000000bd310000000000003d390000000000003f38000000000000bfe6
000000000000bea00000000000003f360000000000003fae000000000000be6f
0000000000003eb00000000000003f4f000000000000bd51000000000000bd1f
0000000000003f440000000000003f390000000000004051000000000000bde3
000000000000beb3000000000000bb34000000000000bf9c000000000000bf7b
0000000000003d5a000000000000bd100000000000003e2a0000000000003dc9
0000000000003e85000000000000bc5a000000000000bf4a000000000000bc09
000000000000bf0d000000000000bcf1000000000000bea1000000000000bcad
0000000000003e3d0000000000003dcd000000000000bffc000000000000bed1
000000000000bebd0000000000003f14000000000000bf490000000000003f89
0000000000003ff00000000000003ee9000000000000be080000000000003f4a
0000000000003c7c0000000000003f7c0000000000003d190000000000003f57
0000000000003e8a0000000000003f0d0000000000003e9e0000000000003d35
000000000000bc6f000000000000bda9000000000000bf0b000000000000be7a
00000000000042cf0000000000003e1c000000000000be710000000000003dfb
0000000000003e3a0000000000003faf000000000000bf0b0000000000003fa9
000000000000be290000000000003f8b0000000000003f4a0000000000003f42
000000000000bc41000000000000beb50000000000003f2c000000000000bac8
000000000000bd13000000000000bf04000000000000beec0000000000003e63
0000000000003c800000000000003f480000000000003f360000000000003fba
000000000000bf94000000000000be2b0000000000003f970000000000003ffb
000000000000bf18000000000000baa50000000000003d1d0000000000003ebd
0000000000003bf20000000000003fd60000000000003cf5000000000000bf52
0000000000003f6a000000000000bd81000000000000bf0f0000000000004013
0000000000003db8000000000000bf2c0000000000003f250000000000003f0e
000000000000bf1b000000000000be35000000000000bf39000000000000bf38
0000000000003dd8000000000000c0620000000000003f0b0000000000003df6
000000000000be05000000000000bd49000000000000bf14000000000000be4e
000000000000be360000000000003d14000000000000bd3e0000000000003f29
0000000000003e31000000000000bf8e000000000000bf5a0000000000003f07
000000000000bed00000000000003db40000000000003d9e0000000000003d4d
000000000000be8e0000000000003f47000000000000bf32000000000000bf4e
000000000000be2a0000000000003ff50000000000003f0c000000000000bf91
000000000000bf1c000000000000bdc1000000000000be9a0000000000003e17
0000000000003edc0000000000003e4e000000000000bd8e0000000000003e01
0000000000003da70000000000003f230000000000003b0e000000000000beca
0000000000003cc00000000000003e39000000000000bf860000000000003db0
0000000000003f22000000000000bf16000000000000bdbf0000000000004008
0000000000004008000000000000bf40000000000000bf9b000000000000bf51
0000000000003fb2000000000000c054000000000000bd0c0000000000003e79
0000000000003e310000000000003e830000000000003d19000000000000bf08
0000000000003dd2000000000000bf25000000000000bf4f000000000000be82
000000000000c0140000000000004035000000000000bfab000000000000bf4a
000000000000bed80000000000003f02000000000000bdb50000000000003cde
0000000000003ee8000000000000bf2a0000000000003d790000000000003f0c
0000000000003d5b000000000000be320000000000003eaf0000000000003eff
0000000000003e05000000000000bdff0000000000003d04000000000000bf92
000000000000bf09000000000000be16000000000000bd8c0000000000003e31
00000000000040070000000000003e34000000000000bd340000000000003a43
000000000000bd80000000000000bee2000000000000bef60000000000003dc4
0000000000003ee5000000000000bd86000000000000c06e000000000000bf13
0000000000003d0f000000000000bf5f000000000000be6a0000000000003f26
000000000000bf52000000000000bfbd0000000000003dc8000000000000400e
0000000000003dd7000000000000bef70000000000003be00000000000003e2f
0000000000003fbc0000000000003e71000000000000bbbe0000000000003fba
000000000000be93000000000000be51000000000000bdcc0000000000003f72
000000000000bd050000000000003fab000000000000bf1e0000000000003e3d
0000000000003d6c000000000000bf110000000000003ec8000000000000bec7
000000000000bf3e0000000000003c5a000000000000be870000000000003e0b
000000000000bebe000000000000bf4a0000000000003e390000000000003f93
0000000000003eea000000000000bd21000000000000c02c0000000000003db3
0000000000003e01000000000000bd0b0000000000003d76000000000000bf69
0000000000003ef70000000000003fc8000000000000bde40000000000003f2d
0000000000003d840000000000003ed6000000000000beb50000000000003e6b
0000000000003fba0000000000003c860000000000003cfa000000000000bd3b
000000000000bf440000000000003fcc0000000000003f1a000000000000bf0a
0000000000003ed1000000000000bf52000000000000bcdb0000000000003f14
0000000000003e56000000000000bd45000000000000bdaf000000000000bf1c
000000000000bf170000000000003d120000000000003c4e000000000000bf6c
000000000000beb40000000000003e9e0000000000003f2f0000000000003f7d
0000000000003e58000000000000402b0000000000004007000000000000bf7e
0000000000003e01000000000000c02a000000000000bef40000000000003e8e
0000000000003f740000000000003fe1000000000000bb7e0000000000004079
000000000000be7a000000000000bcb50000000000003f88000000000000bebc
0000000000003f59000000000000bf0a000000000000bf0e0000000000003d8a
0000000000003da1000000000000bde10000000000003e430000000000003eee
0000000000003f68000000000000bc77000000000000bf8d000000000000bf8e
0000000000003fb3000000000000be3c0000000000003ecc000000000000bfde
000000000000bf650000000000003ed20000000000003cc9000000000000ba3b
000000000000bfc30000000000003ec60000000000003ea2000000000000bced
000000000000bc2b0000000000003d35000000000000bdaa000000000000bf16
0000000000003ed9000000000000bfc10000000000003c810000000000003ea3
000000000000c08c000000000000bfd6000000000000bf4e0000000000003f02
000000000000bda50000000000003f21000000000000ba710000000000003b82
000000000000c0630000000000003f790000000000003eb3000000000000bd37
000000000000bf280000000000003e0d0000000000003f97000000000000bfc0
000000000000be73000000000000bcf30000000000003ce60000000000003e52
00000000000040700000000000003f73000000000000bf51000000000000bf45
000000000000404d0000000000003e7f000000000000bf00000000000000be4f
0000000000003dee000000000000bee00000000000003d70000000000000bf5c
000000000000bf9d000000000000bf520000000000003f470000000000003f1f
0000000000003c450000000000003efc000000000000bfe3000000000000beb1
0000000000003e85000000000000bdb40000000000003e2a0000000000003f56
0000000000003deb0000000000003f280000000000003f500000000000003f00
0000000000003f72000000000000bec8000000000000bd31000000000000beb0
000000000000bf28000000000000bc92000000000000be4f000000000000bf27
000000000000bf850000000000003ddc0000000000004017000000000000be8c
0000000000003dc0000000000000be430000000000003efd0000000000003de2
0000000000003f800000000000003f73000000000000bf230000000000003f20
0000000000003f8f0000000000003ece0000000000003c18000000000000bead
000000000000be70000000000000c0a7000000000000bf1e000000000000bf80
0000000000003d0d000000000000bdf50000000000003c8e000000000000bc89
000000000000bd9f000000000000be88000000000000402f0000000000004019
0000000000003f40000000000000bf620000000000003d36000000000000bfc9
000000000000bfb50000000000003fd3000000000000400c0000000000004030
0000000000003eb9000000000000409b0000000000003cd30000000000003e69
000000000000c02a0000000000004067000000000000be110000000000003eb8
000000000000bc8a0000000000003f1b000000000000ba78000000000000be2b
0000000000003f2f00000000000040040000000000003e890000000000003ecf
0000000000003d1f0000000000003e82000000000000bf6e0000000000003e94
0000000000003fb00000000000004053000000000000c0040000000000003eca
000000000000bf270000000000003f8c000000000000bd190000000000004030
0000000000003fc4000000000000be85000000000000bec7000000000000bd84
000000000000beb50000000000003e640000000000003fd9000000000000bc95
000000000000400c0000000000003f92000000000000be52000000000000bdf0
000000000000beb7000000000000c025000000000000bc69000000000000bf01
0000000000003ee9000000000000bc13000000000000bde20000000000003fd9
000000000000be930000000000003fc10000000000003f3a000000000000c008
0000000000003f910000000000003c80000000000000bbde0000000000003f86
000000000000be280000000000003e07000000000000bf4b0000000000003f93
000000000000bd850000000000003ff50000000000004064000000000000bdf6
0000000000003f39000000000000be44000000000000be9f000000000000bf2d
0000000000003efb000000000000beaf000000000000bf3a0000000000003f55
0000000000003f0e000000000000bee70000000000003e360000000000004052
0000000000003f04000000000000be45000000000000bfdd000000000000bea3
000000000000bea50000000000003e7b0000000000003fd7000000000000bc06
000000000000407c000000000000bfb0000000000000bb89000000000000beb1
000000000000bf510000000000003e490000000000003f5f000000000000bddf
0000000000003f40000000000000bf5b0000000000003ebd000000000000bf85
000000000000bffb0000000000003d190000000000003ece000000000000be05
000000000000b9f4000000000000bda7000000000000be8d0000000000003e92
000000000000be8b000000000000bf87000000000000be0c0000000000003f0a
000000000000bf500000000000003ee30000000000003d0a0000000000003f51
000000000000bfd20000000000003ead0000000000003e5a000000000000be95
000000000000c0680000000000003fb4000000000000bea6000000000000bfd0
0000000000003fd4000000000000bd230000000000003f8c0000000000003ef6
000000000000c049000000000000bed2000000000000bf1f000000000000bae1
0000000000003e740000000000003f650000000000003dbd000000000000bea6
0000000000004054000000000000bf2c000000000000bd4c0000000000003d0e
000000000000bfe70000000000003dca000000000000bde7000000000000bf16
000000000000bcaa000000000000bc320000000000003ea7000000000000be08
0000000000003e64000000000000c0040000000000003d900000000000003e2f
000000000000c21f000000000000bf450000000000003f47000000000000bfd2
0000000000003e0b0000000000003d570000000000003daa0000000000003dfb
000000000000bf820000000000003adf0000000000003f780000000000003ba8
0000000000003efa000000000000bc2f000000000000bfe3000000000000bf4e
000000000000bee4000000000000bf7f0000000000003f5e000000000000bf2d
0000000000003ee6000000000000c03d000000000000bb0f0000000000003f21
0000000000003ccd0000000000003eed0000000000003fbf0000000000003f8c
000000000000bee6000000000000bd9d000000000000beb00000000000003cfd
000000000000bdcb0000000000003e630000000000003d600000000000003d75
0000000000003ceb0000000000003f060000000000003f51000000000000bdaa
0000000000003ef3000000000000bfb5000000000000be5c0000000000003fbf
000000000000bf490000000000003f5e0000000000003c63000000000000bee7
0000000000003eb20000000000003bd30000000000003f800000000000003dac
0000000000003d3d000000000000be36000000000000be560000000000003ef2
0000000000003ef20000000000003b58000000000000bf4f0000000000003d8f
000000000000bf2a0000000000004033000000000000bed30000000000003e43
000000000000bf00000000000000bd9e000000000000bee8000000000000c033
0000000000003ea9000000000000be280000000000003df5000000000000be8a
000000000000bdf50000000000003d990000000000003fd50000000000003ebb
0000000000003e93000000000000be0b000000000000bee6000000000000be04
0000000000004078000000000000be22000000000000be780000000000003fc6
000000000000bea2000000000000be930000000000003e4a0000000000003ec7
0000000000003ef80000000000003f4100000000000038a90000000000003fb3
0000000000003e75000000000000c01b0000000000003f06000000000000bc93
0000000000003f33000000000000bf9b0000000000003e850000000000003f17
000000000000bf960000000000003d0a000000000000bf36000000000000bfc9
000000000000bff7000000000000bfcb000000000000bde6000000000000bead
000000000000be27000000000000be13000000000000bead0000000000003e62
0000000000004012000000000000be82000000000000bdef000000000000bf1b
0000000000003f750000000000003ec30000000000003f28000000000000bccf
000000000000c019000000000000bcf60000000000003f82000000000000ba55
000000000000bf8c0000000000003d0a0000000000003e6b000000000000bf76
0000000000003fa0000000000000bf020000000000003db90000000000003cf8
0000000000003ca7000000000000be780000000000003c9d000000000000bce9
000000000000beaf0000000000003f57000000000000bf1b000000000000beff
0000000000003e8b0000000000003f2b000000000000bf32000000000000bf27
000000000000bfac000000000000bfda000000000000bfbe0000000000003ef8
000000000000bc82000000000000bd18000000000000bf2c000000000000be89
000000000000bf89000000000000be710000000000003e36000000000000bf13
000000000000bf710000000000003f6a000000000000bf0a000000000000bdb0
0000000000003e2a0000000000003ec20000000000003e13000000000000be01
000000000000bdaa0000000000003e670000000000003ea1000000000000bf2b
000000000000bf290000000000003be3000000000000bea2000000000000403f
0000000000003f9a000000000000be9e0000000000003c620000000000003e3d
0000000000003f21000000000000be01000000000000bd20000000000000be07
0000000000003f15000000000000bc6c000000000000bdbd0000000000003fa7
0000000000003fd6000000000000401f0000000000003e130000000000003f8e
000000000000bdb00000000000003d780000000000003f8d000000000000be82
000000000000bfdc000000000000bdd5000000000000bf640000000000003e73
000000000000bda5000000000000beb10000000000003f06000000000000bfe7
0000000000003cb60000000000003fed0000000000003d950000000000003cea
000000000000bd490000000000003e5b00000000000040370000000000003ece
000000000000c04b000000000000402200000000000040050000000000003f0d
0000000000004008000000000000bead0000000000003f8e0000000000003c62
000000000000bd0e000000000000bf340000000000003e8f000000000000be34
0000000000003ddf000000000000bdec000000000000bf500000000000003e74
000000000000beb20000000000003f82000000000000bec10000000000003f0d
000000000000bc71000000000000404e000000000000bf60000000000000bce6
000000000000bf410000000000003eb60000000000003e3b0000000000003c76
0000000000003f8e0000000000003dc30000000000003fdf0000000000003e0c
0000000000003e84000000000000bbeb0000000000003f50000000000000be74
000000000000bfa10000000000003f1d000000000000bfde000000000000be44
000000000000bced0000000000003e470000000000003b800000000000003ead
000000000000bea2000000000000bf5f000000000000bea7000000000000bd98
0000000000003f850000000000003cdb0000000000003d63000000000000be97
000000000000bf800000000000003e4e0000000000003ebe0000000000003cc2
000000000000bf0d0000000000003f0f0000000000003f9d000000000000beb7
0000000000003f330000000000003df60000000000003e80000000000000bc3a
000000000000c024000000000000be7f000000000000be38000000000000be88
000000000000be8d0000000000003f5f000000000000bfd00000000000003fbf
0000000000004053000000000000bfd8000000000000bed40000000000003dc3
000000000000393b0000000000003db60000000000003d5d000000000000bf66
000000000000bf780000000000003c8f000000000000be5b000000000000bfc7
0000000000003f2f0000000000003dd90000000000003f3c000000000000bf49
0000000000003e0a000000000000bf420000000000003f7f0000000000003e80
0000000000003f3a000000000000401d000000000000bf21000000000000bd90
0000000000003d83000000000000be53000000000000bf0e0000000000003e66
000000000000bed1000000000000bf110000000000003f140000000000004057
000000000000bfaf0000000000003caa0000000000003bb8000000000000bff6
000000000000404a0000000000003f110000000000003f4f000000000000becf
0000000000003f77000000000000bf9b0000000000003f170000000000003fb1
0000000000003d52000000000000401f0000000000003f450000000000003db9
0000000000003e6b0000000000003f710000000000003db3000000000000be11
0000000000003c7d0000000000003eb70000000000003eff0000000000003f8d
000000000000bf560000000000003e130000000000003faf0000000000003e76
000000000000bf5f0000000000003e7c0000000000003d27000000000000bfa6
0000000000003fe4000000000000bce7000000000000be13000000000000bed1
000000000000bf1d0000000000003f380000000000003f6f000000000000bdf8
0000000000003d08000000000000bf1b0000000000003e230000000000003d8a
000000000000c0050000000000003fb80000000000003ea8000000000000bec6
0000000000003eda0000000000003e030000000000003ea10000000000003fc7
0000000000003f4f000000000000bf0c0000000000003efa0000000000003d8d
0000000000004057000000000000be300000000000003e230000000000003dac
00000000000040ac000000000000bde50000000000003fca000000000000bc80
000000000000bec90000000000003db80000000000003ec40000000000003f04
000000000000bf1a000000000000bf09000000000000be59000000000000bccc
0000000000003ccf000000000000c041000000000000be4d000000000000402b
000000000000be840000000000003e450000000000003eff000000000000bea3
0000000000003e6d000000000000bf83000000000000bd990000000000003ea8
00000000000040040000000000003dc4000000000000bee50000000000003e1e
000000000000400e000000000000be1c000000000000bf73000000000000bf4c
0000000000003f87000000000000be5c000000000000bec5000000000000bf0f
000000000000bd390000000000003e280000000000003f0f000000000000401c
0000000000003e4d0000000000003f0d0000000000003ede0000000000003f15
000000000000403a0000000000003ec0000000000000bbbd000000000000beb8
0000000000003d82000000000000bcce00000000000040340000000000003faa
000000000000beb4000000000000bfa7000000000000bffc0000000000003e75
0000000000003eeb000000000000bfad000000000000bf050000000000003dc7
000000000000bdb7000000000000bf08000000000000c04e0000000000003fe3
0000000000003fae0000000000004043000000000000c0210000000000003f58
0000000000003e53000000000000bedd000000000000be6f0000000000003e78
000000000000bed00000000000003f6c0000000000003eea0000000000003e32
0000000000003d310000000000003eef0000000000003e2e000000000000bf99
00000000000040070000000000003d520000000000003d860000000000003fa1
0000000000003d8c0000000000003e920000000000003f2c000000000000c00c
0000000000003e910000000000003d0c0000000000003f970000000000003f2b
0000000000003caf000000000000bd5d000000000000c0030000000000003f82
0000000000003f2f000000000000bf070000000000003ea2000000000000be89
000000000000bfa1000000000000bfb50000000000003ef9000000000000bf3d
000000000000bf13000000000000bee50000000000003f32000000000000bd19
0000000000003ebc000000000000bf9c0000000000003e550000000000003e80
000000000000bf14000000000000be55000000000000c04b000000000000be9a
0000000000003fbc000000000000bee0000000000000be92000000000000c04a
000000000000bf1b000000000000bdc30000000000003c0d0000000000003ef1
000000000000bc580000000000003e37000000000000bd960000000000003b25
000000000000bede000000000000bfd3000000000000bf21000000000000bfc2
000000000000bf1a000000000000bf01000000000000c06d000000000000bf35
000000000000c0020000000000003cb10000000000003f290000000000003fab
000000000000c2300000000000003f32000000000000bd86000000000000bd2b
0000000000003d40000000000000bd2c000000000000bf4d0000000000003d67
000000000000be76000000000000bdaf000000000000bfa7000000000000be57
0000000000003ee8000000000000bffd0000000000003f5d000000000000bdaa
000000000000bdb20000000000003f19000000000000bed80000000000003fc1
000000000000c006000000000000400f0000000000003c220000000000003ec3
0000000000003cc3000000000000bbad0000000000003eb10000000000003d87
0000000000003e29000000000000bbc90000000000003f0f000000000000bdc3
000000000000bdd0000000000000bf68000000000000be9e0000000000003f19
0000000000003ff0000000000000bec40000000000003dca0000000000003eeb
000000000000bf040000000000003deb000000000000be740000000000004020
000000000000be790000000000003c5f0000000000003f070000000000003d3d
0000000000003fce0000000000003fce000000000000bd200000000000003fa2
000000000000bd93000000000000be1b0000000000003fdc0000000000003da0
000000000000c0100000000000003be30000000000003ffb000000000000bdbe
0000000000003ddd000000000000bc72000000000000bd100000000000003fc6
000000000000be87000000000000bf240000000000003ee60000000000003aef
000000000000406d000000000000bfa60000000000003f19000000000000c011
000000000000bee90000000000003f720000000000003d6f000000000000be5f
000000000000bba3000000000000be17000000000000bd34000000000000bef1
0000000000003d320000000000003dff0000000000003dda000000000000bf8f
0000000000003ff7000000000000bf8e0000000000003e950000000000003db5
000000000000bdc9000000000000be45000000000000c0080000000000003f5a
0000000000003fc70000000000003f30000000000000bf2a000000000000bd04
0000000000003ee10000000000003f130000000000003da7000000000000beb8
000000000000be550000000000003f95000000000000bf220000000000003f59
000000000000be4d000000000000bf1b000000000000bef30000000000003c4c
000000000000bf120000000000003e79000000000000bebf0000000000004051
000000000000bdbc000000000000be77000000000000bf1d000000000000be9a
000000000000bf12000000000000bfff000000000000bfc20000000000003fb2
000000000000bef50000000000003f99000000000000be11000000000000c012
0000000000003d380000000000003da6000000000000bf54000000000000be37
0000000000003f7f0000000000003fdd0000000000003fb4000000000000bddf
000000000000bf92000000000000bf150000000000003e3b0000000000003eb3
0000000000003b9b000000000000bfed0000000000003f8e0000000000003eb6
0000000000003f760000000000003ee8000000000000bf2e000000000000be9b
0000000000003cfd0000000000003e310000000000003e8e000000000000bea1
00000000000040070000000000003fc3000000000000bf45000000000000c004
0000000000003eeb000000000000c004000000000000c0210000000000003e79
000000000000bf1c0000000000003f80000000000000bf47000000000000be24
000000000000be270000000000003f0d000000000000400a0000000000003f15
000000000000bf7e0000000000003ec00000000000003eb40000000000004034
000000000000beae000000000000bf2d0000000000003f40000000000000bdde
0000000000003d830000000000003f020000000000003d12000000000000be5f
000000000000be9a000000000000bef4000000000000bf180000000000003c6d
0000000000003f83000000000000be44000000000000be220000000000003e53
000000000000befb000000000000bec00000000000003fe70000000000003fe8
000000000000be6c000000000000bf6c0000000000003e68000000000000be7c
000000000000c050000000000000bf3c0000000000003e38000000000000befd
0000000000003fd5000000000000be9d000000000000bfd4000000000000be4d
0000000000003ced0000000000003dba0000000000003d99000000000000bd3b
000000000000bf260000000000003e55000000000000bf8a0000000000003b3d
000000000000bccf000000000000bd7a000000000000be9e0000000000003f56
0000000000003da60000000000003ed2000000000000be2d000000000000be88
000000000000bef3000000000000be6a000000000000c013000000000000c036
0000000000003d2d00000000000039ab0000000000003e4b000000000000bfbe
0000000000003f4a0000000000003e18000000000000bf70000000000000be25
0000000000003dfc0000000000003ef1000000000000bd140000000000003d23
000000000000bda00000000000003da60000000000003e8c000000000000bfe9
0000000000003d10000000000000bda8000000000000bf2d000000000000bfa3
0000000000003ffa000000000000bea20000000000003f08000000000000bee3
000000000000be89000000000000bed7000000000000bf020000000000004016
0000000000003ecd0000000000003cfb0000000000003ea0000000000000bddb
000000000000beb4000000000000bf51000000000000bf610000000000003e14
0000000000003e74000000000000be1d0000000000003eec0000000000003eb3
0000000000003f240000000000004002000000000000bee0000000000000bf00
000000000000bf23000000000000be7c0000000000003d4b000000000000bdcb
0000000000003e760000000000003d8f0000000000003f480000000000003dd0
000000000000beb5000000000000bc4f0000000000003f25000000000000bf80
000000000000bf6e0000000000003fd60000000000003eca000000000000bdff
000000000000bea9000000000000bfc0000000000000bfab000000000000bd1b
000000000000bc280000000000003cd90000000000003fa3000000000000bf26
000000000000bf830000000000003f960000000000003f9d0000000000004000
0000000000003f260000000000003eed0000000000003f0f0000000000003ffe
000000000000bf6a000000000000bfd2000000000000bfa10000000000003dd6
0000000000003f080000000000003dc70000000000003f18000000000000bd87
0000000000003e21000000000000bd78000000000000bee50000000000003c65
0000000000003f1f000000000000be580000000000003ea20000000000003f52
000000000000be9d000000000000be22000000000000bf0a0000000000003eb0
000000000000bd4c0000000000003ed5000000000000be1b0000000000003edf
000000000000bfa0000000000000bcca0000000000003fb1000000000000be0d
0000000000003e3e000000000000be3a0000000000003f260000000000003f27
0000000000003ed8000000000000bfa5000000000000be33000000000000be8f
000000000000bd4a000000000000be0a0000000000003e85000000000000bddc
000000000000be280000000000003d5b0000000000003e2700000000000038c3
000000000000be9c0000000000003d1e0000000000003e4f000000000000bfe0
0000000000003c310000000000003f340000000000003e540000000000003cdf
000000000000bc790000000000003eef0000000000003c8a000000000000be1f
0000000000003ecd000000000000bf45000000000000be0e0000000000003f8b
0000000000004045000000000000be9c000000000000bbe50000000000003f7c
000000000000bd6e000000000000bd23000000000000be61000000000000bf4f
000000000000c0140000000000003ec3000000000000bfff000000000000be1d
0000000000003fc3000000000000bf9800000000000040ae000000000000bf8e
000000000000be580000000000003fb30000000000003f340000000000003e05
0000000000003f97000000000000bfa20000000000003f1e000000000000bcc2
0000000000003e3b0000000000003def0000000000003c5f000000000000bf6b
000000000000be810000000000003fb60000000000003f32000000000000401f
000000000000bf780000000000003ddb0000000000003e1c000000000000beda
0000000000004003000000000000bf9a000000000000be0b0000000000003f88
000000000000bf580000000000003c9d0000000000003e3a000000000000bf0a
000000000000bbe30000000000003dc10000000000003c470000000000003e9b
000000000000bef70000000000003c810000000000003f060000000000003f85
0000000000003fd2000000000000bfb8000000000000be240000000000003fa5
0000000000003c23000000000000bdc70000000000003ee50000000000003f78
000000000000bf2e0000000000003f3f0000000000003f2e000000000000bb9b
0000000000003fac0000000000003f0f0000000000003eb40000000000003d9c
000000000000bfaf000000000000406d0000000000003db90000000000003f87
000000000000ba1f0000000000003e13000000000000bea0000000000000be4a
0000000000003ded000000000000bf17000000000000bfa40000000000003dd7
000000000000bec8000000000000be6a000000000000bd83000000000000bd19
000000000000bf960000000000003f22000000000000bec50000000000003e44
0000000000003e7e0000000000003e1b0000000000003f86000000000000be49
000000000000be010000000000003eb6000000000000be8d000000000000bea5
0000000000003e360000000000003e83000000000000bf570000000000003f98
000000000000bf34000000000000bf890000000000003f5b0000000000003e9b
0000000000003f870000000000003f30000000000000bf2a000000000000bf83
000000000000be88000000000000be4b000000000000bdbb0000000000003fd7
0000000000003f990000000000003e220000000000003d77000000000000bdd7
0000000000003da10000000000003f8b0000000000003e14000000000000c002
000000000000bf1b000000000000bede000000000000be6b000000000000bf5b
0000000000003fc500000000000040010000000000003ebf0000000000003ea5
0000000000003f36000000000000bd04000000000000c019000000000000be6b
000000000000be6c000000000000bfa0000000000000bc82000000000000bc8b
0000000000003fb80000000000003c110000000000003f0a0000000000003e8e
0000000000003f11000000000000c0310000000000003f1d0000000000003e88
000000000000be9c000000000000be790000000000003e9a0000000000004017
000000000000beeb000000000000bd5e000000000000bf3c0000000000003c38
0000000000003d07000000000000bedc0000000000003d3e000000000000bef7
000000000000c2a80000000000003fbe0000000000003fa60000000000004059
0000000000003ecb000000000000be8d0000000000003e490000000000003ed6
0000000000003e870000000000003ec40000000000003b4d0000000000003ee2
000000000000be070000000000003f000000000000003fd7000000000000bce6
0000000000003fa4000000000000bf280000000000003ec1000000000000bf99
0000000000003d900000000000003dd90000000000003e70000000000000c025
0000000000003f65000000000000bddd0000000000003b6e0000000000003e80
0000000000004035000000000000beda000000000000bd640000000000003b0d
000000000000bf680000000000003e94000000000000bfdc0000000000003af6
0000000000003fbf0000000000003eb40000000000003f0f000000000000bed0
000000000000bf080000000000003ed1000000000000bf210000000000003ad6
0000000000003ee0000000000000bde6000000000000be2f000000000000befb
0000000000003f9f000000000000bea1000000000000bea40000000000003efa
000000000000be0a0000000000003fe30000000000003eef0000000000003ee1
000000000000be020000000000003ede000000000000beb50000000000003f0e
000000000000bf1f000000000000bfb90000000000003f69000000000000bdcb
0000000000003f020000000000003dd0000000000000bcf40000000000003f15
000000000000bec80000000000003dee0000000000003e2b0000000000003e01
0000000000003e06000000000000bb87000000000000bf800000000000003d4b
000000000000bf320000000000003f1b000000000000be330000000000003e9e
0000000000003f94000000000000bf1c000000000000bf08000000000000bfec
000000000000bffc0000000000003d4d0000000000003fc20000000000003eda
0000000000003e89000000000000be9d0000000000003bfa0000000000003ee4
0000000000003ea5000000000000bdfc000000000000bf330000000000003f5d
0000000000003c8b0000000000003f03000000000000be87000000000000be91
0000000000003dbc000000000000c0680000000000003cce000000000000bbf1
000000000000beb4000000000000bffe000000000000bf12000000000000bf29
000000000000c0a0000000000000bf9a0000000000003e89000000000000bf6e
000000000000bc980000000000003e23000000000000be9c000000000000bd92
0000000000003d4600000000000038a8000000000000be2e000000000000bf38
000000000000bf11000000000000bc990000000000003e98000000000000c063
0000000000003ede000000000000bd46000000000000bfe00000000000003e47
0000000000003e22000000000000bea0000000000000c0240000000000003cc5
0000000000003ef10000000000003d810000000000003edf000000000000be7d
0000000000003ef70000000000003ef7000000000000bf990000000000003e40
0000000000003d9d000000000000bee8000000000000befa0000000000003daa
000000000000be01000000000000bec7000000000000bde4000000000000bc88
000000000000be12000000000000be760000000000003d830000000000003d97
000000000000bf0b000000000000bef8000000000000c0a10000000000003e82
000000000000be33000000000000be16000000000000bfd6000000000000bcff
0000000000003d860000000000003e4a0000000000003e97000000000000bf1d
000000000000bedc000000000000bfbf0000000000003e680000000000003df5
0000000000003e700000000000003d8d000000000000bdb60000000000003e3a
000000000000c0a6000000000000bec20000000000003f430000000000003f01
000000000000bfab000000000000beed000000000000be800000000000003f61
000000000000bee70000000000003e47000000000000bf25000000000000c016
000000000000c02d000000000000bd260000000000003ea0000000000000bd24
0000000000003e4a0000000000003e220000000000003e9f000000000000bed6
0000000000003dd4000000000000bf540000000000003ee6000000000000bf24
000000000000bfa7000000000000c0770000000000003cca0000000000003f5d
0000000000003f880000000000003ff00000000000003d150000000000003dd6
0000000000003bd1000000000000beee000000000000beb7000000000000bfc0
000000000000c0060000000000003f8c0000000000003d9c000000000000be8b
000000000000beca000000000000bf050000000000003f4a000000000000bf49
0000000000003dc4000000000000be30000000000000bf0c0000000000003fc6
000000000000bf59000000000000bf7c0000000000003ef0000000000000378f
0000000000003f75000000000000be350000000000003d68000000000000be92
000000000000bed5000000000000bc95000000000000bfb2000000000000be66
0000000000003f2c0000000000003f390000000000003e650000000000003fa0
000000000000bf5f000000000000be2e000000000000bdc00000000000003cdd
0000000000003de40000000000003e8d0000000000003f7a000000000000bcc2
00000000000040070000000000003e5d000000000000beb3000000000000bf39
0000000000003e8f0000000000003dcb000000000000403b000000000000be18
000000000000c015000000000000bff0000000000000bee0000000000000bd53
000000000000be880000000000003f4b0000000000003e7e0000000000003f17
0000000000003f66000000000000be520000000000003fe20000000000003f32
0000000000003d43000000000000bfb90000000000003fe30000000000003d93
000000000000c0770000000000003f4a0000000000003ebd0000000000003e43
0000000000003e910000000000003f520000000000003f85000000000000bd9e
000000000000bfce000000000000bff8000000000000be170000000000003ea6
000000000000bd250000000000003ef10000000000003fcf0000000000003e86
000000000000bf6c000000000000bf89000000000000be81000000000000bed3
000000000000c095000000000000bfb10000000000003f0a0000000000003f85
0000000000003dab000000000000bede000000000000bf7f0000000000003d2b
000000000000c003000000000000bd440000000000003f17000000000000bfca
000000000000bede0000000000003ddf0000000000003e710000000000003e1c
000000000000bf140000000000003f0e000000000000bd86000000000000bd55
0000000000003dae00000000000040400000000000003f89000000000000bfb8
0000000000003fb4000000000000bf3c000000000000bd3d0000000000003fb0
000000000000c02f000000000000bd76000000000000bd06000000000000bd40
000000000000bd8f0000000000003f970000000000003f190000000000003ded
0000000000003ebc0000000000003edf0000000000003d3d0000000000003de7
000000000000be650000000000003fee000000000000bf03000000000000bf73
0000000000003f0c0000000000003f8e0000000000003fda0000000000004099
000000000000bd45000000000000be34000000000000bd66000000000000be14
000000000000bf94000000000000be1400000000000040310000000000003f01
000000000000be590000000000003ece0000000000004051000000000000c016
0000000000003f560000000000003ca40000000000003e340000000000003dc1
0000000000003f82000000000000bf50000000000000bf790000000000003d8b
000000000000bf8e000000000000bf0e000000000000bf06000000000000bf1f
0000000000003e32000000000000be240000000000004004000000000000400c
000000000000bf140000000000003cef0000000000003e890000000000003f83
000000000000bb81000000000000be510000000000003e8c0000000000003dec
0000000000003d2b0000000000003e8d000000000000be8d000000000000bee4
000000000000bf6d000000000000bc370000000000003d77000000000000befc
000000000000bd900000000000003ee90000000000003e440000000000003f48
0000000000003e66000000000000bea0000000000000bf550000000000003eaf
000000000000c017000000000000bfe90000000000003c6a000000000000bc52
0000000000003e0a0000000000003d290000000000004023000000000000bca8
000000000000bf88000000000000be4a000000000000be49000000000000c004
0000000000003e2d0000000000003f120000000000003ea0000000000000bdc4
000000000000be52000000000000bd8e000000000000bba0000000000000bebf
0000000000003e8e0000000000003f08000000000000be5e0000000000003f88
0000000000003e350000000000003e68000000000000bf03000000000000bfa1
000000000000c00d000000000000be5e000000000000be55000000000000befc
0000000000003ec00000000000003e08000000000000c0120000000000003e7e
000000000000be95000000000000bc6d000000000000bf99000000000000bf11
000000000000bfe8000000000000be8f0000000000003ef6000000000000bf0a
0000000000003e370000000000003d8e000000000000bfc60000000000003a89
000000000000be39000000000000c03c000000000000bfa1000000000000bf15
0000000000003d5b0000000000003eb5000000000000be08000000000000bf16
000000000000bf050000000000003d750000000000003f280000000000003c58
0000000000003ec1000000000000c00e000000000000bd88000000000000be3b
000000000000bdf9000000000000bd610000000000003eb3000000000000be4c
000000000000be8500000000000040080000000000003eda000000000000bf5f
000000000000bc080000000000003d13000000000000bf890000000000003da2
000000000000be640000000000003dce0000000000003e2b0000000000003f71
000000000000bd530000000000003f470000000000003d5e0000000000003dbf
000000000000bf970000000000003e72000000000000be800000000000003f13
0000000000003f4c0000000000003e6a000000000000bfcb0000000000003d96
000000000000bf1c0000000000003e06000000000000bc9c0000000000003f84
0000000000004033000000000000bdaa000000000000bc33000000000000bef3
000000000000be7e0000000000003baf0000000000003f3c0000000000003e78
000000000000be210000000000003fd60000000000003fd8000000000000bf38
0000000000003fbd0000000000003f480000000000003fc3000000000000bc62
0000000000003f3c0000000000003f950000000000003fb90000000000003e39
000000000000c00a0000000000003f18000000000000bee20000000000003e4b
0000000000003e2a0000000000003e7c0000000000004003000000000000be28
0000000000004237000000000000bd68000000000000bfe40000000000003e14
000000000000c0440000000000003f94000000000000bf5e0000000000003e2a
000000000000bef90000000000003e0b000000000000bfbd000000000000bd83
0000000000003eff0000000000003dd60000000000004006000000000000bf4a
000000000000bf24000000000000be9e000000000000c0b30000000000003f08
000000000000be1f0000000000003f04000000000000be1c000000000000be60
0000000000004006000000000000bd7f0000000000003c82000000000000c056
000000000000be780000000000003f5b0000000000003fbb0000000000003e19
0000000000003e040000000000003f2c000000000000bbd70000000000003ff9
0000000000003d560000000000003fd10000000000003e13000000000000be8f
0000000000003e1f000000000000404d000000000000bf68000000000000bd80
000000000000bdba000000000000bf45000000000000bea80000000000004013
000000000000bf06000000000000bd880000000000003eb9000000000000bf5f
000000000000bcce000000000000bf18000000000000bfca000000000000c015
0000000000003d58000000000000bf410000000000003e980000000000003e54
0000000000003fde000000000000bddd000000000000c0800000000000004059
0000000000003d9d000000000000bf6e000000000000bf0f0000000000003d59
000000000000bfc9000000000000bee0000000000000bf0a0000000000003e86
0000000000003f850000000000003d320000000000003f720000000000004034
0000000000003f510000000000003f0c0000000000003e6c000000000000bfb9
000000000000bde70000000000003f0f0000000000003fd6000000000000bef3
000000000000bf0b000000000000c00d000000000000bdc8000000000000bda3
000000000000bebd000000000000bf88000000000000bf720000000000003f3c
0000000000003f32000000000000bf960000000000003f7c000000000000bd81
000000000000bf53000000000000be880000000000003f7a000000000000bd32
0000000000003f390000000000003fe00000000000003d800000000000003fa7
000000000000bfa70000000000003f0b0000000000003e5c0000000000003ec9
000000000000be370000000000003ef20000000000003d4d000000000000bf74
0000000000003da2000000000000bea70000000000003d1a0000000000004044
0000000000003ead0000000000003e960000000000003f6f000000000000bf02
000000000000bfe40000000000003e8b0000000000003fea000000000000bc0e
000000000000bead000000000000bfec000000000000bfe0000000000000bf24
0000000000003ecb0000000000003e680000000000003f5f0000000000003e85
000000000000be50000000000000bf94000000000000bf9e0000000000003d41
000000000000bef7000000000000c03b000000000000c03e000000000000bf12
0000000000003dce0000000000003e020000000000003fa80000000000003d41
0000000000003dcb000000000000bea70000000000003c030000000000003d82
000000000000beb70000000000003d8c000000000000bdcb0000000000003f8e
0000000000003e8c000000000000bf080000000000003e5b0000000000003c72
000000000000be46000000000000bd54000000000000be110000000000003fad
0000000000003dce0000000000003ef0000000000000be070000000000003ea6
0000000000003f8c0000000000003f25000000000000bb14000000000000bf57
000000000000bd400000000000003d700000000000003f57000000000000bc81
000000000000bc54000000000000be34000000000000bda80000000000003ede
000000000000be50000000000000bee5000000000000bfe40000000000003e05
000000000000bd7e000000000000bd9a0000000000003cbd0000000000003d2f
0000000000003ed200000000000040360000000000003f810000000000003cb3
000000000000bdc50000000000003c62000000000000be320000000000003f84
0000000000003e09000000000000bf3a000000000000bf0c000000000000be4e
000000000000bcc90000000000003e880000000000003f53000000000000c008
000000000000be5b000000000000bdfb000000000000c0a2000000000000bfc4
000000000000bf0d0000000000003f8c0000000000003dc40000000000003e8b
000000000000bedd000000000000be440000000000003dca0000000000003f8e
000000000000bd80000000000000bd99000000000000bebd0000000000003e07
000000000000bfd1000000000000bdcb0000000000003ecc0000000000003df1
0000000000003f91000000000000c05d000000000000bbd40000000000003fc8
0000000000003f7a0000000000003ede000000000000bef8000000000000bb52
000000000000be1b00000000000040120000000000003e8b000000000000bfdf
000000000000be320000000000003f53000000000000be200000000000003f0a
000000000000bea0000000000000bcb1000000000000bf450000000000003fb1
0000000000003edb000000000000bd780000000000003fb1000000000000bd76
000000000000bf32000000000000bf88000000000000be9d000000000000c052
0000000000003f400000000000003d660000000000003d3f000000000000bef3
000000000000be1a0000000000003d8d0000000000003e1d0000000000003d86
0000000000004021000000000000bf360000000000003d7c000000000000be30
000000000000bf90000000000000c04b0000000000003e24000000000000bf08
0000000000003f51000000000000bf0a000000000000bf08000000000000bf2b
0000000000003fd1000000000000bed50000000000003f8e0000000000003ebc
0000000000003f71000000000000bd9a0000000000003efa000000000000bf1a
0000000000003ced000000000000bd870000000000003e73000000000000bf25
0000000000003e2f0000000000003f11000000000000bca40000000000003ee8
000000000000bea5000000000000bd57000000000000be280000000000003eed
0000000000003f17000000000000bd900000000000003fc50000000000003da5
000000000000bfb1000000000000bca6000000000000bd71000000000000bf12
0000000000003d990000000000003b9d0000000000003f190000000000003f0c
000000000000bf010000000000003e2e0000000000003b950000000000003ead
000000000000be68000000000000c0020000000000003ea70000000000003fb2
000000000000c0890000000000003dd10000000000003fb40000000000003eb7
000000000000bf41000000000000bf04000000000000beaa000000000000bf92
0000000000003e03000000000000c059000000000000c05c0000000000003bf1
0000000000003f65000000000000bfa20000000000003dbd000000000000be31
0000000000003f80000000000000bfef0000000000003ea6000000000000bf2c
000000000000baea000000000000bf2e0000000000003fa4000000000000401a
000000000000bf380000000000003e88000000000000be6a0000000000003f5d
000000000000be73000000000000bfc40000000000003f020000000000003ff5
0000000000003f12000000000000bf2b000000000000bf0f0000000000003f12
000000000000be7f0000000000003e680000000000003f900000000000003f31
0000000000003cf40000000000004045000000000000be6a000000000000bf21
0000000000003f860000000000003d790000000000003cc8000000000000beb0
000000000000bf3d000000000000c04a0000000000003ec4000000000000be42
0000000000003f600000000000003fc80000000000004023000000000000be08
0000000000003b5f000000000000bcf10000000000003f200000000000003f09
000000000000bfeb0000000000003d33000000000000bcc30000000000003f08
000000000000becb0000000000003da70000000000003fbc0000000000003f59
0000000000003f050000000000003e10000000000000bf680000000000003e4e
000000000000c001000000000000be12000000000000bfbd000000000000bec8
000000000000bdc0000000000000bf50000000000000beb0000000000000be9b
000000000000bf320000000000003e1e000000000000bd39000000000000bd38
000000000000c08e000000000000beca000000000000bf4a000000000000bfd3
000000000000bf900000000000003f14000000000000be1b000000000000be6a
000000000000bfa1000000000000be150000000000003f3d0000000000003f0f
0000000000003fc0000000000000bcc7000000000000bfef0000000000003eb5
000000000000bed9000000000000bdb9000000000000bc69000000000000be39
000000000000bf0b0000000000003f0400000000000040a00000000000003d40
000000000000bfa70000000000003d5a0000000000003ee7000000000000bde9
000000000000bea1000000000000beb2000000000000bda1000000000000bdbf
000000000000be410000000000003d4d000000000000bfdf0000000000003e75
000000000000bfbd000000000000c01c000000000000c033000000000000bf0e
0000000000003eff000000000000bee0000000000000be4e000000000000be04
000000000000bca7000000000000bd6a000000000000bfbf0000000000003fa6
000000000000bee5000000000000bf74000000000000be320000000000003e2b
0000000000003f14000000000000bee3000000000000c072000000000000c00c
0000000000003f3b0000000000003f29000000000000bdc2000000000000be60
0000000000003ff9000000000000be8d000000000000beae0000000000003ea3
000000000000bde40000000000003d8a0000000000003e380000000000003f93
0000000000003dea0000000000003f010000000000003d8a0000000000003c65
000000000000be9e000000000000be82000000000000c0130000000000003dcd
000000000000bd8a000000000000bf79000000000000bdc3000000000000be49
0000000000003e8b0000000000003f49000000000000bd6f0000000000003d5d
0000000000003f0b0000000000003e2d000000000000bf170000000000003f06
0000000000003f860000000000003ff0000000000000bdb50000000000003f0b
0000000000003f580000000000003ee50000000000003d0a0000000000003e4c
000000000000c0aa000000000000401b0000000000003eed0000000000003d72
000000000000bf3700000000000040080000000000003eea000000000000be00
0000000000003c86000000000000c0ba000000000000bf87000000000000bfd8
0000000000003f01000000000000bd80000000000000bf30000000000000be28
000000000000bf250000000000003e2b0000000000003e4f000000000000be3b
000000000000bd30000000000000befc0000000000003d51000000000000be92
000000000000431e0000000000003f82000000000000b89b0000000000003d46
000000000000bea0000000000000bef7000000000000be22000000000000bef9
0000000000003b3d000000000000bf3e0000000000003e420000000000003943
000000000000bf91000000000000be6b0000000000003e66000000000000bd90
000000000000bf330000000000003c280000000000003f91000000000000bb3c
0000000000003fbb000000000000bf1f0000000000003fa1000000000000bf8e
000000000000bf6a0000000000003d440000000000003f9a0000000000003d95
0000000000003f6b000000000000401b000000000000400b000000000000bec2
0000000000003e54000000000000bf87000000000000be830000000000003ddc
0000000000003f99000000000000bf980000000000003e900000000000003f87
000000000000b996000000000000bd2d000000000000bd940000000000003e5d
000000000000bf5c000000000000bf560000000000004020000000000000bf9f
000000000000bf000000000000003c770000000000003fd90000000000003fc1
0000000000003eb10000000000003c5b0000000000004094000000000000bd87
00000000000040540000000000003dbf0000000000003e8c000000000000bf3b
0000000000003f02000000000000be490000000000003f9b0000000000003f88
000000000000bfa90000000000003f850000000000003db0000000000000c083
0000000000003d44000000000000bfb40000000000003de8000000000000bfbe
0000000000003e9a0000000000003bda000000000000beeb000000000000bd7c
0000000000003f220000000000003ee0000000000000be400000000000003f32
0000000000003eb1000000000000bf91000000000000bc900000000000003fdb
000000000000bf3e0000000000003beb000000000000be79000000000000bea5
0000000000003db40000000000003f24000000000000bf150000000000003e74
000000000000bd8e000000000000becc000000000000be96000000000000bfbd
0000000000003eb7000000000000c06f0000000000003f6e0000000000003fe7
000000000000bfc10000000000003e8e000000000000be920000000000003e1f
000000000000bf0c000000000000bd870000000000003f07000000000000bd60
000000000000be6e0000000000003eac0000000000003f5c000000000000bc17
000000000000be09000000000000be32000000000000be3a000000000000beba
0000000000003e7a000000000000bdc7000000000000bf79000000000000bfe7
0000000000003db5000000000000bd010000000000003d7e000000000000bf72
0000000000003ed4000000000000befd0000000000003f290000000000003c26
0000000000003d4a0000000000003e8b000000000000beaf000000000000bc92
0000000000003dae0000000000003f170000000000003f240000000000003ede
0000000000003bb6000000000000c020000000000000bc5d000000000000bde9
000000000000be140000000000003c82000000000000be85000000000000bf5d
000000000000be580000000000003f0b000000000000bf950000000000003f6c
000000000000bdce0000000000003f0e000000000000be3b0000000000003f61
0000000000003e5d0000000000003c8f0000000000003f240000000000003ee4
0000000000003f460000000000003f38000000000000be50000000000000be24
000000000000be0a0000000000003c2c000000000000bde10000000000003f9f
000000000000bf6d0000000000003ed400000000000040b8000000000000bd81
000000000000bb2f0000000000003ec40000000000003d6c000000000000bd70
0000000000003aa20000000000003d8f000000000000befe0000000000003f04
000000000000bdb0000000000000be830000000000003f59000000000000bee6
000000000000c073000000000000baf4000000000000c06b000000000000bf2e
0000000000003ff9000000000000bb220000000000003d73000000000000be2c
000000000000403d00000000000040220000000000003e240000000000003eb3
000000000000bf970000000000003e6f000000000000c025000000000000bee9
000000000000b8a70000000000003fb2000000000000beca0000000000003cac
0000000000003b5e0000000000003fad0000000000003efa0000000000004071
000000000000bd91000000000000bee9000000000000c024000000000000409e
0000000000003d16000000000000c0040000000000003eef0000000000003ebf
0000000000003fb30000000000003ed1000000000000bec30000000000003f0a
0000000000003bf8000000000000bf9b0000000000003eb30000000000003dfe
0000000000003f2f000000000000bfb0000000000000c04e000000000000bd4d
000000000000bc23000000000000bf2f0000000000003d810000000000003fcb
0000000000003da50000000000003cc50000000000003db60000000000003f3f
000000000000be06000000000000bf8b000000000000be62000000000000be00
0000000000003f6e0000000000003f0d000000000000bd930000000000003ec7
000000000000bfa1000000000000beca000000000000bf840000000000003c8c
0000000000003ce80000000000003eee0000000000003e17000000000000bda8
000000000000bf710000000000003ca60000000000003e6e000000000000be63
000000000000befc0000000000003e5b000000000000be0d0000000000003f85
0000000000003c1b000000000000bdd9000000000000bd88000000000000bd3c
000000000000bddc0000000000003fea0000000000003edf0000000000003fa7
000000000000bd650000000000003d38000000000000bdd70000000000003e2e
000000000000bf36000000000000be85000000000000be9b000000000000bdf6
000000000000be98000000000000be580000000000003e540000000000003db0
0000000000003d960000000000003f500000000000003f620000000000003ffa
0000000000003d79000000000000bf7c0000000000003e00000000000000bfca
0000000000003cad0000000000003f10000000000000bd8f000000000000becd
000000000000be650000000000003e6c000000000000bdd60000000000003ef7
0000000000003e1f0000000000003f5d000000000000bc84000000000000be1e
0000000000003e9b000000000000bea50000000000003fb40000000000003e16
000000000000bf2a000000000000bf66000000000000bbea000000000000bd9d
0000000000003f860000000000003c2f000000000000bf20000000000000beb4
000000000000bd9b0000000000003eb30000000000003f54000000000000be36
000000000000bfaf0000000000003f6d000000000000bc5c000000000000bd25
000000000000be99000000000000c0b10000000000003fee000000000000bf92
000000000000bf9c0000000000003e920000000000003fc2000000000000be06
0000000000003b840000000000003d1e000000000000bfa40000000000003eb2
000000000000be210000000000003e94000000000000bfaf0000000000004056
000000000000bda50000000000003e21000000000000be15000000000000bb60
0000000000003efc000000000000be2f0000000000003c330000000000003fa7
000000000000bee80000000000003cf70000000000003f0f0000000000003e94
0000000000003d3c0000000000003e14000000000000be10000000000000bf9c
000000000000be8f000000000000be5d000000000000bf48000000000000be12
0000000000003e57000000000000bfe30000000000003ece0000000000003d7b
0000000000003f43000000000000bcea000000000000bff7000000000000bdd5
000000000000bf03000000000000bf6e0000000000003f3c0000000000003caf
0000000000003e44000000000000bd93000000000000bd840000000000003f49
000000000000bef7000000000000bf5e000000000000be3a0000000000003ed9
00000000000040a10000000000003fd4000000000000bf84000000000000bf23
0000000000003db6000000000000bea7000000000000bf600000000000003d51
0000000000003f1f0000000000003baa0000000000003ed8000000000000be0c
000000000000bfee000000000000bf490000000000003fc30000000000003f7d
0000000000003f3c0000000000003fae000000000000bd8b0000000000003efb
0000000000003f37000000000000bea3000000000000bdd00000000000003fb6
0000000000003e7f000000000000bf14000000000000be4a000000000000bd03
0000000000003ed80000000000003e17000000000000bd31000000000000bf62
000000000000bf470000000000003d21000000000000bf4f0000000000003d05
0000000000003df00000000000003f0d0000000000003f960000000000003ebc
0000000000003f30000000000000bfab000000000000bf64000000000000bdab
0000000000003d4f000000000000bead0000000000003ed4000000000000be20
0000000000003ead0000000000003f3c000000000000bbe4000000000000bd0c
0000000000003e3e0000000000003efe0000000000003f5e0000000000003ebc
0000000000003ecd000000000000bf280000000000003def0000000000003eca
000000000000c0220000000000003e4a000000000000bdce0000000000003eac
0000000000003dda0000000000003f800000000000003ed20000000000003e8f
0000000000003dd10000000000003edd000000000000bdda000000000000bda5
000000000000bdcc000000000000bf2f000000000000bf050000000000003e85
0000000000003f9b000000000000bfc80000000000003e7a000000000000bd94
000000000000be4d0000000000003c3e000000000000be7c000000000000be85
000000000000bdc4000000000000bf2c0000000000003ebb000000000000bfa9
000000000000bf1e0000000000003ec30000000000003d040000000000003f0f
000000000000bea4000000000000be370000000000004001000000000000be8f
000000000000bd160000000000003e87000000000000beed000000000000bf3d
0000000000003e5a0000000000003ec2000000000000bf9b000000000000beff
0000000000003e570000000000003b82000000000000c005000000000000c0a7
000000000000bdc10000000000003fdc0000000000003d2d0000000000003e29
000000000000bc4e000000000000bb1d0000000000003fb60000000000003f25
0000000000003db90000000000003e4e0000000000003e880000000000003f0d
000000000000bdb9000000000000becf000000000000be9e000000000000bf35
000000000000bfe2000000000000bea2000000000000be500000000000003fb0
0000000000003f2d0000000000003d28000000000000be16000000000000bd69
0000000000003e1a000000000000be620000000000003f8f000000000000bedf
000000000000bcb60000000000003cad000000000000bf19000000000000be91
00000000000042eb0000000000003a180000000000003f2b000000000000bdac
000000000000bdda000000000000bf080000000000003dd9000000000000baa8
000000000000be0a0000000000003ede0000000000003fbf000000000000bf00
000000000000be150000000000003ff30000000000003fac000000000000bf9f
0000000000003d33000000000000bee7000000000000befc0000000000003ddb
0000000000003ff6000000000000bfad0000000000003d1f0000000000003e07
0000000000003d890000000000003efa000000000000be48000000000000bcf4
000000000000bf090000000000003e5f000000000000bf8f000000000000c060
0000000000003e920000000000003f16000000000000bdaf000000000000beb8
000000000000c00d000000000000be150000000000003f450000000000003eea
0000000000003dcc000000000000bdb5000000000000bd20000000000000bf01
000000000000ba21000000000000bd8a000000000000beb70000000000003e25
0000000000004090000000000000be3e000000000000c03c0000000000003e01
0000000000003fc0000000000000bf5a0000000000003e510000000000003ec3
000000000000be3b000000000000bfaf000000000000bec2000000000000bf23
000000000000c01c000000000000bf87000000000000bcc40000000000003bad
0000000000003d5a000000000000bdd0000000000000bfb60000000000003de1
0000000000003b6c000000000000c02e000000000000c0110000000000003ce7
000000000000be290000000000003eed0000000000003feb0000000000003ec9
0000000000003bf4000000000000bcd0000000000000beb8000000000000be82
0000000000003f35000000000000bfc0000000000000bf280000000000003da7
000000000000bfc3000000000000beea0000000000003f240000000000003f23
0000000000003ecd0000000000003d81000000000000bd360000000000003d9a
0000000000004016000000000000bf880000000000003f2d0000000000003e7f
0000000000003dec0000000000003dff000000000000bdf70000000000003f9e
0000000000003e3c0000000000003e36000000000000c02a0000000000003f0f
000000000000bed20000000000003f45000000000000be7b000000000000bf3a
000000000000bfd8000000000000be99000000000000bfaf000000000000be28
000000000000bed30000000000003ed70000000000003a6a000000000000be19
000000000000bf160000000000003ff0000000000000bd95000000000000400e
0000000000003f5c0000000000003cce0000000000003f2a000000000000bf37
000000000000bf210000000000003e83000000000000be250000000000003e61
000000000000bdfe000000000000bfb10000000000003a890000000000003d36
0000000000003f440000000000003dd90000000000003e64000000000000bdf9
000000000000bf730000000000003eea000000000000c004000000000000be85
0000000000003fdd000000000000bf160000000000003bdc000000000000bf3e
00000000000040420000000000003eca000000000000bef0000000000000409d
000000000000bf48000000000000c003000000000000bef9000000000000bff1
0000000000003f21000000000000be6d0000000000003f260000000000003dd2
0000000000003fa1000000000000404b0000000000003f8e0000000000003f81
000000000000bd960000000000003f030000000000003fa10000000000003e3b
0000000000003e9e000000000000bf8b000000000000be6f000000000000c002
0000000000003f030000000000003f030000000000003fdb000000000000bfa2
0000000000003ea30000000000003c45000000000000c0580000000000003c18
000000000000401d0000000000003b9d0000000000003ea30000000000003e94
000000000000bf99000000000000bdc90000000000003e0e0000000000003f19
000000000000bf39000000000000c01d000000000000bfcf000000000000bf1a
000000000000be7a000000000000bf920000000000003fec0000000000003d10
0000000000003d2e0000000000003ffc000000000000c0120000000000003c0a
0000000000003e05000000000000bee50000000000003e26000000000000bd96
0000000000003e7f0000000000003dcc000000000000be1f000000000000be9e
000000000000bf8b000000000000bd18000000000000bf7a000000000000bdc1
000000000000bda0000000000000bf76000000000000c046000000000000bd74
000000000000bdfc0000000000003f490000000000003ee6000000000000bfc2
0000000000003d3c0000000000003df3000000000000be9f0000000000003d26
0000000000003e9b0000000000003e3f0000000000003c8a0000000000003ceb
000000000000bfc2000000000000be8f0000000000003f51000000000000bd4e
000000000000be3c000000000000bf97000000000000bd85000000000000bd51
000000000000bf6a0000000000003d9d000000000000bdcd0000000000003e71
0000000000003cde0000000000003f0c000000000000bb630000000000003fa1
000000000000bfe10000000000003fa7000000000000bfbc000000000000c035
000000000000be48000000000000bf9b0000000000003f22000000000000bf8a
0000000000004006000000000000bda4000000000000b8830000000000003dce
000000000000c037000000000000beee0000000000003e040000000000004050
0000000000003eb10000000000003ca6000000000000be17000000000000becc
0000000000003f240000000000003f34000000000000bebc0000000000003f46
000000000000bdcc0000000000003d920000000000003e60000000000000bde9
0000000000003f0d0000000000003e8d0000000000003e0e000000000000bfda
0000000000003e5a0000000000003e7f000000000000bf1a0000000000003e44
0000000000003f900000000000003ca1000000000000bf230000000000003f5c
0000000000003e53000000000000bf7e000000000000bf14000000000000be98
0000000000003fd60000000000003f40000000000000be9a0000000000003e9e
000000000000bf560000000000003ff7000000000000bf18000000000000ba96
0000000000003edc0000000000003e930000000000003f270000000000003dcd
000000000000c0040000000000003dcc000000000000bda7000000000000be9e
000000000000bd9c000000000000bf57000000000000be4c0000000000003ecc
0000000000003fef000000000000bf34000000000000bf3a0000000000003d9d
0000000000003e0e0000000000003dd5000000000000407e000000000000bf50
0000000000003eaf0000000000003e0d0000000000003fe20000000000003ebf
0000000000003d43000000000000bf15000000000000beaf000000000000bfa9
000000000000bf69000000000000bdde000000000000bc330000000000003d65
0000000000003e830000000000003eb6000000000000bfcf0000000000003d84
0000000000003f82000000000000c0910000000000003ecd0000000000003fcc
0000000000003d7b000000000000c07d0000000000003ffe0000000000003ddc
000000000000bdf7000000000000c012000000000000bd1f000000000000bd71
0000000000003f4f000000000000bfa9000000000000be36000000000000c03f
0000000000003f5b0000000000004010000000000000be30000000000000be9a
000000000000bebe000000000000befd000000000000bc6b0000000000003e24
000000000000bec2000000000000bb2c000000000000be0c000000000000be13
000000000000c067000000000000beb1000000000000bebb000000000000bb56
000000000000403a0000000000003f5e000000000000bd63000000000000bd5d
000000000000bff9000000000000bf450000000000003ead0000000000003e54
0000000000003e500000000000003e2e0000000000003d26000000000000402e
000000000000c03d000000000000c02b0000000000003f5c0000000000003e94
0000000000003f81000000000000be330000000000003d8a0000000000003e99
0000000000003fd9000000000000c020000000000000bdaa0000000000003fb2
000000000000bfd500000000000040210000000000003dc2000000000000bfd4
0000000000003e360000000000003d350000000000003e0d0000000000003ea1
0000000000003e730000000000003fcc0000000000003c230000000000003fb1
0000000000003e820000000000003d470000000000003eb00000000000003f11
000000000000bd82000000000000bf270000000000003fd50000000000003eed
000000000000be260000000000003e5a000000000000bc3b0000000000003e3d
0000000000003e060000000000003f870000000000003eb20000000000003eb9
0000000000003f57000000000000be550000000000003d660000000000003fec
000000000000bdc70000000000003d91000000000000404e000000000000bcce
0000000000003fb1000000000000c0060000000000003eb50000000000003e66
000000000000bd920000000000003da2000000000000bf8b0000000000003ed8
0000000000003e4d000000000000bf4d000000000000bf1a000000000000babd
000000000000bf7d000000000000bec00000000000003f980000000000003f1c
0000000000003b45000000000000bfcc000000000000bde10000000000003f94
0000000000003eba0000000000003dda000000000000bfe90000000000003f5b
000000000000c054000000000000bedd0000000000003f5c000000000000bc97
000000000000bd3e000000000000400d000000000000bf61000000000000bf34
000000000000bc900000000000003f0f0000000000003f1a0000000000003fb8
000000000000bee30000000000003f07000000000000bf4f000000000000bf4a
000000000000bdeb0000000000003c1f0000000000003ed50000000000003e9d
000000000000be2b000000000000bdb00000000000003f83000000000000402b
000000000000be900000000000003f99000000000000bd4d000000000000bf10
0000000000003f070000000000003f190000000000003e6c0000000000003efc
0000000000003fa40000000000003d3f000000000000bf2e0000000000003f89
0000000000003fab0000000000003eb9000000000000bf05000000000000bf68
0000000000003e730000000000003de4000000000000bd74000000000000c018
0000000000003e3d0000000000003ede000000000000bd910000000000003eb4
00000000000040450000000000003edc000000000000bd6f000000000000bbc8
0000000000003e500000000000003f47000000000000bfc5000000000000bef3
000000000000bfb7000000000000be50000000000000be590000000000003f6f
0000000000003e6a0000000000003ed60000000000003ef2000000000000bca8
0000000000003e6e000000000000bf0d000000000000bd5d0000000000003ed9
000000000000401e0000000000003eec000000000000be680000000000003e81
0000000000003b81000000000000c034000000000000bf6c000000000000bfb0
0000000000003f3e0000000000003e400000000000003f62000000000000bf39
000000000000bf2b0000000000003f62000000000000bf68000000000000c019
000000000000bdb0000000000000bd56000000000000be73000000000000bf4d
000000000000bf040000000000003f24000000000000bd4d000000000000bcdf
0000000000003d01000000000000bd40000000000000beae0000000000003dd2
0000000000003d7a0000000000003f6e0000000000003f620000000000003ca5
000000000000bf0e0000000000003e8a0000000000003f160000000000003fcc
000000000000bb470000000000003a5f000000000000bcc4000000000000be09
0000000000003ec4000000000000bf5d0000000000003f0f000000000000bf22
000000000000bed4000000000000bea8000000000000bcb5000000000000c082
0000000000003d810000000000003f1e000000000000bf10000000000000be02
0000000000003d6d000000000000bb650000000000003f99000000000000400f
0000000000003ff20000000000003fc2000000000000bf200000000000003ff9
000000000000be8e0000000000003f80000000000000c006000000000000bf46
000000000000bfd2000000000000be080000000000003f220000000000003ea1
0000000000003fb10000000000003e24000000000000be010000000000003f08
0000000000003eb30000000000003dd1000000000000bda6000000000000be3d
0000000000003e370000000000003b91000000000000bcfc000000000000bf61
000000000000be1c000000000000be880000000000003eda000000000000bf93
0000000000003ed1000000000000bf8e0000000000003e6e0000000000003f48
000000000000be33000000000000bf8c0000000000003f38000000000000c022
0000000000003b310000000000003ba80000000000003f550000000000003ea1
000000000000c021000000000000bec7000000000000bc8d000000000000bc8c
000000000000be150000000000003f0b0000000000003fa9000000000000bb21
0000000000003f51000000000000bec3000000000000bf05000000000000bfb5
000000000000bfeb000000000000bd770000000000003e6d000000000000bff6
0000000000003f280000000000003dc80000000000003e30000000000000bdf6
000000000000bfaf000000000000bf9b000000000000be530000000000003f2b
0000000000003f9d000000000000bd94000000000000bd4c0000000000003e84
000000000000bf16000000000000bc92000000000000bef8000000000000be43
0000000000003d750000000000003def000000000000bebe0000000000003f17
0000000000003ee7000000000000bfba000000000000bd8f000000000000bf3f
0000000000003d07000000000000be0f000000000000beef0000000000003e6f
0000000000003e08000000000000c00e000000000000c0760000000000003f36
000000000000bf3c000000000000bddc000000000000bf7f000000000000bf82
0000000000003f70000000000000be1a000000000000bf270000000000003f13
000000000000bf29000000000000bc5b0000000000003e4d000000000000bed0
0000000000003ea80000000000003e8d000000000000bcf2000000000000be2b
0000000000003ec10000000000003e830000000000003df7000000000000bfa2
0000000000003f51000000000000bd52000000000000bf2e0000000000003f17
000000000000c014000000000000c01b000000000000be48000000000000bdca
000000000000c006000000000000bfb60000000000003f6a000000000000bf2f
000000000000bf400000000000003e2a000000000000c0120000000000003a6e
0000000000003f8c000000000000be82000000000000bd55000000000000bf72
000000000000bb1b000000000000be2c000000000000bbee0000000000003f8a
000000000000bbcf0000000000003ff60000000000003d07000000000000beca
0000000000003e6f000000000000bf200000000000003ef7000000000000bfff
000000000000bdee0000000000003f19000000000000c0450000000000003e60
000000000000bda8000000000000c01b000000000000bfae0000000000003db4
000000000000babc0000000000003d78000000000000bf24000000000000bc86
0000000000004006000000000000bcba0000000000003f2b000000000000bf4f
0000000000003fe70000000000003f910000000000003dcc000000000000bf03
000000000000bda1000000000000bf4d000000000000be9e0000000000003c89
0000000000003ef8000000000000bdea000000000000be3f0000000000003d6b
0000000000003e8a0000000000003fa2000000000000bf3e0000000000004008
0000000000003e04000000000000be97000000000000bd88000000000000b92d
000000000000becc000000000000bfc70000000000003fc9000000000000beb8
0000000000003e79000000000000be0f000000000000bffd000000000000bd58
0000000000003f08000000000000bf38000000000000befd0000000000003d8b
000000000000bf2c0000000000004019000000000000bbe20000000000003f0c
000000000000bec5000000000000bdc8000000000000be0f0000000000003e16
000000000000be2a000000000000bf89000000000000bf160000000000003f9e
000000000000bbb8000000000000401c000000000000be6d000000000000bf01
0000000000003f62000000000000406a0000000000003b850000000000003f0c
000000000000bbe2000000000000bf32000000000000bfed0000000000003e6b
000000000000bec2000000000000bf360000000000003dfd0000000000003eeb
0000000000003edd000000000000bb100000000000003f0b000000000000bf8e
000000000000b93f000000000000bdcd0000000000003c4e000000000000bf21
000000000000bf4a0000000000003eca000000000000be4b0000000000004023
0000000000003f090000000000003d93000000000000bf950000000000003e93
000000000000c05e000000000000bdc30000000000003f09000000000000c017
0000000000003ee50000000000003c23000000000000bf8f000000000000bc07
0000000000003e99000000000000badc0000000000003fbc0000000000003e40
0000000000003e970000000000003cec0000000000003f09000000000000bf38
000000000000befc000000000000bff80000000000003d170000000000003d6f
000000000000bef6000000000000bed20000000000003ea5000000000000be9b
000000000000beb1000000000000be91000000000000bedd0000000000003f13
000000000000bd89000000000000bfe6000000000000befe0000000000003f19
000000000000beaf000000000000bee4000000000000bfa50000000000003ee8
000000000000c0070000000000003c71000000000000beb5000000000000c07d
0000000000003fc2000000000000beea0000000000003ecd000000000000bf86
000000000000bedd000000000000bfe0000000000000bd3c000000000000be03
0000000000003cbf000000000000bf150000000000003f9c000000000000405c
0000000000003e330000000000003caa0000000000003d20000000000000be20
0000000000003cb80000000000003ecf0000000000003f5a0000000000003e13
0000000000003dca0000000000003e170000000000003e180000000000003ebc
000000000000be2f0000000000003e400000000000003e5e0000000000003e52
0000000000003eb7000000000000bec2000000000000bfed0000000000003fae
0000000000003d3400000000000040750000000000003e800000000000003d29
0000000000003d600000000000003dcc0000000000003ff60000000000004004
0000000000003f4d0000000000003cfb0000000000004009000000000000bcf7
000000000000bcea000000000000bd8f0000000000003f9f0000000000003f12
000000000000be86000000000000bd8d000000000000beae000000000000bd6c
0000000000003d21000000000000bfb1000000000000befa0000000000003f35
000000000000beb2000000000000beea0000000000003ee3000000000000bf24
0000000000003e140000000000003e88000000000000bfe60000000000003ca4
000000000000c0060000000000003fb9000000000000bca30000000000003f06
000000000000bfda000000000000be62000000000000be25000000000000be71
000000000000be84000000000000bc81000000000000bfe1000000000000bfd9
0000000000003f10000000000000be18000000000000be8c000000000000be5a
000000000000bd5f000000000000c0010000000000003e3f000000000000bf22
000000000000bd100000000000003dcc0000000000003d08000000000000bf76
0000000000003faa0000000000003f4e0000000000003e70000000000000be02
000000000000bf6f0000000000003f5a000000000000be5e0000000000003fb2
0000000000003bc0000000000000bebf0000000000003e9f0000000000003e77
0000000000003f660000000000003f1f000000000000be8b000000000000bfdc
000000000000be1600000000000040150000000000003d9d000000000000bf2d
0000000000003ec9000000000000bf8b000000000000bdcf0000000000003dd0
0000000000003cc20000000000003c810000000000003f1e000000000000bed2
000000000000be16000000000000be71000000000000bed0000000000000bec9
0000000000003fa20000000000003e0c0000000000003f110000000000003e5c
0000000000003cbb000000000000bcea0000000000003fbb000000000000c048
0000000000003f8e0000000000003d590000000000003ee3000000000000be18
000000000000bf850000000000003ca3000000000000bfdd000000000000be99
0000000000003e8c0000000000003e82000000000000bc880000000000003f83
000000000000bec5000000000000bb0a000000000000400f0000000000003d3d
0000000000003ddc000000000000bca9000000000000be290000000000003f7b
0000000000003f810000000000003d410000000000003da90000000000003f8d
000000000000bedc0000000000003e97000000000000bfaf0000000000003d74
0000000000003ed7000000000000be1b000000000000beec0000000000003ea7
0000000000003db00000000000003e9f000000000000bf920000000000003dec
000000000000bcf0000000000000bf73000000000000bf48000000000000be8e
000000000000bf880000000000003b8c000000000000be94000000000000bf2c
0000000000003fd5000000000000c0090000000000003cbe000000000000bf25
000000000000bcbe0000000000003edf0000000000003f320000000000003f82
0000000000003e6d000000000000be4c000000000000bf1f0000000000003fce
000000000000c0590000000000003f7e000000000000bfa60000000000003ea7
0000000000003e270000000000003cfb0000000000003d30000000000000c012
000000000000bf6f000000000000bc84000000000000bf3a0000000000003dc0
000000000000bd240000000000003ca00000000000003f4b0000000000003dc2
0000000000003dba0000000000003f960000000000003e92000000000000bca0
0000000000003e9b0000000000003f04000000000000bf8d0000000000003d89
000000000000bde1000000000000bee1000000000000400a000000000000bea6
000000000000bf6a0000000000003d4e0000000000003f240000000000003eb5
0000000000003e810000000000003e84000000000000be09000000000000be97
000000000000becc000000000000bfb1000000000000bf61000000000000be49
0000000000003d7b000000000000bf1e000000000000bf060000000000003e0f
000000000000bd8c0000000000003db80000000000003f47000000000000be05
000000000000bfe3000000000000bf9a0000000000003f080000000000003d7b
0000000000003eb7000000000000bd850000000000003ea00000000000003ec3
0000000000003d8a0000000000003e14000000000000bd910000000000003e33
0000000000003f05000000000000bf200000000000003fd9000000000000bee2
0000000000003d4c0000000000003f19000000000000bf3c0000000000003eb8
000000000000bf090000000000003f230000000000003e48000000000000bf45
0000000000003e44000000000000bf690000000000003f15000000000000beac
000000000000beb10000000000003bbf0000000000003dda000000000000bf41
000000000000bf83000000000000bef3000000000000bf6a000000000000be1a
0000000000003e9b0000000000003fa2000000000000bd2e000000000000bbec
000000000000bff2000000000000be8d0000000000003e9e000000000000bf00
000000000000bdd2000000000000be78000000000000bdb9000000000000be9e
0000000000003b820000000000003f3a000000000000bf9a0000000000003e66
000000000000beed000000000000bf36000000000000bb710000000000003cf2
000000000000bd230000000000003f720000000000003e0c0000000000003fa3
000000000000be61000000000000bdb90000000000003e9c0000000000003f61
000000000000402c0000000000003d6e0000000000003cee0000000000003f51
000000000000bbe00000000000003c980000000000003fc50000000000003e10
0000000000003c20000000000000be47000000000000be6e0000000000003ea3
0000000000003eec0000000000003f82000000000000be1a000000000000bf0e
000000000000bd0b0000000000003f8f000000000000bf9e0000000000004004
000000000000beb30000000000003f860000000000003e2d0000000000003f15
000000000000be31000000000000bd1e000000000000bf450000000000003e75
000000000000bd4d0000000000003fda000000000000bd4e0000000000003e9e
000000000000bdb4000000000000bc90000000000000bf49000000000000c084
000000000000beac000000000000bf760000000000003f81000000000000bf06
000000000000bb920000000000003f30000000000000bc3b0000000000003edf
0000000000003fe60000000000003df90000000000003f58000000000000bf27
000000000000bf19000000000000bdc1000000000000c001000000000000bdcb
000000000000bef00000000000003f93000000000000bbe8000000000000be50
000000000000bd170000000000003ea2000000000000bde9000000000000be41
0000000000003ea00000000000003f490000000000003e59000000000000bf0e
00000000000040070000000000003f630000000000004012000000000000beab
000000000000bd85000000000000bf4b000000000000bdfd0000000000003dc7
000000000000bf3c0000000000003d60000000000000be9f000000000000be33
0000000000003f3c0000000000003e750000000000003d32000000000000bc82
0000000000003fc5000000000000bb9d0000000000003f02000000000000c010
0000000000003f0f000000000000bf37000000000000bf89000000000000bf4a
0000000000003d280000000000003d11000000000000bfe50000000000003f28
0000000000004008000000000000bf66000000000000bdc40000000000003e68
000000000000be9e0000000000003a410000000000003d8f0000000000003e2f
000000000000bf5e0000000000003d6a000000000000be7f000000000000be6d
0000000000004018000000000000bec60000000000003ee9000000000000bd83
000000000000bd3e0000000000003f39000000000000bddc000000000000bdf3
000000000000bfc30000000000003f4e0000000000003f2b0000000000003e86
000000000000bf15000000000000c054000000000000be25000000000000be25
0000000000003f8d000000000000bf48000000000000bcf10000000000003f99
0000000000003f320000000000003c0e0000000000003dba0000000000003e2c
0000000000003ecc000000000000bf330000000000004017000000000000bd2a
000000000000bcd10000000000003f9c0000000000003eb1000000000000befa
0000000000003e710000000000003e89000000000000be180000000000003f86
000000000000bf84000000000000be89000000000000404a000000000000bf4d
000000000000bd7e0000000000003f460000000000003ed30000000000003e86
0000000000003eb2000000000000bf5b0000000000003f840000000000004005
000000000000bfa4000000000000bdd50000000000003df20000000000003ec3
0000000000003f8a000000000000bd0b000000000000bca50000000000003ee0
000000000000bf200000000000003ebe0000000000003dd9000000000000bf84
0000000000003f100000000000003e56000000000000befd0000000000003d2d
0000000000003f050000000000004037000000000000be4a0000000000003ed9
000000000000c01f000000000000bde8000000000000400a0000000000003c03
000000000000be26000000000000bfa40000000000003ba50000000000003d5f
0000000000003ea8000000000000bdcc000000000000c00d0000000000003daa
000000000000bf080000000000003cdb0000000000003e3c0000000000003e2f
000000000000bfec0000000000003e93000000000000b95b0000000000003f0a
000000000000bcce000000000000bef50000000000003c680000000000003e83
000000000000bf94000000000000c0040000000000003c440000000000003d2c
000000000000bf850000000000003ec3000000000000bf390000000000003f0f
000000000000be84000000000000c0100000000000003d8b000000000000beb4
0000000000003de40000000000003ee0000000000000bf370000000000003f2c
000000000000be670000000000004014000000000000bdd50000000000003d7e
0000000000003d7b000000000000bf060000000000003fd3000000000000bf85
0000000000003f6d000000000000bdd0000000000000bd8f000000000000bc49
000000000000bd110000000000003d4e0000000000003f0e000000000000bdc9
000000000000bf15000000000000bf2d000000000000bdd4000000000000be81
00000000000040030000000000003faa000000000000bebb000000000000bdec
000000000000bdbe000000000000be9b0000000000003bfe0000000000003e9b
0000000000003f9e000000000000bd5c000000000000c00f0000000000003f5f
0000000000003fa8000000000000b913000000000000c0010000000000003ccb
0000000000003f12000000000000bf9b000000000000bc680000000000003f80
000000000000bfbc00000000000040a20000000000003e520000000000003d56
000000000000be8c0000000000003d95000000000000bf14000000000000bd06
0000000000003f0b0000000000003f060000000000003d8b0000000000003f5c
000000000000c01d000000000000bf0c0000000000003ca80000000000003eef
000000000000be7a0000000000003fd40000000000003e700000000000003e43
000000000000bec80000000000003f3c000000000000be70000000000000c003
0000000000003d0d000000000000be1d000000000000bdfb0000000000003f64
0000000000003dbf0000000000003d11000000000000bfd30000000000003f6f
000000000000be310000000000003e14000000000000beba000000000000bc82
0000000000003d5a000000000000bf0f0000000000003f36000000000000bf07
000000000000bf0d0000000000003dee000000000000be9f0000000000003ef1
000000000000bf94000000000000bd10000000000000bedf0000000000003f71
0000000000003ecc0000000000003f0b0000000000003d1d0000000000003f11
0000000000003e6c000000000000be4d000000000000be7c000000000000be17
000000000000bf3c0000000000003ccd000000000000be750000000000003f63
0000000000003ed50000000000003fa00000000000003f880000000000003df5
0000000000003e3f000000000000c0240000000000003f410000000000003ead
000000000000be4d000000000000bdbf000000000000c0680000000000003e04
0000000000003f9e0000000000003ea40000000000003fd30000000000003eaf
000000000000befe0000000000003cee0000000000003e880000000000003f1d
0000000000003d900000000000003fad0000000000003c7c0000000000003c91
000000000000bd190000000000003f37000000000000bfe7000000000000bf7f
0000000000003c9b0000000000003dfc000000000000bf3a0000000000003e8d
0000000000003cd60000000000003df0000000000000bd290000000000003ecd
000000000000bcbc0000000000003fb2000000000000be240000000000003f51
000000000000bf2e000000000000beb9000000000000bf04000000000000be9f
000000000000be1c000000000000c0410000000000003f29000000000000bfed
000000000000bf9c0000000000003da0000000000000bf190000000000003e5e
000000000000bf28000000000000bfae0000000000003dd40000000000003fbd
0000000000004021000000000000c02e000000000000bfa60000000000003fe0
000000000000bf280000000000003fe3000000000000be770000000000003f86
000000000000be380000000000003f00000000000000bfc40000000000003f0c
0000000000003e600000000000003f0a000000000000bdb40000000000004036
0000000000003e0b0000000000003e33000000000000bf8e000000000000be99
000000000000be790000000000003db7000000000000bf3d000000000000be9a
000000000000bf0a000000000000be87000000000000bf87000000000000bc8e
000000000000bf46000000000000be8b00000000000039ea000000000000bd6e
00000000000043150000000000003fba0000000000003e34000000000000bedf
000000000000bf9e0000000000003f72000000000000bf20000000000000be07
000000000000bf23000000000000bf8a000000000000bfb00000000000003e80
0000000000003f3c0000000000003f1d000000000000bf870000000000003ece
000000000000bd71000000000000bf8a00000000000040070000000000004025
0000000000003f5f000000000000c022000000000000bfe6000000000000bf6f
0000000000003f08000000000000bd18000000000000bdb5000000000000be87
000000000000bdc9000000000000bba1000000000000bf93000000000000bf17
0000000000003dfa0000000000003f930000000000003eb8000000000000be51
000000000000c0050000000000003e64000000000000bc1a000000000000bcef
0000000000003f190000000000003e0c000000000000bfa1000000000000bdaf
0000000000003e81000000000000bf8b0000000000003ea9000000000000bcc7
000000000000be96000000000000be53000000000000beab000000000000be9e
0000000000003fa70000000000003f0b000000000000bdbe000000000000bf3c
0000000000003ec5000000000000bf2d000000000000bd130000000000003f8b
000000000000bd910000000000003dcb0000000000003ff60000000000004015
0000000000003ebe000000000000be72000000000000bee20000000000003b9b
0000000000003e66000000000000beec000000000000be900000000000003f6f
0000000000003de5000000000000bd73000000000000be4d000000000000bedd
000000000000be9a0000000000003e1b0000000000003eec0000000000003ef7
000000000000bf16000000000000bf53000000000000bf320000000000003eb9
0000000000003f480000000000003e39000000000000be270000000000003ef3
000000000000bea70000000000003dec0000000000003fed0000000000003fe9
0000000000003d030000000000003c34000000000000bf9a0000000000003f3d
000000000000bf630000000000003f430000000000003f120000000000003f82
000000000000bfa1000000000000bff50000000000003f0a000000000000bf71
000000000000bf1c000000000000c06c000000000000c037000000000000beec
0000000000003ea90000000000003f160000000000003f85000000000000c005
000000000000bf92000000000000bd96000000000000bf970000000000003f20
000000000000becd000000000000beaa0000000000003c2d000000000000bea3
000000000000bdd5000000000000bf500000000000003e02000000000000be02
000000000000be47000000000000c0230000000000003bfb0000000000003ffe
000000000000be8a0000000000003a19000000000000bfa00000000000003f8f
000000000000bf810000000000003eaa000000000000be840000000000003b0b
0000000000003f5e0000000000003e370000000000003d4a000000000000be49
0000000000003f59000000000000be6d000000000000be130000000000003d8f
000000000000be57000000000000bea40000000000003f030000000000003e39
0000000000003eba0000000000003d160000000000003f77000000000000bd16
000000000000be870000000000003ea20000000000003e27000000000000bf3f
000000000000bec00000000000003d960000000000003c140000000000003f13
0000000000004034000000000000bf73000000000000bf620000000000003f96
000000000000bf8e0000000000003d970000000000003ee90000000000003ddc
000000000000401e000000000000be1e000000000000be8c000000000000bde9
0000000000003dc8000000000000be130000000000003e67000000000000bee6
000000000000bf97000000000000be220000000000003f66000000000000bfa6
0000000000003f83000000000000c015000000000000bf990000000000003cde
0000000000003f330000000000003f2c0000000000003efe000000000000be1f
000000000000bfcc0000000000003e880000000000003e5c0000000000003f2a
0000000000003dce0000000000003e42000000000000c018000000000000bef5
000000000000bef30000000000003e5f0000000000003f47000000000000bfa1
000000000000bf65000000000000bf0a000000000000beb9000000000000bfcd
0000000000003d0b0000000000003e40000000000000be83000000000000bf41
0000000000003d06000000000000bf410000000000003ffe0000000000003f27
0000000000003c5e000000000000bed6000000000000bf970000000000003e36
0000000000003fbb0000000000003db20000000000003ee7000000000000bea7
00000000000040130000000000003f2a000000000000bf34000000000000bf2c
000000000000bfaa000000000000befb000000000000c01b0000000000003f0a
000000000000bdd50000000000003ec80000000000003fbb0000000000003ec7
0000000000003e62000000000000c019000000000000be04000000000000404e
0000000000003f2a0000000000003f750000000000003fc3000000000000bf53
000000000000bf8e000000000000c06d0000000000003cf0000000000000bfc2
000000000000bff4000000000000bf430000000000003ee3000000000000c097
000000000000bf02000000000000be0e000000000000bf70000000000000402c
000000000000be71000000000000bd8e000000000000bd7d0000000000003d99
000000000000bff30000000000003c8d000000000000bf520000000000003fc0
0000000000003bd90000000000004025000000000000bfe0000000000000bf8b
0000000000003ea6000000000000bb7d000000000000bf430000000000003f5b
000000000000bdbd000000000000bd210000000000003e84000000000000bd30
0000000000003ec2000000000000bd890000000000003f9f000000000000c027
000000000000bd0e0000000000003ff90000000000003eb50000000000003d47
0000000000003c0f000000000000bfa3000000000000be880000000000003f2d
0000000000003dc6000000000000bff10000000000003f74000000000000bf32
0000000000003f2b0000000000003da90000000000003f3b000000000000bee4
0000000000003e29000000000000bdb6000000000000bdd00000000000003ce1
000000000000bf9a0000000000003eee000000000000be590000000000003f2c
000000000000bf570000000000003945000000000000be84000000000000bf14
000000000000bc28000000000000be86000000000000bf200000000000003fb5
0000000000003fc90000000000003ec20000000000003dc5000000000000be50
0000000000003bf50000000000003e93000000000000bf51000000000000beab
000000000000bf06000000000000bf7c0000000000003faf0000000000003e30
000000000000beb80000000000003d610000000000003b98000000000000be90
000000000000beb8000000000000bcd00000000000003d85000000000000bece
000000000000bf1c0000000000003f6a000000000000bba2000000000000bfd6
0000000000003ed9000000000000bfb50000000000003d8f000000000000bec3
0000000000003d7c000000000000bdab0000000000003fec0000000000003eba
0000000000003bc30000000000003fc60000000000003dfb000000000000bead
000000000000bd100000000000003ea10000000000003e8c0000000000003c1e
000000000000bfe20000000000003e80000000000000bf520000000000004052
000000000000be1c000000000000bf33000000000000bc0c0000000000003f96
000000000000bf9b0000000000003e59000000000000bc550000000000003d91
0000000000003fb7000000000000bc4f000000000000bf4a000000000000bf40
0000000000003e7a0000000000003ea0000000000000be17000000000000bf15
000000000000bf63000000000000bfda000000000000bfc50000000000003fbb
000000000000be4a000000000000bd5b0000000000003ff00000000000003d87
000000000000beeb000000000000403d000000000000bf9e000000000000bcd4
000000000000bdbc000000000000c033000000000000bf3e0000000000003feb
000000000000be260000000000003e60000000000000bf640000000000003fdc
0000000000003ffb000000000000bfbf000000000000bcc30000000000003cfd
0000000000003f62000000000000bd080000000000003d4c000000000000bed0
0000000000003da3000000000000bed80000000000003e76000000000000beb0
0000000000003d86000000000000c014000000000000400c000000000000bedd
000000000000bda90000000000003f1e0000000000003f2c000000000000bf1e
0000000000003f6a000000000000c01c0000000000003f0d000000000000bf41
0000000000003f46000000000000bdb9000000000000bdd10000000000003ffc
0000000000003e310000000000003e140000000000003da20000000000003f8a
000000000000bebb0000000000003e8b000000000000be96000000000000c049
000000000000bdc70000000000003db4000000000000bec50000000000004044
0000000000003f710000000000003f670000000000003e8c0000000000003f89
0000000000003c62000000000000bf3f000000000000bcc7000000000000be6b
0000000000003d7d0000000000003d87000000000000403e000000000000bf1c
000000000000bc9c000000000000bf77000000000000bd86000000000000c02b
0000000000003e7f000000000000bfc00000000000003de5000000000000bfb3
0000000000003f2a000000000000bc10000000000000bedb000000000000bdc9
0000000000003c52000000000000bdb00000000000003f580000000000003f28
000000000000bf8d000000000000be16000000000000401e000000000000be00
000000000000400d000000000000bff4000000000000be56000000000000be78
000000000000bed6000000000000bf1b000000000000bec3000000000000bfc3
0000000000003e09000000000000bc1d000000000000bd180000000000003f3d
0000000000003e9f000000000000be90000000000000bdc90000000000003e15
0000000000003e2f000000000000bcf70000000000003f230000000000003ea1
0000000000003eb9000000000000bef0000000000000bfb50000000000003f5f
000000000000bf9c000000000000bb93000000000000bea40000000000003e40
000000000000c00b0000000000003dd8000000000000bf520000000000003fd2
0000000000003e6c000000000000b96d000000000000bf180000000000003d38
0000000000003f0f0000000000003fc5000000000000bf030000000000003f6c
0000000000003f2d000000000000be880000000000003f3b000000000000be9b
0000000000003e680000000000003fca0000000000003e3e0000000000003fa0
000000000000bf52000000000000beb0000000000000bf170000000000003f06
000000000000c289000000000000be200000000000003f400000000000003e86
000000000000bfcb0000000000003e05000000000000be770000000000003d11
000000000000be30000000000000bd5e0000000000003cef0000000000003f52
000000000000bf800000000000003fb1000000000000bd070000000000003e5a
0000000000003b13000000000000bd4d0000000000003dfa000000000000bf85
00000000000040140000000000003dd4000000000000bda8000000000000beba
0000000000003e0e0000000000003f8a000000000000be3d0000000000003f88
0000000000003f4e000000000000be17000000000000be350000000000003f4e
000000000000bebd0000000000003db2000000000000bf98000000000000bf1d
0000000000003dda0000000000003f94000000000000be91000000000000be90
0000000000003d65000000000000bd9a000000000000c05b0000000000003fbd
0000000000003c0c000000000000bc89000000000000be2e000000000000bc93
000000000000c029000000000000bcb70000000000003da9000000000000bd44
000000000000bf2f0000000000003f5c000000000000bf25000000000000bc25
0000000000003f20000000000000bdef000000000000befb000000000000bdb0
0000000000003e340000000000003f140000000000003eb3000000000000bec2
0000000000003d730000000000003ed1000000000000bf4d0000000000003e0e
000000000000bc020000000000003f340000000000003f490000000000003c3c
0000000000003f05000000000000c069000000000000bfc20000000000003fcc
000000000000bf3d0000000000003eb3000000000000be86000000000000bfd5
0000000000003e2a000000000000beba000000000000c007000000000000bf8e
000000000000bf840000000000003c1a0000000000003f59000000000000bf95
0000000000003f150000000000003fa10000000000003d300000000000003dec
000000000000bb110000000000003ddb000000000000be2a0000000000003d7c
000000000000401f0000000000003eeb000000000000bb64000000000000bd2c
0000000000003e94000000000000beac000000000000be880000000000003ee5
000000000000be23000000000000bf9e000000000000bf830000000000003d52
0000000000003df80000000000003e8f000000000000bce2000000000000bd3e
0000000000003fba0000000000003e9a0000000000003e6f0000000000003bfb
000000000000bfe50000000000003ed30000000000003e170000000000003f50
000000000000be7e000000000000bfed0000000000003fd3000000000000bd63
0000000000003e7c0000000000003c38000000000000bd0a000000000000bdb7
000000000000bc8b000000000000bf0c000000000000c0060000000000003fcc
0000000000003e050000000000003e94000000000000bede0000000000003e3d
000000000000bf18000000000000bfbe000000000000be81000000000000be5e
000000000000bd63000000000000bd610000000000003e22000000000000bf8c
000000000000bdfe0000000000003ca30000000000004023000000000000bd11
0000000000003f420000000000003dbc000000000000bf9a000000000000bf0d
000000000000bec60000000000004039000000000000bfcf0000000000003ed8
0000000000003f830000000000003d810000000000003f8b000000000000bdfc
0000000000003f840000000000003f08000000000000bad9000000000000becd
0000000000003e37000000000000be610000000000003f39000000000000bf0d
000000000000bf15000000000000bdd90000000000003fdf000000000000be4b
000000000000bc100000000000003fd6000000000000bf43000000000000bedf
0000000000003e65000000000000bdd7000000000000bd69000000000000bdb8
000000000000bf92000000000000be99000000000000bc4b000000000000bda3
0000000000003ef70000000000003e460000000000003f5c000000000000bfb8
000000000000bf2a000000000000bfbc0000000000003d89000000000000be15
0000000000003e19000000000000403a000000000000be880000000000003d26
000000000000bda20000000000003e410000000000003f3c0000000000003ece
0000000000003ec00000000000003edc0000000000003e94000000000000be8c
000000000000bcc20000000000003e230000000000003b3d000000000000bfb9
0000000000003f400000000000003ce5000000000000bd66000000000000bf05
0000000000003fb40000000000003f8f0000000000003e55000000000000bf6f
0000000000004009000000000000c039000000000000beb60000000000003e79
0000000000003d050000000000003f0a0000000000003de30000000000003e42
000000000000bd13000000000000bd630000000000003f53000000000000be96
000000000000bf7e000000000000405b0000000000003f6e0000000000004022
000000000000beb60000000000003b1e000000000000bf550000000000003f24
000000000000bdfa0000000000003f9b0000000000004050000000000000bd38
000000000000be97000000000000bf250000000000004010000000000000c07a
000000000000bd840000000000003ff2000000000000be6a0000000000003df1
000000000000bf42000000000000be4e000000000000be37000000000000be59
000000000000bdc5000000000000bfc20000000000003c8c0000000000003fa1
000000000000bd290000000000003d820000000000003f430000000000003f01
0000000000003db00000000000003e7f0000000000003d880000000000003d1a
000000000000bf0b000000000000bd85000000000000bb94000000000000be4c
000000000000bf300000000000003e8b000000000000bf580000000000003fb3
000000000000bead0000000000003f200000000000003e20000000000000398a
000000000000bd62000000000000be12000000000000bd730000000000003e9f
000000000000be820000000000003d8b000000000000be45000000000000be9a
0000000000003e570000000000003e12000000000000bda9000000000000bed3
000000000000bf070000000000003ba1000000000000be050000000000003f96
000000000000beff0000000000003f3a000000000000bef10000000000003f80
000000000000bf89000000000000bf87000000000000bf5c000000000000be14
000000000000bf5f0000000000003f7c000000000000bd34000000000000beb9
0000000000003dfe000000000000beeb000000000000bebe000000000000bf14
0000000000003da5000000000000beac0000000000003f73000000000000bf4c
0000000000004009000000000000bd3f0000000000003f58000000000000bfa3
0000000000003fb2000000000000bf09000000000000c0540000000000003dec
000000000000bc9b0000000000003f17000000000000bccb000000000000be0b
000000000000bf720000000000003fa00000000000003f410000000000003bb6
000000000000be5d0000000000003fe0000000000000bd5f0000000000003e46
000000000000bdaa0000000000003f86000000000000bf73000000000000bdd1
0000000000003f20000000000000beb8000000000000bfb3000000000000bf38
000000000000be0c000000000000beb30000000000003f58000000000000bee3
000000000000bc930000000000003d89000000000000be2a0000000000003f52
000000000000bd730000000000003f020000000000003f1e000000000000c010
0000000000003e94000000000000bec7000000000000be4e000000000000bec8
000000000000bba8000000000000bdb1000000000000bdc40000000000003f9a
0000000000003e520000000000003e6c0000000000003f7f0000000000003da4
000000000000beb7000000000000c031000000000000befa000000000000beef
000000000000bdfa0000000000003d23000000000000400b000000000000bd3a
000000000000bfce0000000000003edd0000000000003f980000000000003e40
0000000000003ead000000000000400f000000000000bdab0000000000003d48
000000000000be010000000000003da50000000000003e560000000000003f0e
0000000000003f470000000000003f250000000000003ed60000000000003efa
0000000000003e3c0000000000003f7b000000000000bfdd000000000000bd58
000000000000be3c0000000000003d28000000000000bed0000000000000bf88
0000000000003f4a000000000000bfd5000000000000be4d000000000000bf0a
0000000000003e430000000000003fc5000000000000bd80000000000000bf6b
000000000000bcf50000000000003f4d0000000000003f960000000000004047
0000000000003fe90000000000003f760000000000003e6a000000000000bd1c
000000000000bf07000000000000bf590000000000003f24000000000000bf57
0000000000003ec40000000000003ea5000000000000bd6b000000000000be2b
000000000000be3d0000000000003e84000000000000bfa30000000000003e3b
0000000000003ef10000000000003ec7000000000000bfae0000000000003e14
0000000000003e36000000000000be06000000000000bfa70000000000003d47
0000000000003dbc0000000000003e75000000000000be22000000000000be07
0000000000003ec70000000000003fb60000000000003fca0000000000003ea6
0000000000003efe0000000000004049000000000000be3e000000000000be98
000000000000be390000000000003e860000000000003eb20000000000003e7c
0000000000003e6e0000000000003dc40000000000003e0f0000000000003f84
0000000000003e860000000000003f9d0000000000003dff0000000000003e6a
000000000000bfab0000000000003f4a0000000000003f4c000000000000bf68
000000000000bf6b0000000000003eb00000000000003f2c000000000000beb0
000000000000bf6c000000000000beb1000000000000bf170000000000003dbe
000000000000bd300000000000003f85000000000000bf3a000000000000bf9d
0000000000003fa60000000000003e27000000000000bf490000000000003e2e
0000000000003dbc0000000000003f97000000000000be220000000000003d48
000000000000bd8d000000000000be49000000000000bf940000000000003efc
000000000000bf3d000000000000c091000000000000beb4000000000000c001
0000000000003e12000000000000bece0000000000003cde0000000000003e39
000000000000ba43000000000000bddc000000000000bda10000000000003f4d
000000000000beb60000000000003cdf000000000000bdad000000000000bea5
000000000000c03c000000000000bec00000000000004040000000000000bcbe
000000000000bea90000000000003df30000000000003f830000000000003db2
0000000000003ec0000000000000be28000000000000bd980000000000003e32
000000000000433c0000000000003f950000000000003e970000000000003dba
000000000000be3e0000000000003ea5000000000000be8c000000000000bfa5
000000000000be480000000000003feb0000000000003eda000000000000bc8b
0000000000003f2f000000000000be0b000000000000be6e0000000000003dce
000000000000bf970000000000003ebd0000000000003eaf000000000000be50
000000000000bf240000000000003f1c0000000000003d280000000000003f1a
000000000000bdd9000000000000bde40000000000003e27000000000000be7e
0000000000003f0c0000000000003f5c0000000000003fb90000000000003e81
000000000000bc08000000000000c003000000000000bebc000000000000c054
0000000000003fae0000000000003ef7000000000000be37000000000000bda6
0000000000003fa00000000000003f520000000000003e980000000000003e94
000000000000beaa000000000000bf1e000000000000bf12000000000000bfb0
0000000000003fd80000000000003ea8000000000000bf51000000000000bf5a
000000000000bea30000000000003fc40000000000003c85000000000000bf80
000000000000bf3e0000000000003ed9000000000000be76000000000000c058
000000000000be8b0000000000003ed60000000000003dbf0000000000003ec3
000000000000bf250000000000003f930000000000003fde0000000000003fad
0000000000003dbb000000000000bdda0000000000003f400000000000003f5e
000000000000bdf90000000000003dbc000000000000be25000000000000bf20
0000000000003ef1000000000000bf7d000000000000bdda000000000000be96
0000000000003dd6000000000000bfd40000000000003def000000000000401c
0000000000003fae000000000000be4d0000000000003f010000000000003cd0
000000000000bf60000000000000bcf1000000000000bd5f000000000000bede
0000000000003f0a000000000000be6d000000000000bf8b000000000000bd71
0000000000003e960000000000003e1e000000000000be42000000000000c040
000000000000bc730000000000003da4000000000000beca0000000000003eae
000000000000bec7000000000000bf1e000000000000be660000000000003ee7
00000000000040260000000000003ab4000000000000bf9b0000000000003e8f
0000000000003d530000000000003f0c0000000000003edc000000000000bf1c
0000000000003d9f000000000000bf01000000000000402b000000000000be2b
0000000000004005000000000000bebd0000000000003c70000000000000be84
0000000000003e5b0000000000003f270000000000003f81000000000000be06
000000000000be8d0000000000003c8f000000000000be2e000000000000bd89
000000000000bf36000000000000ba49000000000000bf4e0000000000003ee0
000000000000bc97000000000000bfa00000000000003ea40000000000003d47
0000000000003dd9000000000000bd57000000000000be4d0000000000003dd6
000000000000be950000000000003f3d000000000000400d000000000000becf
000000000000be7e0000000000003e86000000000000beae0000000000003ef0
000000000000bf53000000000000be750000000000003ecf0000000000003db4
000000000000bf99000000000000bdcb000000000000bea4000000000000c035
0000000000003dc70000000000003ede000000000000bf16000000000000bdb0
000000000000bbca000000000000be82000000000000bff60000000000003e6d
000000000000be0f0000000000003e5b000000000000bef40000000000003f02
000000000000bf0e0000000000003de20000000000003fb5000000000000bf92
000000000000bdca000000000000bd58000000000000bde50000000000003f56
0000000000003e310000000000003f32000000000000bf71000000000000bf94
000000000000c04f0000000000003f9a0000000000003ee4000000000000400c
0000000000003e130000000000003d8a000000000000c002000000000000bf88
000000000000bf2b0000000000003e2d000000000000bca50000000000003fb1
000000000000be2e0000000000003e2d0000000000003e840000000000003e46
0000000000003f4400000000000040a6000000000000c03d0000000000003c08
00000000000040460000000000003e98000000000000c0330000000000003faf
000000000000bc390000000000004082000000000000bf0c0000000000003c8d
0000000000003f150000000000003c9e0000000000003cf7000000000000bf1a
0000000000003e3e000000000000bfa40000000000003f1e0000000000003f0f
0000000000003e410000000000003e88000000000000bd8c000000000000bba0
0000000000003f1f000000000000bea6000000000000bd24000000000000bf02
0000000000003e8e000000000000c0370000000000003bd50000000000003f0a
0000000000003f4b0000000000003dac0000000000003e830000000000003e98
0000000000003e45000000000000be9100000000000040140000000000003df5
0000000000003f9b000000000000bd9c000000000000be3f0000000000003fc1
0000000000003f66000000000000beb9000000000000bf49000000000000be41
0000000000003e940000000000003f990000000000003f99000000000000400b
0000000000003f81000000000000c081000000000000c0360000000000003e76
0000000000003c6f0000000000003ec10000000000003ebe0000000000003f13
00000000000040280000000000003f4c000000000000be5a0000000000003e78
000000000000be8a000000000000be64000000000000bf23000000000000befa
000000000000be5e0000000000003ead0000000000003d11000000000000bd89
0000000000003ed80000000000003f70000000000000401b000000000000be3a
000000000000bf640000000000003dd20000000000003f2d0000000000003f08
0000000000003f980000000000003f9a0000000000003d4d0000000000003c05
000000000000bede000000000000be27000000000000be4e000000000000bef1
0000000000003c45000000000000bdff0000000000003df5000000000000bf5b
000000000000bf6d0000000000003e5b0000000000003f150000000000003e96
0000000000003ef4000000000000bd6d000000000000bf8d0000000000003f89
000000000000bf6e0000000000003e0c000000000000bc260000000000003ed1
0000000000003d0a000000000000bfc40000000000003f3f0000000000003f32
0000000000003dac0000000000003d910000000000004000000000000000bf8a
000000000000bea2000000000000beab000000000000befb000000000000be08
000000000000be83000000000000bfa60000000000003f6c000000000000bee0
000000000000bf410000000000003c3d000000000000bca20000000000003d4d
000000000000bf31000000000000bd9e000000000000bdc70000000000003f49
0000000000003ea10000000000003f48000000000000c064000000000000be73
0000000000003f6e000000000000bfe1000000000000bc040000000000003d43
000000000000bed1000000000000be8a0000000000003e500000000000003d9f
000000000000bfc2000000000000be520000000000003d740000000000003e01
000000000000be57000000000000bf3d0000000000003d4a0000000000003e31
000000000000be230000000000003d160000000000003d68000000000000be6e
0000000000003e4c000000000000bd680000000000003e900000000000003d60
0000000000003be00000000000003ef80000000000003f0f000000000000bf97
0000000000003d8a000000000000be51000000000000bdba000000000000be3b
0000000000003d8a0000000000003f1d0000000000003f16000000000000bfb9
000000000000bfb8000000000000be97000000000000bee00000000000003f9e
0000000000003fd6000000000000c0280000000000003ddf0000000000003f8b
0000000000003eb40000000000003e44000000000000bf5a000000000000bf5a
000000000000bee4000000000000bf030000000000003f9a0000000000003de5
000000000000bfab000000000000bb40000000000000408e0000000000004026
0000000000003fcc000000000000bed8000000000000bf9f0000000000003e9d
0000000000003eec0000000000003cdf000000000000bd980000000000003f58
0000000000003de6000000000000be660000000000003f3a000000000000be3c
0000000000003e1e000000000000bec20000000000003f76000000000000bf5f
0000000000003d0b0000000000003da2000000000000bd030000000000003fc2
000000000000bf04000000000000bd1c000000000000c02b0000000000003db9
000000000000bf420000000000003a7f000000000000bd41000000000000bbbe
0000000000003ce20000000000003ee10000000000003f510000000000003cfe
0000000000003ba4000000000000be110000000000003dbc000000000000bf58
000000000000bb080000000000003e1e000000000000be9c000000000000beb3
000000000000be0e000000000000bc700000000000003b6d000000000000bef3
000000000000bda20000000000003dda0000000000003fbf0000000000004082
0000000000003f390000000000003f250000000000003ef2000000000000bbcf
0000000000003c1e00000000000040270000000000003d41000000000000be87
0000000000003eb8000000000000ba800000000000004072000000000000be80
0000000000003f110000000000003e82000000000000bf430000000000003f90
000000000000be7f0000000000003f00000000000000bfd7000000000000bde7
000000000000bff90000000000003bef000000000000bf5c000000000000bf3e
000000000000be2d000000000000bf38000000000000c00f000000000000be0d
0000000000003cc70000000000003fed0000000000003f67000000000000bede
0000000000003eed000000000000beb0000000000000bf4a000000000000bee4
0000000000003ebc0000000000003f2e0000000000003f4e0000000000004013
0000000000003bd3000000000000be26000000000000c000000000000000bde5
0000000000003f240000000000003ea10000000000003fb6000000000000be9a
000000000000c02b000000000000bf270000000000003c970000000000003e41
0000000000003ed5000000000000bf4d0000000000003f4f0000000000003e49
0000000000003c490000000000003f600000000000003d83000000000000befb
0000000000003f8b000000000000beb60000000000003f63000000000000c08b
0000000000003e1c000000000000be260000000000003f8b0000000000003e6b
000000000000bf070000000000003c47000000000000be55000000000000bffd
000000000000be820000000000003f3a0000000000003fda000000000000bab8
000000000000c28e000000000000bd940000000000003e880000000000003ed0
0000000000003fc60000000000003d290000000000003ec4000000000000bee8
0000000000003f100000000000003e9c000000000000bf170000000000003de5
0000000000003dd6000000000000bf10000000000000bf110000000000003f32
0000000000003e09000000000000be2d000000000000bff0000000000000bea9
0000000000003dbd000000000000c02e000000000000bf01000000000000bf1f
000000000000bdf70000000000003f94000000000000bd45000000000000be63
000000000000be7f0000000000003ec00000000000003dd6000000000000bd3c
000000000000bfcb000000000000405b000000000000be110000000000003fe1
000000000000bf44000000000000be0a000000000000bf210000000000003f8a
0000000000003d240000000000003de3000000000000c035000000000000bf89
0000000000003d9f0000000000003f93000000000000b95f0000000000003fbf
0000000000003f99000000000000bf6e0000000000003f8c0000000000003c40
000000000000bead000000000000c009000000000000bf8a000000000000beda
0000000000003e360000000000003ff9000000000000bd9b000000000000becc
000000000000bf9c000000000000bd580000000000003de10000000000003d47
0000000000003b630000000000003ec4000000000000beeb000000000000bb11
0000000000003db20000000000003f0f0000000000003fef0000000000003f22
000000000000bc1f000000000000bc9a0000000000003f020000000000003de8
0000000000003e460000000000003ee1000000000000be9a0000000000003f44
000000000000bf190000000000003d510000000000003e21000000000000be3a
000000000000bd1a000000000000be6f000000000000bcd7000000000000bd16
000000000000bea20000000000003e14000000000000bdaf000000000000bfb6
000000000000bd47000000000000bf9b0000000000003e4e000000000000bef0
0000000000003eac000000000000bf8c0000000000003de5000000000000be13
0000000000003f300000000000003f93000000000000bff5000000000000c024
0000000000003f9a000000000000bfea0000000000003ead000000000000bfa0
000000000000bde1000000000000bddb0000000000003d95000000000000bec9
000000000000bfba000000000000bfa9000000000000bcdc000000000000bf89
000000000000bd3b0000000000003eb20000000000003b960000000000003e9a
000000000000be6c000000000000c0990000000000003e86000000000000bfad
0000000000003eec000000000000bfea000000000000bdc4000000000000bdc5
000000000000bf42000000000000400500000000000040130000000000003e6d
000000000000bebc000000000000bda4000000000000bc130000000000003ef6
0000000000003f08000000000000bf81000000000000bec5000000000000bf51
0000000000003f34000000000000bf92000000000000be890000000000003f58
000000000000bfa60000000000003e42000000000000c0330000000000003e25
000000000000bfb80000000000003d9f0000000000003e48000000000000bfce
0000000000003fac0000000000003bed0000000000003da2000000000000bdac
0000000000003f5a000000000000be80000000000000bfd5000000000000bbc7
0000000000003d4c000000000000be6c000000000000bde4000000000000beda
000000000000bf1c0000000000003f81000000000000bf870000000000003ca6
0000000000003d360000000000003f680000000000003de40000000000003f69
0000000000003e2a000000000000bedc000000000000be33000000000000be2c
0000000000003b96000000000000bf33000000000000be880000000000003e67
000000000000bf160000000000003fe70000000000003e4e000000000000bdff
000000000000bf09000000000000be5e0000000000003ffa000000000000bfd9
000000000000bdcd0000000000003f390000000000003ea7000000000000bd94
00000000000040890000000000003eae000000000000bb890000000000003f6e
000000000000be36000000000000bef40000000000003f3d0000000000003f43
0000000000003b13000000000000bc0d0000000000003f870000000000003d4a
0000000000003db700000000000039bb000000000000be05000000000000bdc8
0000000000003f07000000000000be0c000000000000b9950000000000003e08
0000000000003dee0000000000003f54000000000000bf75000000000000bfae
000000000000bf0d000000000000bd300000000000003e8f0000000000004041
0000000000003e720000000000003e50000000000000bf2d0000000000003ddf
000000000000bf700000000000003d250000000000003ef70000000000003c82
0000000000003e94000000000000c0160000000000003e88000000000000bd1b
0000000000003acf0000000000003eb4000000000000bef7000000000000c037
000000000000bc96000000000000be0b0000000000003eca0000000000003fbd
000000000000be04000000000000bfcd0000000000003de90000000000003eb5
0000000000003e14000000000000bdb50000000000003fc50000000000003c46
0000000000003e0f0000000000003ea8000000000000bdb60000000000003fb0
0000000000003eb1000000000000be98000000000000bef3000000000000bf11
000000000000bf1f000000000000bf870000000000003e93000000000000bcee
0000000000003e990000000000003fd20000000000003efc000000000000bf0e
000000000000bf160000000000003f4b000000000000bf1f000000000000bee9
0000000000003e6c000000000000be8d0000000000003cee000000000000be02
000000000000bf06000000000000bec4000000000000bf200000000000003e7b
000000000000bf65000000000000be71000000000000bf8b0000000000003f56
0000000000003c8c000000000000bdd40000000000003fc9000000000000be8a
000000000000bf0a0000000000003c210000000000003cff0000000000003d1f
0000000000003f8c0000000000004060000000000000bf030000000000003ec4
000000000000bf2f0000000000003f2f000000000000bd1e000000000000bfda
000000000000c01c0000000000003f3d0000000000003ec10000000000003eb4
0000000000003f320000000000003e36000000000000bfa70000000000003d0b
000000000000bf5e0000000000003e36000000000000bfbe0000000000003eaf
0000000000003f60000000000000be10000000000000bfdb0000000000003f60
00000000000040080000000000003d180000000000003ec0000000000000bdf9
000000000000be69000000000000bea2000000000000bee2000000000000bd5e
0000000000003eef000000000000bf72000000000000bc3d000000000000bd13
0000000000003dc00000000000003dc80000000000003f34000000000000bf46
000000000000bfce0000000000003e99000000000000bf2d0000000000003f33
000000000000bec20000000000003f300000000000003e790000000000003fb4
0000000000003dec000000000000bfd9000000000000bd9b0000000000003e3e
000000000000bf5d0000000000003f3e000000000000bc62000000000000be6b
0000000000003b770000000000004005000000000000bf33000000000000bf5a
0000000000003f52000000000000be61000000000000bfb1000000000000bee1
000000000000405c0000000000003e4f0000000000003d950000000000003dc1
000000000000c01e000000000000bef9000000000000bf16000000000000c01b
0000000000003e0d0000000000003d760000000000003d2a0000000000003ea2
0000000000003e9d000000000000be01000000000000be050000000000004030
000000000000be64000000000000be2e000000000000bf45000000000000bd7f
000000000000bd0b0000000000003f7c000000000000be48000000000000be02
000000000000bf350000000000003d70000000000000bd01000000000000be6d
0000000000003dfe0000000000003da8000000000000c0520000000000003e97
0000000000003f380000000000003ff20000000000003da10000000000003e13
0000000000003f80000000000000bf2c000000000000bfa90000000000003f76
000000000000bddc0000000000003e610000000000003ea00000000000003e96
000000000000bcf30000000000003f9e0000000000003d070000000000003e23
0000000000003e02000000000000bf65000000000000bd95000000000000bdb9
000000000000c004000000000000bf5c000000000000bed4000000000000be15
0000000000003dcb0000000000003db80000000000003ed50000000000003f37
0000000000003db20000000000003dd1000000000000c0cd000000000000bece
000000000000be930000000000003f82000000000000be250000000000003cdb
0000000000003f29000000000000bf620000000000003da3000000000000bf74
0000000000003d8e000000000000c053000000000000bf33000000000000bf2c
000000000000be7d000000000000bcfb000000000000bfdc0000000000003f61
000000000000be6f0000000000003e13000000000000c001000000000000be3b
000000000000406f000000000000406f0000000000003e92000000000000403a
0000000000003fa40000000000003fe2000000000000bec8000000000000bf16
0000000000003bfe0000000000003e0d000000000000bfbd0000000000003df0
0000000000003e96000000000000be170000000000003f8e0000000000003f16
0000000000003f350000000000003fef000000000000be8d0000000000003dc7
000000000000be22000000000000bfb4000000000000bf49000000000000bdbf
0000000000003e2c0000000000003efa0000000000003f70000000000000bf28
0000000000003d1a0000000000003efd000000000000bda50000000000003ee6
0000000000003f7e000000000000be67000000000000bdcc0000000000003e5f
000000000000bde30000000000003cae000000000000be7f000000000000be0b
000000000000bf280000000000003fd20000000000003f260000000000003c3c
000000000000bf0b0000000000003d3c000000000000bf3d0000000000003f4d
000000000000bf510000000000003f030000000000003f090000000000003f4a
0000000000003f6c0000000000003e6c0000000000003f5e000000000000b9b9
000000000000bde60000000000003e8e000000000000bc990000000000003e16
0000000000003ec5000000000000be93000000000000be1e0000000000003e14
0000000000003efa000000000000be3b000000000000be6a000000000000bff3
000000000000be64000000000000bf940000000000003f1a000000000000bd12
000000000000bee20000000000003fdf000000000000bed6000000000000bfbf
0000000000004302000000000000c00d000000000000bfdd000000000000bf71
000000000000bfbe0000000000003d270000000000003ce4000000000000bf4d
000000000000bfa20000000000003ec50000000000003e320000000000003eb2
0000000000003eb7000000000000bfdc000000000000bfa4000000000000bdad
0000000000003f83000000000000bfb50000000000003e910000000000003d3c
0000000000003f060000000000003e8e000000000000be46000000000000bec1
000000000000bb1c0000000000003ebe000000000000bf30000000000000bf0c
0000000000003f99000000000000be3a0000000000003e5a000000000000bedc
0000000000003f8f0000000000003ea80000000000003c37000000000000bd59
000000000000bf15000000000000bfe9000000000000be1f000000000000be3a
0000000000003fa6000000000000bfe60000000000003f20000000000000bfdc
0000000000003b7d000000000000bf4f0000000000003f26000000000000bde3
000000000000bcd9000000000000bdb50000000000003ec00000000000003bc3
000000000000bdea0000000000003dd2000000000000bdd10000000000003edf
0000000000003f430000000000003ec60000000000003f0a0000000000003d77
0000000000003e860000000000003e93000000000000bece000000000000beb3
0000000000003e1a0000000000003f9a000000000000bda6000000000000be17
0000000000003eb8000000000000c00e0000000000003ff7000000000000be9f
000000000000bbd8000000000000bd2e0000000000003f2f0000000000003cb0
0000000000003ea60000000000003e5f000000000000be850000000000003f5e
000000000000bf1d0000000000003e940000000000003ea00000000000003f41
000000000000bf22000000000000baef0000000000003fe2000000000000bfa8
0000000000003f1e0000000000003f280000000000003dfb000000000000bf26
000000000000bc85000000000000bc32000000000000bf3f000000000000bf63
000000000000bdc5000000000000bf200000000000003d900000000000003e4d
000000000000400e000000000000be0e0000000000003e910000000000003ec8
000000000000bf680000000000003ee7000000000000be400000000000003e29
0000000000003e0d000000000000be8f0000000000003e590000000000003f6d
000000000000bfca000000000000be350000000000003dd40000000000003dbd
000000000000bf8d000000000000beaa000000000000ba66000000000000be8b
000000000000bed9000000000000be900000000000003fae000000000000bfdd
0000000000003e20000000000000beb30000000000003d2a0000000000003da5
0000000000003fe7000000000000bf4a000000000000c01a000000000000bf4b
0000000000003cf2000000000000bc6e0000000000003e29000000000000bf87
0000000000003edc000000000000bee00000000000003c4a0000000000003fad
0000000000003ef10000000000003eaa000000000000be460000000000003f92
0000000000003de40000000000003d7c000000000000be310000000000003dc2
0000000000003f07000000000000be11000000000000beee000000000000bc79
0000000000003fcb000000000000bb7d0000000000003e5b000000000000bd5c
0000000000003df8000000000000bf75000000000000bf850000000000003d8a
000000000000bf0e000000000000bfb30000000000003e2a000000000000bfbe
0000000000003e150000000000003fe00000000000003d9b000000000000bf04
000000000000be39000000000000bfcf0000000000003e920000000000003efb
000000000000be5a000000000000bf190000000000003f590000000000003ecf
000000000000be7a000000000000c036000000000000bea7000000000000bd93
000000000000bf30000000000000be8d0000000000003f87000000000000bf64
0000000000003e7a0000000000003dea0000000000003d840000000000003fa4
000000000000beb10000000000003e32000000000000bf03000000000000be00
0000000000003ec10000000000003e0e0000000000003ee1000000000000bf97
000000000000bd99000000000000bee50000000000003fc2000000000000bd14
000000000000bf210000000000003d51000000000000be92000000000000bf0d
0000000000003e0c000000000000be70000000000000bf490000000000004002
0000000000003f90000000000000c062000000000000bdb30000000000003fe3
0000000000003eed000000000000be64000000000000beb9000000000000bf67
000000000000bf30000000000000be700000000000003fa9000000000000be8a
000000000000c00c0000000000003f940000000000003ddd000000000000be4d
000000000000bfba000000000000bdbf000000000000be8a0000000000003f05
000000000000bfb8000000000000bf890000000000003e0a000000000000bf29
000000000000bd94000000000000bf06000000000000bfb70000000000003e69
000000000000bf8f0000000000003e9f000000000000bff3000000000000b911
0000000000003f050000000000003f7a000000000000be370000000000003eea
0000000000003fe60000000000003da8000000000000bdfb000000000000bde9
000000000000bee20000000000003d1f000000000000bf250000000000003dcd
0000000000003f2b000000000000bc51000000000000be620000000000003cad
0000000000003e04000000000000c01a000000000000ba9b000000000000be4c
000000000000be53000000000000beec0000000000003f300000000000003f09
000000000000bd8b000000000000bce7000000000000bbc80000000000003f38
000000000000becd000000000000bf1a0000000000003f430000000000003f01
000000000000bd1e0000000000003ca10000000000003db6000000000000bf82
000000000000bd390000000000003dbd000000000000bfc30000000000003d84
000000000000be830000000000003e6a0000000000003d4c000000000000bec4
000000000000c0070000000000003f090000000000003db5000000000000bff7
000000000000bf1c0000000000003be60000000000003eb20000000000003d51
000000000000bf00000000000000bed2000000000000bbc9000000000000be8b
000000000000be6e0000000000003f61000000000000bf370000000000004009
0000000000003e82000000000000be74000000000000bef8000000000000bc17
000000000000bed20000000000003bf2000000000000bf45000000000000bccd
000000000000bcc5000000000000beda0000000000003e82000000000000bf19
0000000000003d88000000000000bce90000000000003e5d0000000000003dd6
000000000000407b0000000000003da4000000000000bede0000000000003f5a
000000000000bf59000000000000bdea0000000000003faf000000000000bdd6
000000000000bedb000000000000bba3000000000000be19000000000000bfc3
000000000000403d000000000000bdd7000000000000bf480000000000003e8e
000000000000c0020000000000003f100000000000003de4000000000000bd83
000000000000bdf0000000000000c0700000000000003fb30000000000003e36
0000000000003e5f000000000000bf0e0000000000003eaf0000000000003eaf
0000000000003f67000000000000bc9b000000000000be7b000000000000bedd
000000000000c03f0000000000003e8e0000000000003f12000000000000bc63
000000000000c0a70000000000003fb8000000000000be9b000000000000bd37
0000000000003c23000000000000c02a000000000000bde60000000000003f12
000000000000bf540000000000003f090000000000003f490000000000003ec0
000000000000bf3a0000000000003d050000000000003e29000000000000c01e
0000000000003e76000000000000be310000000000003e7b000000000000bddd
000000000000bec20000000000003fb4000000000000be950000000000003f14
0000000000003f36000000000000be950000000000003def000000000000bd64
0000000000003cc90000000000003f8b000000000000bee2000000000000bf9f
000000000000bf1e000000000000ba9b000000000000bdc8000000000000be16
000000000000bd6c000000000000be1e000000000000bfe60000000000003cbb
000000000000bf1c0000000000003d2b0000000000003dca0000000000003e0a
000000000000be9f0000000000003f690000000000003f660000000000003f34
0000000000003fca0000000000003fb10000000000003f060000000000003f16
000000000000bfdc000000000000bf190000000000004092000000000000c00a
0000000000003e11000000000000bdf40000000000003e850000000000003f52
0000000000003f260000000000003d68000000000000bfb7000000000000bd5a
0000000000003d340000000000003e8f000000000000bf160000000000003e83
000000000000bf6a000000000000bd0f000000000000bec50000000000003ca4
0000000000003e8b0000000000003e310000000000003eed0000000000003ea7
0000000000003f290000000000003e200000000000003bea000000000000bf45
000000000000bd6c0000000000003ce6000000000000bfa90000000000003f3e
0000000000003d9f000000000000c03d0000000000003f230000000000003f14
000000000000bf99000000000000bf520000000000003e56000000000000bec2
0000000000003f740000000000003daf000000000000bf890000000000003f0f
000000000000be89000000000000bfaa000000000000bef3000000000000401a
0000000000003ee80000000000003fed000000000000bf09000000000000bdd7
000000000000bf0b000000000000bf150000000000003d680000000000003ee6
0000000000003f6d0000000000003ea90000000000003f08000000000000be7f
000000000000bf500000000000003f01000000000000bf090000000000004005
0000000000003d64000000000000bee90000000000003e500000000000003ddb
000000000000be5f000000000000bfa30000000000003fa40000000000003d28
000000000000bd04000000000000bdd6000000000000bfda0000000000003fd4
0000000000003f7c000000000000bd18000000000000bf3a000000000000bfc8
000000000000bddc000000000000bf4c000000000000bd30000000000000be6b
0000000000003dd60000000000003dc50000000000003f12000000000000bf76
0000000000003e580000000000003dd4000000000000bfd50000000000003fb2
000000000000be0e000000000000c0830000000000003f980000000000003fa8
000000000000bd480000000000003ec200000000000040020000000000003f8e
0000000000003e3a000000000000be21000000000000bf080000000000003d96
000000000000bd22000000000000bd10000000000000402b0000000000003fee
