 
****************************************
Report : timing
        -path full
        -delay max
        -nworst 5
        -nets
        -max_paths 20
        -transition_time
        -capacitance
Design : char_top
Version: X-2025.06-SP3
Date   : Tue Sep  1 14:56:06 2026
****************************************

Operating Conditions: tt_typical_max_0p80v_25c   Library: sc6p5mcpp140z_cln22ul_base_svt_c35_tt_typical_max_0p80v_25c
Wire Load Model Mode: top

  Startpoint: b_i[4] (input port clocked by clk)
  Endpoint: u_dut/z_o_reg[6]
            (rising edge-triggered flip-flop clocked by clk)
  Path Group: clk
  Path Type: max

  Des/Clust/Port     Wire Load Model       Library
  ------------------------------------------------
  char_top           Zero                  sc6p5mcpp140z_cln22ul_base_svt_c35_tt_typical_max_0p80v_25c

  Point                                       Fanout       Cap     Trans      Incr       Path
  ----------------------------------------------------------------------------------------------
  clock clk (rise edge)                                                       0.00       0.00
  clock network delay (ideal)                                                 0.00       0.00
  input external delay                                                        0.10       0.10 f
  b_i[4] (in)                                                       0.05      0.00       0.10 f
  b_i[4] (net)                                  8         0.01                0.00       0.10 f
  U617/Y (XOR2_X4M_A6P5PP140ZTS_C35)                                0.02      0.04       0.14 f
  n276 (net)                                    2         0.00                0.00       0.14 f
  U631/Y (NAND2_X1TA_A6P5PP140ZTS_C35)                              0.03      0.02       0.16 r
  n322 (net)                                    3         0.00                0.00       0.16 r
  U635/Y (INV_X1M_A6P5PP140ZTS_C35)                                 0.01      0.01       0.17 f
  n277 (net)                                    1         0.00                0.00       0.17 f
  U722/Y (AOI21_X2M_A6P5PP140ZTS_C35)                               0.02      0.02       0.19 r
  n280 (net)                                    1         0.00                0.00       0.19 r
  U384/Y (OAI21_X2M_A6P5PP140ZTS_C35)                               0.01      0.02       0.21 f
  n285 (net)                                    1         0.00                0.00       0.21 f
  U330/Y (OAI21_X2M_A6P5PP140ZTS_C35)                               0.02      0.01       0.22 r
  n150 (net)                                    1         0.00                0.00       0.22 r
  U534/Y (NAND2_X3M_A6P5PP140ZTS_C35)                               0.02      0.02       0.24 f
  n326 (net)                                    3         0.00                0.00       0.24 f
  U267/Y (NAND2_X4M_A6P5PP140ZTS_C35)                               0.02      0.02       0.26 r
  n340 (net)                                    2         0.00                0.00       0.26 r
  U492/Y (NOR2_X4TA_A6P5PP140ZTS_C35)                               0.02      0.01       0.27 f
  n204 (net)                                    7         0.00                0.00       0.27 f
  U187/Y (INV_X5M_A6P5PP140ZTS_C35)                                 0.02      0.02       0.29 r
  n788 (net)                                    6         0.01                0.00       0.29 r
  U543/Y (NAND2_X2A_A6P5PP140ZTS_C35)                               0.02      0.02       0.30 f
  n402 (net)                                    1         0.00                0.00       0.30 f
  U792/Y (MXIT2_X3M_A6P5PP140ZTS_C35)                               0.03      0.02       0.33 r
  n414 (net)                                    2         0.00                0.00       0.33 r
  U793/Y (MXIT2_X3M_A6P5PP140ZTS_C35)                               0.02      0.02       0.35 f
  n454 (net)                                    2         0.00                0.00       0.35 f
  U70/Y (NOR2_X3A_A6P5PP140ZTS_C35)                                 0.03      0.02       0.37 r
  n200 (net)                                    2         0.00                0.00       0.37 r
  U624/Y (OAI21_X2M_A6P5PP140ZTS_C35)                               0.02      0.02       0.39 f
  n198 (net)                                    1         0.00                0.00       0.39 f
  U622/Y (NAND2_X2M_A6P5PP140ZTS_C35)                               0.02      0.02       0.41 r
  n707 (net)                                    3         0.00                0.00       0.41 r
  U297/Y (NOR2_X3A_A6P5PP140ZTS_C35)                                0.02      0.01       0.42 f
  n547 (net)                                    4         0.00                0.00       0.42 f
  U444/Y (NOR2_X1P4TA_A6P5PP140ZTS_C35)                             0.02      0.02       0.44 r
  n534 (net)                                    3         0.00                0.00       0.44 r
  U630/Y (NAND2_X2M_A6P5PP140ZTS_C35)                               0.02      0.02       0.46 f
  n578 (net)                                    4         0.00                0.00       0.46 f
  U304/Y (NOR2_X1A_A6P5PP140ZTS_C35)                                0.03      0.03       0.49 r
  n60 (net)                                     1         0.00                0.00       0.49 r
  U303/Y (AOI21_X3M_A6P5PP140ZTS_C35)                               0.02      0.02       0.51 f
  n202 (net)                                    1         0.00                0.00       0.51 f
  U540/Y (XNOR2_X4M_A6P5PP140ZTS_C35)                               0.03      0.03       0.54 f
  n745 (net)                                    3         0.00                0.00       0.54 f
  U419/Y (XOR2_X4M_A6P5PP140ZTS_C35)                                0.03      0.04       0.58 f
  u_dut/u_dw_fp_mac/ULSD/a_int[10] (net)        2         0.00                0.00       0.58 f
  U568/Y (NOR2_X6A_A6P5PP140ZTS_C35)                                0.02      0.02       0.60 r
  n1069 (net)                                   3         0.00                0.00       0.60 r
  U169/Y (INV_X3M_A6P5PP140ZTS_C35)                                 0.01      0.01       0.61 f
  n564 (net)                                    1         0.00                0.00       0.61 f
  U284/Y (OAI21_X3M_A6P5PP140ZTS_C35)                               0.03      0.02       0.63 r
  u_dut/u_dw_fp_mac/ULSD/U1/enc_tree[1][2][12] (net)
                                                2         0.00                0.00       0.63 r
  U203/Y (NOR2_X6A_A6P5PP140ZTS_C35)                                0.02      0.02       0.65 f
  u_dut/u_dw_fp_mac/lzdout[1] (net)             6         0.01                0.00       0.65 f
  U467/Y (INV_X2P5M_A6P5PP140ZTS_C35)                               0.01      0.01       0.66 r
  n828 (net)                                    2         0.00                0.00       0.66 r
  U1046/Y (NAND2_X1M_A6P5PP140ZTS_C35)                              0.02      0.01       0.67 f
  n830 (net)                                    1         0.00                0.00       0.67 f
  U296/Y (NAND2_X1P4TA_A6P5PP140ZTS_C35)                            0.02      0.02       0.69 r
  n831 (net)                                    2         0.00                0.00       0.69 r
  U295/Y (NOR2_X3TA_A6P5PP140ZTS_C35)                               0.02      0.01       0.70 f
  n971 (net)                                    2         0.00                0.00       0.70 f
  U621/Y (INV_X1M_A6P5PP140ZTS_C35)                                 0.02      0.02       0.72 r
  n833 (net)                                    2         0.00                0.00       0.72 r
  U448/Y (NAND2_X1M_A6P5PP140ZTS_C35)                               0.02      0.02       0.73 f
  n838 (net)                                    1         0.00                0.00       0.73 f
  U510/Y (XOR2_X2M_A6P5PP140ZTS_C35)                                0.02      0.03       0.76 f
  n839 (net)                                    1         0.00                0.00       0.76 f
  U620/Y (NAND2_X2M_A6P5PP140ZTS_C35)                               0.02      0.02       0.78 r
  n969 (net)                                    2         0.00                0.00       0.78 r
  U541/Y (INV_X1M_A6P5PP140ZTS_C35)                                 0.01      0.01       0.79 f
  n845 (net)                                    1         0.00                0.00       0.79 f
  U435/Y (OAI22_X1M_A6P5PP140ZTS_C35)                               0.03      0.02       0.81 r
  n847 (net)                                    1         0.00                0.00       0.81 r
  U446/Y (OAI2XB1_X1M_A6P5PP140ZTS_C35)                             0.02      0.02       0.83 f
  n946 (net)                                    1         0.00                0.00       0.83 f
  U123/Y (INV_X2M_A6P5PP140ZTS_C35)                                 0.01      0.02       0.84 r
  n257 (net)                                    1         0.00                0.00       0.84 r
  U680/Y (NOR3_X2TA_A6P5PP140ZTS_C35)                               0.02      0.01       0.86 f
  n254 (net)                                    1         0.00                0.00       0.86 f
  U129/Y (XNOR2_X2M_A6P5PP140ZTS_C35)                               0.02      0.03       0.88 f
  n1003 (net)                                   1         0.00                0.00       0.88 f
  U401/Y (NAND2_X1M_A6P5PP140ZTS_C35)                               0.02      0.02       0.90 r
  n1007 (net)                                   1         0.00                0.00       0.90 r
  U495/Y (NAND3_X1TA_A6P5PP140ZTS_C35)                              0.02      0.01       0.91 f
  u_dut/z_comb[6] (net)                         1         0.00                0.00       0.91 f
  u_dut/z_o_reg[6]/D (DFFRPQA_X1M_A6P5PP140ZTS_C35)                 0.02      0.00       0.91 f
  data arrival time                                                                      0.91

  clock clk (rise edge)                                                       1.00       1.00
  clock network delay (ideal)                                                 0.00       1.00
  clock uncertainty                                                          -0.05       0.95
  u_dut/z_o_reg[6]/CK (DFFRPQA_X1M_A6P5PP140ZTS_C35)                          0.00       0.95 r
  library setup time                                                         -0.04       0.91
  data required time                                                                     0.91
  ----------------------------------------------------------------------------------------------
  data required time                                                                     0.91
  data arrival time                                                                     -0.91
  ----------------------------------------------------------------------------------------------
  slack (MET)                                                                            0.00


  Startpoint: b_i[4] (input port clocked by clk)
  Endpoint: u_dut/z_o_reg[6]
            (rising edge-triggered flip-flop clocked by clk)
  Path Group: clk
  Path Type: max

  Des/Clust/Port     Wire Load Model       Library
  ------------------------------------------------
  char_top           Zero                  sc6p5mcpp140z_cln22ul_base_svt_c35_tt_typical_max_0p80v_25c

  Point                                       Fanout       Cap     Trans      Incr       Path
  ----------------------------------------------------------------------------------------------
  clock clk (rise edge)                                                       0.00       0.00
  clock network delay (ideal)                                                 0.00       0.00
  input external delay                                                        0.10       0.10 f
  b_i[4] (in)                                                       0.05      0.00       0.10 f
  b_i[4] (net)                                  8         0.01                0.00       0.10 f
  U617/Y (XOR2_X4M_A6P5PP140ZTS_C35)                                0.02      0.04       0.14 f
  n276 (net)                                    2         0.00                0.00       0.14 f
  U631/Y (NAND2_X1TA_A6P5PP140ZTS_C35)                              0.03      0.02       0.16 r
  n322 (net)                                    3         0.00                0.00       0.16 r
  U635/Y (INV_X1M_A6P5PP140ZTS_C35)                                 0.01      0.01       0.17 f
  n277 (net)                                    1         0.00                0.00       0.17 f
  U722/Y (AOI21_X2M_A6P5PP140ZTS_C35)                               0.02      0.02       0.19 r
  n280 (net)                                    1         0.00                0.00       0.19 r
  U384/Y (OAI21_X2M_A6P5PP140ZTS_C35)                               0.01      0.02       0.21 f
  n285 (net)                                    1         0.00                0.00       0.21 f
  U330/Y (OAI21_X2M_A6P5PP140ZTS_C35)                               0.02      0.01       0.22 r
  n150 (net)                                    1         0.00                0.00       0.22 r
  U534/Y (NAND2_X3M_A6P5PP140ZTS_C35)                               0.02      0.02       0.24 f
  n326 (net)                                    3         0.00                0.00       0.24 f
  U267/Y (NAND2_X4M_A6P5PP140ZTS_C35)                               0.02      0.02       0.26 r
  n340 (net)                                    2         0.00                0.00       0.26 r
  U492/Y (NOR2_X4TA_A6P5PP140ZTS_C35)                               0.02      0.01       0.27 f
  n204 (net)                                    7         0.00                0.00       0.27 f
  U187/Y (INV_X5M_A6P5PP140ZTS_C35)                                 0.02      0.02       0.29 r
  n788 (net)                                    6         0.01                0.00       0.29 r
  U543/Y (NAND2_X2A_A6P5PP140ZTS_C35)                               0.02      0.02       0.30 f
  n402 (net)                                    1         0.00                0.00       0.30 f
  U792/Y (MXIT2_X3M_A6P5PP140ZTS_C35)                               0.03      0.02       0.33 r
  n414 (net)                                    2         0.00                0.00       0.33 r
  U793/Y (MXIT2_X3M_A6P5PP140ZTS_C35)                               0.02      0.02       0.35 f
  n454 (net)                                    2         0.00                0.00       0.35 f
  U70/Y (NOR2_X3A_A6P5PP140ZTS_C35)                                 0.03      0.02       0.37 r
  n200 (net)                                    2         0.00                0.00       0.37 r
  U624/Y (OAI21_X2M_A6P5PP140ZTS_C35)                               0.02      0.02       0.39 f
  n198 (net)                                    1         0.00                0.00       0.39 f
  U622/Y (NAND2_X2M_A6P5PP140ZTS_C35)                               0.02      0.02       0.41 r
  n707 (net)                                    3         0.00                0.00       0.41 r
  U297/Y (NOR2_X3A_A6P5PP140ZTS_C35)                                0.02      0.01       0.42 f
  n547 (net)                                    4         0.00                0.00       0.42 f
  U444/Y (NOR2_X1P4TA_A6P5PP140ZTS_C35)                             0.02      0.02       0.44 r
  n534 (net)                                    3         0.00                0.00       0.44 r
  U630/Y (NAND2_X2M_A6P5PP140ZTS_C35)                               0.02      0.02       0.46 f
  n578 (net)                                    4         0.00                0.00       0.46 f
  U304/Y (NOR2_X1A_A6P5PP140ZTS_C35)                                0.03      0.03       0.49 r
  n60 (net)                                     1         0.00                0.00       0.49 r
  U303/Y (AOI21_X3M_A6P5PP140ZTS_C35)                               0.02      0.02       0.51 f
  n202 (net)                                    1         0.00                0.00       0.51 f
  U540/Y (XNOR2_X4M_A6P5PP140ZTS_C35)                               0.03      0.03       0.54 f
  n745 (net)                                    3         0.00                0.00       0.54 f
  U419/Y (XOR2_X4M_A6P5PP140ZTS_C35)                                0.03      0.04       0.58 f
  u_dut/u_dw_fp_mac/ULSD/a_int[10] (net)        2         0.00                0.00       0.58 f
  U568/Y (NOR2_X6A_A6P5PP140ZTS_C35)                                0.02      0.02       0.60 r
  n1069 (net)                                   3         0.00                0.00       0.60 r
  U169/Y (INV_X3M_A6P5PP140ZTS_C35)                                 0.01      0.01       0.61 f
  n564 (net)                                    1         0.00                0.00       0.61 f
  U284/Y (OAI21_X3M_A6P5PP140ZTS_C35)                               0.03      0.02       0.63 r
  u_dut/u_dw_fp_mac/ULSD/U1/enc_tree[1][2][12] (net)
                                                2         0.00                0.00       0.63 r
  U203/Y (NOR2_X6A_A6P5PP140ZTS_C35)                                0.02      0.02       0.65 f
  u_dut/u_dw_fp_mac/lzdout[1] (net)             6         0.01                0.00       0.65 f
  U467/Y (INV_X2P5M_A6P5PP140ZTS_C35)                               0.01      0.01       0.66 r
  n828 (net)                                    2         0.00                0.00       0.66 r
  U1046/Y (NAND2_X1M_A6P5PP140ZTS_C35)                              0.02      0.01       0.67 f
  n830 (net)                                    1         0.00                0.00       0.67 f
  U296/Y (NAND2_X1P4TA_A6P5PP140ZTS_C35)                            0.02      0.02       0.69 r
  n831 (net)                                    2         0.00                0.00       0.69 r
  U295/Y (NOR2_X3TA_A6P5PP140ZTS_C35)                               0.02      0.01       0.70 f
  n971 (net)                                    2         0.00                0.00       0.70 f
  U621/Y (INV_X1M_A6P5PP140ZTS_C35)                                 0.02      0.02       0.72 r
  n833 (net)                                    2         0.00                0.00       0.72 r
  U448/Y (NAND2_X1M_A6P5PP140ZTS_C35)                               0.02      0.02       0.73 f
  n838 (net)                                    1         0.00                0.00       0.73 f
  U510/Y (XOR2_X2M_A6P5PP140ZTS_C35)                                0.02      0.03       0.76 f
  n839 (net)                                    1         0.00                0.00       0.76 f
  U620/Y (NAND2_X2M_A6P5PP140ZTS_C35)                               0.02      0.02       0.78 r
  n969 (net)                                    2         0.00                0.00       0.78 r
  U541/Y (INV_X1M_A6P5PP140ZTS_C35)                                 0.01      0.01       0.79 f
  n845 (net)                                    1         0.00                0.00       0.79 f
  U435/Y (OAI22_X1M_A6P5PP140ZTS_C35)                               0.03      0.02       0.81 r
  n847 (net)                                    1         0.00                0.00       0.81 r
  U446/Y (OAI2XB1_X1M_A6P5PP140ZTS_C35)                             0.02      0.02       0.83 f
  n946 (net)                                    1         0.00                0.00       0.83 f
  U123/Y (INV_X2M_A6P5PP140ZTS_C35)                                 0.01      0.02       0.84 r
  n257 (net)                                    1         0.00                0.00       0.84 r
  U680/Y (NOR3_X2TA_A6P5PP140ZTS_C35)                               0.02      0.01       0.86 f
  n254 (net)                                    1         0.00                0.00       0.86 f
  U129/Y (XNOR2_X2M_A6P5PP140ZTS_C35)                               0.02      0.03       0.88 f
  n1003 (net)                                   1         0.00                0.00       0.88 f
  U401/Y (NAND2_X1M_A6P5PP140ZTS_C35)                               0.02      0.02       0.90 r
  n1007 (net)                                   1         0.00                0.00       0.90 r
  U495/Y (NAND3_X1TA_A6P5PP140ZTS_C35)                              0.02      0.01       0.91 f
  u_dut/z_comb[6] (net)                         1         0.00                0.00       0.91 f
  u_dut/z_o_reg[6]/D (DFFRPQA_X1M_A6P5PP140ZTS_C35)                 0.02      0.00       0.91 f
  data arrival time                                                                      0.91

  clock clk (rise edge)                                                       1.00       1.00
  clock network delay (ideal)                                                 0.00       1.00
  clock uncertainty                                                          -0.05       0.95
  u_dut/z_o_reg[6]/CK (DFFRPQA_X1M_A6P5PP140ZTS_C35)                          0.00       0.95 r
  library setup time                                                         -0.04       0.91
  data required time                                                                     0.91
  ----------------------------------------------------------------------------------------------
  data required time                                                                     0.91
  data arrival time                                                                     -0.91
  ----------------------------------------------------------------------------------------------
  slack (MET)                                                                            0.00


  Startpoint: b_i[4] (input port clocked by clk)
  Endpoint: u_dut/z_o_reg[6]
            (rising edge-triggered flip-flop clocked by clk)
  Path Group: clk
  Path Type: max

  Des/Clust/Port     Wire Load Model       Library
  ------------------------------------------------
  char_top           Zero                  sc6p5mcpp140z_cln22ul_base_svt_c35_tt_typical_max_0p80v_25c

  Point                                       Fanout       Cap     Trans      Incr       Path
  ----------------------------------------------------------------------------------------------
  clock clk (rise edge)                                                       0.00       0.00
  clock network delay (ideal)                                                 0.00       0.00
  input external delay                                                        0.10       0.10 f
  b_i[4] (in)                                                       0.05      0.00       0.10 f
  b_i[4] (net)                                  8         0.01                0.00       0.10 f
  U617/Y (XOR2_X4M_A6P5PP140ZTS_C35)                                0.02      0.04       0.14 f
  n276 (net)                                    2         0.00                0.00       0.14 f
  U631/Y (NAND2_X1TA_A6P5PP140ZTS_C35)                              0.03      0.02       0.16 r
  n322 (net)                                    3         0.00                0.00       0.16 r
  U635/Y (INV_X1M_A6P5PP140ZTS_C35)                                 0.01      0.01       0.17 f
  n277 (net)                                    1         0.00                0.00       0.17 f
  U722/Y (AOI21_X2M_A6P5PP140ZTS_C35)                               0.02      0.02       0.19 r
  n280 (net)                                    1         0.00                0.00       0.19 r
  U384/Y (OAI21_X2M_A6P5PP140ZTS_C35)                               0.01      0.02       0.21 f
  n285 (net)                                    1         0.00                0.00       0.21 f
  U330/Y (OAI21_X2M_A6P5PP140ZTS_C35)                               0.02      0.01       0.22 r
  n150 (net)                                    1         0.00                0.00       0.22 r
  U534/Y (NAND2_X3M_A6P5PP140ZTS_C35)                               0.02      0.02       0.24 f
  n326 (net)                                    3         0.00                0.00       0.24 f
  U267/Y (NAND2_X4M_A6P5PP140ZTS_C35)                               0.02      0.02       0.26 r
  n340 (net)                                    2         0.00                0.00       0.26 r
  U492/Y (NOR2_X4TA_A6P5PP140ZTS_C35)                               0.02      0.01       0.27 f
  n204 (net)                                    7         0.00                0.00       0.27 f
  U437/Y (NAND2_X1M_A6P5PP140ZTS_C35)                               0.02      0.02       0.29 r
  n107 (net)                                    1         0.00                0.00       0.29 r
  U424/Y (OAI21_X2M_A6P5PP140ZTS_C35)                               0.02      0.02       0.31 f
  n403 (net)                                    1         0.00                0.00       0.31 f
  U792/Y (MXIT2_X3M_A6P5PP140ZTS_C35)                               0.03      0.02       0.33 r
  n414 (net)                                    2         0.00                0.00       0.33 r
  U793/Y (MXIT2_X3M_A6P5PP140ZTS_C35)                               0.02      0.02       0.35 f
  n454 (net)                                    2         0.00                0.00       0.35 f
  U70/Y (NOR2_X3A_A6P5PP140ZTS_C35)                                 0.03      0.02       0.37 r
  n200 (net)                                    2         0.00                0.00       0.37 r
  U624/Y (OAI21_X2M_A6P5PP140ZTS_C35)                               0.02      0.02       0.39 f
  n198 (net)                                    1         0.00                0.00       0.39 f
  U622/Y (NAND2_X2M_A6P5PP140ZTS_C35)                               0.02      0.02       0.41 r
  n707 (net)                                    3         0.00                0.00       0.41 r
  U297/Y (NOR2_X3A_A6P5PP140ZTS_C35)                                0.02      0.01       0.42 f
  n547 (net)                                    4         0.00                0.00       0.42 f
  U444/Y (NOR2_X1P4TA_A6P5PP140ZTS_C35)                             0.02      0.02       0.44 r
  n534 (net)                                    3         0.00                0.00       0.44 r
  U630/Y (NAND2_X2M_A6P5PP140ZTS_C35)                               0.02      0.02       0.46 f
  n578 (net)                                    4         0.00                0.00       0.46 f
  U304/Y (NOR2_X1A_A6P5PP140ZTS_C35)                                0.03      0.03       0.49 r
  n60 (net)                                     1         0.00                0.00       0.49 r
  U303/Y (AOI21_X3M_A6P5PP140ZTS_C35)                               0.02      0.02       0.51 f
  n202 (net)                                    1         0.00                0.00       0.51 f
  U540/Y (XNOR2_X4M_A6P5PP140ZTS_C35)                               0.03      0.03       0.54 f
  n745 (net)                                    3         0.00                0.00       0.54 f
  U419/Y (XOR2_X4M_A6P5PP140ZTS_C35)                                0.03      0.04       0.58 f
  u_dut/u_dw_fp_mac/ULSD/a_int[10] (net)        2         0.00                0.00       0.58 f
  U568/Y (NOR2_X6A_A6P5PP140ZTS_C35)                                0.02      0.02       0.60 r
  n1069 (net)                                   3         0.00                0.00       0.60 r
  U169/Y (INV_X3M_A6P5PP140ZTS_C35)                                 0.01      0.01       0.61 f
  n564 (net)                                    1         0.00                0.00       0.61 f
  U284/Y (OAI21_X3M_A6P5PP140ZTS_C35)                               0.03      0.02       0.63 r
  u_dut/u_dw_fp_mac/ULSD/U1/enc_tree[1][2][12] (net)
                                                2         0.00                0.00       0.63 r
  U203/Y (NOR2_X6A_A6P5PP140ZTS_C35)                                0.02      0.02       0.65 f
  u_dut/u_dw_fp_mac/lzdout[1] (net)             6         0.01                0.00       0.65 f
  U467/Y (INV_X2P5M_A6P5PP140ZTS_C35)                               0.01      0.01       0.66 r
  n828 (net)                                    2         0.00                0.00       0.66 r
  U1046/Y (NAND2_X1M_A6P5PP140ZTS_C35)                              0.02      0.01       0.67 f
  n830 (net)                                    1         0.00                0.00       0.67 f
  U296/Y (NAND2_X1P4TA_A6P5PP140ZTS_C35)                            0.02      0.02       0.69 r
  n831 (net)                                    2         0.00                0.00       0.69 r
  U295/Y (NOR2_X3TA_A6P5PP140ZTS_C35)                               0.02      0.01       0.70 f
  n971 (net)                                    2         0.00                0.00       0.70 f
  U621/Y (INV_X1M_A6P5PP140ZTS_C35)                                 0.02      0.02       0.72 r
  n833 (net)                                    2         0.00                0.00       0.72 r
  U448/Y (NAND2_X1M_A6P5PP140ZTS_C35)                               0.02      0.02       0.73 f
  n838 (net)                                    1         0.00                0.00       0.73 f
  U510/Y (XOR2_X2M_A6P5PP140ZTS_C35)                                0.02      0.03       0.76 f
  n839 (net)                                    1         0.00                0.00       0.76 f
  U620/Y (NAND2_X2M_A6P5PP140ZTS_C35)                               0.02      0.02       0.78 r
  n969 (net)                                    2         0.00                0.00       0.78 r
  U541/Y (INV_X1M_A6P5PP140ZTS_C35)                                 0.01      0.01       0.79 f
  n845 (net)                                    1         0.00                0.00       0.79 f
  U435/Y (OAI22_X1M_A6P5PP140ZTS_C35)                               0.03      0.02       0.81 r
  n847 (net)                                    1         0.00                0.00       0.81 r
  U446/Y (OAI2XB1_X1M_A6P5PP140ZTS_C35)                             0.02      0.02       0.83 f
  n946 (net)                                    1         0.00                0.00       0.83 f
  U123/Y (INV_X2M_A6P5PP140ZTS_C35)                                 0.01      0.02       0.84 r
  n257 (net)                                    1         0.00                0.00       0.84 r
  U680/Y (NOR3_X2TA_A6P5PP140ZTS_C35)                               0.02      0.01       0.86 f
  n254 (net)                                    1         0.00                0.00       0.86 f
  U129/Y (XNOR2_X2M_A6P5PP140ZTS_C35)                               0.02      0.03       0.88 f
  n1003 (net)                                   1         0.00                0.00       0.88 f
  U401/Y (NAND2_X1M_A6P5PP140ZTS_C35)                               0.02      0.02       0.90 r
  n1007 (net)                                   1         0.00                0.00       0.90 r
  U495/Y (NAND3_X1TA_A6P5PP140ZTS_C35)                              0.02      0.01       0.91 f
  u_dut/z_comb[6] (net)                         1         0.00                0.00       0.91 f
  u_dut/z_o_reg[6]/D (DFFRPQA_X1M_A6P5PP140ZTS_C35)                 0.02      0.00       0.91 f
  data arrival time                                                                      0.91

  clock clk (rise edge)                                                       1.00       1.00
  clock network delay (ideal)                                                 0.00       1.00
  clock uncertainty                                                          -0.05       0.95
  u_dut/z_o_reg[6]/CK (DFFRPQA_X1M_A6P5PP140ZTS_C35)                          0.00       0.95 r
  library setup time                                                         -0.04       0.91
  data required time                                                                     0.91
  ----------------------------------------------------------------------------------------------
  data required time                                                                     0.91
  data arrival time                                                                     -0.91
  ----------------------------------------------------------------------------------------------
  slack (MET)                                                                            0.00


  Startpoint: b_i[4] (input port clocked by clk)
  Endpoint: u_dut/z_o_reg[6]
            (rising edge-triggered flip-flop clocked by clk)
  Path Group: clk
  Path Type: max

  Des/Clust/Port     Wire Load Model       Library
  ------------------------------------------------
  char_top           Zero                  sc6p5mcpp140z_cln22ul_base_svt_c35_tt_typical_max_0p80v_25c

  Point                                       Fanout       Cap     Trans      Incr       Path
  ----------------------------------------------------------------------------------------------
  clock clk (rise edge)                                                       0.00       0.00
  clock network delay (ideal)                                                 0.00       0.00
  input external delay                                                        0.10       0.10 f
  b_i[4] (in)                                                       0.05      0.00       0.10 f
  b_i[4] (net)                                  8         0.01                0.00       0.10 f
  U617/Y (XOR2_X4M_A6P5PP140ZTS_C35)                                0.02      0.04       0.14 f
  n276 (net)                                    2         0.00                0.00       0.14 f
  U631/Y (NAND2_X1TA_A6P5PP140ZTS_C35)                              0.03      0.02       0.16 r
  n322 (net)                                    3         0.00                0.00       0.16 r
  U635/Y (INV_X1M_A6P5PP140ZTS_C35)                                 0.01      0.01       0.17 f
  n277 (net)                                    1         0.00                0.00       0.17 f
  U722/Y (AOI21_X2M_A6P5PP140ZTS_C35)                               0.02      0.02       0.19 r
  n280 (net)                                    1         0.00                0.00       0.19 r
  U384/Y (OAI21_X2M_A6P5PP140ZTS_C35)                               0.01      0.02       0.21 f
  n285 (net)                                    1         0.00                0.00       0.21 f
  U330/Y (OAI21_X2M_A6P5PP140ZTS_C35)                               0.02      0.01       0.22 r
  n150 (net)                                    1         0.00                0.00       0.22 r
  U534/Y (NAND2_X3M_A6P5PP140ZTS_C35)                               0.02      0.02       0.24 f
  n326 (net)                                    3         0.00                0.00       0.24 f
  U267/Y (NAND2_X4M_A6P5PP140ZTS_C35)                               0.02      0.02       0.26 r
  n340 (net)                                    2         0.00                0.00       0.26 r
  U492/Y (NOR2_X4TA_A6P5PP140ZTS_C35)                               0.02      0.01       0.27 f
  n204 (net)                                    7         0.00                0.00       0.27 f
  U187/Y (INV_X5M_A6P5PP140ZTS_C35)                                 0.02      0.02       0.29 r
  n788 (net)                                    6         0.01                0.00       0.29 r
  U543/Y (NAND2_X2A_A6P5PP140ZTS_C35)                               0.02      0.02       0.30 f
  n402 (net)                                    1         0.00                0.00       0.30 f
  U792/Y (MXIT2_X3M_A6P5PP140ZTS_C35)                               0.03      0.02       0.33 r
  n414 (net)                                    2         0.00                0.00       0.33 r
  U793/Y (MXIT2_X3M_A6P5PP140ZTS_C35)                               0.02      0.02       0.35 f
  n454 (net)                                    2         0.00                0.00       0.35 f
  U70/Y (NOR2_X3A_A6P5PP140ZTS_C35)                                 0.03      0.02       0.37 r
  n200 (net)                                    2         0.00                0.00       0.37 r
  U624/Y (OAI21_X2M_A6P5PP140ZTS_C35)                               0.02      0.02       0.39 f
  n198 (net)                                    1         0.00                0.00       0.39 f
  U622/Y (NAND2_X2M_A6P5PP140ZTS_C35)                               0.02      0.02       0.41 r
  n707 (net)                                    3         0.00                0.00       0.41 r
  U297/Y (NOR2_X3A_A6P5PP140ZTS_C35)                                0.02      0.01       0.42 f
  n547 (net)                                    4         0.00                0.00       0.42 f
  U444/Y (NOR2_X1P4TA_A6P5PP140ZTS_C35)                             0.02      0.02       0.44 r
  n534 (net)                                    3         0.00                0.00       0.44 r
  U630/Y (NAND2_X2M_A6P5PP140ZTS_C35)                               0.02      0.02       0.46 f
  n578 (net)                                    4         0.00                0.00       0.46 f
  U304/Y (NOR2_X1A_A6P5PP140ZTS_C35)                                0.03      0.03       0.49 r
  n60 (net)                                     1         0.00                0.00       0.49 r
  U303/Y (AOI21_X3M_A6P5PP140ZTS_C35)                               0.02      0.02       0.51 f
  n202 (net)                                    1         0.00                0.00       0.51 f
  U540/Y (XNOR2_X4M_A6P5PP140ZTS_C35)                               0.03      0.03       0.54 f
  n745 (net)                                    3         0.00                0.00       0.54 f
  U419/Y (XOR2_X4M_A6P5PP140ZTS_C35)                                0.03      0.04       0.58 f
  u_dut/u_dw_fp_mac/ULSD/a_int[10] (net)        2         0.00                0.00       0.58 f
  U568/Y (NOR2_X6A_A6P5PP140ZTS_C35)                                0.02      0.02       0.60 r
  n1069 (net)                                   3         0.00                0.00       0.60 r
  U169/Y (INV_X3M_A6P5PP140ZTS_C35)                                 0.01      0.01       0.61 f
  n564 (net)                                    1         0.00                0.00       0.61 f
  U284/Y (OAI21_X3M_A6P5PP140ZTS_C35)                               0.03      0.02       0.63 r
  u_dut/u_dw_fp_mac/ULSD/U1/enc_tree[1][2][12] (net)
                                                2         0.00                0.00       0.63 r
  U203/Y (NOR2_X6A_A6P5PP140ZTS_C35)                                0.02      0.02       0.65 f
  u_dut/u_dw_fp_mac/lzdout[1] (net)             6         0.01                0.00       0.65 f
  U467/Y (INV_X2P5M_A6P5PP140ZTS_C35)                               0.01      0.01       0.66 r
  n828 (net)                                    2         0.00                0.00       0.66 r
  U1046/Y (NAND2_X1M_A6P5PP140ZTS_C35)                              0.02      0.01       0.67 f
  n830 (net)                                    1         0.00                0.00       0.67 f
  U296/Y (NAND2_X1P4TA_A6P5PP140ZTS_C35)                            0.02      0.02       0.69 r
  n831 (net)                                    2         0.00                0.00       0.69 r
  U295/Y (NOR2_X3TA_A6P5PP140ZTS_C35)                               0.02      0.01       0.70 f
  n971 (net)                                    2         0.00                0.00       0.70 f
  U621/Y (INV_X1M_A6P5PP140ZTS_C35)                                 0.02      0.02       0.72 r
  n833 (net)                                    2         0.00                0.00       0.72 r
  U448/Y (NAND2_X1M_A6P5PP140ZTS_C35)                               0.02      0.02       0.73 f
  n838 (net)                                    1         0.00                0.00       0.73 f
  U510/Y (XOR2_X2M_A6P5PP140ZTS_C35)                                0.02      0.03       0.76 f
  n839 (net)                                    1         0.00                0.00       0.76 f
  U620/Y (NAND2_X2M_A6P5PP140ZTS_C35)                               0.02      0.02       0.78 r
  n969 (net)                                    2         0.00                0.00       0.78 r
  U541/Y (INV_X1M_A6P5PP140ZTS_C35)                                 0.01      0.01       0.79 f
  n845 (net)                                    1         0.00                0.00       0.79 f
  U435/Y (OAI22_X1M_A6P5PP140ZTS_C35)                               0.03      0.02       0.81 r
  n847 (net)                                    1         0.00                0.00       0.81 r
  U446/Y (OAI2XB1_X1M_A6P5PP140ZTS_C35)                             0.02      0.02       0.83 f
  n946 (net)                                    1         0.00                0.00       0.83 f
  U123/Y (INV_X2M_A6P5PP140ZTS_C35)                                 0.01      0.02       0.84 r
  n257 (net)                                    1         0.00                0.00       0.84 r
  U680/Y (NOR3_X2TA_A6P5PP140ZTS_C35)                               0.02      0.01       0.86 f
  n254 (net)                                    1         0.00                0.00       0.86 f
  U129/Y (XNOR2_X2M_A6P5PP140ZTS_C35)                               0.02      0.03       0.88 f
  n1003 (net)                                   1         0.00                0.00       0.88 f
  U401/Y (NAND2_X1M_A6P5PP140ZTS_C35)                               0.02      0.02       0.90 r
  n1007 (net)                                   1         0.00                0.00       0.90 r
  U495/Y (NAND3_X1TA_A6P5PP140ZTS_C35)                              0.02      0.01       0.91 f
  u_dut/z_comb[6] (net)                         1         0.00                0.00       0.91 f
  u_dut/z_o_reg[6]/D (DFFRPQA_X1M_A6P5PP140ZTS_C35)                 0.02      0.00       0.91 f
  data arrival time                                                                      0.91

  clock clk (rise edge)                                                       1.00       1.00
  clock network delay (ideal)                                                 0.00       1.00
  clock uncertainty                                                          -0.05       0.95
  u_dut/z_o_reg[6]/CK (DFFRPQA_X1M_A6P5PP140ZTS_C35)                          0.00       0.95 r
  library setup time                                                         -0.04       0.91
  data required time                                                                     0.91
  ----------------------------------------------------------------------------------------------
  data required time                                                                     0.91
  data arrival time                                                                     -0.91
  ----------------------------------------------------------------------------------------------
  slack (MET)                                                                            0.00


  Startpoint: b_i[4] (input port clocked by clk)
  Endpoint: u_dut/z_o_reg[6]
            (rising edge-triggered flip-flop clocked by clk)
  Path Group: clk
  Path Type: max

  Des/Clust/Port     Wire Load Model       Library
  ------------------------------------------------
  char_top           Zero                  sc6p5mcpp140z_cln22ul_base_svt_c35_tt_typical_max_0p80v_25c

  Point                                       Fanout       Cap     Trans      Incr       Path
  ----------------------------------------------------------------------------------------------
  clock clk (rise edge)                                                       0.00       0.00
  clock network delay (ideal)                                                 0.00       0.00
  input external delay                                                        0.10       0.10 f
  b_i[4] (in)                                                       0.05      0.00       0.10 f
  b_i[4] (net)                                  8         0.01                0.00       0.10 f
  U617/Y (XOR2_X4M_A6P5PP140ZTS_C35)                                0.02      0.04       0.14 f
  n276 (net)                                    2         0.00                0.00       0.14 f
  U631/Y (NAND2_X1TA_A6P5PP140ZTS_C35)                              0.03      0.02       0.16 r
  n322 (net)                                    3         0.00                0.00       0.16 r
  U635/Y (INV_X1M_A6P5PP140ZTS_C35)                                 0.01      0.01       0.17 f
  n277 (net)                                    1         0.00                0.00       0.17 f
  U722/Y (AOI21_X2M_A6P5PP140ZTS_C35)                               0.02      0.02       0.19 r
  n280 (net)                                    1         0.00                0.00       0.19 r
  U384/Y (OAI21_X2M_A6P5PP140ZTS_C35)                               0.01      0.02       0.21 f
  n285 (net)                                    1         0.00                0.00       0.21 f
  U330/Y (OAI21_X2M_A6P5PP140ZTS_C35)                               0.02      0.01       0.22 r
  n150 (net)                                    1         0.00                0.00       0.22 r
  U534/Y (NAND2_X3M_A6P5PP140ZTS_C35)                               0.02      0.02       0.24 f
  n326 (net)                                    3         0.00                0.00       0.24 f
  U267/Y (NAND2_X4M_A6P5PP140ZTS_C35)                               0.02      0.02       0.26 r
  n340 (net)                                    2         0.00                0.00       0.26 r
  U492/Y (NOR2_X4TA_A6P5PP140ZTS_C35)                               0.02      0.01       0.27 f
  n204 (net)                                    7         0.00                0.00       0.27 f
  U187/Y (INV_X5M_A6P5PP140ZTS_C35)                                 0.02      0.02       0.29 r
  n788 (net)                                    6         0.01                0.00       0.29 r
  U543/Y (NAND2_X2A_A6P5PP140ZTS_C35)                               0.02      0.02       0.30 f
  n402 (net)                                    1         0.00                0.00       0.30 f
  U792/Y (MXIT2_X3M_A6P5PP140ZTS_C35)                               0.03      0.02       0.33 r
  n414 (net)                                    2         0.00                0.00       0.33 r
  U793/Y (MXIT2_X3M_A6P5PP140ZTS_C35)                               0.02      0.02       0.35 f
  n454 (net)                                    2         0.00                0.00       0.35 f
  U70/Y (NOR2_X3A_A6P5PP140ZTS_C35)                                 0.03      0.02       0.37 r
  n200 (net)                                    2         0.00                0.00       0.37 r
  U624/Y (OAI21_X2M_A6P5PP140ZTS_C35)                               0.02      0.02       0.39 f
  n198 (net)                                    1         0.00                0.00       0.39 f
  U622/Y (NAND2_X2M_A6P5PP140ZTS_C35)                               0.02      0.02       0.41 r
  n707 (net)                                    3         0.00                0.00       0.41 r
  U297/Y (NOR2_X3A_A6P5PP140ZTS_C35)                                0.02      0.01       0.42 f
  n547 (net)                                    4         0.00                0.00       0.42 f
  U444/Y (NOR2_X1P4TA_A6P5PP140ZTS_C35)                             0.02      0.02       0.44 r
  n534 (net)                                    3         0.00                0.00       0.44 r
  U630/Y (NAND2_X2M_A6P5PP140ZTS_C35)                               0.02      0.02       0.46 f
  n578 (net)                                    4         0.00                0.00       0.46 f
  U304/Y (NOR2_X1A_A6P5PP140ZTS_C35)                                0.03      0.03       0.49 r
  n60 (net)                                     1         0.00                0.00       0.49 r
  U303/Y (AOI21_X3M_A6P5PP140ZTS_C35)                               0.02      0.02       0.51 f
  n202 (net)                                    1         0.00                0.00       0.51 f
  U540/Y (XNOR2_X4M_A6P5PP140ZTS_C35)                               0.03      0.03       0.54 f
  n745 (net)                                    3         0.00                0.00       0.54 f
  U419/Y (XOR2_X4M_A6P5PP140ZTS_C35)                                0.03      0.04       0.58 f
  u_dut/u_dw_fp_mac/ULSD/a_int[10] (net)        2         0.00                0.00       0.58 f
  U568/Y (NOR2_X6A_A6P5PP140ZTS_C35)                                0.02      0.02       0.60 r
  n1069 (net)                                   3         0.00                0.00       0.60 r
  U169/Y (INV_X3M_A6P5PP140ZTS_C35)                                 0.01      0.01       0.61 f
  n564 (net)                                    1         0.00                0.00       0.61 f
  U284/Y (OAI21_X3M_A6P5PP140ZTS_C35)                               0.03      0.02       0.63 r
  u_dut/u_dw_fp_mac/ULSD/U1/enc_tree[1][2][12] (net)
                                                2         0.00                0.00       0.63 r
  U203/Y (NOR2_X6A_A6P5PP140ZTS_C35)                                0.02      0.02       0.65 f
  u_dut/u_dw_fp_mac/lzdout[1] (net)             6         0.01                0.00       0.65 f
  U467/Y (INV_X2P5M_A6P5PP140ZTS_C35)                               0.01      0.01       0.66 r
  n828 (net)                                    2         0.00                0.00       0.66 r
  U1046/Y (NAND2_X1M_A6P5PP140ZTS_C35)                              0.02      0.01       0.67 f
  n830 (net)                                    1         0.00                0.00       0.67 f
  U296/Y (NAND2_X1P4TA_A6P5PP140ZTS_C35)                            0.02      0.02       0.69 r
  n831 (net)                                    2         0.00                0.00       0.69 r
  U295/Y (NOR2_X3TA_A6P5PP140ZTS_C35)                               0.02      0.01       0.70 f
  n971 (net)                                    2         0.00                0.00       0.70 f
  U621/Y (INV_X1M_A6P5PP140ZTS_C35)                                 0.02      0.02       0.72 r
  n833 (net)                                    2         0.00                0.00       0.72 r
  U448/Y (NAND2_X1M_A6P5PP140ZTS_C35)                               0.02      0.02       0.73 f
  n838 (net)                                    1         0.00                0.00       0.73 f
  U510/Y (XOR2_X2M_A6P5PP140ZTS_C35)                                0.02      0.03       0.76 f
  n839 (net)                                    1         0.00                0.00       0.76 f
  U620/Y (NAND2_X2M_A6P5PP140ZTS_C35)                               0.02      0.02       0.78 r
  n969 (net)                                    2         0.00                0.00       0.78 r
  U541/Y (INV_X1M_A6P5PP140ZTS_C35)                                 0.01      0.01       0.79 f
  n845 (net)                                    1         0.00                0.00       0.79 f
  U435/Y (OAI22_X1M_A6P5PP140ZTS_C35)                               0.03      0.02       0.81 r
  n847 (net)                                    1         0.00                0.00       0.81 r
  U446/Y (OAI2XB1_X1M_A6P5PP140ZTS_C35)                             0.02      0.02       0.83 f
  n946 (net)                                    1         0.00                0.00       0.83 f
  U123/Y (INV_X2M_A6P5PP140ZTS_C35)                                 0.01      0.02       0.84 r
  n257 (net)                                    1         0.00                0.00       0.84 r
  U680/Y (NOR3_X2TA_A6P5PP140ZTS_C35)                               0.02      0.01       0.86 f
  n254 (net)                                    1         0.00                0.00       0.86 f
  U129/Y (XNOR2_X2M_A6P5PP140ZTS_C35)                               0.02      0.03       0.88 f
  n1003 (net)                                   1         0.00                0.00       0.88 f
  U401/Y (NAND2_X1M_A6P5PP140ZTS_C35)                               0.02      0.02       0.90 r
  n1007 (net)                                   1         0.00                0.00       0.90 r
  U495/Y (NAND3_X1TA_A6P5PP140ZTS_C35)                              0.02      0.01       0.91 f
  u_dut/z_comb[6] (net)                         1         0.00                0.00       0.91 f
  u_dut/z_o_reg[6]/D (DFFRPQA_X1M_A6P5PP140ZTS_C35)                 0.02      0.00       0.91 f
  data arrival time                                                                      0.91

  clock clk (rise edge)                                                       1.00       1.00
  clock network delay (ideal)                                                 0.00       1.00
  clock uncertainty                                                          -0.05       0.95
  u_dut/z_o_reg[6]/CK (DFFRPQA_X1M_A6P5PP140ZTS_C35)                          0.00       0.95 r
  library setup time                                                         -0.04       0.91
  data required time                                                                     0.91
  ----------------------------------------------------------------------------------------------
  data required time                                                                     0.91
  data arrival time                                                                     -0.91
  ----------------------------------------------------------------------------------------------
  slack (MET)                                                                            0.00


  Startpoint: b_i[6] (input port clocked by clk)
  Endpoint: u_dut/status_o_reg[1]
            (rising edge-triggered flip-flop clocked by clk)
  Path Group: clk
  Path Type: max

  Des/Clust/Port     Wire Load Model       Library
  ------------------------------------------------
  char_top           Zero                  sc6p5mcpp140z_cln22ul_base_svt_c35_tt_typical_max_0p80v_25c

  Point                                       Fanout       Cap     Trans      Incr       Path
  ----------------------------------------------------------------------------------------------
  clock clk (rise edge)                                                       0.00       0.00
  clock network delay (ideal)                                                 0.00       0.00
  input external delay                                                        0.10       0.10 r
  b_i[6] (in)                                                       0.05      0.00       0.10 r
  b_i[6] (net)                                  8         0.01                0.00       0.10 r
  U473/Y (XNOR2_X4M_A6P5PP140ZTS_C35)                               0.04      0.04       0.14 r
  n979 (net)                                    3         0.00                0.00       0.14 r
  U479/Y (NAND2_X3M_A6P5PP140ZTS_C35)                               0.02      0.02       0.16 f
  n319 (net)                                    1         0.00                0.00       0.16 f
  U408/Y (NAND2_X3M_A6P5PP140ZTS_C35)                               0.02      0.02       0.17 r
  n320 (net)                                    2         0.00                0.00       0.17 r
  U88/Y (NOR2_X4A_A6P5PP140ZTS_C35)                                 0.02      0.01       0.18 f
  n128 (net)                                    2         0.00                0.00       0.18 f
  U377/Y (NOR2_X3A_A6P5PP140ZTS_C35)                                0.01      0.01       0.20 r
  n84 (net)                                     1         0.00                0.00       0.20 r
  U149/Y (INV_X2P5M_A6P5PP140ZTS_C35)                               0.01      0.01       0.21 f
  n29 (net)                                     1         0.00                0.00       0.21 f
  U194/Y (NOR2_X3TA_A6P5PP140ZTS_C35)                               0.02      0.02       0.22 r
  n262 (net)                                    1         0.00                0.00       0.22 r
  U649/Y (NOR2_X8TA_A6P5PP140ZTS_C35)                               0.03      0.02       0.24 f
  n786 (net)                                   12         0.01                0.00       0.24 f
  U250/Y (NAND2_X4M_A6P5PP140ZTS_C35)                               0.02      0.02       0.26 r
  n421 (net)                                   10         0.00                0.00       0.26 r
  U788/Y (MXIT2_X1M_A6P5PP140ZTS_C35)                               0.03      0.02       0.28 f
  n395 (net)                                    1         0.00                0.00       0.28 f
  U789/Y (OR2_X1M_A6P5PP140ZTS_C35)                                 0.01      0.03       0.32 f
  n396 (net)                                    2         0.00                0.00       0.32 f
  U790/Y (NOR2_X1A_A6P5PP140ZTS_C35)                                0.02      0.02       0.33 r
  n613 (net)                                    1         0.00                0.00       0.33 r
  U911/Y (INV_X1M_A6P5PP140ZTS_C35)                                 0.01      0.01       0.34 f
  n615 (net)                                    2         0.00                0.00       0.34 f
  U74/Y (NAND2_X1M_A6P5PP140ZTS_C35)                                0.02      0.02       0.36 r
  n95 (net)                                     1         0.00                0.00       0.36 r
  U278/Y (OAI21_X3M_A6P5PP140ZTS_C35)                               0.02      0.02       0.38 f
  n612 (net)                                    2         0.00                0.00       0.38 f
  U276/Y (AOI21_X3M_A6P5PP140ZTS_C35)                               0.02      0.03       0.41 r
  n609 (net)                                    2         0.00                0.00       0.41 r
  U272/Y (OAI21_X3M_A6P5PP140ZTS_C35)                               0.02      0.02       0.42 f
  n513 (net)                                    2         0.00                0.00       0.42 f
  U402/Y (NAND2_X3M_A6P5PP140ZTS_C35)                               0.02      0.02       0.44 r
  n248 (net)                                    1         0.00                0.00       0.44 r
  U489/Y (NAND2_X8M_A6P5PP140ZTS_C35)                               0.02      0.01       0.45 f
  n507 (net)                                    4         0.00                0.00       0.45 f
  U500/Y (NAND2_X6M_A6P5PP140ZTS_C35)                               0.01      0.02       0.47 r
  n239 (net)                                    2         0.00                0.00       0.47 r
  U484/Y (NAND2_X8M_A6P5PP140ZTS_C35)                               0.02      0.02       0.49 f
  n585 (net)                                    8         0.01                0.00       0.49 f
  U652/Y (AOI21_X3M_A6P5PP140ZTS_C35)                               0.02      0.03       0.51 r
  n562 (net)                                    1         0.00                0.00       0.51 r
  U538/Y (XNOR2_X4M_A6P5PP140ZTS_C35)                               0.03      0.03       0.54 r
  n1065 (net)                                   3         0.00                0.00       0.54 r
  U1165/Y (INV_X1M_A6P5PP140ZTS_C35)                                0.02      0.02       0.56 f
  n1066 (net)                                   1         0.00                0.00       0.56 f
  U418/Y (XNOR2_X4M_A6P5PP140ZTS_C35)                               0.02      0.03       0.58 f
  n99 (net)                                     1         0.00                0.00       0.58 f
  U417/Y (AOI21_X3M_A6P5PP140ZTS_C35)                               0.03      0.02       0.61 r
  u_dut/u_dw_fp_mac/ULSD/U1/enc_tree[0][1][14] (net)
                                                1         0.00                0.00       0.61 r
  U570/Y (NAND2_X3TA_A6P5PP140ZTS_C35)                              0.02      0.02       0.62 f
  n598 (net)                                    1         0.00                0.00       0.62 f
  U897/Y (NOR2_X8TA_A6P5PP140ZTS_C35)                               0.04      0.03       0.65 r
  n994 (net)                                   22         0.02                0.00       0.65 r
  U558/Y (NOR2_X6A_A6P5PP140ZTS_C35)                                0.02      0.02       0.67 f
  n936 (net)                                    5         0.00                0.00       0.67 f
  U709/Y (AND2_X1M_A6P5PP140ZTS_C35)                                0.01      0.02       0.69 f
  n274 (net)                                    1         0.00                0.00       0.69 f
  U38/Y (NOR2_X1A_A6P5PP140ZTS_C35)                                 0.02      0.01       0.71 r
  n785 (net)                                    1         0.00                0.00       0.71 r
  U665/Y (AND2_X1M_A6P5PP140ZTS_C35)                                0.01      0.02       0.73 r
  n229 (net)                                    1         0.00                0.00       0.73 r
  U22/Y (NAND3_X2M_A6P5PP140ZTS_C35)                                0.02      0.02       0.75 f
  n1026 (net)                                   2         0.00                0.00       0.75 f
  U319/Y (NOR2_X2A_A6P5PP140ZTS_C35)                                0.03      0.03       0.78 r
  n1071 (net)                                   3         0.00                0.00       0.78 r
  U560/Y (INV_X1M_A6P5PP140ZTS_C35)                                 0.02      0.02       0.80 f
  n1059 (net)                                   2         0.00                0.00       0.80 f
  U673/Y (INV_X1M_A6P5PP140ZTS_C35)                                 0.02      0.02       0.82 r
  n243 (net)                                    2         0.00                0.00       0.82 r
  U1166/Y (XNOR2_X0P5M_A6P5PP140ZTS_C35)                            0.02      0.03       0.85 r
  n1076 (net)                                   1         0.00                0.00       0.85 r
  U321/Y (NAND4_X1A_A6P5PP140ZTS_C35)                               0.04      0.03       0.88 f
  n1165 (net)                                   2         0.00                0.00       0.88 f
  U693/Y (OAI21_X0P5M_A6P5PP140ZTS_C35)                             0.03      0.03       0.91 r
  u_dut/status_comb[1] (net)                    1         0.00                0.00       0.91 r
  u_dut/status_o_reg[1]/D (DFFRPQA_X1M_A6P5PP140ZTS_C35)            0.03      0.00       0.91 r
  data arrival time                                                                      0.91

  clock clk (rise edge)                                                       1.00       1.00
  clock network delay (ideal)                                                 0.00       1.00
  clock uncertainty                                                          -0.05       0.95
  u_dut/status_o_reg[1]/CK (DFFRPQA_X1M_A6P5PP140ZTS_C35)                     0.00       0.95 r
  library setup time                                                         -0.04       0.91
  data required time                                                                     0.91
  ----------------------------------------------------------------------------------------------
  data required time                                                                     0.91
  data arrival time                                                                     -0.91
  ----------------------------------------------------------------------------------------------
  slack (MET)                                                                            0.00


  Startpoint: b_i[6] (input port clocked by clk)
  Endpoint: u_dut/status_o_reg[1]
            (rising edge-triggered flip-flop clocked by clk)
  Path Group: clk
  Path Type: max

  Des/Clust/Port     Wire Load Model       Library
  ------------------------------------------------
  char_top           Zero                  sc6p5mcpp140z_cln22ul_base_svt_c35_tt_typical_max_0p80v_25c

  Point                                       Fanout       Cap     Trans      Incr       Path
  ----------------------------------------------------------------------------------------------
  clock clk (rise edge)                                                       0.00       0.00
  clock network delay (ideal)                                                 0.00       0.00
  input external delay                                                        0.10       0.10 r
  b_i[6] (in)                                                       0.05      0.00       0.10 r
  b_i[6] (net)                                  8         0.01                0.00       0.10 r
  U473/Y (XNOR2_X4M_A6P5PP140ZTS_C35)                               0.04      0.04       0.14 r
  n979 (net)                                    3         0.00                0.00       0.14 r
  U471/Y (XNOR2_X4M_A6P5PP140ZTS_C35)                               0.03      0.03       0.17 r
  n316 (net)                                    2         0.00                0.00       0.17 r
  U378/Y (NOR2_X3TA_A6P5PP140ZTS_C35)                               0.01      0.01       0.18 f
  n343 (net)                                    2         0.00                0.00       0.18 f
  U377/Y (NOR2_X3A_A6P5PP140ZTS_C35)                                0.01      0.02       0.20 r
  n84 (net)                                     1         0.00                0.00       0.20 r
  U149/Y (INV_X2P5M_A6P5PP140ZTS_C35)                               0.01      0.01       0.21 f
  n29 (net)                                     1         0.00                0.00       0.21 f
  U194/Y (NOR2_X3TA_A6P5PP140ZTS_C35)                               0.02      0.02       0.22 r
  n262 (net)                                    1         0.00                0.00       0.22 r
  U649/Y (NOR2_X8TA_A6P5PP140ZTS_C35)                               0.03      0.02       0.24 f
  n786 (net)                                   12         0.01                0.00       0.24 f
  U250/Y (NAND2_X4M_A6P5PP140ZTS_C35)                               0.02      0.02       0.26 r
  n421 (net)                                   10         0.00                0.00       0.26 r
  U788/Y (MXIT2_X1M_A6P5PP140ZTS_C35)                               0.03      0.02       0.28 f
  n395 (net)                                    1         0.00                0.00       0.28 f
  U789/Y (OR2_X1M_A6P5PP140ZTS_C35)                                 0.01      0.03       0.32 f
  n396 (net)                                    2         0.00                0.00       0.32 f
  U790/Y (NOR2_X1A_A6P5PP140ZTS_C35)                                0.02      0.02       0.33 r
  n613 (net)                                    1         0.00                0.00       0.33 r
  U911/Y (INV_X1M_A6P5PP140ZTS_C35)                                 0.01      0.01       0.34 f
  n615 (net)                                    2         0.00                0.00       0.34 f
  U74/Y (NAND2_X1M_A6P5PP140ZTS_C35)                                0.02      0.02       0.36 r
  n95 (net)                                     1         0.00                0.00       0.36 r
  U278/Y (OAI21_X3M_A6P5PP140ZTS_C35)                               0.02      0.02       0.38 f
  n612 (net)                                    2         0.00                0.00       0.38 f
  U276/Y (AOI21_X3M_A6P5PP140ZTS_C35)                               0.02      0.03       0.41 r
  n609 (net)                                    2         0.00                0.00       0.41 r
  U272/Y (OAI21_X3M_A6P5PP140ZTS_C35)                               0.02      0.02       0.42 f
  n513 (net)                                    2         0.00                0.00       0.42 f
  U402/Y (NAND2_X3M_A6P5PP140ZTS_C35)                               0.02      0.02       0.44 r
  n248 (net)                                    1         0.00                0.00       0.44 r
  U489/Y (NAND2_X8M_A6P5PP140ZTS_C35)                               0.02      0.01       0.45 f
  n507 (net)                                    4         0.00                0.00       0.45 f
  U500/Y (NAND2_X6M_A6P5PP140ZTS_C35)                               0.01      0.02       0.47 r
  n239 (net)                                    2         0.00                0.00       0.47 r
  U484/Y (NAND2_X8M_A6P5PP140ZTS_C35)                               0.02      0.02       0.49 f
  n585 (net)                                    8         0.01                0.00       0.49 f
  U652/Y (AOI21_X3M_A6P5PP140ZTS_C35)                               0.02      0.03       0.51 r
  n562 (net)                                    1         0.00                0.00       0.51 r
  U538/Y (XNOR2_X4M_A6P5PP140ZTS_C35)                               0.03      0.03       0.54 r
  n1065 (net)                                   3         0.00                0.00       0.54 r
  U1165/Y (INV_X1M_A6P5PP140ZTS_C35)                                0.02      0.02       0.56 f
  n1066 (net)                                   1         0.00                0.00       0.56 f
  U418/Y (XNOR2_X4M_A6P5PP140ZTS_C35)                               0.02      0.03       0.58 f
  n99 (net)                                     1         0.00                0.00       0.58 f
  U417/Y (AOI21_X3M_A6P5PP140ZTS_C35)                               0.03      0.02       0.61 r
  u_dut/u_dw_fp_mac/ULSD/U1/enc_tree[0][1][14] (net)
                                                1         0.00                0.00       0.61 r
  U570/Y (NAND2_X3TA_A6P5PP140ZTS_C35)                              0.02      0.02       0.62 f
  n598 (net)                                    1         0.00                0.00       0.62 f
  U897/Y (NOR2_X8TA_A6P5PP140ZTS_C35)                               0.04      0.03       0.65 r
  n994 (net)                                   22         0.02                0.00       0.65 r
  U558/Y (NOR2_X6A_A6P5PP140ZTS_C35)                                0.02      0.02       0.67 f
  n936 (net)                                    5         0.00                0.00       0.67 f
  U709/Y (AND2_X1M_A6P5PP140ZTS_C35)                                0.01      0.02       0.69 f
  n274 (net)                                    1         0.00                0.00       0.69 f
  U38/Y (NOR2_X1A_A6P5PP140ZTS_C35)                                 0.02      0.01       0.71 r
  n785 (net)                                    1         0.00                0.00       0.71 r
  U665/Y (AND2_X1M_A6P5PP140ZTS_C35)                                0.01      0.02       0.73 r
  n229 (net)                                    1         0.00                0.00       0.73 r
  U22/Y (NAND3_X2M_A6P5PP140ZTS_C35)                                0.02      0.02       0.75 f
  n1026 (net)                                   2         0.00                0.00       0.75 f
  U319/Y (NOR2_X2A_A6P5PP140ZTS_C35)                                0.03      0.03       0.78 r
  n1071 (net)                                   3         0.00                0.00       0.78 r
  U560/Y (INV_X1M_A6P5PP140ZTS_C35)                                 0.02      0.02       0.80 f
  n1059 (net)                                   2         0.00                0.00       0.80 f
  U673/Y (INV_X1M_A6P5PP140ZTS_C35)                                 0.02      0.02       0.82 r
  n243 (net)                                    2         0.00                0.00       0.82 r
  U1166/Y (XNOR2_X0P5M_A6P5PP140ZTS_C35)                            0.02      0.03       0.85 r
  n1076 (net)                                   1         0.00                0.00       0.85 r
  U321/Y (NAND4_X1A_A6P5PP140ZTS_C35)                               0.04      0.03       0.88 f
  n1165 (net)                                   2         0.00                0.00       0.88 f
  U693/Y (OAI21_X0P5M_A6P5PP140ZTS_C35)                             0.03      0.03       0.91 r
  u_dut/status_comb[1] (net)                    1         0.00                0.00       0.91 r
  u_dut/status_o_reg[1]/D (DFFRPQA_X1M_A6P5PP140ZTS_C35)            0.03      0.00       0.91 r
  data arrival time                                                                      0.91

  clock clk (rise edge)                                                       1.00       1.00
  clock network delay (ideal)                                                 0.00       1.00
  clock uncertainty                                                          -0.05       0.95
  u_dut/status_o_reg[1]/CK (DFFRPQA_X1M_A6P5PP140ZTS_C35)                     0.00       0.95 r
  library setup time                                                         -0.04       0.91
  data required time                                                                     0.91
  ----------------------------------------------------------------------------------------------
  data required time                                                                     0.91
  data arrival time                                                                     -0.91
  ----------------------------------------------------------------------------------------------
  slack (MET)                                                                            0.00


  Startpoint: c_i[5] (input port clocked by clk)
  Endpoint: u_dut/status_o_reg[1]
            (rising edge-triggered flip-flop clocked by clk)
  Path Group: clk
  Path Type: max

  Des/Clust/Port     Wire Load Model       Library
  ------------------------------------------------
  char_top           Zero                  sc6p5mcpp140z_cln22ul_base_svt_c35_tt_typical_max_0p80v_25c

  Point                                       Fanout       Cap     Trans      Incr       Path
  ----------------------------------------------------------------------------------------------
  clock clk (rise edge)                                                       0.00       0.00
  clock network delay (ideal)                                                 0.00       0.00
  input external delay                                                        0.10       0.10 f
  c_i[5] (in)                                                       0.05      0.00       0.10 f
  c_i[5] (net)                                 15         0.01                0.00       0.10 f
  U532/Y (XNOR2_X4M_A6P5PP140ZTS_C35)                               0.03      0.04       0.14 f
  n149 (net)                                    1         0.00                0.00       0.14 f
  U531/Y (XNOR2_X4M_A6P5PP140ZTS_C35)                               0.02      0.03       0.17 f
  n336 (net)                                    4         0.00                0.00       0.17 f
  U579/Y (NOR2_X2A_A6P5PP140ZTS_C35)                                0.02      0.02       0.19 r
  n350 (net)                                    2         0.00                0.00       0.19 r
  U331/Y (OAI21_X1M_A6P5PP140ZTS_C35)                               0.02      0.02       0.21 f
  n351 (net)                                    1         0.00                0.00       0.21 f
  U292/Y (XNOR2_X2M_A6P5PP140ZTS_C35)                               0.03      0.03       0.25 f
  n222 (net)                                    1         0.00                0.00       0.25 f
  U648/Y (MXIT2_X3M_A6P5PP140ZTS_C35)                               0.03      0.03       0.27 r
  n358 (net)                                    2         0.00                0.00       0.27 r
  U647/Y (AOI21_X3M_A6P5PP140ZTS_C35)                               0.02      0.02       0.29 f
  n795 (net)                                    3         0.00                0.00       0.29 f
  U445/Y (OR2_X4M_A6P5PP140ZTS_C35)                                 0.02      0.04       0.33 f
  n468 (net)                                    4         0.01                0.00       0.33 f
  U819/Y (NOR2_X3TA_A6P5PP140ZTS_C35)                               0.02      0.02       0.35 r
  n531 (net)                                    4         0.00                0.00       0.35 r
  U646/Y (NAND2_X3M_A6P5PP140ZTS_C35)                               0.01      0.01       0.36 f
  n221 (net)                                    2         0.00                0.00       0.36 f
  U65/Y (XNOR2_X2M_A6P5PP140ZTS_C35)                                0.03      0.03       0.39 f
  n751 (net)                                    3         0.00                0.00       0.39 f
  U56/Y (NOR2_X2A_A6P5PP140ZTS_C35)                                 0.03      0.03       0.42 r
  n540 (net)                                    3         0.00                0.00       0.42 r
  U444/Y (NOR2_X1P4TA_A6P5PP140ZTS_C35)                             0.02      0.02       0.44 f
  n534 (net)                                    3         0.00                0.00       0.44 f
  U298/Y (AOI21_X2M_A6P5PP140ZTS_C35)                               0.03      0.03       0.47 r
  n583 (net)                                    3         0.00                0.00       0.47 r
  U53/Y (OAI21_X2M_A6P5PP140ZTS_C35)                                0.02      0.02       0.49 f
  n560 (net)                                    1         0.00                0.00       0.49 f
  U652/Y (AOI21_X3M_A6P5PP140ZTS_C35)                               0.02      0.02       0.51 r
  n562 (net)                                    1         0.00                0.00       0.51 r
  U538/Y (XNOR2_X4M_A6P5PP140ZTS_C35)                               0.03      0.03       0.54 r
  n1065 (net)                                   3         0.00                0.00       0.54 r
  U1165/Y (INV_X1M_A6P5PP140ZTS_C35)                                0.02      0.02       0.56 f
  n1066 (net)                                   1         0.00                0.00       0.56 f
  U418/Y (XNOR2_X4M_A6P5PP140ZTS_C35)                               0.02      0.03       0.58 f
  n99 (net)                                     1         0.00                0.00       0.58 f
  U417/Y (AOI21_X3M_A6P5PP140ZTS_C35)                               0.03      0.02       0.61 r
  u_dut/u_dw_fp_mac/ULSD/U1/enc_tree[0][1][14] (net)
                                                1         0.00                0.00       0.61 r
  U570/Y (NAND2_X3TA_A6P5PP140ZTS_C35)                              0.02      0.02       0.62 f
  n598 (net)                                    1         0.00                0.00       0.62 f
  U897/Y (NOR2_X8TA_A6P5PP140ZTS_C35)                               0.04      0.03       0.65 r
  n994 (net)                                   22         0.02                0.00       0.65 r
  U558/Y (NOR2_X6A_A6P5PP140ZTS_C35)                                0.02      0.02       0.67 f
  n936 (net)                                    5         0.00                0.00       0.67 f
  U709/Y (AND2_X1M_A6P5PP140ZTS_C35)                                0.01      0.02       0.69 f
  n274 (net)                                    1         0.00                0.00       0.69 f
  U38/Y (NOR2_X1A_A6P5PP140ZTS_C35)                                 0.02      0.01       0.71 r
  n785 (net)                                    1         0.00                0.00       0.71 r
  U665/Y (AND2_X1M_A6P5PP140ZTS_C35)                                0.01      0.02       0.73 r
  n229 (net)                                    1         0.00                0.00       0.73 r
  U22/Y (NAND3_X2M_A6P5PP140ZTS_C35)                                0.02      0.02       0.75 f
  n1026 (net)                                   2         0.00                0.00       0.75 f
  U319/Y (NOR2_X2A_A6P5PP140ZTS_C35)                                0.03      0.03       0.78 r
  n1071 (net)                                   3         0.00                0.00       0.78 r
  U560/Y (INV_X1M_A6P5PP140ZTS_C35)                                 0.02      0.02       0.80 f
  n1059 (net)                                   2         0.00                0.00       0.80 f
  U673/Y (INV_X1M_A6P5PP140ZTS_C35)                                 0.02      0.02       0.82 r
  n243 (net)                                    2         0.00                0.00       0.82 r
  U1166/Y (XNOR2_X0P5M_A6P5PP140ZTS_C35)                            0.02      0.03       0.85 r
  n1076 (net)                                   1         0.00                0.00       0.85 r
  U321/Y (NAND4_X1A_A6P5PP140ZTS_C35)                               0.04      0.03       0.88 f
  n1165 (net)                                   2         0.00                0.00       0.88 f
  U693/Y (OAI21_X0P5M_A6P5PP140ZTS_C35)                             0.03      0.03       0.91 r
  u_dut/status_comb[1] (net)                    1         0.00                0.00       0.91 r
  u_dut/status_o_reg[1]/D (DFFRPQA_X1M_A6P5PP140ZTS_C35)            0.03      0.00       0.91 r
  data arrival time                                                                      0.91

  clock clk (rise edge)                                                       1.00       1.00
  clock network delay (ideal)                                                 0.00       1.00
  clock uncertainty                                                          -0.05       0.95
  u_dut/status_o_reg[1]/CK (DFFRPQA_X1M_A6P5PP140ZTS_C35)                     0.00       0.95 r
  library setup time                                                         -0.04       0.91
  data required time                                                                     0.91
  ----------------------------------------------------------------------------------------------
  data required time                                                                     0.91
  data arrival time                                                                     -0.91
  ----------------------------------------------------------------------------------------------
  slack (MET)                                                                            0.00


  Startpoint: c_i[5] (input port clocked by clk)
  Endpoint: u_dut/status_o_reg[1]
            (rising edge-triggered flip-flop clocked by clk)
  Path Group: clk
  Path Type: max

  Des/Clust/Port     Wire Load Model       Library
  ------------------------------------------------
  char_top           Zero                  sc6p5mcpp140z_cln22ul_base_svt_c35_tt_typical_max_0p80v_25c

  Point                                       Fanout       Cap     Trans      Incr       Path
  ----------------------------------------------------------------------------------------------
  clock clk (rise edge)                                                       0.00       0.00
  clock network delay (ideal)                                                 0.00       0.00
  input external delay                                                        0.10       0.10 f
  c_i[5] (in)                                                       0.05      0.00       0.10 f
  c_i[5] (net)                                 15         0.01                0.00       0.10 f
  U532/Y (XNOR2_X4M_A6P5PP140ZTS_C35)                               0.03      0.04       0.14 f
  n149 (net)                                    1         0.00                0.00       0.14 f
  U531/Y (XNOR2_X4M_A6P5PP140ZTS_C35)                               0.02      0.03       0.17 f
  n336 (net)                                    4         0.00                0.00       0.17 f
  U579/Y (NOR2_X2A_A6P5PP140ZTS_C35)                                0.02      0.02       0.19 r
  n350 (net)                                    2         0.00                0.00       0.19 r
  U331/Y (OAI21_X1M_A6P5PP140ZTS_C35)                               0.02      0.02       0.21 f
  n351 (net)                                    1         0.00                0.00       0.21 f
  U292/Y (XNOR2_X2M_A6P5PP140ZTS_C35)                               0.03      0.03       0.25 f
  n222 (net)                                    1         0.00                0.00       0.25 f
  U648/Y (MXIT2_X3M_A6P5PP140ZTS_C35)                               0.03      0.03       0.27 r
  n358 (net)                                    2         0.00                0.00       0.27 r
  U647/Y (AOI21_X3M_A6P5PP140ZTS_C35)                               0.02      0.02       0.29 f
  n795 (net)                                    3         0.00                0.00       0.29 f
  U445/Y (OR2_X4M_A6P5PP140ZTS_C35)                                 0.02      0.04       0.33 f
  n468 (net)                                    4         0.01                0.00       0.33 f
  U819/Y (NOR2_X3TA_A6P5PP140ZTS_C35)                               0.02      0.02       0.35 r
  n531 (net)                                    4         0.00                0.00       0.35 r
  U646/Y (NAND2_X3M_A6P5PP140ZTS_C35)                               0.01      0.01       0.36 f
  n221 (net)                                    2         0.00                0.00       0.36 f
  U65/Y (XNOR2_X2M_A6P5PP140ZTS_C35)                                0.03      0.03       0.39 f
  n751 (net)                                    3         0.00                0.00       0.39 f
  U56/Y (NOR2_X2A_A6P5PP140ZTS_C35)                                 0.03      0.03       0.42 r
  n540 (net)                                    3         0.00                0.00       0.42 r
  U444/Y (NOR2_X1P4TA_A6P5PP140ZTS_C35)                             0.02      0.02       0.44 f
  n534 (net)                                    3         0.00                0.00       0.44 f
  U298/Y (AOI21_X2M_A6P5PP140ZTS_C35)                               0.03      0.03       0.47 r
  n583 (net)                                    3         0.00                0.00       0.47 r
  U53/Y (OAI21_X2M_A6P5PP140ZTS_C35)                                0.02      0.02       0.49 f
  n560 (net)                                    1         0.00                0.00       0.49 f
  U652/Y (AOI21_X3M_A6P5PP140ZTS_C35)                               0.02      0.02       0.51 r
  n562 (net)                                    1         0.00                0.00       0.51 r
  U538/Y (XNOR2_X4M_A6P5PP140ZTS_C35)                               0.03      0.03       0.54 r
  n1065 (net)                                   3         0.00                0.00       0.54 r
  U1165/Y (INV_X1M_A6P5PP140ZTS_C35)                                0.02      0.02       0.56 f
  n1066 (net)                                   1         0.00                0.00       0.56 f
  U418/Y (XNOR2_X4M_A6P5PP140ZTS_C35)                               0.02      0.03       0.58 f
  n99 (net)                                     1         0.00                0.00       0.58 f
  U417/Y (AOI21_X3M_A6P5PP140ZTS_C35)                               0.03      0.02       0.61 r
  u_dut/u_dw_fp_mac/ULSD/U1/enc_tree[0][1][14] (net)
                                                1         0.00                0.00       0.61 r
  U570/Y (NAND2_X3TA_A6P5PP140ZTS_C35)                              0.02      0.02       0.62 f
  n598 (net)                                    1         0.00                0.00       0.62 f
  U897/Y (NOR2_X8TA_A6P5PP140ZTS_C35)                               0.04      0.03       0.65 r
  n994 (net)                                   22         0.02                0.00       0.65 r
  U558/Y (NOR2_X6A_A6P5PP140ZTS_C35)                                0.02      0.02       0.67 f
  n936 (net)                                    5         0.00                0.00       0.67 f
  U709/Y (AND2_X1M_A6P5PP140ZTS_C35)                                0.01      0.02       0.69 f
  n274 (net)                                    1         0.00                0.00       0.69 f
  U38/Y (NOR2_X1A_A6P5PP140ZTS_C35)                                 0.02      0.01       0.71 r
  n785 (net)                                    1         0.00                0.00       0.71 r
  U665/Y (AND2_X1M_A6P5PP140ZTS_C35)                                0.01      0.02       0.73 r
  n229 (net)                                    1         0.00                0.00       0.73 r
  U22/Y (NAND3_X2M_A6P5PP140ZTS_C35)                                0.02      0.02       0.75 f
  n1026 (net)                                   2         0.00                0.00       0.75 f
  U319/Y (NOR2_X2A_A6P5PP140ZTS_C35)                                0.03      0.03       0.78 r
  n1071 (net)                                   3         0.00                0.00       0.78 r
  U560/Y (INV_X1M_A6P5PP140ZTS_C35)                                 0.02      0.02       0.80 f
  n1059 (net)                                   2         0.00                0.00       0.80 f
  U673/Y (INV_X1M_A6P5PP140ZTS_C35)                                 0.02      0.02       0.82 r
  n243 (net)                                    2         0.00                0.00       0.82 r
  U1166/Y (XNOR2_X0P5M_A6P5PP140ZTS_C35)                            0.02      0.03       0.85 r
  n1076 (net)                                   1         0.00                0.00       0.85 r
  U321/Y (NAND4_X1A_A6P5PP140ZTS_C35)                               0.04      0.03       0.88 f
  n1165 (net)                                   2         0.00                0.00       0.88 f
  U693/Y (OAI21_X0P5M_A6P5PP140ZTS_C35)                             0.03      0.03       0.91 r
  u_dut/status_comb[1] (net)                    1         0.00                0.00       0.91 r
  u_dut/status_o_reg[1]/D (DFFRPQA_X1M_A6P5PP140ZTS_C35)            0.03      0.00       0.91 r
  data arrival time                                                                      0.91

  clock clk (rise edge)                                                       1.00       1.00
  clock network delay (ideal)                                                 0.00       1.00
  clock uncertainty                                                          -0.05       0.95
  u_dut/status_o_reg[1]/CK (DFFRPQA_X1M_A6P5PP140ZTS_C35)                     0.00       0.95 r
  library setup time                                                         -0.04       0.91
  data required time                                                                     0.91
  ----------------------------------------------------------------------------------------------
  data required time                                                                     0.91
  data arrival time                                                                     -0.91
  ----------------------------------------------------------------------------------------------
  slack (MET)                                                                            0.00


  Startpoint: b_i[6] (input port clocked by clk)
  Endpoint: u_dut/status_o_reg[1]
            (rising edge-triggered flip-flop clocked by clk)
  Path Group: clk
  Path Type: max

  Des/Clust/Port     Wire Load Model       Library
  ------------------------------------------------
  char_top           Zero                  sc6p5mcpp140z_cln22ul_base_svt_c35_tt_typical_max_0p80v_25c

  Point                                       Fanout       Cap     Trans      Incr       Path
  ----------------------------------------------------------------------------------------------
  clock clk (rise edge)                                                       0.00       0.00
  clock network delay (ideal)                                                 0.00       0.00
  input external delay                                                        0.10       0.10 r
  b_i[6] (in)                                                       0.05      0.00       0.10 r
  b_i[6] (net)                                  8         0.01                0.00       0.10 r
  U473/Y (XNOR2_X4M_A6P5PP140ZTS_C35)                               0.04      0.04       0.14 r
  n979 (net)                                    3         0.00                0.00       0.14 r
  U479/Y (NAND2_X3M_A6P5PP140ZTS_C35)                               0.02      0.02       0.16 f
  n319 (net)                                    1         0.00                0.00       0.16 f
  U408/Y (NAND2_X3M_A6P5PP140ZTS_C35)                               0.02      0.02       0.17 r
  n320 (net)                                    2         0.00                0.00       0.17 r
  U88/Y (NOR2_X4A_A6P5PP140ZTS_C35)                                 0.02      0.01       0.18 f
  n128 (net)                                    2         0.00                0.00       0.18 f
  U377/Y (NOR2_X3A_A6P5PP140ZTS_C35)                                0.01      0.01       0.20 r
  n84 (net)                                     1         0.00                0.00       0.20 r
  U149/Y (INV_X2P5M_A6P5PP140ZTS_C35)                               0.01      0.01       0.21 f
  n29 (net)                                     1         0.00                0.00       0.21 f
  U194/Y (NOR2_X3TA_A6P5PP140ZTS_C35)                               0.02      0.02       0.22 r
  n262 (net)                                    1         0.00                0.00       0.22 r
  U649/Y (NOR2_X8TA_A6P5PP140ZTS_C35)                               0.03      0.02       0.24 f
  n786 (net)                                   12         0.01                0.00       0.24 f
  U250/Y (NAND2_X4M_A6P5PP140ZTS_C35)                               0.02      0.02       0.26 r
  n421 (net)                                   10         0.00                0.00       0.26 r
  U800/Y (MXIT2_X1M_A6P5PP140ZTS_C35)                               0.03      0.02       0.28 f
  n417 (net)                                    1         0.00                0.00       0.28 f
  U69/Y (OR2_X1M_A6P5PP140ZTS_C35)                                  0.03      0.04       0.33 f
  n427 (net)                                    3         0.00                0.00       0.33 f
  U640/Y (XNOR2_X2M_A6P5PP140ZTS_C35)                               0.03      0.04       0.36 f
  n213 (net)                                    1         0.00                0.00       0.36 f
  U639/Y (XNOR2_X4M_A6P5PP140ZTS_C35)                               0.02      0.03       0.40 f
  n636 (net)                                    3         0.00                0.00       0.40 f
  U58/Y (NAND2_X2M_A6P5PP140ZTS_C35)                                0.02      0.02       0.42 r
  n498 (net)                                    3         0.00                0.00       0.42 r
  U387/Y (OAI21_X3M_A6P5PP140ZTS_C35)                               0.02      0.02       0.44 f
  n505 (net)                                    3         0.00                0.00       0.44 f
  U280/Y (AOI21_X4M_A6P5PP140ZTS_C35)                               0.03      0.03       0.46 r
  n238 (net)                                    2         0.00                0.00       0.46 r
  U290/Y (NAND3_X2A_A6P5PP140ZTS_C35)                               0.02      0.03       0.49 f
  n194 (net)                                    1         0.00                0.00       0.49 f
  U523/Y (NAND2_X3M_A6P5PP140ZTS_C35)                               0.02      0.02       0.51 r
  n482 (net)                                    1         0.00                0.00       0.51 r
  U547/Y (XOR2_X4M_A6P5PP140ZTS_C35)                                0.04      0.03       0.54 r
  n1008 (net)                                   4         0.00                0.00       0.54 r
  U827/Y (XOR2_X4M_A6P5PP140ZTS_C35)                                0.03      0.03       0.57 r
  u_dut/u_dw_fp_mac/ULSD/a_int[7] (net)         3         0.00                0.00       0.57 r
  U828/Y (INV_X3M_A6P5PP140ZTS_C35)                                 0.01      0.01       0.58 f
  u_dut/u_dw_fp_mac/ULSD/U1/or2_inv[0][10] (net)
                                                1         0.00                0.00       0.58 f
  U512/Y (AOI21_X3M_A6P5PP140ZTS_C35)                               0.02      0.02       0.60 r
  u_dut/u_dw_fp_mac/ULSD/U1/enc_tree[0][1][10] (net)
                                                1         0.00                0.00       0.60 r
  U542/Y (NOR2_X3TA_A6P5PP140ZTS_C35)                               0.02      0.02       0.62 f
  n597 (net)                                    1         0.00                0.00       0.62 f
  U897/Y (NOR2_X8TA_A6P5PP140ZTS_C35)                               0.04      0.03       0.65 r
  n994 (net)                                   22         0.02                0.00       0.65 r
  U558/Y (NOR2_X6A_A6P5PP140ZTS_C35)                                0.02      0.02       0.67 f
  n936 (net)                                    5         0.00                0.00       0.67 f
  U709/Y (AND2_X1M_A6P5PP140ZTS_C35)                                0.01      0.02       0.69 f
  n274 (net)                                    1         0.00                0.00       0.69 f
  U38/Y (NOR2_X1A_A6P5PP140ZTS_C35)                                 0.02      0.01       0.71 r
  n785 (net)                                    1         0.00                0.00       0.71 r
  U665/Y (AND2_X1M_A6P5PP140ZTS_C35)                                0.01      0.02       0.73 r
  n229 (net)                                    1         0.00                0.00       0.73 r
  U22/Y (NAND3_X2M_A6P5PP140ZTS_C35)                                0.02      0.02       0.75 f
  n1026 (net)                                   2         0.00                0.00       0.75 f
  U319/Y (NOR2_X2A_A6P5PP140ZTS_C35)                                0.03      0.03       0.78 r
  n1071 (net)                                   3         0.00                0.00       0.78 r
  U560/Y (INV_X1M_A6P5PP140ZTS_C35)                                 0.02      0.02       0.80 f
  n1059 (net)                                   2         0.00                0.00       0.80 f
  U673/Y (INV_X1M_A6P5PP140ZTS_C35)                                 0.02      0.02       0.82 r
  n243 (net)                                    2         0.00                0.00       0.82 r
  U1166/Y (XNOR2_X0P5M_A6P5PP140ZTS_C35)                            0.02      0.03       0.85 r
  n1076 (net)                                   1         0.00                0.00       0.85 r
  U321/Y (NAND4_X1A_A6P5PP140ZTS_C35)                               0.04      0.03       0.88 f
  n1165 (net)                                   2         0.00                0.00       0.88 f
  U693/Y (OAI21_X0P5M_A6P5PP140ZTS_C35)                             0.03      0.03       0.91 r
  u_dut/status_comb[1] (net)                    1         0.00                0.00       0.91 r
  u_dut/status_o_reg[1]/D (DFFRPQA_X1M_A6P5PP140ZTS_C35)            0.03      0.00       0.91 r
  data arrival time                                                                      0.91

  clock clk (rise edge)                                                       1.00       1.00
  clock network delay (ideal)                                                 0.00       1.00
  clock uncertainty                                                          -0.05       0.95
  u_dut/status_o_reg[1]/CK (DFFRPQA_X1M_A6P5PP140ZTS_C35)                     0.00       0.95 r
  library setup time                                                         -0.04       0.91
  data required time                                                                     0.91
  ----------------------------------------------------------------------------------------------
  data required time                                                                     0.91
  data arrival time                                                                     -0.91
  ----------------------------------------------------------------------------------------------
  slack (MET)                                                                            0.00


  Startpoint: b_i[6] (input port clocked by clk)
  Endpoint: u_dut/status_o_reg[5]
            (rising edge-triggered flip-flop clocked by clk)
  Path Group: clk
  Path Type: max

  Des/Clust/Port     Wire Load Model       Library
  ------------------------------------------------
  char_top           Zero                  sc6p5mcpp140z_cln22ul_base_svt_c35_tt_typical_max_0p80v_25c

  Point                                       Fanout       Cap     Trans      Incr       Path
  ----------------------------------------------------------------------------------------------
  clock clk (rise edge)                                                       0.00       0.00
  clock network delay (ideal)                                                 0.00       0.00
  input external delay                                                        0.10       0.10 r
  b_i[6] (in)                                                       0.05      0.00       0.10 r
  b_i[6] (net)                                  8         0.01                0.00       0.10 r
  U473/Y (XNOR2_X4M_A6P5PP140ZTS_C35)                               0.04      0.04       0.14 r
  n979 (net)                                    3         0.00                0.00       0.14 r
  U479/Y (NAND2_X3M_A6P5PP140ZTS_C35)                               0.02      0.02       0.16 f
  n319 (net)                                    1         0.00                0.00       0.16 f
  U408/Y (NAND2_X3M_A6P5PP140ZTS_C35)                               0.02      0.02       0.17 r
  n320 (net)                                    2         0.00                0.00       0.17 r
  U88/Y (NOR2_X4A_A6P5PP140ZTS_C35)                                 0.02      0.01       0.18 f
  n128 (net)                                    2         0.00                0.00       0.18 f
  U377/Y (NOR2_X3A_A6P5PP140ZTS_C35)                                0.01      0.01       0.20 r
  n84 (net)                                     1         0.00                0.00       0.20 r
  U149/Y (INV_X2P5M_A6P5PP140ZTS_C35)                               0.01      0.01       0.21 f
  n29 (net)                                     1         0.00                0.00       0.21 f
  U194/Y (NOR2_X3TA_A6P5PP140ZTS_C35)                               0.02      0.02       0.22 r
  n262 (net)                                    1         0.00                0.00       0.22 r
  U649/Y (NOR2_X8TA_A6P5PP140ZTS_C35)                               0.03      0.02       0.24 f
  n786 (net)                                   12         0.01                0.00       0.24 f
  U250/Y (NAND2_X4M_A6P5PP140ZTS_C35)                               0.02      0.02       0.26 r
  n421 (net)                                   10         0.00                0.00       0.26 r
  U788/Y (MXIT2_X1M_A6P5PP140ZTS_C35)                               0.03      0.02       0.28 f
  n395 (net)                                    1         0.00                0.00       0.28 f
  U789/Y (OR2_X1M_A6P5PP140ZTS_C35)                                 0.01      0.03       0.32 f
  n396 (net)                                    2         0.00                0.00       0.32 f
  U790/Y (NOR2_X1A_A6P5PP140ZTS_C35)                                0.02      0.02       0.33 r
  n613 (net)                                    1         0.00                0.00       0.33 r
  U911/Y (INV_X1M_A6P5PP140ZTS_C35)                                 0.01      0.01       0.34 f
  n615 (net)                                    2         0.00                0.00       0.34 f
  U74/Y (NAND2_X1M_A6P5PP140ZTS_C35)                                0.02      0.02       0.36 r
  n95 (net)                                     1         0.00                0.00       0.36 r
  U278/Y (OAI21_X3M_A6P5PP140ZTS_C35)                               0.02      0.02       0.38 f
  n612 (net)                                    2         0.00                0.00       0.38 f
  U276/Y (AOI21_X3M_A6P5PP140ZTS_C35)                               0.02      0.03       0.41 r
  n609 (net)                                    2         0.00                0.00       0.41 r
  U272/Y (OAI21_X3M_A6P5PP140ZTS_C35)                               0.02      0.02       0.42 f
  n513 (net)                                    2         0.00                0.00       0.42 f
  U402/Y (NAND2_X3M_A6P5PP140ZTS_C35)                               0.02      0.02       0.44 r
  n248 (net)                                    1         0.00                0.00       0.44 r
  U489/Y (NAND2_X8M_A6P5PP140ZTS_C35)                               0.02      0.01       0.45 f
  n507 (net)                                    4         0.00                0.00       0.45 f
  U500/Y (NAND2_X6M_A6P5PP140ZTS_C35)                               0.01      0.02       0.47 r
  n239 (net)                                    2         0.00                0.00       0.47 r
  U484/Y (NAND2_X8M_A6P5PP140ZTS_C35)                               0.02      0.02       0.49 f
  n585 (net)                                    8         0.01                0.00       0.49 f
  U652/Y (AOI21_X3M_A6P5PP140ZTS_C35)                               0.02      0.03       0.51 r
  n562 (net)                                    1         0.00                0.00       0.51 r
  U538/Y (XNOR2_X4M_A6P5PP140ZTS_C35)                               0.03      0.03       0.54 r
  n1065 (net)                                   3         0.00                0.00       0.54 r
  U1165/Y (INV_X1M_A6P5PP140ZTS_C35)                                0.02      0.02       0.56 f
  n1066 (net)                                   1         0.00                0.00       0.56 f
  U418/Y (XNOR2_X4M_A6P5PP140ZTS_C35)                               0.02      0.03       0.58 f
  n99 (net)                                     1         0.00                0.00       0.58 f
  U417/Y (AOI21_X3M_A6P5PP140ZTS_C35)                               0.03      0.02       0.61 r
  u_dut/u_dw_fp_mac/ULSD/U1/enc_tree[0][1][14] (net)
                                                1         0.00                0.00       0.61 r
  U570/Y (NAND2_X3TA_A6P5PP140ZTS_C35)                              0.02      0.02       0.62 f
  n598 (net)                                    1         0.00                0.00       0.62 f
  U897/Y (NOR2_X8TA_A6P5PP140ZTS_C35)                               0.04      0.03       0.65 r
  n994 (net)                                   22         0.02                0.00       0.65 r
  U464/Y (NOR2_X6A_A6P5PP140ZTS_C35)                                0.02      0.02       0.67 f
  n919 (net)                                    5         0.00                0.00       0.67 f
  U33/Y (AOI22_X3M_A6P5PP140ZTS_C35)                                0.03      0.03       0.70 r
  n748 (net)                                    2         0.00                0.00       0.70 r
  U232/Y (NAND2_X1P4TA_A6P5PP140ZTS_C35)                            0.01      0.01       0.71 f
  n36 (net)                                     1         0.00                0.00       0.71 f
  U223/Y (INV_X2P5M_A6P5PP140ZTS_C35)                               0.01      0.01       0.72 r
  n903 (net)                                    2         0.00                0.00       0.72 r
  U210/Y (INV_X2M_A6P5PP140ZTS_C35)                                 0.01      0.01       0.73 f
  n904 (net)                                    1         0.00                0.00       0.73 f
  U421/Y (OAI22_X2M_A6P5PP140ZTS_C35)                               0.03      0.02       0.75 r
  n915 (net)                                    1         0.00                0.00       0.75 r
  U700/Y (NOR2_X2A_A6P5PP140ZTS_C35)                                0.02      0.01       0.76 f
  n1088 (net)                                   2         0.00                0.00       0.76 f
  U655/Y (NOR2_X3TA_A6P5PP140ZTS_C35)                               0.01      0.01       0.77 r
  n1143 (net)                                   2         0.00                0.00       0.77 r
  U415/Y (NAND2_X3M_A6P5PP140ZTS_C35)                               0.02      0.02       0.79 f
  n1044 (net)                                   3         0.00                0.00       0.79 f
  U357/Y (NOR3_X4M_A6P5PP140ZTS_C35)                                0.03      0.03       0.82 r
  n1163 (net)                                   5         0.00                0.00       0.82 r
  U711/Y (INV_X1M_A6P5PP140ZTS_C35)                                 0.02      0.02       0.84 f
  n1094 (net)                                   2         0.00                0.00       0.84 f
  U9/Y (NOR2_X1P4TA_A6P5PP140ZTS_C35)                               0.01      0.01       0.86 r
  n1115 (net)                                   1         0.00                0.00       0.86 r
  U128/Y (NAND2_X1M_A6P5PP140ZTS_C35)                               0.02      0.01       0.87 f
  n1116 (net)                                   1         0.00                0.00       0.87 f
  U363/Y (OAI211_X2M_A6P5PP140ZTS_C35)                              0.03      0.02       0.89 r
  n1129 (net)                                   2         0.00                0.00       0.89 r
  U1189/Y (OAI211_X1M_A6P5PP140ZTS_C35)                             0.02      0.02       0.91 f
  u_dut/status_comb[5] (net)                    1         0.00                0.00       0.91 f
  u_dut/status_o_reg[5]/D (DFFRPQA_X1M_A6P5PP140ZTS_C35)            0.02      0.00       0.91 f
  data arrival time                                                                      0.91

  clock clk (rise edge)                                                       1.00       1.00
  clock network delay (ideal)                                                 0.00       1.00
  clock uncertainty                                                          -0.05       0.95
  u_dut/status_o_reg[5]/CK (DFFRPQA_X1M_A6P5PP140ZTS_C35)                     0.00       0.95 r
  library setup time                                                         -0.04       0.91
  data required time                                                                     0.91
  ----------------------------------------------------------------------------------------------
  data required time                                                                     0.91
  data arrival time                                                                     -0.91
  ----------------------------------------------------------------------------------------------
  slack (MET)                                                                            0.00


  Startpoint: b_i[6] (input port clocked by clk)
  Endpoint: u_dut/status_o_reg[5]
            (rising edge-triggered flip-flop clocked by clk)
  Path Group: clk
  Path Type: max

  Des/Clust/Port     Wire Load Model       Library
  ------------------------------------------------
  char_top           Zero                  sc6p5mcpp140z_cln22ul_base_svt_c35_tt_typical_max_0p80v_25c

  Point                                       Fanout       Cap     Trans      Incr       Path
  ----------------------------------------------------------------------------------------------
  clock clk (rise edge)                                                       0.00       0.00
  clock network delay (ideal)                                                 0.00       0.00
  input external delay                                                        0.10       0.10 r
  b_i[6] (in)                                                       0.05      0.00       0.10 r
  b_i[6] (net)                                  8         0.01                0.00       0.10 r
  U473/Y (XNOR2_X4M_A6P5PP140ZTS_C35)                               0.04      0.04       0.14 r
  n979 (net)                                    3         0.00                0.00       0.14 r
  U479/Y (NAND2_X3M_A6P5PP140ZTS_C35)                               0.02      0.02       0.16 f
  n319 (net)                                    1         0.00                0.00       0.16 f
  U408/Y (NAND2_X3M_A6P5PP140ZTS_C35)                               0.02      0.02       0.17 r
  n320 (net)                                    2         0.00                0.00       0.17 r
  U88/Y (NOR2_X4A_A6P5PP140ZTS_C35)                                 0.02      0.01       0.18 f
  n128 (net)                                    2         0.00                0.00       0.18 f
  U377/Y (NOR2_X3A_A6P5PP140ZTS_C35)                                0.01      0.01       0.20 r
  n84 (net)                                     1         0.00                0.00       0.20 r
  U149/Y (INV_X2P5M_A6P5PP140ZTS_C35)                               0.01      0.01       0.21 f
  n29 (net)                                     1         0.00                0.00       0.21 f
  U194/Y (NOR2_X3TA_A6P5PP140ZTS_C35)                               0.02      0.02       0.22 r
  n262 (net)                                    1         0.00                0.00       0.22 r
  U649/Y (NOR2_X8TA_A6P5PP140ZTS_C35)                               0.03      0.02       0.24 f
  n786 (net)                                   12         0.01                0.00       0.24 f
  U250/Y (NAND2_X4M_A6P5PP140ZTS_C35)                               0.02      0.02       0.26 r
  n421 (net)                                   10         0.00                0.00       0.26 r
  U788/Y (MXIT2_X1M_A6P5PP140ZTS_C35)                               0.03      0.02       0.28 f
  n395 (net)                                    1         0.00                0.00       0.28 f
  U789/Y (OR2_X1M_A6P5PP140ZTS_C35)                                 0.01      0.03       0.32 f
  n396 (net)                                    2         0.00                0.00       0.32 f
  U790/Y (NOR2_X1A_A6P5PP140ZTS_C35)                                0.02      0.02       0.33 r
  n613 (net)                                    1         0.00                0.00       0.33 r
  U911/Y (INV_X1M_A6P5PP140ZTS_C35)                                 0.01      0.01       0.34 f
  n615 (net)                                    2         0.00                0.00       0.34 f
  U74/Y (NAND2_X1M_A6P5PP140ZTS_C35)                                0.02      0.02       0.36 r
  n95 (net)                                     1         0.00                0.00       0.36 r
  U278/Y (OAI21_X3M_A6P5PP140ZTS_C35)                               0.02      0.02       0.38 f
  n612 (net)                                    2         0.00                0.00       0.38 f
  U276/Y (AOI21_X3M_A6P5PP140ZTS_C35)                               0.02      0.03       0.41 r
  n609 (net)                                    2         0.00                0.00       0.41 r
  U272/Y (OAI21_X3M_A6P5PP140ZTS_C35)                               0.02      0.02       0.42 f
  n513 (net)                                    2         0.00                0.00       0.42 f
  U402/Y (NAND2_X3M_A6P5PP140ZTS_C35)                               0.02      0.02       0.44 r
  n248 (net)                                    1         0.00                0.00       0.44 r
  U489/Y (NAND2_X8M_A6P5PP140ZTS_C35)                               0.02      0.01       0.45 f
  n507 (net)                                    4         0.00                0.00       0.45 f
  U500/Y (NAND2_X6M_A6P5PP140ZTS_C35)                               0.01      0.02       0.47 r
  n239 (net)                                    2         0.00                0.00       0.47 r
  U484/Y (NAND2_X8M_A6P5PP140ZTS_C35)                               0.02      0.02       0.49 f
  n585 (net)                                    8         0.01                0.00       0.49 f
  U652/Y (AOI21_X3M_A6P5PP140ZTS_C35)                               0.02      0.03       0.51 r
  n562 (net)                                    1         0.00                0.00       0.51 r
  U538/Y (XNOR2_X4M_A6P5PP140ZTS_C35)                               0.03      0.03       0.54 r
  n1065 (net)                                   3         0.00                0.00       0.54 r
  U1165/Y (INV_X1M_A6P5PP140ZTS_C35)                                0.02      0.02       0.56 f
  n1066 (net)                                   1         0.00                0.00       0.56 f
  U418/Y (XNOR2_X4M_A6P5PP140ZTS_C35)                               0.02      0.03       0.58 f
  n99 (net)                                     1         0.00                0.00       0.58 f
  U417/Y (AOI21_X3M_A6P5PP140ZTS_C35)                               0.03      0.02       0.61 r
  u_dut/u_dw_fp_mac/ULSD/U1/enc_tree[0][1][14] (net)
                                                1         0.00                0.00       0.61 r
  U570/Y (NAND2_X3TA_A6P5PP140ZTS_C35)                              0.02      0.02       0.62 f
  n598 (net)                                    1         0.00                0.00       0.62 f
  U897/Y (NOR2_X8TA_A6P5PP140ZTS_C35)                               0.04      0.03       0.65 r
  n994 (net)                                   22         0.02                0.00       0.65 r
  U464/Y (NOR2_X6A_A6P5PP140ZTS_C35)                                0.02      0.02       0.67 f
  n919 (net)                                    5         0.00                0.00       0.67 f
  U33/Y (AOI22_X3M_A6P5PP140ZTS_C35)                                0.03      0.03       0.70 r
  n748 (net)                                    2         0.00                0.00       0.70 r
  U232/Y (NAND2_X1P4TA_A6P5PP140ZTS_C35)                            0.01      0.01       0.71 f
  n36 (net)                                     1         0.00                0.00       0.71 f
  U223/Y (INV_X2P5M_A6P5PP140ZTS_C35)                               0.01      0.01       0.72 r
  n903 (net)                                    2         0.00                0.00       0.72 r
  U210/Y (INV_X2M_A6P5PP140ZTS_C35)                                 0.01      0.01       0.73 f
  n904 (net)                                    1         0.00                0.00       0.73 f
  U421/Y (OAI22_X2M_A6P5PP140ZTS_C35)                               0.03      0.02       0.75 r
  n915 (net)                                    1         0.00                0.00       0.75 r
  U700/Y (NOR2_X2A_A6P5PP140ZTS_C35)                                0.02      0.01       0.76 f
  n1088 (net)                                   2         0.00                0.00       0.76 f
  U655/Y (NOR2_X3TA_A6P5PP140ZTS_C35)                               0.01      0.01       0.77 r
  n1143 (net)                                   2         0.00                0.00       0.77 r
  U415/Y (NAND2_X3M_A6P5PP140ZTS_C35)                               0.02      0.02       0.79 f
  n1044 (net)                                   3         0.00                0.00       0.79 f
  U357/Y (NOR3_X4M_A6P5PP140ZTS_C35)                                0.03      0.03       0.82 r
  n1163 (net)                                   5         0.00                0.00       0.82 r
  U711/Y (INV_X1M_A6P5PP140ZTS_C35)                                 0.02      0.02       0.84 f
  n1094 (net)                                   2         0.00                0.00       0.84 f
  U9/Y (NOR2_X1P4TA_A6P5PP140ZTS_C35)                               0.01      0.01       0.86 r
  n1115 (net)                                   1         0.00                0.00       0.86 r
  U128/Y (NAND2_X1M_A6P5PP140ZTS_C35)                               0.02      0.01       0.87 f
  n1116 (net)                                   1         0.00                0.00       0.87 f
  U363/Y (OAI211_X2M_A6P5PP140ZTS_C35)                              0.03      0.02       0.89 r
  n1129 (net)                                   2         0.00                0.00       0.89 r
  U1189/Y (OAI211_X1M_A6P5PP140ZTS_C35)                             0.02      0.02       0.91 f
  u_dut/status_comb[5] (net)                    1         0.00                0.00       0.91 f
  u_dut/status_o_reg[5]/D (DFFRPQA_X1M_A6P5PP140ZTS_C35)            0.02      0.00       0.91 f
  data arrival time                                                                      0.91

  clock clk (rise edge)                                                       1.00       1.00
  clock network delay (ideal)                                                 0.00       1.00
  clock uncertainty                                                          -0.05       0.95
  u_dut/status_o_reg[5]/CK (DFFRPQA_X1M_A6P5PP140ZTS_C35)                     0.00       0.95 r
  library setup time                                                         -0.04       0.91
  data required time                                                                     0.91
  ----------------------------------------------------------------------------------------------
  data required time                                                                     0.91
  data arrival time                                                                     -0.91
  ----------------------------------------------------------------------------------------------
  slack (MET)                                                                            0.00


  Startpoint: b_i[6] (input port clocked by clk)
  Endpoint: u_dut/status_o_reg[5]
            (rising edge-triggered flip-flop clocked by clk)
  Path Group: clk
  Path Type: max

  Des/Clust/Port     Wire Load Model       Library
  ------------------------------------------------
  char_top           Zero                  sc6p5mcpp140z_cln22ul_base_svt_c35_tt_typical_max_0p80v_25c

  Point                                       Fanout       Cap     Trans      Incr       Path
  ----------------------------------------------------------------------------------------------
  clock clk (rise edge)                                                       0.00       0.00
  clock network delay (ideal)                                                 0.00       0.00
  input external delay                                                        0.10       0.10 r
  b_i[6] (in)                                                       0.05      0.00       0.10 r
  b_i[6] (net)                                  8         0.01                0.00       0.10 r
  U473/Y (XNOR2_X4M_A6P5PP140ZTS_C35)                               0.04      0.04       0.14 r
  n979 (net)                                    3         0.00                0.00       0.14 r
  U479/Y (NAND2_X3M_A6P5PP140ZTS_C35)                               0.02      0.02       0.16 f
  n319 (net)                                    1         0.00                0.00       0.16 f
  U408/Y (NAND2_X3M_A6P5PP140ZTS_C35)                               0.02      0.02       0.17 r
  n320 (net)                                    2         0.00                0.00       0.17 r
  U88/Y (NOR2_X4A_A6P5PP140ZTS_C35)                                 0.02      0.01       0.18 f
  n128 (net)                                    2         0.00                0.00       0.18 f
  U377/Y (NOR2_X3A_A6P5PP140ZTS_C35)                                0.01      0.01       0.20 r
  n84 (net)                                     1         0.00                0.00       0.20 r
  U149/Y (INV_X2P5M_A6P5PP140ZTS_C35)                               0.01      0.01       0.21 f
  n29 (net)                                     1         0.00                0.00       0.21 f
  U194/Y (NOR2_X3TA_A6P5PP140ZTS_C35)                               0.02      0.02       0.22 r
  n262 (net)                                    1         0.00                0.00       0.22 r
  U649/Y (NOR2_X8TA_A6P5PP140ZTS_C35)                               0.03      0.02       0.24 f
  n786 (net)                                   12         0.01                0.00       0.24 f
  U250/Y (NAND2_X4M_A6P5PP140ZTS_C35)                               0.02      0.02       0.26 r
  n421 (net)                                   10         0.00                0.00       0.26 r
  U788/Y (MXIT2_X1M_A6P5PP140ZTS_C35)                               0.03      0.02       0.28 f
  n395 (net)                                    1         0.00                0.00       0.28 f
  U789/Y (OR2_X1M_A6P5PP140ZTS_C35)                                 0.01      0.03       0.32 f
  n396 (net)                                    2         0.00                0.00       0.32 f
  U790/Y (NOR2_X1A_A6P5PP140ZTS_C35)                                0.02      0.02       0.33 r
  n613 (net)                                    1         0.00                0.00       0.33 r
  U911/Y (INV_X1M_A6P5PP140ZTS_C35)                                 0.01      0.01       0.34 f
  n615 (net)                                    2         0.00                0.00       0.34 f
  U74/Y (NAND2_X1M_A6P5PP140ZTS_C35)                                0.02      0.02       0.36 r
  n95 (net)                                     1         0.00                0.00       0.36 r
  U278/Y (OAI21_X3M_A6P5PP140ZTS_C35)                               0.02      0.02       0.38 f
  n612 (net)                                    2         0.00                0.00       0.38 f
  U276/Y (AOI21_X3M_A6P5PP140ZTS_C35)                               0.02      0.03       0.41 r
  n609 (net)                                    2         0.00                0.00       0.41 r
  U272/Y (OAI21_X3M_A6P5PP140ZTS_C35)                               0.02      0.02       0.42 f
  n513 (net)                                    2         0.00                0.00       0.42 f
  U402/Y (NAND2_X3M_A6P5PP140ZTS_C35)                               0.02      0.02       0.44 r
  n248 (net)                                    1         0.00                0.00       0.44 r
  U489/Y (NAND2_X8M_A6P5PP140ZTS_C35)                               0.02      0.01       0.45 f
  n507 (net)                                    4         0.00                0.00       0.45 f
  U500/Y (NAND2_X6M_A6P5PP140ZTS_C35)                               0.01      0.02       0.47 r
  n239 (net)                                    2         0.00                0.00       0.47 r
  U484/Y (NAND2_X8M_A6P5PP140ZTS_C35)                               0.02      0.02       0.49 f
  n585 (net)                                    8         0.01                0.00       0.49 f
  U652/Y (AOI21_X3M_A6P5PP140ZTS_C35)                               0.02      0.03       0.51 r
  n562 (net)                                    1         0.00                0.00       0.51 r
  U538/Y (XNOR2_X4M_A6P5PP140ZTS_C35)                               0.03      0.03       0.54 r
  n1065 (net)                                   3         0.00                0.00       0.54 r
  U1165/Y (INV_X1M_A6P5PP140ZTS_C35)                                0.02      0.02       0.56 f
  n1066 (net)                                   1         0.00                0.00       0.56 f
  U418/Y (XNOR2_X4M_A6P5PP140ZTS_C35)                               0.02      0.03       0.58 f
  n99 (net)                                     1         0.00                0.00       0.58 f
  U417/Y (AOI21_X3M_A6P5PP140ZTS_C35)                               0.03      0.02       0.61 r
  u_dut/u_dw_fp_mac/ULSD/U1/enc_tree[0][1][14] (net)
                                                1         0.00                0.00       0.61 r
  U570/Y (NAND2_X3TA_A6P5PP140ZTS_C35)                              0.02      0.02       0.62 f
  n598 (net)                                    1         0.00                0.00       0.62 f
  U897/Y (NOR2_X8TA_A6P5PP140ZTS_C35)                               0.04      0.03       0.65 r
  n994 (net)                                   22         0.02                0.00       0.65 r
  U464/Y (NOR2_X6A_A6P5PP140ZTS_C35)                                0.02      0.02       0.67 f
  n919 (net)                                    5         0.00                0.00       0.67 f
  U33/Y (AOI22_X3M_A6P5PP140ZTS_C35)                                0.03      0.03       0.70 r
  n748 (net)                                    2         0.00                0.00       0.70 r
  U232/Y (NAND2_X1P4TA_A6P5PP140ZTS_C35)                            0.01      0.01       0.71 f
  n36 (net)                                     1         0.00                0.00       0.71 f
  U223/Y (INV_X2P5M_A6P5PP140ZTS_C35)                               0.01      0.01       0.72 r
  n903 (net)                                    2         0.00                0.00       0.72 r
  U210/Y (INV_X2M_A6P5PP140ZTS_C35)                                 0.01      0.01       0.73 f
  n904 (net)                                    1         0.00                0.00       0.73 f
  U421/Y (OAI22_X2M_A6P5PP140ZTS_C35)                               0.03      0.02       0.75 r
  n915 (net)                                    1         0.00                0.00       0.75 r
  U700/Y (NOR2_X2A_A6P5PP140ZTS_C35)                                0.02      0.01       0.76 f
  n1088 (net)                                   2         0.00                0.00       0.76 f
  U655/Y (NOR2_X3TA_A6P5PP140ZTS_C35)                               0.01      0.01       0.77 r
  n1143 (net)                                   2         0.00                0.00       0.77 r
  U415/Y (NAND2_X3M_A6P5PP140ZTS_C35)                               0.02      0.02       0.79 f
  n1044 (net)                                   3         0.00                0.00       0.79 f
  U357/Y (NOR3_X4M_A6P5PP140ZTS_C35)                                0.03      0.03       0.82 r
  n1163 (net)                                   5         0.00                0.00       0.82 r
  U711/Y (INV_X1M_A6P5PP140ZTS_C35)                                 0.02      0.02       0.84 f
  n1094 (net)                                   2         0.00                0.00       0.84 f
  U9/Y (NOR2_X1P4TA_A6P5PP140ZTS_C35)                               0.01      0.01       0.86 r
  n1115 (net)                                   1         0.00                0.00       0.86 r
  U128/Y (NAND2_X1M_A6P5PP140ZTS_C35)                               0.02      0.01       0.87 f
  n1116 (net)                                   1         0.00                0.00       0.87 f
  U363/Y (OAI211_X2M_A6P5PP140ZTS_C35)                              0.03      0.02       0.89 r
  n1129 (net)                                   2         0.00                0.00       0.89 r
  U1189/Y (OAI211_X1M_A6P5PP140ZTS_C35)                             0.02      0.02       0.91 f
  u_dut/status_comb[5] (net)                    1         0.00                0.00       0.91 f
  u_dut/status_o_reg[5]/D (DFFRPQA_X1M_A6P5PP140ZTS_C35)            0.02      0.00       0.91 f
  data arrival time                                                                      0.91

  clock clk (rise edge)                                                       1.00       1.00
  clock network delay (ideal)                                                 0.00       1.00
  clock uncertainty                                                          -0.05       0.95
  u_dut/status_o_reg[5]/CK (DFFRPQA_X1M_A6P5PP140ZTS_C35)                     0.00       0.95 r
  library setup time                                                         -0.04       0.91
  data required time                                                                     0.91
  ----------------------------------------------------------------------------------------------
  data required time                                                                     0.91
  data arrival time                                                                     -0.91
  ----------------------------------------------------------------------------------------------
  slack (MET)                                                                            0.00


  Startpoint: a_i[4] (input port clocked by clk)
  Endpoint: u_dut/z_o_reg[3]
            (rising edge-triggered flip-flop clocked by clk)
  Path Group: clk
  Path Type: max

  Des/Clust/Port     Wire Load Model       Library
  ------------------------------------------------
  char_top           Zero                  sc6p5mcpp140z_cln22ul_base_svt_c35_tt_typical_max_0p80v_25c

  Point                                       Fanout       Cap     Trans      Incr       Path
  ----------------------------------------------------------------------------------------------
  clock clk (rise edge)                                                       0.00       0.00
  clock network delay (ideal)                                                 0.00       0.00
  input external delay                                                        0.10       0.10 r
  a_i[4] (in)                                                       0.05      0.00       0.10 r
  a_i[4] (net)                                  8         0.01                0.00       0.10 r
  U670/Y (XNOR2_X4M_A6P5PP140ZTS_C35)                               0.04      0.04       0.14 r
  n822 (net)                                    4         0.00                0.00       0.14 r
  U524/Y (NAND2_X3M_A6P5PP140ZTS_C35)                               0.02      0.01       0.16 f
  n331 (net)                                    2         0.00                0.00       0.16 f
  U744/Y (INV_X1M_A6P5PP140ZTS_C35)                                 0.01      0.01       0.17 r
  n332 (net)                                    1         0.00                0.00       0.17 r
  U656/Y (AOI21_X2M_A6P5PP140ZTS_C35)                               0.02      0.01       0.18 f
  n349 (net)                                    2         0.00                0.00       0.18 f
  U331/Y (OAI21_X1M_A6P5PP140ZTS_C35)                               0.03      0.03       0.21 r
  n351 (net)                                    1         0.00                0.00       0.21 r
  U292/Y (XNOR2_X2M_A6P5PP140ZTS_C35)                               0.03      0.04       0.25 r
  n222 (net)                                    1         0.00                0.00       0.25 r
  U648/Y (MXIT2_X3M_A6P5PP140ZTS_C35)                               0.02      0.02       0.27 f
  n358 (net)                                    2         0.00                0.00       0.27 f
  U647/Y (AOI21_X3M_A6P5PP140ZTS_C35)                               0.02      0.02       0.29 r
  n795 (net)                                    3         0.00                0.00       0.29 r
  U79/Y (NAND2_X1P4TA_A6P5PP140ZTS_C35)                             0.02      0.02       0.31 f
  n391 (net)                                    2         0.00                0.00       0.31 f
  U447/Y (NOR2_X3TA_A6P5PP140ZTS_C35)                               0.02      0.02       0.33 r
  n112 (net)                                    4         0.00                0.00       0.33 r
  U262/Y (INV_X3M_A6P5PP140ZTS_C35)                                 0.01      0.01       0.34 f
  n425 (net)                                    2         0.00                0.00       0.34 f
  U575/Y (OAI21_X3M_A6P5PP140ZTS_C35)                               0.03      0.02       0.37 r
  n166 (net)                                    2         0.00                0.00       0.37 r
  U573/Y (INV_X2M_A6P5PP140ZTS_C35)                                 0.01      0.01       0.38 f
  n165 (net)                                    1         0.00                0.00       0.38 f
  U396/Y (OAI21_X3M_A6P5PP140ZTS_C35)                               0.03      0.02       0.40 r
  n600 (net)                                    3         0.00                0.00       0.40 r
  U238/Y (NOR2_X4A_A6P5PP140ZTS_C35)                                0.02      0.02       0.42 f
  n502 (net)                                    5         0.00                0.00       0.42 f
  U170/Y (NOR2_X2A_A6P5PP140ZTS_C35)                                0.01      0.01       0.43 r
  n111 (net)                                    1         0.00                0.00       0.43 r
  U231/Y (AND2_X2M_A6P5PP140ZTS_C35)                                0.02      0.03       0.46 r
  n157 (net)                                    1         0.00                0.00       0.46 r
  U500/Y (NAND2_X6M_A6P5PP140ZTS_C35)                               0.02      0.01       0.47 f
  n239 (net)                                    2         0.00                0.00       0.47 f
  U484/Y (NAND2_X8M_A6P5PP140ZTS_C35)                               0.02      0.02       0.49 r
  n585 (net)                                    8         0.01                0.00       0.49 r
  U255/Y (AO21B_X1M_A6P5PP140ZTS_C35)                               0.02      0.03       0.52 r
  n45 (net)                                     1         0.00                0.00       0.52 r
  U253/Y (NAND2_X3M_A6P5PP140ZTS_C35)                               0.02      0.02       0.54 f
  n1131 (net)                                   4         0.00                0.00       0.54 f
  U481/Y (XOR2_X2M_A6P5PP140ZTS_C35)                                0.03      0.04       0.57 f
  u_dut/u_dw_fp_mac/ULSD/a_int[8] (net)         2         0.00                0.00       0.57 f
  U1209/Y (NOR2_X3A_A6P5PP140ZTS_C35)                               0.03      0.02       0.60 r
  u_dut/u_dw_fp_mac/ULSD/U1/enc_tree[1][1][10] (net)
                                                3         0.00                0.00       0.60 r
  U284/Y (OAI21_X3M_A6P5PP140ZTS_C35)                               0.02      0.02       0.62 f
  u_dut/u_dw_fp_mac/ULSD/U1/enc_tree[1][2][12] (net)
                                                2         0.00                0.00       0.62 f
  U203/Y (NOR2_X6A_A6P5PP140ZTS_C35)                                0.03      0.03       0.65 r
  u_dut/u_dw_fp_mac/lzdout[1] (net)             6         0.01                0.00       0.65 r
  U287/Y (NOR2_X3TA_A6P5PP140ZTS_C35)                               0.01      0.01       0.66 f
  n792 (net)                                    2         0.00                0.00       0.66 f
  U1035/Y (INV_X1M_A6P5PP140ZTS_C35)                                0.02      0.01       0.67 r
  n794 (net)                                    1         0.00                0.00       0.67 r
  U30/Y (XOR2_X2M_A6P5PP140ZTS_C35)                                 0.04      0.04       0.71 r
  n808 (net)                                    3         0.00                0.00       0.71 r
  U124/Y (NAND2_X1P4TA_A6P5PP140ZTS_C35)                            0.02      0.02       0.73 f
  n11 (net)                                     1         0.00                0.00       0.73 f
  U175/Y (NOR2_X3A_A6P5PP140ZTS_C35)                                0.02      0.02       0.75 r
  n986 (net)                                    3         0.00                0.00       0.75 r
  U716/Y (NAND2_X1P4TA_A6P5PP140ZTS_C35)                            0.01      0.01       0.76 f
  n955 (net)                                    1         0.00                0.00       0.76 f
  U201/Y (NAND2_X2A_A6P5PP140ZTS_C35)                               0.01      0.01       0.77 r
  n89 (net)                                     1         0.00                0.00       0.77 r
  U294/Y (OAI21_X2M_A6P5PP140ZTS_C35)                               0.02      0.02       0.79 f
  n963 (net)                                    1         0.00                0.00       0.79 f
  U554/Y (NAND2_X3M_A6P5PP140ZTS_C35)                               0.02      0.02       0.81 r
  n1070 (net)                                   3         0.00                0.00       0.81 r
  U147/Y (INV_X3M_A6P5PP140ZTS_C35)                                 0.01      0.01       0.81 f
  n253 (net)                                    1         0.00                0.00       0.81 f
  U155/Y (NAND2_X2M_A6P5PP140ZTS_C35)                               0.01      0.01       0.83 r
  n81 (net)                                     1         0.00                0.00       0.83 r
  U361/Y (NOR2_X3TA_A6P5PP140ZTS_C35)                               0.01      0.01       0.84 f
  n1125 (net)                                   3         0.00                0.00       0.84 f
  U1155/Y (AO21A1AI2_X1M_A6P5PP140ZTS_C35)                          0.04      0.03       0.87 r
  n1047 (net)                                   1         0.00                0.00       0.87 r
  U423/Y (OAI211_X3M_A6P5PP140ZTS_C35)                              0.02      0.02       0.89 f
  n101 (net)                                    1         0.00                0.00       0.89 f
  U3/Y (OAI21_X2M_A6P5PP140ZTS_C35)                                 0.02      0.02       0.90 r
  n1064 (net)                                   1         0.00                0.00       0.90 r
  U1164/Y (NAND2_X1P4TA_A6P5PP140ZTS_C35)                           0.01      0.01       0.91 f
  u_dut/z_comb[3] (net)                         1         0.00                0.00       0.91 f
  u_dut/z_o_reg[3]/D (DFFRPQA_X1M_A6P5PP140ZTS_C35)                 0.01      0.00       0.91 f
  data arrival time                                                                      0.91

  clock clk (rise edge)                                                       1.00       1.00
  clock network delay (ideal)                                                 0.00       1.00
  clock uncertainty                                                          -0.05       0.95
  u_dut/z_o_reg[3]/CK (DFFRPQA_X1M_A6P5PP140ZTS_C35)                          0.00       0.95 r
  library setup time                                                         -0.03       0.92
  data required time                                                                     0.92
  ----------------------------------------------------------------------------------------------
  data required time                                                                     0.92
  data arrival time                                                                     -0.91
  ----------------------------------------------------------------------------------------------
  slack (MET)                                                                            0.00


  Startpoint: a_i[4] (input port clocked by clk)
  Endpoint: u_dut/z_o_reg[3]
            (rising edge-triggered flip-flop clocked by clk)
  Path Group: clk
  Path Type: max

  Des/Clust/Port     Wire Load Model       Library
  ------------------------------------------------
  char_top           Zero                  sc6p5mcpp140z_cln22ul_base_svt_c35_tt_typical_max_0p80v_25c

  Point                                       Fanout       Cap     Trans      Incr       Path
  ----------------------------------------------------------------------------------------------
  clock clk (rise edge)                                                       0.00       0.00
  clock network delay (ideal)                                                 0.00       0.00
  input external delay                                                        0.10       0.10 r
  a_i[4] (in)                                                       0.05      0.00       0.10 r
  a_i[4] (net)                                  8         0.01                0.00       0.10 r
  U670/Y (XNOR2_X4M_A6P5PP140ZTS_C35)                               0.04      0.04       0.14 r
  n822 (net)                                    4         0.00                0.00       0.14 r
  U524/Y (NAND2_X3M_A6P5PP140ZTS_C35)                               0.02      0.01       0.16 f
  n331 (net)                                    2         0.00                0.00       0.16 f
  U744/Y (INV_X1M_A6P5PP140ZTS_C35)                                 0.01      0.01       0.17 r
  n332 (net)                                    1         0.00                0.00       0.17 r
  U656/Y (AOI21_X2M_A6P5PP140ZTS_C35)                               0.02      0.01       0.18 f
  n349 (net)                                    2         0.00                0.00       0.18 f
  U331/Y (OAI21_X1M_A6P5PP140ZTS_C35)                               0.03      0.03       0.21 r
  n351 (net)                                    1         0.00                0.00       0.21 r
  U292/Y (XNOR2_X2M_A6P5PP140ZTS_C35)                               0.03      0.04       0.25 r
  n222 (net)                                    1         0.00                0.00       0.25 r
  U648/Y (MXIT2_X3M_A6P5PP140ZTS_C35)                               0.02      0.02       0.27 f
  n358 (net)                                    2         0.00                0.00       0.27 f
  U647/Y (AOI21_X3M_A6P5PP140ZTS_C35)                               0.02      0.02       0.29 r
  n795 (net)                                    3         0.00                0.00       0.29 r
  U79/Y (NAND2_X1P4TA_A6P5PP140ZTS_C35)                             0.02      0.02       0.31 f
  n391 (net)                                    2         0.00                0.00       0.31 f
  U447/Y (NOR2_X3TA_A6P5PP140ZTS_C35)                               0.02      0.02       0.33 r
  n112 (net)                                    4         0.00                0.00       0.33 r
  U262/Y (INV_X3M_A6P5PP140ZTS_C35)                                 0.01      0.01       0.34 f
  n425 (net)                                    2         0.00                0.00       0.34 f
  U575/Y (OAI21_X3M_A6P5PP140ZTS_C35)                               0.03      0.02       0.37 r
  n166 (net)                                    2         0.00                0.00       0.37 r
  U573/Y (INV_X2M_A6P5PP140ZTS_C35)                                 0.01      0.01       0.38 f
  n165 (net)                                    1         0.00                0.00       0.38 f
  U396/Y (OAI21_X3M_A6P5PP140ZTS_C35)                               0.03      0.02       0.40 r
  n600 (net)                                    3         0.00                0.00       0.40 r
  U238/Y (NOR2_X4A_A6P5PP140ZTS_C35)                                0.02      0.02       0.42 f
  n502 (net)                                    5         0.00                0.00       0.42 f
  U170/Y (NOR2_X2A_A6P5PP140ZTS_C35)                                0.01      0.01       0.43 r
  n111 (net)                                    1         0.00                0.00       0.43 r
  U231/Y (AND2_X2M_A6P5PP140ZTS_C35)                                0.02      0.03       0.46 r
  n157 (net)                                    1         0.00                0.00       0.46 r
  U500/Y (NAND2_X6M_A6P5PP140ZTS_C35)                               0.02      0.01       0.47 f
  n239 (net)                                    2         0.00                0.00       0.47 f
  U484/Y (NAND2_X8M_A6P5PP140ZTS_C35)                               0.02      0.02       0.49 r
  n585 (net)                                    8         0.01                0.00       0.49 r
  U255/Y (AO21B_X1M_A6P5PP140ZTS_C35)                               0.02      0.03       0.52 r
  n45 (net)                                     1         0.00                0.00       0.52 r
  U253/Y (NAND2_X3M_A6P5PP140ZTS_C35)                               0.02      0.02       0.54 f
  n1131 (net)                                   4         0.00                0.00       0.54 f
  U481/Y (XOR2_X2M_A6P5PP140ZTS_C35)                                0.03      0.04       0.57 f
  u_dut/u_dw_fp_mac/ULSD/a_int[8] (net)         2         0.00                0.00       0.57 f
  U1209/Y (NOR2_X3A_A6P5PP140ZTS_C35)                               0.03      0.02       0.60 r
  u_dut/u_dw_fp_mac/ULSD/U1/enc_tree[1][1][10] (net)
                                                3         0.00                0.00       0.60 r
  U284/Y (OAI21_X3M_A6P5PP140ZTS_C35)                               0.02      0.02       0.62 f
  u_dut/u_dw_fp_mac/ULSD/U1/enc_tree[1][2][12] (net)
                                                2         0.00                0.00       0.62 f
  U203/Y (NOR2_X6A_A6P5PP140ZTS_C35)                                0.03      0.03       0.65 r
  u_dut/u_dw_fp_mac/lzdout[1] (net)             6         0.01                0.00       0.65 r
  U287/Y (NOR2_X3TA_A6P5PP140ZTS_C35)                               0.01      0.01       0.66 f
  n792 (net)                                    2         0.00                0.00       0.66 f
  U1035/Y (INV_X1M_A6P5PP140ZTS_C35)                                0.02      0.01       0.67 r
  n794 (net)                                    1         0.00                0.00       0.67 r
  U30/Y (XOR2_X2M_A6P5PP140ZTS_C35)                                 0.04      0.04       0.71 r
  n808 (net)                                    3         0.00                0.00       0.71 r
  U124/Y (NAND2_X1P4TA_A6P5PP140ZTS_C35)                            0.02      0.02       0.73 f
  n11 (net)                                     1         0.00                0.00       0.73 f
  U175/Y (NOR2_X3A_A6P5PP140ZTS_C35)                                0.02      0.02       0.75 r
  n986 (net)                                    3         0.00                0.00       0.75 r
  U716/Y (NAND2_X1P4TA_A6P5PP140ZTS_C35)                            0.01      0.01       0.76 f
  n955 (net)                                    1         0.00                0.00       0.76 f
  U201/Y (NAND2_X2A_A6P5PP140ZTS_C35)                               0.01      0.01       0.77 r
  n89 (net)                                     1         0.00                0.00       0.77 r
  U294/Y (OAI21_X2M_A6P5PP140ZTS_C35)                               0.02      0.02       0.79 f
  n963 (net)                                    1         0.00                0.00       0.79 f
  U554/Y (NAND2_X3M_A6P5PP140ZTS_C35)                               0.02      0.02       0.81 r
  n1070 (net)                                   3         0.00                0.00       0.81 r
  U147/Y (INV_X3M_A6P5PP140ZTS_C35)                                 0.01      0.01       0.81 f
  n253 (net)                                    1         0.00                0.00       0.81 f
  U155/Y (NAND2_X2M_A6P5PP140ZTS_C35)                               0.01      0.01       0.83 r
  n81 (net)                                     1         0.00                0.00       0.83 r
  U361/Y (NOR2_X3TA_A6P5PP140ZTS_C35)                               0.01      0.01       0.84 f
  n1125 (net)                                   3         0.00                0.00       0.84 f
  U1155/Y (AO21A1AI2_X1M_A6P5PP140ZTS_C35)                          0.04      0.03       0.87 r
  n1047 (net)                                   1         0.00                0.00       0.87 r
  U423/Y (OAI211_X3M_A6P5PP140ZTS_C35)                              0.02      0.02       0.89 f
  n101 (net)                                    1         0.00                0.00       0.89 f
  U3/Y (OAI21_X2M_A6P5PP140ZTS_C35)                                 0.02      0.02       0.90 r
  n1064 (net)                                   1         0.00                0.00       0.90 r
  U1164/Y (NAND2_X1P4TA_A6P5PP140ZTS_C35)                           0.01      0.01       0.91 f
  u_dut/z_comb[3] (net)                         1         0.00                0.00       0.91 f
  u_dut/z_o_reg[3]/D (DFFRPQA_X1M_A6P5PP140ZTS_C35)                 0.01      0.00       0.91 f
  data arrival time                                                                      0.91

  clock clk (rise edge)                                                       1.00       1.00
  clock network delay (ideal)                                                 0.00       1.00
  clock uncertainty                                                          -0.05       0.95
  u_dut/z_o_reg[3]/CK (DFFRPQA_X1M_A6P5PP140ZTS_C35)                          0.00       0.95 r
  library setup time                                                         -0.03       0.92
  data required time                                                                     0.92
  ----------------------------------------------------------------------------------------------
  data required time                                                                     0.92
  data arrival time                                                                     -0.91
  ----------------------------------------------------------------------------------------------
  slack (MET)                                                                            0.00


  Startpoint: b_i[6] (input port clocked by clk)
  Endpoint: u_dut/status_o_reg[5]
            (rising edge-triggered flip-flop clocked by clk)
  Path Group: clk
  Path Type: max

  Des/Clust/Port     Wire Load Model       Library
  ------------------------------------------------
  char_top           Zero                  sc6p5mcpp140z_cln22ul_base_svt_c35_tt_typical_max_0p80v_25c

  Point                                       Fanout       Cap     Trans      Incr       Path
  ----------------------------------------------------------------------------------------------
  clock clk (rise edge)                                                       0.00       0.00
  clock network delay (ideal)                                                 0.00       0.00
  input external delay                                                        0.10       0.10 r
  b_i[6] (in)                                                       0.05      0.00       0.10 r
  b_i[6] (net)                                  8         0.01                0.00       0.10 r
  U473/Y (XNOR2_X4M_A6P5PP140ZTS_C35)                               0.04      0.04       0.14 r
  n979 (net)                                    3         0.00                0.00       0.14 r
  U479/Y (NAND2_X3M_A6P5PP140ZTS_C35)                               0.02      0.02       0.16 f
  n319 (net)                                    1         0.00                0.00       0.16 f
  U408/Y (NAND2_X3M_A6P5PP140ZTS_C35)                               0.02      0.02       0.17 r
  n320 (net)                                    2         0.00                0.00       0.17 r
  U88/Y (NOR2_X4A_A6P5PP140ZTS_C35)                                 0.02      0.01       0.18 f
  n128 (net)                                    2         0.00                0.00       0.18 f
  U377/Y (NOR2_X3A_A6P5PP140ZTS_C35)                                0.01      0.01       0.20 r
  n84 (net)                                     1         0.00                0.00       0.20 r
  U149/Y (INV_X2P5M_A6P5PP140ZTS_C35)                               0.01      0.01       0.21 f
  n29 (net)                                     1         0.00                0.00       0.21 f
  U194/Y (NOR2_X3TA_A6P5PP140ZTS_C35)                               0.02      0.02       0.22 r
  n262 (net)                                    1         0.00                0.00       0.22 r
  U649/Y (NOR2_X8TA_A6P5PP140ZTS_C35)                               0.03      0.02       0.24 f
  n786 (net)                                   12         0.01                0.00       0.24 f
  U250/Y (NAND2_X4M_A6P5PP140ZTS_C35)                               0.02      0.02       0.26 r
  n421 (net)                                   10         0.00                0.00       0.26 r
  U788/Y (MXIT2_X1M_A6P5PP140ZTS_C35)                               0.03      0.02       0.28 f
  n395 (net)                                    1         0.00                0.00       0.28 f
  U789/Y (OR2_X1M_A6P5PP140ZTS_C35)                                 0.01      0.03       0.32 f
  n396 (net)                                    2         0.00                0.00       0.32 f
  U790/Y (NOR2_X1A_A6P5PP140ZTS_C35)                                0.02      0.02       0.33 r
  n613 (net)                                    1         0.00                0.00       0.33 r
  U911/Y (INV_X1M_A6P5PP140ZTS_C35)                                 0.01      0.01       0.34 f
  n615 (net)                                    2         0.00                0.00       0.34 f
  U74/Y (NAND2_X1M_A6P5PP140ZTS_C35)                                0.02      0.02       0.36 r
  n95 (net)                                     1         0.00                0.00       0.36 r
  U278/Y (OAI21_X3M_A6P5PP140ZTS_C35)                               0.02      0.02       0.38 f
  n612 (net)                                    2         0.00                0.00       0.38 f
  U276/Y (AOI21_X3M_A6P5PP140ZTS_C35)                               0.02      0.03       0.41 r
  n609 (net)                                    2         0.00                0.00       0.41 r
  U272/Y (OAI21_X3M_A6P5PP140ZTS_C35)                               0.02      0.02       0.42 f
  n513 (net)                                    2         0.00                0.00       0.42 f
  U402/Y (NAND2_X3M_A6P5PP140ZTS_C35)                               0.02      0.02       0.44 r
  n248 (net)                                    1         0.00                0.00       0.44 r
  U489/Y (NAND2_X8M_A6P5PP140ZTS_C35)                               0.02      0.01       0.45 f
  n507 (net)                                    4         0.00                0.00       0.45 f
  U500/Y (NAND2_X6M_A6P5PP140ZTS_C35)                               0.01      0.02       0.47 r
  n239 (net)                                    2         0.00                0.00       0.47 r
  U484/Y (NAND2_X8M_A6P5PP140ZTS_C35)                               0.02      0.02       0.49 f
  n585 (net)                                    8         0.01                0.00       0.49 f
  U652/Y (AOI21_X3M_A6P5PP140ZTS_C35)                               0.02      0.03       0.51 r
  n562 (net)                                    1         0.00                0.00       0.51 r
  U538/Y (XNOR2_X4M_A6P5PP140ZTS_C35)                               0.03      0.03       0.54 r
  n1065 (net)                                   3         0.00                0.00       0.54 r
  U1165/Y (INV_X1M_A6P5PP140ZTS_C35)                                0.02      0.02       0.56 f
  n1066 (net)                                   1         0.00                0.00       0.56 f
  U418/Y (XNOR2_X4M_A6P5PP140ZTS_C35)                               0.02      0.03       0.58 f
  n99 (net)                                     1         0.00                0.00       0.58 f
  U417/Y (AOI21_X3M_A6P5PP140ZTS_C35)                               0.03      0.02       0.61 r
  u_dut/u_dw_fp_mac/ULSD/U1/enc_tree[0][1][14] (net)
                                                1         0.00                0.00       0.61 r
  U570/Y (NAND2_X3TA_A6P5PP140ZTS_C35)                              0.02      0.02       0.62 f
  n598 (net)                                    1         0.00                0.00       0.62 f
  U897/Y (NOR2_X8TA_A6P5PP140ZTS_C35)                               0.04      0.03       0.65 r
  n994 (net)                                   22         0.02                0.00       0.65 r
  U464/Y (NOR2_X6A_A6P5PP140ZTS_C35)                                0.02      0.02       0.67 f
  n919 (net)                                    5         0.00                0.00       0.67 f
  U33/Y (AOI22_X3M_A6P5PP140ZTS_C35)                                0.03      0.03       0.70 r
  n748 (net)                                    2         0.00                0.00       0.70 r
  U232/Y (NAND2_X1P4TA_A6P5PP140ZTS_C35)                            0.01      0.01       0.71 f
  n36 (net)                                     1         0.00                0.00       0.71 f
  U223/Y (INV_X2P5M_A6P5PP140ZTS_C35)                               0.01      0.01       0.72 r
  n903 (net)                                    2         0.00                0.00       0.72 r
  U210/Y (INV_X2M_A6P5PP140ZTS_C35)                                 0.01      0.01       0.73 f
  n904 (net)                                    1         0.00                0.00       0.73 f
  U421/Y (OAI22_X2M_A6P5PP140ZTS_C35)                               0.03      0.02       0.75 r
  n915 (net)                                    1         0.00                0.00       0.75 r
  U700/Y (NOR2_X2A_A6P5PP140ZTS_C35)                                0.02      0.01       0.76 f
  n1088 (net)                                   2         0.00                0.00       0.76 f
  U655/Y (NOR2_X3TA_A6P5PP140ZTS_C35)                               0.01      0.01       0.77 r
  n1143 (net)                                   2         0.00                0.00       0.77 r
  U415/Y (NAND2_X3M_A6P5PP140ZTS_C35)                               0.02      0.02       0.79 f
  n1044 (net)                                   3         0.00                0.00       0.79 f
  U357/Y (NOR3_X4M_A6P5PP140ZTS_C35)                                0.03      0.03       0.82 r
  n1163 (net)                                   5         0.00                0.00       0.82 r
  U711/Y (INV_X1M_A6P5PP140ZTS_C35)                                 0.02      0.02       0.84 f
  n1094 (net)                                   2         0.00                0.00       0.84 f
  U9/Y (NOR2_X1P4TA_A6P5PP140ZTS_C35)                               0.01      0.01       0.86 r
  n1115 (net)                                   1         0.00                0.00       0.86 r
  U128/Y (NAND2_X1M_A6P5PP140ZTS_C35)                               0.02      0.01       0.87 f
  n1116 (net)                                   1         0.00                0.00       0.87 f
  U363/Y (OAI211_X2M_A6P5PP140ZTS_C35)                              0.03      0.02       0.89 r
  n1129 (net)                                   2         0.00                0.00       0.89 r
  U1189/Y (OAI211_X1M_A6P5PP140ZTS_C35)                             0.02      0.02       0.91 f
  u_dut/status_comb[5] (net)                    1         0.00                0.00       0.91 f
  u_dut/status_o_reg[5]/D (DFFRPQA_X1M_A6P5PP140ZTS_C35)            0.02      0.00       0.91 f
  data arrival time                                                                      0.91

  clock clk (rise edge)                                                       1.00       1.00
  clock network delay (ideal)                                                 0.00       1.00
  clock uncertainty                                                          -0.05       0.95
  u_dut/status_o_reg[5]/CK (DFFRPQA_X1M_A6P5PP140ZTS_C35)                     0.00       0.95 r
  library setup time                                                         -0.04       0.91
  data required time                                                                     0.91
  ----------------------------------------------------------------------------------------------
  data required time                                                                     0.91
  data arrival time                                                                     -0.91
  ----------------------------------------------------------------------------------------------
  slack (MET)                                                                            0.00


  Startpoint: b_i[6] (input port clocked by clk)
  Endpoint: u_dut/status_o_reg[5]
            (rising edge-triggered flip-flop clocked by clk)
  Path Group: clk
  Path Type: max

  Des/Clust/Port     Wire Load Model       Library
  ------------------------------------------------
  char_top           Zero                  sc6p5mcpp140z_cln22ul_base_svt_c35_tt_typical_max_0p80v_25c

  Point                                       Fanout       Cap     Trans      Incr       Path
  ----------------------------------------------------------------------------------------------
  clock clk (rise edge)                                                       0.00       0.00
  clock network delay (ideal)                                                 0.00       0.00
  input external delay                                                        0.10       0.10 r
  b_i[6] (in)                                                       0.05      0.00       0.10 r
  b_i[6] (net)                                  8         0.01                0.00       0.10 r
  U473/Y (XNOR2_X4M_A6P5PP140ZTS_C35)                               0.04      0.04       0.14 r
  n979 (net)                                    3         0.00                0.00       0.14 r
  U479/Y (NAND2_X3M_A6P5PP140ZTS_C35)                               0.02      0.02       0.16 f
  n319 (net)                                    1         0.00                0.00       0.16 f
  U408/Y (NAND2_X3M_A6P5PP140ZTS_C35)                               0.02      0.02       0.17 r
  n320 (net)                                    2         0.00                0.00       0.17 r
  U88/Y (NOR2_X4A_A6P5PP140ZTS_C35)                                 0.02      0.01       0.18 f
  n128 (net)                                    2         0.00                0.00       0.18 f
  U377/Y (NOR2_X3A_A6P5PP140ZTS_C35)                                0.01      0.01       0.20 r
  n84 (net)                                     1         0.00                0.00       0.20 r
  U149/Y (INV_X2P5M_A6P5PP140ZTS_C35)                               0.01      0.01       0.21 f
  n29 (net)                                     1         0.00                0.00       0.21 f
  U194/Y (NOR2_X3TA_A6P5PP140ZTS_C35)                               0.02      0.02       0.22 r
  n262 (net)                                    1         0.00                0.00       0.22 r
  U649/Y (NOR2_X8TA_A6P5PP140ZTS_C35)                               0.03      0.02       0.24 f
  n786 (net)                                   12         0.01                0.00       0.24 f
  U250/Y (NAND2_X4M_A6P5PP140ZTS_C35)                               0.02      0.02       0.26 r
  n421 (net)                                   10         0.00                0.00       0.26 r
  U788/Y (MXIT2_X1M_A6P5PP140ZTS_C35)                               0.03      0.02       0.28 f
  n395 (net)                                    1         0.00                0.00       0.28 f
  U789/Y (OR2_X1M_A6P5PP140ZTS_C35)                                 0.01      0.03       0.32 f
  n396 (net)                                    2         0.00                0.00       0.32 f
  U790/Y (NOR2_X1A_A6P5PP140ZTS_C35)                                0.02      0.02       0.33 r
  n613 (net)                                    1         0.00                0.00       0.33 r
  U911/Y (INV_X1M_A6P5PP140ZTS_C35)                                 0.01      0.01       0.34 f
  n615 (net)                                    2         0.00                0.00       0.34 f
  U74/Y (NAND2_X1M_A6P5PP140ZTS_C35)                                0.02      0.02       0.36 r
  n95 (net)                                     1         0.00                0.00       0.36 r
  U278/Y (OAI21_X3M_A6P5PP140ZTS_C35)                               0.02      0.02       0.38 f
  n612 (net)                                    2         0.00                0.00       0.38 f
  U276/Y (AOI21_X3M_A6P5PP140ZTS_C35)                               0.02      0.03       0.41 r
  n609 (net)                                    2         0.00                0.00       0.41 r
  U272/Y (OAI21_X3M_A6P5PP140ZTS_C35)                               0.02      0.02       0.42 f
  n513 (net)                                    2         0.00                0.00       0.42 f
  U402/Y (NAND2_X3M_A6P5PP140ZTS_C35)                               0.02      0.02       0.44 r
  n248 (net)                                    1         0.00                0.00       0.44 r
  U489/Y (NAND2_X8M_A6P5PP140ZTS_C35)                               0.02      0.01       0.45 f
  n507 (net)                                    4         0.00                0.00       0.45 f
  U500/Y (NAND2_X6M_A6P5PP140ZTS_C35)                               0.01      0.02       0.47 r
  n239 (net)                                    2         0.00                0.00       0.47 r
  U484/Y (NAND2_X8M_A6P5PP140ZTS_C35)                               0.02      0.02       0.49 f
  n585 (net)                                    8         0.01                0.00       0.49 f
  U652/Y (AOI21_X3M_A6P5PP140ZTS_C35)                               0.02      0.03       0.51 r
  n562 (net)                                    1         0.00                0.00       0.51 r
  U538/Y (XNOR2_X4M_A6P5PP140ZTS_C35)                               0.03      0.03       0.54 r
  n1065 (net)                                   3         0.00                0.00       0.54 r
  U1165/Y (INV_X1M_A6P5PP140ZTS_C35)                                0.02      0.02       0.56 f
  n1066 (net)                                   1         0.00                0.00       0.56 f
  U418/Y (XNOR2_X4M_A6P5PP140ZTS_C35)                               0.02      0.03       0.58 f
  n99 (net)                                     1         0.00                0.00       0.58 f
  U417/Y (AOI21_X3M_A6P5PP140ZTS_C35)                               0.03      0.02       0.61 r
  u_dut/u_dw_fp_mac/ULSD/U1/enc_tree[0][1][14] (net)
                                                1         0.00                0.00       0.61 r
  U570/Y (NAND2_X3TA_A6P5PP140ZTS_C35)                              0.02      0.02       0.62 f
  n598 (net)                                    1         0.00                0.00       0.62 f
  U897/Y (NOR2_X8TA_A6P5PP140ZTS_C35)                               0.04      0.03       0.65 r
  n994 (net)                                   22         0.02                0.00       0.65 r
  U464/Y (NOR2_X6A_A6P5PP140ZTS_C35)                                0.02      0.02       0.67 f
  n919 (net)                                    5         0.00                0.00       0.67 f
  U33/Y (AOI22_X3M_A6P5PP140ZTS_C35)                                0.03      0.03       0.70 r
  n748 (net)                                    2         0.00                0.00       0.70 r
  U232/Y (NAND2_X1P4TA_A6P5PP140ZTS_C35)                            0.01      0.01       0.71 f
  n36 (net)                                     1         0.00                0.00       0.71 f
  U223/Y (INV_X2P5M_A6P5PP140ZTS_C35)                               0.01      0.01       0.72 r
  n903 (net)                                    2         0.00                0.00       0.72 r
  U210/Y (INV_X2M_A6P5PP140ZTS_C35)                                 0.01      0.01       0.73 f
  n904 (net)                                    1         0.00                0.00       0.73 f
  U421/Y (OAI22_X2M_A6P5PP140ZTS_C35)                               0.03      0.02       0.75 r
  n915 (net)                                    1         0.00                0.00       0.75 r
  U700/Y (NOR2_X2A_A6P5PP140ZTS_C35)                                0.02      0.01       0.76 f
  n1088 (net)                                   2         0.00                0.00       0.76 f
  U655/Y (NOR2_X3TA_A6P5PP140ZTS_C35)                               0.01      0.01       0.77 r
  n1143 (net)                                   2         0.00                0.00       0.77 r
  U415/Y (NAND2_X3M_A6P5PP140ZTS_C35)                               0.02      0.02       0.79 f
  n1044 (net)                                   3         0.00                0.00       0.79 f
  U357/Y (NOR3_X4M_A6P5PP140ZTS_C35)                                0.03      0.03       0.82 r
  n1163 (net)                                   5         0.00                0.00       0.82 r
  U711/Y (INV_X1M_A6P5PP140ZTS_C35)                                 0.02      0.02       0.84 f
  n1094 (net)                                   2         0.00                0.00       0.84 f
  U9/Y (NOR2_X1P4TA_A6P5PP140ZTS_C35)                               0.01      0.01       0.86 r
  n1115 (net)                                   1         0.00                0.00       0.86 r
  U128/Y (NAND2_X1M_A6P5PP140ZTS_C35)                               0.02      0.01       0.87 f
  n1116 (net)                                   1         0.00                0.00       0.87 f
  U363/Y (OAI211_X2M_A6P5PP140ZTS_C35)                              0.03      0.02       0.89 r
  n1129 (net)                                   2         0.00                0.00       0.89 r
  U1189/Y (OAI211_X1M_A6P5PP140ZTS_C35)                             0.02      0.02       0.91 f
  u_dut/status_comb[5] (net)                    1         0.00                0.00       0.91 f
  u_dut/status_o_reg[5]/D (DFFRPQA_X1M_A6P5PP140ZTS_C35)            0.02      0.00       0.91 f
  data arrival time                                                                      0.91

  clock clk (rise edge)                                                       1.00       1.00
  clock network delay (ideal)                                                 0.00       1.00
  clock uncertainty                                                          -0.05       0.95
  u_dut/status_o_reg[5]/CK (DFFRPQA_X1M_A6P5PP140ZTS_C35)                     0.00       0.95 r
  library setup time                                                         -0.04       0.91
  data required time                                                                     0.91
  ----------------------------------------------------------------------------------------------
  data required time                                                                     0.91
  data arrival time                                                                     -0.91
  ----------------------------------------------------------------------------------------------
  slack (MET)                                                                            0.00


  Startpoint: a_i[6] (input port clocked by clk)
  Endpoint: u_dut/z_o_reg[3]
            (rising edge-triggered flip-flop clocked by clk)
  Path Group: clk
  Path Type: max

  Des/Clust/Port     Wire Load Model       Library
  ------------------------------------------------
  char_top           Zero                  sc6p5mcpp140z_cln22ul_base_svt_c35_tt_typical_max_0p80v_25c

  Point                                       Fanout       Cap     Trans      Incr       Path
  ----------------------------------------------------------------------------------------------
  clock clk (rise edge)                                                       0.00       0.00
  clock network delay (ideal)                                                 0.00       0.00
  input external delay                                                        0.10       0.10 r
  a_i[6] (in)                                                       0.05      0.00       0.10 r
  a_i[6] (net)                                  9         0.01                0.00       0.10 r
  U749/Y (XOR3_X1M_A6P5PP140ZTS_C35)                                0.03      0.08       0.18 r
  n347 (net)                                    1         0.00                0.00       0.18 r
  U84/Y (XNOR2_X1M_A6P5PP140ZTS_C35)                                0.04      0.04       0.22 r
  n86 (net)                                     1         0.00                0.00       0.22 r
  U292/Y (XNOR2_X2M_A6P5PP140ZTS_C35)                               0.03      0.03       0.25 r
  n222 (net)                                    1         0.00                0.00       0.25 r
  U648/Y (MXIT2_X3M_A6P5PP140ZTS_C35)                               0.02      0.02       0.27 f
  n358 (net)                                    2         0.00                0.00       0.27 f
  U647/Y (AOI21_X3M_A6P5PP140ZTS_C35)                               0.02      0.02       0.29 r
  n795 (net)                                    3         0.00                0.00       0.29 r
  U79/Y (NAND2_X1P4TA_A6P5PP140ZTS_C35)                             0.02      0.02       0.31 f
  n391 (net)                                    2         0.00                0.00       0.31 f
  U447/Y (NOR2_X3TA_A6P5PP140ZTS_C35)                               0.02      0.02       0.33 r
  n112 (net)                                    4         0.00                0.00       0.33 r
  U262/Y (INV_X3M_A6P5PP140ZTS_C35)                                 0.01      0.01       0.34 f
  n425 (net)                                    2         0.00                0.00       0.34 f
  U575/Y (OAI21_X3M_A6P5PP140ZTS_C35)                               0.03      0.02       0.37 r
  n166 (net)                                    2         0.00                0.00       0.37 r
  U573/Y (INV_X2M_A6P5PP140ZTS_C35)                                 0.01      0.01       0.38 f
  n165 (net)                                    1         0.00                0.00       0.38 f
  U396/Y (OAI21_X3M_A6P5PP140ZTS_C35)                               0.03      0.02       0.40 r
  n600 (net)                                    3         0.00                0.00       0.40 r
  U238/Y (NOR2_X4A_A6P5PP140ZTS_C35)                                0.02      0.02       0.42 f
  n502 (net)                                    5         0.00                0.00       0.42 f
  U170/Y (NOR2_X2A_A6P5PP140ZTS_C35)                                0.01      0.01       0.43 r
  n111 (net)                                    1         0.00                0.00       0.43 r
  U231/Y (AND2_X2M_A6P5PP140ZTS_C35)                                0.02      0.03       0.46 r
  n157 (net)                                    1         0.00                0.00       0.46 r
  U500/Y (NAND2_X6M_A6P5PP140ZTS_C35)                               0.02      0.01       0.47 f
  n239 (net)                                    2         0.00                0.00       0.47 f
  U484/Y (NAND2_X8M_A6P5PP140ZTS_C35)                               0.02      0.02       0.49 r
  n585 (net)                                    8         0.01                0.00       0.49 r
  U255/Y (AO21B_X1M_A6P5PP140ZTS_C35)                               0.02      0.03       0.52 r
  n45 (net)                                     1         0.00                0.00       0.52 r
  U253/Y (NAND2_X3M_A6P5PP140ZTS_C35)                               0.02      0.02       0.54 f
  n1131 (net)                                   4         0.00                0.00       0.54 f
  U481/Y (XOR2_X2M_A6P5PP140ZTS_C35)                                0.03      0.04       0.57 f
  u_dut/u_dw_fp_mac/ULSD/a_int[8] (net)         2         0.00                0.00       0.57 f
  U1209/Y (NOR2_X3A_A6P5PP140ZTS_C35)                               0.03      0.02       0.60 r
  u_dut/u_dw_fp_mac/ULSD/U1/enc_tree[1][1][10] (net)
                                                3         0.00                0.00       0.60 r
  U284/Y (OAI21_X3M_A6P5PP140ZTS_C35)                               0.02      0.02       0.62 f
  u_dut/u_dw_fp_mac/ULSD/U1/enc_tree[1][2][12] (net)
                                                2         0.00                0.00       0.62 f
  U203/Y (NOR2_X6A_A6P5PP140ZTS_C35)                                0.03      0.03       0.65 r
  u_dut/u_dw_fp_mac/lzdout[1] (net)             6         0.01                0.00       0.65 r
  U287/Y (NOR2_X3TA_A6P5PP140ZTS_C35)                               0.01      0.01       0.66 f
  n792 (net)                                    2         0.00                0.00       0.66 f
  U1035/Y (INV_X1M_A6P5PP140ZTS_C35)                                0.02      0.01       0.67 r
  n794 (net)                                    1         0.00                0.00       0.67 r
  U30/Y (XOR2_X2M_A6P5PP140ZTS_C35)                                 0.04      0.04       0.71 r
  n808 (net)                                    3         0.00                0.00       0.71 r
  U124/Y (NAND2_X1P4TA_A6P5PP140ZTS_C35)                            0.02      0.02       0.73 f
  n11 (net)                                     1         0.00                0.00       0.73 f
  U175/Y (NOR2_X3A_A6P5PP140ZTS_C35)                                0.02      0.02       0.75 r
  n986 (net)                                    3         0.00                0.00       0.75 r
  U716/Y (NAND2_X1P4TA_A6P5PP140ZTS_C35)                            0.01      0.01       0.76 f
  n955 (net)                                    1         0.00                0.00       0.76 f
  U201/Y (NAND2_X2A_A6P5PP140ZTS_C35)                               0.01      0.01       0.77 r
  n89 (net)                                     1         0.00                0.00       0.77 r
  U294/Y (OAI21_X2M_A6P5PP140ZTS_C35)                               0.02      0.02       0.79 f
  n963 (net)                                    1         0.00                0.00       0.79 f
  U554/Y (NAND2_X3M_A6P5PP140ZTS_C35)                               0.02      0.02       0.81 r
  n1070 (net)                                   3         0.00                0.00       0.81 r
  U147/Y (INV_X3M_A6P5PP140ZTS_C35)                                 0.01      0.01       0.81 f
  n253 (net)                                    1         0.00                0.00       0.81 f
  U155/Y (NAND2_X2M_A6P5PP140ZTS_C35)                               0.01      0.01       0.83 r
  n81 (net)                                     1         0.00                0.00       0.83 r
  U361/Y (NOR2_X3TA_A6P5PP140ZTS_C35)                               0.01      0.01       0.84 f
  n1125 (net)                                   3         0.00                0.00       0.84 f
  U1155/Y (AO21A1AI2_X1M_A6P5PP140ZTS_C35)                          0.04      0.03       0.87 r
  n1047 (net)                                   1         0.00                0.00       0.87 r
  U423/Y (OAI211_X3M_A6P5PP140ZTS_C35)                              0.02      0.02       0.89 f
  n101 (net)                                    1         0.00                0.00       0.89 f
  U3/Y (OAI21_X2M_A6P5PP140ZTS_C35)                                 0.02      0.02       0.90 r
  n1064 (net)                                   1         0.00                0.00       0.90 r
  U1164/Y (NAND2_X1P4TA_A6P5PP140ZTS_C35)                           0.01      0.01       0.91 f
  u_dut/z_comb[3] (net)                         1         0.00                0.00       0.91 f
  u_dut/z_o_reg[3]/D (DFFRPQA_X1M_A6P5PP140ZTS_C35)                 0.01      0.00       0.91 f
  data arrival time                                                                      0.91

  clock clk (rise edge)                                                       1.00       1.00
  clock network delay (ideal)                                                 0.00       1.00
  clock uncertainty                                                          -0.05       0.95
  u_dut/z_o_reg[3]/CK (DFFRPQA_X1M_A6P5PP140ZTS_C35)                          0.00       0.95 r
  library setup time                                                         -0.03       0.92
  data required time                                                                     0.92
  ----------------------------------------------------------------------------------------------
  data required time                                                                     0.92
  data arrival time                                                                     -0.91
  ----------------------------------------------------------------------------------------------
  slack (MET)                                                                            0.00


  Startpoint: a_i[6] (input port clocked by clk)
  Endpoint: u_dut/z_o_reg[3]
            (rising edge-triggered flip-flop clocked by clk)
  Path Group: clk
  Path Type: max

  Des/Clust/Port     Wire Load Model       Library
  ------------------------------------------------
  char_top           Zero                  sc6p5mcpp140z_cln22ul_base_svt_c35_tt_typical_max_0p80v_25c

  Point                                       Fanout       Cap     Trans      Incr       Path
  ----------------------------------------------------------------------------------------------
  clock clk (rise edge)                                                       0.00       0.00
  clock network delay (ideal)                                                 0.00       0.00
  input external delay                                                        0.10       0.10 r
  a_i[6] (in)                                                       0.05      0.00       0.10 r
  a_i[6] (net)                                  9         0.01                0.00       0.10 r
  U749/Y (XOR3_X1M_A6P5PP140ZTS_C35)                                0.03      0.08       0.18 r
  n347 (net)                                    1         0.00                0.00       0.18 r
  U84/Y (XNOR2_X1M_A6P5PP140ZTS_C35)                                0.04      0.04       0.22 r
  n86 (net)                                     1         0.00                0.00       0.22 r
  U292/Y (XNOR2_X2M_A6P5PP140ZTS_C35)                               0.03      0.03       0.25 r
  n222 (net)                                    1         0.00                0.00       0.25 r
  U648/Y (MXIT2_X3M_A6P5PP140ZTS_C35)                               0.02      0.02       0.27 f
  n358 (net)                                    2         0.00                0.00       0.27 f
  U647/Y (AOI21_X3M_A6P5PP140ZTS_C35)                               0.02      0.02       0.29 r
  n795 (net)                                    3         0.00                0.00       0.29 r
  U79/Y (NAND2_X1P4TA_A6P5PP140ZTS_C35)                             0.02      0.02       0.31 f
  n391 (net)                                    2         0.00                0.00       0.31 f
  U447/Y (NOR2_X3TA_A6P5PP140ZTS_C35)                               0.02      0.02       0.33 r
  n112 (net)                                    4         0.00                0.00       0.33 r
  U262/Y (INV_X3M_A6P5PP140ZTS_C35)                                 0.01      0.01       0.34 f
  n425 (net)                                    2         0.00                0.00       0.34 f
  U575/Y (OAI21_X3M_A6P5PP140ZTS_C35)                               0.03      0.02       0.37 r
  n166 (net)                                    2         0.00                0.00       0.37 r
  U573/Y (INV_X2M_A6P5PP140ZTS_C35)                                 0.01      0.01       0.38 f
  n165 (net)                                    1         0.00                0.00       0.38 f
  U396/Y (OAI21_X3M_A6P5PP140ZTS_C35)                               0.03      0.02       0.40 r
  n600 (net)                                    3         0.00                0.00       0.40 r
  U238/Y (NOR2_X4A_A6P5PP140ZTS_C35)                                0.02      0.02       0.42 f
  n502 (net)                                    5         0.00                0.00       0.42 f
  U170/Y (NOR2_X2A_A6P5PP140ZTS_C35)                                0.01      0.01       0.43 r
  n111 (net)                                    1         0.00                0.00       0.43 r
  U231/Y (AND2_X2M_A6P5PP140ZTS_C35)                                0.02      0.03       0.46 r
  n157 (net)                                    1         0.00                0.00       0.46 r
  U500/Y (NAND2_X6M_A6P5PP140ZTS_C35)                               0.02      0.01       0.47 f
  n239 (net)                                    2         0.00                0.00       0.47 f
  U484/Y (NAND2_X8M_A6P5PP140ZTS_C35)                               0.02      0.02       0.49 r
  n585 (net)                                    8         0.01                0.00       0.49 r
  U255/Y (AO21B_X1M_A6P5PP140ZTS_C35)                               0.02      0.03       0.52 r
  n45 (net)                                     1         0.00                0.00       0.52 r
  U253/Y (NAND2_X3M_A6P5PP140ZTS_C35)                               0.02      0.02       0.54 f
  n1131 (net)                                   4         0.00                0.00       0.54 f
  U481/Y (XOR2_X2M_A6P5PP140ZTS_C35)                                0.03      0.04       0.57 f
  u_dut/u_dw_fp_mac/ULSD/a_int[8] (net)         2         0.00                0.00       0.57 f
  U1209/Y (NOR2_X3A_A6P5PP140ZTS_C35)                               0.03      0.02       0.60 r
  u_dut/u_dw_fp_mac/ULSD/U1/enc_tree[1][1][10] (net)
                                                3         0.00                0.00       0.60 r
  U284/Y (OAI21_X3M_A6P5PP140ZTS_C35)                               0.02      0.02       0.62 f
  u_dut/u_dw_fp_mac/ULSD/U1/enc_tree[1][2][12] (net)
                                                2         0.00                0.00       0.62 f
  U203/Y (NOR2_X6A_A6P5PP140ZTS_C35)                                0.03      0.03       0.65 r
  u_dut/u_dw_fp_mac/lzdout[1] (net)             6         0.01                0.00       0.65 r
  U287/Y (NOR2_X3TA_A6P5PP140ZTS_C35)                               0.01      0.01       0.66 f
  n792 (net)                                    2         0.00                0.00       0.66 f
  U1035/Y (INV_X1M_A6P5PP140ZTS_C35)                                0.02      0.01       0.67 r
  n794 (net)                                    1         0.00                0.00       0.67 r
  U30/Y (XOR2_X2M_A6P5PP140ZTS_C35)                                 0.04      0.04       0.71 r
  n808 (net)                                    3         0.00                0.00       0.71 r
  U124/Y (NAND2_X1P4TA_A6P5PP140ZTS_C35)                            0.02      0.02       0.73 f
  n11 (net)                                     1         0.00                0.00       0.73 f
  U175/Y (NOR2_X3A_A6P5PP140ZTS_C35)                                0.02      0.02       0.75 r
  n986 (net)                                    3         0.00                0.00       0.75 r
  U716/Y (NAND2_X1P4TA_A6P5PP140ZTS_C35)                            0.01      0.01       0.76 f
  n955 (net)                                    1         0.00                0.00       0.76 f
  U201/Y (NAND2_X2A_A6P5PP140ZTS_C35)                               0.01      0.01       0.77 r
  n89 (net)                                     1         0.00                0.00       0.77 r
  U294/Y (OAI21_X2M_A6P5PP140ZTS_C35)                               0.02      0.02       0.79 f
  n963 (net)                                    1         0.00                0.00       0.79 f
  U554/Y (NAND2_X3M_A6P5PP140ZTS_C35)                               0.02      0.02       0.81 r
  n1070 (net)                                   3         0.00                0.00       0.81 r
  U147/Y (INV_X3M_A6P5PP140ZTS_C35)                                 0.01      0.01       0.81 f
  n253 (net)                                    1         0.00                0.00       0.81 f
  U155/Y (NAND2_X2M_A6P5PP140ZTS_C35)                               0.01      0.01       0.83 r
  n81 (net)                                     1         0.00                0.00       0.83 r
  U361/Y (NOR2_X3TA_A6P5PP140ZTS_C35)                               0.01      0.01       0.84 f
  n1125 (net)                                   3         0.00                0.00       0.84 f
  U1155/Y (AO21A1AI2_X1M_A6P5PP140ZTS_C35)                          0.04      0.03       0.87 r
  n1047 (net)                                   1         0.00                0.00       0.87 r
  U423/Y (OAI211_X3M_A6P5PP140ZTS_C35)                              0.02      0.02       0.89 f
  n101 (net)                                    1         0.00                0.00       0.89 f
  U3/Y (OAI21_X2M_A6P5PP140ZTS_C35)                                 0.02      0.02       0.90 r
  n1064 (net)                                   1         0.00                0.00       0.90 r
  U1164/Y (NAND2_X1P4TA_A6P5PP140ZTS_C35)                           0.01      0.01       0.91 f
  u_dut/z_comb[3] (net)                         1         0.00                0.00       0.91 f
  u_dut/z_o_reg[3]/D (DFFRPQA_X1M_A6P5PP140ZTS_C35)                 0.01      0.00       0.91 f
  data arrival time                                                                      0.91

  clock clk (rise edge)                                                       1.00       1.00
  clock network delay (ideal)                                                 0.00       1.00
  clock uncertainty                                                          -0.05       0.95
  u_dut/z_o_reg[3]/CK (DFFRPQA_X1M_A6P5PP140ZTS_C35)                          0.00       0.95 r
  library setup time                                                         -0.03       0.92
  data required time                                                                     0.92
  ----------------------------------------------------------------------------------------------
  data required time                                                                     0.92
  data arrival time                                                                     -0.91
  ----------------------------------------------------------------------------------------------
  slack (MET)                                                                            0.00


  Startpoint: b_i[6] (input port clocked by clk)
  Endpoint: u_dut/z_o_reg[3]
            (rising edge-triggered flip-flop clocked by clk)
  Path Group: clk
  Path Type: max

  Des/Clust/Port     Wire Load Model       Library
  ------------------------------------------------
  char_top           Zero                  sc6p5mcpp140z_cln22ul_base_svt_c35_tt_typical_max_0p80v_25c

  Point                                       Fanout       Cap     Trans      Incr       Path
  ----------------------------------------------------------------------------------------------
  clock clk (rise edge)                                                       0.00       0.00
  clock network delay (ideal)                                                 0.00       0.00
  input external delay                                                        0.10       0.10 r
  b_i[6] (in)                                                       0.05      0.00       0.10 r
  b_i[6] (net)                                  8         0.01                0.00       0.10 r
  U473/Y (XNOR2_X4M_A6P5PP140ZTS_C35)                               0.04      0.04       0.14 r
  n979 (net)                                    3         0.00                0.00       0.14 r
  U479/Y (NAND2_X3M_A6P5PP140ZTS_C35)                               0.02      0.02       0.16 f
  n319 (net)                                    1         0.00                0.00       0.16 f
  U408/Y (NAND2_X3M_A6P5PP140ZTS_C35)                               0.02      0.02       0.17 r
  n320 (net)                                    2         0.00                0.00       0.17 r
  U88/Y (NOR2_X4A_A6P5PP140ZTS_C35)                                 0.02      0.01       0.18 f
  n128 (net)                                    2         0.00                0.00       0.18 f
  U377/Y (NOR2_X3A_A6P5PP140ZTS_C35)                                0.01      0.01       0.20 r
  n84 (net)                                     1         0.00                0.00       0.20 r
  U149/Y (INV_X2P5M_A6P5PP140ZTS_C35)                               0.01      0.01       0.21 f
  n29 (net)                                     1         0.00                0.00       0.21 f
  U194/Y (NOR2_X3TA_A6P5PP140ZTS_C35)                               0.02      0.02       0.22 r
  n262 (net)                                    1         0.00                0.00       0.22 r
  U649/Y (NOR2_X8TA_A6P5PP140ZTS_C35)                               0.03      0.02       0.24 f
  n786 (net)                                   12         0.01                0.00       0.24 f
  U250/Y (NAND2_X4M_A6P5PP140ZTS_C35)                               0.02      0.02       0.26 r
  n421 (net)                                   10         0.00                0.00       0.26 r
  U788/Y (MXIT2_X1M_A6P5PP140ZTS_C35)                               0.03      0.02       0.28 f
  n395 (net)                                    1         0.00                0.00       0.28 f
  U789/Y (OR2_X1M_A6P5PP140ZTS_C35)                                 0.01      0.03       0.32 f
  n396 (net)                                    2         0.00                0.00       0.32 f
  U790/Y (NOR2_X1A_A6P5PP140ZTS_C35)                                0.02      0.02       0.33 r
  n613 (net)                                    1         0.00                0.00       0.33 r
  U911/Y (INV_X1M_A6P5PP140ZTS_C35)                                 0.01      0.01       0.34 f
  n615 (net)                                    2         0.00                0.00       0.34 f
  U74/Y (NAND2_X1M_A6P5PP140ZTS_C35)                                0.02      0.02       0.36 r
  n95 (net)                                     1         0.00                0.00       0.36 r
  U278/Y (OAI21_X3M_A6P5PP140ZTS_C35)                               0.02      0.02       0.38 f
  n612 (net)                                    2         0.00                0.00       0.38 f
  U276/Y (AOI21_X3M_A6P5PP140ZTS_C35)                               0.02      0.03       0.41 r
  n609 (net)                                    2         0.00                0.00       0.41 r
  U272/Y (OAI21_X3M_A6P5PP140ZTS_C35)                               0.02      0.02       0.42 f
  n513 (net)                                    2         0.00                0.00       0.42 f
  U402/Y (NAND2_X3M_A6P5PP140ZTS_C35)                               0.02      0.02       0.44 r
  n248 (net)                                    1         0.00                0.00       0.44 r
  U489/Y (NAND2_X8M_A6P5PP140ZTS_C35)                               0.02      0.01       0.45 f
  n507 (net)                                    4         0.00                0.00       0.45 f
  U500/Y (NAND2_X6M_A6P5PP140ZTS_C35)                               0.01      0.02       0.47 r
  n239 (net)                                    2         0.00                0.00       0.47 r
  U484/Y (NAND2_X8M_A6P5PP140ZTS_C35)                               0.02      0.02       0.49 f
  n585 (net)                                    8         0.01                0.00       0.49 f
  U254/Y (AO21A1AI2_X2M_A6P5PP140ZTS_C35)                           0.03      0.03       0.52 r
  n44 (net)                                     1         0.00                0.00       0.52 r
  U253/Y (NAND2_X3M_A6P5PP140ZTS_C35)                               0.02      0.02       0.54 f
  n1131 (net)                                   4         0.00                0.00       0.54 f
  U481/Y (XOR2_X2M_A6P5PP140ZTS_C35)                                0.03      0.04       0.57 f
  u_dut/u_dw_fp_mac/ULSD/a_int[8] (net)         2         0.00                0.00       0.57 f
  U1209/Y (NOR2_X3A_A6P5PP140ZTS_C35)                               0.03      0.02       0.60 r
  u_dut/u_dw_fp_mac/ULSD/U1/enc_tree[1][1][10] (net)
                                                3         0.00                0.00       0.60 r
  U284/Y (OAI21_X3M_A6P5PP140ZTS_C35)                               0.02      0.02       0.62 f
  u_dut/u_dw_fp_mac/ULSD/U1/enc_tree[1][2][12] (net)
                                                2         0.00                0.00       0.62 f
  U203/Y (NOR2_X6A_A6P5PP140ZTS_C35)                                0.03      0.03       0.65 r
  u_dut/u_dw_fp_mac/lzdout[1] (net)             6         0.01                0.00       0.65 r
  U287/Y (NOR2_X3TA_A6P5PP140ZTS_C35)                               0.01      0.01       0.66 f
  n792 (net)                                    2         0.00                0.00       0.66 f
  U1035/Y (INV_X1M_A6P5PP140ZTS_C35)                                0.02      0.01       0.67 r
  n794 (net)                                    1         0.00                0.00       0.67 r
  U30/Y (XOR2_X2M_A6P5PP140ZTS_C35)                                 0.04      0.04       0.71 r
  n808 (net)                                    3         0.00                0.00       0.71 r
  U124/Y (NAND2_X1P4TA_A6P5PP140ZTS_C35)                            0.02      0.02       0.73 f
  n11 (net)                                     1         0.00                0.00       0.73 f
  U175/Y (NOR2_X3A_A6P5PP140ZTS_C35)                                0.02      0.02       0.75 r
  n986 (net)                                    3         0.00                0.00       0.75 r
  U716/Y (NAND2_X1P4TA_A6P5PP140ZTS_C35)                            0.01      0.01       0.76 f
  n955 (net)                                    1         0.00                0.00       0.76 f
  U201/Y (NAND2_X2A_A6P5PP140ZTS_C35)                               0.01      0.01       0.77 r
  n89 (net)                                     1         0.00                0.00       0.77 r
  U294/Y (OAI21_X2M_A6P5PP140ZTS_C35)                               0.02      0.02       0.79 f
  n963 (net)                                    1         0.00                0.00       0.79 f
  U554/Y (NAND2_X3M_A6P5PP140ZTS_C35)                               0.02      0.02       0.81 r
  n1070 (net)                                   3         0.00                0.00       0.81 r
  U147/Y (INV_X3M_A6P5PP140ZTS_C35)                                 0.01      0.01       0.81 f
  n253 (net)                                    1         0.00                0.00       0.81 f
  U155/Y (NAND2_X2M_A6P5PP140ZTS_C35)                               0.01      0.01       0.83 r
  n81 (net)                                     1         0.00                0.00       0.83 r
  U361/Y (NOR2_X3TA_A6P5PP140ZTS_C35)                               0.01      0.01       0.84 f
  n1125 (net)                                   3         0.00                0.00       0.84 f
  U1155/Y (AO21A1AI2_X1M_A6P5PP140ZTS_C35)                          0.04      0.03       0.87 r
  n1047 (net)                                   1         0.00                0.00       0.87 r
  U423/Y (OAI211_X3M_A6P5PP140ZTS_C35)                              0.02      0.02       0.89 f
  n101 (net)                                    1         0.00                0.00       0.89 f
  U3/Y (OAI21_X2M_A6P5PP140ZTS_C35)                                 0.02      0.02       0.90 r
  n1064 (net)                                   1         0.00                0.00       0.90 r
  U1164/Y (NAND2_X1P4TA_A6P5PP140ZTS_C35)                           0.01      0.01       0.91 f
  u_dut/z_comb[3] (net)                         1         0.00                0.00       0.91 f
  u_dut/z_o_reg[3]/D (DFFRPQA_X1M_A6P5PP140ZTS_C35)                 0.01      0.00       0.91 f
  data arrival time                                                                      0.91

  clock clk (rise edge)                                                       1.00       1.00
  clock network delay (ideal)                                                 0.00       1.00
  clock uncertainty                                                          -0.05       0.95
  u_dut/z_o_reg[3]/CK (DFFRPQA_X1M_A6P5PP140ZTS_C35)                          0.00       0.95 r
  library setup time                                                         -0.03       0.92
  data required time                                                                     0.92
  ----------------------------------------------------------------------------------------------
  data required time                                                                     0.92
  data arrival time                                                                     -0.91
  ----------------------------------------------------------------------------------------------
  slack (MET)                                                                            0.00


1
