group_id,tier,category,template,scheme_ids,w_bits,a_bits,k_bits,v_bits,format,sig_width,exp_width,ieee_compliance,acc_terms,acc_width,lanes,rows,cols,in_bits,out_bits,asymmetric,with_requant,mapping_scope,notes,run_id,clock_period_ns,clock_mhz,run_dir,rtl_bundle_sha256,library_set_id,target_libraries,compile_mode,keep_hierarchy,operating_condition_requested,max_cores,library_setup_sha256,mapped_cell_area_um2,leaf_cell_count,blackbox_count,wns_ns,critical_delay_ns,achieved_fmax_mhz,timing_met,tool_version,status,report_dir,combinational_area_um2,noncombinational_area_um2,buf_inv_area_um2,net_interconnect_area_um2,total_cell_area_report_um2,total_area_report_um2
INT_MAC_W2_A4_N64,L2,scalar_int_mac,int_mac,,2,4,,,signed_integer,,,,64,13,,,,,,,,arithmetic_kernel,"One signed product per cycle plus registered accumulator. N controls accumulator guard width, not unrolled multiplier count.",INT_MAC_W2_A4_N64__T2p0ns,2.0,500.0,build/INT_MAC_W2_A4_N64__T2p0ns,207158581ab077db004b0627bf1709ee71ee9c88921cc57910bdbf0c9d5ddf6b,cln22ul_sc6p5mcpp140z_base_svt_c35_r3p0_tt_0p80v_25c,<CLN22UL_DB>/sc6p5mcpp140z_cln22ul_base_svt_c35_tt_typical_max_0p80v_25c.db,ultra,0,,1,d287a2bc825e981bb60b4cbb580a97ef0014ca2d296287928162262b5ce1bbc5,72.072,121.0,0.0,1.30148,0.69852,1431.59823627,1,X-2025.06-SP3,ok,build/INT_MAC_W2_A4_N64__T2p0ns/reports,35.763,36.308999,2.548,,72.072,
INT_MAC_W2_A4_N64,L2,scalar_int_mac,int_mac,,2,4,,,signed_integer,,,,64,13,,,,,,,,arithmetic_kernel,"One signed product per cycle plus registered accumulator. N controls accumulator guard width, not unrolled multiplier count.",INT_MAC_W2_A4_N64__T1p0ns,1.0,1000.0,build/INT_MAC_W2_A4_N64__T1p0ns,207158581ab077db004b0627bf1709ee71ee9c88921cc57910bdbf0c9d5ddf6b,cln22ul_sc6p5mcpp140z_base_svt_c35_r3p0_tt_0p80v_25c,<CLN22UL_DB>/sc6p5mcpp140z_cln22ul_base_svt_c35_tt_typical_max_0p80v_25c.db,ultra,0,,1,d287a2bc825e981bb60b4cbb580a97ef0014ca2d296287928162262b5ce1bbc5,71.708,121.0,0.0,0.351078,0.648922,1541.01725631,1,X-2025.06-SP3,ok,build/INT_MAC_W2_A4_N64__T1p0ns/reports,35.399,36.308999,2.548,,71.708,
INT_MAC_W2_A4_N64,L2,scalar_int_mac,int_mac,,2,4,,,signed_integer,,,,64,13,,,,,,,,arithmetic_kernel,"One signed product per cycle plus registered accumulator. N controls accumulator guard width, not unrolled multiplier count.",INT_MAC_W2_A4_N64__T0p9ns,0.9,1111.111111111111,build/INT_MAC_W2_A4_N64__T0p9ns,207158581ab077db004b0627bf1709ee71ee9c88921cc57910bdbf0c9d5ddf6b,cln22ul_sc6p5mcpp140z_base_svt_c35_r3p0_tt_0p80v_25c,<CLN22UL_DB>/sc6p5mcpp140z_cln22ul_base_svt_c35_tt_typical_max_0p80v_25c.db,ultra,0,,1,d287a2bc825e981bb60b4cbb580a97ef0014ca2d296287928162262b5ce1bbc5,71.708,121.0,0.0,0.256078,0.643922,1552.98312529,1,X-2025.06-SP3,ok,build/INT_MAC_W2_A4_N64__T0p9ns/reports,35.399,36.308999,2.548,,71.708,
INT_MAC_W2_A8_N64,L2,scalar_int_mac,int_mac,,2,8,,,signed_integer,,,,64,17,,,,,,,,arithmetic_kernel,"One signed product per cycle plus registered accumulator. N controls accumulator guard width, not unrolled multiplier count.",INT_MAC_W2_A8_N64__T2p0ns,2.0,500.0,build/INT_MAC_W2_A8_N64__T2p0ns,207158581ab077db004b0627bf1709ee71ee9c88921cc57910bdbf0c9d5ddf6b,cln22ul_sc6p5mcpp140z_base_svt_c35_r3p0_tt_0p80v_25c,<CLN22UL_DB>/sc6p5mcpp140z_cln22ul_base_svt_c35_tt_typical_max_0p80v_25c.db,ultra,0,,1,d287a2bc825e981bb60b4cbb580a97ef0014ca2d296287928162262b5ce1bbc5,102.375,173.0,0.0,1.16984,0.83016,1204.58706755,1,X-2025.06-SP3,ok,build/INT_MAC_W2_A8_N64__T2p0ns/reports,52.234001,50.140999,3.731,,102.375,
INT_MAC_W2_A8_N64,L2,scalar_int_mac,int_mac,,2,8,,,signed_integer,,,,64,17,,,,,,,,arithmetic_kernel,"One signed product per cycle plus registered accumulator. N controls accumulator guard width, not unrolled multiplier count.",INT_MAC_W2_A8_N64__T1p0ns,1.0,1000.0,build/INT_MAC_W2_A8_N64__T1p0ns,207158581ab077db004b0627bf1709ee71ee9c88921cc57910bdbf0c9d5ddf6b,cln22ul_sc6p5mcpp140z_base_svt_c35_r3p0_tt_0p80v_25c,<CLN22UL_DB>/sc6p5mcpp140z_cln22ul_base_svt_c35_tt_typical_max_0p80v_25c.db,ultra,0,,1,d287a2bc825e981bb60b4cbb580a97ef0014ca2d296287928162262b5ce1bbc5,105.469,132.0,0.0,0.0957671,0.9042329,1105.9097717,1,X-2025.06-SP3,ok,build/INT_MAC_W2_A8_N64__T1p0ns/reports,55.328001,50.140999,2.821,,105.469,
INT_MAC_W2_A8_N64,L2,scalar_int_mac,int_mac,,2,8,,,signed_integer,,,,64,17,,,,,,,,arithmetic_kernel,"One signed product per cycle plus registered accumulator. N controls accumulator guard width, not unrolled multiplier count.",INT_MAC_W2_A8_N64__T0p9ns,0.9,1111.111111111111,build/INT_MAC_W2_A8_N64__T0p9ns,207158581ab077db004b0627bf1709ee71ee9c88921cc57910bdbf0c9d5ddf6b,cln22ul_sc6p5mcpp140z_base_svt_c35_r3p0_tt_0p80v_25c,<CLN22UL_DB>/sc6p5mcpp140z_cln22ul_base_svt_c35_tt_typical_max_0p80v_25c.db,ultra,0,,1,d287a2bc825e981bb60b4cbb580a97ef0014ca2d296287928162262b5ce1bbc5,107.471,153.0,0.0,0.0647855,0.8352145,1197.29722125,1,X-2025.06-SP3,ok,build/INT_MAC_W2_A8_N64__T0p9ns/reports,57.330001,50.140999,3.185,,107.471,
INT_MAC_W2_A16_N64,L2,scalar_int_mac,int_mac,,2,16,,,signed_integer,,,,64,25,,,,,,,,arithmetic_kernel,"One signed product per cycle plus registered accumulator. N controls accumulator guard width, not unrolled multiplier count.",INT_MAC_W2_A16_N64__T2p0ns,2.0,500.0,build/INT_MAC_W2_A16_N64__T2p0ns,207158581ab077db004b0627bf1709ee71ee9c88921cc57910bdbf0c9d5ddf6b,cln22ul_sc6p5mcpp140z_base_svt_c35_r3p0_tt_0p80v_25c,<CLN22UL_DB>/sc6p5mcpp140z_cln22ul_base_svt_c35_tt_typical_max_0p80v_25c.db,ultra,0,,1,d287a2bc825e981bb60b4cbb580a97ef0014ca2d296287928162262b5ce1bbc5,162.89,280.0,0.0,0.790581,1.209419,826.843302445,1,X-2025.06-SP3,ok,build/INT_MAC_W2_A16_N64__T2p0ns/reports,85.085001,77.804999,5.733,,162.89,
INT_MAC_W2_A16_N64,L2,scalar_int_mac,int_mac,,2,16,,,signed_integer,,,,64,25,,,,,,,,arithmetic_kernel,"One signed product per cycle plus registered accumulator. N controls accumulator guard width, not unrolled multiplier count.",INT_MAC_W2_A16_N64__T1p0ns,1.0,1000.0,build/INT_MAC_W2_A16_N64__T1p0ns,207158581ab077db004b0627bf1709ee71ee9c88921cc57910bdbf0c9d5ddf6b,cln22ul_sc6p5mcpp140z_base_svt_c35_r3p0_tt_0p80v_25c,<CLN22UL_DB>/sc6p5mcpp140z_cln22ul_base_svt_c35_tt_typical_max_0p80v_25c.db,ultra,0,,1,d287a2bc825e981bb60b4cbb580a97ef0014ca2d296287928162262b5ce1bbc5,175.175,296.0,0.0,0.00256115,0.99743885,1002.56772633,1,X-2025.06-SP3,ok,build/INT_MAC_W2_A16_N64__T1p0ns/reports,97.370001,77.804999,6.734,,175.175,
INT_MAC_W2_A16_N64,L2,scalar_int_mac,int_mac,,2,16,,,signed_integer,,,,64,25,,,,,,,,arithmetic_kernel,"One signed product per cycle plus registered accumulator. N controls accumulator guard width, not unrolled multiplier count.",INT_MAC_W2_A16_N64__T0p9ns,0.9,1111.111111111111,build/INT_MAC_W2_A16_N64__T0p9ns,207158581ab077db004b0627bf1709ee71ee9c88921cc57910bdbf0c9d5ddf6b,cln22ul_sc6p5mcpp140z_base_svt_c35_r3p0_tt_0p80v_25c,<CLN22UL_DB>/sc6p5mcpp140z_cln22ul_base_svt_c35_tt_typical_max_0p80v_25c.db,ultra,0,,1,d287a2bc825e981bb60b4cbb580a97ef0014ca2d296287928162262b5ce1bbc5,177.359,310.0,0.0,0.0010882,0.8989118,1112.45619426,1,X-2025.06-SP3,ok,build/INT_MAC_W2_A16_N64__T0p9ns/reports,99.554001,77.804999,7.371,,177.359,
INT_MAC_W3_A4_N64,L2,scalar_int_mac,int_mac,,3,4,,,signed_integer,,,,64,14,,,,,,,,arithmetic_kernel,"One signed product per cycle plus registered accumulator. N controls accumulator guard width, not unrolled multiplier count.",INT_MAC_W3_A4_N64__T2p0ns,2.0,500.0,build/INT_MAC_W3_A4_N64__T2p0ns,207158581ab077db004b0627bf1709ee71ee9c88921cc57910bdbf0c9d5ddf6b,cln22ul_sc6p5mcpp140z_base_svt_c35_r3p0_tt_0p80v_25c,<CLN22UL_DB>/sc6p5mcpp140z_cln22ul_base_svt_c35_tt_typical_max_0p80v_25c.db,ultra,0,,1,d287a2bc825e981bb60b4cbb580a97ef0014ca2d296287928162262b5ce1bbc5,85.358,147.0,0.0,1.25367,0.74633,1339.88986105,1,X-2025.06-SP3,ok,build/INT_MAC_W3_A4_N64__T2p0ns/reports,45.591001,39.766999,4.459,,85.358,
INT_MAC_W3_A4_N64,L2,scalar_int_mac,int_mac,,3,4,,,signed_integer,,,,64,14,,,,,,,,arithmetic_kernel,"One signed product per cycle plus registered accumulator. N controls accumulator guard width, not unrolled multiplier count.",INT_MAC_W3_A4_N64__T1p0ns,1.0,1000.0,build/INT_MAC_W3_A4_N64__T1p0ns,207158581ab077db004b0627bf1709ee71ee9c88921cc57910bdbf0c9d5ddf6b,cln22ul_sc6p5mcpp140z_base_svt_c35_r3p0_tt_0p80v_25c,<CLN22UL_DB>/sc6p5mcpp140z_cln22ul_base_svt_c35_tt_typical_max_0p80v_25c.db,ultra,0,,1,d287a2bc825e981bb60b4cbb580a97ef0014ca2d296287928162262b5ce1bbc5,84.994,147.0,0.0,0.300513,0.699487,1429.61913517,1,X-2025.06-SP3,ok,build/INT_MAC_W3_A4_N64__T1p0ns/reports,45.227,39.766999,4.459,,84.994,
INT_MAC_W3_A4_N64,L2,scalar_int_mac,int_mac,,3,4,,,signed_integer,,,,64,14,,,,,,,,arithmetic_kernel,"One signed product per cycle plus registered accumulator. N controls accumulator guard width, not unrolled multiplier count.",INT_MAC_W3_A4_N64__T0p9ns,0.9,1111.111111111111,build/INT_MAC_W3_A4_N64__T0p9ns,207158581ab077db004b0627bf1709ee71ee9c88921cc57910bdbf0c9d5ddf6b,cln22ul_sc6p5mcpp140z_base_svt_c35_r3p0_tt_0p80v_25c,<CLN22UL_DB>/sc6p5mcpp140z_cln22ul_base_svt_c35_tt_typical_max_0p80v_25c.db,ultra,0,,1,d287a2bc825e981bb60b4cbb580a97ef0014ca2d296287928162262b5ce1bbc5,84.994,147.0,0.0,0.205513,0.694487,1439.91176221,1,X-2025.06-SP3,ok,build/INT_MAC_W3_A4_N64__T0p9ns/reports,45.227,39.766999,4.459,,84.994,
INT_MAC_W3_A8_N64,L2,scalar_int_mac,int_mac,,3,8,,,signed_integer,,,,64,18,,,,,,,,arithmetic_kernel,"One signed product per cycle plus registered accumulator. N controls accumulator guard width, not unrolled multiplier count.",INT_MAC_W3_A8_N64__T2p0ns,2.0,500.0,build/INT_MAC_W3_A8_N64__T2p0ns,207158581ab077db004b0627bf1709ee71ee9c88921cc57910bdbf0c9d5ddf6b,cln22ul_sc6p5mcpp140z_base_svt_c35_r3p0_tt_0p80v_25c,<CLN22UL_DB>/sc6p5mcpp140z_cln22ul_base_svt_c35_tt_typical_max_0p80v_25c.db,ultra,0,,1,d287a2bc825e981bb60b4cbb580a97ef0014ca2d296287928162262b5ce1bbc5,124.397,202.0,0.0,1.12324,0.87676,1140.56298189,1,X-2025.06-SP3,ok,build/INT_MAC_W3_A8_N64__T2p0ns/reports,70.798001,53.598999,5.551,,124.397,
INT_MAC_W3_A8_N64,L2,scalar_int_mac,int_mac,,3,8,,,signed_integer,,,,64,18,,,,,,,,arithmetic_kernel,"One signed product per cycle plus registered accumulator. N controls accumulator guard width, not unrolled multiplier count.",INT_MAC_W3_A8_N64__T1p0ns,1.0,1000.0,build/INT_MAC_W3_A8_N64__T1p0ns,207158581ab077db004b0627bf1709ee71ee9c88921cc57910bdbf0c9d5ddf6b,cln22ul_sc6p5mcpp140z_base_svt_c35_r3p0_tt_0p80v_25c,<CLN22UL_DB>/sc6p5mcpp140z_cln22ul_base_svt_c35_tt_typical_max_0p80v_25c.db,ultra,0,,1,d287a2bc825e981bb60b4cbb580a97ef0014ca2d296287928162262b5ce1bbc5,128.219001,162.0,0.0,0.0725538,0.9274462,1078.22965904,1,X-2025.06-SP3,ok,build/INT_MAC_W3_A8_N64__T1p0ns/reports,74.620002,53.598999,4.277,,128.219001,
INT_MAC_W3_A8_N64,L2,scalar_int_mac,int_mac,,3,8,,,signed_integer,,,,64,18,,,,,,,,arithmetic_kernel,"One signed product per cycle plus registered accumulator. N controls accumulator guard width, not unrolled multiplier count.",INT_MAC_W3_A8_N64__T0p9ns,0.9,1111.111111111111,build/INT_MAC_W3_A8_N64__T0p9ns,207158581ab077db004b0627bf1709ee71ee9c88921cc57910bdbf0c9d5ddf6b,cln22ul_sc6p5mcpp140z_base_svt_c35_r3p0_tt_0p80v_25c,<CLN22UL_DB>/sc6p5mcpp140z_cln22ul_base_svt_c35_tt_typical_max_0p80v_25c.db,ultra,0,,1,d287a2bc825e981bb60b4cbb580a97ef0014ca2d296287928162262b5ce1bbc5,130.585001,187.0,0.0,0.0333253,0.8666747,1153.83545868,1,X-2025.06-SP3,ok,build/INT_MAC_W3_A8_N64__T0p9ns/reports,76.986002,53.598999,5.187,,130.585001,
INT_MAC_W3_A16_N64,L2,scalar_int_mac,int_mac,,3,16,,,signed_integer,,,,64,26,,,,,,,,arithmetic_kernel,"One signed product per cycle plus registered accumulator. N controls accumulator guard width, not unrolled multiplier count.",INT_MAC_W3_A16_N64__T2p0ns,2.0,500.0,build/INT_MAC_W3_A16_N64__T2p0ns,207158581ab077db004b0627bf1709ee71ee9c88921cc57910bdbf0c9d5ddf6b,cln22ul_sc6p5mcpp140z_base_svt_c35_r3p0_tt_0p80v_25c,<CLN22UL_DB>/sc6p5mcpp140z_cln22ul_base_svt_c35_tt_typical_max_0p80v_25c.db,ultra,0,,1,d287a2bc825e981bb60b4cbb580a97ef0014ca2d296287928162262b5ce1bbc5,204.204001,321.0,0.0,0.742544,1.257456,795.256454301,1,X-2025.06-SP3,ok,build/INT_MAC_W3_A16_N64__T2p0ns/reports,122.941002,81.262999,8.281,,204.204001,
INT_MAC_W3_A16_N64,L2,scalar_int_mac,int_mac,,3,16,,,signed_integer,,,,64,26,,,,,,,,arithmetic_kernel,"One signed product per cycle plus registered accumulator. N controls accumulator guard width, not unrolled multiplier count.",INT_MAC_W3_A16_N64__T1p0ns,1.0,1000.0,build/INT_MAC_W3_A16_N64__T1p0ns,207158581ab077db004b0627bf1709ee71ee9c88921cc57910bdbf0c9d5ddf6b,cln22ul_sc6p5mcpp140z_base_svt_c35_r3p0_tt_0p80v_25c,<CLN22UL_DB>/sc6p5mcpp140z_cln22ul_base_svt_c35_tt_typical_max_0p80v_25c.db,ultra,0,,1,d287a2bc825e981bb60b4cbb580a97ef0014ca2d296287928162262b5ce1bbc5,229.047001,351.0,0.0,8.70228e-06,0.99999129772,1000.00870236,1,X-2025.06-SP3,ok,build/INT_MAC_W3_A16_N64__T1p0ns/reports,147.784002,81.262999,10.374,,229.047001,
INT_MAC_W3_A16_N64,L2,scalar_int_mac,int_mac,,3,16,,,signed_integer,,,,64,26,,,,,,,,arithmetic_kernel,"One signed product per cycle plus registered accumulator. N controls accumulator guard width, not unrolled multiplier count.",INT_MAC_W3_A16_N64__T0p9ns,0.9,1111.111111111111,build/INT_MAC_W3_A16_N64__T0p9ns,207158581ab077db004b0627bf1709ee71ee9c88921cc57910bdbf0c9d5ddf6b,cln22ul_sc6p5mcpp140z_base_svt_c35_r3p0_tt_0p80v_25c,<CLN22UL_DB>/sc6p5mcpp140z_cln22ul_base_svt_c35_tt_typical_max_0p80v_25c.db,ultra,0,,1,d287a2bc825e981bb60b4cbb580a97ef0014ca2d296287928162262b5ce1bbc5,227.591001,392.0,0.0,0.0001387,0.8998613,1111.28237207,1,X-2025.06-SP3,ok,build/INT_MAC_W3_A16_N64__T0p9ns/reports,146.328002,81.262999,12.285,,227.591001,
INT_MAC_W4_A4_N64,L1,scalar_int_mac,int_mac,,4,4,,,signed_integer,,,,64,15,,,,,,,,arithmetic_kernel,"One signed product per cycle plus registered accumulator. N controls accumulator guard width, not unrolled multiplier count.",INT_MAC_W4_A4_N64__T2p0ns,2.0,500.0,build/INT_MAC_W4_A4_N64__T2p0ns,207158581ab077db004b0627bf1709ee71ee9c88921cc57910bdbf0c9d5ddf6b,cln22ul_sc6p5mcpp140z_base_svt_c35_r3p0_tt_0p80v_25c,<CLN22UL_DB>/sc6p5mcpp140z_cln22ul_base_svt_c35_tt_typical_max_0p80v_25c.db,ultra,0,,1,d287a2bc825e981bb60b4cbb580a97ef0014ca2d296287928162262b5ce1bbc5,97.552,162.0,0.0,1.20585,0.79415,1259.20795819,1,X-2025.06-SP3,ok,build/INT_MAC_W4_A4_N64__T2p0ns/reports,54.327001,43.224999,3.913,,97.552,
INT_MAC_W4_A4_N64,L1,scalar_int_mac,int_mac,,4,4,,,signed_integer,,,,64,15,,,,,,,,arithmetic_kernel,"One signed product per cycle plus registered accumulator. N controls accumulator guard width, not unrolled multiplier count.",INT_MAC_W4_A4_N64__T1p0ns,1.0,1000.0,build/INT_MAC_W4_A4_N64__T1p0ns,207158581ab077db004b0627bf1709ee71ee9c88921cc57910bdbf0c9d5ddf6b,cln22ul_sc6p5mcpp140z_base_svt_c35_r3p0_tt_0p80v_25c,<CLN22UL_DB>/sc6p5mcpp140z_cln22ul_base_svt_c35_tt_typical_max_0p80v_25c.db,ultra,0,,1,d287a2bc825e981bb60b4cbb580a97ef0014ca2d296287928162262b5ce1bbc5,97.097,162.0,0.0,0.255523,0.744477,1343.22484106,1,X-2025.06-SP3,ok,build/INT_MAC_W4_A4_N64__T1p0ns/reports,53.872001,43.224999,3.913,,97.097,
INT_MAC_W4_A4_N64,L1,scalar_int_mac,int_mac,,4,4,,,signed_integer,,,,64,15,,,,,,,,arithmetic_kernel,"One signed product per cycle plus registered accumulator. N controls accumulator guard width, not unrolled multiplier count.",INT_MAC_W4_A4_N64__T0p9ns,0.9,1111.111111111111,build/INT_MAC_W4_A4_N64__T0p9ns,207158581ab077db004b0627bf1709ee71ee9c88921cc57910bdbf0c9d5ddf6b,cln22ul_sc6p5mcpp140z_base_svt_c35_r3p0_tt_0p80v_25c,<CLN22UL_DB>/sc6p5mcpp140z_cln22ul_base_svt_c35_tt_typical_max_0p80v_25c.db,ultra,0,,1,d287a2bc825e981bb60b4cbb580a97ef0014ca2d296287928162262b5ce1bbc5,97.097,162.0,0.0,0.160523,0.739477,1352.30710353,1,X-2025.06-SP3,ok,build/INT_MAC_W4_A4_N64__T0p9ns/reports,53.872001,43.224999,3.913,,97.097,
INT_MAC_W4_A8_N64,L1,scalar_int_mac,int_mac,,4,8,,,signed_integer,,,,64,19,,,,,,,,arithmetic_kernel,"One signed product per cycle plus registered accumulator. N controls accumulator guard width, not unrolled multiplier count.",INT_MAC_W4_A8_N64__T2p0ns,2.0,500.0,build/INT_MAC_W4_A8_N64__T2p0ns,207158581ab077db004b0627bf1709ee71ee9c88921cc57910bdbf0c9d5ddf6b,cln22ul_sc6p5mcpp140z_base_svt_c35_r3p0_tt_0p80v_25c,<CLN22UL_DB>/sc6p5mcpp140z_cln22ul_base_svt_c35_tt_typical_max_0p80v_25c.db,ultra,0,,1,d287a2bc825e981bb60b4cbb580a97ef0014ca2d296287928162262b5ce1bbc5,136.136,225.0,0.0,0.967134,1.032866,968.179802608,1,X-2025.06-SP3,ok,build/INT_MAC_W4_A8_N64__T2p0ns/reports,79.079001,57.056999,5.369,,136.136,
INT_MAC_W4_A8_N64,L1,scalar_int_mac,int_mac,,4,8,,,signed_integer,,,,64,19,,,,,,,,arithmetic_kernel,"One signed product per cycle plus registered accumulator. N controls accumulator guard width, not unrolled multiplier count.",INT_MAC_W4_A8_N64__T1p0ns,1.0,1000.0,build/INT_MAC_W4_A8_N64__T1p0ns,207158581ab077db004b0627bf1709ee71ee9c88921cc57910bdbf0c9d5ddf6b,cln22ul_sc6p5mcpp140z_base_svt_c35_r3p0_tt_0p80v_25c,<CLN22UL_DB>/sc6p5mcpp140z_cln22ul_base_svt_c35_tt_typical_max_0p80v_25c.db,ultra,0,,1,d287a2bc825e981bb60b4cbb580a97ef0014ca2d296287928162262b5ce1bbc5,141.050001,196.0,0.0,0.0667197,0.9332803,1071.48945499,1,X-2025.06-SP3,ok,build/INT_MAC_W4_A8_N64__T1p0ns/reports,83.993002,57.056999,4.641,,141.050001,
INT_MAC_W4_A8_N64,L1,scalar_int_mac,int_mac,,4,8,,,signed_integer,,,,64,19,,,,,,,,arithmetic_kernel,"One signed product per cycle plus registered accumulator. N controls accumulator guard width, not unrolled multiplier count.",INT_MAC_W4_A8_N64__T0p9ns,0.9,1111.111111111111,build/INT_MAC_W4_A8_N64__T0p9ns,207158581ab077db004b0627bf1709ee71ee9c88921cc57910bdbf0c9d5ddf6b,cln22ul_sc6p5mcpp140z_base_svt_c35_r3p0_tt_0p80v_25c,<CLN22UL_DB>/sc6p5mcpp140z_cln22ul_base_svt_c35_tt_typical_max_0p80v_25c.db,ultra,0,,1,d287a2bc825e981bb60b4cbb580a97ef0014ca2d296287928162262b5ce1bbc5,142.870001,216.0,0.0,0.0145475,0.8854525,1129.3660586,1,X-2025.06-SP3,ok,build/INT_MAC_W4_A8_N64__T0p9ns/reports,85.813002,57.056999,5.369,,142.870001,
INT_MAC_W4_A16_N64,L1,scalar_int_mac,int_mac,,4,16,,,signed_integer,,,,64,27,,,,,,,,arithmetic_kernel,"One signed product per cycle plus registered accumulator. N controls accumulator guard width, not unrolled multiplier count.",INT_MAC_W4_A16_N64__T2p0ns,2.0,500.0,build/INT_MAC_W4_A16_N64__T2p0ns,207158581ab077db004b0627bf1709ee71ee9c88921cc57910bdbf0c9d5ddf6b,cln22ul_sc6p5mcpp140z_base_svt_c35_r3p0_tt_0p80v_25c,<CLN22UL_DB>/sc6p5mcpp140z_cln22ul_base_svt_c35_tt_typical_max_0p80v_25c.db,ultra,0,,1,d287a2bc825e981bb60b4cbb580a97ef0014ca2d296287928162262b5ce1bbc5,223.132,395.0,0.0,0.586166,1.413834,707.296613322,1,X-2025.06-SP3,ok,build/INT_MAC_W4_A16_N64__T2p0ns/reports,138.411002,84.720999,11.102,,223.132,
INT_MAC_W4_A16_N64,L1,scalar_int_mac,int_mac,,4,16,,,signed_integer,,,,64,27,,,,,,,,arithmetic_kernel,"One signed product per cycle plus registered accumulator. N controls accumulator guard width, not unrolled multiplier count.",INT_MAC_W4_A16_N64__T1p0ns,1.0,1000.0,build/INT_MAC_W4_A16_N64__T1p0ns,207158581ab077db004b0627bf1709ee71ee9c88921cc57910bdbf0c9d5ddf6b,cln22ul_sc6p5mcpp140z_base_svt_c35_r3p0_tt_0p80v_25c,<CLN22UL_DB>/sc6p5mcpp140z_cln22ul_base_svt_c35_tt_typical_max_0p80v_25c.db,ultra,0,,1,d287a2bc825e981bb60b4cbb580a97ef0014ca2d296287928162262b5ce1bbc5,245.973002,411.0,0.0,0.000450253,0.999549747,1000.45045582,1,X-2025.06-SP3,ok,build/INT_MAC_W4_A16_N64__T1p0ns/reports,161.252003,84.720999,9.646,,245.973002,
INT_MAC_W4_A16_N64,L1,scalar_int_mac,int_mac,,4,16,,,signed_integer,,,,64,27,,,,,,,,arithmetic_kernel,"One signed product per cycle plus registered accumulator. N controls accumulator guard width, not unrolled multiplier count.",INT_MAC_W4_A16_N64__T0p9ns,0.9,1111.111111111111,build/INT_MAC_W4_A16_N64__T0p9ns,207158581ab077db004b0627bf1709ee71ee9c88921cc57910bdbf0c9d5ddf6b,cln22ul_sc6p5mcpp140z_base_svt_c35_r3p0_tt_0p80v_25c,<CLN22UL_DB>/sc6p5mcpp140z_cln22ul_base_svt_c35_tt_typical_max_0p80v_25c.db,ultra,0,,1,d287a2bc825e981bb60b4cbb580a97ef0014ca2d296287928162262b5ce1bbc5,252.980002,448.0,0.0,0.000984132,0.899015868,1112.3274189,1,X-2025.06-SP3,ok,build/INT_MAC_W4_A16_N64__T0p9ns/reports,168.259003,84.720999,13.559,,252.980002,
INT_MAC_W6_A4_N64,L2,scalar_int_mac,int_mac,,6,4,,,signed_integer,,,,64,17,,,,,,,,arithmetic_kernel,"One signed product per cycle plus registered accumulator. N controls accumulator guard width, not unrolled multiplier count.",INT_MAC_W6_A4_N64__T2p0ns,2.0,500.0,build/INT_MAC_W6_A4_N64__T2p0ns,207158581ab077db004b0627bf1709ee71ee9c88921cc57910bdbf0c9d5ddf6b,cln22ul_sc6p5mcpp140z_base_svt_c35_r3p0_tt_0p80v_25c,<CLN22UL_DB>/sc6p5mcpp140z_cln22ul_base_svt_c35_tt_typical_max_0p80v_25c.db,ultra,0,,1,d287a2bc825e981bb60b4cbb580a97ef0014ca2d296287928162262b5ce1bbc5,116.025,191.0,0.0,1.09142,0.90858,1100.61854762,1,X-2025.06-SP3,ok,build/INT_MAC_W6_A4_N64__T2p0ns/reports,65.884001,50.140999,4.641,,116.025,
INT_MAC_W6_A4_N64,L2,scalar_int_mac,int_mac,,6,4,,,signed_integer,,,,64,17,,,,,,,,arithmetic_kernel,"One signed product per cycle plus registered accumulator. N controls accumulator guard width, not unrolled multiplier count.",INT_MAC_W6_A4_N64__T1p0ns,1.0,1000.0,build/INT_MAC_W6_A4_N64__T1p0ns,207158581ab077db004b0627bf1709ee71ee9c88921cc57910bdbf0c9d5ddf6b,cln22ul_sc6p5mcpp140z_base_svt_c35_r3p0_tt_0p80v_25c,<CLN22UL_DB>/sc6p5mcpp140z_cln22ul_base_svt_c35_tt_typical_max_0p80v_25c.db,ultra,0,,1,d287a2bc825e981bb60b4cbb580a97ef0014ca2d296287928162262b5ce1bbc5,119.392001,151.0,0.0,0.0957671,0.9042329,1105.9097717,1,X-2025.06-SP3,ok,build/INT_MAC_W6_A4_N64__T1p0ns/reports,69.251002,50.140999,3.913,,119.392001,
INT_MAC_W6_A4_N64,L2,scalar_int_mac,int_mac,,6,4,,,signed_integer,,,,64,17,,,,,,,,arithmetic_kernel,"One signed product per cycle plus registered accumulator. N controls accumulator guard width, not unrolled multiplier count.",INT_MAC_W6_A4_N64__T0p9ns,0.9,1111.111111111111,build/INT_MAC_W6_A4_N64__T0p9ns,207158581ab077db004b0627bf1709ee71ee9c88921cc57910bdbf0c9d5ddf6b,cln22ul_sc6p5mcpp140z_base_svt_c35_r3p0_tt_0p80v_25c,<CLN22UL_DB>/sc6p5mcpp140z_cln22ul_base_svt_c35_tt_typical_max_0p80v_25c.db,ultra,0,,1,d287a2bc825e981bb60b4cbb580a97ef0014ca2d296287928162262b5ce1bbc5,121.394001,172.0,0.0,0.0647855,0.8352145,1197.29722125,1,X-2025.06-SP3,ok,build/INT_MAC_W6_A4_N64__T0p9ns/reports,71.253002,50.140999,4.277,,121.394001,
INT_MAC_W6_A8_N64,L2,scalar_int_mac,int_mac,,6,8,,,signed_integer,,,,64,21,,,,,,,,arithmetic_kernel,"One signed product per cycle plus registered accumulator. N controls accumulator guard width, not unrolled multiplier count.",INT_MAC_W6_A8_N64__T2p0ns,2.0,500.0,build/INT_MAC_W6_A8_N64__T2p0ns,207158581ab077db004b0627bf1709ee71ee9c88921cc57910bdbf0c9d5ddf6b,cln22ul_sc6p5mcpp140z_base_svt_c35_r3p0_tt_0p80v_25c,<CLN22UL_DB>/sc6p5mcpp140z_cln22ul_base_svt_c35_tt_typical_max_0p80v_25c.db,ultra,0,,1,d287a2bc825e981bb60b4cbb580a97ef0014ca2d296287928162262b5ce1bbc5,173.810001,287.0,0.0,0.853943,1.146057,872.556949611,1,X-2025.06-SP3,ok,build/INT_MAC_W6_A8_N64__T2p0ns/reports,109.837002,63.972999,8.645,,173.810001,
INT_MAC_W6_A8_N64,L2,scalar_int_mac,int_mac,,6,8,,,signed_integer,,,,64,21,,,,,,,,arithmetic_kernel,"One signed product per cycle plus registered accumulator. N controls accumulator guard width, not unrolled multiplier count.",INT_MAC_W6_A8_N64__T1p0ns,1.0,1000.0,build/INT_MAC_W6_A8_N64__T1p0ns,207158581ab077db004b0627bf1709ee71ee9c88921cc57910bdbf0c9d5ddf6b,cln22ul_sc6p5mcpp140z_base_svt_c35_r3p0_tt_0p80v_25c,<CLN22UL_DB>/sc6p5mcpp140z_cln22ul_base_svt_c35_tt_typical_max_0p80v_25c.db,ultra,0,,1,d287a2bc825e981bb60b4cbb580a97ef0014ca2d296287928162262b5ce1bbc5,180.453002,267.0,0.0,0.00394332,0.99605668,1003.95893133,1,X-2025.06-SP3,ok,build/INT_MAC_W6_A8_N64__T1p0ns/reports,116.480003,63.972999,8.099,,180.453002,
INT_MAC_W6_A8_N64,L2,scalar_int_mac,int_mac,,6,8,,,signed_integer,,,,64,21,,,,,,,,arithmetic_kernel,"One signed product per cycle plus registered accumulator. N controls accumulator guard width, not unrolled multiplier count.",INT_MAC_W6_A8_N64__T0p9ns,0.9,1111.111111111111,build/INT_MAC_W6_A8_N64__T0p9ns,207158581ab077db004b0627bf1709ee71ee9c88921cc57910bdbf0c9d5ddf6b,cln22ul_sc6p5mcpp140z_base_svt_c35_r3p0_tt_0p80v_25c,<CLN22UL_DB>/sc6p5mcpp140z_cln22ul_base_svt_c35_tt_typical_max_0p80v_25c.db,ultra,0,,1,d287a2bc825e981bb60b4cbb580a97ef0014ca2d296287928162262b5ce1bbc5,185.913002,291.0,0.0,0.000900209,0.899099791,1112.22359299,1,X-2025.06-SP3,ok,build/INT_MAC_W6_A8_N64__T0p9ns/reports,121.940003,63.972999,7.462,,185.913002,
INT_MAC_W6_A16_N64,L2,scalar_int_mac,int_mac,,6,16,,,signed_integer,,,,64,29,,,,,,,,arithmetic_kernel,"One signed product per cycle plus registered accumulator. N controls accumulator guard width, not unrolled multiplier count.",INT_MAC_W6_A16_N64__T2p0ns,2.0,500.0,build/INT_MAC_W6_A16_N64__T2p0ns,207158581ab077db004b0627bf1709ee71ee9c88921cc57910bdbf0c9d5ddf6b,cln22ul_sc6p5mcpp140z_base_svt_c35_r3p0_tt_0p80v_25c,<CLN22UL_DB>/sc6p5mcpp140z_cln22ul_base_svt_c35_tt_typical_max_0p80v_25c.db,ultra,0,,1,d287a2bc825e981bb60b4cbb580a97ef0014ca2d296287928162262b5ce1bbc5,284.102001,497.0,0.0,0.485084,1.514916,660.102606349,1,X-2025.06-SP3,ok,build/INT_MAC_W6_A16_N64__T2p0ns/reports,192.465003,91.636999,14.378,,284.102001,
INT_MAC_W6_A16_N64,L2,scalar_int_mac,int_mac,,6,16,,,signed_integer,,,,64,29,,,,,,,,arithmetic_kernel,"One signed product per cycle plus registered accumulator. N controls accumulator guard width, not unrolled multiplier count.",INT_MAC_W6_A16_N64__T1p0ns,1.0,1000.0,build/INT_MAC_W6_A16_N64__T1p0ns,207158581ab077db004b0627bf1709ee71ee9c88921cc57910bdbf0c9d5ddf6b,cln22ul_sc6p5mcpp140z_base_svt_c35_r3p0_tt_0p80v_25c,<CLN22UL_DB>/sc6p5mcpp140z_cln22ul_base_svt_c35_tt_typical_max_0p80v_25c.db,ultra,0,,1,d287a2bc825e981bb60b4cbb580a97ef0014ca2d296287928162262b5ce1bbc5,311.675003,515.0,0.0,0.000251949,0.999748051,1000.25201249,1,X-2025.06-SP3,ok,build/INT_MAC_W6_A16_N64__T1p0ns/reports,220.038005,91.636999,13.377,,311.675003,
INT_MAC_W6_A16_N64,L2,scalar_int_mac,int_mac,,6,16,,,signed_integer,,,,64,29,,,,,,,,arithmetic_kernel,"One signed product per cycle plus registered accumulator. N controls accumulator guard width, not unrolled multiplier count.",INT_MAC_W6_A16_N64__T0p9ns,0.9,1111.111111111111,build/INT_MAC_W6_A16_N64__T0p9ns,207158581ab077db004b0627bf1709ee71ee9c88921cc57910bdbf0c9d5ddf6b,cln22ul_sc6p5mcpp140z_base_svt_c35_r3p0_tt_0p80v_25c,<CLN22UL_DB>/sc6p5mcpp140z_cln22ul_base_svt_c35_tt_typical_max_0p80v_25c.db,ultra,0,,1,d287a2bc825e981bb60b4cbb580a97ef0014ca2d296287928162262b5ce1bbc5,314.951003,540.0,0.0,0.0005759,0.8994241,1111.82255401,1,X-2025.06-SP3,ok,build/INT_MAC_W6_A16_N64__T0p9ns/reports,223.314005,91.636999,11.648,,314.951003,
INT_MAC_W8_A4_N64,L2,scalar_int_mac,int_mac,,8,4,,,signed_integer,,,,64,19,,,,,,,,arithmetic_kernel,"One signed product per cycle plus registered accumulator. N controls accumulator guard width, not unrolled multiplier count.",INT_MAC_W8_A4_N64__T2p0ns,2.0,500.0,build/INT_MAC_W8_A4_N64__T2p0ns,207158581ab077db004b0627bf1709ee71ee9c88921cc57910bdbf0c9d5ddf6b,cln22ul_sc6p5mcpp140z_base_svt_c35_r3p0_tt_0p80v_25c,<CLN22UL_DB>/sc6p5mcpp140z_cln22ul_base_svt_c35_tt_typical_max_0p80v_25c.db,ultra,0,,1,d287a2bc825e981bb60b4cbb580a97ef0014ca2d296287928162262b5ce1bbc5,136.136,225.0,0.0,0.967134,1.032866,968.179802608,1,X-2025.06-SP3,ok,build/INT_MAC_W8_A4_N64__T2p0ns/reports,79.079001,57.056999,5.369,,136.136,
INT_MAC_W8_A4_N64,L2,scalar_int_mac,int_mac,,8,4,,,signed_integer,,,,64,19,,,,,,,,arithmetic_kernel,"One signed product per cycle plus registered accumulator. N controls accumulator guard width, not unrolled multiplier count.",INT_MAC_W8_A4_N64__T1p0ns,1.0,1000.0,build/INT_MAC_W8_A4_N64__T1p0ns,207158581ab077db004b0627bf1709ee71ee9c88921cc57910bdbf0c9d5ddf6b,cln22ul_sc6p5mcpp140z_base_svt_c35_r3p0_tt_0p80v_25c,<CLN22UL_DB>/sc6p5mcpp140z_cln22ul_base_svt_c35_tt_typical_max_0p80v_25c.db,ultra,0,,1,d287a2bc825e981bb60b4cbb580a97ef0014ca2d296287928162262b5ce1bbc5,141.050001,196.0,0.0,0.0667197,0.9332803,1071.48945499,1,X-2025.06-SP3,ok,build/INT_MAC_W8_A4_N64__T1p0ns/reports,83.993002,57.056999,4.641,,141.050001,
INT_MAC_W8_A4_N64,L2,scalar_int_mac,int_mac,,8,4,,,signed_integer,,,,64,19,,,,,,,,arithmetic_kernel,"One signed product per cycle plus registered accumulator. N controls accumulator guard width, not unrolled multiplier count.",INT_MAC_W8_A4_N64__T0p9ns,0.9,1111.111111111111,build/INT_MAC_W8_A4_N64__T0p9ns,207158581ab077db004b0627bf1709ee71ee9c88921cc57910bdbf0c9d5ddf6b,cln22ul_sc6p5mcpp140z_base_svt_c35_r3p0_tt_0p80v_25c,<CLN22UL_DB>/sc6p5mcpp140z_cln22ul_base_svt_c35_tt_typical_max_0p80v_25c.db,ultra,0,,1,d287a2bc825e981bb60b4cbb580a97ef0014ca2d296287928162262b5ce1bbc5,142.870001,216.0,0.0,0.0145475,0.8854525,1129.3660586,1,X-2025.06-SP3,ok,build/INT_MAC_W8_A4_N64__T0p9ns/reports,85.813002,57.056999,5.369,,142.870001,
INT_MAC_W8_A8_N64,L1,scalar_int_mac,int_mac,,8,8,,,signed_integer,,,,64,23,,,,,,,,arithmetic_kernel,"One signed product per cycle plus registered accumulator. N controls accumulator guard width, not unrolled multiplier count.",INT_MAC_W8_A8_N64__T2p0ns,2.0,500.0,build/INT_MAC_W8_A8_N64__T2p0ns,207158581ab077db004b0627bf1709ee71ee9c88921cc57910bdbf0c9d5ddf6b,cln22ul_sc6p5mcpp140z_base_svt_c35_r3p0_tt_0p80v_25c,<CLN22UL_DB>/sc6p5mcpp140z_cln22ul_base_svt_c35_tt_typical_max_0p80v_25c.db,ultra,0,,1,d287a2bc825e981bb60b4cbb580a97ef0014ca2d296287928162262b5ce1bbc5,210.210002,340.0,0.0,0.783845,1.216155,822.263609491,1,X-2025.06-SP3,ok,build/INT_MAC_W8_A8_N64__T2p0ns/reports,139.321003,70.888999,10.283,,210.210002,
INT_MAC_W8_A8_N64,L1,scalar_int_mac,int_mac,,8,8,,,signed_integer,,,,64,23,,,,,,,,arithmetic_kernel,"One signed product per cycle plus registered accumulator. N controls accumulator guard width, not unrolled multiplier count.",INT_MAC_W8_A8_N64__T1p0ns,1.0,1000.0,build/INT_MAC_W8_A8_N64__T1p0ns,207158581ab077db004b0627bf1709ee71ee9c88921cc57910bdbf0c9d5ddf6b,cln22ul_sc6p5mcpp140z_base_svt_c35_r3p0_tt_0p80v_25c,<CLN22UL_DB>/sc6p5mcpp140z_cln22ul_base_svt_c35_tt_typical_max_0p80v_25c.db,ultra,0,,1,d287a2bc825e981bb60b4cbb580a97ef0014ca2d296287928162262b5ce1bbc5,223.496002,339.0,0.0,0.00168562,0.99831438,1001.68846611,1,X-2025.06-SP3,ok,build/INT_MAC_W8_A8_N64__T1p0ns/reports,152.607004,70.888999,9.009,,223.496002,
INT_MAC_W8_A8_N64,L1,scalar_int_mac,int_mac,,8,8,,,signed_integer,,,,64,23,,,,,,,,arithmetic_kernel,"One signed product per cycle plus registered accumulator. N controls accumulator guard width, not unrolled multiplier count.",INT_MAC_W8_A8_N64__T0p9ns,0.9,1111.111111111111,build/INT_MAC_W8_A8_N64__T0p9ns,207158581ab077db004b0627bf1709ee71ee9c88921cc57910bdbf0c9d5ddf6b,cln22ul_sc6p5mcpp140z_base_svt_c35_r3p0_tt_0p80v_25c,<CLN22UL_DB>/sc6p5mcpp140z_cln22ul_base_svt_c35_tt_typical_max_0p80v_25c.db,ultra,0,,1,d287a2bc825e981bb60b4cbb580a97ef0014ca2d296287928162262b5ce1bbc5,234.416002,389.0,0.0,0.000572383,0.899427617,1111.81820649,1,X-2025.06-SP3,ok,build/INT_MAC_W8_A8_N64__T0p9ns/reports,163.527003,70.888999,10.101,,234.416002,
INT_MAC_W8_A16_N64,L2,scalar_int_mac,int_mac,,8,16,,,signed_integer,,,,64,31,,,,,,,,arithmetic_kernel,"One signed product per cycle plus registered accumulator. N controls accumulator guard width, not unrolled multiplier count.",INT_MAC_W8_A16_N64__T2p0ns,2.0,500.0,build/INT_MAC_W8_A16_N64__T2p0ns,207158581ab077db004b0627bf1709ee71ee9c88921cc57910bdbf0c9d5ddf6b,cln22ul_sc6p5mcpp140z_base_svt_c35_r3p0_tt_0p80v_25c,<CLN22UL_DB>/sc6p5mcpp140z_cln22ul_base_svt_c35_tt_typical_max_0p80v_25c.db,ultra,0,,1,d287a2bc825e981bb60b4cbb580a97ef0014ca2d296287928162262b5ce1bbc5,343.798002,591.0,0.0,0.384576,1.615424,619.032526445,1,X-2025.06-SP3,ok,build/INT_MAC_W8_A16_N64__T2p0ns/reports,245.245004,98.552998,16.016,,343.798002,
INT_MAC_W8_A16_N64,L2,scalar_int_mac,int_mac,,8,16,,,signed_integer,,,,64,31,,,,,,,,arithmetic_kernel,"One signed product per cycle plus registered accumulator. N controls accumulator guard width, not unrolled multiplier count.",INT_MAC_W8_A16_N64__T1p0ns,1.0,1000.0,build/INT_MAC_W8_A16_N64__T1p0ns,207158581ab077db004b0627bf1709ee71ee9c88921cc57910bdbf0c9d5ddf6b,cln22ul_sc6p5mcpp140z_base_svt_c35_r3p0_tt_0p80v_25c,<CLN22UL_DB>/sc6p5mcpp140z_cln22ul_base_svt_c35_tt_typical_max_0p80v_25c.db,ultra,0,,1,d287a2bc825e981bb60b4cbb580a97ef0014ca2d296287928162262b5ce1bbc5,373.009005,611.0,0.0,0.000214934,0.999785066,1000.21498021,1,X-2025.06-SP3,ok,build/INT_MAC_W8_A16_N64__T1p0ns/reports,274.456006,98.552998,12.831,,373.009005,
INT_MAC_W8_A16_N64,L2,scalar_int_mac,int_mac,,8,16,,,signed_integer,,,,64,31,,,,,,,,arithmetic_kernel,"One signed product per cycle plus registered accumulator. N controls accumulator guard width, not unrolled multiplier count.",INT_MAC_W8_A16_N64__T0p9ns,0.9,1111.111111111111,build/INT_MAC_W8_A16_N64__T0p9ns,207158581ab077db004b0627bf1709ee71ee9c88921cc57910bdbf0c9d5ddf6b,cln22ul_sc6p5mcpp140z_base_svt_c35_r3p0_tt_0p80v_25c,<CLN22UL_DB>/sc6p5mcpp140z_cln22ul_base_svt_c35_tt_typical_max_0p80v_25c.db,ultra,0,,1,d287a2bc825e981bb60b4cbb580a97ef0014ca2d296287928162262b5ce1bbc5,380.380004,644.0,0.0,0.00302792,0.89697208,1114.86190295,1,X-2025.06-SP3,ok,build/INT_MAC_W8_A16_N64__T0p9ns/reports,281.827006,98.552998,16.38,,380.380004,
INT_MAC_W16_A4_N64,L2,scalar_int_mac,int_mac,,16,4,,,signed_integer,,,,64,27,,,,,,,,arithmetic_kernel,"One signed product per cycle plus registered accumulator. N controls accumulator guard width, not unrolled multiplier count.",INT_MAC_W16_A4_N64__T2p0ns,2.0,500.0,build/INT_MAC_W16_A4_N64__T2p0ns,207158581ab077db004b0627bf1709ee71ee9c88921cc57910bdbf0c9d5ddf6b,cln22ul_sc6p5mcpp140z_base_svt_c35_r3p0_tt_0p80v_25c,<CLN22UL_DB>/sc6p5mcpp140z_cln22ul_base_svt_c35_tt_typical_max_0p80v_25c.db,ultra,0,,1,d287a2bc825e981bb60b4cbb580a97ef0014ca2d296287928162262b5ce1bbc5,223.132,395.0,0.0,0.586166,1.413834,707.296613322,1,X-2025.06-SP3,ok,build/INT_MAC_W16_A4_N64__T2p0ns/reports,138.411002,84.720999,11.102,,223.132,
INT_MAC_W16_A4_N64,L2,scalar_int_mac,int_mac,,16,4,,,signed_integer,,,,64,27,,,,,,,,arithmetic_kernel,"One signed product per cycle plus registered accumulator. N controls accumulator guard width, not unrolled multiplier count.",INT_MAC_W16_A4_N64__T1p0ns,1.0,1000.0,build/INT_MAC_W16_A4_N64__T1p0ns,207158581ab077db004b0627bf1709ee71ee9c88921cc57910bdbf0c9d5ddf6b,cln22ul_sc6p5mcpp140z_base_svt_c35_r3p0_tt_0p80v_25c,<CLN22UL_DB>/sc6p5mcpp140z_cln22ul_base_svt_c35_tt_typical_max_0p80v_25c.db,ultra,0,,1,d287a2bc825e981bb60b4cbb580a97ef0014ca2d296287928162262b5ce1bbc5,246.064002,412.0,0.0,0.00045228,0.99954772,1000.45248465,1,X-2025.06-SP3,ok,build/INT_MAC_W16_A4_N64__T1p0ns/reports,161.343003,84.720999,9.828,,246.064002,
INT_MAC_W16_A4_N64,L2,scalar_int_mac,int_mac,,16,4,,,signed_integer,,,,64,27,,,,,,,,arithmetic_kernel,"One signed product per cycle plus registered accumulator. N controls accumulator guard width, not unrolled multiplier count.",INT_MAC_W16_A4_N64__T0p9ns,0.9,1111.111111111111,build/INT_MAC_W16_A4_N64__T0p9ns,207158581ab077db004b0627bf1709ee71ee9c88921cc57910bdbf0c9d5ddf6b,cln22ul_sc6p5mcpp140z_base_svt_c35_r3p0_tt_0p80v_25c,<CLN22UL_DB>/sc6p5mcpp140z_cln22ul_base_svt_c35_tt_typical_max_0p80v_25c.db,ultra,0,,1,d287a2bc825e981bb60b4cbb580a97ef0014ca2d296287928162262b5ce1bbc5,252.980002,445.0,0.0,0.00118744,0.89881256,1112.57902315,1,X-2025.06-SP3,ok,build/INT_MAC_W16_A4_N64__T0p9ns/reports,168.259003,84.720999,12.831,,252.980002,
INT_MAC_W16_A8_N64,L2,scalar_int_mac,int_mac,,16,8,,,signed_integer,,,,64,31,,,,,,,,arithmetic_kernel,"One signed product per cycle plus registered accumulator. N controls accumulator guard width, not unrolled multiplier count.",INT_MAC_W16_A8_N64__T2p0ns,2.0,500.0,build/INT_MAC_W16_A8_N64__T2p0ns,207158581ab077db004b0627bf1709ee71ee9c88921cc57910bdbf0c9d5ddf6b,cln22ul_sc6p5mcpp140z_base_svt_c35_r3p0_tt_0p80v_25c,<CLN22UL_DB>/sc6p5mcpp140z_cln22ul_base_svt_c35_tt_typical_max_0p80v_25c.db,ultra,0,,1,d287a2bc825e981bb60b4cbb580a97ef0014ca2d296287928162262b5ce1bbc5,343.798002,591.0,0.0,0.384576,1.615424,619.032526445,1,X-2025.06-SP3,ok,build/INT_MAC_W16_A8_N64__T2p0ns/reports,245.245004,98.552998,16.016,,343.798002,
INT_MAC_W16_A8_N64,L2,scalar_int_mac,int_mac,,16,8,,,signed_integer,,,,64,31,,,,,,,,arithmetic_kernel,"One signed product per cycle plus registered accumulator. N controls accumulator guard width, not unrolled multiplier count.",INT_MAC_W16_A8_N64__T1p0ns,1.0,1000.0,build/INT_MAC_W16_A8_N64__T1p0ns,207158581ab077db004b0627bf1709ee71ee9c88921cc57910bdbf0c9d5ddf6b,cln22ul_sc6p5mcpp140z_base_svt_c35_r3p0_tt_0p80v_25c,<CLN22UL_DB>/sc6p5mcpp140z_cln22ul_base_svt_c35_tt_typical_max_0p80v_25c.db,ultra,0,,1,d287a2bc825e981bb60b4cbb580a97ef0014ca2d296287928162262b5ce1bbc5,373.009005,611.0,0.0,0.000214934,0.999785066,1000.21498021,1,X-2025.06-SP3,ok,build/INT_MAC_W16_A8_N64__T1p0ns/reports,274.456006,98.552998,12.831,,373.009005,
INT_MAC_W16_A8_N64,L2,scalar_int_mac,int_mac,,16,8,,,signed_integer,,,,64,31,,,,,,,,arithmetic_kernel,"One signed product per cycle plus registered accumulator. N controls accumulator guard width, not unrolled multiplier count.",INT_MAC_W16_A8_N64__T0p9ns,0.9,1111.111111111111,build/INT_MAC_W16_A8_N64__T0p9ns,207158581ab077db004b0627bf1709ee71ee9c88921cc57910bdbf0c9d5ddf6b,cln22ul_sc6p5mcpp140z_base_svt_c35_r3p0_tt_0p80v_25c,<CLN22UL_DB>/sc6p5mcpp140z_cln22ul_base_svt_c35_tt_typical_max_0p80v_25c.db,ultra,0,,1,d287a2bc825e981bb60b4cbb580a97ef0014ca2d296287928162262b5ce1bbc5,379.470004,640.0,0.0,0.00160611,0.89839389,1113.09750782,1,X-2025.06-SP3,ok,build/INT_MAC_W16_A8_N64__T0p9ns/reports,280.917006,98.552998,15.288,,379.470004,
INT_MAC_W16_A16_N64,L2,scalar_int_mac,int_mac,,16,16,,,signed_integer,,,,64,39,,,,,,,,arithmetic_kernel,"One signed product per cycle plus registered accumulator. N controls accumulator guard width, not unrolled multiplier count.",INT_MAC_W16_A16_N64__T2p0ns,2.0,500.0,build/INT_MAC_W16_A16_N64__T2p0ns,207158581ab077db004b0627bf1709ee71ee9c88921cc57910bdbf0c9d5ddf6b,cln22ul_sc6p5mcpp140z_base_svt_c35_r3p0_tt_0p80v_25c,<CLN22UL_DB>/sc6p5mcpp140z_cln22ul_base_svt_c35_tt_typical_max_0p80v_25c.db,ultra,0,,1,d287a2bc825e981bb60b4cbb580a97ef0014ca2d296287928162262b5ce1bbc5,584.94801,831.0,0.0,0.0176376,1.9823624,504.448631592,1,X-2025.06-SP3,ok,build/INT_MAC_W16_A16_N64__T2p0ns/reports,458.731012,126.216998,18.382,,584.94801,
INT_MAC_W16_A16_N64,L2,scalar_int_mac,int_mac,,16,16,,,signed_integer,,,,64,39,,,,,,,,arithmetic_kernel,"One signed product per cycle plus registered accumulator. N controls accumulator guard width, not unrolled multiplier count.",INT_MAC_W16_A16_N64__T1p0ns,1.0,1000.0,build/INT_MAC_W16_A16_N64__T1p0ns,207158581ab077db004b0627bf1709ee71ee9c88921cc57910bdbf0c9d5ddf6b,cln22ul_sc6p5mcpp140z_base_svt_c35_r3p0_tt_0p80v_25c,<CLN22UL_DB>/sc6p5mcpp140z_cln22ul_base_svt_c35_tt_typical_max_0p80v_25c.db,ultra,0,,1,d287a2bc825e981bb60b4cbb580a97ef0014ca2d296287928162262b5ce1bbc5,628.26401,1008.0,0.0,0.00159347,0.99840653,1001.5960132,1,X-2025.06-SP3,ok,build/INT_MAC_W16_A16_N64__T1p0ns/reports,502.047012,126.216998,21.203,,628.26401,
INT_MAC_W16_A16_N64,L2,scalar_int_mac,int_mac,,16,16,,,signed_integer,,,,64,39,,,,,,,,arithmetic_kernel,"One signed product per cycle plus registered accumulator. N controls accumulator guard width, not unrolled multiplier count.",INT_MAC_W16_A16_N64__T0p9ns,0.9,1111.111111111111,build/INT_MAC_W16_A16_N64__T0p9ns,207158581ab077db004b0627bf1709ee71ee9c88921cc57910bdbf0c9d5ddf6b,cln22ul_sc6p5mcpp140z_base_svt_c35_r3p0_tt_0p80v_25c,<CLN22UL_DB>/sc6p5mcpp140z_cln22ul_base_svt_c35_tt_typical_max_0p80v_25c.db,ultra,0,,1,d287a2bc825e981bb60b4cbb580a97ef0014ca2d296287928162262b5ce1bbc5,636.63601,1032.0,0.0,0.000331759,0.899668241,1111.52084116,1,X-2025.06-SP3,ok,build/INT_MAC_W16_A16_N64__T0p9ns/reports,510.419012,126.216998,23.387,,636.63601,
INT_MAC_W5_A5_N64,L1,scalar_int_mac,int_mac,,5,5,,,signed_integer,,,,64,17,,,,,,,,arithmetic_kernel,"One signed product per cycle plus registered accumulator. N controls accumulator guard width, not unrolled multiplier count.",INT_MAC_W5_A5_N64__T2p0ns,2.0,500.0,build/INT_MAC_W5_A5_N64__T2p0ns,207158581ab077db004b0627bf1709ee71ee9c88921cc57910bdbf0c9d5ddf6b,cln22ul_sc6p5mcpp140z_base_svt_c35_r3p0_tt_0p80v_25c,<CLN22UL_DB>/sc6p5mcpp140z_cln22ul_base_svt_c35_tt_typical_max_0p80v_25c.db,ultra,0,,1,d287a2bc825e981bb60b4cbb580a97ef0014ca2d296287928162262b5ce1bbc5,123.123,203.0,0.0,1.1696,0.8304,1204.238921,1,X-2025.06-SP3,ok,build/INT_MAC_W5_A5_N64__T2p0ns/reports,72.982001,50.140999,5.733,,123.123,
INT_MAC_W5_A5_N64,L1,scalar_int_mac,int_mac,,5,5,,,signed_integer,,,,64,17,,,,,,,,arithmetic_kernel,"One signed product per cycle plus registered accumulator. N controls accumulator guard width, not unrolled multiplier count.",INT_MAC_W5_A5_N64__T1p0ns,1.0,1000.0,build/INT_MAC_W5_A5_N64__T1p0ns,207158581ab077db004b0627bf1709ee71ee9c88921cc57910bdbf0c9d5ddf6b,cln22ul_sc6p5mcpp140z_base_svt_c35_r3p0_tt_0p80v_25c,<CLN22UL_DB>/sc6p5mcpp140z_cln22ul_base_svt_c35_tt_typical_max_0p80v_25c.db,ultra,0,,1,d287a2bc825e981bb60b4cbb580a97ef0014ca2d296287928162262b5ce1bbc5,126.854001,162.0,0.0,0.0948958,0.9051042,1104.84516589,1,X-2025.06-SP3,ok,build/INT_MAC_W5_A5_N64__T1p0ns/reports,76.713002,50.140999,4.823,,126.854001,
INT_MAC_W5_A5_N64,L1,scalar_int_mac,int_mac,,5,5,,,signed_integer,,,,64,17,,,,,,,,arithmetic_kernel,"One signed product per cycle plus registered accumulator. N controls accumulator guard width, not unrolled multiplier count.",INT_MAC_W5_A5_N64__T0p9ns,0.9,1111.111111111111,build/INT_MAC_W5_A5_N64__T0p9ns,207158581ab077db004b0627bf1709ee71ee9c88921cc57910bdbf0c9d5ddf6b,cln22ul_sc6p5mcpp140z_base_svt_c35_r3p0_tt_0p80v_25c,<CLN22UL_DB>/sc6p5mcpp140z_cln22ul_base_svt_c35_tt_typical_max_0p80v_25c.db,ultra,0,,1,d287a2bc825e981bb60b4cbb580a97ef0014ca2d296287928162262b5ce1bbc5,128.674001,183.0,0.0,0.0647855,0.8352145,1197.29722125,1,X-2025.06-SP3,ok,build/INT_MAC_W5_A5_N64__T0p9ns/reports,78.533002,50.140999,5.187,,128.674001,
INT_MAC_W4_A6_N64,L1,scalar_int_mac,int_mac,,4,6,,,signed_integer,,,,64,17,,,,,,,,arithmetic_kernel,"One signed product per cycle plus registered accumulator. N controls accumulator guard width, not unrolled multiplier count.",INT_MAC_W4_A6_N64__T2p0ns,2.0,500.0,build/INT_MAC_W4_A6_N64__T2p0ns,207158581ab077db004b0627bf1709ee71ee9c88921cc57910bdbf0c9d5ddf6b,cln22ul_sc6p5mcpp140z_base_svt_c35_r3p0_tt_0p80v_25c,<CLN22UL_DB>/sc6p5mcpp140z_cln22ul_base_svt_c35_tt_typical_max_0p80v_25c.db,ultra,0,,1,d287a2bc825e981bb60b4cbb580a97ef0014ca2d296287928162262b5ce1bbc5,116.025,191.0,0.0,1.09142,0.90858,1100.61854762,1,X-2025.06-SP3,ok,build/INT_MAC_W4_A6_N64__T2p0ns/reports,65.884001,50.140999,4.641,,116.025,
INT_MAC_W4_A6_N64,L1,scalar_int_mac,int_mac,,4,6,,,signed_integer,,,,64,17,,,,,,,,arithmetic_kernel,"One signed product per cycle plus registered accumulator. N controls accumulator guard width, not unrolled multiplier count.",INT_MAC_W4_A6_N64__T1p0ns,1.0,1000.0,build/INT_MAC_W4_A6_N64__T1p0ns,207158581ab077db004b0627bf1709ee71ee9c88921cc57910bdbf0c9d5ddf6b,cln22ul_sc6p5mcpp140z_base_svt_c35_r3p0_tt_0p80v_25c,<CLN22UL_DB>/sc6p5mcpp140z_cln22ul_base_svt_c35_tt_typical_max_0p80v_25c.db,ultra,0,,1,d287a2bc825e981bb60b4cbb580a97ef0014ca2d296287928162262b5ce1bbc5,119.392001,151.0,0.0,0.0957671,0.9042329,1105.9097717,1,X-2025.06-SP3,ok,build/INT_MAC_W4_A6_N64__T1p0ns/reports,69.251002,50.140999,3.913,,119.392001,
INT_MAC_W4_A6_N64,L1,scalar_int_mac,int_mac,,4,6,,,signed_integer,,,,64,17,,,,,,,,arithmetic_kernel,"One signed product per cycle plus registered accumulator. N controls accumulator guard width, not unrolled multiplier count.",INT_MAC_W4_A6_N64__T0p9ns,0.9,1111.111111111111,build/INT_MAC_W4_A6_N64__T0p9ns,207158581ab077db004b0627bf1709ee71ee9c88921cc57910bdbf0c9d5ddf6b,cln22ul_sc6p5mcpp140z_base_svt_c35_r3p0_tt_0p80v_25c,<CLN22UL_DB>/sc6p5mcpp140z_cln22ul_base_svt_c35_tt_typical_max_0p80v_25c.db,ultra,0,,1,d287a2bc825e981bb60b4cbb580a97ef0014ca2d296287928162262b5ce1bbc5,121.394001,172.0,0.0,0.0647855,0.8352145,1197.29722125,1,X-2025.06-SP3,ok,build/INT_MAC_W4_A6_N64__T0p9ns/reports,71.253002,50.140999,4.277,,121.394001,
FP_MAC_FP4_E2M1,L1,scalar_fp_mac,fp4_dw_surrogate,,,,,,FP4_E2M1,1,2,0,1,,,,,,,,,converted_minimum_dw_fp6_surrogate,"DW_fp_mac does not support E2M1 or E2M2 in X-2025.06-SP3. Inputs are converted from E2M1 to the minimum supported E3M2, MAC is performed in E3M2, and output is truncated/saturated to E2M1. Area upper-bound surrogate including conversion logic; not bit-exact FP4.",FP_MAC_FP4_E2M1__T2p0ns,2.0,500.0,build/FP_MAC_FP4_E2M1__T2p0ns,207158581ab077db004b0627bf1709ee71ee9c88921cc57910bdbf0c9d5ddf6b,cln22ul_sc6p5mcpp140z_base_svt_c35_r3p0_tt_0p80v_25c,<CLN22UL_DB>/sc6p5mcpp140z_cln22ul_base_svt_c35_tt_typical_max_0p80v_25c.db,ultra,0,,1,d287a2bc825e981bb60b4cbb580a97ef0014ca2d296287928162262b5ce1bbc5,137.774001,314.0,0.0,0.0764211,1.9235789,519.864300861,1,X-2025.06-SP3,ok,build/FP_MAC_FP4_E2M1__T2p0ns/reports,118.755002,19.019,11.83,,137.774001,
FP_MAC_FP4_E2M1,L1,scalar_fp_mac,fp4_dw_surrogate,,,,,,FP4_E2M1,1,2,0,1,,,,,,,,,converted_minimum_dw_fp6_surrogate,"DW_fp_mac does not support E2M1 or E2M2 in X-2025.06-SP3. Inputs are converted from E2M1 to the minimum supported E3M2, MAC is performed in E3M2, and output is truncated/saturated to E2M1. Area upper-bound surrogate including conversion logic; not bit-exact FP4.",FP_MAC_FP4_E2M1__T1p0ns,1.0,1000.0,build/FP_MAC_FP4_E2M1__T1p0ns,207158581ab077db004b0627bf1709ee71ee9c88921cc57910bdbf0c9d5ddf6b,cln22ul_sc6p5mcpp140z_base_svt_c35_r3p0_tt_0p80v_25c,<CLN22UL_DB>/sc6p5mcpp140z_cln22ul_base_svt_c35_tt_typical_max_0p80v_25c.db,ultra,0,,1,d287a2bc825e981bb60b4cbb580a97ef0014ca2d296287928162262b5ce1bbc5,303.121003,583.0,0.0,9.11355e-05,0.9999088645,1000.09114381,1,X-2025.06-SP3,ok,build/FP_MAC_FP4_E2M1__T1p0ns/reports,284.102003,19.019,45.5,,303.121003,
FP_MAC_FP4_E2M1,L1,scalar_fp_mac,fp4_dw_surrogate,,,,,,FP4_E2M1,1,2,0,1,,,,,,,,,converted_minimum_dw_fp6_surrogate,"DW_fp_mac does not support E2M1 or E2M2 in X-2025.06-SP3. Inputs are converted from E2M1 to the minimum supported E3M2, MAC is performed in E3M2, and output is truncated/saturated to E2M1. Area upper-bound surrogate including conversion logic; not bit-exact FP4.",FP_MAC_FP4_E2M1__T0p9ns,0.9,1111.111111111111,build/FP_MAC_FP4_E2M1__T0p9ns,207158581ab077db004b0627bf1709ee71ee9c88921cc57910bdbf0c9d5ddf6b,cln22ul_sc6p5mcpp140z_base_svt_c35_r3p0_tt_0p80v_25c,<CLN22UL_DB>/sc6p5mcpp140z_cln22ul_base_svt_c35_tt_typical_max_0p80v_25c.db,ultra,0,,1,d287a2bc825e981bb60b4cbb580a97ef0014ca2d296287928162262b5ce1bbc5,385.476004,657.0,0.0,1.12653e-05,0.8999887347,1111.12501906,1,X-2025.06-SP3,ok,build/FP_MAC_FP4_E2M1__T0p9ns/reports,366.457004,19.019,53.508,,385.476004,
FP_MAC_FP6_E3M2,L1,scalar_fp_mac,fp_mac_dw,,,,,,FP6_E3M2,2,3,0,1,,,,,,,,,same_format_dw_fp_mac,DW_fp_mac with product and add in the same floating format. It is not an FP32-accumulation surrogate.,FP_MAC_FP6_E3M2__T2p0ns,2.0,500.0,build/FP_MAC_FP6_E3M2__T2p0ns,207158581ab077db004b0627bf1709ee71ee9c88921cc57910bdbf0c9d5ddf6b,cln22ul_sc6p5mcpp140z_base_svt_c35_r3p0_tt_0p80v_25c,<CLN22UL_DB>/sc6p5mcpp140z_cln22ul_base_svt_c35_tt_typical_max_0p80v_25c.db,ultra,0,,1,d287a2bc825e981bb60b4cbb580a97ef0014ca2d296287928162262b5ce1bbc5,180.726001,439.0,0.0,0.0114503,1.9885497,502.879058039,1,X-2025.06-SP3,ok,build/FP_MAC_FP6_E3M2__T2p0ns/reports,158.249002,22.477,18.109,,180.726001,
FP_MAC_FP6_E3M2,L1,scalar_fp_mac,fp_mac_dw,,,,,,FP6_E3M2,2,3,0,1,,,,,,,,,same_format_dw_fp_mac,DW_fp_mac with product and add in the same floating format. It is not an FP32-accumulation surrogate.,FP_MAC_FP6_E3M2__T1p0ns,1.0,1000.0,build/FP_MAC_FP6_E3M2__T1p0ns,207158581ab077db004b0627bf1709ee71ee9c88921cc57910bdbf0c9d5ddf6b,cln22ul_sc6p5mcpp140z_base_svt_c35_r3p0_tt_0p80v_25c,<CLN22UL_DB>/sc6p5mcpp140z_cln22ul_base_svt_c35_tt_typical_max_0p80v_25c.db,ultra,0,,1,d287a2bc825e981bb60b4cbb580a97ef0014ca2d296287928162262b5ce1bbc5,446.992005,849.0,0.0,4.67896e-05,0.9999532104,1000.04679179,1,X-2025.06-SP3,ok,build/FP_MAC_FP6_E3M2__T1p0ns/reports,424.515005,22.477,47.592999,,446.992005,
FP_MAC_FP6_E3M2,L1,scalar_fp_mac,fp_mac_dw,,,,,,FP6_E3M2,2,3,0,1,,,,,,,,,same_format_dw_fp_mac,DW_fp_mac with product and add in the same floating format. It is not an FP32-accumulation surrogate.,FP_MAC_FP6_E3M2__T0p9ns,0.9,1111.111111111111,build/FP_MAC_FP6_E3M2__T0p9ns,207158581ab077db004b0627bf1709ee71ee9c88921cc57910bdbf0c9d5ddf6b,cln22ul_sc6p5mcpp140z_base_svt_c35_r3p0_tt_0p80v_25c,<CLN22UL_DB>/sc6p5mcpp140z_cln22ul_base_svt_c35_tt_typical_max_0p80v_25c.db,ultra,0,,1,d287a2bc825e981bb60b4cbb580a97ef0014ca2d296287928162262b5ce1bbc5,633.087007,937.0,0.0,-0.0132464,0.9132464,1094.99473527,0,X-2025.06-SP3,ok,build/FP_MAC_FP6_E3M2__T0p9ns/reports,610.610007,22.477,76.076,,633.087007,
FP_MAC_FP8_E4M3,L1,scalar_fp_mac,fp_mac_dw,,,,,,FP8_E4M3,3,4,0,1,,,,,,,,,same_format_dw_fp_mac,DW_fp_mac with product and add in the same floating format. It is not an FP32-accumulation surrogate.,FP_MAC_FP8_E4M3__T2p0ns,2.0,500.0,build/FP_MAC_FP8_E4M3__T2p0ns,207158581ab077db004b0627bf1709ee71ee9c88921cc57910bdbf0c9d5ddf6b,cln22ul_sc6p5mcpp140z_base_svt_c35_r3p0_tt_0p80v_25c,<CLN22UL_DB>/sc6p5mcpp140z_cln22ul_base_svt_c35_tt_typical_max_0p80v_25c.db,ultra,0,,1,d287a2bc825e981bb60b4cbb580a97ef0014ca2d296287928162262b5ce1bbc5,254.345002,629.0,0.0,0.000127912,1.999872088,500.031980045,1,X-2025.06-SP3,ok,build/FP_MAC_FP8_E4M3__T2p0ns/reports,228.410002,25.935,25.753,,254.345002,
FP_MAC_FP8_E4M3,L1,scalar_fp_mac,fp_mac_dw,,,,,,FP8_E4M3,3,4,0,1,,,,,,,,,same_format_dw_fp_mac,DW_fp_mac with product and add in the same floating format. It is not an FP32-accumulation surrogate.,FP_MAC_FP8_E4M3__T1p0ns,1.0,1000.0,build/FP_MAC_FP8_E4M3__T1p0ns,207158581ab077db004b0627bf1709ee71ee9c88921cc57910bdbf0c9d5ddf6b,cln22ul_sc6p5mcpp140z_base_svt_c35_r3p0_tt_0p80v_25c,<CLN22UL_DB>/sc6p5mcpp140z_cln22ul_base_svt_c35_tt_typical_max_0p80v_25c.db,ultra,0,,1,d287a2bc825e981bb60b4cbb580a97ef0014ca2d296287928162262b5ce1bbc5,678.314008,1223.0,0.0,6.02007e-06,0.99999397993,1000.00602011,1,X-2025.06-SP3,ok,build/FP_MAC_FP8_E4M3__T1p0ns/reports,652.379009,25.935,67.339999,,678.314008,
FP_MAC_FP8_E4M3,L1,scalar_fp_mac,fp_mac_dw,,,,,,FP8_E4M3,3,4,0,1,,,,,,,,,same_format_dw_fp_mac,DW_fp_mac with product and add in the same floating format. It is not an FP32-accumulation surrogate.,FP_MAC_FP8_E4M3__T0p9ns,0.9,1111.111111111111,build/FP_MAC_FP8_E4M3__T0p9ns,207158581ab077db004b0627bf1709ee71ee9c88921cc57910bdbf0c9d5ddf6b,cln22ul_sc6p5mcpp140z_base_svt_c35_r3p0_tt_0p80v_25c,<CLN22UL_DB>/sc6p5mcpp140z_cln22ul_base_svt_c35_tt_typical_max_0p80v_25c.db,ultra,0,,1,d287a2bc825e981bb60b4cbb580a97ef0014ca2d296287928162262b5ce1bbc5,850.12201,1348.0,0.0,-0.0541843,0.9541843,1048.0155668,0,X-2025.06-SP3,ok,build/FP_MAC_FP8_E4M3__T0p9ns/reports,824.187011,25.935,89.179999,,850.12201,
FP_MAC_FP8_E5M2,L1,scalar_fp_mac,fp_mac_dw,,,,,,FP8_E5M2,2,5,0,1,,,,,,,,,same_format_dw_fp_mac,DW_fp_mac with product and add in the same floating format. It is not an FP32-accumulation surrogate.,FP_MAC_FP8_E5M2__T2p0ns,2.0,500.0,build/FP_MAC_FP8_E5M2__T2p0ns,207158581ab077db004b0627bf1709ee71ee9c88921cc57910bdbf0c9d5ddf6b,cln22ul_sc6p5mcpp140z_base_svt_c35_r3p0_tt_0p80v_25c,<CLN22UL_DB>/sc6p5mcpp140z_cln22ul_base_svt_c35_tt_typical_max_0p80v_25c.db,ultra,0,,1,d287a2bc825e981bb60b4cbb580a97ef0014ca2d296287928162262b5ce1bbc5,219.492001,536.0,0.0,0.00242138,1.99757862,500.606078774,1,X-2025.06-SP3,ok,build/FP_MAC_FP8_E5M2__T2p0ns/reports,193.557002,25.935,23.023,,219.492001,
FP_MAC_FP8_E5M2,L1,scalar_fp_mac,fp_mac_dw,,,,,,FP8_E5M2,2,5,0,1,,,,,,,,,same_format_dw_fp_mac,DW_fp_mac with product and add in the same floating format. It is not an FP32-accumulation surrogate.,FP_MAC_FP8_E5M2__T1p0ns,1.0,1000.0,build/FP_MAC_FP8_E5M2__T1p0ns,207158581ab077db004b0627bf1709ee71ee9c88921cc57910bdbf0c9d5ddf6b,cln22ul_sc6p5mcpp140z_base_svt_c35_r3p0_tt_0p80v_25c,<CLN22UL_DB>/sc6p5mcpp140z_cln22ul_base_svt_c35_tt_typical_max_0p80v_25c.db,ultra,0,,1,d287a2bc825e981bb60b4cbb580a97ef0014ca2d296287928162262b5ce1bbc5,711.802007,1195.0,0.0,0.000161111,0.999838889,1000.16113696,1,X-2025.06-SP3,ok,build/FP_MAC_FP8_E5M2__T1p0ns/reports,685.867007,25.935,77.804999,,711.802007,
FP_MAC_FP8_E5M2,L1,scalar_fp_mac,fp_mac_dw,,,,,,FP8_E5M2,2,5,0,1,,,,,,,,,same_format_dw_fp_mac,DW_fp_mac with product and add in the same floating format. It is not an FP32-accumulation surrogate.,FP_MAC_FP8_E5M2__T0p9ns,0.9,1111.111111111111,build/FP_MAC_FP8_E5M2__T0p9ns,207158581ab077db004b0627bf1709ee71ee9c88921cc57910bdbf0c9d5ddf6b,cln22ul_sc6p5mcpp140z_base_svt_c35_r3p0_tt_0p80v_25c,<CLN22UL_DB>/sc6p5mcpp140z_cln22ul_base_svt_c35_tt_typical_max_0p80v_25c.db,ultra,0,,1,d287a2bc825e981bb60b4cbb580a97ef0014ca2d296287928162262b5ce1bbc5,721.994009,1132.0,0.0,-0.0912534,0.9912534,1008.82377806,0,X-2025.06-SP3,ok,build/FP_MAC_FP8_E5M2__T0p9ns/reports,696.059009,25.935,69.797,,721.994009,
FP_MAC_BF16_E8M7,L1,scalar_fp_mac,fp_mac_dw,,,,,,BF16_E8M7,7,8,0,1,,,,,,,,,same_format_dw_fp_mac,DW_fp_mac with product and add in the same floating format. It is not an FP32-accumulation surrogate.,FP_MAC_BF16_E8M7__T2p0ns,2.0,500.0,build/FP_MAC_BF16_E8M7__T2p0ns,207158581ab077db004b0627bf1709ee71ee9c88921cc57910bdbf0c9d5ddf6b,cln22ul_sc6p5mcpp140z_base_svt_c35_r3p0_tt_0p80v_25c,<CLN22UL_DB>/sc6p5mcpp140z_cln22ul_base_svt_c35_tt_typical_max_0p80v_25c.db,ultra,0,,1,d287a2bc825e981bb60b4cbb580a97ef0014ca2d296287928162262b5ce1bbc5,857.493009,1791.0,0.0,0.000110745,1.999889255,500.027687783,1,X-2025.06-SP3,ok,build/FP_MAC_BF16_E8M7__T2p0ns/reports,817.726009,39.766999,85.175999,,857.493009,
FP_MAC_BF16_E8M7,L1,scalar_fp_mac,fp_mac_dw,,,,,,BF16_E8M7,7,8,0,1,,,,,,,,,same_format_dw_fp_mac,DW_fp_mac with product and add in the same floating format. It is not an FP32-accumulation surrogate.,FP_MAC_BF16_E8M7__T1p0ns,1.0,1000.0,build/FP_MAC_BF16_E8M7__T1p0ns,207158581ab077db004b0627bf1709ee71ee9c88921cc57910bdbf0c9d5ddf6b,cln22ul_sc6p5mcpp140z_base_svt_c35_r3p0_tt_0p80v_25c,<CLN22UL_DB>/sc6p5mcpp140z_cln22ul_base_svt_c35_tt_typical_max_0p80v_25c.db,ultra,0,,1,d287a2bc825e981bb60b4cbb580a97ef0014ca2d296287928162262b5ce1bbc5,1373.918017,2358.0,0.0,-0.193165,1.193165,838.107051414,0,X-2025.06-SP3,ok,build/FP_MAC_BF16_E8M7__T1p0ns/reports,1334.151017,39.766999,128.673999,,1373.918017,
FP_MAC_BF16_E8M7,L1,scalar_fp_mac,fp_mac_dw,,,,,,BF16_E8M7,7,8,0,1,,,,,,,,,same_format_dw_fp_mac,DW_fp_mac with product and add in the same floating format. It is not an FP32-accumulation surrogate.,FP_MAC_BF16_E8M7__T0p9ns,0.9,1111.111111111111,build/FP_MAC_BF16_E8M7__T0p9ns,207158581ab077db004b0627bf1709ee71ee9c88921cc57910bdbf0c9d5ddf6b,cln22ul_sc6p5mcpp140z_base_svt_c35_r3p0_tt_0p80v_25c,<CLN22UL_DB>/sc6p5mcpp140z_cln22ul_base_svt_c35_tt_typical_max_0p80v_25c.db,ultra,0,,1,d287a2bc825e981bb60b4cbb580a97ef0014ca2d296287928162262b5ce1bbc5,1410.136018,2372.0,0.0,-0.264302,1.164302,858.883691688,0,X-2025.06-SP3,ok,build/FP_MAC_BF16_E8M7__T0p9ns/reports,1370.369019,39.766999,122.667999,,1410.136018,
FP_MAC_FP16_E5M10,L1,scalar_fp_mac,fp_mac_dw,,,,,,FP16_E5M10,10,5,1,1,,,,,,,,,same_format_dw_fp_mac,DW_fp_mac with product and add in the same floating format. It is not an FP32-accumulation surrogate.,FP_MAC_FP16_E5M10__T2p0ns,2.0,500.0,build/FP_MAC_FP16_E5M10__T2p0ns,207158581ab077db004b0627bf1709ee71ee9c88921cc57910bdbf0c9d5ddf6b,cln22ul_sc6p5mcpp140z_base_svt_c35_r3p0_tt_0p80v_25c,<CLN22UL_DB>/sc6p5mcpp140z_cln22ul_base_svt_c35_tt_typical_max_0p80v_25c.db,ultra,0,,1,d287a2bc825e981bb60b4cbb580a97ef0014ca2d296287928162262b5ce1bbc5,1389.024018,2977.0,0.0,0.000114202,1.999885798,500.02855213,1,X-2025.06-SP3,ok,build/FP_MAC_FP16_E5M10__T2p0ns/reports,1349.257018,39.766999,124.669998,,1389.024018,
FP_MAC_FP16_E5M10,L1,scalar_fp_mac,fp_mac_dw,,,,,,FP16_E5M10,10,5,1,1,,,,,,,,,same_format_dw_fp_mac,DW_fp_mac with product and add in the same floating format. It is not an FP32-accumulation surrogate.,FP_MAC_FP16_E5M10__T1p0ns,1.0,1000.0,build/FP_MAC_FP16_E5M10__T1p0ns,207158581ab077db004b0627bf1709ee71ee9c88921cc57910bdbf0c9d5ddf6b,cln22ul_sc6p5mcpp140z_base_svt_c35_r3p0_tt_0p80v_25c,<CLN22UL_DB>/sc6p5mcpp140z_cln22ul_base_svt_c35_tt_typical_max_0p80v_25c.db,ultra,0,,1,d287a2bc825e981bb60b4cbb580a97ef0014ca2d296287928162262b5ce1bbc5,2014.831027,3644.0,0.0,-0.549626,1.549626,645.316999069,0,X-2025.06-SP3,ok,build/FP_MAC_FP16_E5M10__T1p0ns/reports,1975.064027,39.766999,196.832998,,2014.831027,
FP_MAC_FP16_E5M10,L1,scalar_fp_mac,fp_mac_dw,,,,,,FP16_E5M10,10,5,1,1,,,,,,,,,same_format_dw_fp_mac,DW_fp_mac with product and add in the same floating format. It is not an FP32-accumulation surrogate.,FP_MAC_FP16_E5M10__T0p9ns,0.9,1111.111111111111,build/FP_MAC_FP16_E5M10__T0p9ns,207158581ab077db004b0627bf1709ee71ee9c88921cc57910bdbf0c9d5ddf6b,cln22ul_sc6p5mcpp140z_base_svt_c35_r3p0_tt_0p80v_25c,<CLN22UL_DB>/sc6p5mcpp140z_cln22ul_base_svt_c35_tt_typical_max_0p80v_25c.db,ultra,0,,1,d287a2bc825e981bb60b4cbb580a97ef0014ca2d296287928162262b5ce1bbc5,2008.825027,3637.0,0.0,-0.665519,1.565519,638.765802267,0,X-2025.06-SP3,ok,build/FP_MAC_FP16_E5M10__T0p9ns/reports,1969.058028,39.766999,198.652998,,2008.825027,
INT_MAC_W4_A4_N256,L1,accumulator_anchor,int_mac,,4,4,,,signed_integer,,,,256,17,,,,,,,,accumulator_sensitivity,Anchor used to separate multiplier area from accumulator-width area.,INT_MAC_W4_A4_N256__T2p0ns,2.0,500.0,build/INT_MAC_W4_A4_N256__T2p0ns,207158581ab077db004b0627bf1709ee71ee9c88921cc57910bdbf0c9d5ddf6b,cln22ul_sc6p5mcpp140z_base_svt_c35_r3p0_tt_0p80v_25c,<CLN22UL_DB>/sc6p5mcpp140z_cln22ul_base_svt_c35_tt_typical_max_0p80v_25c.db,ultra,0,,1,d287a2bc825e981bb60b4cbb580a97ef0014ca2d296287928162262b5ce1bbc5,105.469,177.0,0.0,1.15646,0.84354,1185.48023804,1,X-2025.06-SP3,ok,build/INT_MAC_W4_A4_N256__T2p0ns/reports,58.786001,46.682999,4.277,,105.469,
INT_MAC_W4_A4_N256,L1,accumulator_anchor,int_mac,,4,4,,,signed_integer,,,,256,17,,,,,,,,accumulator_sensitivity,Anchor used to separate multiplier area from accumulator-width area.,INT_MAC_W4_A4_N256__T1p0ns,1.0,1000.0,build/INT_MAC_W4_A4_N256__T1p0ns,207158581ab077db004b0627bf1709ee71ee9c88921cc57910bdbf0c9d5ddf6b,cln22ul_sc6p5mcpp140z_base_svt_c35_r3p0_tt_0p80v_25c,<CLN22UL_DB>/sc6p5mcpp140z_cln22ul_base_svt_c35_tt_typical_max_0p80v_25c.db,ultra,0,,1,d287a2bc825e981bb60b4cbb580a97ef0014ca2d296287928162262b5ce1bbc5,104.923,177.0,0.0,0.209041,0.790959,1264.28803516,1,X-2025.06-SP3,ok,build/INT_MAC_W4_A4_N256__T1p0ns/reports,58.240001,46.682999,4.277,,104.923,
INT_MAC_W4_A4_N256,L1,accumulator_anchor,int_mac,,4,4,,,signed_integer,,,,256,17,,,,,,,,accumulator_sensitivity,Anchor used to separate multiplier area from accumulator-width area.,INT_MAC_W4_A4_N256__T0p9ns,0.9,1111.111111111111,build/INT_MAC_W4_A4_N256__T0p9ns,207158581ab077db004b0627bf1709ee71ee9c88921cc57910bdbf0c9d5ddf6b,cln22ul_sc6p5mcpp140z_base_svt_c35_r3p0_tt_0p80v_25c,<CLN22UL_DB>/sc6p5mcpp140z_cln22ul_base_svt_c35_tt_typical_max_0p80v_25c.db,ultra,0,,1,d287a2bc825e981bb60b4cbb580a97ef0014ca2d296287928162262b5ce1bbc5,104.923,177.0,0.0,0.114041,0.785959,1272.33099945,1,X-2025.06-SP3,ok,build/INT_MAC_W4_A4_N256__T0p9ns/reports,58.240001,46.682999,4.277,,104.923,
INT_MAC_W4_A4_N16,L2,accumulator_anchor,int_mac,,4,4,,,signed_integer,,,,16,13,,,,,,,,accumulator_sensitivity,Anchor used to separate multiplier area from accumulator-width area.,INT_MAC_W4_A4_N16__T2p0ns,2.0,500.0,build/INT_MAC_W4_A4_N16__T2p0ns,207158581ab077db004b0627bf1709ee71ee9c88921cc57910bdbf0c9d5ddf6b,cln22ul_sc6p5mcpp140z_base_svt_c35_r3p0_tt_0p80v_25c,<CLN22UL_DB>/sc6p5mcpp140z_cln22ul_base_svt_c35_tt_typical_max_0p80v_25c.db,ultra,0,,1,d287a2bc825e981bb60b4cbb580a97ef0014ca2d296287928162262b5ce1bbc5,88.543,141.0,0.0,1.31233,0.68767,1454.18587404,1,X-2025.06-SP3,ok,build/INT_MAC_W4_A4_N16__T2p0ns/reports,48.776001,39.766999,2.821,,88.543,
INT_MAC_W4_A4_N16,L2,accumulator_anchor,int_mac,,4,4,,,signed_integer,,,,16,13,,,,,,,,accumulator_sensitivity,Anchor used to separate multiplier area from accumulator-width area.,INT_MAC_W4_A4_N16__T1p0ns,1.0,1000.0,build/INT_MAC_W4_A4_N16__T1p0ns,207158581ab077db004b0627bf1709ee71ee9c88921cc57910bdbf0c9d5ddf6b,cln22ul_sc6p5mcpp140z_base_svt_c35_r3p0_tt_0p80v_25c,<CLN22UL_DB>/sc6p5mcpp140z_cln22ul_base_svt_c35_tt_typical_max_0p80v_25c.db,ultra,0,,1,d287a2bc825e981bb60b4cbb580a97ef0014ca2d296287928162262b5ce1bbc5,88.27,141.0,0.0,0.359857,0.640143,1562.1509569,1,X-2025.06-SP3,ok,build/INT_MAC_W4_A4_N16__T1p0ns/reports,48.503001,39.766999,2.821,,88.27,
INT_MAC_W4_A4_N16,L2,accumulator_anchor,int_mac,,4,4,,,signed_integer,,,,16,13,,,,,,,,accumulator_sensitivity,Anchor used to separate multiplier area from accumulator-width area.,INT_MAC_W4_A4_N16__T0p9ns,0.9,1111.111111111111,build/INT_MAC_W4_A4_N16__T0p9ns,207158581ab077db004b0627bf1709ee71ee9c88921cc57910bdbf0c9d5ddf6b,cln22ul_sc6p5mcpp140z_base_svt_c35_r3p0_tt_0p80v_25c,<CLN22UL_DB>/sc6p5mcpp140z_cln22ul_base_svt_c35_tt_typical_max_0p80v_25c.db,ultra,0,,1,d287a2bc825e981bb60b4cbb580a97ef0014ca2d296287928162262b5ce1bbc5,88.27,141.0,0.0,0.264857,0.635143,1574.44858874,1,X-2025.06-SP3,ok,build/INT_MAC_W4_A4_N16__T0p9ns/reports,48.503001,39.766999,2.821,,88.27,
INT_MAC_W4_A8_N256,L1,accumulator_anchor,int_mac,,4,8,,,signed_integer,,,,256,21,,,,,,,,accumulator_sensitivity,Anchor used to separate multiplier area from accumulator-width area.,INT_MAC_W4_A8_N256__T2p0ns,2.0,500.0,build/INT_MAC_W4_A8_N256__T2p0ns,207158581ab077db004b0627bf1709ee71ee9c88921cc57910bdbf0c9d5ddf6b,cln22ul_sc6p5mcpp140z_base_svt_c35_r3p0_tt_0p80v_25c,<CLN22UL_DB>/sc6p5mcpp140z_cln22ul_base_svt_c35_tt_typical_max_0p80v_25c.db,ultra,0,,1,d287a2bc825e981bb60b4cbb580a97ef0014ca2d296287928162262b5ce1bbc5,143.598,238.0,0.0,0.967134,1.032866,968.179802608,1,X-2025.06-SP3,ok,build/INT_MAC_W4_A8_N256__T2p0ns/reports,83.083001,60.514999,5.551,,143.598,
INT_MAC_W4_A8_N256,L1,accumulator_anchor,int_mac,,4,8,,,signed_integer,,,,256,21,,,,,,,,accumulator_sensitivity,Anchor used to separate multiplier area from accumulator-width area.,INT_MAC_W4_A8_N256__T1p0ns,1.0,1000.0,build/INT_MAC_W4_A8_N256__T1p0ns,207158581ab077db004b0627bf1709ee71ee9c88921cc57910bdbf0c9d5ddf6b,cln22ul_sc6p5mcpp140z_base_svt_c35_r3p0_tt_0p80v_25c,<CLN22UL_DB>/sc6p5mcpp140z_cln22ul_base_svt_c35_tt_typical_max_0p80v_25c.db,ultra,0,,1,d287a2bc825e981bb60b4cbb580a97ef0014ca2d296287928162262b5ce1bbc5,150.696001,222.0,0.0,0.013262,0.986738,1013.44024452,1,X-2025.06-SP3,ok,build/INT_MAC_W4_A8_N256__T1p0ns/reports,90.181002,60.514999,5.369,,150.696001,
INT_MAC_W4_A8_N256,L1,accumulator_anchor,int_mac,,4,8,,,signed_integer,,,,256,21,,,,,,,,accumulator_sensitivity,Anchor used to separate multiplier area from accumulator-width area.,INT_MAC_W4_A8_N256__T0p9ns,0.9,1111.111111111111,build/INT_MAC_W4_A8_N256__T0p9ns,207158581ab077db004b0627bf1709ee71ee9c88921cc57910bdbf0c9d5ddf6b,cln22ul_sc6p5mcpp140z_base_svt_c35_r3p0_tt_0p80v_25c,<CLN22UL_DB>/sc6p5mcpp140z_cln22ul_base_svt_c35_tt_typical_max_0p80v_25c.db,ultra,0,,1,d287a2bc825e981bb60b4cbb580a97ef0014ca2d296287928162262b5ce1bbc5,155.519001,249.0,0.0,0.0110162,0.8889838,1124.87989095,1,X-2025.06-SP3,ok,build/INT_MAC_W4_A8_N256__T0p9ns/reports,95.004002,60.514999,6.461,,155.519001,
INT_MAC_W4_A8_N16,L2,accumulator_anchor,int_mac,,4,8,,,signed_integer,,,,16,17,,,,,,,,accumulator_sensitivity,Anchor used to separate multiplier area from accumulator-width area.,INT_MAC_W4_A8_N16__T2p0ns,2.0,500.0,build/INT_MAC_W4_A8_N16__T2p0ns,207158581ab077db004b0627bf1709ee71ee9c88921cc57910bdbf0c9d5ddf6b,cln22ul_sc6p5mcpp140z_base_svt_c35_r3p0_tt_0p80v_25c,<CLN22UL_DB>/sc6p5mcpp140z_cln22ul_base_svt_c35_tt_typical_max_0p80v_25c.db,ultra,0,,1,d287a2bc825e981bb60b4cbb580a97ef0014ca2d296287928162262b5ce1bbc5,128.674,212.0,0.0,0.967134,1.032866,968.179802608,1,X-2025.06-SP3,ok,build/INT_MAC_W4_A8_N16__T2p0ns/reports,75.075001,53.598999,5.187,,128.674,
INT_MAC_W4_A8_N16,L2,accumulator_anchor,int_mac,,4,8,,,signed_integer,,,,16,17,,,,,,,,accumulator_sensitivity,Anchor used to separate multiplier area from accumulator-width area.,INT_MAC_W4_A8_N16__T1p0ns,1.0,1000.0,build/INT_MAC_W4_A8_N16__T1p0ns,207158581ab077db004b0627bf1709ee71ee9c88921cc57910bdbf0c9d5ddf6b,cln22ul_sc6p5mcpp140z_base_svt_c35_r3p0_tt_0p80v_25c,<CLN22UL_DB>/sc6p5mcpp140z_cln22ul_base_svt_c35_tt_typical_max_0p80v_25c.db,ultra,0,,1,d287a2bc825e981bb60b4cbb580a97ef0014ca2d296287928162262b5ce1bbc5,131.222001,169.0,0.0,0.0997315,0.9002685,1110.77972849,1,X-2025.06-SP3,ok,build/INT_MAC_W4_A8_N16__T1p0ns/reports,77.623002,53.598999,4.277,,131.222001,
INT_MAC_W4_A8_N16,L2,accumulator_anchor,int_mac,,4,8,,,signed_integer,,,,16,17,,,,,,,,accumulator_sensitivity,Anchor used to separate multiplier area from accumulator-width area.,INT_MAC_W4_A8_N16__T0p9ns,0.9,1111.111111111111,build/INT_MAC_W4_A8_N16__T0p9ns,207158581ab077db004b0627bf1709ee71ee9c88921cc57910bdbf0c9d5ddf6b,cln22ul_sc6p5mcpp140z_base_svt_c35_r3p0_tt_0p80v_25c,<CLN22UL_DB>/sc6p5mcpp140z_cln22ul_base_svt_c35_tt_typical_max_0p80v_25c.db,ultra,0,,1,d287a2bc825e981bb60b4cbb580a97ef0014ca2d296287928162262b5ce1bbc5,133.224001,190.0,0.0,0.0333386,0.8666614,1153.85316572,1,X-2025.06-SP3,ok,build/INT_MAC_W4_A8_N16__T0p9ns/reports,79.625002,53.598999,4.641,,133.224001,
INT_MAC_W8_A8_N256,L1,accumulator_anchor,int_mac,,8,8,,,signed_integer,,,,256,25,,,,,,,,accumulator_sensitivity,Anchor used to separate multiplier area from accumulator-width area.,INT_MAC_W8_A8_N256__T2p0ns,2.0,500.0,build/INT_MAC_W8_A8_N256__T2p0ns,207158581ab077db004b0627bf1709ee71ee9c88921cc57910bdbf0c9d5ddf6b,cln22ul_sc6p5mcpp140z_base_svt_c35_r3p0_tt_0p80v_25c,<CLN22UL_DB>/sc6p5mcpp140z_cln22ul_base_svt_c35_tt_typical_max_0p80v_25c.db,ultra,0,,1,d287a2bc825e981bb60b4cbb580a97ef0014ca2d296287928162262b5ce1bbc5,217.763002,353.0,0.0,0.783845,1.216155,822.263609491,1,X-2025.06-SP3,ok,build/INT_MAC_W8_A8_N256__T2p0ns/reports,143.416003,74.346999,10.465,,217.763002,
INT_MAC_W8_A8_N256,L1,accumulator_anchor,int_mac,,8,8,,,signed_integer,,,,256,25,,,,,,,,accumulator_sensitivity,Anchor used to separate multiplier area from accumulator-width area.,INT_MAC_W8_A8_N256__T1p0ns,1.0,1000.0,build/INT_MAC_W8_A8_N256__T1p0ns,207158581ab077db004b0627bf1709ee71ee9c88921cc57910bdbf0c9d5ddf6b,cln22ul_sc6p5mcpp140z_base_svt_c35_r3p0_tt_0p80v_25c,<CLN22UL_DB>/sc6p5mcpp140z_cln22ul_base_svt_c35_tt_typical_max_0p80v_25c.db,ultra,0,,1,d287a2bc825e981bb60b4cbb580a97ef0014ca2d296287928162262b5ce1bbc5,234.325002,372.0,0.0,0.00111312,0.99888688,1001.11436042,1,X-2025.06-SP3,ok,build/INT_MAC_W8_A8_N256__T1p0ns/reports,159.978003,74.346999,10.465,,234.325002,
INT_MAC_W8_A8_N256,L1,accumulator_anchor,int_mac,,8,8,,,signed_integer,,,,256,25,,,,,,,,accumulator_sensitivity,Anchor used to separate multiplier area from accumulator-width area.,INT_MAC_W8_A8_N256__T0p9ns,0.9,1111.111111111111,build/INT_MAC_W8_A8_N256__T0p9ns,207158581ab077db004b0627bf1709ee71ee9c88921cc57910bdbf0c9d5ddf6b,cln22ul_sc6p5mcpp140z_base_svt_c35_r3p0_tt_0p80v_25c,<CLN22UL_DB>/sc6p5mcpp140z_cln22ul_base_svt_c35_tt_typical_max_0p80v_25c.db,ultra,0,,1,d287a2bc825e981bb60b4cbb580a97ef0014ca2d296287928162262b5ce1bbc5,244.881002,412.0,0.0,0.000572383,0.899427617,1111.81820649,1,X-2025.06-SP3,ok,build/INT_MAC_W8_A8_N256__T0p9ns/reports,170.534004,74.346999,11.102,,244.881002,
INT_MAC_W8_A8_N16,L2,accumulator_anchor,int_mac,,8,8,,,signed_integer,,,,16,21,,,,,,,,accumulator_sensitivity,Anchor used to separate multiplier area from accumulator-width area.,INT_MAC_W8_A8_N16__T2p0ns,2.0,500.0,build/INT_MAC_W8_A8_N16__T2p0ns,207158581ab077db004b0627bf1709ee71ee9c88921cc57910bdbf0c9d5ddf6b,cln22ul_sc6p5mcpp140z_base_svt_c35_r3p0_tt_0p80v_25c,<CLN22UL_DB>/sc6p5mcpp140z_cln22ul_base_svt_c35_tt_typical_max_0p80v_25c.db,ultra,0,,1,d287a2bc825e981bb60b4cbb580a97ef0014ca2d296287928162262b5ce1bbc5,202.748002,327.0,0.0,0.783845,1.216155,822.263609491,1,X-2025.06-SP3,ok,build/INT_MAC_W8_A8_N16__T2p0ns/reports,135.317003,67.430999,10.101,,202.748002,
INT_MAC_W8_A8_N16,L2,accumulator_anchor,int_mac,,8,8,,,signed_integer,,,,16,21,,,,,,,,accumulator_sensitivity,Anchor used to separate multiplier area from accumulator-width area.,INT_MAC_W8_A8_N16__T1p0ns,1.0,1000.0,build/INT_MAC_W8_A8_N16__T1p0ns,207158581ab077db004b0627bf1709ee71ee9c88921cc57910bdbf0c9d5ddf6b,cln22ul_sc6p5mcpp140z_base_svt_c35_r3p0_tt_0p80v_25c,<CLN22UL_DB>/sc6p5mcpp140z_cln22ul_base_svt_c35_tt_typical_max_0p80v_25c.db,ultra,0,,1,d287a2bc825e981bb60b4cbb580a97ef0014ca2d296287928162262b5ce1bbc5,210.483002,311.0,0.0,0.0127352,0.9872648,1012.89947742,1,X-2025.06-SP3,ok,build/INT_MAC_W8_A8_N16__T1p0ns/reports,143.052003,67.430999,9.373,,210.483002,
INT_MAC_W8_A8_N16,L2,accumulator_anchor,int_mac,,8,8,,,signed_integer,,,,16,21,,,,,,,,accumulator_sensitivity,Anchor used to separate multiplier area from accumulator-width area.,INT_MAC_W8_A8_N16__T0p9ns,0.9,1111.111111111111,build/INT_MAC_W8_A8_N16__T0p9ns,207158581ab077db004b0627bf1709ee71ee9c88921cc57910bdbf0c9d5ddf6b,cln22ul_sc6p5mcpp140z_base_svt_c35_r3p0_tt_0p80v_25c,<CLN22UL_DB>/sc6p5mcpp140z_cln22ul_base_svt_c35_tt_typical_max_0p80v_25c.db,ultra,0,,1,d287a2bc825e981bb60b4cbb580a97ef0014ca2d296287928162262b5ce1bbc5,223.769002,361.0,0.0,0.000546515,0.899453485,1111.78623095,1,X-2025.06-SP3,ok,build/INT_MAC_W8_A8_N16__T0p9ns/reports,156.338003,67.430999,9.282,,223.769002,
PE_W4A4_L8,L1,deployable_pe,packed_dot,,4,4,,,signed_integer,,,,,40,8,,,,,,0,deployable_pe,Dedicated 8-lane packed dot-product PE.,PE_W4A4_L8__T2p0ns,2.0,500.0,build/PE_W4A4_L8__T2p0ns,207158581ab077db004b0627bf1709ee71ee9c88921cc57910bdbf0c9d5ddf6b,cln22ul_sc6p5mcpp140z_base_svt_c35_r3p0_tt_0p80v_25c,<CLN22UL_DB>/sc6p5mcpp140z_cln22ul_base_svt_c35_tt_typical_max_0p80v_25c.db,ultra,0,,1,d287a2bc825e981bb60b4cbb580a97ef0014ca2d296287928162262b5ce1bbc5,419.146007,616.0,0.0,0.00134397,1.99865603,500.336218434,1,X-2025.06-SP3,ok,build/PE_W4A4_L8__T2p0ns/reports,348.257008,70.888999,23.114,,419.146007,
PE_W4A4_L8,L1,deployable_pe,packed_dot,,4,4,,,signed_integer,,,,,40,8,,,,,,0,deployable_pe,Dedicated 8-lane packed dot-product PE.,PE_W4A4_L8__T1p0ns,1.0,1000.0,build/PE_W4A4_L8__T1p0ns,207158581ab077db004b0627bf1709ee71ee9c88921cc57910bdbf0c9d5ddf6b,cln22ul_sc6p5mcpp140z_base_svt_c35_r3p0_tt_0p80v_25c,<CLN22UL_DB>/sc6p5mcpp140z_cln22ul_base_svt_c35_tt_typical_max_0p80v_25c.db,ultra,0,,1,d287a2bc825e981bb60b4cbb580a97ef0014ca2d296287928162262b5ce1bbc5,441.441006,737.0,0.0,0.000893116,0.999106884,1000.89391437,1,X-2025.06-SP3,ok,build/PE_W4A4_L8__T1p0ns/reports,370.552007,70.888999,29.301999,,441.441006,
PE_W4A4_L8,L1,deployable_pe,packed_dot,,4,4,,,signed_integer,,,,,40,8,,,,,,0,deployable_pe,Dedicated 8-lane packed dot-product PE.,PE_W4A4_L8__T0p9ns,0.9,1111.111111111111,build/PE_W4A4_L8__T0p9ns,207158581ab077db004b0627bf1709ee71ee9c88921cc57910bdbf0c9d5ddf6b,cln22ul_sc6p5mcpp140z_base_svt_c35_r3p0_tt_0p80v_25c,<CLN22UL_DB>/sc6p5mcpp140z_cln22ul_base_svt_c35_tt_typical_max_0p80v_25c.db,ultra,0,,1,d287a2bc825e981bb60b4cbb580a97ef0014ca2d296287928162262b5ce1bbc5,445.809006,749.0,0.0,0.00140446,0.89859554,1112.84772235,1,X-2025.06-SP3,ok,build/PE_W4A4_L8__T0p9ns/reports,374.920007,70.888999,29.938999,,445.809006,
PE_W4A8_L4,L1,deployable_pe,packed_dot,,4,8,,,signed_integer,,,,,40,4,,,,,,0,deployable_pe,Dedicated 4-lane W4A8 packed dot-product PE.,PE_W4A8_L4__T2p0ns,2.0,500.0,build/PE_W4A8_L4__T2p0ns,207158581ab077db004b0627bf1709ee71ee9c88921cc57910bdbf0c9d5ddf6b,cln22ul_sc6p5mcpp140z_base_svt_c35_r3p0_tt_0p80v_25c,<CLN22UL_DB>/sc6p5mcpp140z_cln22ul_base_svt_c35_tt_typical_max_0p80v_25c.db,ultra,0,,1,d287a2bc825e981bb60b4cbb580a97ef0014ca2d296287928162262b5ce1bbc5,378.924007,544.0,0.0,0.00193834,1.99806166,500.485055101,1,X-2025.06-SP3,ok,build/PE_W4A8_L4__T2p0ns/reports,308.035008,70.888999,12.831,,378.924007,
PE_W4A8_L4,L1,deployable_pe,packed_dot,,4,8,,,signed_integer,,,,,40,4,,,,,,0,deployable_pe,Dedicated 4-lane W4A8 packed dot-product PE.,PE_W4A8_L4__T1p0ns,1.0,1000.0,build/PE_W4A8_L4__T1p0ns,207158581ab077db004b0627bf1709ee71ee9c88921cc57910bdbf0c9d5ddf6b,cln22ul_sc6p5mcpp140z_base_svt_c35_r3p0_tt_0p80v_25c,<CLN22UL_DB>/sc6p5mcpp140z_cln22ul_base_svt_c35_tt_typical_max_0p80v_25c.db,ultra,0,,1,d287a2bc825e981bb60b4cbb580a97ef0014ca2d296287928162262b5ce1bbc5,401.128007,659.0,0.0,0.000808775,0.999191225,1000.80942965,1,X-2025.06-SP3,ok,build/PE_W4A8_L4__T1p0ns/reports,330.239008,70.888999,17.563,,401.128007,
PE_W4A8_L4,L1,deployable_pe,packed_dot,,4,8,,,signed_integer,,,,,40,4,,,,,,0,deployable_pe,Dedicated 4-lane W4A8 packed dot-product PE.,PE_W4A8_L4__T0p9ns,0.9,1111.111111111111,build/PE_W4A8_L4__T0p9ns,207158581ab077db004b0627bf1709ee71ee9c88921cc57910bdbf0c9d5ddf6b,cln22ul_sc6p5mcpp140z_base_svt_c35_r3p0_tt_0p80v_25c,<CLN22UL_DB>/sc6p5mcpp140z_cln22ul_base_svt_c35_tt_typical_max_0p80v_25c.db,ultra,0,,1,d287a2bc825e981bb60b4cbb580a97ef0014ca2d296287928162262b5ce1bbc5,405.132007,664.0,0.0,5.40614e-05,0.8999459386,1111.17785759,1,X-2025.06-SP3,ok,build/PE_W4A8_L4__T0p9ns/reports,334.243008,70.888999,17.472,,405.132007,
PE_W8A8_L4,L1,deployable_pe,packed_dot,,8,8,,,signed_integer,,,,,40,4,,,,,,0,deployable_pe,Dedicated 4-lane W8A8 packed dot-product PE.,PE_W8A8_L4__T2p0ns,2.0,500.0,build/PE_W8A8_L4__T2p0ns,207158581ab077db004b0627bf1709ee71ee9c88921cc57910bdbf0c9d5ddf6b,cln22ul_sc6p5mcpp140z_base_svt_c35_r3p0_tt_0p80v_25c,<CLN22UL_DB>/sc6p5mcpp140z_cln22ul_base_svt_c35_tt_typical_max_0p80v_25c.db,ultra,0,,1,d287a2bc825e981bb60b4cbb580a97ef0014ca2d296287928162262b5ce1bbc5,590.954014,805.0,0.0,0.00375009,1.99624991,500.939283699,1,X-2025.06-SP3,ok,build/PE_W8A8_L4__T2p0ns/reports,520.065015,70.888999,13.559,,590.954014,
PE_W8A8_L4,L1,deployable_pe,packed_dot,,8,8,,,signed_integer,,,,,40,4,,,,,,0,deployable_pe,Dedicated 4-lane W8A8 packed dot-product PE.,PE_W8A8_L4__T1p0ns,1.0,1000.0,build/PE_W8A8_L4__T1p0ns,207158581ab077db004b0627bf1709ee71ee9c88921cc57910bdbf0c9d5ddf6b,cln22ul_sc6p5mcpp140z_base_svt_c35_r3p0_tt_0p80v_25c,<CLN22UL_DB>/sc6p5mcpp140z_cln22ul_base_svt_c35_tt_typical_max_0p80v_25c.db,ultra,0,,1,d287a2bc825e981bb60b4cbb580a97ef0014ca2d296287928162262b5ce1bbc5,619.710013,924.0,0.0,0.000952423,0.999047577,1000.95333097,1,X-2025.06-SP3,ok,build/PE_W8A8_L4__T1p0ns/reports,548.821014,70.888999,19.838,,619.710013,
PE_W8A8_L4,L1,deployable_pe,packed_dot,,8,8,,,signed_integer,,,,,40,4,,,,,,0,deployable_pe,Dedicated 4-lane W8A8 packed dot-product PE.,PE_W8A8_L4__T0p9ns,0.9,1111.111111111111,build/PE_W8A8_L4__T0p9ns,207158581ab077db004b0627bf1709ee71ee9c88921cc57910bdbf0c9d5ddf6b,cln22ul_sc6p5mcpp140z_base_svt_c35_r3p0_tt_0p80v_25c,<CLN22UL_DB>/sc6p5mcpp140z_cln22ul_base_svt_c35_tt_typical_max_0p80v_25c.db,ultra,0,,1,d287a2bc825e981bb60b4cbb580a97ef0014ca2d296287928162262b5ce1bbc5,639.002014,956.0,0.0,0.000213981,0.899786019,1111.37534801,1,X-2025.06-SP3,ok,build/PE_W8A8_L4__T0p9ns/reports,568.113015,70.888999,23.842,,639.002014,
PE_W4A16_L2,L1,deployable_pe,packed_dot,,4,16,,,signed_integer,,,,,48,2,,,,,,0,deployable_pe,Dedicated 2-lane W4A16 integer payload PE; not a floating A16 PE.,PE_W4A16_L2__T2p0ns,2.0,500.0,build/PE_W4A16_L2__T2p0ns,207158581ab077db004b0627bf1709ee71ee9c88921cc57910bdbf0c9d5ddf6b,cln22ul_sc6p5mcpp140z_base_svt_c35_r3p0_tt_0p80v_25c,<CLN22UL_DB>/sc6p5mcpp140z_cln22ul_base_svt_c35_tt_typical_max_0p80v_25c.db,ultra,0,,1,d287a2bc825e981bb60b4cbb580a97ef0014ca2d296287928162262b5ce1bbc5,401.492007,627.0,0.0,0.00141823,1.99858177,500.3548091,1,X-2025.06-SP3,ok,build/PE_W4A16_L2__T2p0ns/reports,316.771008,84.720999,17.108,,401.492007,
PE_W4A16_L2,L1,deployable_pe,packed_dot,,4,16,,,signed_integer,,,,,48,2,,,,,,0,deployable_pe,Dedicated 2-lane W4A16 integer payload PE; not a floating A16 PE.,PE_W4A16_L2__T1p0ns,1.0,1000.0,build/PE_W4A16_L2__T1p0ns,207158581ab077db004b0627bf1709ee71ee9c88921cc57910bdbf0c9d5ddf6b,cln22ul_sc6p5mcpp140z_base_svt_c35_r3p0_tt_0p80v_25c,<CLN22UL_DB>/sc6p5mcpp140z_cln22ul_base_svt_c35_tt_typical_max_0p80v_25c.db,ultra,0,,1,d287a2bc825e981bb60b4cbb580a97ef0014ca2d296287928162262b5ce1bbc5,421.421006,730.0,0.0,0.000854135,0.999145865,1000.85486517,1,X-2025.06-SP3,ok,build/PE_W4A16_L2__T1p0ns/reports,336.700007,84.720999,22.841,,421.421006,
PE_W4A16_L2,L1,deployable_pe,packed_dot,,4,16,,,signed_integer,,,,,48,2,,,,,,0,deployable_pe,Dedicated 2-lane W4A16 integer payload PE; not a floating A16 PE.,PE_W4A16_L2__T0p9ns,0.9,1111.111111111111,build/PE_W4A16_L2__T0p9ns,207158581ab077db004b0627bf1709ee71ee9c88921cc57910bdbf0c9d5ddf6b,cln22ul_sc6p5mcpp140z_base_svt_c35_r3p0_tt_0p80v_25c,<CLN22UL_DB>/sc6p5mcpp140z_cln22ul_base_svt_c35_tt_typical_max_0p80v_25c.db,ultra,0,,1,d287a2bc825e981bb60b4cbb580a97ef0014ca2d296287928162262b5ce1bbc5,427.427006,733.0,0.0,0.000452638,0.899547362,1111.67020464,1,X-2025.06-SP3,ok,build/PE_W4A16_L2__T0p9ns/reports,342.706008,84.720999,22.295,,427.427006,
PE_RECONFIG_W4A4_W4A8_W8A8,L1,deployable_pe,mixed_mode,,,,,,signed_integer_mixed,,,,,40,,,,,,,0,deployable_pe,"One PE supporting W4A4, W4A8 and W8A8 modes.",PE_RECONFIG_W4A4_W4A8_W8A8__T2p0ns,2.0,500.0,build/PE_RECONFIG_W4A4_W4A8_W8A8__T2p0ns,207158581ab077db004b0627bf1709ee71ee9c88921cc57910bdbf0c9d5ddf6b,cln22ul_sc6p5mcpp140z_base_svt_c35_r3p0_tt_0p80v_25c,<CLN22UL_DB>/sc6p5mcpp140z_cln22ul_base_svt_c35_tt_typical_max_0p80v_25c.db,ultra,0,,1,d287a2bc825e981bb60b4cbb580a97ef0014ca2d296287928162262b5ce1bbc5,898.352018,1328.0,0.0,0.00251615,1.99748385,500.629829873,1,X-2025.06-SP3,ok,build/PE_RECONFIG_W4A4_W4A8_W8A8__T2p0ns/reports,827.463019,70.888999,29.211,,898.352018,
PE_RECONFIG_W4A4_W4A8_W8A8,L1,deployable_pe,mixed_mode,,,,,,signed_integer_mixed,,,,,40,,,,,,,0,deployable_pe,"One PE supporting W4A4, W4A8 and W8A8 modes.",PE_RECONFIG_W4A4_W4A8_W8A8__T1p0ns,1.0,1000.0,build/PE_RECONFIG_W4A4_W4A8_W8A8__T1p0ns,207158581ab077db004b0627bf1709ee71ee9c88921cc57910bdbf0c9d5ddf6b,cln22ul_sc6p5mcpp140z_base_svt_c35_r3p0_tt_0p80v_25c,<CLN22UL_DB>/sc6p5mcpp140z_cln22ul_base_svt_c35_tt_typical_max_0p80v_25c.db,ultra,0,,1,d287a2bc825e981bb60b4cbb580a97ef0014ca2d296287928162262b5ce1bbc5,965.419017,1502.0,0.0,0.00084281,0.99915719,1000.84352093,1,X-2025.06-SP3,ok,build/PE_RECONFIG_W4A4_W4A8_W8A8__T1p0ns/reports,894.530019,70.888999,42.496999,,965.419017,
PE_RECONFIG_W4A4_W4A8_W8A8,L1,deployable_pe,mixed_mode,,,,,,signed_integer_mixed,,,,,40,,,,,,,0,deployable_pe,"One PE supporting W4A4, W4A8 and W8A8 modes.",PE_RECONFIG_W4A4_W4A8_W8A8__T0p9ns,0.9,1111.111111111111,build/PE_RECONFIG_W4A4_W4A8_W8A8__T0p9ns,207158581ab077db004b0627bf1709ee71ee9c88921cc57910bdbf0c9d5ddf6b,cln22ul_sc6p5mcpp140z_base_svt_c35_r3p0_tt_0p80v_25c,<CLN22UL_DB>/sc6p5mcpp140z_cln22ul_base_svt_c35_tt_typical_max_0p80v_25c.db,ultra,0,,1,d287a2bc825e981bb60b4cbb580a97ef0014ca2d296287928162262b5ce1bbc5,1081.262018,1691.0,0.0,0.00020057,0.89979943,1111.35878359,1,X-2025.06-SP3,ok,build/PE_RECONFIG_W4A4_W4A8_W8A8__T0p9ns/reports,1010.373019,70.888999,63.790999,,1081.262018,
PE_RECONFIG_W4A8_W8A8_SCALE,L1,deployable_pe,mixed_mode,,,,,,signed_integer_mixed,,,,,40,,,,,,,1,deployable_pe,Reconfigurable PE plus fixed-point post-accumulation scale/requant path.,PE_RECONFIG_W4A8_W8A8_SCALE__T2p0ns,2.0,500.0,build/PE_RECONFIG_W4A8_W8A8_SCALE__T2p0ns,207158581ab077db004b0627bf1709ee71ee9c88921cc57910bdbf0c9d5ddf6b,cln22ul_sc6p5mcpp140z_base_svt_c35_r3p0_tt_0p80v_25c,<CLN22UL_DB>/sc6p5mcpp140z_cln22ul_base_svt_c35_tt_typical_max_0p80v_25c.db,ultra,0,,1,d287a2bc825e981bb60b4cbb580a97ef0014ca2d296287928162262b5ce1bbc5,1258.348026,1949.0,0.0,0.00129366,1.99870634,500.32362433,1,X-2025.06-SP3,ok,build/PE_RECONFIG_W4A8_W8A8_SCALE__T2p0ns/reports,1187.459028,70.888999,38.128999,,1258.348026,
PE_RECONFIG_W4A8_W8A8_SCALE,L1,deployable_pe,mixed_mode,,,,,,signed_integer_mixed,,,,,40,,,,,,,1,deployable_pe,Reconfigurable PE plus fixed-point post-accumulation scale/requant path.,PE_RECONFIG_W4A8_W8A8_SCALE__T1p0ns,1.0,1000.0,build/PE_RECONFIG_W4A8_W8A8_SCALE__T1p0ns,207158581ab077db004b0627bf1709ee71ee9c88921cc57910bdbf0c9d5ddf6b,cln22ul_sc6p5mcpp140z_base_svt_c35_r3p0_tt_0p80v_25c,<CLN22UL_DB>/sc6p5mcpp140z_cln22ul_base_svt_c35_tt_typical_max_0p80v_25c.db,ultra,0,,1,d287a2bc825e981bb60b4cbb580a97ef0014ca2d296287928162262b5ce1bbc5,1321.957028,2038.0,0.0,0.000637293,0.999362707,1000.6376994,1,X-2025.06-SP3,ok,build/PE_RECONFIG_W4A8_W8A8_SCALE__T1p0ns/reports,1251.068029,70.888999,47.137999,,1321.957028,
PE_RECONFIG_W4A8_W8A8_SCALE,L1,deployable_pe,mixed_mode,,,,,,signed_integer_mixed,,,,,40,,,,,,,1,deployable_pe,Reconfigurable PE plus fixed-point post-accumulation scale/requant path.,PE_RECONFIG_W4A8_W8A8_SCALE__T0p9ns,0.9,1111.111111111111,build/PE_RECONFIG_W4A8_W8A8_SCALE__T0p9ns,207158581ab077db004b0627bf1709ee71ee9c88921cc57910bdbf0c9d5ddf6b,cln22ul_sc6p5mcpp140z_base_svt_c35_r3p0_tt_0p80v_25c,<CLN22UL_DB>/sc6p5mcpp140z_cln22ul_base_svt_c35_tt_typical_max_0p80v_25c.db,ultra,0,,1,d287a2bc825e981bb60b4cbb580a97ef0014ca2d296287928162262b5ce1bbc5,1433.068027,2236.0,0.0,0.000171959,0.899828041,1111.32344674,1,X-2025.06-SP3,ok,build/PE_RECONFIG_W4A8_W8A8_SCALE__T0p9ns/reports,1362.179028,70.888999,54.326999,,1433.068027,
ARRAY_W4A4_4X4,L2,array_scaling,array_int,,4,4,,,signed_integer,,,,,20,,4,4,,,,,registered_systolic_array,Includes operand forwarding registers and per-PE accumulator. DC cell area only; no placement/CTS/routing area.,ARRAY_W4A4_4X4__T2p0ns,2.0,500.0,build/ARRAY_W4A4_4X4__T2p0ns,207158581ab077db004b0627bf1709ee71ee9c88921cc57910bdbf0c9d5ddf6b,cln22ul_sc6p5mcpp140z_base_svt_c35_r3p0_tt_0p80v_25c,<CLN22UL_DB>/sc6p5mcpp140z_cln22ul_base_svt_c35_tt_typical_max_0p80v_25c.db,ultra,0,,1,d287a2bc825e981bb60b4cbb580a97ef0014ca2d296287928162262b5ce1bbc5,1981.707014,2881.0,0.0,0.857455,1.142545,875.239049665,1,X-2025.06-SP3,ok,build/ARRAY_W4A4_4X4__T2p0ns/reports,1207.115027,774.591988,71.161999,,1981.707014,
ARRAY_W4A4_4X4,L2,array_scaling,array_int,,4,4,,,signed_integer,,,,,20,,4,4,,,,,registered_systolic_array,Includes operand forwarding registers and per-PE accumulator. DC cell area only; no placement/CTS/routing area.,ARRAY_W4A4_4X4__T1p0ns,1.0,1000.0,build/ARRAY_W4A4_4X4__T1p0ns,207158581ab077db004b0627bf1709ee71ee9c88921cc57910bdbf0c9d5ddf6b,cln22ul_sc6p5mcpp140z_base_svt_c35_r3p0_tt_0p80v_25c,<CLN22UL_DB>/sc6p5mcpp140z_cln22ul_base_svt_c35_tt_typical_max_0p80v_25c.db,ultra,0,,1,d287a2bc825e981bb60b4cbb580a97ef0014ca2d296287928162262b5ce1bbc5,2070.705008,3147.0,0.0,0.00114596,0.99885404,1001.14727473,1,X-2025.06-SP3,ok,build/ARRAY_W4A4_4X4__T1p0ns/reports,1296.11302,774.591988,108.289998,,2070.705008,
ARRAY_W4A4_4X4,L2,array_scaling,array_int,,4,4,,,signed_integer,,,,,20,,4,4,,,,,registered_systolic_array,Includes operand forwarding registers and per-PE accumulator. DC cell area only; no placement/CTS/routing area.,ARRAY_W4A4_4X4__T0p9ns,0.9,1111.111111111111,build/ARRAY_W4A4_4X4__T0p9ns,207158581ab077db004b0627bf1709ee71ee9c88921cc57910bdbf0c9d5ddf6b,cln22ul_sc6p5mcpp140z_base_svt_c35_r3p0_tt_0p80v_25c,<CLN22UL_DB>/sc6p5mcpp140z_cln22ul_base_svt_c35_tt_typical_max_0p80v_25c.db,ultra,0,,1,d287a2bc825e981bb60b4cbb580a97ef0014ca2d296287928162262b5ce1bbc5,2155.426011,3608.0,0.0,0.000161648,0.899838352,1111.31071239,1,X-2025.06-SP3,ok,build/ARRAY_W4A4_4X4__T0p9ns/reports,1380.834023,774.591988,116.843998,,2155.426011,
ARRAY_W4A4_8X8,L2,array_scaling,array_int,,4,4,,,signed_integer,,,,,20,,8,8,,,,,registered_systolic_array,Includes operand forwarding registers and per-PE accumulator. DC cell area only; no placement/CTS/routing area.,ARRAY_W4A4_8X8__T2p0ns,2.0,500.0,build/ARRAY_W4A4_8X8__T2p0ns,207158581ab077db004b0627bf1709ee71ee9c88921cc57910bdbf0c9d5ddf6b,cln22ul_sc6p5mcpp140z_base_svt_c35_r3p0_tt_0p80v_25c,<CLN22UL_DB>/sc6p5mcpp140z_cln22ul_base_svt_c35_tt_typical_max_0p80v_25c.db,ultra,0,,1,d287a2bc825e981bb60b4cbb580a97ef0014ca2d296287928162262b5ce1bbc5,7994.077061,11707.0,0.0,0.848523,1.151477,868.449825746,1,X-2025.06-SP3,ok,build/ARRAY_W4A4_8X8__T2p0ns/reports,4895.70911,3098.36795,332.513994,,7994.077061,
ARRAY_W4A4_8X8,L2,array_scaling,array_int,,4,4,,,signed_integer,,,,,20,,8,8,,,,,registered_systolic_array,Includes operand forwarding registers and per-PE accumulator. DC cell area only; no placement/CTS/routing area.,ARRAY_W4A4_8X8__T1p0ns,1.0,1000.0,build/ARRAY_W4A4_8X8__T1p0ns,207158581ab077db004b0627bf1709ee71ee9c88921cc57910bdbf0c9d5ddf6b,cln22ul_sc6p5mcpp140z_base_svt_c35_r3p0_tt_0p80v_25c,<CLN22UL_DB>/sc6p5mcpp140z_cln22ul_base_svt_c35_tt_typical_max_0p80v_25c.db,ultra,0,,1,d287a2bc825e981bb60b4cbb580a97ef0014ca2d296287928162262b5ce1bbc5,8063.055045,11814.0,0.0,0.00446653,0.99553347,1004.4865694,1,X-2025.06-SP3,ok,build/ARRAY_W4A4_8X8__T1p0ns/reports,4964.687095,3098.36795,322.503994,,8063.055045,
ARRAY_W4A4_8X8,L2,array_scaling,array_int,,4,4,,,signed_integer,,,,,20,,8,8,,,,,registered_systolic_array,Includes operand forwarding registers and per-PE accumulator. DC cell area only; no placement/CTS/routing area.,ARRAY_W4A4_8X8__T0p9ns,0.9,1111.111111111111,build/ARRAY_W4A4_8X8__T0p9ns,207158581ab077db004b0627bf1709ee71ee9c88921cc57910bdbf0c9d5ddf6b,cln22ul_sc6p5mcpp140z_base_svt_c35_r3p0_tt_0p80v_25c,<CLN22UL_DB>/sc6p5mcpp140z_cln22ul_base_svt_c35_tt_typical_max_0p80v_25c.db,ultra,0,,1,d287a2bc825e981bb60b4cbb580a97ef0014ca2d296287928162262b5ce1bbc5,8398.299035,13994.0,0.0,5.21541e-05,0.8999478459,1111.17550262,1,X-2025.06-SP3,ok,build/ARRAY_W4A4_8X8__T0p9ns/reports,5299.931084,3098.36795,508.780991,,8398.299035,
ARRAY_W4A4_16X16,L2,array_scaling,array_int,,4,4,,,signed_integer,,,,,20,,16,16,,,,,registered_systolic_array,Includes operand forwarding registers and per-PE accumulator. DC cell area only; no placement/CTS/routing area.,ARRAY_W4A4_16X16__T2p0ns,2.0,500.0,build/ARRAY_W4A4_16X16__T2p0ns,207158581ab077db004b0627bf1709ee71ee9c88921cc57910bdbf0c9d5ddf6b,cln22ul_sc6p5mcpp140z_base_svt_c35_r3p0_tt_0p80v_25c,<CLN22UL_DB>/sc6p5mcpp140z_cln22ul_base_svt_c35_tt_typical_max_0p80v_25c.db,ultra,0,,1,d287a2bc825e981bb60b4cbb580a97ef0014ca2d296287928162262b5ce1bbc5,32103.435268,46748.0,0.0,0.84401,1.15599,865.059386327,1,X-2025.06-SP3,ok,build/ARRAY_W4A4_16X16__T2p0ns/reports,19709.963467,12393.471802,1316.587975,,32103.435268,
ARRAY_W4A4_16X16,L2,array_scaling,array_int,,4,4,,,signed_integer,,,,,20,,16,16,,,,,registered_systolic_array,Includes operand forwarding registers and per-PE accumulator. DC cell area only; no placement/CTS/routing area.,ARRAY_W4A4_16X16__T1p0ns,1.0,1000.0,build/ARRAY_W4A4_16X16__T1p0ns,207158581ab077db004b0627bf1709ee71ee9c88921cc57910bdbf0c9d5ddf6b,cln22ul_sc6p5mcpp140z_base_svt_c35_r3p0_tt_0p80v_25c,<CLN22UL_DB>/sc6p5mcpp140z_cln22ul_base_svt_c35_tt_typical_max_0p80v_25c.db,ultra,0,,1,d287a2bc825e981bb60b4cbb580a97ef0014ca2d296287928162262b5ce1bbc5,32297.174188,47180.0,0.0,0.000807583,0.999192417,1000.80823572,1,X-2025.06-SP3,ok,build/ARRAY_W4A4_16X16__T1p0ns/reports,19903.702387,12393.471802,1271.724975,,32297.174188,
ARRAY_W4A4_16X16,L2,array_scaling,array_int,,4,4,,,signed_integer,,,,,20,,16,16,,,,,registered_systolic_array,Includes operand forwarding registers and per-PE accumulator. DC cell area only; no placement/CTS/routing area.,ARRAY_W4A4_16X16__T0p9ns,0.9,1111.111111111111,build/ARRAY_W4A4_16X16__T0p9ns,207158581ab077db004b0627bf1709ee71ee9c88921cc57910bdbf0c9d5ddf6b,cln22ul_sc6p5mcpp140z_base_svt_c35_r3p0_tt_0p80v_25c,<CLN22UL_DB>/sc6p5mcpp140z_cln22ul_base_svt_c35_tt_typical_max_0p80v_25c.db,ultra,0,,1,d287a2bc825e981bb60b4cbb580a97ef0014ca2d296287928162262b5ce1bbc5,33385.443146,55106.0,0.0,7.15256e-07,0.899999284744,1111.11199414,1,X-2025.06-SP3,ok,build/ARRAY_W4A4_16X16__T0p9ns/reports,20991.971345,12393.471802,1776.774965,,33385.443146,
ARRAY_W4A8_4X4,L1,array_scaling,array_int,,4,8,,,signed_integer,,,,,24,,4,4,,,,,registered_systolic_array,Includes operand forwarding registers and per-PE accumulator. DC cell area only; no placement/CTS/routing area.,ARRAY_W4A8_4X4__T2p0ns,2.0,500.0,build/ARRAY_W4A8_4X4__T2p0ns,207158581ab077db004b0627bf1709ee71ee9c88921cc57910bdbf0c9d5ddf6b,cln22ul_sc6p5mcpp140z_base_svt_c35_r3p0_tt_0p80v_25c,<CLN22UL_DB>/sc6p5mcpp140z_cln22ul_base_svt_c35_tt_typical_max_0p80v_25c.db,ultra,0,,1,d287a2bc825e981bb60b4cbb580a97ef0014ca2d296287928162262b5ce1bbc5,2611.42701,3962.0,0.0,0.61134,1.38866,720.118675558,1,X-2025.06-SP3,ok,build/ARRAY_W4A8_4X4__T2p0ns/reports,1615.523026,995.903984,104.831998,,2611.42701,
ARRAY_W4A8_4X4,L1,array_scaling,array_int,,4,8,,,signed_integer,,,,,24,,4,4,,,,,registered_systolic_array,Includes operand forwarding registers and per-PE accumulator. DC cell area only; no placement/CTS/routing area.,ARRAY_W4A8_4X4__T1p0ns,1.0,1000.0,build/ARRAY_W4A8_4X4__T1p0ns,207158581ab077db004b0627bf1709ee71ee9c88921cc57910bdbf0c9d5ddf6b,cln22ul_sc6p5mcpp140z_base_svt_c35_r3p0_tt_0p80v_25c,<CLN22UL_DB>/sc6p5mcpp140z_cln22ul_base_svt_c35_tt_typical_max_0p80v_25c.db,ultra,0,,1,d287a2bc825e981bb60b4cbb580a97ef0014ca2d296287928162262b5ce1bbc5,2883.33502,4773.0,0.0,0.000722051,0.999277949,1000.72257273,1,X-2025.06-SP3,ok,build/ARRAY_W4A8_4X4__T1p0ns/reports,1887.431036,995.903984,144.416997,,2883.33502,
ARRAY_W4A8_4X4,L1,array_scaling,array_int,,4,8,,,signed_integer,,,,,24,,4,4,,,,,registered_systolic_array,Includes operand forwarding registers and per-PE accumulator. DC cell area only; no placement/CTS/routing area.,ARRAY_W4A8_4X4__T0p9ns,0.9,1111.111111111111,build/ARRAY_W4A8_4X4__T0p9ns,207158581ab077db004b0627bf1709ee71ee9c88921cc57910bdbf0c9d5ddf6b,cln22ul_sc6p5mcpp140z_base_svt_c35_r3p0_tt_0p80v_25c,<CLN22UL_DB>/sc6p5mcpp140z_cln22ul_base_svt_c35_tt_typical_max_0p80v_25c.db,ultra,0,,1,d287a2bc825e981bb60b4cbb580a97ef0014ca2d296287928162262b5ce1bbc5,2917.005018,4952.0,0.0,0.000361085,0.899638915,1111.55707398,1,X-2025.06-SP3,ok,build/ARRAY_W4A8_4X4__T0p9ns/reports,1921.101034,995.903984,155.427997,,2917.005018,
ARRAY_W4A8_8X8,L1,array_scaling,array_int,,4,8,,,signed_integer,,,,,24,,8,8,,,,,registered_systolic_array,Includes operand forwarding registers and per-PE accumulator. DC cell area only; no placement/CTS/routing area.,ARRAY_W4A8_8X8__T2p0ns,2.0,500.0,build/ARRAY_W4A8_8X8__T2p0ns,207158581ab077db004b0627bf1709ee71ee9c88921cc57910bdbf0c9d5ddf6b,cln22ul_sc6p5mcpp140z_base_svt_c35_r3p0_tt_0p80v_25c,<CLN22UL_DB>/sc6p5mcpp140z_cln22ul_base_svt_c35_tt_typical_max_0p80v_25c.db,ultra,0,,1,d287a2bc825e981bb60b4cbb580a97ef0014ca2d296287928162262b5ce1bbc5,10546.900059,15795.0,0.0,0.60349,1.39651,716.070776436,1,X-2025.06-SP3,ok,build/ARRAY_W4A8_8X8__T2p0ns/reports,6563.284123,3983.615936,406.041992,,10546.900059,
ARRAY_W4A8_8X8,L1,array_scaling,array_int,,4,8,,,signed_integer,,,,,24,,8,8,,,,,registered_systolic_array,Includes operand forwarding registers and per-PE accumulator. DC cell area only; no placement/CTS/routing area.,ARRAY_W4A8_8X8__T1p0ns,1.0,1000.0,build/ARRAY_W4A8_8X8__T1p0ns,207158581ab077db004b0627bf1709ee71ee9c88921cc57910bdbf0c9d5ddf6b,cln22ul_sc6p5mcpp140z_base_svt_c35_r3p0_tt_0p80v_25c,<CLN22UL_DB>/sc6p5mcpp140z_cln22ul_base_svt_c35_tt_typical_max_0p80v_25c.db,ultra,0,,1,d287a2bc825e981bb60b4cbb580a97ef0014ca2d296287928162262b5ce1bbc5,11540.98408,19079.0,0.0,0.000115156,0.999884844,1000.11516926,1,X-2025.06-SP3,ok,build/ARRAY_W4A8_8X8__T1p0ns/reports,7557.368144,3983.615936,554.644989,,11540.98408,
ARRAY_W4A8_8X8,L1,array_scaling,array_int,,4,8,,,signed_integer,,,,,24,,8,8,,,,,registered_systolic_array,Includes operand forwarding registers and per-PE accumulator. DC cell area only; no placement/CTS/routing area.,ARRAY_W4A8_8X8__T0p9ns,0.9,1111.111111111111,build/ARRAY_W4A8_8X8__T0p9ns,207158581ab077db004b0627bf1709ee71ee9c88921cc57910bdbf0c9d5ddf6b,cln22ul_sc6p5mcpp140z_base_svt_c35_r3p0_tt_0p80v_25c,<CLN22UL_DB>/sc6p5mcpp140z_cln22ul_base_svt_c35_tt_typical_max_0p80v_25c.db,ultra,0,,1,d287a2bc825e981bb60b4cbb580a97ef0014ca2d296287928162262b5ce1bbc5,11640.629074,19656.0,0.0,7.39098e-06,0.89999260902,1111.12023585,1,X-2025.06-SP3,ok,build/ARRAY_W4A8_8X8__T0p9ns/reports,7657.013137,3983.615936,558.648989,,11640.629074,
ARRAY_W4A8_16X16,L1,array_scaling,array_int,,4,8,,,signed_integer,,,,,24,,16,16,,,,,registered_systolic_array,Includes operand forwarding registers and per-PE accumulator. DC cell area only; no placement/CTS/routing area.,ARRAY_W4A8_16X16__T2p0ns,2.0,500.0,build/ARRAY_W4A8_16X16__T2p0ns,207158581ab077db004b0627bf1709ee71ee9c88921cc57910bdbf0c9d5ddf6b,cln22ul_sc6p5mcpp140z_base_svt_c35_r3p0_tt_0p80v_25c,<CLN22UL_DB>/sc6p5mcpp140z_cln22ul_base_svt_c35_tt_typical_max_0p80v_25c.db,ultra,0,,1,d287a2bc825e981bb60b4cbb580a97ef0014ca2d296287928162262b5ce1bbc5,42495.635306,63023.0,0.0,0.591943,1.408057,710.198521793,1,X-2025.06-SP3,ok,build/ARRAY_W4A8_16X16__T2p0ns/reports,26561.17156,15934.463745,1588.40497,,42495.635306,
ARRAY_W4A8_16X16,L1,array_scaling,array_int,,4,8,,,signed_integer,,,,,24,,16,16,,,,,registered_systolic_array,Includes operand forwarding registers and per-PE accumulator. DC cell area only; no placement/CTS/routing area.,ARRAY_W4A8_16X16__T1p0ns,1.0,1000.0,build/ARRAY_W4A8_16X16__T1p0ns,207158581ab077db004b0627bf1709ee71ee9c88921cc57910bdbf0c9d5ddf6b,cln22ul_sc6p5mcpp140z_base_svt_c35_r3p0_tt_0p80v_25c,<CLN22UL_DB>/sc6p5mcpp140z_cln22ul_base_svt_c35_tt_typical_max_0p80v_25c.db,ultra,0,,1,d287a2bc825e981bb60b4cbb580a97ef0014ca2d296287928162262b5ce1bbc5,46461.59733,76874.0,0.0,1.508e-05,0.99998492,1000.01508023,1,X-2025.06-SP3,ok,build/ARRAY_W4A8_16X16__T1p0ns/reports,30527.133585,15934.463745,2365.726959,,46461.59733,
ARRAY_W4A8_16X16,L1,array_scaling,array_int,,4,8,,,signed_integer,,,,,24,,16,16,,,,,registered_systolic_array,Includes operand forwarding registers and per-PE accumulator. DC cell area only; no placement/CTS/routing area.,ARRAY_W4A8_16X16__T0p9ns,0.9,1111.111111111111,build/ARRAY_W4A8_16X16__T0p9ns,207158581ab077db004b0627bf1709ee71ee9c88921cc57910bdbf0c9d5ddf6b,cln22ul_sc6p5mcpp140z_base_svt_c35_r3p0_tt_0p80v_25c,<CLN22UL_DB>/sc6p5mcpp140z_cln22ul_base_svt_c35_tt_typical_max_0p80v_25c.db,ultra,0,,1,d287a2bc825e981bb60b4cbb580a97ef0014ca2d296287928162262b5ce1bbc5,47151.013334,80049.0,0.0,1.48416e-05,0.8999851584,1111.12943438,1,X-2025.06-SP3,ok,build/ARRAY_W4A8_16X16__T0p9ns/reports,31216.549589,15934.463745,2490.396951,,47151.013334,
ARRAY_W8A8_4X4,L2,array_scaling,array_int,,8,8,,,signed_integer,,,,,28,,4,4,,,,,registered_systolic_array,Includes operand forwarding registers and per-PE accumulator. DC cell area only; no placement/CTS/routing area.,ARRAY_W8A8_4X4__T2p0ns,2.0,500.0,build/ARRAY_W8A8_4X4__T2p0ns,207158581ab077db004b0627bf1709ee71ee9c88921cc57910bdbf0c9d5ddf6b,cln22ul_sc6p5mcpp140z_base_svt_c35_r3p0_tt_0p80v_25c,<CLN22UL_DB>/sc6p5mcpp140z_cln22ul_base_svt_c35_tt_typical_max_0p80v_25c.db,ultra,0,,1,d287a2bc825e981bb60b4cbb580a97ef0014ca2d296287928162262b5ce1bbc5,3780.140031,5530.0,0.0,0.410573,1.589427,629.157551747,1,X-2025.06-SP3,ok,build/ARRAY_W8A8_4X4__T2p0ns/reports,2562.92405,1217.215981,152.515997,,3780.140031,
ARRAY_W8A8_4X4,L2,array_scaling,array_int,,8,8,,,signed_integer,,,,,28,,4,4,,,,,registered_systolic_array,Includes operand forwarding registers and per-PE accumulator. DC cell area only; no placement/CTS/routing area.,ARRAY_W8A8_4X4__T1p0ns,1.0,1000.0,build/ARRAY_W8A8_4X4__T1p0ns,207158581ab077db004b0627bf1709ee71ee9c88921cc57910bdbf0c9d5ddf6b,cln22ul_sc6p5mcpp140z_base_svt_c35_r3p0_tt_0p80v_25c,<CLN22UL_DB>/sc6p5mcpp140z_cln22ul_base_svt_c35_tt_typical_max_0p80v_25c.db,ultra,0,,1,d287a2bc825e981bb60b4cbb580a97ef0014ca2d296287928162262b5ce1bbc5,4199.923049,6754.0,0.0,0.000231385,0.999768615,1000.23143855,1,X-2025.06-SP3,ok,build/ARRAY_W8A8_4X4__T1p0ns/reports,2982.707069,1217.215981,201.837996,,4199.923049,
ARRAY_W8A8_4X4,L2,array_scaling,array_int,,8,8,,,signed_integer,,,,,28,,4,4,,,,,registered_systolic_array,Includes operand forwarding registers and per-PE accumulator. DC cell area only; no placement/CTS/routing area.,ARRAY_W8A8_4X4__T0p9ns,0.9,1111.111111111111,build/ARRAY_W8A8_4X4__T0p9ns,207158581ab077db004b0627bf1709ee71ee9c88921cc57910bdbf0c9d5ddf6b,cln22ul_sc6p5mcpp140z_base_svt_c35_r3p0_tt_0p80v_25c,<CLN22UL_DB>/sc6p5mcpp140z_cln22ul_base_svt_c35_tt_typical_max_0p80v_25c.db,ultra,0,,1,d287a2bc825e981bb60b4cbb580a97ef0014ca2d296287928162262b5ce1bbc5,4241.965043,6938.0,0.0,4.59552e-05,0.8999540448,1111.16784882,1,X-2025.06-SP3,ok,build/ARRAY_W8A8_4X4__T0p9ns/reports,3024.749062,1217.215981,219.764996,,4241.965043,
ARRAY_W8A8_8X8,L2,array_scaling,array_int,,8,8,,,signed_integer,,,,,28,,8,8,,,,,registered_systolic_array,Includes operand forwarding registers and per-PE accumulator. DC cell area only; no placement/CTS/routing area.,ARRAY_W8A8_8X8__T2p0ns,2.0,500.0,build/ARRAY_W8A8_8X8__T2p0ns,207158581ab077db004b0627bf1709ee71ee9c88921cc57910bdbf0c9d5ddf6b,cln22ul_sc6p5mcpp140z_base_svt_c35_r3p0_tt_0p80v_25c,<CLN22UL_DB>/sc6p5mcpp140z_cln22ul_base_svt_c35_tt_typical_max_0p80v_25c.db,ultra,0,,1,d287a2bc825e981bb60b4cbb580a97ef0014ca2d296287928162262b5ce1bbc5,15220.29614,22054.0,0.0,0.397236,1.602764,623.922174444,1,X-2025.06-SP3,ok,build/ARRAY_W8A8_8X8__T2p0ns/reports,10351.432218,4868.863922,593.319989,,15220.29614,
ARRAY_W8A8_8X8,L2,array_scaling,array_int,,8,8,,,signed_integer,,,,,28,,8,8,,,,,registered_systolic_array,Includes operand forwarding registers and per-PE accumulator. DC cell area only; no placement/CTS/routing area.,ARRAY_W8A8_8X8__T1p0ns,1.0,1000.0,build/ARRAY_W8A8_8X8__T1p0ns,207158581ab077db004b0627bf1709ee71ee9c88921cc57910bdbf0c9d5ddf6b,cln22ul_sc6p5mcpp140z_base_svt_c35_r3p0_tt_0p80v_25c,<CLN22UL_DB>/sc6p5mcpp140z_cln22ul_base_svt_c35_tt_typical_max_0p80v_25c.db,ultra,0,,1,d287a2bc825e981bb60b4cbb580a97ef0014ca2d296287928162262b5ce1bbc5,16899.792204,27033.0,0.0,0.00014329,0.99985671,1000.14331053,1,X-2025.06-SP3,ok,build/ARRAY_W8A8_8X8__T1p0ns/reports,12030.928282,4868.863922,819.454986,,16899.792204,
ARRAY_W8A8_8X8,L2,array_scaling,array_int,,8,8,,,signed_integer,,,,,28,,8,8,,,,,registered_systolic_array,Includes operand forwarding registers and per-PE accumulator. DC cell area only; no placement/CTS/routing area.,ARRAY_W8A8_8X8__T0p9ns,0.9,1111.111111111111,build/ARRAY_W8A8_8X8__T0p9ns,207158581ab077db004b0627bf1709ee71ee9c88921cc57910bdbf0c9d5ddf6b,cln22ul_sc6p5mcpp140z_base_svt_c35_r3p0_tt_0p80v_25c,<CLN22UL_DB>/sc6p5mcpp140z_cln22ul_base_svt_c35_tt_typical_max_0p80v_25c.db,ultra,0,,1,d287a2bc825e981bb60b4cbb580a97ef0014ca2d296287928162262b5ce1bbc5,17050.579178,27838.0,0.0,8.69632e-05,0.8999130368,1111.21848346,1,X-2025.06-SP3,ok,build/ARRAY_W8A8_8X8__T0p9ns/reports,12181.715256,4868.863922,851.759984,,17050.579178,
ARRAY_W8A8_16X16,L2,array_scaling,array_int,,8,8,,,signed_integer,,,,,28,,16,16,,,,,registered_systolic_array,Includes operand forwarding registers and per-PE accumulator. DC cell area only; no placement/CTS/routing area.,ARRAY_W8A8_16X16__T2p0ns,2.0,500.0,build/ARRAY_W8A8_16X16__T2p0ns,207158581ab077db004b0627bf1709ee71ee9c88921cc57910bdbf0c9d5ddf6b,cln22ul_sc6p5mcpp140z_base_svt_c35_r3p0_tt_0p80v_25c,<CLN22UL_DB>/sc6p5mcpp140z_cln22ul_base_svt_c35_tt_typical_max_0p80v_25c.db,ultra,0,,1,d287a2bc825e981bb60b4cbb580a97ef0014ca2d296287928162262b5ce1bbc5,61198.046642,87874.0,0.0,0.399071,1.600929,624.637319956,1,X-2025.06-SP3,ok,build/ARRAY_W8A8_16X16__T2p0ns/reports,41722.590954,19475.455688,2290.742956,,61198.046642,
ARRAY_W8A8_16X16,L2,array_scaling,array_int,,8,8,,,signed_integer,,,,,28,,16,16,,,,,registered_systolic_array,Includes operand forwarding registers and per-PE accumulator. DC cell area only; no placement/CTS/routing area.,ARRAY_W8A8_16X16__T1p0ns,1.0,1000.0,build/ARRAY_W8A8_16X16__T1p0ns,207158581ab077db004b0627bf1709ee71ee9c88921cc57910bdbf0c9d5ddf6b,cln22ul_sc6p5mcpp140z_base_svt_c35_r3p0_tt_0p80v_25c,<CLN22UL_DB>/sc6p5mcpp140z_cln22ul_base_svt_c35_tt_typical_max_0p80v_25c.db,ultra,0,,1,d287a2bc825e981bb60b4cbb580a97ef0014ca2d296287928162262b5ce1bbc5,67776.345807,109111.0,0.0,7.33137e-06,0.99999266863,1000.00733142,1,X-2025.06-SP3,ok,build/ARRAY_W8A8_16X16__T1p0ns/reports,48300.890119,19475.455688,3375.826937,,67776.345807,
ARRAY_W8A8_16X16,L2,array_scaling,array_int,,8,8,,,signed_integer,,,,,28,,16,16,,,,,registered_systolic_array,Includes operand forwarding registers and per-PE accumulator. DC cell area only; no placement/CTS/routing area.,ARRAY_W8A8_16X16__T0p9ns,0.9,1111.111111111111,build/ARRAY_W8A8_16X16__T0p9ns,207158581ab077db004b0627bf1709ee71ee9c88921cc57910bdbf0c9d5ddf6b,cln22ul_sc6p5mcpp140z_base_svt_c35_r3p0_tt_0p80v_25c,<CLN22UL_DB>/sc6p5mcpp140z_cln22ul_base_svt_c35_tt_typical_max_0p80v_25c.db,ultra,0,,1,d287a2bc825e981bb60b4cbb580a97ef0014ca2d296287928162262b5ce1bbc5,68225.703764,111540.0,0.0,5.96046e-07,0.899999403954,1111.11184697,1,X-2025.06-SP3,ok,build/ARRAY_W8A8_16X16__T0p9ns/reports,48750.248076,19475.455688,3373.824938,,68225.703764,
ARRAY_BF16_4X4,L2,array_scaling,array_fp,,,,,,BF16_E8M7,7,8,0,,,,4,4,,,,,registered_systolic_array,Includes operand forwarding registers and per-PE accumulator. DC cell area only; no placement/CTS/routing area.,ARRAY_BF16_4X4__T2p0ns,2.0,500.0,build/ARRAY_BF16_4X4__T2p0ns,207158581ab077db004b0627bf1709ee71ee9c88921cc57910bdbf0c9d5ddf6b,cln22ul_sc6p5mcpp140z_base_svt_c35_r3p0_tt_0p80v_25c,<CLN22UL_DB>/sc6p5mcpp140z_cln22ul_base_svt_c35_tt_typical_max_0p80v_25c.db,ultra,0,,1,d287a2bc825e981bb60b4cbb580a97ef0014ca2d296287928162262b5ce1bbc5,12701.143124,27823.0,0.0,0.000433445,1.999566555,500.108384739,1,X-2025.06-SP3,ok,build/ARRAY_BF16_4X4__T2p0ns/reports,11373.271145,1327.871979,1009.280982,,12701.143124,
ARRAY_BF16_4X4,L2,array_scaling,array_fp,,,,,,BF16_E8M7,7,8,0,,,,4,4,,,,,registered_systolic_array,Includes operand forwarding registers and per-PE accumulator. DC cell area only; no placement/CTS/routing area.,ARRAY_BF16_4X4__T1p0ns,1.0,1000.0,build/ARRAY_BF16_4X4__T1p0ns,207158581ab077db004b0627bf1709ee71ee9c88921cc57910bdbf0c9d5ddf6b,cln22ul_sc6p5mcpp140z_base_svt_c35_r3p0_tt_0p80v_25c,<CLN22UL_DB>/sc6p5mcpp140z_cln22ul_base_svt_c35_tt_typical_max_0p80v_25c.db,ultra,0,,1,d287a2bc825e981bb60b4cbb580a97ef0014ca2d296287928162262b5ce1bbc5,17310.111183,33102.0,0.0,-0.295895,1.295895,771.667457626,0,X-2025.06-SP3,ok,build/ARRAY_BF16_4X4__T1p0ns/reports,15981.784204,1328.326979,1453.178981,,17310.111183,
ARRAY_BF16_4X4,L2,array_scaling,array_fp,,,,,,BF16_E8M7,7,8,0,,,,4,4,,,,,registered_systolic_array,Includes operand forwarding registers and per-PE accumulator. DC cell area only; no placement/CTS/routing area.,ARRAY_BF16_4X4__T0p9ns,0.9,1111.111111111111,build/ARRAY_BF16_4X4__T0p9ns,207158581ab077db004b0627bf1709ee71ee9c88921cc57910bdbf0c9d5ddf6b,cln22ul_sc6p5mcpp140z_base_svt_c35_r3p0_tt_0p80v_25c,<CLN22UL_DB>/sc6p5mcpp140z_cln22ul_base_svt_c35_tt_typical_max_0p80v_25c.db,ultra,0,,1,d287a2bc825e981bb60b4cbb580a97ef0014ca2d296287928162262b5ce1bbc5,17333.771184,32767.0,0.0,-0.39369,1.29369,772.982708377,0,X-2025.06-SP3,ok,build/ARRAY_BF16_4X4__T0p9ns/reports,16005.444205,1328.326979,1397.941983,,17333.771184,
ARRAY_BF16_8X8,L2,array_scaling,array_fp,,,,,,BF16_E8M7,7,8,0,,,,8,8,,,,,registered_systolic_array,Includes operand forwarding registers and per-PE accumulator. DC cell area only; no placement/CTS/routing area.,ARRAY_BF16_8X8__T2p0ns,2.0,500.0,build/ARRAY_BF16_8X8__T2p0ns,207158581ab077db004b0627bf1709ee71ee9c88921cc57910bdbf0c9d5ddf6b,cln22ul_sc6p5mcpp140z_base_svt_c35_r3p0_tt_0p80v_25c,<CLN22UL_DB>/sc6p5mcpp140z_cln22ul_base_svt_c35_tt_typical_max_0p80v_25c.db,ultra,0,,1,d287a2bc825e981bb60b4cbb580a97ef0014ca2d296287928162262b5ce1bbc5,50186.500518,108407.0,0.0,0.0,2.0,500.0,1,X-2025.06-SP3,ok,build/ARRAY_BF16_8X8__T2p0ns/reports,44875.012603,5311.487915,4080.348926,,50186.500518,
ARRAY_BF16_8X8,L2,array_scaling,array_fp,,,,,,BF16_E8M7,7,8,0,,,,8,8,,,,,registered_systolic_array,Includes operand forwarding registers and per-PE accumulator. DC cell area only; no placement/CTS/routing area.,ARRAY_BF16_8X8__T1p0ns,1.0,1000.0,build/ARRAY_BF16_8X8__T1p0ns,207158581ab077db004b0627bf1709ee71ee9c88921cc57910bdbf0c9d5ddf6b,cln22ul_sc6p5mcpp140z_base_svt_c35_r3p0_tt_0p80v_25c,<CLN22UL_DB>/sc6p5mcpp140z_cln22ul_base_svt_c35_tt_typical_max_0p80v_25c.db,ultra,0,,1,d287a2bc825e981bb60b4cbb580a97ef0014ca2d296287928162262b5ce1bbc5,60157.552631,126227.0,0.0,-0.430419,1.430419,699.095859325,0,X-2025.06-SP3,ok,build/ARRAY_BF16_8X8__T1p0ns/reports,54846.064716,5311.487915,5420.778918,,60157.552631,
ARRAY_BF16_8X8,L2,array_scaling,array_fp,,,,,,BF16_E8M7,7,8,0,,,,8,8,,,,,registered_systolic_array,Includes operand forwarding registers and per-PE accumulator. DC cell area only; no placement/CTS/routing area.,ARRAY_BF16_8X8__T0p9ns,0.9,1111.111111111111,build/ARRAY_BF16_8X8__T0p9ns,207158581ab077db004b0627bf1709ee71ee9c88921cc57910bdbf0c9d5ddf6b,cln22ul_sc6p5mcpp140z_base_svt_c35_r3p0_tt_0p80v_25c,<CLN22UL_DB>/sc6p5mcpp140z_cln22ul_base_svt_c35_tt_typical_max_0p80v_25c.db,ultra,0,,1,d287a2bc825e981bb60b4cbb580a97ef0014ca2d296287928162262b5ce1bbc5,59473.869617,125922.0,0.0,-0.541161,1.441161,693.884999663,0,X-2025.06-SP3,ok,build/ARRAY_BF16_8X8__T0p9ns/reports,54162.381702,5311.487915,5058.234923,,59473.869617,
ARRAY_BF16_16X16,L2,array_scaling,array_fp,,,,,,BF16_E8M7,7,8,0,,,,16,16,,,,,registered_systolic_array,Includes operand forwarding registers and per-PE accumulator. DC cell area only; no placement/CTS/routing area.,ARRAY_BF16_16X16__T2p0ns,2.0,500.0,build/ARRAY_BF16_16X16__T2p0ns,207158581ab077db004b0627bf1709ee71ee9c88921cc57910bdbf0c9d5ddf6b,cln22ul_sc6p5mcpp140z_base_svt_c35_r3p0_tt_0p80v_25c,<CLN22UL_DB>/sc6p5mcpp140z_cln22ul_base_svt_c35_tt_typical_max_0p80v_25c.db,ultra,0,,1,d287a2bc825e981bb60b4cbb580a97ef0014ca2d296287928162262b5ce1bbc5,202251.688279,437326.0,0.0,5.84126e-06,1.99999415874,500.001460319,1,X-2025.06-SP3,ok,build/ARRAY_BF16_16X16__T2p0ns/reports,181005.736619,21245.95166,16870.580701,,202251.688279,
ARRAY_BF16_16X16,L2,array_scaling,array_fp,,,,,,BF16_E8M7,7,8,0,,,,16,16,,,,,registered_systolic_array,Includes operand forwarding registers and per-PE accumulator. DC cell area only; no placement/CTS/routing area.,ARRAY_BF16_16X16__T1p0ns,1.0,1000.0,build/ARRAY_BF16_16X16__T1p0ns,207158581ab077db004b0627bf1709ee71ee9c88921cc57910bdbf0c9d5ddf6b,cln22ul_sc6p5mcpp140z_base_svt_c35_r3p0_tt_0p80v_25c,<CLN22UL_DB>/sc6p5mcpp140z_cln22ul_base_svt_c35_tt_typical_max_0p80v_25c.db,ultra,0,,1,d287a2bc825e981bb60b4cbb580a97ef0014ca2d296287928162262b5ce1bbc5,229805.396362,494428.0,0.0,-0.488717,1.488717,671.719339539,0,X-2025.06-SP3,ok,build/ARRAY_BF16_16X16__T1p0ns/reports,208559.444701,21245.95166,19938.918659,,229805.396362,
ARRAY_BF16_16X16,L2,array_scaling,array_fp,,,,,,BF16_E8M7,7,8,0,,,,16,16,,,,,registered_systolic_array,Includes operand forwarding registers and per-PE accumulator. DC cell area only; no placement/CTS/routing area.,ARRAY_BF16_16X16__T0p9ns,0.9,1111.111111111111,build/ARRAY_BF16_16X16__T0p9ns,207158581ab077db004b0627bf1709ee71ee9c88921cc57910bdbf0c9d5ddf6b,cln22ul_sc6p5mcpp140z_base_svt_c35_r3p0_tt_0p80v_25c,<CLN22UL_DB>/sc6p5mcpp140z_cln22ul_base_svt_c35_tt_typical_max_0p80v_25c.db,ultra,0,,1,d287a2bc825e981bb60b4cbb580a97ef0014ca2d296287928162262b5ce1bbc5,227982.30236,484061.0,0.0,-0.603666,1.503666,665.041305715,0,X-2025.06-SP3,ok,build/ARRAY_BF16_16X16__T0p9ns/reports,206736.2597,21246.04266,18164.145697,,227982.30236,
REQUANT_I32_TO_I8,L1,quant_kv_logic,requant,,,,,,fixed_point,,,,,,1,,,32,8,0,,quant_dequant_logic,Symmetric fixed-point requant with round and saturation.,REQUANT_I32_TO_I8__T2p0ns,2.0,500.0,build/REQUANT_I32_TO_I8__T2p0ns,207158581ab077db004b0627bf1709ee71ee9c88921cc57910bdbf0c9d5ddf6b,cln22ul_sc6p5mcpp140z_base_svt_c35_r3p0_tt_0p80v_25c,<CLN22UL_DB>/sc6p5mcpp140z_cln22ul_base_svt_c35_tt_typical_max_0p80v_25c.db,ultra,0,,1,d287a2bc825e981bb60b4cbb580a97ef0014ca2d296287928162262b5ce1bbc5,754.026021,1168.0,0.0,0.00186956,1.99813044,500.467827316,1,X-2025.06-SP3,ok,build/REQUANT_I32_TO_I8__T2p0ns/reports,752.297021,1.729,16.744,,754.026021,
REQUANT_I32_TO_I8,L1,quant_kv_logic,requant,,,,,,fixed_point,,,,,,1,,,32,8,0,,quant_dequant_logic,Symmetric fixed-point requant with round and saturation.,REQUANT_I32_TO_I8__T1p0ns,1.0,1000.0,build/REQUANT_I32_TO_I8__T1p0ns,207158581ab077db004b0627bf1709ee71ee9c88921cc57910bdbf0c9d5ddf6b,cln22ul_sc6p5mcpp140z_base_svt_c35_r3p0_tt_0p80v_25c,<CLN22UL_DB>/sc6p5mcpp140z_cln22ul_base_svt_c35_tt_typical_max_0p80v_25c.db,ultra,0,,1,d287a2bc825e981bb60b4cbb580a97ef0014ca2d296287928162262b5ce1bbc5,837.837021,1370.0,0.0,0.000384092,0.999615908,1000.38423958,1,X-2025.06-SP3,ok,build/REQUANT_I32_TO_I8__T1p0ns/reports,836.108021,1.729,41.587,,837.837021,
REQUANT_I32_TO_I8,L1,quant_kv_logic,requant,,,,,,fixed_point,,,,,,1,,,32,8,0,,quant_dequant_logic,Symmetric fixed-point requant with round and saturation.,REQUANT_I32_TO_I8__T0p9ns,0.9,1111.111111111111,build/REQUANT_I32_TO_I8__T0p9ns,207158581ab077db004b0627bf1709ee71ee9c88921cc57910bdbf0c9d5ddf6b,cln22ul_sc6p5mcpp140z_base_svt_c35_r3p0_tt_0p80v_25c,<CLN22UL_DB>/sc6p5mcpp140z_cln22ul_base_svt_c35_tt_typical_max_0p80v_25c.db,ultra,0,,1,d287a2bc825e981bb60b4cbb580a97ef0014ca2d296287928162262b5ce1bbc5,940.212022,1541.0,0.0,0.000121176,0.899878824,1111.26073126,1,X-2025.06-SP3,ok,build/REQUANT_I32_TO_I8__T0p9ns/reports,938.483022,1.729,45.682,,940.212022,
REQUANT_I32_TO_I4,L1,quant_kv_logic,requant,,,,,,fixed_point,,,,,,1,,,32,4,0,,quant_dequant_logic,Symmetric fixed-point requant with round and saturation.,REQUANT_I32_TO_I4__T2p0ns,2.0,500.0,build/REQUANT_I32_TO_I4__T2p0ns,207158581ab077db004b0627bf1709ee71ee9c88921cc57910bdbf0c9d5ddf6b,cln22ul_sc6p5mcpp140z_base_svt_c35_r3p0_tt_0p80v_25c,<CLN22UL_DB>/sc6p5mcpp140z_cln22ul_base_svt_c35_tt_typical_max_0p80v_25c.db,ultra,0,,1,d287a2bc825e981bb60b4cbb580a97ef0014ca2d296287928162262b5ce1bbc5,746.200021,1165.0,0.0,0.00589907,1.99410093,501.479130246,1,X-2025.06-SP3,ok,build/REQUANT_I32_TO_I4__T2p0ns/reports,744.471021,1.729,19.656,,746.200021,
REQUANT_I32_TO_I4,L1,quant_kv_logic,requant,,,,,,fixed_point,,,,,,1,,,32,4,0,,quant_dequant_logic,Symmetric fixed-point requant with round and saturation.,REQUANT_I32_TO_I4__T1p0ns,1.0,1000.0,build/REQUANT_I32_TO_I4__T1p0ns,207158581ab077db004b0627bf1709ee71ee9c88921cc57910bdbf0c9d5ddf6b,cln22ul_sc6p5mcpp140z_base_svt_c35_r3p0_tt_0p80v_25c,<CLN22UL_DB>/sc6p5mcpp140z_cln22ul_base_svt_c35_tt_typical_max_0p80v_25c.db,ultra,0,,1,d287a2bc825e981bb60b4cbb580a97ef0014ca2d296287928162262b5ce1bbc5,811.265021,1334.0,0.0,0.00117391,0.99882609,1001.17528968,1,X-2025.06-SP3,ok,build/REQUANT_I32_TO_I4__T1p0ns/reports,809.536021,1.729,35.217,,811.265021,
REQUANT_I32_TO_I4,L1,quant_kv_logic,requant,,,,,,fixed_point,,,,,,1,,,32,4,0,,quant_dequant_logic,Symmetric fixed-point requant with round and saturation.,REQUANT_I32_TO_I4__T0p9ns,0.9,1111.111111111111,build/REQUANT_I32_TO_I4__T0p9ns,207158581ab077db004b0627bf1709ee71ee9c88921cc57910bdbf0c9d5ddf6b,cln22ul_sc6p5mcpp140z_base_svt_c35_r3p0_tt_0p80v_25c,<CLN22UL_DB>/sc6p5mcpp140z_cln22ul_base_svt_c35_tt_typical_max_0p80v_25c.db,ultra,0,,1,d287a2bc825e981bb60b4cbb580a97ef0014ca2d296287928162262b5ce1bbc5,915.460021,1487.0,0.0,7.17044e-05,0.8999282956,1111.19964212,1,X-2025.06-SP3,ok,build/REQUANT_I32_TO_I4__T0p9ns/reports,913.731021,1.729,39.221,,915.460021,
KV_DEQ_I4_TO_I8_L16,L1,quant_kv_logic,kv_dequant,,,,4,4,fixed_point,,,,,,16,,,4,8,0,,quant_dequant_logic,16-lane fixed-point KV4 dequant reference.,KV_DEQ_I4_TO_I8_L16__T2p0ns,2.0,500.0,build/KV_DEQ_I4_TO_I8_L16__T2p0ns,207158581ab077db004b0627bf1709ee71ee9c88921cc57910bdbf0c9d5ddf6b,cln22ul_sc6p5mcpp140z_base_svt_c35_r3p0_tt_0p80v_25c,<CLN22UL_DB>/sc6p5mcpp140z_cln22ul_base_svt_c35_tt_typical_max_0p80v_25c.db,ultra,0,,1,d287a2bc825e981bb60b4cbb580a97ef0014ca2d296287928162262b5ce1bbc5,558.831012,1115.0,0.0,0.748104,1.251896,798.788397758,1,X-2025.06-SP3,ok,build/KV_DEQ_I4_TO_I8_L16__T2p0ns/reports,557.102012,1.729,39.493999,,558.831012,
KV_DEQ_I4_TO_I8_L16,L1,quant_kv_logic,kv_dequant,,,,4,4,fixed_point,,,,,,16,,,4,8,0,,quant_dequant_logic,16-lane fixed-point KV4 dequant reference.,KV_DEQ_I4_TO_I8_L16__T1p0ns,1.0,1000.0,build/KV_DEQ_I4_TO_I8_L16__T1p0ns,207158581ab077db004b0627bf1709ee71ee9c88921cc57910bdbf0c9d5ddf6b,cln22ul_sc6p5mcpp140z_base_svt_c35_r3p0_tt_0p80v_25c,<CLN22UL_DB>/sc6p5mcpp140z_cln22ul_base_svt_c35_tt_typical_max_0p80v_25c.db,ultra,0,,1,d287a2bc825e981bb60b4cbb580a97ef0014ca2d296287928162262b5ce1bbc5,558.649012,1115.0,0.0,0.00227624,0.99772376,1002.28143309,1,X-2025.06-SP3,ok,build/KV_DEQ_I4_TO_I8_L16__T1p0ns/reports,556.920012,1.729,39.493999,,558.649012,
KV_DEQ_I4_TO_I8_L16,L1,quant_kv_logic,kv_dequant,,,,4,4,fixed_point,,,,,,16,,,4,8,0,,quant_dequant_logic,16-lane fixed-point KV4 dequant reference.,KV_DEQ_I4_TO_I8_L16__T0p9ns,0.9,1111.111111111111,build/KV_DEQ_I4_TO_I8_L16__T0p9ns,207158581ab077db004b0627bf1709ee71ee9c88921cc57910bdbf0c9d5ddf6b,cln22ul_sc6p5mcpp140z_base_svt_c35_r3p0_tt_0p80v_25c,<CLN22UL_DB>/sc6p5mcpp140z_cln22ul_base_svt_c35_tt_typical_max_0p80v_25c.db,ultra,0,,1,d287a2bc825e981bb60b4cbb580a97ef0014ca2d296287928162262b5ce1bbc5,568.113012,1119.0,0.0,0.00349075,0.89650925,1115.43745923,1,X-2025.06-SP3,ok,build/KV_DEQ_I4_TO_I8_L16__T0p9ns/reports,566.384012,1.729,42.132999,,568.113012,
KV_DEQ_MIXED_2_4_8_TO_I8_L16,L1,quant_kv_logic,kv_dequant_mixed,,,,,,fixed_point,,,,,,16,,,,8,1,,quant_dequant_logic,Runtime-selectable 2/4/8-bit KV dequant mux.,KV_DEQ_MIXED_2_4_8_TO_I8_L16__T2p0ns,2.0,500.0,build/KV_DEQ_MIXED_2_4_8_TO_I8_L16__T2p0ns,207158581ab077db004b0627bf1709ee71ee9c88921cc57910bdbf0c9d5ddf6b,cln22ul_sc6p5mcpp140z_base_svt_c35_r3p0_tt_0p80v_25c,<CLN22UL_DB>/sc6p5mcpp140z_cln22ul_base_svt_c35_tt_typical_max_0p80v_25c.db,ultra,0,,1,d287a2bc825e981bb60b4cbb580a97ef0014ca2d296287928162262b5ce1bbc5,1404.949026,2574.0,0.0,0.268929,1.731071,577.677056574,1,X-2025.06-SP3,ok,build/KV_DEQ_MIXED_2_4_8_TO_I8_L16__T2p0ns/reports,1403.220026,1.729,63.153999,,1404.949026,
KV_DEQ_MIXED_2_4_8_TO_I8_L16,L1,quant_kv_logic,kv_dequant_mixed,,,,,,fixed_point,,,,,,16,,,,8,1,,quant_dequant_logic,Runtime-selectable 2/4/8-bit KV dequant mux.,KV_DEQ_MIXED_2_4_8_TO_I8_L16__T1p0ns,1.0,1000.0,build/KV_DEQ_MIXED_2_4_8_TO_I8_L16__T1p0ns,207158581ab077db004b0627bf1709ee71ee9c88921cc57910bdbf0c9d5ddf6b,cln22ul_sc6p5mcpp140z_base_svt_c35_r3p0_tt_0p80v_25c,<CLN22UL_DB>/sc6p5mcpp140z_cln22ul_base_svt_c35_tt_typical_max_0p80v_25c.db,ultra,0,,1,d287a2bc825e981bb60b4cbb580a97ef0014ca2d296287928162262b5ce1bbc5,1937.390042,3273.0,0.0,0.00207824,0.99792176,1002.08256808,1,X-2025.06-SP3,ok,build/KV_DEQ_MIXED_2_4_8_TO_I8_L16__T1p0ns/reports,1935.661042,1.729,55.691999,,1937.390042,
KV_DEQ_MIXED_2_4_8_TO_I8_L16,L1,quant_kv_logic,kv_dequant_mixed,,,,,,fixed_point,,,,,,16,,,,8,1,,quant_dequant_logic,Runtime-selectable 2/4/8-bit KV dequant mux.,KV_DEQ_MIXED_2_4_8_TO_I8_L16__T0p9ns,0.9,1111.111111111111,build/KV_DEQ_MIXED_2_4_8_TO_I8_L16__T0p9ns,207158581ab077db004b0627bf1709ee71ee9c88921cc57910bdbf0c9d5ddf6b,cln22ul_sc6p5mcpp140z_base_svt_c35_r3p0_tt_0p80v_25c,<CLN22UL_DB>/sc6p5mcpp140z_cln22ul_base_svt_c35_tt_typical_max_0p80v_25c.db,ultra,0,,1,d287a2bc825e981bb60b4cbb580a97ef0014ca2d296287928162262b5ce1bbc5,1881.243044,3409.0,0.0,3.16501e-05,0.8999683499,1111.15018668,1,X-2025.06-SP3,ok,build/KV_DEQ_MIXED_2_4_8_TO_I8_L16__T0p9ns/reports,1879.514044,1.729,53.234999,,1881.243044,
KV_DEQ_I2_TO_I8_L16,L2,quant_kv_logic,kv_dequant,,,,2,2,fixed_point,,,,,,16,,,2,8,0,,quant_dequant_logic,16-lane KV2 dequant reference.,KV_DEQ_I2_TO_I8_L16__T2p0ns,2.0,500.0,build/KV_DEQ_I2_TO_I8_L16__T2p0ns,207158581ab077db004b0627bf1709ee71ee9c88921cc57910bdbf0c9d5ddf6b,cln22ul_sc6p5mcpp140z_base_svt_c35_r3p0_tt_0p80v_25c,<CLN22UL_DB>/sc6p5mcpp140z_cln22ul_base_svt_c35_tt_typical_max_0p80v_25c.db,ultra,0,,1,d287a2bc825e981bb60b4cbb580a97ef0014ca2d296287928162262b5ce1bbc5,160.706001,489.0,0.0,1.09987,0.90013,1110.95064046,1,X-2025.06-SP3,ok,build/KV_DEQ_I2_TO_I8_L16__T2p0ns/reports,158.977001,1.729,21.476,,160.706001,
KV_DEQ_I2_TO_I8_L16,L2,quant_kv_logic,kv_dequant,,,,2,2,fixed_point,,,,,,16,,,2,8,0,,quant_dequant_logic,16-lane KV2 dequant reference.,KV_DEQ_I2_TO_I8_L16__T1p0ns,1.0,1000.0,build/KV_DEQ_I2_TO_I8_L16__T1p0ns,207158581ab077db004b0627bf1709ee71ee9c88921cc57910bdbf0c9d5ddf6b,cln22ul_sc6p5mcpp140z_base_svt_c35_r3p0_tt_0p80v_25c,<CLN22UL_DB>/sc6p5mcpp140z_cln22ul_base_svt_c35_tt_typical_max_0p80v_25c.db,ultra,0,,1,d287a2bc825e981bb60b4cbb580a97ef0014ca2d296287928162262b5ce1bbc5,157.157,489.0,0.0,0.353018,0.646982,1545.63805485,1,X-2025.06-SP3,ok,build/KV_DEQ_I2_TO_I8_L16__T1p0ns/reports,155.428001,1.729,21.476,,157.157,
KV_DEQ_I2_TO_I8_L16,L2,quant_kv_logic,kv_dequant,,,,2,2,fixed_point,,,,,,16,,,2,8,0,,quant_dequant_logic,16-lane KV2 dequant reference.,KV_DEQ_I2_TO_I8_L16__T0p9ns,0.9,1111.111111111111,build/KV_DEQ_I2_TO_I8_L16__T0p9ns,207158581ab077db004b0627bf1709ee71ee9c88921cc57910bdbf0c9d5ddf6b,cln22ul_sc6p5mcpp140z_base_svt_c35_r3p0_tt_0p80v_25c,<CLN22UL_DB>/sc6p5mcpp140z_cln22ul_base_svt_c35_tt_typical_max_0p80v_25c.db,ultra,0,,1,d287a2bc825e981bb60b4cbb580a97ef0014ca2d296287928162262b5ce1bbc5,157.157,489.0,0.0,0.278017,0.621983,1607.76098382,1,X-2025.06-SP3,ok,build/KV_DEQ_I2_TO_I8_L16__T0p9ns/reports,155.428001,1.729,21.476,,157.157,
KV_DEQ_I3_TO_I8_L16,L2,quant_kv_logic,kv_dequant,,,,3,3,fixed_point,,,,,,16,,,3,8,0,,quant_dequant_logic,16-lane KV3 dequant reference.,KV_DEQ_I3_TO_I8_L16__T2p0ns,2.0,500.0,build/KV_DEQ_I3_TO_I8_L16__T2p0ns,207158581ab077db004b0627bf1709ee71ee9c88921cc57910bdbf0c9d5ddf6b,cln22ul_sc6p5mcpp140z_base_svt_c35_r3p0_tt_0p80v_25c,<CLN22UL_DB>/sc6p5mcpp140z_cln22ul_base_svt_c35_tt_typical_max_0p80v_25c.db,ultra,0,,1,d287a2bc825e981bb60b4cbb580a97ef0014ca2d296287928162262b5ce1bbc5,448.266008,859.0,0.0,0.828159,1.171841,853.358092096,1,X-2025.06-SP3,ok,build/KV_DEQ_I3_TO_I8_L16__T2p0ns/reports,446.537008,1.729,26.299,,448.266008,
KV_DEQ_I3_TO_I8_L16,L2,quant_kv_logic,kv_dequant,,,,3,3,fixed_point,,,,,,16,,,3,8,0,,quant_dequant_logic,16-lane KV3 dequant reference.,KV_DEQ_I3_TO_I8_L16__T1p0ns,1.0,1000.0,build/KV_DEQ_I3_TO_I8_L16__T1p0ns,207158581ab077db004b0627bf1709ee71ee9c88921cc57910bdbf0c9d5ddf6b,cln22ul_sc6p5mcpp140z_base_svt_c35_r3p0_tt_0p80v_25c,<CLN22UL_DB>/sc6p5mcpp140z_cln22ul_base_svt_c35_tt_typical_max_0p80v_25c.db,ultra,0,,1,d287a2bc825e981bb60b4cbb580a97ef0014ca2d296287928162262b5ce1bbc5,447.993008,859.0,0.0,0.0781586,0.9218414,1084.78530038,1,X-2025.06-SP3,ok,build/KV_DEQ_I3_TO_I8_L16__T1p0ns/reports,446.264008,1.729,26.299,,447.993008,
KV_DEQ_I3_TO_I8_L16,L2,quant_kv_logic,kv_dequant,,,,3,3,fixed_point,,,,,,16,,,3,8,0,,quant_dequant_logic,16-lane KV3 dequant reference.,KV_DEQ_I3_TO_I8_L16__T0p9ns,0.9,1111.111111111111,build/KV_DEQ_I3_TO_I8_L16__T0p9ns,207158581ab077db004b0627bf1709ee71ee9c88921cc57910bdbf0c9d5ddf6b,cln22ul_sc6p5mcpp140z_base_svt_c35_r3p0_tt_0p80v_25c,<CLN22UL_DB>/sc6p5mcpp140z_cln22ul_base_svt_c35_tt_typical_max_0p80v_25c.db,ultra,0,,1,d287a2bc825e981bb60b4cbb580a97ef0014ca2d296287928162262b5ce1bbc5,448.084008,859.0,0.0,0.00315851,0.89684149,1115.02423912,1,X-2025.06-SP3,ok,build/KV_DEQ_I3_TO_I8_L16__T0p9ns/reports,446.355008,1.729,26.39,,448.084008,
KV_DEQ_I8_BYPASS_L16,L2,quant_kv_logic,kv_dequant,,,,8,8,fixed_point,,,,,,16,,,8,8,0,,quant_dequant_logic,Registered KV8 bypass/reference path.,KV_DEQ_I8_BYPASS_L16__T2p0ns,2.0,500.0,build/KV_DEQ_I8_BYPASS_L16__T2p0ns,207158581ab077db004b0627bf1709ee71ee9c88921cc57910bdbf0c9d5ddf6b,cln22ul_sc6p5mcpp140z_base_svt_c35_r3p0_tt_0p80v_25c,<CLN22UL_DB>/sc6p5mcpp140z_cln22ul_base_svt_c35_tt_typical_max_0p80v_25c.db,ultra,0,,1,d287a2bc825e981bb60b4cbb580a97ef0014ca2d296287928162262b5ce1bbc5,36.855,130.0,0.0,1.44963,0.55037,1816.95949997,1,X-2025.06-SP3,ok,build/KV_DEQ_I8_BYPASS_L16__T2p0ns/reports,35.126,1.729,35.126,,36.855,
KV_DEQ_I8_BYPASS_L16,L2,quant_kv_logic,kv_dequant,,,,8,8,fixed_point,,,,,,16,,,8,8,0,,quant_dequant_logic,Registered KV8 bypass/reference path.,KV_DEQ_I8_BYPASS_L16__T1p0ns,1.0,1000.0,build/KV_DEQ_I8_BYPASS_L16__T1p0ns,207158581ab077db004b0627bf1709ee71ee9c88921cc57910bdbf0c9d5ddf6b,cln22ul_sc6p5mcpp140z_base_svt_c35_r3p0_tt_0p80v_25c,<CLN22UL_DB>/sc6p5mcpp140z_cln22ul_base_svt_c35_tt_typical_max_0p80v_25c.db,ultra,0,,1,d287a2bc825e981bb60b4cbb580a97ef0014ca2d296287928162262b5ce1bbc5,36.855,130.0,0.0,0.699631,0.300369,3329.23837014,1,X-2025.06-SP3,ok,build/KV_DEQ_I8_BYPASS_L16__T1p0ns/reports,35.126,1.729,35.126,,36.855,
KV_DEQ_I8_BYPASS_L16,L2,quant_kv_logic,kv_dequant,,,,8,8,fixed_point,,,,,,16,,,8,8,0,,quant_dequant_logic,Registered KV8 bypass/reference path.,KV_DEQ_I8_BYPASS_L16__T0p9ns,0.9,1111.111111111111,build/KV_DEQ_I8_BYPASS_L16__T0p9ns,207158581ab077db004b0627bf1709ee71ee9c88921cc57910bdbf0c9d5ddf6b,cln22ul_sc6p5mcpp140z_base_svt_c35_r3p0_tt_0p80v_25c,<CLN22UL_DB>/sc6p5mcpp140z_cln22ul_base_svt_c35_tt_typical_max_0p80v_25c.db,ultra,0,,1,d287a2bc825e981bb60b4cbb580a97ef0014ca2d296287928162262b5ce1bbc5,36.855,130.0,0.0,0.624631,0.275369,3631.49083593,1,X-2025.06-SP3,ok,build/KV_DEQ_I8_BYPASS_L16__T0p9ns/reports,35.126,1.729,35.126,,36.855,
ASYM_ZP_SCALE_I4_L16,L2,quant_kv_logic,kv_dequant,,,,4,4,fixed_point,,,,,,16,,,4,8,1,,quant_dequant_logic,16-lane asymmetric zero-point plus scale path.,ASYM_ZP_SCALE_I4_L16__T2p0ns,2.0,500.0,build/ASYM_ZP_SCALE_I4_L16__T2p0ns,207158581ab077db004b0627bf1709ee71ee9c88921cc57910bdbf0c9d5ddf6b,cln22ul_sc6p5mcpp140z_base_svt_c35_r3p0_tt_0p80v_25c,<CLN22UL_DB>/sc6p5mcpp140z_cln22ul_base_svt_c35_tt_typical_max_0p80v_25c.db,ultra,0,,1,d287a2bc825e981bb60b4cbb580a97ef0014ca2d296287928162262b5ce1bbc5,966.511022,1580.0,0.0,0.613309,1.386691,721.141191513,1,X-2025.06-SP3,ok,build/ASYM_ZP_SCALE_I4_L16__T2p0ns/reports,964.782022,1.729,54.781999,,966.511022,
ASYM_ZP_SCALE_I4_L16,L2,quant_kv_logic,kv_dequant,,,,4,4,fixed_point,,,,,,16,,,4,8,1,,quant_dequant_logic,16-lane asymmetric zero-point plus scale path.,ASYM_ZP_SCALE_I4_L16__T1p0ns,1.0,1000.0,build/ASYM_ZP_SCALE_I4_L16__T1p0ns,207158581ab077db004b0627bf1709ee71ee9c88921cc57910bdbf0c9d5ddf6b,cln22ul_sc6p5mcpp140z_base_svt_c35_r3p0_tt_0p80v_25c,<CLN22UL_DB>/sc6p5mcpp140z_cln22ul_base_svt_c35_tt_typical_max_0p80v_25c.db,ultra,0,,1,d287a2bc825e981bb60b4cbb580a97ef0014ca2d296287928162262b5ce1bbc5,1009.281023,1669.0,0.0,0.000267148,0.999732852,1000.26721939,1,X-2025.06-SP3,ok,build/ASYM_ZP_SCALE_I4_L16__T1p0ns/reports,1007.552023,1.729,64.245999,,1009.281023,
ASYM_ZP_SCALE_I4_L16,L2,quant_kv_logic,kv_dequant,,,,4,4,fixed_point,,,,,,16,,,4,8,1,,quant_dequant_logic,16-lane asymmetric zero-point plus scale path.,ASYM_ZP_SCALE_I4_L16__T0p9ns,0.9,1111.111111111111,build/ASYM_ZP_SCALE_I4_L16__T0p9ns,207158581ab077db004b0627bf1709ee71ee9c88921cc57910bdbf0c9d5ddf6b,cln22ul_sc6p5mcpp140z_base_svt_c35_r3p0_tt_0p80v_25c,<CLN22UL_DB>/sc6p5mcpp140z_cln22ul_base_svt_c35_tt_typical_max_0p80v_25c.db,ultra,0,,1,d287a2bc825e981bb60b4cbb580a97ef0014ca2d296287928162262b5ce1bbc5,1096.823027,1741.0,0.0,2.22325e-05,0.8999777675,1111.13855932,1,X-2025.06-SP3,ok,build/ASYM_ZP_SCALE_I4_L16__T0p9ns/reports,1095.094027,1.729,59.513999,,1096.823027,
