 
****************************************
Report : timing
        -path full
        -delay max
        -nworst 8
        -nets
        -max_paths 30
        -transition_time
        -capacitance
Design : char_top
Version: X-2025.06-SP3
Date   : Wed Sep  2 15:42:29 2026
****************************************

 # A fanout number of 1000 was used for high fanout net computations.

Operating Conditions: tt_typical_max_0p80v_25c   Library: sc6p5mcpp140z_cln22ul_base_svt_c35_tt_typical_max_0p80v_25c
Wire Load Model Mode: top

  Startpoint: u_dut/u_product_pipe/bf16_lane_item_o_reg[1][3][7]
              (rising edge-triggered flip-flop clocked by clk)
  Endpoint: u_dut/u_bf16_accum/status_q1_reg[1][5]
            (rising edge-triggered flip-flop clocked by clk)
  Path Group: clk
  Path Type: max

  Des/Clust/Port     Wire Load Model       Library
  ------------------------------------------------
  char_top           Zero                  sc6p5mcpp140z_cln22ul_base_svt_c35_tt_typical_max_0p80v_25c

  Point                                       Fanout       Cap     Trans      Incr       Path
  ----------------------------------------------------------------------------------------------
  clock clk (rise edge)                                                       0.00       0.00
  clock network delay (ideal)                                                 0.00       0.00
  u_dut/u_product_pipe/bf16_lane_item_o_reg[1][3][7]/CK (DFFRPQA_X2M_A6P5PP140ZTS_C35)
                                                                    0.00      0.00 #     0.00 r
  u_dut/u_product_pipe/bf16_lane_item_o_reg[1][3][7]/Q (DFFRPQA_X2M_A6P5PP140ZTS_C35)
                                                                    0.02      0.06       0.06 r
  u_dut/u_product_pipe/bf16_lane_item_o[1][3][7] (net)
                                                4         0.00                0.00       0.06 r
  u_dut/u_product_pipe/bf16_lane_item_o[1][3][7] (fusion_mul16_v2_product_pipe_1_1_1_1_1_0)
                                                                              0.00       0.06 r
  u_dut/bf16_lane_item[1][3][7] (net)                     0.00                0.00       0.06 r
  U9223/Y (INV_X3M_A6P5PP140ZTS_C35)                                0.01      0.01       0.07 f
  n6622 (net)                                   4         0.00                0.00       0.07 f
  U3377/Y (NOR2_X4A_A6P5PP140ZTS_C35)                               0.02      0.02       0.09 r
  n6075 (net)                                   4         0.00                0.00       0.09 r
  U9257/Y (AOI21_X1M_A6P5PP140ZTS_C35)                              0.03      0.02       0.10 f
  n6090 (net)                                   2         0.00                0.00       0.10 f
  U9258/Y (INV_X1M_A6P5PP140ZTS_C35)                                0.02      0.02       0.12 r
  n6095 (net)                                   1         0.00                0.00       0.12 r
  U2626/Y (OA21B_X3M_A6P5PP140ZTS_C35)                              0.01      0.02       0.15 r
  n1089 (net)                                   1         0.00                0.00       0.15 r
  U2050/Y (NAND2_X2M_A6P5PP140ZTS_C35)                              0.02      0.01       0.16 f
  n1088 (net)                                   1         0.00                0.00       0.16 f
  U2621/Y (AOI21_X3M_A6P5PP140ZTS_C35)                              0.03      0.02       0.18 r
  n6111 (net)                                   2         0.00                0.00       0.18 r
  U2620/Y (INV_X2P5M_A6P5PP140ZTS_C35)                              0.01      0.01       0.20 f
  n6110 (net)                                   1         0.00                0.00       0.20 f
  U1967/Y (INV_X7M_A6P5PP140ZTS_C35)                                0.02      0.02       0.21 r
  n8100 (net)                                   7         0.01                0.00       0.21 r
  U9283/Y (MXIT2_X3M_A6P5PP140ZTS_C35)                              0.03      0.02       0.23 r
  n6485 (net)                                   4         0.00                0.00       0.23 r
  U9557/Y (MXIT2_X2M_A6P5PP140ZTS_C35)                              0.03      0.03       0.26 f
  n6520 (net)                                   2         0.00                0.00       0.26 f
  U2963/Y (MXIT2_X3M_A6P5PP140ZTS_C35)                              0.02      0.03       0.29 r
  n6487 (net)                                   1         0.00                0.00       0.29 r
  U2964/Y (OAI21_X3M_A6P5PP140ZTS_C35)                              0.02      0.02       0.31 f
  n6534 (net)                                   2         0.00                0.00       0.31 f
  U3735/Y (AOI22_X4M_A6P5PP140ZTS_C35)                              0.03      0.03       0.33 r
  n11721 (net)                                  3         0.00                0.00       0.33 r
  U3736/Y (XNOR2_X1M_A6P5PP140ZTS_C35)                              0.05      0.03       0.36 f
  n6544 (net)                                   2         0.00                0.00       0.36 f
  U9600/Y (NAND2_X1M_A6P5PP140ZTS_C35)                              0.04      0.04       0.40 r
  n6586 (net)                                   3         0.00                0.00       0.40 r
  U3754/Y (INV_X1M_A6P5PP140ZTS_C35)                                0.02      0.02       0.42 f
  n6547 (net)                                   1         0.00                0.00       0.42 f
  U5574/Y (AOI21_X3M_A6P5PP140ZTS_C35)                              0.03      0.03       0.45 r
  n6600 (net)                                   4         0.00                0.00       0.45 r
  U9641/Y (INV_X1M_A6P5PP140ZTS_C35)                                0.02      0.02       0.46 f
  n6604 (net)                                   1         0.00                0.00       0.46 f
  U3739/Y (AOI21_X2M_A6P5PP140ZTS_C35)                              0.02      0.02       0.48 r
  n6605 (net)                                   1         0.00                0.00       0.48 r
  U1524/Y (OAI21_X2M_A6P5PP140ZTS_C35)                              0.02      0.02       0.50 f
  n6608 (net)                                   1         0.00                0.00       0.50 f
  U5717/Y (XNOR2_X4M_A6P5PP140ZTS_C35)                              0.03      0.03       0.53 f
  n12034 (net)                                  7         0.00                0.00       0.53 f
  U3740/Y (AOI22_X3M_A6P5PP140ZTS_C35)                              0.03      0.03       0.56 r
  n6624 (net)                                   2         0.00                0.00       0.56 r
  U4180/Y (NAND2_X3M_A6P5PP140ZTS_C35)                              0.02      0.01       0.58 f
  n1557 (net)                                   1         0.00                0.00       0.58 f
  U4179/Y (INV_X3M_A6P5PP140ZTS_C35)                                0.01      0.01       0.59 r
  n1556 (net)                                   1         0.00                0.00       0.59 r
  U1413/Y (NAND2_X3M_A6P5PP140ZTS_C35)                              0.02      0.02       0.60 f
  n6629 (net)                                   3         0.00                0.00       0.60 f
  U5496/Y (NOR2_X3TA_A6P5PP140ZTS_C35)                              0.02      0.02       0.62 r
  n6636 (net)                                   2         0.00                0.00       0.62 r
  U2407/Y (XNOR2_X2M_A6P5PP140ZTS_C35)                              0.03      0.02       0.65 r
  n6637 (net)                                   1         0.00                0.00       0.65 r
  U2980/Y (NOR2_X2TA_A6P5PP140ZTS_C35)                              0.02      0.01       0.66 f
  n1553 (net)                                   2         0.00                0.00       0.66 f
  U4176/Y (XNOR2_X2M_A6P5PP140ZTS_C35)                              0.04      0.03       0.69 f
  n6642 (net)                                   2         0.00                0.00       0.69 f
  U3583/Y (NOR2_X2A_A6P5PP140ZTS_C35)                               0.02      0.03       0.72 r
  n6665 (net)                                   3         0.00                0.00       0.72 r
  U2421/Y (NOR2_X1A_A6P5PP140ZTS_C35)                               0.02      0.02       0.73 f
  n6646 (net)                                   1         0.00                0.00       0.73 f
  U4183/Y (AOI21_X3M_A6P5PP140ZTS_C35)                              0.03      0.03       0.76 r
  n6691 (net)                                   4         0.00                0.00       0.76 r
  U2224/Y (OAI21_X1M_A6P5PP140ZTS_C35)                              0.03      0.03       0.79 f
  n6657 (net)                                   1         0.00                0.00       0.79 f
  U3608/Y (XOR2_X2M_A6P5PP140ZTS_C35)                               0.03      0.04       0.82 f
  n8179 (net)                                   2         0.00                0.00       0.82 f
  U2959/Y (NAND3_X2TA_A6P5PP140ZTS_C35)                             0.02      0.02       0.84 r
  n6695 (net)                                   1         0.00                0.00       0.84 r
  U5732/Y (NAND2_X3TA_A6P5PP140ZTS_C35)                             0.02      0.02       0.86 f
  n11861 (net)                                  4         0.00                0.00       0.86 f
  U3378/Y (NAND2_X3TA_A6P5PP140ZTS_C35)                             0.01      0.01       0.87 r
  n9780 (net)                                   2         0.00                0.00       0.87 r
  U2373/Y (NAND2_X1M_A6P5PP140ZTS_C35)                              0.02      0.02       0.89 f
  u_dut/u_bf16_accum/N57 (net)                  2         0.00                0.00       0.89 f
  U2370/Y (NOR2_X1A_A6P5PP140ZTS_C35)                               0.02      0.02       0.91 r
  n1015 (net)                                   1         0.00                0.00       0.91 r
  U2369/Y (INV_X1M_A6P5PP140ZTS_C35)                                0.01      0.01       0.91 f
  u_dut/u_bf16_accum/N55 (net)                  1         0.00                0.00       0.91 f
  u_dut/u_bf16_accum/status_q1_reg[1][5]/D (DFFRPQNA_X1M_A6P5PP140ZTS_C35)
                                                                    0.01      0.00       0.91 f
  data arrival time                                                                      0.91

  clock clk (rise edge)                                                       1.00       1.00
  clock network delay (ideal)                                                 0.00       1.00
  clock uncertainty                                                          -0.05       0.95
  u_dut/u_bf16_accum/status_q1_reg[1][5]/CK (DFFRPQNA_X1M_A6P5PP140ZTS_C35)
                                                                              0.00       0.95 r
  library setup time                                                         -0.04       0.91
  data required time                                                                     0.91
  ----------------------------------------------------------------------------------------------
  data required time                                                                     0.91
  data arrival time                                                                     -0.91
  ----------------------------------------------------------------------------------------------
  slack (MET)                                                                            0.00


  Startpoint: u_dut/u_bf16_accum/acc_o_reg[2][5]
              (rising edge-triggered flip-flop clocked by clk)
  Endpoint: u_dut/u_bf16_accum/acc_o_reg[2][0]
            (rising edge-triggered flip-flop clocked by clk)
  Path Group: clk
  Path Type: max

  Des/Clust/Port     Wire Load Model       Library
  ------------------------------------------------
  char_top           Zero                  sc6p5mcpp140z_cln22ul_base_svt_c35_tt_typical_max_0p80v_25c

  Point                                       Fanout       Cap     Trans      Incr       Path
  ----------------------------------------------------------------------------------------------
  clock clk (rise edge)                                                       0.00       0.00
  clock network delay (ideal)                                                 0.00       0.00
  u_dut/u_bf16_accum/acc_o_reg[2][5]/CK (DFFRPQNA_X2M_A6P5PP140ZTS_C35)
                                                                    0.00      0.00 #     0.00 r
  u_dut/u_bf16_accum/acc_o_reg[2][5]/QN (DFFRPQNA_X2M_A6P5PP140ZTS_C35)
                                                                    0.03      0.05       0.05 f
  n252 (net)                                    4         0.00                0.00       0.05 f
  U4619/Y (INV_X2P5M_A6P5PP140ZTS_C35)                              0.03      0.03       0.08 r
  bf16_acc_o[2][5] (net)                        3         0.01                0.00       0.08 r
  U2057/Y (OAI22_X1M_A6P5PP140ZTS_C35)                              0.03      0.03       0.11 f
  n1858 (net)                                   1         0.00                0.00       0.11 f
  U3894/Y (NOR2_X2TA_A6P5PP140ZTS_C35)                              0.02      0.02       0.13 r
  n4844 (net)                                   2         0.00                0.00       0.13 r
  U4617/Y (OAI21_X2M_A6P5PP140ZTS_C35)                              0.02      0.02       0.15 f
  n4847 (net)                                   1         0.00                0.00       0.15 f
  U5624/Y (OAI21_X2M_A6P5PP140ZTS_C35)                              0.02      0.02       0.17 r
  n4856 (net)                                   1         0.00                0.00       0.17 r
  U2379/Y (AOI21_X3M_A6P5PP140ZTS_C35)                              0.02      0.02       0.19 f
  n4978 (net)                                   2         0.00                0.00       0.19 f
  U1938/Y (BUF_X10M_A6P5PP140ZTS_C35)                               0.02      0.03       0.22 f
  n5037 (net)                                   9         0.01                0.00       0.22 f
  U8249/Y (MXIT2_X3M_A6P5PP140ZTS_C35)                              0.03      0.02       0.24 r
  n5027 (net)                                   3         0.00                0.00       0.24 r
  U8250/Y (INV_X1M_A6P5PP140ZTS_C35)                                0.02      0.02       0.25 f
  n5008 (net)                                   3         0.00                0.00       0.25 f
  U8294/Y (OA21B_X1M_A6P5PP140ZTS_C35)                              0.02      0.02       0.27 r
  n4895 (net)                                   1         0.00                0.00       0.27 r
  U8295/Y (NAND4_X1A_A6P5PP140ZTS_C35)                              0.03      0.02       0.29 f
  n4896 (net)                                   1         0.00                0.00       0.29 f
  U3918/Y (NOR3_X1TA_A6P5PP140ZTS_C35)                              0.02      0.02       0.31 r
  n4948 (net)                                   1         0.00                0.00       0.31 r
  U8325/Y (OAI21_X0P5M_A6P5PP140ZTS_C35)                            0.02      0.02       0.33 f
  n4949 (net)                                   1         0.00                0.00       0.33 f
  U1853/Y (NOR2_X1TA_A6P5PP140ZTS_C35)                              0.02      0.02       0.35 r
  n4971 (net)                                   1         0.00                0.00       0.35 r
  U8347/Y (NOR2_X2A_A6P5PP140ZTS_C35)                               0.02      0.01       0.37 f
  u_dut/u_bf16_accum/G_BF16_LANE[2].u_acc/U1/fr[0] (net)
                                                3         0.00                0.00       0.37 f
  U3924/Y (INV_X2M_A6P5PP140ZTS_C35)                                0.01      0.01       0.38 r
  n4981 (net)                                   2         0.00                0.00       0.38 r
  U8363/Y (NAND2_X2M_A6P5PP140ZTS_C35)                              0.03      0.02       0.40 f
  n5171 (net)                                   2         0.00                0.00       0.40 f
  U4116/Y (NOR2_X3TA_A6P5PP140ZTS_C35)                              0.02      0.02       0.42 r
  n5055 (net)                                   2         0.00                0.00       0.42 r
  U1565/Y (NAND2_X3M_A6P5PP140ZTS_C35)                              0.02      0.01       0.43 f
  n5050 (net)                                   2         0.00                0.00       0.43 f
  U4506/Y (OAI21_X3M_A6P5PP140ZTS_C35)                              0.03      0.03       0.46 r
  n5059 (net)                                   2         0.00                0.00       0.46 r
  U8410/Y (INV_X3M_A6P5PP140ZTS_C35)                                0.01      0.01       0.47 f
  n5075 (net)                                   3         0.00                0.00       0.47 f
  U4128/Y (OAI21_X2M_A6P5PP140ZTS_C35)                              0.02      0.02       0.49 r
  n5060 (net)                                   1         0.00                0.00       0.49 r
  U8411/Y (XNOR2_X3M_A6P5PP140ZTS_C35)                              0.03      0.04       0.53 r
  n5329 (net)                                   5         0.00                0.00       0.53 r
  U4130/Y (INV_X2M_A6P5PP140ZTS_C35)                                0.02      0.02       0.55 f
  n5308 (net)                                   3         0.00                0.00       0.55 f
  U5521/Y (OAI22BB_X2M_A6P5PP140ZTS_C35)                            0.02      0.02       0.57 r
  n5079 (net)                                   1         0.00                0.00       0.57 r
  U2443/Y (NOR2_X3A_A6P5PP140ZTS_C35)                               0.01      0.01       0.58 f
  n5328 (net)                                   2         0.00                0.00       0.58 f
  U2719/Y (NOR2_X4A_A6P5PP140ZTS_C35)                               0.02      0.02       0.60 r
  n5107 (net)                                   4         0.00                0.00       0.60 r
  U4625/Y (NOR2_X3A_A6P5PP140ZTS_C35)                               0.01      0.01       0.61 f
  n5103 (net)                                   2         0.00                0.00       0.61 f
  U4832/Y (XNOR2_X2M_A6P5PP140ZTS_C35)                              0.03      0.03       0.64 f
  n2001 (net)                                   1         0.00                0.00       0.64 f
  U3165/Y (NAND2_X3M_A6P5PP140ZTS_C35)                              0.02      0.02       0.66 r
  n1241 (net)                                   2         0.00                0.00       0.66 r
  U3163/Y (AND2_X4M_A6P5PP140ZTS_C35)                               0.01      0.02       0.68 r
  n5120 (net)                                   2         0.00                0.00       0.68 r
  U5412/Y (NOR2_X1P4M_A6P5PP140ZTS_C35)                             0.02      0.02       0.69 f
  n5153 (net)                                   3         0.00                0.00       0.69 f
  U3176/Y (NOR2_X1A_A6P5PP140ZTS_C35)                               0.04      0.04       0.73 r
  n5122 (net)                                   2         0.00                0.00       0.73 r
  U1241/Y (NAND3_X1TA_A6P5PP140ZTS_C35)                             0.02      0.02       0.75 f
  n1182 (net)                                   1         0.00                0.00       0.75 f
  U2925/Y (NAND3_X1TA_A6P5PP140ZTS_C35)                             0.02      0.02       0.77 r
  n5134 (net)                                   1         0.00                0.00       0.77 r
  U5553/Y (XNOR2_X0P5M_A6P5PP140ZTS_C35)                            0.04      0.04       0.80 r
  n5205 (net)                                   2         0.00                0.00       0.80 r
  U3467/Y (NOR2_X2A_A6P5PP140ZTS_C35)                               0.01      0.01       0.82 f
  n1531 (net)                                   1         0.00                0.00       0.82 f
  U2705/Y (NAND2_X1P4TA_A6P5PP140ZTS_C35)                           0.02      0.02       0.84 r
  n1168 (net)                                   2         0.00                0.00       0.84 r
  U2867/Y (NAND2_X3M_A6P5PP140ZTS_C35)                              0.02      0.01       0.85 f
  n12863 (net)                                  4         0.00                0.00       0.85 f
  U1132/Y (NOR2_X1A_A6P5PP140ZTS_C35)                               0.02      0.02       0.87 r
  n1859 (net)                                   1         0.00                0.00       0.87 r
  U4620/Y (INV_X2M_A6P5PP140ZTS_C35)                                0.02      0.02       0.89 f
  n11668 (net)                                  7         0.00                0.00       0.89 f
  U13827/Y (OAI211_X0P5M_A6P5PP140ZTS_C35)                          0.03      0.03       0.91 r
  n747 (net)                                    1         0.00                0.00       0.91 r
  u_dut/u_bf16_accum/acc_o_reg[2][0]/D (DFFRPQNA_X1M_A6P5PP140ZTS_C35)
                                                                    0.03      0.00       0.91 r
  data arrival time                                                                      0.91

  clock clk (rise edge)                                                       1.00       1.00
  clock network delay (ideal)                                                 0.00       1.00
  clock uncertainty                                                          -0.05       0.95
  u_dut/u_bf16_accum/acc_o_reg[2][0]/CK (DFFRPQNA_X1M_A6P5PP140ZTS_C35)       0.00       0.95 r
  library setup time                                                         -0.04       0.91
  data required time                                                                     0.91
  ----------------------------------------------------------------------------------------------
  data required time                                                                     0.91
  data arrival time                                                                     -0.91
  ----------------------------------------------------------------------------------------------
  slack (MET)                                                                            0.00


  Startpoint: u_dut/u_bf16_accum/acc_o_reg[2][5]
              (rising edge-triggered flip-flop clocked by clk)
  Endpoint: u_dut/u_bf16_accum/acc_o_reg[2][1]
            (rising edge-triggered flip-flop clocked by clk)
  Path Group: clk
  Path Type: max

  Des/Clust/Port     Wire Load Model       Library
  ------------------------------------------------
  char_top           Zero                  sc6p5mcpp140z_cln22ul_base_svt_c35_tt_typical_max_0p80v_25c

  Point                                       Fanout       Cap     Trans      Incr       Path
  ----------------------------------------------------------------------------------------------
  clock clk (rise edge)                                                       0.00       0.00
  clock network delay (ideal)                                                 0.00       0.00
  u_dut/u_bf16_accum/acc_o_reg[2][5]/CK (DFFRPQNA_X2M_A6P5PP140ZTS_C35)
                                                                    0.00      0.00 #     0.00 r
  u_dut/u_bf16_accum/acc_o_reg[2][5]/QN (DFFRPQNA_X2M_A6P5PP140ZTS_C35)
                                                                    0.03      0.05       0.05 f
  n252 (net)                                    4         0.00                0.00       0.05 f
  U4619/Y (INV_X2P5M_A6P5PP140ZTS_C35)                              0.03      0.03       0.08 r
  bf16_acc_o[2][5] (net)                        3         0.01                0.00       0.08 r
  U2057/Y (OAI22_X1M_A6P5PP140ZTS_C35)                              0.03      0.03       0.11 f
  n1858 (net)                                   1         0.00                0.00       0.11 f
  U3894/Y (NOR2_X2TA_A6P5PP140ZTS_C35)                              0.02      0.02       0.13 r
  n4844 (net)                                   2         0.00                0.00       0.13 r
  U4617/Y (OAI21_X2M_A6P5PP140ZTS_C35)                              0.02      0.02       0.15 f
  n4847 (net)                                   1         0.00                0.00       0.15 f
  U5624/Y (OAI21_X2M_A6P5PP140ZTS_C35)                              0.02      0.02       0.17 r
  n4856 (net)                                   1         0.00                0.00       0.17 r
  U2379/Y (AOI21_X3M_A6P5PP140ZTS_C35)                              0.02      0.02       0.19 f
  n4978 (net)                                   2         0.00                0.00       0.19 f
  U1938/Y (BUF_X10M_A6P5PP140ZTS_C35)                               0.02      0.03       0.22 f
  n5037 (net)                                   9         0.01                0.00       0.22 f
  U8249/Y (MXIT2_X3M_A6P5PP140ZTS_C35)                              0.03      0.02       0.24 r
  n5027 (net)                                   3         0.00                0.00       0.24 r
  U8250/Y (INV_X1M_A6P5PP140ZTS_C35)                                0.02      0.02       0.25 f
  n5008 (net)                                   3         0.00                0.00       0.25 f
  U8294/Y (OA21B_X1M_A6P5PP140ZTS_C35)                              0.02      0.02       0.27 r
  n4895 (net)                                   1         0.00                0.00       0.27 r
  U8295/Y (NAND4_X1A_A6P5PP140ZTS_C35)                              0.03      0.02       0.29 f
  n4896 (net)                                   1         0.00                0.00       0.29 f
  U3918/Y (NOR3_X1TA_A6P5PP140ZTS_C35)                              0.02      0.02       0.31 r
  n4948 (net)                                   1         0.00                0.00       0.31 r
  U8325/Y (OAI21_X0P5M_A6P5PP140ZTS_C35)                            0.02      0.02       0.33 f
  n4949 (net)                                   1         0.00                0.00       0.33 f
  U1853/Y (NOR2_X1TA_A6P5PP140ZTS_C35)                              0.02      0.02       0.35 r
  n4971 (net)                                   1         0.00                0.00       0.35 r
  U8347/Y (NOR2_X2A_A6P5PP140ZTS_C35)                               0.02      0.01       0.37 f
  u_dut/u_bf16_accum/G_BF16_LANE[2].u_acc/U1/fr[0] (net)
                                                3         0.00                0.00       0.37 f
  U3924/Y (INV_X2M_A6P5PP140ZTS_C35)                                0.01      0.01       0.38 r
  n4981 (net)                                   2         0.00                0.00       0.38 r
  U8363/Y (NAND2_X2M_A6P5PP140ZTS_C35)                              0.03      0.02       0.40 f
  n5171 (net)                                   2         0.00                0.00       0.40 f
  U4116/Y (NOR2_X3TA_A6P5PP140ZTS_C35)                              0.02      0.02       0.42 r
  n5055 (net)                                   2         0.00                0.00       0.42 r
  U1565/Y (NAND2_X3M_A6P5PP140ZTS_C35)                              0.02      0.01       0.43 f
  n5050 (net)                                   2         0.00                0.00       0.43 f
  U4506/Y (OAI21_X3M_A6P5PP140ZTS_C35)                              0.03      0.03       0.46 r
  n5059 (net)                                   2         0.00                0.00       0.46 r
  U8410/Y (INV_X3M_A6P5PP140ZTS_C35)                                0.01      0.01       0.47 f
  n5075 (net)                                   3         0.00                0.00       0.47 f
  U4128/Y (OAI21_X2M_A6P5PP140ZTS_C35)                              0.02      0.02       0.49 r
  n5060 (net)                                   1         0.00                0.00       0.49 r
  U8411/Y (XNOR2_X3M_A6P5PP140ZTS_C35)                              0.03      0.04       0.53 r
  n5329 (net)                                   5         0.00                0.00       0.53 r
  U4130/Y (INV_X2M_A6P5PP140ZTS_C35)                                0.02      0.02       0.55 f
  n5308 (net)                                   3         0.00                0.00       0.55 f
  U5521/Y (OAI22BB_X2M_A6P5PP140ZTS_C35)                            0.02      0.02       0.57 r
  n5079 (net)                                   1         0.00                0.00       0.57 r
  U2443/Y (NOR2_X3A_A6P5PP140ZTS_C35)                               0.01      0.01       0.58 f
  n5328 (net)                                   2         0.00                0.00       0.58 f
  U2719/Y (NOR2_X4A_A6P5PP140ZTS_C35)                               0.02      0.02       0.60 r
  n5107 (net)                                   4         0.00                0.00       0.60 r
  U4625/Y (NOR2_X3A_A6P5PP140ZTS_C35)                               0.01      0.01       0.61 f
  n5103 (net)                                   2         0.00                0.00       0.61 f
  U4832/Y (XNOR2_X2M_A6P5PP140ZTS_C35)                              0.03      0.03       0.64 f
  n2001 (net)                                   1         0.00                0.00       0.64 f
  U3165/Y (NAND2_X3M_A6P5PP140ZTS_C35)                              0.02      0.02       0.66 r
  n1241 (net)                                   2         0.00                0.00       0.66 r
  U3163/Y (AND2_X4M_A6P5PP140ZTS_C35)                               0.01      0.02       0.68 r
  n5120 (net)                                   2         0.00                0.00       0.68 r
  U5412/Y (NOR2_X1P4M_A6P5PP140ZTS_C35)                             0.02      0.02       0.69 f
  n5153 (net)                                   3         0.00                0.00       0.69 f
  U3176/Y (NOR2_X1A_A6P5PP140ZTS_C35)                               0.04      0.04       0.73 r
  n5122 (net)                                   2         0.00                0.00       0.73 r
  U1241/Y (NAND3_X1TA_A6P5PP140ZTS_C35)                             0.02      0.02       0.75 f
  n1182 (net)                                   1         0.00                0.00       0.75 f
  U2925/Y (NAND3_X1TA_A6P5PP140ZTS_C35)                             0.02      0.02       0.77 r
  n5134 (net)                                   1         0.00                0.00       0.77 r
  U5553/Y (XNOR2_X0P5M_A6P5PP140ZTS_C35)                            0.04      0.04       0.80 r
  n5205 (net)                                   2         0.00                0.00       0.80 r
  U3467/Y (NOR2_X2A_A6P5PP140ZTS_C35)                               0.01      0.01       0.82 f
  n1531 (net)                                   1         0.00                0.00       0.82 f
  U2705/Y (NAND2_X1P4TA_A6P5PP140ZTS_C35)                           0.02      0.02       0.84 r
  n1168 (net)                                   2         0.00                0.00       0.84 r
  U2867/Y (NAND2_X3M_A6P5PP140ZTS_C35)                              0.02      0.01       0.85 f
  n12863 (net)                                  4         0.00                0.00       0.85 f
  U1132/Y (NOR2_X1A_A6P5PP140ZTS_C35)                               0.02      0.02       0.87 r
  n1859 (net)                                   1         0.00                0.00       0.87 r
  U4620/Y (INV_X2M_A6P5PP140ZTS_C35)                                0.02      0.02       0.89 f
  n11668 (net)                                  7         0.00                0.00       0.89 f
  U13824/Y (OAI211_X0P5M_A6P5PP140ZTS_C35)                          0.03      0.03       0.91 r
  n746 (net)                                    1         0.00                0.00       0.91 r
  u_dut/u_bf16_accum/acc_o_reg[2][1]/D (DFFRPQNA_X1M_A6P5PP140ZTS_C35)
                                                                    0.03      0.00       0.91 r
  data arrival time                                                                      0.91

  clock clk (rise edge)                                                       1.00       1.00
  clock network delay (ideal)                                                 0.00       1.00
  clock uncertainty                                                          -0.05       0.95
  u_dut/u_bf16_accum/acc_o_reg[2][1]/CK (DFFRPQNA_X1M_A6P5PP140ZTS_C35)       0.00       0.95 r
  library setup time                                                         -0.04       0.91
  data required time                                                                     0.91
  ----------------------------------------------------------------------------------------------
  data required time                                                                     0.91
  data arrival time                                                                     -0.91
  ----------------------------------------------------------------------------------------------
  slack (MET)                                                                            0.00


  Startpoint: u_dut/u_bf16_accum/acc_o_reg[2][5]
              (rising edge-triggered flip-flop clocked by clk)
  Endpoint: u_dut/u_bf16_accum/acc_o_reg[2][2]
            (rising edge-triggered flip-flop clocked by clk)
  Path Group: clk
  Path Type: max

  Des/Clust/Port     Wire Load Model       Library
  ------------------------------------------------
  char_top           Zero                  sc6p5mcpp140z_cln22ul_base_svt_c35_tt_typical_max_0p80v_25c

  Point                                       Fanout       Cap     Trans      Incr       Path
  ----------------------------------------------------------------------------------------------
  clock clk (rise edge)                                                       0.00       0.00
  clock network delay (ideal)                                                 0.00       0.00
  u_dut/u_bf16_accum/acc_o_reg[2][5]/CK (DFFRPQNA_X2M_A6P5PP140ZTS_C35)
                                                                    0.00      0.00 #     0.00 r
  u_dut/u_bf16_accum/acc_o_reg[2][5]/QN (DFFRPQNA_X2M_A6P5PP140ZTS_C35)
                                                                    0.03      0.05       0.05 f
  n252 (net)                                    4         0.00                0.00       0.05 f
  U4619/Y (INV_X2P5M_A6P5PP140ZTS_C35)                              0.03      0.03       0.08 r
  bf16_acc_o[2][5] (net)                        3         0.01                0.00       0.08 r
  U2057/Y (OAI22_X1M_A6P5PP140ZTS_C35)                              0.03      0.03       0.11 f
  n1858 (net)                                   1         0.00                0.00       0.11 f
  U3894/Y (NOR2_X2TA_A6P5PP140ZTS_C35)                              0.02      0.02       0.13 r
  n4844 (net)                                   2         0.00                0.00       0.13 r
  U4617/Y (OAI21_X2M_A6P5PP140ZTS_C35)                              0.02      0.02       0.15 f
  n4847 (net)                                   1         0.00                0.00       0.15 f
  U5624/Y (OAI21_X2M_A6P5PP140ZTS_C35)                              0.02      0.02       0.17 r
  n4856 (net)                                   1         0.00                0.00       0.17 r
  U2379/Y (AOI21_X3M_A6P5PP140ZTS_C35)                              0.02      0.02       0.19 f
  n4978 (net)                                   2         0.00                0.00       0.19 f
  U1938/Y (BUF_X10M_A6P5PP140ZTS_C35)                               0.02      0.03       0.22 f
  n5037 (net)                                   9         0.01                0.00       0.22 f
  U8249/Y (MXIT2_X3M_A6P5PP140ZTS_C35)                              0.03      0.02       0.24 r
  n5027 (net)                                   3         0.00                0.00       0.24 r
  U8250/Y (INV_X1M_A6P5PP140ZTS_C35)                                0.02      0.02       0.25 f
  n5008 (net)                                   3         0.00                0.00       0.25 f
  U8294/Y (OA21B_X1M_A6P5PP140ZTS_C35)                              0.02      0.02       0.27 r
  n4895 (net)                                   1         0.00                0.00       0.27 r
  U8295/Y (NAND4_X1A_A6P5PP140ZTS_C35)                              0.03      0.02       0.29 f
  n4896 (net)                                   1         0.00                0.00       0.29 f
  U3918/Y (NOR3_X1TA_A6P5PP140ZTS_C35)                              0.02      0.02       0.31 r
  n4948 (net)                                   1         0.00                0.00       0.31 r
  U8325/Y (OAI21_X0P5M_A6P5PP140ZTS_C35)                            0.02      0.02       0.33 f
  n4949 (net)                                   1         0.00                0.00       0.33 f
  U1853/Y (NOR2_X1TA_A6P5PP140ZTS_C35)                              0.02      0.02       0.35 r
  n4971 (net)                                   1         0.00                0.00       0.35 r
  U8347/Y (NOR2_X2A_A6P5PP140ZTS_C35)                               0.02      0.01       0.37 f
  u_dut/u_bf16_accum/G_BF16_LANE[2].u_acc/U1/fr[0] (net)
                                                3         0.00                0.00       0.37 f
  U3924/Y (INV_X2M_A6P5PP140ZTS_C35)                                0.01      0.01       0.38 r
  n4981 (net)                                   2         0.00                0.00       0.38 r
  U8363/Y (NAND2_X2M_A6P5PP140ZTS_C35)                              0.03      0.02       0.40 f
  n5171 (net)                                   2         0.00                0.00       0.40 f
  U4116/Y (NOR2_X3TA_A6P5PP140ZTS_C35)                              0.02      0.02       0.42 r
  n5055 (net)                                   2         0.00                0.00       0.42 r
  U1565/Y (NAND2_X3M_A6P5PP140ZTS_C35)                              0.02      0.01       0.43 f
  n5050 (net)                                   2         0.00                0.00       0.43 f
  U4506/Y (OAI21_X3M_A6P5PP140ZTS_C35)                              0.03      0.03       0.46 r
  n5059 (net)                                   2         0.00                0.00       0.46 r
  U8410/Y (INV_X3M_A6P5PP140ZTS_C35)                                0.01      0.01       0.47 f
  n5075 (net)                                   3         0.00                0.00       0.47 f
  U4128/Y (OAI21_X2M_A6P5PP140ZTS_C35)                              0.02      0.02       0.49 r
  n5060 (net)                                   1         0.00                0.00       0.49 r
  U8411/Y (XNOR2_X3M_A6P5PP140ZTS_C35)                              0.03      0.04       0.53 r
  n5329 (net)                                   5         0.00                0.00       0.53 r
  U4130/Y (INV_X2M_A6P5PP140ZTS_C35)                                0.02      0.02       0.55 f
  n5308 (net)                                   3         0.00                0.00       0.55 f
  U5521/Y (OAI22BB_X2M_A6P5PP140ZTS_C35)                            0.02      0.02       0.57 r
  n5079 (net)                                   1         0.00                0.00       0.57 r
  U2443/Y (NOR2_X3A_A6P5PP140ZTS_C35)                               0.01      0.01       0.58 f
  n5328 (net)                                   2         0.00                0.00       0.58 f
  U2719/Y (NOR2_X4A_A6P5PP140ZTS_C35)                               0.02      0.02       0.60 r
  n5107 (net)                                   4         0.00                0.00       0.60 r
  U4625/Y (NOR2_X3A_A6P5PP140ZTS_C35)                               0.01      0.01       0.61 f
  n5103 (net)                                   2         0.00                0.00       0.61 f
  U4832/Y (XNOR2_X2M_A6P5PP140ZTS_C35)                              0.03      0.03       0.64 f
  n2001 (net)                                   1         0.00                0.00       0.64 f
  U3165/Y (NAND2_X3M_A6P5PP140ZTS_C35)                              0.02      0.02       0.66 r
  n1241 (net)                                   2         0.00                0.00       0.66 r
  U3163/Y (AND2_X4M_A6P5PP140ZTS_C35)                               0.01      0.02       0.68 r
  n5120 (net)                                   2         0.00                0.00       0.68 r
  U5412/Y (NOR2_X1P4M_A6P5PP140ZTS_C35)                             0.02      0.02       0.69 f
  n5153 (net)                                   3         0.00                0.00       0.69 f
  U3176/Y (NOR2_X1A_A6P5PP140ZTS_C35)                               0.04      0.04       0.73 r
  n5122 (net)                                   2         0.00                0.00       0.73 r
  U1241/Y (NAND3_X1TA_A6P5PP140ZTS_C35)                             0.02      0.02       0.75 f
  n1182 (net)                                   1         0.00                0.00       0.75 f
  U2925/Y (NAND3_X1TA_A6P5PP140ZTS_C35)                             0.02      0.02       0.77 r
  n5134 (net)                                   1         0.00                0.00       0.77 r
  U5553/Y (XNOR2_X0P5M_A6P5PP140ZTS_C35)                            0.04      0.04       0.80 r
  n5205 (net)                                   2         0.00                0.00       0.80 r
  U3467/Y (NOR2_X2A_A6P5PP140ZTS_C35)                               0.01      0.01       0.82 f
  n1531 (net)                                   1         0.00                0.00       0.82 f
  U2705/Y (NAND2_X1P4TA_A6P5PP140ZTS_C35)                           0.02      0.02       0.84 r
  n1168 (net)                                   2         0.00                0.00       0.84 r
  U2867/Y (NAND2_X3M_A6P5PP140ZTS_C35)                              0.02      0.01       0.85 f
  n12863 (net)                                  4         0.00                0.00       0.85 f
  U1132/Y (NOR2_X1A_A6P5PP140ZTS_C35)                               0.02      0.02       0.87 r
  n1859 (net)                                   1         0.00                0.00       0.87 r
  U4620/Y (INV_X2M_A6P5PP140ZTS_C35)                                0.02      0.02       0.89 f
  n11668 (net)                                  7         0.00                0.00       0.89 f
  U13821/Y (OAI211_X0P5M_A6P5PP140ZTS_C35)                          0.03      0.03       0.91 r
  n745 (net)                                    1         0.00                0.00       0.91 r
  u_dut/u_bf16_accum/acc_o_reg[2][2]/D (DFFRPQNA_X1M_A6P5PP140ZTS_C35)
                                                                    0.03      0.00       0.91 r
  data arrival time                                                                      0.91

  clock clk (rise edge)                                                       1.00       1.00
  clock network delay (ideal)                                                 0.00       1.00
  clock uncertainty                                                          -0.05       0.95
  u_dut/u_bf16_accum/acc_o_reg[2][2]/CK (DFFRPQNA_X1M_A6P5PP140ZTS_C35)       0.00       0.95 r
  library setup time                                                         -0.04       0.91
  data required time                                                                     0.91
  ----------------------------------------------------------------------------------------------
  data required time                                                                     0.91
  data arrival time                                                                     -0.91
  ----------------------------------------------------------------------------------------------
  slack (MET)                                                                            0.00


  Startpoint: u_dut/u_bf16_accum/acc_o_reg[2][5]
              (rising edge-triggered flip-flop clocked by clk)
  Endpoint: u_dut/u_bf16_accum/acc_o_reg[2][3]
            (rising edge-triggered flip-flop clocked by clk)
  Path Group: clk
  Path Type: max

  Des/Clust/Port     Wire Load Model       Library
  ------------------------------------------------
  char_top           Zero                  sc6p5mcpp140z_cln22ul_base_svt_c35_tt_typical_max_0p80v_25c

  Point                                       Fanout       Cap     Trans      Incr       Path
  ----------------------------------------------------------------------------------------------
  clock clk (rise edge)                                                       0.00       0.00
  clock network delay (ideal)                                                 0.00       0.00
  u_dut/u_bf16_accum/acc_o_reg[2][5]/CK (DFFRPQNA_X2M_A6P5PP140ZTS_C35)
                                                                    0.00      0.00 #     0.00 r
  u_dut/u_bf16_accum/acc_o_reg[2][5]/QN (DFFRPQNA_X2M_A6P5PP140ZTS_C35)
                                                                    0.03      0.05       0.05 f
  n252 (net)                                    4         0.00                0.00       0.05 f
  U4619/Y (INV_X2P5M_A6P5PP140ZTS_C35)                              0.03      0.03       0.08 r
  bf16_acc_o[2][5] (net)                        3         0.01                0.00       0.08 r
  U2057/Y (OAI22_X1M_A6P5PP140ZTS_C35)                              0.03      0.03       0.11 f
  n1858 (net)                                   1         0.00                0.00       0.11 f
  U3894/Y (NOR2_X2TA_A6P5PP140ZTS_C35)                              0.02      0.02       0.13 r
  n4844 (net)                                   2         0.00                0.00       0.13 r
  U4617/Y (OAI21_X2M_A6P5PP140ZTS_C35)                              0.02      0.02       0.15 f
  n4847 (net)                                   1         0.00                0.00       0.15 f
  U5624/Y (OAI21_X2M_A6P5PP140ZTS_C35)                              0.02      0.02       0.17 r
  n4856 (net)                                   1         0.00                0.00       0.17 r
  U2379/Y (AOI21_X3M_A6P5PP140ZTS_C35)                              0.02      0.02       0.19 f
  n4978 (net)                                   2         0.00                0.00       0.19 f
  U1938/Y (BUF_X10M_A6P5PP140ZTS_C35)                               0.02      0.03       0.22 f
  n5037 (net)                                   9         0.01                0.00       0.22 f
  U8249/Y (MXIT2_X3M_A6P5PP140ZTS_C35)                              0.03      0.02       0.24 r
  n5027 (net)                                   3         0.00                0.00       0.24 r
  U8250/Y (INV_X1M_A6P5PP140ZTS_C35)                                0.02      0.02       0.25 f
  n5008 (net)                                   3         0.00                0.00       0.25 f
  U8294/Y (OA21B_X1M_A6P5PP140ZTS_C35)                              0.02      0.02       0.27 r
  n4895 (net)                                   1         0.00                0.00       0.27 r
  U8295/Y (NAND4_X1A_A6P5PP140ZTS_C35)                              0.03      0.02       0.29 f
  n4896 (net)                                   1         0.00                0.00       0.29 f
  U3918/Y (NOR3_X1TA_A6P5PP140ZTS_C35)                              0.02      0.02       0.31 r
  n4948 (net)                                   1         0.00                0.00       0.31 r
  U8325/Y (OAI21_X0P5M_A6P5PP140ZTS_C35)                            0.02      0.02       0.33 f
  n4949 (net)                                   1         0.00                0.00       0.33 f
  U1853/Y (NOR2_X1TA_A6P5PP140ZTS_C35)                              0.02      0.02       0.35 r
  n4971 (net)                                   1         0.00                0.00       0.35 r
  U8347/Y (NOR2_X2A_A6P5PP140ZTS_C35)                               0.02      0.01       0.37 f
  u_dut/u_bf16_accum/G_BF16_LANE[2].u_acc/U1/fr[0] (net)
                                                3         0.00                0.00       0.37 f
  U3924/Y (INV_X2M_A6P5PP140ZTS_C35)                                0.01      0.01       0.38 r
  n4981 (net)                                   2         0.00                0.00       0.38 r
  U8363/Y (NAND2_X2M_A6P5PP140ZTS_C35)                              0.03      0.02       0.40 f
  n5171 (net)                                   2         0.00                0.00       0.40 f
  U4116/Y (NOR2_X3TA_A6P5PP140ZTS_C35)                              0.02      0.02       0.42 r
  n5055 (net)                                   2         0.00                0.00       0.42 r
  U1565/Y (NAND2_X3M_A6P5PP140ZTS_C35)                              0.02      0.01       0.43 f
  n5050 (net)                                   2         0.00                0.00       0.43 f
  U4506/Y (OAI21_X3M_A6P5PP140ZTS_C35)                              0.03      0.03       0.46 r
  n5059 (net)                                   2         0.00                0.00       0.46 r
  U8410/Y (INV_X3M_A6P5PP140ZTS_C35)                                0.01      0.01       0.47 f
  n5075 (net)                                   3         0.00                0.00       0.47 f
  U4128/Y (OAI21_X2M_A6P5PP140ZTS_C35)                              0.02      0.02       0.49 r
  n5060 (net)                                   1         0.00                0.00       0.49 r
  U8411/Y (XNOR2_X3M_A6P5PP140ZTS_C35)                              0.03      0.04       0.53 r
  n5329 (net)                                   5         0.00                0.00       0.53 r
  U4130/Y (INV_X2M_A6P5PP140ZTS_C35)                                0.02      0.02       0.55 f
  n5308 (net)                                   3         0.00                0.00       0.55 f
  U5521/Y (OAI22BB_X2M_A6P5PP140ZTS_C35)                            0.02      0.02       0.57 r
  n5079 (net)                                   1         0.00                0.00       0.57 r
  U2443/Y (NOR2_X3A_A6P5PP140ZTS_C35)                               0.01      0.01       0.58 f
  n5328 (net)                                   2         0.00                0.00       0.58 f
  U2719/Y (NOR2_X4A_A6P5PP140ZTS_C35)                               0.02      0.02       0.60 r
  n5107 (net)                                   4         0.00                0.00       0.60 r
  U4625/Y (NOR2_X3A_A6P5PP140ZTS_C35)                               0.01      0.01       0.61 f
  n5103 (net)                                   2         0.00                0.00       0.61 f
  U4832/Y (XNOR2_X2M_A6P5PP140ZTS_C35)                              0.03      0.03       0.64 f
  n2001 (net)                                   1         0.00                0.00       0.64 f
  U3165/Y (NAND2_X3M_A6P5PP140ZTS_C35)                              0.02      0.02       0.66 r
  n1241 (net)                                   2         0.00                0.00       0.66 r
  U3163/Y (AND2_X4M_A6P5PP140ZTS_C35)                               0.01      0.02       0.68 r
  n5120 (net)                                   2         0.00                0.00       0.68 r
  U5412/Y (NOR2_X1P4M_A6P5PP140ZTS_C35)                             0.02      0.02       0.69 f
  n5153 (net)                                   3         0.00                0.00       0.69 f
  U3176/Y (NOR2_X1A_A6P5PP140ZTS_C35)                               0.04      0.04       0.73 r
  n5122 (net)                                   2         0.00                0.00       0.73 r
  U1241/Y (NAND3_X1TA_A6P5PP140ZTS_C35)                             0.02      0.02       0.75 f
  n1182 (net)                                   1         0.00                0.00       0.75 f
  U2925/Y (NAND3_X1TA_A6P5PP140ZTS_C35)                             0.02      0.02       0.77 r
  n5134 (net)                                   1         0.00                0.00       0.77 r
  U5553/Y (XNOR2_X0P5M_A6P5PP140ZTS_C35)                            0.04      0.04       0.80 r
  n5205 (net)                                   2         0.00                0.00       0.80 r
  U3467/Y (NOR2_X2A_A6P5PP140ZTS_C35)                               0.01      0.01       0.82 f
  n1531 (net)                                   1         0.00                0.00       0.82 f
  U2705/Y (NAND2_X1P4TA_A6P5PP140ZTS_C35)                           0.02      0.02       0.84 r
  n1168 (net)                                   2         0.00                0.00       0.84 r
  U2867/Y (NAND2_X3M_A6P5PP140ZTS_C35)                              0.02      0.01       0.85 f
  n12863 (net)                                  4         0.00                0.00       0.85 f
  U1132/Y (NOR2_X1A_A6P5PP140ZTS_C35)                               0.02      0.02       0.87 r
  n1859 (net)                                   1         0.00                0.00       0.87 r
  U4620/Y (INV_X2M_A6P5PP140ZTS_C35)                                0.02      0.02       0.89 f
  n11668 (net)                                  7         0.00                0.00       0.89 f
  U13817/Y (OAI211_X0P5M_A6P5PP140ZTS_C35)                          0.03      0.03       0.91 r
  n744 (net)                                    1         0.00                0.00       0.91 r
  u_dut/u_bf16_accum/acc_o_reg[2][3]/D (DFFRPQNA_X1M_A6P5PP140ZTS_C35)
                                                                    0.03      0.00       0.91 r
  data arrival time                                                                      0.91

  clock clk (rise edge)                                                       1.00       1.00
  clock network delay (ideal)                                                 0.00       1.00
  clock uncertainty                                                          -0.05       0.95
  u_dut/u_bf16_accum/acc_o_reg[2][3]/CK (DFFRPQNA_X1M_A6P5PP140ZTS_C35)       0.00       0.95 r
  library setup time                                                         -0.04       0.91
  data required time                                                                     0.91
  ----------------------------------------------------------------------------------------------
  data required time                                                                     0.91
  data arrival time                                                                     -0.91
  ----------------------------------------------------------------------------------------------
  slack (MET)                                                                            0.00


  Startpoint: u_dut/u_bf16_accum/acc_o_reg[2][5]
              (rising edge-triggered flip-flop clocked by clk)
  Endpoint: u_dut/u_bf16_accum/acc_o_reg[2][4]
            (rising edge-triggered flip-flop clocked by clk)
  Path Group: clk
  Path Type: max

  Des/Clust/Port     Wire Load Model       Library
  ------------------------------------------------
  char_top           Zero                  sc6p5mcpp140z_cln22ul_base_svt_c35_tt_typical_max_0p80v_25c

  Point                                       Fanout       Cap     Trans      Incr       Path
  ----------------------------------------------------------------------------------------------
  clock clk (rise edge)                                                       0.00       0.00
  clock network delay (ideal)                                                 0.00       0.00
  u_dut/u_bf16_accum/acc_o_reg[2][5]/CK (DFFRPQNA_X2M_A6P5PP140ZTS_C35)
                                                                    0.00      0.00 #     0.00 r
  u_dut/u_bf16_accum/acc_o_reg[2][5]/QN (DFFRPQNA_X2M_A6P5PP140ZTS_C35)
                                                                    0.03      0.05       0.05 f
  n252 (net)                                    4         0.00                0.00       0.05 f
  U4619/Y (INV_X2P5M_A6P5PP140ZTS_C35)                              0.03      0.03       0.08 r
  bf16_acc_o[2][5] (net)                        3         0.01                0.00       0.08 r
  U2057/Y (OAI22_X1M_A6P5PP140ZTS_C35)                              0.03      0.03       0.11 f
  n1858 (net)                                   1         0.00                0.00       0.11 f
  U3894/Y (NOR2_X2TA_A6P5PP140ZTS_C35)                              0.02      0.02       0.13 r
  n4844 (net)                                   2         0.00                0.00       0.13 r
  U4617/Y (OAI21_X2M_A6P5PP140ZTS_C35)                              0.02      0.02       0.15 f
  n4847 (net)                                   1         0.00                0.00       0.15 f
  U5624/Y (OAI21_X2M_A6P5PP140ZTS_C35)                              0.02      0.02       0.17 r
  n4856 (net)                                   1         0.00                0.00       0.17 r
  U2379/Y (AOI21_X3M_A6P5PP140ZTS_C35)                              0.02      0.02       0.19 f
  n4978 (net)                                   2         0.00                0.00       0.19 f
  U1938/Y (BUF_X10M_A6P5PP140ZTS_C35)                               0.02      0.03       0.22 f
  n5037 (net)                                   9         0.01                0.00       0.22 f
  U8249/Y (MXIT2_X3M_A6P5PP140ZTS_C35)                              0.03      0.02       0.24 r
  n5027 (net)                                   3         0.00                0.00       0.24 r
  U8250/Y (INV_X1M_A6P5PP140ZTS_C35)                                0.02      0.02       0.25 f
  n5008 (net)                                   3         0.00                0.00       0.25 f
  U8294/Y (OA21B_X1M_A6P5PP140ZTS_C35)                              0.02      0.02       0.27 r
  n4895 (net)                                   1         0.00                0.00       0.27 r
  U8295/Y (NAND4_X1A_A6P5PP140ZTS_C35)                              0.03      0.02       0.29 f
  n4896 (net)                                   1         0.00                0.00       0.29 f
  U3918/Y (NOR3_X1TA_A6P5PP140ZTS_C35)                              0.02      0.02       0.31 r
  n4948 (net)                                   1         0.00                0.00       0.31 r
  U8325/Y (OAI21_X0P5M_A6P5PP140ZTS_C35)                            0.02      0.02       0.33 f
  n4949 (net)                                   1         0.00                0.00       0.33 f
  U1853/Y (NOR2_X1TA_A6P5PP140ZTS_C35)                              0.02      0.02       0.35 r
  n4971 (net)                                   1         0.00                0.00       0.35 r
  U8347/Y (NOR2_X2A_A6P5PP140ZTS_C35)                               0.02      0.01       0.37 f
  u_dut/u_bf16_accum/G_BF16_LANE[2].u_acc/U1/fr[0] (net)
                                                3         0.00                0.00       0.37 f
  U3924/Y (INV_X2M_A6P5PP140ZTS_C35)                                0.01      0.01       0.38 r
  n4981 (net)                                   2         0.00                0.00       0.38 r
  U8363/Y (NAND2_X2M_A6P5PP140ZTS_C35)                              0.03      0.02       0.40 f
  n5171 (net)                                   2         0.00                0.00       0.40 f
  U4116/Y (NOR2_X3TA_A6P5PP140ZTS_C35)                              0.02      0.02       0.42 r
  n5055 (net)                                   2         0.00                0.00       0.42 r
  U1565/Y (NAND2_X3M_A6P5PP140ZTS_C35)                              0.02      0.01       0.43 f
  n5050 (net)                                   2         0.00                0.00       0.43 f
  U4506/Y (OAI21_X3M_A6P5PP140ZTS_C35)                              0.03      0.03       0.46 r
  n5059 (net)                                   2         0.00                0.00       0.46 r
  U8410/Y (INV_X3M_A6P5PP140ZTS_C35)                                0.01      0.01       0.47 f
  n5075 (net)                                   3         0.00                0.00       0.47 f
  U4128/Y (OAI21_X2M_A6P5PP140ZTS_C35)                              0.02      0.02       0.49 r
  n5060 (net)                                   1         0.00                0.00       0.49 r
  U8411/Y (XNOR2_X3M_A6P5PP140ZTS_C35)                              0.03      0.04       0.53 r
  n5329 (net)                                   5         0.00                0.00       0.53 r
  U4130/Y (INV_X2M_A6P5PP140ZTS_C35)                                0.02      0.02       0.55 f
  n5308 (net)                                   3         0.00                0.00       0.55 f
  U5521/Y (OAI22BB_X2M_A6P5PP140ZTS_C35)                            0.02      0.02       0.57 r
  n5079 (net)                                   1         0.00                0.00       0.57 r
  U2443/Y (NOR2_X3A_A6P5PP140ZTS_C35)                               0.01      0.01       0.58 f
  n5328 (net)                                   2         0.00                0.00       0.58 f
  U2719/Y (NOR2_X4A_A6P5PP140ZTS_C35)                               0.02      0.02       0.60 r
  n5107 (net)                                   4         0.00                0.00       0.60 r
  U4625/Y (NOR2_X3A_A6P5PP140ZTS_C35)                               0.01      0.01       0.61 f
  n5103 (net)                                   2         0.00                0.00       0.61 f
  U4832/Y (XNOR2_X2M_A6P5PP140ZTS_C35)                              0.03      0.03       0.64 f
  n2001 (net)                                   1         0.00                0.00       0.64 f
  U3165/Y (NAND2_X3M_A6P5PP140ZTS_C35)                              0.02      0.02       0.66 r
  n1241 (net)                                   2         0.00                0.00       0.66 r
  U3163/Y (AND2_X4M_A6P5PP140ZTS_C35)                               0.01      0.02       0.68 r
  n5120 (net)                                   2         0.00                0.00       0.68 r
  U5412/Y (NOR2_X1P4M_A6P5PP140ZTS_C35)                             0.02      0.02       0.69 f
  n5153 (net)                                   3         0.00                0.00       0.69 f
  U3176/Y (NOR2_X1A_A6P5PP140ZTS_C35)                               0.04      0.04       0.73 r
  n5122 (net)                                   2         0.00                0.00       0.73 r
  U1241/Y (NAND3_X1TA_A6P5PP140ZTS_C35)                             0.02      0.02       0.75 f
  n1182 (net)                                   1         0.00                0.00       0.75 f
  U2925/Y (NAND3_X1TA_A6P5PP140ZTS_C35)                             0.02      0.02       0.77 r
  n5134 (net)                                   1         0.00                0.00       0.77 r
  U5553/Y (XNOR2_X0P5M_A6P5PP140ZTS_C35)                            0.04      0.04       0.80 r
  n5205 (net)                                   2         0.00                0.00       0.80 r
  U3467/Y (NOR2_X2A_A6P5PP140ZTS_C35)                               0.01      0.01       0.82 f
  n1531 (net)                                   1         0.00                0.00       0.82 f
  U2705/Y (NAND2_X1P4TA_A6P5PP140ZTS_C35)                           0.02      0.02       0.84 r
  n1168 (net)                                   2         0.00                0.00       0.84 r
  U2867/Y (NAND2_X3M_A6P5PP140ZTS_C35)                              0.02      0.01       0.85 f
  n12863 (net)                                  4         0.00                0.00       0.85 f
  U1132/Y (NOR2_X1A_A6P5PP140ZTS_C35)                               0.02      0.02       0.87 r
  n1859 (net)                                   1         0.00                0.00       0.87 r
  U4620/Y (INV_X2M_A6P5PP140ZTS_C35)                                0.02      0.02       0.89 f
  n11668 (net)                                  7         0.00                0.00       0.89 f
  U13812/Y (OAI211_X0P5M_A6P5PP140ZTS_C35)                          0.03      0.03       0.91 r
  n743 (net)                                    1         0.00                0.00       0.91 r
  u_dut/u_bf16_accum/acc_o_reg[2][4]/D (DFFRPQNA_X1M_A6P5PP140ZTS_C35)
                                                                    0.03      0.00       0.91 r
  data arrival time                                                                      0.91

  clock clk (rise edge)                                                       1.00       1.00
  clock network delay (ideal)                                                 0.00       1.00
  clock uncertainty                                                          -0.05       0.95
  u_dut/u_bf16_accum/acc_o_reg[2][4]/CK (DFFRPQNA_X1M_A6P5PP140ZTS_C35)       0.00       0.95 r
  library setup time                                                         -0.04       0.91
  data required time                                                                     0.91
  ----------------------------------------------------------------------------------------------
  data required time                                                                     0.91
  data arrival time                                                                     -0.91
  ----------------------------------------------------------------------------------------------
  slack (MET)                                                                            0.00


  Startpoint: u_dut/u_bf16_accum/acc_o_reg[2][5]
              (rising edge-triggered flip-flop clocked by clk)
  Endpoint: u_dut/u_bf16_accum/acc_o_reg[2][6]
            (rising edge-triggered flip-flop clocked by clk)
  Path Group: clk
  Path Type: max

  Des/Clust/Port     Wire Load Model       Library
  ------------------------------------------------
  char_top           Zero                  sc6p5mcpp140z_cln22ul_base_svt_c35_tt_typical_max_0p80v_25c

  Point                                       Fanout       Cap     Trans      Incr       Path
  ----------------------------------------------------------------------------------------------
  clock clk (rise edge)                                                       0.00       0.00
  clock network delay (ideal)                                                 0.00       0.00
  u_dut/u_bf16_accum/acc_o_reg[2][5]/CK (DFFRPQNA_X2M_A6P5PP140ZTS_C35)
                                                                    0.00      0.00 #     0.00 r
  u_dut/u_bf16_accum/acc_o_reg[2][5]/QN (DFFRPQNA_X2M_A6P5PP140ZTS_C35)
                                                                    0.03      0.05       0.05 f
  n252 (net)                                    4         0.00                0.00       0.05 f
  U4619/Y (INV_X2P5M_A6P5PP140ZTS_C35)                              0.03      0.03       0.08 r
  bf16_acc_o[2][5] (net)                        3         0.01                0.00       0.08 r
  U2057/Y (OAI22_X1M_A6P5PP140ZTS_C35)                              0.03      0.03       0.11 f
  n1858 (net)                                   1         0.00                0.00       0.11 f
  U3894/Y (NOR2_X2TA_A6P5PP140ZTS_C35)                              0.02      0.02       0.13 r
  n4844 (net)                                   2         0.00                0.00       0.13 r
  U4617/Y (OAI21_X2M_A6P5PP140ZTS_C35)                              0.02      0.02       0.15 f
  n4847 (net)                                   1         0.00                0.00       0.15 f
  U5624/Y (OAI21_X2M_A6P5PP140ZTS_C35)                              0.02      0.02       0.17 r
  n4856 (net)                                   1         0.00                0.00       0.17 r
  U2379/Y (AOI21_X3M_A6P5PP140ZTS_C35)                              0.02      0.02       0.19 f
  n4978 (net)                                   2         0.00                0.00       0.19 f
  U1938/Y (BUF_X10M_A6P5PP140ZTS_C35)                               0.02      0.03       0.22 f
  n5037 (net)                                   9         0.01                0.00       0.22 f
  U8249/Y (MXIT2_X3M_A6P5PP140ZTS_C35)                              0.03      0.02       0.24 r
  n5027 (net)                                   3         0.00                0.00       0.24 r
  U8250/Y (INV_X1M_A6P5PP140ZTS_C35)                                0.02      0.02       0.25 f
  n5008 (net)                                   3         0.00                0.00       0.25 f
  U8294/Y (OA21B_X1M_A6P5PP140ZTS_C35)                              0.02      0.02       0.27 r
  n4895 (net)                                   1         0.00                0.00       0.27 r
  U8295/Y (NAND4_X1A_A6P5PP140ZTS_C35)                              0.03      0.02       0.29 f
  n4896 (net)                                   1         0.00                0.00       0.29 f
  U3918/Y (NOR3_X1TA_A6P5PP140ZTS_C35)                              0.02      0.02       0.31 r
  n4948 (net)                                   1         0.00                0.00       0.31 r
  U8325/Y (OAI21_X0P5M_A6P5PP140ZTS_C35)                            0.02      0.02       0.33 f
  n4949 (net)                                   1         0.00                0.00       0.33 f
  U1853/Y (NOR2_X1TA_A6P5PP140ZTS_C35)                              0.02      0.02       0.35 r
  n4971 (net)                                   1         0.00                0.00       0.35 r
  U8347/Y (NOR2_X2A_A6P5PP140ZTS_C35)                               0.02      0.01       0.37 f
  u_dut/u_bf16_accum/G_BF16_LANE[2].u_acc/U1/fr[0] (net)
                                                3         0.00                0.00       0.37 f
  U3924/Y (INV_X2M_A6P5PP140ZTS_C35)                                0.01      0.01       0.38 r
  n4981 (net)                                   2         0.00                0.00       0.38 r
  U8363/Y (NAND2_X2M_A6P5PP140ZTS_C35)                              0.03      0.02       0.40 f
  n5171 (net)                                   2         0.00                0.00       0.40 f
  U4116/Y (NOR2_X3TA_A6P5PP140ZTS_C35)                              0.02      0.02       0.42 r
  n5055 (net)                                   2         0.00                0.00       0.42 r
  U1565/Y (NAND2_X3M_A6P5PP140ZTS_C35)                              0.02      0.01       0.43 f
  n5050 (net)                                   2         0.00                0.00       0.43 f
  U4506/Y (OAI21_X3M_A6P5PP140ZTS_C35)                              0.03      0.03       0.46 r
  n5059 (net)                                   2         0.00                0.00       0.46 r
  U8410/Y (INV_X3M_A6P5PP140ZTS_C35)                                0.01      0.01       0.47 f
  n5075 (net)                                   3         0.00                0.00       0.47 f
  U4128/Y (OAI21_X2M_A6P5PP140ZTS_C35)                              0.02      0.02       0.49 r
  n5060 (net)                                   1         0.00                0.00       0.49 r
  U8411/Y (XNOR2_X3M_A6P5PP140ZTS_C35)                              0.03      0.04       0.53 r
  n5329 (net)                                   5         0.00                0.00       0.53 r
  U4130/Y (INV_X2M_A6P5PP140ZTS_C35)                                0.02      0.02       0.55 f
  n5308 (net)                                   3         0.00                0.00       0.55 f
  U5521/Y (OAI22BB_X2M_A6P5PP140ZTS_C35)                            0.02      0.02       0.57 r
  n5079 (net)                                   1         0.00                0.00       0.57 r
  U2443/Y (NOR2_X3A_A6P5PP140ZTS_C35)                               0.01      0.01       0.58 f
  n5328 (net)                                   2         0.00                0.00       0.58 f
  U2719/Y (NOR2_X4A_A6P5PP140ZTS_C35)                               0.02      0.02       0.60 r
  n5107 (net)                                   4         0.00                0.00       0.60 r
  U4625/Y (NOR2_X3A_A6P5PP140ZTS_C35)                               0.01      0.01       0.61 f
  n5103 (net)                                   2         0.00                0.00       0.61 f
  U4832/Y (XNOR2_X2M_A6P5PP140ZTS_C35)                              0.03      0.03       0.64 f
  n2001 (net)                                   1         0.00                0.00       0.64 f
  U3165/Y (NAND2_X3M_A6P5PP140ZTS_C35)                              0.02      0.02       0.66 r
  n1241 (net)                                   2         0.00                0.00       0.66 r
  U3163/Y (AND2_X4M_A6P5PP140ZTS_C35)                               0.01      0.02       0.68 r
  n5120 (net)                                   2         0.00                0.00       0.68 r
  U5412/Y (NOR2_X1P4M_A6P5PP140ZTS_C35)                             0.02      0.02       0.69 f
  n5153 (net)                                   3         0.00                0.00       0.69 f
  U3176/Y (NOR2_X1A_A6P5PP140ZTS_C35)                               0.04      0.04       0.73 r
  n5122 (net)                                   2         0.00                0.00       0.73 r
  U1241/Y (NAND3_X1TA_A6P5PP140ZTS_C35)                             0.02      0.02       0.75 f
  n1182 (net)                                   1         0.00                0.00       0.75 f
  U2925/Y (NAND3_X1TA_A6P5PP140ZTS_C35)                             0.02      0.02       0.77 r
  n5134 (net)                                   1         0.00                0.00       0.77 r
  U5553/Y (XNOR2_X0P5M_A6P5PP140ZTS_C35)                            0.04      0.04       0.80 r
  n5205 (net)                                   2         0.00                0.00       0.80 r
  U3467/Y (NOR2_X2A_A6P5PP140ZTS_C35)                               0.01      0.01       0.82 f
  n1531 (net)                                   1         0.00                0.00       0.82 f
  U2705/Y (NAND2_X1P4TA_A6P5PP140ZTS_C35)                           0.02      0.02       0.84 r
  n1168 (net)                                   2         0.00                0.00       0.84 r
  U2867/Y (NAND2_X3M_A6P5PP140ZTS_C35)                              0.02      0.01       0.85 f
  n12863 (net)                                  4         0.00                0.00       0.85 f
  U1132/Y (NOR2_X1A_A6P5PP140ZTS_C35)                               0.02      0.02       0.87 r
  n1859 (net)                                   1         0.00                0.00       0.87 r
  U4620/Y (INV_X2M_A6P5PP140ZTS_C35)                                0.02      0.02       0.89 f
  n11668 (net)                                  7         0.00                0.00       0.89 f
  U13809/Y (OAI211_X0P5M_A6P5PP140ZTS_C35)                          0.03      0.03       0.91 r
  n741 (net)                                    1         0.00                0.00       0.91 r
  u_dut/u_bf16_accum/acc_o_reg[2][6]/D (DFFRPQNA_X1M_A6P5PP140ZTS_C35)
                                                                    0.03      0.00       0.91 r
  data arrival time                                                                      0.91

  clock clk (rise edge)                                                       1.00       1.00
  clock network delay (ideal)                                                 0.00       1.00
  clock uncertainty                                                          -0.05       0.95
  u_dut/u_bf16_accum/acc_o_reg[2][6]/CK (DFFRPQNA_X1M_A6P5PP140ZTS_C35)       0.00       0.95 r
  library setup time                                                         -0.04       0.91
  data required time                                                                     0.91
  ----------------------------------------------------------------------------------------------
  data required time                                                                     0.91
  data arrival time                                                                     -0.91
  ----------------------------------------------------------------------------------------------
  slack (MET)                                                                            0.00


  Startpoint: u_dut/u_product_pipe/bf16_lane_item_o_reg[1][3][7]
              (rising edge-triggered flip-flop clocked by clk)
  Endpoint: u_dut/u_bf16_accum/status_q1_reg[1][5]
            (rising edge-triggered flip-flop clocked by clk)
  Path Group: clk
  Path Type: max

  Des/Clust/Port     Wire Load Model       Library
  ------------------------------------------------
  char_top           Zero                  sc6p5mcpp140z_cln22ul_base_svt_c35_tt_typical_max_0p80v_25c

  Point                                       Fanout       Cap     Trans      Incr       Path
  ----------------------------------------------------------------------------------------------
  clock clk (rise edge)                                                       0.00       0.00
  clock network delay (ideal)                                                 0.00       0.00
  u_dut/u_product_pipe/bf16_lane_item_o_reg[1][3][7]/CK (DFFRPQA_X2M_A6P5PP140ZTS_C35)
                                                                    0.00      0.00 #     0.00 r
  u_dut/u_product_pipe/bf16_lane_item_o_reg[1][3][7]/Q (DFFRPQA_X2M_A6P5PP140ZTS_C35)
                                                                    0.02      0.06       0.06 r
  u_dut/u_product_pipe/bf16_lane_item_o[1][3][7] (net)
                                                4         0.00                0.00       0.06 r
  u_dut/u_product_pipe/bf16_lane_item_o[1][3][7] (fusion_mul16_v2_product_pipe_1_1_1_1_1_0)
                                                                              0.00       0.06 r
  u_dut/bf16_lane_item[1][3][7] (net)                     0.00                0.00       0.06 r
  U9223/Y (INV_X3M_A6P5PP140ZTS_C35)                                0.01      0.01       0.07 f
  n6622 (net)                                   4         0.00                0.00       0.07 f
  U3377/Y (NOR2_X4A_A6P5PP140ZTS_C35)                               0.02      0.02       0.09 r
  n6075 (net)                                   4         0.00                0.00       0.09 r
  U9257/Y (AOI21_X1M_A6P5PP140ZTS_C35)                              0.03      0.02       0.10 f
  n6090 (net)                                   2         0.00                0.00       0.10 f
  U9258/Y (INV_X1M_A6P5PP140ZTS_C35)                                0.02      0.02       0.12 r
  n6095 (net)                                   1         0.00                0.00       0.12 r
  U2626/Y (OA21B_X3M_A6P5PP140ZTS_C35)                              0.01      0.02       0.15 r
  n1089 (net)                                   1         0.00                0.00       0.15 r
  U2050/Y (NAND2_X2M_A6P5PP140ZTS_C35)                              0.02      0.01       0.16 f
  n1088 (net)                                   1         0.00                0.00       0.16 f
  U2621/Y (AOI21_X3M_A6P5PP140ZTS_C35)                              0.03      0.02       0.18 r
  n6111 (net)                                   2         0.00                0.00       0.18 r
  U2620/Y (INV_X2P5M_A6P5PP140ZTS_C35)                              0.01      0.01       0.20 f
  n6110 (net)                                   1         0.00                0.00       0.20 f
  U1967/Y (INV_X7M_A6P5PP140ZTS_C35)                                0.02      0.02       0.21 r
  n8100 (net)                                   7         0.01                0.00       0.21 r
  U9283/Y (MXIT2_X3M_A6P5PP140ZTS_C35)                              0.03      0.02       0.23 r
  n6485 (net)                                   4         0.00                0.00       0.23 r
  U9557/Y (MXIT2_X2M_A6P5PP140ZTS_C35)                              0.03      0.03       0.26 f
  n6520 (net)                                   2         0.00                0.00       0.26 f
  U2963/Y (MXIT2_X3M_A6P5PP140ZTS_C35)                              0.02      0.03       0.29 r
  n6487 (net)                                   1         0.00                0.00       0.29 r
  U2964/Y (OAI21_X3M_A6P5PP140ZTS_C35)                              0.02      0.02       0.31 f
  n6534 (net)                                   2         0.00                0.00       0.31 f
  U3735/Y (AOI22_X4M_A6P5PP140ZTS_C35)                              0.03      0.03       0.33 r
  n11721 (net)                                  3         0.00                0.00       0.33 r
  U3736/Y (XNOR2_X1M_A6P5PP140ZTS_C35)                              0.05      0.03       0.36 f
  n6544 (net)                                   2         0.00                0.00       0.36 f
  U9600/Y (NAND2_X1M_A6P5PP140ZTS_C35)                              0.04      0.04       0.40 r
  n6586 (net)                                   3         0.00                0.00       0.40 r
  U3754/Y (INV_X1M_A6P5PP140ZTS_C35)                                0.02      0.02       0.42 f
  n6547 (net)                                   1         0.00                0.00       0.42 f
  U5574/Y (AOI21_X3M_A6P5PP140ZTS_C35)                              0.03      0.03       0.45 r
  n6600 (net)                                   4         0.00                0.00       0.45 r
  U9641/Y (INV_X1M_A6P5PP140ZTS_C35)                                0.02      0.02       0.46 f
  n6604 (net)                                   1         0.00                0.00       0.46 f
  U3739/Y (AOI21_X2M_A6P5PP140ZTS_C35)                              0.02      0.02       0.48 r
  n6605 (net)                                   1         0.00                0.00       0.48 r
  U1524/Y (OAI21_X2M_A6P5PP140ZTS_C35)                              0.02      0.02       0.50 f
  n6608 (net)                                   1         0.00                0.00       0.50 f
  U5717/Y (XNOR2_X4M_A6P5PP140ZTS_C35)                              0.03      0.03       0.53 f
  n12034 (net)                                  7         0.00                0.00       0.53 f
  U3740/Y (AOI22_X3M_A6P5PP140ZTS_C35)                              0.03      0.03       0.56 r
  n6624 (net)                                   2         0.00                0.00       0.56 r
  U4180/Y (NAND2_X3M_A6P5PP140ZTS_C35)                              0.02      0.01       0.58 f
  n1557 (net)                                   1         0.00                0.00       0.58 f
  U4179/Y (INV_X3M_A6P5PP140ZTS_C35)                                0.01      0.01       0.59 r
  n1556 (net)                                   1         0.00                0.00       0.59 r
  U1413/Y (NAND2_X3M_A6P5PP140ZTS_C35)                              0.02      0.02       0.60 f
  n6629 (net)                                   3         0.00                0.00       0.60 f
  U5496/Y (NOR2_X3TA_A6P5PP140ZTS_C35)                              0.02      0.02       0.62 r
  n6636 (net)                                   2         0.00                0.00       0.62 r
  U2407/Y (XNOR2_X2M_A6P5PP140ZTS_C35)                              0.03      0.02       0.65 r
  n6637 (net)                                   1         0.00                0.00       0.65 r
  U2980/Y (NOR2_X2TA_A6P5PP140ZTS_C35)                              0.02      0.01       0.66 f
  n1553 (net)                                   2         0.00                0.00       0.66 f
  U4176/Y (XNOR2_X2M_A6P5PP140ZTS_C35)                              0.04      0.03       0.69 f
  n6642 (net)                                   2         0.00                0.00       0.69 f
  U3583/Y (NOR2_X2A_A6P5PP140ZTS_C35)                               0.02      0.03       0.72 r
  n6665 (net)                                   3         0.00                0.00       0.72 r
  U2421/Y (NOR2_X1A_A6P5PP140ZTS_C35)                               0.02      0.02       0.73 f
  n6646 (net)                                   1         0.00                0.00       0.73 f
  U4183/Y (AOI21_X3M_A6P5PP140ZTS_C35)                              0.03      0.03       0.76 r
  n6691 (net)                                   4         0.00                0.00       0.76 r
  U2224/Y (OAI21_X1M_A6P5PP140ZTS_C35)                              0.03      0.03       0.79 f
  n6657 (net)                                   1         0.00                0.00       0.79 f
  U3608/Y (XOR2_X2M_A6P5PP140ZTS_C35)                               0.03      0.04       0.82 f
  n8179 (net)                                   2         0.00                0.00       0.82 f
  U2959/Y (NAND3_X2TA_A6P5PP140ZTS_C35)                             0.02      0.02       0.84 r
  n6695 (net)                                   1         0.00                0.00       0.84 r
  U5732/Y (NAND2_X3TA_A6P5PP140ZTS_C35)                             0.02      0.02       0.86 f
  n11861 (net)                                  4         0.00                0.00       0.86 f
  U3378/Y (NAND2_X3TA_A6P5PP140ZTS_C35)                             0.01      0.01       0.87 r
  n9780 (net)                                   2         0.00                0.00       0.87 r
  U2373/Y (NAND2_X1M_A6P5PP140ZTS_C35)                              0.02      0.02       0.89 f
  u_dut/u_bf16_accum/N57 (net)                  2         0.00                0.00       0.89 f
  U2370/Y (NOR2_X1A_A6P5PP140ZTS_C35)                               0.02      0.02       0.91 r
  n1015 (net)                                   1         0.00                0.00       0.91 r
  U2369/Y (INV_X1M_A6P5PP140ZTS_C35)                                0.01      0.01       0.91 f
  u_dut/u_bf16_accum/N55 (net)                  1         0.00                0.00       0.91 f
  u_dut/u_bf16_accum/status_q1_reg[1][5]/D (DFFRPQNA_X1M_A6P5PP140ZTS_C35)
                                                                    0.01      0.00       0.91 f
  data arrival time                                                                      0.91

  clock clk (rise edge)                                                       1.00       1.00
  clock network delay (ideal)                                                 0.00       1.00
  clock uncertainty                                                          -0.05       0.95
  u_dut/u_bf16_accum/status_q1_reg[1][5]/CK (DFFRPQNA_X1M_A6P5PP140ZTS_C35)
                                                                              0.00       0.95 r
  library setup time                                                         -0.04       0.91
  data required time                                                                     0.91
  ----------------------------------------------------------------------------------------------
  data required time                                                                     0.91
  data arrival time                                                                     -0.91
  ----------------------------------------------------------------------------------------------
  slack (MET)                                                                            0.00


  Startpoint: u_dut/u_bf16_accum/acc_o_reg[2][5]
              (rising edge-triggered flip-flop clocked by clk)
  Endpoint: u_dut/u_bf16_accum/acc_o_reg[2][0]
            (rising edge-triggered flip-flop clocked by clk)
  Path Group: clk
  Path Type: max

  Des/Clust/Port     Wire Load Model       Library
  ------------------------------------------------
  char_top           Zero                  sc6p5mcpp140z_cln22ul_base_svt_c35_tt_typical_max_0p80v_25c

  Point                                       Fanout       Cap     Trans      Incr       Path
  ----------------------------------------------------------------------------------------------
  clock clk (rise edge)                                                       0.00       0.00
  clock network delay (ideal)                                                 0.00       0.00
  u_dut/u_bf16_accum/acc_o_reg[2][5]/CK (DFFRPQNA_X2M_A6P5PP140ZTS_C35)
                                                                    0.00      0.00 #     0.00 r
  u_dut/u_bf16_accum/acc_o_reg[2][5]/QN (DFFRPQNA_X2M_A6P5PP140ZTS_C35)
                                                                    0.03      0.05       0.05 f
  n252 (net)                                    4         0.00                0.00       0.05 f
  U4619/Y (INV_X2P5M_A6P5PP140ZTS_C35)                              0.03      0.03       0.08 r
  bf16_acc_o[2][5] (net)                        3         0.01                0.00       0.08 r
  U2057/Y (OAI22_X1M_A6P5PP140ZTS_C35)                              0.03      0.03       0.11 f
  n1858 (net)                                   1         0.00                0.00       0.11 f
  U3894/Y (NOR2_X2TA_A6P5PP140ZTS_C35)                              0.02      0.02       0.13 r
  n4844 (net)                                   2         0.00                0.00       0.13 r
  U4617/Y (OAI21_X2M_A6P5PP140ZTS_C35)                              0.02      0.02       0.15 f
  n4847 (net)                                   1         0.00                0.00       0.15 f
  U5624/Y (OAI21_X2M_A6P5PP140ZTS_C35)                              0.02      0.02       0.17 r
  n4856 (net)                                   1         0.00                0.00       0.17 r
  U2379/Y (AOI21_X3M_A6P5PP140ZTS_C35)                              0.02      0.02       0.19 f
  n4978 (net)                                   2         0.00                0.00       0.19 f
  U1938/Y (BUF_X10M_A6P5PP140ZTS_C35)                               0.02      0.03       0.22 f
  n5037 (net)                                   9         0.01                0.00       0.22 f
  U8249/Y (MXIT2_X3M_A6P5PP140ZTS_C35)                              0.03      0.02       0.24 r
  n5027 (net)                                   3         0.00                0.00       0.24 r
  U8250/Y (INV_X1M_A6P5PP140ZTS_C35)                                0.02      0.02       0.25 f
  n5008 (net)                                   3         0.00                0.00       0.25 f
  U8294/Y (OA21B_X1M_A6P5PP140ZTS_C35)                              0.02      0.02       0.27 r
  n4895 (net)                                   1         0.00                0.00       0.27 r
  U8295/Y (NAND4_X1A_A6P5PP140ZTS_C35)                              0.03      0.02       0.29 f
  n4896 (net)                                   1         0.00                0.00       0.29 f
  U3918/Y (NOR3_X1TA_A6P5PP140ZTS_C35)                              0.02      0.02       0.31 r
  n4948 (net)                                   1         0.00                0.00       0.31 r
  U8325/Y (OAI21_X0P5M_A6P5PP140ZTS_C35)                            0.02      0.02       0.33 f
  n4949 (net)                                   1         0.00                0.00       0.33 f
  U1853/Y (NOR2_X1TA_A6P5PP140ZTS_C35)                              0.02      0.02       0.35 r
  n4971 (net)                                   1         0.00                0.00       0.35 r
  U8347/Y (NOR2_X2A_A6P5PP140ZTS_C35)                               0.02      0.01       0.37 f
  u_dut/u_bf16_accum/G_BF16_LANE[2].u_acc/U1/fr[0] (net)
                                                3         0.00                0.00       0.37 f
  U3924/Y (INV_X2M_A6P5PP140ZTS_C35)                                0.01      0.01       0.38 r
  n4981 (net)                                   2         0.00                0.00       0.38 r
  U8363/Y (NAND2_X2M_A6P5PP140ZTS_C35)                              0.03      0.02       0.40 f
  n5171 (net)                                   2         0.00                0.00       0.40 f
  U4116/Y (NOR2_X3TA_A6P5PP140ZTS_C35)                              0.02      0.02       0.42 r
  n5055 (net)                                   2         0.00                0.00       0.42 r
  U1565/Y (NAND2_X3M_A6P5PP140ZTS_C35)                              0.02      0.01       0.43 f
  n5050 (net)                                   2         0.00                0.00       0.43 f
  U4506/Y (OAI21_X3M_A6P5PP140ZTS_C35)                              0.03      0.03       0.46 r
  n5059 (net)                                   2         0.00                0.00       0.46 r
  U8410/Y (INV_X3M_A6P5PP140ZTS_C35)                                0.01      0.01       0.47 f
  n5075 (net)                                   3         0.00                0.00       0.47 f
  U4128/Y (OAI21_X2M_A6P5PP140ZTS_C35)                              0.02      0.02       0.49 r
  n5060 (net)                                   1         0.00                0.00       0.49 r
  U8411/Y (XNOR2_X3M_A6P5PP140ZTS_C35)                              0.03      0.04       0.53 r
  n5329 (net)                                   5         0.00                0.00       0.53 r
  U4130/Y (INV_X2M_A6P5PP140ZTS_C35)                                0.02      0.02       0.55 f
  n5308 (net)                                   3         0.00                0.00       0.55 f
  U5521/Y (OAI22BB_X2M_A6P5PP140ZTS_C35)                            0.02      0.02       0.57 r
  n5079 (net)                                   1         0.00                0.00       0.57 r
  U2443/Y (NOR2_X3A_A6P5PP140ZTS_C35)                               0.01      0.01       0.58 f
  n5328 (net)                                   2         0.00                0.00       0.58 f
  U2719/Y (NOR2_X4A_A6P5PP140ZTS_C35)                               0.02      0.02       0.60 r
  n5107 (net)                                   4         0.00                0.00       0.60 r
  U4625/Y (NOR2_X3A_A6P5PP140ZTS_C35)                               0.01      0.01       0.61 f
  n5103 (net)                                   2         0.00                0.00       0.61 f
  U4832/Y (XNOR2_X2M_A6P5PP140ZTS_C35)                              0.03      0.03       0.64 f
  n2001 (net)                                   1         0.00                0.00       0.64 f
  U3165/Y (NAND2_X3M_A6P5PP140ZTS_C35)                              0.02      0.02       0.66 r
  n1241 (net)                                   2         0.00                0.00       0.66 r
  U3163/Y (AND2_X4M_A6P5PP140ZTS_C35)                               0.01      0.02       0.68 r
  n5120 (net)                                   2         0.00                0.00       0.68 r
  U5412/Y (NOR2_X1P4M_A6P5PP140ZTS_C35)                             0.02      0.02       0.69 f
  n5153 (net)                                   3         0.00                0.00       0.69 f
  U3176/Y (NOR2_X1A_A6P5PP140ZTS_C35)                               0.04      0.04       0.73 r
  n5122 (net)                                   2         0.00                0.00       0.73 r
  U1241/Y (NAND3_X1TA_A6P5PP140ZTS_C35)                             0.02      0.02       0.75 f
  n1182 (net)                                   1         0.00                0.00       0.75 f
  U2925/Y (NAND3_X1TA_A6P5PP140ZTS_C35)                             0.02      0.02       0.77 r
  n5134 (net)                                   1         0.00                0.00       0.77 r
  U5553/Y (XNOR2_X0P5M_A6P5PP140ZTS_C35)                            0.04      0.04       0.80 r
  n5205 (net)                                   2         0.00                0.00       0.80 r
  U3467/Y (NOR2_X2A_A6P5PP140ZTS_C35)                               0.01      0.01       0.82 f
  n1531 (net)                                   1         0.00                0.00       0.82 f
  U2705/Y (NAND2_X1P4TA_A6P5PP140ZTS_C35)                           0.02      0.02       0.84 r
  n1168 (net)                                   2         0.00                0.00       0.84 r
  U2867/Y (NAND2_X3M_A6P5PP140ZTS_C35)                              0.02      0.01       0.85 f
  n12863 (net)                                  4         0.00                0.00       0.85 f
  U1132/Y (NOR2_X1A_A6P5PP140ZTS_C35)                               0.02      0.02       0.87 r
  n1859 (net)                                   1         0.00                0.00       0.87 r
  U4620/Y (INV_X2M_A6P5PP140ZTS_C35)                                0.02      0.02       0.89 f
  n11668 (net)                                  7         0.00                0.00       0.89 f
  U13827/Y (OAI211_X0P5M_A6P5PP140ZTS_C35)                          0.03      0.03       0.91 r
  n747 (net)                                    1         0.00                0.00       0.91 r
  u_dut/u_bf16_accum/acc_o_reg[2][0]/D (DFFRPQNA_X1M_A6P5PP140ZTS_C35)
                                                                    0.03      0.00       0.91 r
  data arrival time                                                                      0.91

  clock clk (rise edge)                                                       1.00       1.00
  clock network delay (ideal)                                                 0.00       1.00
  clock uncertainty                                                          -0.05       0.95
  u_dut/u_bf16_accum/acc_o_reg[2][0]/CK (DFFRPQNA_X1M_A6P5PP140ZTS_C35)       0.00       0.95 r
  library setup time                                                         -0.04       0.91
  data required time                                                                     0.91
  ----------------------------------------------------------------------------------------------
  data required time                                                                     0.91
  data arrival time                                                                     -0.91
  ----------------------------------------------------------------------------------------------
  slack (MET)                                                                            0.00


  Startpoint: u_dut/u_bf16_accum/acc_o_reg[2][5]
              (rising edge-triggered flip-flop clocked by clk)
  Endpoint: u_dut/u_bf16_accum/acc_o_reg[2][1]
            (rising edge-triggered flip-flop clocked by clk)
  Path Group: clk
  Path Type: max

  Des/Clust/Port     Wire Load Model       Library
  ------------------------------------------------
  char_top           Zero                  sc6p5mcpp140z_cln22ul_base_svt_c35_tt_typical_max_0p80v_25c

  Point                                       Fanout       Cap     Trans      Incr       Path
  ----------------------------------------------------------------------------------------------
  clock clk (rise edge)                                                       0.00       0.00
  clock network delay (ideal)                                                 0.00       0.00
  u_dut/u_bf16_accum/acc_o_reg[2][5]/CK (DFFRPQNA_X2M_A6P5PP140ZTS_C35)
                                                                    0.00      0.00 #     0.00 r
  u_dut/u_bf16_accum/acc_o_reg[2][5]/QN (DFFRPQNA_X2M_A6P5PP140ZTS_C35)
                                                                    0.03      0.05       0.05 f
  n252 (net)                                    4         0.00                0.00       0.05 f
  U4619/Y (INV_X2P5M_A6P5PP140ZTS_C35)                              0.03      0.03       0.08 r
  bf16_acc_o[2][5] (net)                        3         0.01                0.00       0.08 r
  U2057/Y (OAI22_X1M_A6P5PP140ZTS_C35)                              0.03      0.03       0.11 f
  n1858 (net)                                   1         0.00                0.00       0.11 f
  U3894/Y (NOR2_X2TA_A6P5PP140ZTS_C35)                              0.02      0.02       0.13 r
  n4844 (net)                                   2         0.00                0.00       0.13 r
  U4617/Y (OAI21_X2M_A6P5PP140ZTS_C35)                              0.02      0.02       0.15 f
  n4847 (net)                                   1         0.00                0.00       0.15 f
  U5624/Y (OAI21_X2M_A6P5PP140ZTS_C35)                              0.02      0.02       0.17 r
  n4856 (net)                                   1         0.00                0.00       0.17 r
  U2379/Y (AOI21_X3M_A6P5PP140ZTS_C35)                              0.02      0.02       0.19 f
  n4978 (net)                                   2         0.00                0.00       0.19 f
  U1938/Y (BUF_X10M_A6P5PP140ZTS_C35)                               0.02      0.03       0.22 f
  n5037 (net)                                   9         0.01                0.00       0.22 f
  U8249/Y (MXIT2_X3M_A6P5PP140ZTS_C35)                              0.03      0.02       0.24 r
  n5027 (net)                                   3         0.00                0.00       0.24 r
  U8250/Y (INV_X1M_A6P5PP140ZTS_C35)                                0.02      0.02       0.25 f
  n5008 (net)                                   3         0.00                0.00       0.25 f
  U8294/Y (OA21B_X1M_A6P5PP140ZTS_C35)                              0.02      0.02       0.27 r
  n4895 (net)                                   1         0.00                0.00       0.27 r
  U8295/Y (NAND4_X1A_A6P5PP140ZTS_C35)                              0.03      0.02       0.29 f
  n4896 (net)                                   1         0.00                0.00       0.29 f
  U3918/Y (NOR3_X1TA_A6P5PP140ZTS_C35)                              0.02      0.02       0.31 r
  n4948 (net)                                   1         0.00                0.00       0.31 r
  U8325/Y (OAI21_X0P5M_A6P5PP140ZTS_C35)                            0.02      0.02       0.33 f
  n4949 (net)                                   1         0.00                0.00       0.33 f
  U1853/Y (NOR2_X1TA_A6P5PP140ZTS_C35)                              0.02      0.02       0.35 r
  n4971 (net)                                   1         0.00                0.00       0.35 r
  U8347/Y (NOR2_X2A_A6P5PP140ZTS_C35)                               0.02      0.01       0.37 f
  u_dut/u_bf16_accum/G_BF16_LANE[2].u_acc/U1/fr[0] (net)
                                                3         0.00                0.00       0.37 f
  U3924/Y (INV_X2M_A6P5PP140ZTS_C35)                                0.01      0.01       0.38 r
  n4981 (net)                                   2         0.00                0.00       0.38 r
  U8363/Y (NAND2_X2M_A6P5PP140ZTS_C35)                              0.03      0.02       0.40 f
  n5171 (net)                                   2         0.00                0.00       0.40 f
  U4116/Y (NOR2_X3TA_A6P5PP140ZTS_C35)                              0.02      0.02       0.42 r
  n5055 (net)                                   2         0.00                0.00       0.42 r
  U1565/Y (NAND2_X3M_A6P5PP140ZTS_C35)                              0.02      0.01       0.43 f
  n5050 (net)                                   2         0.00                0.00       0.43 f
  U4506/Y (OAI21_X3M_A6P5PP140ZTS_C35)                              0.03      0.03       0.46 r
  n5059 (net)                                   2         0.00                0.00       0.46 r
  U8410/Y (INV_X3M_A6P5PP140ZTS_C35)                                0.01      0.01       0.47 f
  n5075 (net)                                   3         0.00                0.00       0.47 f
  U4128/Y (OAI21_X2M_A6P5PP140ZTS_C35)                              0.02      0.02       0.49 r
  n5060 (net)                                   1         0.00                0.00       0.49 r
  U8411/Y (XNOR2_X3M_A6P5PP140ZTS_C35)                              0.03      0.04       0.53 r
  n5329 (net)                                   5         0.00                0.00       0.53 r
  U4130/Y (INV_X2M_A6P5PP140ZTS_C35)                                0.02      0.02       0.55 f
  n5308 (net)                                   3         0.00                0.00       0.55 f
  U5521/Y (OAI22BB_X2M_A6P5PP140ZTS_C35)                            0.02      0.02       0.57 r
  n5079 (net)                                   1         0.00                0.00       0.57 r
  U2443/Y (NOR2_X3A_A6P5PP140ZTS_C35)                               0.01      0.01       0.58 f
  n5328 (net)                                   2         0.00                0.00       0.58 f
  U2719/Y (NOR2_X4A_A6P5PP140ZTS_C35)                               0.02      0.02       0.60 r
  n5107 (net)                                   4         0.00                0.00       0.60 r
  U4625/Y (NOR2_X3A_A6P5PP140ZTS_C35)                               0.01      0.01       0.61 f
  n5103 (net)                                   2         0.00                0.00       0.61 f
  U4832/Y (XNOR2_X2M_A6P5PP140ZTS_C35)                              0.03      0.03       0.64 f
  n2001 (net)                                   1         0.00                0.00       0.64 f
  U3165/Y (NAND2_X3M_A6P5PP140ZTS_C35)                              0.02      0.02       0.66 r
  n1241 (net)                                   2         0.00                0.00       0.66 r
  U3163/Y (AND2_X4M_A6P5PP140ZTS_C35)                               0.01      0.02       0.68 r
  n5120 (net)                                   2         0.00                0.00       0.68 r
  U5412/Y (NOR2_X1P4M_A6P5PP140ZTS_C35)                             0.02      0.02       0.69 f
  n5153 (net)                                   3         0.00                0.00       0.69 f
  U3176/Y (NOR2_X1A_A6P5PP140ZTS_C35)                               0.04      0.04       0.73 r
  n5122 (net)                                   2         0.00                0.00       0.73 r
  U1241/Y (NAND3_X1TA_A6P5PP140ZTS_C35)                             0.02      0.02       0.75 f
  n1182 (net)                                   1         0.00                0.00       0.75 f
  U2925/Y (NAND3_X1TA_A6P5PP140ZTS_C35)                             0.02      0.02       0.77 r
  n5134 (net)                                   1         0.00                0.00       0.77 r
  U5553/Y (XNOR2_X0P5M_A6P5PP140ZTS_C35)                            0.04      0.04       0.80 r
  n5205 (net)                                   2         0.00                0.00       0.80 r
  U3467/Y (NOR2_X2A_A6P5PP140ZTS_C35)                               0.01      0.01       0.82 f
  n1531 (net)                                   1         0.00                0.00       0.82 f
  U2705/Y (NAND2_X1P4TA_A6P5PP140ZTS_C35)                           0.02      0.02       0.84 r
  n1168 (net)                                   2         0.00                0.00       0.84 r
  U2867/Y (NAND2_X3M_A6P5PP140ZTS_C35)                              0.02      0.01       0.85 f
  n12863 (net)                                  4         0.00                0.00       0.85 f
  U1132/Y (NOR2_X1A_A6P5PP140ZTS_C35)                               0.02      0.02       0.87 r
  n1859 (net)                                   1         0.00                0.00       0.87 r
  U4620/Y (INV_X2M_A6P5PP140ZTS_C35)                                0.02      0.02       0.89 f
  n11668 (net)                                  7         0.00                0.00       0.89 f
  U13824/Y (OAI211_X0P5M_A6P5PP140ZTS_C35)                          0.03      0.03       0.91 r
  n746 (net)                                    1         0.00                0.00       0.91 r
  u_dut/u_bf16_accum/acc_o_reg[2][1]/D (DFFRPQNA_X1M_A6P5PP140ZTS_C35)
                                                                    0.03      0.00       0.91 r
  data arrival time                                                                      0.91

  clock clk (rise edge)                                                       1.00       1.00
  clock network delay (ideal)                                                 0.00       1.00
  clock uncertainty                                                          -0.05       0.95
  u_dut/u_bf16_accum/acc_o_reg[2][1]/CK (DFFRPQNA_X1M_A6P5PP140ZTS_C35)       0.00       0.95 r
  library setup time                                                         -0.04       0.91
  data required time                                                                     0.91
  ----------------------------------------------------------------------------------------------
  data required time                                                                     0.91
  data arrival time                                                                     -0.91
  ----------------------------------------------------------------------------------------------
  slack (MET)                                                                            0.00


  Startpoint: u_dut/u_bf16_accum/acc_o_reg[2][5]
              (rising edge-triggered flip-flop clocked by clk)
  Endpoint: u_dut/u_bf16_accum/acc_o_reg[2][2]
            (rising edge-triggered flip-flop clocked by clk)
  Path Group: clk
  Path Type: max

  Des/Clust/Port     Wire Load Model       Library
  ------------------------------------------------
  char_top           Zero                  sc6p5mcpp140z_cln22ul_base_svt_c35_tt_typical_max_0p80v_25c

  Point                                       Fanout       Cap     Trans      Incr       Path
  ----------------------------------------------------------------------------------------------
  clock clk (rise edge)                                                       0.00       0.00
  clock network delay (ideal)                                                 0.00       0.00
  u_dut/u_bf16_accum/acc_o_reg[2][5]/CK (DFFRPQNA_X2M_A6P5PP140ZTS_C35)
                                                                    0.00      0.00 #     0.00 r
  u_dut/u_bf16_accum/acc_o_reg[2][5]/QN (DFFRPQNA_X2M_A6P5PP140ZTS_C35)
                                                                    0.03      0.05       0.05 f
  n252 (net)                                    4         0.00                0.00       0.05 f
  U4619/Y (INV_X2P5M_A6P5PP140ZTS_C35)                              0.03      0.03       0.08 r
  bf16_acc_o[2][5] (net)                        3         0.01                0.00       0.08 r
  U2057/Y (OAI22_X1M_A6P5PP140ZTS_C35)                              0.03      0.03       0.11 f
  n1858 (net)                                   1         0.00                0.00       0.11 f
  U3894/Y (NOR2_X2TA_A6P5PP140ZTS_C35)                              0.02      0.02       0.13 r
  n4844 (net)                                   2         0.00                0.00       0.13 r
  U4617/Y (OAI21_X2M_A6P5PP140ZTS_C35)                              0.02      0.02       0.15 f
  n4847 (net)                                   1         0.00                0.00       0.15 f
  U5624/Y (OAI21_X2M_A6P5PP140ZTS_C35)                              0.02      0.02       0.17 r
  n4856 (net)                                   1         0.00                0.00       0.17 r
  U2379/Y (AOI21_X3M_A6P5PP140ZTS_C35)                              0.02      0.02       0.19 f
  n4978 (net)                                   2         0.00                0.00       0.19 f
  U1938/Y (BUF_X10M_A6P5PP140ZTS_C35)                               0.02      0.03       0.22 f
  n5037 (net)                                   9         0.01                0.00       0.22 f
  U8249/Y (MXIT2_X3M_A6P5PP140ZTS_C35)                              0.03      0.02       0.24 r
  n5027 (net)                                   3         0.00                0.00       0.24 r
  U8250/Y (INV_X1M_A6P5PP140ZTS_C35)                                0.02      0.02       0.25 f
  n5008 (net)                                   3         0.00                0.00       0.25 f
  U8294/Y (OA21B_X1M_A6P5PP140ZTS_C35)                              0.02      0.02       0.27 r
  n4895 (net)                                   1         0.00                0.00       0.27 r
  U8295/Y (NAND4_X1A_A6P5PP140ZTS_C35)                              0.03      0.02       0.29 f
  n4896 (net)                                   1         0.00                0.00       0.29 f
  U3918/Y (NOR3_X1TA_A6P5PP140ZTS_C35)                              0.02      0.02       0.31 r
  n4948 (net)                                   1         0.00                0.00       0.31 r
  U8325/Y (OAI21_X0P5M_A6P5PP140ZTS_C35)                            0.02      0.02       0.33 f
  n4949 (net)                                   1         0.00                0.00       0.33 f
  U1853/Y (NOR2_X1TA_A6P5PP140ZTS_C35)                              0.02      0.02       0.35 r
  n4971 (net)                                   1         0.00                0.00       0.35 r
  U8347/Y (NOR2_X2A_A6P5PP140ZTS_C35)                               0.02      0.01       0.37 f
  u_dut/u_bf16_accum/G_BF16_LANE[2].u_acc/U1/fr[0] (net)
                                                3         0.00                0.00       0.37 f
  U3924/Y (INV_X2M_A6P5PP140ZTS_C35)                                0.01      0.01       0.38 r
  n4981 (net)                                   2         0.00                0.00       0.38 r
  U8363/Y (NAND2_X2M_A6P5PP140ZTS_C35)                              0.03      0.02       0.40 f
  n5171 (net)                                   2         0.00                0.00       0.40 f
  U4116/Y (NOR2_X3TA_A6P5PP140ZTS_C35)                              0.02      0.02       0.42 r
  n5055 (net)                                   2         0.00                0.00       0.42 r
  U1565/Y (NAND2_X3M_A6P5PP140ZTS_C35)                              0.02      0.01       0.43 f
  n5050 (net)                                   2         0.00                0.00       0.43 f
  U4506/Y (OAI21_X3M_A6P5PP140ZTS_C35)                              0.03      0.03       0.46 r
  n5059 (net)                                   2         0.00                0.00       0.46 r
  U8410/Y (INV_X3M_A6P5PP140ZTS_C35)                                0.01      0.01       0.47 f
  n5075 (net)                                   3         0.00                0.00       0.47 f
  U4128/Y (OAI21_X2M_A6P5PP140ZTS_C35)                              0.02      0.02       0.49 r
  n5060 (net)                                   1         0.00                0.00       0.49 r
  U8411/Y (XNOR2_X3M_A6P5PP140ZTS_C35)                              0.03      0.04       0.53 r
  n5329 (net)                                   5         0.00                0.00       0.53 r
  U4130/Y (INV_X2M_A6P5PP140ZTS_C35)                                0.02      0.02       0.55 f
  n5308 (net)                                   3         0.00                0.00       0.55 f
  U5521/Y (OAI22BB_X2M_A6P5PP140ZTS_C35)                            0.02      0.02       0.57 r
  n5079 (net)                                   1         0.00                0.00       0.57 r
  U2443/Y (NOR2_X3A_A6P5PP140ZTS_C35)                               0.01      0.01       0.58 f
  n5328 (net)                                   2         0.00                0.00       0.58 f
  U2719/Y (NOR2_X4A_A6P5PP140ZTS_C35)                               0.02      0.02       0.60 r
  n5107 (net)                                   4         0.00                0.00       0.60 r
  U4625/Y (NOR2_X3A_A6P5PP140ZTS_C35)                               0.01      0.01       0.61 f
  n5103 (net)                                   2         0.00                0.00       0.61 f
  U4832/Y (XNOR2_X2M_A6P5PP140ZTS_C35)                              0.03      0.03       0.64 f
  n2001 (net)                                   1         0.00                0.00       0.64 f
  U3165/Y (NAND2_X3M_A6P5PP140ZTS_C35)                              0.02      0.02       0.66 r
  n1241 (net)                                   2         0.00                0.00       0.66 r
  U3163/Y (AND2_X4M_A6P5PP140ZTS_C35)                               0.01      0.02       0.68 r
  n5120 (net)                                   2         0.00                0.00       0.68 r
  U5412/Y (NOR2_X1P4M_A6P5PP140ZTS_C35)                             0.02      0.02       0.69 f
  n5153 (net)                                   3         0.00                0.00       0.69 f
  U3176/Y (NOR2_X1A_A6P5PP140ZTS_C35)                               0.04      0.04       0.73 r
  n5122 (net)                                   2         0.00                0.00       0.73 r
  U1241/Y (NAND3_X1TA_A6P5PP140ZTS_C35)                             0.02      0.02       0.75 f
  n1182 (net)                                   1         0.00                0.00       0.75 f
  U2925/Y (NAND3_X1TA_A6P5PP140ZTS_C35)                             0.02      0.02       0.77 r
  n5134 (net)                                   1         0.00                0.00       0.77 r
  U5553/Y (XNOR2_X0P5M_A6P5PP140ZTS_C35)                            0.04      0.04       0.80 r
  n5205 (net)                                   2         0.00                0.00       0.80 r
  U3467/Y (NOR2_X2A_A6P5PP140ZTS_C35)                               0.01      0.01       0.82 f
  n1531 (net)                                   1         0.00                0.00       0.82 f
  U2705/Y (NAND2_X1P4TA_A6P5PP140ZTS_C35)                           0.02      0.02       0.84 r
  n1168 (net)                                   2         0.00                0.00       0.84 r
  U2867/Y (NAND2_X3M_A6P5PP140ZTS_C35)                              0.02      0.01       0.85 f
  n12863 (net)                                  4         0.00                0.00       0.85 f
  U1132/Y (NOR2_X1A_A6P5PP140ZTS_C35)                               0.02      0.02       0.87 r
  n1859 (net)                                   1         0.00                0.00       0.87 r
  U4620/Y (INV_X2M_A6P5PP140ZTS_C35)                                0.02      0.02       0.89 f
  n11668 (net)                                  7         0.00                0.00       0.89 f
  U13821/Y (OAI211_X0P5M_A6P5PP140ZTS_C35)                          0.03      0.03       0.91 r
  n745 (net)                                    1         0.00                0.00       0.91 r
  u_dut/u_bf16_accum/acc_o_reg[2][2]/D (DFFRPQNA_X1M_A6P5PP140ZTS_C35)
                                                                    0.03      0.00       0.91 r
  data arrival time                                                                      0.91

  clock clk (rise edge)                                                       1.00       1.00
  clock network delay (ideal)                                                 0.00       1.00
  clock uncertainty                                                          -0.05       0.95
  u_dut/u_bf16_accum/acc_o_reg[2][2]/CK (DFFRPQNA_X1M_A6P5PP140ZTS_C35)       0.00       0.95 r
  library setup time                                                         -0.04       0.91
  data required time                                                                     0.91
  ----------------------------------------------------------------------------------------------
  data required time                                                                     0.91
  data arrival time                                                                     -0.91
  ----------------------------------------------------------------------------------------------
  slack (MET)                                                                            0.00


  Startpoint: u_dut/u_bf16_accum/acc_o_reg[2][5]
              (rising edge-triggered flip-flop clocked by clk)
  Endpoint: u_dut/u_bf16_accum/acc_o_reg[2][3]
            (rising edge-triggered flip-flop clocked by clk)
  Path Group: clk
  Path Type: max

  Des/Clust/Port     Wire Load Model       Library
  ------------------------------------------------
  char_top           Zero                  sc6p5mcpp140z_cln22ul_base_svt_c35_tt_typical_max_0p80v_25c

  Point                                       Fanout       Cap     Trans      Incr       Path
  ----------------------------------------------------------------------------------------------
  clock clk (rise edge)                                                       0.00       0.00
  clock network delay (ideal)                                                 0.00       0.00
  u_dut/u_bf16_accum/acc_o_reg[2][5]/CK (DFFRPQNA_X2M_A6P5PP140ZTS_C35)
                                                                    0.00      0.00 #     0.00 r
  u_dut/u_bf16_accum/acc_o_reg[2][5]/QN (DFFRPQNA_X2M_A6P5PP140ZTS_C35)
                                                                    0.03      0.05       0.05 f
  n252 (net)                                    4         0.00                0.00       0.05 f
  U4619/Y (INV_X2P5M_A6P5PP140ZTS_C35)                              0.03      0.03       0.08 r
  bf16_acc_o[2][5] (net)                        3         0.01                0.00       0.08 r
  U2057/Y (OAI22_X1M_A6P5PP140ZTS_C35)                              0.03      0.03       0.11 f
  n1858 (net)                                   1         0.00                0.00       0.11 f
  U3894/Y (NOR2_X2TA_A6P5PP140ZTS_C35)                              0.02      0.02       0.13 r
  n4844 (net)                                   2         0.00                0.00       0.13 r
  U4617/Y (OAI21_X2M_A6P5PP140ZTS_C35)                              0.02      0.02       0.15 f
  n4847 (net)                                   1         0.00                0.00       0.15 f
  U5624/Y (OAI21_X2M_A6P5PP140ZTS_C35)                              0.02      0.02       0.17 r
  n4856 (net)                                   1         0.00                0.00       0.17 r
  U2379/Y (AOI21_X3M_A6P5PP140ZTS_C35)                              0.02      0.02       0.19 f
  n4978 (net)                                   2         0.00                0.00       0.19 f
  U1938/Y (BUF_X10M_A6P5PP140ZTS_C35)                               0.02      0.03       0.22 f
  n5037 (net)                                   9         0.01                0.00       0.22 f
  U8249/Y (MXIT2_X3M_A6P5PP140ZTS_C35)                              0.03      0.02       0.24 r
  n5027 (net)                                   3         0.00                0.00       0.24 r
  U8250/Y (INV_X1M_A6P5PP140ZTS_C35)                                0.02      0.02       0.25 f
  n5008 (net)                                   3         0.00                0.00       0.25 f
  U8294/Y (OA21B_X1M_A6P5PP140ZTS_C35)                              0.02      0.02       0.27 r
  n4895 (net)                                   1         0.00                0.00       0.27 r
  U8295/Y (NAND4_X1A_A6P5PP140ZTS_C35)                              0.03      0.02       0.29 f
  n4896 (net)                                   1         0.00                0.00       0.29 f
  U3918/Y (NOR3_X1TA_A6P5PP140ZTS_C35)                              0.02      0.02       0.31 r
  n4948 (net)                                   1         0.00                0.00       0.31 r
  U8325/Y (OAI21_X0P5M_A6P5PP140ZTS_C35)                            0.02      0.02       0.33 f
  n4949 (net)                                   1         0.00                0.00       0.33 f
  U1853/Y (NOR2_X1TA_A6P5PP140ZTS_C35)                              0.02      0.02       0.35 r
  n4971 (net)                                   1         0.00                0.00       0.35 r
  U8347/Y (NOR2_X2A_A6P5PP140ZTS_C35)                               0.02      0.01       0.37 f
  u_dut/u_bf16_accum/G_BF16_LANE[2].u_acc/U1/fr[0] (net)
                                                3         0.00                0.00       0.37 f
  U3924/Y (INV_X2M_A6P5PP140ZTS_C35)                                0.01      0.01       0.38 r
  n4981 (net)                                   2         0.00                0.00       0.38 r
  U8363/Y (NAND2_X2M_A6P5PP140ZTS_C35)                              0.03      0.02       0.40 f
  n5171 (net)                                   2         0.00                0.00       0.40 f
  U4116/Y (NOR2_X3TA_A6P5PP140ZTS_C35)                              0.02      0.02       0.42 r
  n5055 (net)                                   2         0.00                0.00       0.42 r
  U1565/Y (NAND2_X3M_A6P5PP140ZTS_C35)                              0.02      0.01       0.43 f
  n5050 (net)                                   2         0.00                0.00       0.43 f
  U4506/Y (OAI21_X3M_A6P5PP140ZTS_C35)                              0.03      0.03       0.46 r
  n5059 (net)                                   2         0.00                0.00       0.46 r
  U8410/Y (INV_X3M_A6P5PP140ZTS_C35)                                0.01      0.01       0.47 f
  n5075 (net)                                   3         0.00                0.00       0.47 f
  U4128/Y (OAI21_X2M_A6P5PP140ZTS_C35)                              0.02      0.02       0.49 r
  n5060 (net)                                   1         0.00                0.00       0.49 r
  U8411/Y (XNOR2_X3M_A6P5PP140ZTS_C35)                              0.03      0.04       0.53 r
  n5329 (net)                                   5         0.00                0.00       0.53 r
  U4130/Y (INV_X2M_A6P5PP140ZTS_C35)                                0.02      0.02       0.55 f
  n5308 (net)                                   3         0.00                0.00       0.55 f
  U5521/Y (OAI22BB_X2M_A6P5PP140ZTS_C35)                            0.02      0.02       0.57 r
  n5079 (net)                                   1         0.00                0.00       0.57 r
  U2443/Y (NOR2_X3A_A6P5PP140ZTS_C35)                               0.01      0.01       0.58 f
  n5328 (net)                                   2         0.00                0.00       0.58 f
  U2719/Y (NOR2_X4A_A6P5PP140ZTS_C35)                               0.02      0.02       0.60 r
  n5107 (net)                                   4         0.00                0.00       0.60 r
  U4625/Y (NOR2_X3A_A6P5PP140ZTS_C35)                               0.01      0.01       0.61 f
  n5103 (net)                                   2         0.00                0.00       0.61 f
  U4832/Y (XNOR2_X2M_A6P5PP140ZTS_C35)                              0.03      0.03       0.64 f
  n2001 (net)                                   1         0.00                0.00       0.64 f
  U3165/Y (NAND2_X3M_A6P5PP140ZTS_C35)                              0.02      0.02       0.66 r
  n1241 (net)                                   2         0.00                0.00       0.66 r
  U3163/Y (AND2_X4M_A6P5PP140ZTS_C35)                               0.01      0.02       0.68 r
  n5120 (net)                                   2         0.00                0.00       0.68 r
  U5412/Y (NOR2_X1P4M_A6P5PP140ZTS_C35)                             0.02      0.02       0.69 f
  n5153 (net)                                   3         0.00                0.00       0.69 f
  U3176/Y (NOR2_X1A_A6P5PP140ZTS_C35)                               0.04      0.04       0.73 r
  n5122 (net)                                   2         0.00                0.00       0.73 r
  U1241/Y (NAND3_X1TA_A6P5PP140ZTS_C35)                             0.02      0.02       0.75 f
  n1182 (net)                                   1         0.00                0.00       0.75 f
  U2925/Y (NAND3_X1TA_A6P5PP140ZTS_C35)                             0.02      0.02       0.77 r
  n5134 (net)                                   1         0.00                0.00       0.77 r
  U5553/Y (XNOR2_X0P5M_A6P5PP140ZTS_C35)                            0.04      0.04       0.80 r
  n5205 (net)                                   2         0.00                0.00       0.80 r
  U3467/Y (NOR2_X2A_A6P5PP140ZTS_C35)                               0.01      0.01       0.82 f
  n1531 (net)                                   1         0.00                0.00       0.82 f
  U2705/Y (NAND2_X1P4TA_A6P5PP140ZTS_C35)                           0.02      0.02       0.84 r
  n1168 (net)                                   2         0.00                0.00       0.84 r
  U2867/Y (NAND2_X3M_A6P5PP140ZTS_C35)                              0.02      0.01       0.85 f
  n12863 (net)                                  4         0.00                0.00       0.85 f
  U1132/Y (NOR2_X1A_A6P5PP140ZTS_C35)                               0.02      0.02       0.87 r
  n1859 (net)                                   1         0.00                0.00       0.87 r
  U4620/Y (INV_X2M_A6P5PP140ZTS_C35)                                0.02      0.02       0.89 f
  n11668 (net)                                  7         0.00                0.00       0.89 f
  U13817/Y (OAI211_X0P5M_A6P5PP140ZTS_C35)                          0.03      0.03       0.91 r
  n744 (net)                                    1         0.00                0.00       0.91 r
  u_dut/u_bf16_accum/acc_o_reg[2][3]/D (DFFRPQNA_X1M_A6P5PP140ZTS_C35)
                                                                    0.03      0.00       0.91 r
  data arrival time                                                                      0.91

  clock clk (rise edge)                                                       1.00       1.00
  clock network delay (ideal)                                                 0.00       1.00
  clock uncertainty                                                          -0.05       0.95
  u_dut/u_bf16_accum/acc_o_reg[2][3]/CK (DFFRPQNA_X1M_A6P5PP140ZTS_C35)       0.00       0.95 r
  library setup time                                                         -0.04       0.91
  data required time                                                                     0.91
  ----------------------------------------------------------------------------------------------
  data required time                                                                     0.91
  data arrival time                                                                     -0.91
  ----------------------------------------------------------------------------------------------
  slack (MET)                                                                            0.00


  Startpoint: u_dut/u_bf16_accum/acc_o_reg[2][5]
              (rising edge-triggered flip-flop clocked by clk)
  Endpoint: u_dut/u_bf16_accum/acc_o_reg[2][4]
            (rising edge-triggered flip-flop clocked by clk)
  Path Group: clk
  Path Type: max

  Des/Clust/Port     Wire Load Model       Library
  ------------------------------------------------
  char_top           Zero                  sc6p5mcpp140z_cln22ul_base_svt_c35_tt_typical_max_0p80v_25c

  Point                                       Fanout       Cap     Trans      Incr       Path
  ----------------------------------------------------------------------------------------------
  clock clk (rise edge)                                                       0.00       0.00
  clock network delay (ideal)                                                 0.00       0.00
  u_dut/u_bf16_accum/acc_o_reg[2][5]/CK (DFFRPQNA_X2M_A6P5PP140ZTS_C35)
                                                                    0.00      0.00 #     0.00 r
  u_dut/u_bf16_accum/acc_o_reg[2][5]/QN (DFFRPQNA_X2M_A6P5PP140ZTS_C35)
                                                                    0.03      0.05       0.05 f
  n252 (net)                                    4         0.00                0.00       0.05 f
  U4619/Y (INV_X2P5M_A6P5PP140ZTS_C35)                              0.03      0.03       0.08 r
  bf16_acc_o[2][5] (net)                        3         0.01                0.00       0.08 r
  U2057/Y (OAI22_X1M_A6P5PP140ZTS_C35)                              0.03      0.03       0.11 f
  n1858 (net)                                   1         0.00                0.00       0.11 f
  U3894/Y (NOR2_X2TA_A6P5PP140ZTS_C35)                              0.02      0.02       0.13 r
  n4844 (net)                                   2         0.00                0.00       0.13 r
  U4617/Y (OAI21_X2M_A6P5PP140ZTS_C35)                              0.02      0.02       0.15 f
  n4847 (net)                                   1         0.00                0.00       0.15 f
  U5624/Y (OAI21_X2M_A6P5PP140ZTS_C35)                              0.02      0.02       0.17 r
  n4856 (net)                                   1         0.00                0.00       0.17 r
  U2379/Y (AOI21_X3M_A6P5PP140ZTS_C35)                              0.02      0.02       0.19 f
  n4978 (net)                                   2         0.00                0.00       0.19 f
  U1938/Y (BUF_X10M_A6P5PP140ZTS_C35)                               0.02      0.03       0.22 f
  n5037 (net)                                   9         0.01                0.00       0.22 f
  U8249/Y (MXIT2_X3M_A6P5PP140ZTS_C35)                              0.03      0.02       0.24 r
  n5027 (net)                                   3         0.00                0.00       0.24 r
  U8250/Y (INV_X1M_A6P5PP140ZTS_C35)                                0.02      0.02       0.25 f
  n5008 (net)                                   3         0.00                0.00       0.25 f
  U8294/Y (OA21B_X1M_A6P5PP140ZTS_C35)                              0.02      0.02       0.27 r
  n4895 (net)                                   1         0.00                0.00       0.27 r
  U8295/Y (NAND4_X1A_A6P5PP140ZTS_C35)                              0.03      0.02       0.29 f
  n4896 (net)                                   1         0.00                0.00       0.29 f
  U3918/Y (NOR3_X1TA_A6P5PP140ZTS_C35)                              0.02      0.02       0.31 r
  n4948 (net)                                   1         0.00                0.00       0.31 r
  U8325/Y (OAI21_X0P5M_A6P5PP140ZTS_C35)                            0.02      0.02       0.33 f
  n4949 (net)                                   1         0.00                0.00       0.33 f
  U1853/Y (NOR2_X1TA_A6P5PP140ZTS_C35)                              0.02      0.02       0.35 r
  n4971 (net)                                   1         0.00                0.00       0.35 r
  U8347/Y (NOR2_X2A_A6P5PP140ZTS_C35)                               0.02      0.01       0.37 f
  u_dut/u_bf16_accum/G_BF16_LANE[2].u_acc/U1/fr[0] (net)
                                                3         0.00                0.00       0.37 f
  U3924/Y (INV_X2M_A6P5PP140ZTS_C35)                                0.01      0.01       0.38 r
  n4981 (net)                                   2         0.00                0.00       0.38 r
  U8363/Y (NAND2_X2M_A6P5PP140ZTS_C35)                              0.03      0.02       0.40 f
  n5171 (net)                                   2         0.00                0.00       0.40 f
  U4116/Y (NOR2_X3TA_A6P5PP140ZTS_C35)                              0.02      0.02       0.42 r
  n5055 (net)                                   2         0.00                0.00       0.42 r
  U1565/Y (NAND2_X3M_A6P5PP140ZTS_C35)                              0.02      0.01       0.43 f
  n5050 (net)                                   2         0.00                0.00       0.43 f
  U4506/Y (OAI21_X3M_A6P5PP140ZTS_C35)                              0.03      0.03       0.46 r
  n5059 (net)                                   2         0.00                0.00       0.46 r
  U8410/Y (INV_X3M_A6P5PP140ZTS_C35)                                0.01      0.01       0.47 f
  n5075 (net)                                   3         0.00                0.00       0.47 f
  U4128/Y (OAI21_X2M_A6P5PP140ZTS_C35)                              0.02      0.02       0.49 r
  n5060 (net)                                   1         0.00                0.00       0.49 r
  U8411/Y (XNOR2_X3M_A6P5PP140ZTS_C35)                              0.03      0.04       0.53 r
  n5329 (net)                                   5         0.00                0.00       0.53 r
  U4130/Y (INV_X2M_A6P5PP140ZTS_C35)                                0.02      0.02       0.55 f
  n5308 (net)                                   3         0.00                0.00       0.55 f
  U5521/Y (OAI22BB_X2M_A6P5PP140ZTS_C35)                            0.02      0.02       0.57 r
  n5079 (net)                                   1         0.00                0.00       0.57 r
  U2443/Y (NOR2_X3A_A6P5PP140ZTS_C35)                               0.01      0.01       0.58 f
  n5328 (net)                                   2         0.00                0.00       0.58 f
  U2719/Y (NOR2_X4A_A6P5PP140ZTS_C35)                               0.02      0.02       0.60 r
  n5107 (net)                                   4         0.00                0.00       0.60 r
  U4625/Y (NOR2_X3A_A6P5PP140ZTS_C35)                               0.01      0.01       0.61 f
  n5103 (net)                                   2         0.00                0.00       0.61 f
  U4832/Y (XNOR2_X2M_A6P5PP140ZTS_C35)                              0.03      0.03       0.64 f
  n2001 (net)                                   1         0.00                0.00       0.64 f
  U3165/Y (NAND2_X3M_A6P5PP140ZTS_C35)                              0.02      0.02       0.66 r
  n1241 (net)                                   2         0.00                0.00       0.66 r
  U3163/Y (AND2_X4M_A6P5PP140ZTS_C35)                               0.01      0.02       0.68 r
  n5120 (net)                                   2         0.00                0.00       0.68 r
  U5412/Y (NOR2_X1P4M_A6P5PP140ZTS_C35)                             0.02      0.02       0.69 f
  n5153 (net)                                   3         0.00                0.00       0.69 f
  U3176/Y (NOR2_X1A_A6P5PP140ZTS_C35)                               0.04      0.04       0.73 r
  n5122 (net)                                   2         0.00                0.00       0.73 r
  U1241/Y (NAND3_X1TA_A6P5PP140ZTS_C35)                             0.02      0.02       0.75 f
  n1182 (net)                                   1         0.00                0.00       0.75 f
  U2925/Y (NAND3_X1TA_A6P5PP140ZTS_C35)                             0.02      0.02       0.77 r
  n5134 (net)                                   1         0.00                0.00       0.77 r
  U5553/Y (XNOR2_X0P5M_A6P5PP140ZTS_C35)                            0.04      0.04       0.80 r
  n5205 (net)                                   2         0.00                0.00       0.80 r
  U3467/Y (NOR2_X2A_A6P5PP140ZTS_C35)                               0.01      0.01       0.82 f
  n1531 (net)                                   1         0.00                0.00       0.82 f
  U2705/Y (NAND2_X1P4TA_A6P5PP140ZTS_C35)                           0.02      0.02       0.84 r
  n1168 (net)                                   2         0.00                0.00       0.84 r
  U2867/Y (NAND2_X3M_A6P5PP140ZTS_C35)                              0.02      0.01       0.85 f
  n12863 (net)                                  4         0.00                0.00       0.85 f
  U1132/Y (NOR2_X1A_A6P5PP140ZTS_C35)                               0.02      0.02       0.87 r
  n1859 (net)                                   1         0.00                0.00       0.87 r
  U4620/Y (INV_X2M_A6P5PP140ZTS_C35)                                0.02      0.02       0.89 f
  n11668 (net)                                  7         0.00                0.00       0.89 f
  U13812/Y (OAI211_X0P5M_A6P5PP140ZTS_C35)                          0.03      0.03       0.91 r
  n743 (net)                                    1         0.00                0.00       0.91 r
  u_dut/u_bf16_accum/acc_o_reg[2][4]/D (DFFRPQNA_X1M_A6P5PP140ZTS_C35)
                                                                    0.03      0.00       0.91 r
  data arrival time                                                                      0.91

  clock clk (rise edge)                                                       1.00       1.00
  clock network delay (ideal)                                                 0.00       1.00
  clock uncertainty                                                          -0.05       0.95
  u_dut/u_bf16_accum/acc_o_reg[2][4]/CK (DFFRPQNA_X1M_A6P5PP140ZTS_C35)       0.00       0.95 r
  library setup time                                                         -0.04       0.91
  data required time                                                                     0.91
  ----------------------------------------------------------------------------------------------
  data required time                                                                     0.91
  data arrival time                                                                     -0.91
  ----------------------------------------------------------------------------------------------
  slack (MET)                                                                            0.00


  Startpoint: u_dut/u_bf16_accum/acc_o_reg[2][5]
              (rising edge-triggered flip-flop clocked by clk)
  Endpoint: u_dut/u_bf16_accum/acc_o_reg[2][6]
            (rising edge-triggered flip-flop clocked by clk)
  Path Group: clk
  Path Type: max

  Des/Clust/Port     Wire Load Model       Library
  ------------------------------------------------
  char_top           Zero                  sc6p5mcpp140z_cln22ul_base_svt_c35_tt_typical_max_0p80v_25c

  Point                                       Fanout       Cap     Trans      Incr       Path
  ----------------------------------------------------------------------------------------------
  clock clk (rise edge)                                                       0.00       0.00
  clock network delay (ideal)                                                 0.00       0.00
  u_dut/u_bf16_accum/acc_o_reg[2][5]/CK (DFFRPQNA_X2M_A6P5PP140ZTS_C35)
                                                                    0.00      0.00 #     0.00 r
  u_dut/u_bf16_accum/acc_o_reg[2][5]/QN (DFFRPQNA_X2M_A6P5PP140ZTS_C35)
                                                                    0.03      0.05       0.05 f
  n252 (net)                                    4         0.00                0.00       0.05 f
  U4619/Y (INV_X2P5M_A6P5PP140ZTS_C35)                              0.03      0.03       0.08 r
  bf16_acc_o[2][5] (net)                        3         0.01                0.00       0.08 r
  U2057/Y (OAI22_X1M_A6P5PP140ZTS_C35)                              0.03      0.03       0.11 f
  n1858 (net)                                   1         0.00                0.00       0.11 f
  U3894/Y (NOR2_X2TA_A6P5PP140ZTS_C35)                              0.02      0.02       0.13 r
  n4844 (net)                                   2         0.00                0.00       0.13 r
  U4617/Y (OAI21_X2M_A6P5PP140ZTS_C35)                              0.02      0.02       0.15 f
  n4847 (net)                                   1         0.00                0.00       0.15 f
  U5624/Y (OAI21_X2M_A6P5PP140ZTS_C35)                              0.02      0.02       0.17 r
  n4856 (net)                                   1         0.00                0.00       0.17 r
  U2379/Y (AOI21_X3M_A6P5PP140ZTS_C35)                              0.02      0.02       0.19 f
  n4978 (net)                                   2         0.00                0.00       0.19 f
  U1938/Y (BUF_X10M_A6P5PP140ZTS_C35)                               0.02      0.03       0.22 f
  n5037 (net)                                   9         0.01                0.00       0.22 f
  U8249/Y (MXIT2_X3M_A6P5PP140ZTS_C35)                              0.03      0.02       0.24 r
  n5027 (net)                                   3         0.00                0.00       0.24 r
  U8250/Y (INV_X1M_A6P5PP140ZTS_C35)                                0.02      0.02       0.25 f
  n5008 (net)                                   3         0.00                0.00       0.25 f
  U8294/Y (OA21B_X1M_A6P5PP140ZTS_C35)                              0.02      0.02       0.27 r
  n4895 (net)                                   1         0.00                0.00       0.27 r
  U8295/Y (NAND4_X1A_A6P5PP140ZTS_C35)                              0.03      0.02       0.29 f
  n4896 (net)                                   1         0.00                0.00       0.29 f
  U3918/Y (NOR3_X1TA_A6P5PP140ZTS_C35)                              0.02      0.02       0.31 r
  n4948 (net)                                   1         0.00                0.00       0.31 r
  U8325/Y (OAI21_X0P5M_A6P5PP140ZTS_C35)                            0.02      0.02       0.33 f
  n4949 (net)                                   1         0.00                0.00       0.33 f
  U1853/Y (NOR2_X1TA_A6P5PP140ZTS_C35)                              0.02      0.02       0.35 r
  n4971 (net)                                   1         0.00                0.00       0.35 r
  U8347/Y (NOR2_X2A_A6P5PP140ZTS_C35)                               0.02      0.01       0.37 f
  u_dut/u_bf16_accum/G_BF16_LANE[2].u_acc/U1/fr[0] (net)
                                                3         0.00                0.00       0.37 f
  U3924/Y (INV_X2M_A6P5PP140ZTS_C35)                                0.01      0.01       0.38 r
  n4981 (net)                                   2         0.00                0.00       0.38 r
  U8363/Y (NAND2_X2M_A6P5PP140ZTS_C35)                              0.03      0.02       0.40 f
  n5171 (net)                                   2         0.00                0.00       0.40 f
  U4116/Y (NOR2_X3TA_A6P5PP140ZTS_C35)                              0.02      0.02       0.42 r
  n5055 (net)                                   2         0.00                0.00       0.42 r
  U1565/Y (NAND2_X3M_A6P5PP140ZTS_C35)                              0.02      0.01       0.43 f
  n5050 (net)                                   2         0.00                0.00       0.43 f
  U4506/Y (OAI21_X3M_A6P5PP140ZTS_C35)                              0.03      0.03       0.46 r
  n5059 (net)                                   2         0.00                0.00       0.46 r
  U8410/Y (INV_X3M_A6P5PP140ZTS_C35)                                0.01      0.01       0.47 f
  n5075 (net)                                   3         0.00                0.00       0.47 f
  U4128/Y (OAI21_X2M_A6P5PP140ZTS_C35)                              0.02      0.02       0.49 r
  n5060 (net)                                   1         0.00                0.00       0.49 r
  U8411/Y (XNOR2_X3M_A6P5PP140ZTS_C35)                              0.03      0.04       0.53 r
  n5329 (net)                                   5         0.00                0.00       0.53 r
  U4130/Y (INV_X2M_A6P5PP140ZTS_C35)                                0.02      0.02       0.55 f
  n5308 (net)                                   3         0.00                0.00       0.55 f
  U5521/Y (OAI22BB_X2M_A6P5PP140ZTS_C35)                            0.02      0.02       0.57 r
  n5079 (net)                                   1         0.00                0.00       0.57 r
  U2443/Y (NOR2_X3A_A6P5PP140ZTS_C35)                               0.01      0.01       0.58 f
  n5328 (net)                                   2         0.00                0.00       0.58 f
  U2719/Y (NOR2_X4A_A6P5PP140ZTS_C35)                               0.02      0.02       0.60 r
  n5107 (net)                                   4         0.00                0.00       0.60 r
  U4625/Y (NOR2_X3A_A6P5PP140ZTS_C35)                               0.01      0.01       0.61 f
  n5103 (net)                                   2         0.00                0.00       0.61 f
  U4832/Y (XNOR2_X2M_A6P5PP140ZTS_C35)                              0.03      0.03       0.64 f
  n2001 (net)                                   1         0.00                0.00       0.64 f
  U3165/Y (NAND2_X3M_A6P5PP140ZTS_C35)                              0.02      0.02       0.66 r
  n1241 (net)                                   2         0.00                0.00       0.66 r
  U3163/Y (AND2_X4M_A6P5PP140ZTS_C35)                               0.01      0.02       0.68 r
  n5120 (net)                                   2         0.00                0.00       0.68 r
  U5412/Y (NOR2_X1P4M_A6P5PP140ZTS_C35)                             0.02      0.02       0.69 f
  n5153 (net)                                   3         0.00                0.00       0.69 f
  U3176/Y (NOR2_X1A_A6P5PP140ZTS_C35)                               0.04      0.04       0.73 r
  n5122 (net)                                   2         0.00                0.00       0.73 r
  U1241/Y (NAND3_X1TA_A6P5PP140ZTS_C35)                             0.02      0.02       0.75 f
  n1182 (net)                                   1         0.00                0.00       0.75 f
  U2925/Y (NAND3_X1TA_A6P5PP140ZTS_C35)                             0.02      0.02       0.77 r
  n5134 (net)                                   1         0.00                0.00       0.77 r
  U5553/Y (XNOR2_X0P5M_A6P5PP140ZTS_C35)                            0.04      0.04       0.80 r
  n5205 (net)                                   2         0.00                0.00       0.80 r
  U3467/Y (NOR2_X2A_A6P5PP140ZTS_C35)                               0.01      0.01       0.82 f
  n1531 (net)                                   1         0.00                0.00       0.82 f
  U2705/Y (NAND2_X1P4TA_A6P5PP140ZTS_C35)                           0.02      0.02       0.84 r
  n1168 (net)                                   2         0.00                0.00       0.84 r
  U2867/Y (NAND2_X3M_A6P5PP140ZTS_C35)                              0.02      0.01       0.85 f
  n12863 (net)                                  4         0.00                0.00       0.85 f
  U1132/Y (NOR2_X1A_A6P5PP140ZTS_C35)                               0.02      0.02       0.87 r
  n1859 (net)                                   1         0.00                0.00       0.87 r
  U4620/Y (INV_X2M_A6P5PP140ZTS_C35)                                0.02      0.02       0.89 f
  n11668 (net)                                  7         0.00                0.00       0.89 f
  U13809/Y (OAI211_X0P5M_A6P5PP140ZTS_C35)                          0.03      0.03       0.91 r
  n741 (net)                                    1         0.00                0.00       0.91 r
  u_dut/u_bf16_accum/acc_o_reg[2][6]/D (DFFRPQNA_X1M_A6P5PP140ZTS_C35)
                                                                    0.03      0.00       0.91 r
  data arrival time                                                                      0.91

  clock clk (rise edge)                                                       1.00       1.00
  clock network delay (ideal)                                                 0.00       1.00
  clock uncertainty                                                          -0.05       0.95
  u_dut/u_bf16_accum/acc_o_reg[2][6]/CK (DFFRPQNA_X1M_A6P5PP140ZTS_C35)       0.00       0.95 r
  library setup time                                                         -0.04       0.91
  data required time                                                                     0.91
  ----------------------------------------------------------------------------------------------
  data required time                                                                     0.91
  data arrival time                                                                     -0.91
  ----------------------------------------------------------------------------------------------
  slack (MET)                                                                            0.00


  Startpoint: u_dut/u_bf16_accum/acc_o_reg[2][5]
              (rising edge-triggered flip-flop clocked by clk)
  Endpoint: u_dut/u_bf16_accum/acc_o_reg[2][0]
            (rising edge-triggered flip-flop clocked by clk)
  Path Group: clk
  Path Type: max

  Des/Clust/Port     Wire Load Model       Library
  ------------------------------------------------
  char_top           Zero                  sc6p5mcpp140z_cln22ul_base_svt_c35_tt_typical_max_0p80v_25c

  Point                                       Fanout       Cap     Trans      Incr       Path
  ----------------------------------------------------------------------------------------------
  clock clk (rise edge)                                                       0.00       0.00
  clock network delay (ideal)                                                 0.00       0.00
  u_dut/u_bf16_accum/acc_o_reg[2][5]/CK (DFFRPQNA_X2M_A6P5PP140ZTS_C35)
                                                                    0.00      0.00 #     0.00 r
  u_dut/u_bf16_accum/acc_o_reg[2][5]/QN (DFFRPQNA_X2M_A6P5PP140ZTS_C35)
                                                                    0.03      0.05       0.05 f
  n252 (net)                                    4         0.00                0.00       0.05 f
  U4619/Y (INV_X2P5M_A6P5PP140ZTS_C35)                              0.03      0.03       0.08 r
  bf16_acc_o[2][5] (net)                        3         0.01                0.00       0.08 r
  U2057/Y (OAI22_X1M_A6P5PP140ZTS_C35)                              0.03      0.03       0.11 f
  n1858 (net)                                   1         0.00                0.00       0.11 f
  U3894/Y (NOR2_X2TA_A6P5PP140ZTS_C35)                              0.02      0.02       0.13 r
  n4844 (net)                                   2         0.00                0.00       0.13 r
  U4617/Y (OAI21_X2M_A6P5PP140ZTS_C35)                              0.02      0.02       0.15 f
  n4847 (net)                                   1         0.00                0.00       0.15 f
  U5624/Y (OAI21_X2M_A6P5PP140ZTS_C35)                              0.02      0.02       0.17 r
  n4856 (net)                                   1         0.00                0.00       0.17 r
  U2379/Y (AOI21_X3M_A6P5PP140ZTS_C35)                              0.02      0.02       0.19 f
  n4978 (net)                                   2         0.00                0.00       0.19 f
  U1938/Y (BUF_X10M_A6P5PP140ZTS_C35)                               0.02      0.03       0.22 f
  n5037 (net)                                   9         0.01                0.00       0.22 f
  U8249/Y (MXIT2_X3M_A6P5PP140ZTS_C35)                              0.03      0.02       0.24 r
  n5027 (net)                                   3         0.00                0.00       0.24 r
  U8250/Y (INV_X1M_A6P5PP140ZTS_C35)                                0.02      0.02       0.25 f
  n5008 (net)                                   3         0.00                0.00       0.25 f
  U8294/Y (OA21B_X1M_A6P5PP140ZTS_C35)                              0.02      0.02       0.27 r
  n4895 (net)                                   1         0.00                0.00       0.27 r
  U8295/Y (NAND4_X1A_A6P5PP140ZTS_C35)                              0.03      0.02       0.29 f
  n4896 (net)                                   1         0.00                0.00       0.29 f
  U3918/Y (NOR3_X1TA_A6P5PP140ZTS_C35)                              0.02      0.02       0.31 r
  n4948 (net)                                   1         0.00                0.00       0.31 r
  U8325/Y (OAI21_X0P5M_A6P5PP140ZTS_C35)                            0.02      0.02       0.33 f
  n4949 (net)                                   1         0.00                0.00       0.33 f
  U1853/Y (NOR2_X1TA_A6P5PP140ZTS_C35)                              0.02      0.02       0.35 r
  n4971 (net)                                   1         0.00                0.00       0.35 r
  U8347/Y (NOR2_X2A_A6P5PP140ZTS_C35)                               0.02      0.01       0.37 f
  u_dut/u_bf16_accum/G_BF16_LANE[2].u_acc/U1/fr[0] (net)
                                                3         0.00                0.00       0.37 f
  U3924/Y (INV_X2M_A6P5PP140ZTS_C35)                                0.01      0.01       0.38 r
  n4981 (net)                                   2         0.00                0.00       0.38 r
  U8363/Y (NAND2_X2M_A6P5PP140ZTS_C35)                              0.03      0.02       0.40 f
  n5171 (net)                                   2         0.00                0.00       0.40 f
  U4116/Y (NOR2_X3TA_A6P5PP140ZTS_C35)                              0.02      0.02       0.42 r
  n5055 (net)                                   2         0.00                0.00       0.42 r
  U1565/Y (NAND2_X3M_A6P5PP140ZTS_C35)                              0.02      0.01       0.43 f
  n5050 (net)                                   2         0.00                0.00       0.43 f
  U4506/Y (OAI21_X3M_A6P5PP140ZTS_C35)                              0.03      0.03       0.46 r
  n5059 (net)                                   2         0.00                0.00       0.46 r
  U8410/Y (INV_X3M_A6P5PP140ZTS_C35)                                0.01      0.01       0.47 f
  n5075 (net)                                   3         0.00                0.00       0.47 f
  U4128/Y (OAI21_X2M_A6P5PP140ZTS_C35)                              0.02      0.02       0.49 r
  n5060 (net)                                   1         0.00                0.00       0.49 r
  U8411/Y (XNOR2_X3M_A6P5PP140ZTS_C35)                              0.03      0.04       0.53 r
  n5329 (net)                                   5         0.00                0.00       0.53 r
  U4130/Y (INV_X2M_A6P5PP140ZTS_C35)                                0.02      0.02       0.55 f
  n5308 (net)                                   3         0.00                0.00       0.55 f
  U5521/Y (OAI22BB_X2M_A6P5PP140ZTS_C35)                            0.02      0.02       0.57 r
  n5079 (net)                                   1         0.00                0.00       0.57 r
  U2443/Y (NOR2_X3A_A6P5PP140ZTS_C35)                               0.01      0.01       0.58 f
  n5328 (net)                                   2         0.00                0.00       0.58 f
  U2719/Y (NOR2_X4A_A6P5PP140ZTS_C35)                               0.02      0.02       0.60 r
  n5107 (net)                                   4         0.00                0.00       0.60 r
  U4625/Y (NOR2_X3A_A6P5PP140ZTS_C35)                               0.01      0.01       0.61 f
  n5103 (net)                                   2         0.00                0.00       0.61 f
  U4832/Y (XNOR2_X2M_A6P5PP140ZTS_C35)                              0.03      0.03       0.64 f
  n2001 (net)                                   1         0.00                0.00       0.64 f
  U3165/Y (NAND2_X3M_A6P5PP140ZTS_C35)                              0.02      0.02       0.66 r
  n1241 (net)                                   2         0.00                0.00       0.66 r
  U3163/Y (AND2_X4M_A6P5PP140ZTS_C35)                               0.01      0.02       0.68 r
  n5120 (net)                                   2         0.00                0.00       0.68 r
  U5412/Y (NOR2_X1P4M_A6P5PP140ZTS_C35)                             0.02      0.02       0.69 f
  n5153 (net)                                   3         0.00                0.00       0.69 f
  U3176/Y (NOR2_X1A_A6P5PP140ZTS_C35)                               0.04      0.04       0.73 r
  n5122 (net)                                   2         0.00                0.00       0.73 r
  U1241/Y (NAND3_X1TA_A6P5PP140ZTS_C35)                             0.02      0.02       0.75 f
  n1182 (net)                                   1         0.00                0.00       0.75 f
  U2925/Y (NAND3_X1TA_A6P5PP140ZTS_C35)                             0.02      0.02       0.77 r
  n5134 (net)                                   1         0.00                0.00       0.77 r
  U5553/Y (XNOR2_X0P5M_A6P5PP140ZTS_C35)                            0.04      0.04       0.80 r
  n5205 (net)                                   2         0.00                0.00       0.80 r
  U3467/Y (NOR2_X2A_A6P5PP140ZTS_C35)                               0.01      0.01       0.82 f
  n1531 (net)                                   1         0.00                0.00       0.82 f
  U2705/Y (NAND2_X1P4TA_A6P5PP140ZTS_C35)                           0.02      0.02       0.84 r
  n1168 (net)                                   2         0.00                0.00       0.84 r
  U2867/Y (NAND2_X3M_A6P5PP140ZTS_C35)                              0.02      0.01       0.85 f
  n12863 (net)                                  4         0.00                0.00       0.85 f
  U1132/Y (NOR2_X1A_A6P5PP140ZTS_C35)                               0.02      0.02       0.87 r
  n1859 (net)                                   1         0.00                0.00       0.87 r
  U4620/Y (INV_X2M_A6P5PP140ZTS_C35)                                0.02      0.02       0.89 f
  n11668 (net)                                  7         0.00                0.00       0.89 f
  U13827/Y (OAI211_X0P5M_A6P5PP140ZTS_C35)                          0.03      0.03       0.91 r
  n747 (net)                                    1         0.00                0.00       0.91 r
  u_dut/u_bf16_accum/acc_o_reg[2][0]/D (DFFRPQNA_X1M_A6P5PP140ZTS_C35)
                                                                    0.03      0.00       0.91 r
  data arrival time                                                                      0.91

  clock clk (rise edge)                                                       1.00       1.00
  clock network delay (ideal)                                                 0.00       1.00
  clock uncertainty                                                          -0.05       0.95
  u_dut/u_bf16_accum/acc_o_reg[2][0]/CK (DFFRPQNA_X1M_A6P5PP140ZTS_C35)       0.00       0.95 r
  library setup time                                                         -0.04       0.91
  data required time                                                                     0.91
  ----------------------------------------------------------------------------------------------
  data required time                                                                     0.91
  data arrival time                                                                     -0.91
  ----------------------------------------------------------------------------------------------
  slack (MET)                                                                            0.00


  Startpoint: u_dut/u_bf16_accum/acc_o_reg[2][5]
              (rising edge-triggered flip-flop clocked by clk)
  Endpoint: u_dut/u_bf16_accum/acc_o_reg[2][1]
            (rising edge-triggered flip-flop clocked by clk)
  Path Group: clk
  Path Type: max

  Des/Clust/Port     Wire Load Model       Library
  ------------------------------------------------
  char_top           Zero                  sc6p5mcpp140z_cln22ul_base_svt_c35_tt_typical_max_0p80v_25c

  Point                                       Fanout       Cap     Trans      Incr       Path
  ----------------------------------------------------------------------------------------------
  clock clk (rise edge)                                                       0.00       0.00
  clock network delay (ideal)                                                 0.00       0.00
  u_dut/u_bf16_accum/acc_o_reg[2][5]/CK (DFFRPQNA_X2M_A6P5PP140ZTS_C35)
                                                                    0.00      0.00 #     0.00 r
  u_dut/u_bf16_accum/acc_o_reg[2][5]/QN (DFFRPQNA_X2M_A6P5PP140ZTS_C35)
                                                                    0.03      0.05       0.05 f
  n252 (net)                                    4         0.00                0.00       0.05 f
  U4619/Y (INV_X2P5M_A6P5PP140ZTS_C35)                              0.03      0.03       0.08 r
  bf16_acc_o[2][5] (net)                        3         0.01                0.00       0.08 r
  U2057/Y (OAI22_X1M_A6P5PP140ZTS_C35)                              0.03      0.03       0.11 f
  n1858 (net)                                   1         0.00                0.00       0.11 f
  U3894/Y (NOR2_X2TA_A6P5PP140ZTS_C35)                              0.02      0.02       0.13 r
  n4844 (net)                                   2         0.00                0.00       0.13 r
  U4617/Y (OAI21_X2M_A6P5PP140ZTS_C35)                              0.02      0.02       0.15 f
  n4847 (net)                                   1         0.00                0.00       0.15 f
  U5624/Y (OAI21_X2M_A6P5PP140ZTS_C35)                              0.02      0.02       0.17 r
  n4856 (net)                                   1         0.00                0.00       0.17 r
  U2379/Y (AOI21_X3M_A6P5PP140ZTS_C35)                              0.02      0.02       0.19 f
  n4978 (net)                                   2         0.00                0.00       0.19 f
  U1938/Y (BUF_X10M_A6P5PP140ZTS_C35)                               0.02      0.03       0.22 f
  n5037 (net)                                   9         0.01                0.00       0.22 f
  U8249/Y (MXIT2_X3M_A6P5PP140ZTS_C35)                              0.03      0.02       0.24 r
  n5027 (net)                                   3         0.00                0.00       0.24 r
  U8250/Y (INV_X1M_A6P5PP140ZTS_C35)                                0.02      0.02       0.25 f
  n5008 (net)                                   3         0.00                0.00       0.25 f
  U8294/Y (OA21B_X1M_A6P5PP140ZTS_C35)                              0.02      0.02       0.27 r
  n4895 (net)                                   1         0.00                0.00       0.27 r
  U8295/Y (NAND4_X1A_A6P5PP140ZTS_C35)                              0.03      0.02       0.29 f
  n4896 (net)                                   1         0.00                0.00       0.29 f
  U3918/Y (NOR3_X1TA_A6P5PP140ZTS_C35)                              0.02      0.02       0.31 r
  n4948 (net)                                   1         0.00                0.00       0.31 r
  U8325/Y (OAI21_X0P5M_A6P5PP140ZTS_C35)                            0.02      0.02       0.33 f
  n4949 (net)                                   1         0.00                0.00       0.33 f
  U1853/Y (NOR2_X1TA_A6P5PP140ZTS_C35)                              0.02      0.02       0.35 r
  n4971 (net)                                   1         0.00                0.00       0.35 r
  U8347/Y (NOR2_X2A_A6P5PP140ZTS_C35)                               0.02      0.01       0.37 f
  u_dut/u_bf16_accum/G_BF16_LANE[2].u_acc/U1/fr[0] (net)
                                                3         0.00                0.00       0.37 f
  U3924/Y (INV_X2M_A6P5PP140ZTS_C35)                                0.01      0.01       0.38 r
  n4981 (net)                                   2         0.00                0.00       0.38 r
  U8363/Y (NAND2_X2M_A6P5PP140ZTS_C35)                              0.03      0.02       0.40 f
  n5171 (net)                                   2         0.00                0.00       0.40 f
  U4116/Y (NOR2_X3TA_A6P5PP140ZTS_C35)                              0.02      0.02       0.42 r
  n5055 (net)                                   2         0.00                0.00       0.42 r
  U1565/Y (NAND2_X3M_A6P5PP140ZTS_C35)                              0.02      0.01       0.43 f
  n5050 (net)                                   2         0.00                0.00       0.43 f
  U4506/Y (OAI21_X3M_A6P5PP140ZTS_C35)                              0.03      0.03       0.46 r
  n5059 (net)                                   2         0.00                0.00       0.46 r
  U8410/Y (INV_X3M_A6P5PP140ZTS_C35)                                0.01      0.01       0.47 f
  n5075 (net)                                   3         0.00                0.00       0.47 f
  U4128/Y (OAI21_X2M_A6P5PP140ZTS_C35)                              0.02      0.02       0.49 r
  n5060 (net)                                   1         0.00                0.00       0.49 r
  U8411/Y (XNOR2_X3M_A6P5PP140ZTS_C35)                              0.03      0.04       0.53 r
  n5329 (net)                                   5         0.00                0.00       0.53 r
  U4130/Y (INV_X2M_A6P5PP140ZTS_C35)                                0.02      0.02       0.55 f
  n5308 (net)                                   3         0.00                0.00       0.55 f
  U5521/Y (OAI22BB_X2M_A6P5PP140ZTS_C35)                            0.02      0.02       0.57 r
  n5079 (net)                                   1         0.00                0.00       0.57 r
  U2443/Y (NOR2_X3A_A6P5PP140ZTS_C35)                               0.01      0.01       0.58 f
  n5328 (net)                                   2         0.00                0.00       0.58 f
  U2719/Y (NOR2_X4A_A6P5PP140ZTS_C35)                               0.02      0.02       0.60 r
  n5107 (net)                                   4         0.00                0.00       0.60 r
  U4625/Y (NOR2_X3A_A6P5PP140ZTS_C35)                               0.01      0.01       0.61 f
  n5103 (net)                                   2         0.00                0.00       0.61 f
  U4832/Y (XNOR2_X2M_A6P5PP140ZTS_C35)                              0.03      0.03       0.64 f
  n2001 (net)                                   1         0.00                0.00       0.64 f
  U3165/Y (NAND2_X3M_A6P5PP140ZTS_C35)                              0.02      0.02       0.66 r
  n1241 (net)                                   2         0.00                0.00       0.66 r
  U3163/Y (AND2_X4M_A6P5PP140ZTS_C35)                               0.01      0.02       0.68 r
  n5120 (net)                                   2         0.00                0.00       0.68 r
  U5412/Y (NOR2_X1P4M_A6P5PP140ZTS_C35)                             0.02      0.02       0.69 f
  n5153 (net)                                   3         0.00                0.00       0.69 f
  U3176/Y (NOR2_X1A_A6P5PP140ZTS_C35)                               0.04      0.04       0.73 r
  n5122 (net)                                   2         0.00                0.00       0.73 r
  U1241/Y (NAND3_X1TA_A6P5PP140ZTS_C35)                             0.02      0.02       0.75 f
  n1182 (net)                                   1         0.00                0.00       0.75 f
  U2925/Y (NAND3_X1TA_A6P5PP140ZTS_C35)                             0.02      0.02       0.77 r
  n5134 (net)                                   1         0.00                0.00       0.77 r
  U5553/Y (XNOR2_X0P5M_A6P5PP140ZTS_C35)                            0.04      0.04       0.80 r
  n5205 (net)                                   2         0.00                0.00       0.80 r
  U3467/Y (NOR2_X2A_A6P5PP140ZTS_C35)                               0.01      0.01       0.82 f
  n1531 (net)                                   1         0.00                0.00       0.82 f
  U2705/Y (NAND2_X1P4TA_A6P5PP140ZTS_C35)                           0.02      0.02       0.84 r
  n1168 (net)                                   2         0.00                0.00       0.84 r
  U2867/Y (NAND2_X3M_A6P5PP140ZTS_C35)                              0.02      0.01       0.85 f
  n12863 (net)                                  4         0.00                0.00       0.85 f
  U1132/Y (NOR2_X1A_A6P5PP140ZTS_C35)                               0.02      0.02       0.87 r
  n1859 (net)                                   1         0.00                0.00       0.87 r
  U4620/Y (INV_X2M_A6P5PP140ZTS_C35)                                0.02      0.02       0.89 f
  n11668 (net)                                  7         0.00                0.00       0.89 f
  U13824/Y (OAI211_X0P5M_A6P5PP140ZTS_C35)                          0.03      0.03       0.91 r
  n746 (net)                                    1         0.00                0.00       0.91 r
  u_dut/u_bf16_accum/acc_o_reg[2][1]/D (DFFRPQNA_X1M_A6P5PP140ZTS_C35)
                                                                    0.03      0.00       0.91 r
  data arrival time                                                                      0.91

  clock clk (rise edge)                                                       1.00       1.00
  clock network delay (ideal)                                                 0.00       1.00
  clock uncertainty                                                          -0.05       0.95
  u_dut/u_bf16_accum/acc_o_reg[2][1]/CK (DFFRPQNA_X1M_A6P5PP140ZTS_C35)       0.00       0.95 r
  library setup time                                                         -0.04       0.91
  data required time                                                                     0.91
  ----------------------------------------------------------------------------------------------
  data required time                                                                     0.91
  data arrival time                                                                     -0.91
  ----------------------------------------------------------------------------------------------
  slack (MET)                                                                            0.00


  Startpoint: u_dut/u_bf16_accum/acc_o_reg[2][5]
              (rising edge-triggered flip-flop clocked by clk)
  Endpoint: u_dut/u_bf16_accum/acc_o_reg[2][2]
            (rising edge-triggered flip-flop clocked by clk)
  Path Group: clk
  Path Type: max

  Des/Clust/Port     Wire Load Model       Library
  ------------------------------------------------
  char_top           Zero                  sc6p5mcpp140z_cln22ul_base_svt_c35_tt_typical_max_0p80v_25c

  Point                                       Fanout       Cap     Trans      Incr       Path
  ----------------------------------------------------------------------------------------------
  clock clk (rise edge)                                                       0.00       0.00
  clock network delay (ideal)                                                 0.00       0.00
  u_dut/u_bf16_accum/acc_o_reg[2][5]/CK (DFFRPQNA_X2M_A6P5PP140ZTS_C35)
                                                                    0.00      0.00 #     0.00 r
  u_dut/u_bf16_accum/acc_o_reg[2][5]/QN (DFFRPQNA_X2M_A6P5PP140ZTS_C35)
                                                                    0.03      0.05       0.05 f
  n252 (net)                                    4         0.00                0.00       0.05 f
  U4619/Y (INV_X2P5M_A6P5PP140ZTS_C35)                              0.03      0.03       0.08 r
  bf16_acc_o[2][5] (net)                        3         0.01                0.00       0.08 r
  U2057/Y (OAI22_X1M_A6P5PP140ZTS_C35)                              0.03      0.03       0.11 f
  n1858 (net)                                   1         0.00                0.00       0.11 f
  U3894/Y (NOR2_X2TA_A6P5PP140ZTS_C35)                              0.02      0.02       0.13 r
  n4844 (net)                                   2         0.00                0.00       0.13 r
  U4617/Y (OAI21_X2M_A6P5PP140ZTS_C35)                              0.02      0.02       0.15 f
  n4847 (net)                                   1         0.00                0.00       0.15 f
  U5624/Y (OAI21_X2M_A6P5PP140ZTS_C35)                              0.02      0.02       0.17 r
  n4856 (net)                                   1         0.00                0.00       0.17 r
  U2379/Y (AOI21_X3M_A6P5PP140ZTS_C35)                              0.02      0.02       0.19 f
  n4978 (net)                                   2         0.00                0.00       0.19 f
  U1938/Y (BUF_X10M_A6P5PP140ZTS_C35)                               0.02      0.03       0.22 f
  n5037 (net)                                   9         0.01                0.00       0.22 f
  U8249/Y (MXIT2_X3M_A6P5PP140ZTS_C35)                              0.03      0.02       0.24 r
  n5027 (net)                                   3         0.00                0.00       0.24 r
  U8250/Y (INV_X1M_A6P5PP140ZTS_C35)                                0.02      0.02       0.25 f
  n5008 (net)                                   3         0.00                0.00       0.25 f
  U8294/Y (OA21B_X1M_A6P5PP140ZTS_C35)                              0.02      0.02       0.27 r
  n4895 (net)                                   1         0.00                0.00       0.27 r
  U8295/Y (NAND4_X1A_A6P5PP140ZTS_C35)                              0.03      0.02       0.29 f
  n4896 (net)                                   1         0.00                0.00       0.29 f
  U3918/Y (NOR3_X1TA_A6P5PP140ZTS_C35)                              0.02      0.02       0.31 r
  n4948 (net)                                   1         0.00                0.00       0.31 r
  U8325/Y (OAI21_X0P5M_A6P5PP140ZTS_C35)                            0.02      0.02       0.33 f
  n4949 (net)                                   1         0.00                0.00       0.33 f
  U1853/Y (NOR2_X1TA_A6P5PP140ZTS_C35)                              0.02      0.02       0.35 r
  n4971 (net)                                   1         0.00                0.00       0.35 r
  U8347/Y (NOR2_X2A_A6P5PP140ZTS_C35)                               0.02      0.01       0.37 f
  u_dut/u_bf16_accum/G_BF16_LANE[2].u_acc/U1/fr[0] (net)
                                                3         0.00                0.00       0.37 f
  U3924/Y (INV_X2M_A6P5PP140ZTS_C35)                                0.01      0.01       0.38 r
  n4981 (net)                                   2         0.00                0.00       0.38 r
  U8363/Y (NAND2_X2M_A6P5PP140ZTS_C35)                              0.03      0.02       0.40 f
  n5171 (net)                                   2         0.00                0.00       0.40 f
  U4116/Y (NOR2_X3TA_A6P5PP140ZTS_C35)                              0.02      0.02       0.42 r
  n5055 (net)                                   2         0.00                0.00       0.42 r
  U1565/Y (NAND2_X3M_A6P5PP140ZTS_C35)                              0.02      0.01       0.43 f
  n5050 (net)                                   2         0.00                0.00       0.43 f
  U4506/Y (OAI21_X3M_A6P5PP140ZTS_C35)                              0.03      0.03       0.46 r
  n5059 (net)                                   2         0.00                0.00       0.46 r
  U8410/Y (INV_X3M_A6P5PP140ZTS_C35)                                0.01      0.01       0.47 f
  n5075 (net)                                   3         0.00                0.00       0.47 f
  U4128/Y (OAI21_X2M_A6P5PP140ZTS_C35)                              0.02      0.02       0.49 r
  n5060 (net)                                   1         0.00                0.00       0.49 r
  U8411/Y (XNOR2_X3M_A6P5PP140ZTS_C35)                              0.03      0.04       0.53 r
  n5329 (net)                                   5         0.00                0.00       0.53 r
  U4130/Y (INV_X2M_A6P5PP140ZTS_C35)                                0.02      0.02       0.55 f
  n5308 (net)                                   3         0.00                0.00       0.55 f
  U5521/Y (OAI22BB_X2M_A6P5PP140ZTS_C35)                            0.02      0.02       0.57 r
  n5079 (net)                                   1         0.00                0.00       0.57 r
  U2443/Y (NOR2_X3A_A6P5PP140ZTS_C35)                               0.01      0.01       0.58 f
  n5328 (net)                                   2         0.00                0.00       0.58 f
  U2719/Y (NOR2_X4A_A6P5PP140ZTS_C35)                               0.02      0.02       0.60 r
  n5107 (net)                                   4         0.00                0.00       0.60 r
  U4625/Y (NOR2_X3A_A6P5PP140ZTS_C35)                               0.01      0.01       0.61 f
  n5103 (net)                                   2         0.00                0.00       0.61 f
  U4832/Y (XNOR2_X2M_A6P5PP140ZTS_C35)                              0.03      0.03       0.64 f
  n2001 (net)                                   1         0.00                0.00       0.64 f
  U3165/Y (NAND2_X3M_A6P5PP140ZTS_C35)                              0.02      0.02       0.66 r
  n1241 (net)                                   2         0.00                0.00       0.66 r
  U3163/Y (AND2_X4M_A6P5PP140ZTS_C35)                               0.01      0.02       0.68 r
  n5120 (net)                                   2         0.00                0.00       0.68 r
  U5412/Y (NOR2_X1P4M_A6P5PP140ZTS_C35)                             0.02      0.02       0.69 f
  n5153 (net)                                   3         0.00                0.00       0.69 f
  U3176/Y (NOR2_X1A_A6P5PP140ZTS_C35)                               0.04      0.04       0.73 r
  n5122 (net)                                   2         0.00                0.00       0.73 r
  U1241/Y (NAND3_X1TA_A6P5PP140ZTS_C35)                             0.02      0.02       0.75 f
  n1182 (net)                                   1         0.00                0.00       0.75 f
  U2925/Y (NAND3_X1TA_A6P5PP140ZTS_C35)                             0.02      0.02       0.77 r
  n5134 (net)                                   1         0.00                0.00       0.77 r
  U5553/Y (XNOR2_X0P5M_A6P5PP140ZTS_C35)                            0.04      0.04       0.80 r
  n5205 (net)                                   2         0.00                0.00       0.80 r
  U3467/Y (NOR2_X2A_A6P5PP140ZTS_C35)                               0.01      0.01       0.82 f
  n1531 (net)                                   1         0.00                0.00       0.82 f
  U2705/Y (NAND2_X1P4TA_A6P5PP140ZTS_C35)                           0.02      0.02       0.84 r
  n1168 (net)                                   2         0.00                0.00       0.84 r
  U2867/Y (NAND2_X3M_A6P5PP140ZTS_C35)                              0.02      0.01       0.85 f
  n12863 (net)                                  4         0.00                0.00       0.85 f
  U1132/Y (NOR2_X1A_A6P5PP140ZTS_C35)                               0.02      0.02       0.87 r
  n1859 (net)                                   1         0.00                0.00       0.87 r
  U4620/Y (INV_X2M_A6P5PP140ZTS_C35)                                0.02      0.02       0.89 f
  n11668 (net)                                  7         0.00                0.00       0.89 f
  U13821/Y (OAI211_X0P5M_A6P5PP140ZTS_C35)                          0.03      0.03       0.91 r
  n745 (net)                                    1         0.00                0.00       0.91 r
  u_dut/u_bf16_accum/acc_o_reg[2][2]/D (DFFRPQNA_X1M_A6P5PP140ZTS_C35)
                                                                    0.03      0.00       0.91 r
  data arrival time                                                                      0.91

  clock clk (rise edge)                                                       1.00       1.00
  clock network delay (ideal)                                                 0.00       1.00
  clock uncertainty                                                          -0.05       0.95
  u_dut/u_bf16_accum/acc_o_reg[2][2]/CK (DFFRPQNA_X1M_A6P5PP140ZTS_C35)       0.00       0.95 r
  library setup time                                                         -0.04       0.91
  data required time                                                                     0.91
  ----------------------------------------------------------------------------------------------
  data required time                                                                     0.91
  data arrival time                                                                     -0.91
  ----------------------------------------------------------------------------------------------
  slack (MET)                                                                            0.00


  Startpoint: u_dut/u_bf16_accum/acc_o_reg[2][5]
              (rising edge-triggered flip-flop clocked by clk)
  Endpoint: u_dut/u_bf16_accum/acc_o_reg[2][3]
            (rising edge-triggered flip-flop clocked by clk)
  Path Group: clk
  Path Type: max

  Des/Clust/Port     Wire Load Model       Library
  ------------------------------------------------
  char_top           Zero                  sc6p5mcpp140z_cln22ul_base_svt_c35_tt_typical_max_0p80v_25c

  Point                                       Fanout       Cap     Trans      Incr       Path
  ----------------------------------------------------------------------------------------------
  clock clk (rise edge)                                                       0.00       0.00
  clock network delay (ideal)                                                 0.00       0.00
  u_dut/u_bf16_accum/acc_o_reg[2][5]/CK (DFFRPQNA_X2M_A6P5PP140ZTS_C35)
                                                                    0.00      0.00 #     0.00 r
  u_dut/u_bf16_accum/acc_o_reg[2][5]/QN (DFFRPQNA_X2M_A6P5PP140ZTS_C35)
                                                                    0.03      0.05       0.05 f
  n252 (net)                                    4         0.00                0.00       0.05 f
  U4619/Y (INV_X2P5M_A6P5PP140ZTS_C35)                              0.03      0.03       0.08 r
  bf16_acc_o[2][5] (net)                        3         0.01                0.00       0.08 r
  U2057/Y (OAI22_X1M_A6P5PP140ZTS_C35)                              0.03      0.03       0.11 f
  n1858 (net)                                   1         0.00                0.00       0.11 f
  U3894/Y (NOR2_X2TA_A6P5PP140ZTS_C35)                              0.02      0.02       0.13 r
  n4844 (net)                                   2         0.00                0.00       0.13 r
  U4617/Y (OAI21_X2M_A6P5PP140ZTS_C35)                              0.02      0.02       0.15 f
  n4847 (net)                                   1         0.00                0.00       0.15 f
  U5624/Y (OAI21_X2M_A6P5PP140ZTS_C35)                              0.02      0.02       0.17 r
  n4856 (net)                                   1         0.00                0.00       0.17 r
  U2379/Y (AOI21_X3M_A6P5PP140ZTS_C35)                              0.02      0.02       0.19 f
  n4978 (net)                                   2         0.00                0.00       0.19 f
  U1938/Y (BUF_X10M_A6P5PP140ZTS_C35)                               0.02      0.03       0.22 f
  n5037 (net)                                   9         0.01                0.00       0.22 f
  U8249/Y (MXIT2_X3M_A6P5PP140ZTS_C35)                              0.03      0.02       0.24 r
  n5027 (net)                                   3         0.00                0.00       0.24 r
  U8250/Y (INV_X1M_A6P5PP140ZTS_C35)                                0.02      0.02       0.25 f
  n5008 (net)                                   3         0.00                0.00       0.25 f
  U8294/Y (OA21B_X1M_A6P5PP140ZTS_C35)                              0.02      0.02       0.27 r
  n4895 (net)                                   1         0.00                0.00       0.27 r
  U8295/Y (NAND4_X1A_A6P5PP140ZTS_C35)                              0.03      0.02       0.29 f
  n4896 (net)                                   1         0.00                0.00       0.29 f
  U3918/Y (NOR3_X1TA_A6P5PP140ZTS_C35)                              0.02      0.02       0.31 r
  n4948 (net)                                   1         0.00                0.00       0.31 r
  U8325/Y (OAI21_X0P5M_A6P5PP140ZTS_C35)                            0.02      0.02       0.33 f
  n4949 (net)                                   1         0.00                0.00       0.33 f
  U1853/Y (NOR2_X1TA_A6P5PP140ZTS_C35)                              0.02      0.02       0.35 r
  n4971 (net)                                   1         0.00                0.00       0.35 r
  U8347/Y (NOR2_X2A_A6P5PP140ZTS_C35)                               0.02      0.01       0.37 f
  u_dut/u_bf16_accum/G_BF16_LANE[2].u_acc/U1/fr[0] (net)
                                                3         0.00                0.00       0.37 f
  U3924/Y (INV_X2M_A6P5PP140ZTS_C35)                                0.01      0.01       0.38 r
  n4981 (net)                                   2         0.00                0.00       0.38 r
  U8363/Y (NAND2_X2M_A6P5PP140ZTS_C35)                              0.03      0.02       0.40 f
  n5171 (net)                                   2         0.00                0.00       0.40 f
  U4116/Y (NOR2_X3TA_A6P5PP140ZTS_C35)                              0.02      0.02       0.42 r
  n5055 (net)                                   2         0.00                0.00       0.42 r
  U1565/Y (NAND2_X3M_A6P5PP140ZTS_C35)                              0.02      0.01       0.43 f
  n5050 (net)                                   2         0.00                0.00       0.43 f
  U4506/Y (OAI21_X3M_A6P5PP140ZTS_C35)                              0.03      0.03       0.46 r
  n5059 (net)                                   2         0.00                0.00       0.46 r
  U8410/Y (INV_X3M_A6P5PP140ZTS_C35)                                0.01      0.01       0.47 f
  n5075 (net)                                   3         0.00                0.00       0.47 f
  U4128/Y (OAI21_X2M_A6P5PP140ZTS_C35)                              0.02      0.02       0.49 r
  n5060 (net)                                   1         0.00                0.00       0.49 r
  U8411/Y (XNOR2_X3M_A6P5PP140ZTS_C35)                              0.03      0.04       0.53 r
  n5329 (net)                                   5         0.00                0.00       0.53 r
  U4130/Y (INV_X2M_A6P5PP140ZTS_C35)                                0.02      0.02       0.55 f
  n5308 (net)                                   3         0.00                0.00       0.55 f
  U5521/Y (OAI22BB_X2M_A6P5PP140ZTS_C35)                            0.02      0.02       0.57 r
  n5079 (net)                                   1         0.00                0.00       0.57 r
  U2443/Y (NOR2_X3A_A6P5PP140ZTS_C35)                               0.01      0.01       0.58 f
  n5328 (net)                                   2         0.00                0.00       0.58 f
  U2719/Y (NOR2_X4A_A6P5PP140ZTS_C35)                               0.02      0.02       0.60 r
  n5107 (net)                                   4         0.00                0.00       0.60 r
  U4625/Y (NOR2_X3A_A6P5PP140ZTS_C35)                               0.01      0.01       0.61 f
  n5103 (net)                                   2         0.00                0.00       0.61 f
  U4832/Y (XNOR2_X2M_A6P5PP140ZTS_C35)                              0.03      0.03       0.64 f
  n2001 (net)                                   1         0.00                0.00       0.64 f
  U3165/Y (NAND2_X3M_A6P5PP140ZTS_C35)                              0.02      0.02       0.66 r
  n1241 (net)                                   2         0.00                0.00       0.66 r
  U3163/Y (AND2_X4M_A6P5PP140ZTS_C35)                               0.01      0.02       0.68 r
  n5120 (net)                                   2         0.00                0.00       0.68 r
  U5412/Y (NOR2_X1P4M_A6P5PP140ZTS_C35)                             0.02      0.02       0.69 f
  n5153 (net)                                   3         0.00                0.00       0.69 f
  U3176/Y (NOR2_X1A_A6P5PP140ZTS_C35)                               0.04      0.04       0.73 r
  n5122 (net)                                   2         0.00                0.00       0.73 r
  U1241/Y (NAND3_X1TA_A6P5PP140ZTS_C35)                             0.02      0.02       0.75 f
  n1182 (net)                                   1         0.00                0.00       0.75 f
  U2925/Y (NAND3_X1TA_A6P5PP140ZTS_C35)                             0.02      0.02       0.77 r
  n5134 (net)                                   1         0.00                0.00       0.77 r
  U5553/Y (XNOR2_X0P5M_A6P5PP140ZTS_C35)                            0.04      0.04       0.80 r
  n5205 (net)                                   2         0.00                0.00       0.80 r
  U3467/Y (NOR2_X2A_A6P5PP140ZTS_C35)                               0.01      0.01       0.82 f
  n1531 (net)                                   1         0.00                0.00       0.82 f
  U2705/Y (NAND2_X1P4TA_A6P5PP140ZTS_C35)                           0.02      0.02       0.84 r
  n1168 (net)                                   2         0.00                0.00       0.84 r
  U2867/Y (NAND2_X3M_A6P5PP140ZTS_C35)                              0.02      0.01       0.85 f
  n12863 (net)                                  4         0.00                0.00       0.85 f
  U1132/Y (NOR2_X1A_A6P5PP140ZTS_C35)                               0.02      0.02       0.87 r
  n1859 (net)                                   1         0.00                0.00       0.87 r
  U4620/Y (INV_X2M_A6P5PP140ZTS_C35)                                0.02      0.02       0.89 f
  n11668 (net)                                  7         0.00                0.00       0.89 f
  U13817/Y (OAI211_X0P5M_A6P5PP140ZTS_C35)                          0.03      0.03       0.91 r
  n744 (net)                                    1         0.00                0.00       0.91 r
  u_dut/u_bf16_accum/acc_o_reg[2][3]/D (DFFRPQNA_X1M_A6P5PP140ZTS_C35)
                                                                    0.03      0.00       0.91 r
  data arrival time                                                                      0.91

  clock clk (rise edge)                                                       1.00       1.00
  clock network delay (ideal)                                                 0.00       1.00
  clock uncertainty                                                          -0.05       0.95
  u_dut/u_bf16_accum/acc_o_reg[2][3]/CK (DFFRPQNA_X1M_A6P5PP140ZTS_C35)       0.00       0.95 r
  library setup time                                                         -0.04       0.91
  data required time                                                                     0.91
  ----------------------------------------------------------------------------------------------
  data required time                                                                     0.91
  data arrival time                                                                     -0.91
  ----------------------------------------------------------------------------------------------
  slack (MET)                                                                            0.00


  Startpoint: u_dut/u_bf16_accum/acc_o_reg[2][5]
              (rising edge-triggered flip-flop clocked by clk)
  Endpoint: u_dut/u_bf16_accum/acc_o_reg[2][4]
            (rising edge-triggered flip-flop clocked by clk)
  Path Group: clk
  Path Type: max

  Des/Clust/Port     Wire Load Model       Library
  ------------------------------------------------
  char_top           Zero                  sc6p5mcpp140z_cln22ul_base_svt_c35_tt_typical_max_0p80v_25c

  Point                                       Fanout       Cap     Trans      Incr       Path
  ----------------------------------------------------------------------------------------------
  clock clk (rise edge)                                                       0.00       0.00
  clock network delay (ideal)                                                 0.00       0.00
  u_dut/u_bf16_accum/acc_o_reg[2][5]/CK (DFFRPQNA_X2M_A6P5PP140ZTS_C35)
                                                                    0.00      0.00 #     0.00 r
  u_dut/u_bf16_accum/acc_o_reg[2][5]/QN (DFFRPQNA_X2M_A6P5PP140ZTS_C35)
                                                                    0.03      0.05       0.05 f
  n252 (net)                                    4         0.00                0.00       0.05 f
  U4619/Y (INV_X2P5M_A6P5PP140ZTS_C35)                              0.03      0.03       0.08 r
  bf16_acc_o[2][5] (net)                        3         0.01                0.00       0.08 r
  U2057/Y (OAI22_X1M_A6P5PP140ZTS_C35)                              0.03      0.03       0.11 f
  n1858 (net)                                   1         0.00                0.00       0.11 f
  U3894/Y (NOR2_X2TA_A6P5PP140ZTS_C35)                              0.02      0.02       0.13 r
  n4844 (net)                                   2         0.00                0.00       0.13 r
  U4617/Y (OAI21_X2M_A6P5PP140ZTS_C35)                              0.02      0.02       0.15 f
  n4847 (net)                                   1         0.00                0.00       0.15 f
  U5624/Y (OAI21_X2M_A6P5PP140ZTS_C35)                              0.02      0.02       0.17 r
  n4856 (net)                                   1         0.00                0.00       0.17 r
  U2379/Y (AOI21_X3M_A6P5PP140ZTS_C35)                              0.02      0.02       0.19 f
  n4978 (net)                                   2         0.00                0.00       0.19 f
  U1938/Y (BUF_X10M_A6P5PP140ZTS_C35)                               0.02      0.03       0.22 f
  n5037 (net)                                   9         0.01                0.00       0.22 f
  U8249/Y (MXIT2_X3M_A6P5PP140ZTS_C35)                              0.03      0.02       0.24 r
  n5027 (net)                                   3         0.00                0.00       0.24 r
  U8250/Y (INV_X1M_A6P5PP140ZTS_C35)                                0.02      0.02       0.25 f
  n5008 (net)                                   3         0.00                0.00       0.25 f
  U8294/Y (OA21B_X1M_A6P5PP140ZTS_C35)                              0.02      0.02       0.27 r
  n4895 (net)                                   1         0.00                0.00       0.27 r
  U8295/Y (NAND4_X1A_A6P5PP140ZTS_C35)                              0.03      0.02       0.29 f
  n4896 (net)                                   1         0.00                0.00       0.29 f
  U3918/Y (NOR3_X1TA_A6P5PP140ZTS_C35)                              0.02      0.02       0.31 r
  n4948 (net)                                   1         0.00                0.00       0.31 r
  U8325/Y (OAI21_X0P5M_A6P5PP140ZTS_C35)                            0.02      0.02       0.33 f
  n4949 (net)                                   1         0.00                0.00       0.33 f
  U1853/Y (NOR2_X1TA_A6P5PP140ZTS_C35)                              0.02      0.02       0.35 r
  n4971 (net)                                   1         0.00                0.00       0.35 r
  U8347/Y (NOR2_X2A_A6P5PP140ZTS_C35)                               0.02      0.01       0.37 f
  u_dut/u_bf16_accum/G_BF16_LANE[2].u_acc/U1/fr[0] (net)
                                                3         0.00                0.00       0.37 f
  U3924/Y (INV_X2M_A6P5PP140ZTS_C35)                                0.01      0.01       0.38 r
  n4981 (net)                                   2         0.00                0.00       0.38 r
  U8363/Y (NAND2_X2M_A6P5PP140ZTS_C35)                              0.03      0.02       0.40 f
  n5171 (net)                                   2         0.00                0.00       0.40 f
  U4116/Y (NOR2_X3TA_A6P5PP140ZTS_C35)                              0.02      0.02       0.42 r
  n5055 (net)                                   2         0.00                0.00       0.42 r
  U1565/Y (NAND2_X3M_A6P5PP140ZTS_C35)                              0.02      0.01       0.43 f
  n5050 (net)                                   2         0.00                0.00       0.43 f
  U4506/Y (OAI21_X3M_A6P5PP140ZTS_C35)                              0.03      0.03       0.46 r
  n5059 (net)                                   2         0.00                0.00       0.46 r
  U8410/Y (INV_X3M_A6P5PP140ZTS_C35)                                0.01      0.01       0.47 f
  n5075 (net)                                   3         0.00                0.00       0.47 f
  U4128/Y (OAI21_X2M_A6P5PP140ZTS_C35)                              0.02      0.02       0.49 r
  n5060 (net)                                   1         0.00                0.00       0.49 r
  U8411/Y (XNOR2_X3M_A6P5PP140ZTS_C35)                              0.03      0.04       0.53 r
  n5329 (net)                                   5         0.00                0.00       0.53 r
  U4130/Y (INV_X2M_A6P5PP140ZTS_C35)                                0.02      0.02       0.55 f
  n5308 (net)                                   3         0.00                0.00       0.55 f
  U5521/Y (OAI22BB_X2M_A6P5PP140ZTS_C35)                            0.02      0.02       0.57 r
  n5079 (net)                                   1         0.00                0.00       0.57 r
  U2443/Y (NOR2_X3A_A6P5PP140ZTS_C35)                               0.01      0.01       0.58 f
  n5328 (net)                                   2         0.00                0.00       0.58 f
  U2719/Y (NOR2_X4A_A6P5PP140ZTS_C35)                               0.02      0.02       0.60 r
  n5107 (net)                                   4         0.00                0.00       0.60 r
  U4625/Y (NOR2_X3A_A6P5PP140ZTS_C35)                               0.01      0.01       0.61 f
  n5103 (net)                                   2         0.00                0.00       0.61 f
  U4832/Y (XNOR2_X2M_A6P5PP140ZTS_C35)                              0.03      0.03       0.64 f
  n2001 (net)                                   1         0.00                0.00       0.64 f
  U3165/Y (NAND2_X3M_A6P5PP140ZTS_C35)                              0.02      0.02       0.66 r
  n1241 (net)                                   2         0.00                0.00       0.66 r
  U3163/Y (AND2_X4M_A6P5PP140ZTS_C35)                               0.01      0.02       0.68 r
  n5120 (net)                                   2         0.00                0.00       0.68 r
  U5412/Y (NOR2_X1P4M_A6P5PP140ZTS_C35)                             0.02      0.02       0.69 f
  n5153 (net)                                   3         0.00                0.00       0.69 f
  U3176/Y (NOR2_X1A_A6P5PP140ZTS_C35)                               0.04      0.04       0.73 r
  n5122 (net)                                   2         0.00                0.00       0.73 r
  U1241/Y (NAND3_X1TA_A6P5PP140ZTS_C35)                             0.02      0.02       0.75 f
  n1182 (net)                                   1         0.00                0.00       0.75 f
  U2925/Y (NAND3_X1TA_A6P5PP140ZTS_C35)                             0.02      0.02       0.77 r
  n5134 (net)                                   1         0.00                0.00       0.77 r
  U5553/Y (XNOR2_X0P5M_A6P5PP140ZTS_C35)                            0.04      0.04       0.80 r
  n5205 (net)                                   2         0.00                0.00       0.80 r
  U3467/Y (NOR2_X2A_A6P5PP140ZTS_C35)                               0.01      0.01       0.82 f
  n1531 (net)                                   1         0.00                0.00       0.82 f
  U2705/Y (NAND2_X1P4TA_A6P5PP140ZTS_C35)                           0.02      0.02       0.84 r
  n1168 (net)                                   2         0.00                0.00       0.84 r
  U2867/Y (NAND2_X3M_A6P5PP140ZTS_C35)                              0.02      0.01       0.85 f
  n12863 (net)                                  4         0.00                0.00       0.85 f
  U1132/Y (NOR2_X1A_A6P5PP140ZTS_C35)                               0.02      0.02       0.87 r
  n1859 (net)                                   1         0.00                0.00       0.87 r
  U4620/Y (INV_X2M_A6P5PP140ZTS_C35)                                0.02      0.02       0.89 f
  n11668 (net)                                  7         0.00                0.00       0.89 f
  U13812/Y (OAI211_X0P5M_A6P5PP140ZTS_C35)                          0.03      0.03       0.91 r
  n743 (net)                                    1         0.00                0.00       0.91 r
  u_dut/u_bf16_accum/acc_o_reg[2][4]/D (DFFRPQNA_X1M_A6P5PP140ZTS_C35)
                                                                    0.03      0.00       0.91 r
  data arrival time                                                                      0.91

  clock clk (rise edge)                                                       1.00       1.00
  clock network delay (ideal)                                                 0.00       1.00
  clock uncertainty                                                          -0.05       0.95
  u_dut/u_bf16_accum/acc_o_reg[2][4]/CK (DFFRPQNA_X1M_A6P5PP140ZTS_C35)       0.00       0.95 r
  library setup time                                                         -0.04       0.91
  data required time                                                                     0.91
  ----------------------------------------------------------------------------------------------
  data required time                                                                     0.91
  data arrival time                                                                     -0.91
  ----------------------------------------------------------------------------------------------
  slack (MET)                                                                            0.00


  Startpoint: u_dut/u_bf16_accum/acc_o_reg[2][5]
              (rising edge-triggered flip-flop clocked by clk)
  Endpoint: u_dut/u_bf16_accum/acc_o_reg[2][6]
            (rising edge-triggered flip-flop clocked by clk)
  Path Group: clk
  Path Type: max

  Des/Clust/Port     Wire Load Model       Library
  ------------------------------------------------
  char_top           Zero                  sc6p5mcpp140z_cln22ul_base_svt_c35_tt_typical_max_0p80v_25c

  Point                                       Fanout       Cap     Trans      Incr       Path
  ----------------------------------------------------------------------------------------------
  clock clk (rise edge)                                                       0.00       0.00
  clock network delay (ideal)                                                 0.00       0.00
  u_dut/u_bf16_accum/acc_o_reg[2][5]/CK (DFFRPQNA_X2M_A6P5PP140ZTS_C35)
                                                                    0.00      0.00 #     0.00 r
  u_dut/u_bf16_accum/acc_o_reg[2][5]/QN (DFFRPQNA_X2M_A6P5PP140ZTS_C35)
                                                                    0.03      0.05       0.05 f
  n252 (net)                                    4         0.00                0.00       0.05 f
  U4619/Y (INV_X2P5M_A6P5PP140ZTS_C35)                              0.03      0.03       0.08 r
  bf16_acc_o[2][5] (net)                        3         0.01                0.00       0.08 r
  U2057/Y (OAI22_X1M_A6P5PP140ZTS_C35)                              0.03      0.03       0.11 f
  n1858 (net)                                   1         0.00                0.00       0.11 f
  U3894/Y (NOR2_X2TA_A6P5PP140ZTS_C35)                              0.02      0.02       0.13 r
  n4844 (net)                                   2         0.00                0.00       0.13 r
  U4617/Y (OAI21_X2M_A6P5PP140ZTS_C35)                              0.02      0.02       0.15 f
  n4847 (net)                                   1         0.00                0.00       0.15 f
  U5624/Y (OAI21_X2M_A6P5PP140ZTS_C35)                              0.02      0.02       0.17 r
  n4856 (net)                                   1         0.00                0.00       0.17 r
  U2379/Y (AOI21_X3M_A6P5PP140ZTS_C35)                              0.02      0.02       0.19 f
  n4978 (net)                                   2         0.00                0.00       0.19 f
  U1938/Y (BUF_X10M_A6P5PP140ZTS_C35)                               0.02      0.03       0.22 f
  n5037 (net)                                   9         0.01                0.00       0.22 f
  U8249/Y (MXIT2_X3M_A6P5PP140ZTS_C35)                              0.03      0.02       0.24 r
  n5027 (net)                                   3         0.00                0.00       0.24 r
  U8250/Y (INV_X1M_A6P5PP140ZTS_C35)                                0.02      0.02       0.25 f
  n5008 (net)                                   3         0.00                0.00       0.25 f
  U8294/Y (OA21B_X1M_A6P5PP140ZTS_C35)                              0.02      0.02       0.27 r
  n4895 (net)                                   1         0.00                0.00       0.27 r
  U8295/Y (NAND4_X1A_A6P5PP140ZTS_C35)                              0.03      0.02       0.29 f
  n4896 (net)                                   1         0.00                0.00       0.29 f
  U3918/Y (NOR3_X1TA_A6P5PP140ZTS_C35)                              0.02      0.02       0.31 r
  n4948 (net)                                   1         0.00                0.00       0.31 r
  U8325/Y (OAI21_X0P5M_A6P5PP140ZTS_C35)                            0.02      0.02       0.33 f
  n4949 (net)                                   1         0.00                0.00       0.33 f
  U1853/Y (NOR2_X1TA_A6P5PP140ZTS_C35)                              0.02      0.02       0.35 r
  n4971 (net)                                   1         0.00                0.00       0.35 r
  U8347/Y (NOR2_X2A_A6P5PP140ZTS_C35)                               0.02      0.01       0.37 f
  u_dut/u_bf16_accum/G_BF16_LANE[2].u_acc/U1/fr[0] (net)
                                                3         0.00                0.00       0.37 f
  U3924/Y (INV_X2M_A6P5PP140ZTS_C35)                                0.01      0.01       0.38 r
  n4981 (net)                                   2         0.00                0.00       0.38 r
  U8363/Y (NAND2_X2M_A6P5PP140ZTS_C35)                              0.03      0.02       0.40 f
  n5171 (net)                                   2         0.00                0.00       0.40 f
  U4116/Y (NOR2_X3TA_A6P5PP140ZTS_C35)                              0.02      0.02       0.42 r
  n5055 (net)                                   2         0.00                0.00       0.42 r
  U1565/Y (NAND2_X3M_A6P5PP140ZTS_C35)                              0.02      0.01       0.43 f
  n5050 (net)                                   2         0.00                0.00       0.43 f
  U4506/Y (OAI21_X3M_A6P5PP140ZTS_C35)                              0.03      0.03       0.46 r
  n5059 (net)                                   2         0.00                0.00       0.46 r
  U8410/Y (INV_X3M_A6P5PP140ZTS_C35)                                0.01      0.01       0.47 f
  n5075 (net)                                   3         0.00                0.00       0.47 f
  U4128/Y (OAI21_X2M_A6P5PP140ZTS_C35)                              0.02      0.02       0.49 r
  n5060 (net)                                   1         0.00                0.00       0.49 r
  U8411/Y (XNOR2_X3M_A6P5PP140ZTS_C35)                              0.03      0.04       0.53 r
  n5329 (net)                                   5         0.00                0.00       0.53 r
  U4130/Y (INV_X2M_A6P5PP140ZTS_C35)                                0.02      0.02       0.55 f
  n5308 (net)                                   3         0.00                0.00       0.55 f
  U5521/Y (OAI22BB_X2M_A6P5PP140ZTS_C35)                            0.02      0.02       0.57 r
  n5079 (net)                                   1         0.00                0.00       0.57 r
  U2443/Y (NOR2_X3A_A6P5PP140ZTS_C35)                               0.01      0.01       0.58 f
  n5328 (net)                                   2         0.00                0.00       0.58 f
  U2719/Y (NOR2_X4A_A6P5PP140ZTS_C35)                               0.02      0.02       0.60 r
  n5107 (net)                                   4         0.00                0.00       0.60 r
  U4625/Y (NOR2_X3A_A6P5PP140ZTS_C35)                               0.01      0.01       0.61 f
  n5103 (net)                                   2         0.00                0.00       0.61 f
  U4832/Y (XNOR2_X2M_A6P5PP140ZTS_C35)                              0.03      0.03       0.64 f
  n2001 (net)                                   1         0.00                0.00       0.64 f
  U3165/Y (NAND2_X3M_A6P5PP140ZTS_C35)                              0.02      0.02       0.66 r
  n1241 (net)                                   2         0.00                0.00       0.66 r
  U3163/Y (AND2_X4M_A6P5PP140ZTS_C35)                               0.01      0.02       0.68 r
  n5120 (net)                                   2         0.00                0.00       0.68 r
  U5412/Y (NOR2_X1P4M_A6P5PP140ZTS_C35)                             0.02      0.02       0.69 f
  n5153 (net)                                   3         0.00                0.00       0.69 f
  U3176/Y (NOR2_X1A_A6P5PP140ZTS_C35)                               0.04      0.04       0.73 r
  n5122 (net)                                   2         0.00                0.00       0.73 r
  U1241/Y (NAND3_X1TA_A6P5PP140ZTS_C35)                             0.02      0.02       0.75 f
  n1182 (net)                                   1         0.00                0.00       0.75 f
  U2925/Y (NAND3_X1TA_A6P5PP140ZTS_C35)                             0.02      0.02       0.77 r
  n5134 (net)                                   1         0.00                0.00       0.77 r
  U5553/Y (XNOR2_X0P5M_A6P5PP140ZTS_C35)                            0.04      0.04       0.80 r
  n5205 (net)                                   2         0.00                0.00       0.80 r
  U3467/Y (NOR2_X2A_A6P5PP140ZTS_C35)                               0.01      0.01       0.82 f
  n1531 (net)                                   1         0.00                0.00       0.82 f
  U2705/Y (NAND2_X1P4TA_A6P5PP140ZTS_C35)                           0.02      0.02       0.84 r
  n1168 (net)                                   2         0.00                0.00       0.84 r
  U2867/Y (NAND2_X3M_A6P5PP140ZTS_C35)                              0.02      0.01       0.85 f
  n12863 (net)                                  4         0.00                0.00       0.85 f
  U1132/Y (NOR2_X1A_A6P5PP140ZTS_C35)                               0.02      0.02       0.87 r
  n1859 (net)                                   1         0.00                0.00       0.87 r
  U4620/Y (INV_X2M_A6P5PP140ZTS_C35)                                0.02      0.02       0.89 f
  n11668 (net)                                  7         0.00                0.00       0.89 f
  U13809/Y (OAI211_X0P5M_A6P5PP140ZTS_C35)                          0.03      0.03       0.91 r
  n741 (net)                                    1         0.00                0.00       0.91 r
  u_dut/u_bf16_accum/acc_o_reg[2][6]/D (DFFRPQNA_X1M_A6P5PP140ZTS_C35)
                                                                    0.03      0.00       0.91 r
  data arrival time                                                                      0.91

  clock clk (rise edge)                                                       1.00       1.00
  clock network delay (ideal)                                                 0.00       1.00
  clock uncertainty                                                          -0.05       0.95
  u_dut/u_bf16_accum/acc_o_reg[2][6]/CK (DFFRPQNA_X1M_A6P5PP140ZTS_C35)       0.00       0.95 r
  library setup time                                                         -0.04       0.91
  data required time                                                                     0.91
  ----------------------------------------------------------------------------------------------
  data required time                                                                     0.91
  data arrival time                                                                     -0.91
  ----------------------------------------------------------------------------------------------
  slack (MET)                                                                            0.00


  Startpoint: u_dut/u_product_pipe/bf16_lane_item_o_reg[0][2][2]
              (rising edge-triggered flip-flop clocked by clk)
  Endpoint: u_dut/u_bf16_accum/pair23_q_reg[0][15]
            (rising edge-triggered flip-flop clocked by clk)
  Path Group: clk
  Path Type: max

  Des/Clust/Port     Wire Load Model       Library
  ------------------------------------------------
  char_top           Zero                  sc6p5mcpp140z_cln22ul_base_svt_c35_tt_typical_max_0p80v_25c

  Point                                       Fanout       Cap     Trans      Incr       Path
  ----------------------------------------------------------------------------------------------
  clock clk (rise edge)                                                       0.00       0.00
  clock network delay (ideal)                                                 0.00       0.00
  u_dut/u_product_pipe/bf16_lane_item_o_reg[0][2][2]/CK (DFFRPQA_X2M_A6P5PP140ZTS_C35)
                                                                    0.00      0.00 #     0.00 r
  u_dut/u_product_pipe/bf16_lane_item_o_reg[0][2][2]/Q (DFFRPQA_X2M_A6P5PP140ZTS_C35)
                                                                    0.02      0.06       0.06 r
  u_dut/u_product_pipe/bf16_lane_item_o[0][2][2] (net)
                                                3         0.00                0.00       0.06 r
  u_dut/u_product_pipe/bf16_lane_item_o[0][2][2] (fusion_mul16_v2_product_pipe_1_1_1_1_1_0)
                                                                              0.00       0.06 r
  u_dut/bf16_lane_item[0][2][2] (net)                     0.00                0.00       0.06 r
  U7524/Y (INV_X2M_A6P5PP140ZTS_C35)                                0.01      0.01       0.07 f
  n3942 (net)                                   2         0.00                0.00       0.07 f
  U7525/Y (NOR2_X1A_A6P5PP140ZTS_C35)                               0.02      0.02       0.08 r
  n3944 (net)                                   1         0.00                0.00       0.08 r
  U7527/Y (AOI21_X2M_A6P5PP140ZTS_C35)                              0.02      0.02       0.10 f
  n3951 (net)                                   2         0.00                0.00       0.10 f
  U3905/Y (AOI21_X2M_A6P5PP140ZTS_C35)                              0.02      0.02       0.12 r
  n3952 (net)                                   1         0.00                0.00       0.12 r
  U3906/Y (OAI211_X2M_A6P5PP140ZTS_C35)                             0.02      0.02       0.15 f
  n3956 (net)                                   1         0.00                0.00       0.15 f
  U5242/Y (NAND3_X2TA_A6P5PP140ZTS_C35)                             0.02      0.02       0.16 r
  n2281 (net)                                   1         0.00                0.00       0.16 r
  U5241/Y (NAND2_X3TA_A6P5PP140ZTS_C35)                             0.02      0.02       0.18 f
  n2290 (net)                                   3         0.00                0.00       0.18 f
  U5246/Y (NAND2_X8M_A6P5PP140ZTS_C35)                              0.03      0.02       0.20 r
  n4042 (net)                                   8         0.01                0.00       0.20 r
  U3242/Y (INV_X12M_A6P5PP140ZTS_C35)                               0.02      0.01       0.22 f
  n7522 (net)                                  10         0.01                0.00       0.22 f
  U7551/Y (MXIT2_X2M_A6P5PP140ZTS_C35)                              0.03      0.04       0.25 f
  n4342 (net)                                   5         0.00                0.00       0.25 f
  U7552/Y (NAND2_X1M_A6P5PP140ZTS_C35)                              0.02      0.02       0.28 r
  n4018 (net)                                   2         0.00                0.00       0.28 r
  U7587/Y (INV_X1M_A6P5PP140ZTS_C35)                                0.01      0.01       0.29 f
  n4019 (net)                                   1         0.00                0.00       0.29 f
  U7589/Y (NAND4_X1A_A6P5PP140ZTS_C35)                              0.02      0.01       0.30 r
  n4035 (net)                                   1         0.00                0.00       0.30 r
  U7598/Y (OAI21_X0P5M_A6P5PP140ZTS_C35)                            0.02      0.02       0.32 f
  n4051 (net)                                   1         0.00                0.00       0.32 f
  U5932/Y (AOI21_X0P5M_A6P5PP140ZTS_C35)                            0.06      0.05       0.36 r
  u_dut/u_bf16_accum/G_BF16_LANE[0].u_pair23/U1/fr[0] (net)
                                                4         0.00                0.00       0.36 r
  U7800/Y (INV_X1M_A6P5PP140ZTS_C35)                                0.02      0.02       0.38 f
  n4335 (net)                                   1         0.00                0.00       0.38 f
  U7801/Y (AND2_X2M_A6P5PP140ZTS_C35)                               0.02      0.03       0.41 f
  n7527 (net)                                   2         0.00                0.00       0.41 f
  U3965/Y (NAND2_X3M_A6P5PP140ZTS_C35)                              0.02      0.01       0.42 r
  n4403 (net)                                   2         0.00                0.00       0.42 r
  U3964/Y (NOR2_X3TA_A6P5PP140ZTS_C35)                              0.02      0.01       0.43 f
  n4369 (net)                                   2         0.00                0.00       0.43 f
  U7821/Y (INV_X2M_A6P5PP140ZTS_C35)                                0.01      0.02       0.45 r
  n4401 (net)                                   2         0.00                0.00       0.45 r
  U7848/Y (XOR2_X0P5M_A6P5PP140ZTS_C35)                             0.06      0.05       0.50 r
  n12372 (net)                                  4         0.00                0.00       0.50 r
  U4922/Y (INV_X2M_A6P5PP140ZTS_C35)                                0.02      0.02       0.52 f
  n12359 (net)                                  5         0.00                0.00       0.52 f
  U4921/Y (OAI21_X2M_A6P5PP140ZTS_C35)                              0.03      0.03       0.55 r
  n12399 (net)                                  3         0.00                0.00       0.55 r
  U4920/Y (NAND2_X2M_A6P5PP140ZTS_C35)                              0.02      0.02       0.56 f
  n2059 (net)                                   1         0.00                0.00       0.56 f
  U4918/Y (NAND2_X3M_A6P5PP140ZTS_C35)                              0.01      0.01       0.58 r
  n2300 (net)                                   2         0.00                0.00       0.58 r
  U5257/Y (NOR2_X2TA_A6P5PP140ZTS_C35)                              0.01      0.01       0.59 f
  n2298 (net)                                   1         0.00                0.00       0.59 f
  U3249/Y (NAND2_X3M_A6P5PP140ZTS_C35)                              0.02      0.01       0.60 r
  n2060 (net)                                   3         0.00                0.00       0.60 r
  U3250/Y (NOR2_X3TA_A6P5PP140ZTS_C35)                              0.01      0.01       0.61 f
  n4441 (net)                                   2         0.00                0.00       0.61 f
  U5261/Y (INV_X1M_A6P5PP140ZTS_C35)                                0.02      0.02       0.63 r
  n2302 (net)                                   1         0.00                0.00       0.63 r
  U3960/Y (NAND2_X3M_A6P5PP140ZTS_C35)                              0.02      0.01       0.64 f
  n1476 (net)                                   2         0.00                0.00       0.64 f
  U3959/Y (XOR2_X2M_A6P5PP140ZTS_C35)                               0.04      0.03       0.67 r
  n4457 (net)                                   2         0.00                0.00       0.67 r
  U5678/Y (NOR2_X1TA_A6P5PP140ZTS_C35)                              0.03      0.02       0.69 f
  n4485 (net)                                   2         0.00                0.00       0.69 f
  U5354/Y (NOR2_X1A_A6P5PP140ZTS_C35)                               0.03      0.03       0.72 r
  n2360 (net)                                   1         0.00                0.00       0.72 r
  U5353/Y (XNOR2_X1M_A6P5PP140ZTS_C35)                              0.03      0.03       0.75 f
  n12277 (net)                                  2         0.00                0.00       0.75 f
  U5352/Y (NOR3_X1A_A6P5PP140ZTS_C35)                               0.03      0.03       0.78 r
  n4495 (net)                                   1         0.00                0.00       0.78 r
  U7905/Y (NAND2_X1M_A6P5PP140ZTS_C35)                              0.02      0.02       0.80 f
  n4498 (net)                                   1         0.00                0.00       0.80 f
  U3027/Y (NOR2_X2A_A6P5PP140ZTS_C35)                               0.02      0.02       0.81 r
  n1204 (net)                                   1         0.00                0.00       0.81 r
  U3026/Y (NAND3_X3A_A6P5PP140ZTS_C35)                              0.03      0.03       0.84 f
  n1203 (net)                                   1         0.00                0.00       0.84 f
  U3025/Y (OAI21_X6M_A6P5PP140ZTS_C35)                              0.03      0.03       0.87 r
  n12348 (net)                                  4         0.00                0.00       0.87 r
  U5259/Y (NAND2_X3M_A6P5PP140ZTS_C35)                              0.02      0.02       0.89 f
  n9731 (net)                                   3         0.00                0.00       0.89 f
  U5376/Y (NAND2_X2M_A6P5PP140ZTS_C35)                              0.01      0.01       0.90 r
  n2374 (net)                                   1         0.00                0.00       0.90 r
  U5373/Y (OAI21_X2M_A6P5PP140ZTS_C35)                              0.01      0.01       0.91 f
  u_dut/u_bf16_accum/pair23_w[0][15] (net)      1         0.00                0.00       0.91 f
  u_dut/u_bf16_accum/pair23_q_reg[0][15]/D (DFFRPQNA_X1M_A6P5PP140ZTS_C35)
                                                                    0.01      0.00       0.91 f
  data arrival time                                                                      0.91

  clock clk (rise edge)                                                       1.00       1.00
  clock network delay (ideal)                                                 0.00       1.00
  clock uncertainty                                                          -0.05       0.95
  u_dut/u_bf16_accum/pair23_q_reg[0][15]/CK (DFFRPQNA_X1M_A6P5PP140ZTS_C35)
                                                                              0.00       0.95 r
  library setup time                                                         -0.04       0.91
  data required time                                                                     0.91
  ----------------------------------------------------------------------------------------------
  data required time                                                                     0.91
  data arrival time                                                                     -0.91
  ----------------------------------------------------------------------------------------------
  slack (MET)                                                                            0.00


  Startpoint: u_dut/u_product_pipe/int_lane_sum_o_reg[2][16]
              (rising edge-triggered flip-flop clocked by clk)
  Endpoint: u_dut/u_int_accum/acc_o_reg[2][47]
            (rising edge-triggered flip-flop clocked by clk)
  Path Group: clk
  Path Type: max

  Des/Clust/Port     Wire Load Model       Library
  ------------------------------------------------
  char_top           Zero                  sc6p5mcpp140z_cln22ul_base_svt_c35_tt_typical_max_0p80v_25c

  Point                                       Fanout       Cap     Trans      Incr       Path
  ----------------------------------------------------------------------------------------------
  clock clk (rise edge)                                                       0.00       0.00
  clock network delay (ideal)                                                 0.00       0.00
  u_dut/u_product_pipe/int_lane_sum_o_reg[2][16]/CK (DFFRPQA_X2M_A6P5PP140ZTS_C35)
                                                                    0.00      0.00 #     0.00 r
  u_dut/u_product_pipe/int_lane_sum_o_reg[2][16]/Q (DFFRPQA_X2M_A6P5PP140ZTS_C35)
                                                                    0.10      0.09       0.09 f
  u_dut/u_product_pipe/int_lane_sum_o[2][16] (net)
                                               63         0.03                0.00       0.09 f
  u_dut/u_product_pipe/int_lane_sum_o[2][16] (fusion_mul16_v2_product_pipe_1_1_1_1_1_0)
                                                                              0.00       0.09 f
  u_dut/int_lane_sum[2][16] (net)                         0.03                0.00       0.09 f
  U11622/Y (NAND2_X1A_A6P5PP140ZTS_C35)                             0.04      0.04       0.13 r
  n13385 (net)                                  3         0.00                0.00       0.13 r
  U11623/Y (NAND2_X1A_A6P5PP140ZTS_C35)                             0.02      0.02       0.15 f
  n13366 (net)                                  2         0.00                0.00       0.15 f
  U11627/Y (NOR2_X1A_A6P5PP140ZTS_C35)                              0.03      0.02       0.18 r
  n13336 (net)                                  2         0.00                0.00       0.18 r
  U11628/Y (NAND2_X1A_A6P5PP140ZTS_C35)                             0.02      0.02       0.20 f
  n13321 (net)                                  2         0.00                0.00       0.20 f
  U11632/Y (NOR2_X1A_A6P5PP140ZTS_C35)                              0.02      0.02       0.21 r
  n8490 (net)                                   1         0.00                0.00       0.21 r
  U3119/Y (OAI21_X1M_A6P5PP140ZTS_C35)                              0.03      0.03       0.24 f
  n13314 (net)                                  2         0.00                0.00       0.24 f
  U11636/Y (AOI21_X2M_A6P5PP140ZTS_C35)                             0.02      0.03       0.27 r
  n13309 (net)                                  2         0.00                0.00       0.27 r
  U11639/Y (OAI21_X1M_A6P5PP140ZTS_C35)                             0.03      0.02       0.29 f
  n13303 (net)                                  2         0.00                0.00       0.29 f
  U1487/Y (AOI21_X0P5M_A6P5PP140ZTS_C35)                            0.06      0.04       0.34 r
  n13298 (net)                                  2         0.00                0.00       0.34 r
  U3126/Y (OAI21_X2M_A6P5PP140ZTS_C35)                              0.02      0.03       0.36 f
  n13292 (net)                                  2         0.00                0.00       0.36 f
  U11647/Y (AOI21_X1M_A6P5PP140ZTS_C35)                             0.05      0.04       0.40 r
  n13287 (net)                                  2         0.00                0.00       0.40 r
  U3127/Y (OAI21_X2M_A6P5PP140ZTS_C35)                              0.02      0.03       0.43 f
  n13281 (net)                                  2         0.00                0.00       0.43 f
  U11653/Y (AOI21_X2M_A6P5PP140ZTS_C35)                             0.03      0.03       0.46 r
  n13276 (net)                                  2         0.00                0.00       0.46 r
  U3120/Y (OAI21_X3M_A6P5PP140ZTS_C35)                              0.02      0.02       0.48 f
  n13270 (net)                                  2         0.00                0.00       0.48 f
  U11659/Y (AOI21_X2M_A6P5PP140ZTS_C35)                             0.02      0.02       0.50 r
  n13265 (net)                                  2         0.00                0.00       0.50 r
  U11661/Y (OAI21_X1M_A6P5PP140ZTS_C35)                             0.04      0.03       0.53 f
  n13259 (net)                                  2         0.00                0.00       0.53 f
  U11665/Y (AOI21_X2M_A6P5PP140ZTS_C35)                             0.03      0.03       0.56 r
  n13253 (net)                                  2         0.00                0.00       0.56 r
  U3121/Y (OAI21_X2M_A6P5PP140ZTS_C35)                              0.02      0.02       0.58 f
  n13247 (net)                                  2         0.00                0.00       0.58 f
  U11671/Y (AOI21_X2M_A6P5PP140ZTS_C35)                             0.02      0.03       0.61 r
  n13242 (net)                                  2         0.00                0.00       0.61 r
  U11674/Y (OAI21_X1M_A6P5PP140ZTS_C35)                             0.04      0.03       0.64 f
  n13236 (net)                                  2         0.00                0.00       0.64 f
  U11677/Y (AOI21_X2M_A6P5PP140ZTS_C35)                             0.03      0.03       0.67 r
  n13231 (net)                                  2         0.00                0.00       0.67 r
  U3128/Y (OAI21_X2M_A6P5PP140ZTS_C35)                              0.02      0.02       0.69 f
  n13225 (net)                                  2         0.00                0.00       0.69 f
  U1202/Y (AOI21_X0P5M_A6P5PP140ZTS_C35)                            0.04      0.03       0.72 r
  n13220 (net)                                  2         0.00                0.00       0.72 r
  U3122/Y (OAI21_X1M_A6P5PP140ZTS_C35)                              0.03      0.03       0.75 f
  n13214 (net)                                  2         0.00                0.00       0.75 f
  U11688/Y (AOI21_X0P5M_A6P5PP140ZTS_C35)                           0.04      0.04       0.79 r
  n13209 (net)                                  2         0.00                0.00       0.79 r
  U11690/Y (OAI21_X1M_A6P5PP140ZTS_C35)                             0.03      0.03       0.82 f
  n8661 (net)                                   2         0.00                0.00       0.82 f
  U3108/Y (AOI21_X0P5M_A6P5PP140ZTS_C35)                            0.03      0.03       0.85 r
  n1226 (net)                                   1         0.00                0.00       0.85 r
  U3107/Y (XNOR2_X0P5M_A6P5PP140ZTS_C35)                            0.03      0.03       0.88 r
  n8663 (net)                                   1         0.00                0.00       0.88 r
  U11911/Y (OAI22BB_X1M_A6P5PP140ZTS_C35)                           0.04      0.03       0.91 r
  n875 (net)                                    1         0.00                0.00       0.91 r
  u_dut/u_int_accum/acc_o_reg[2][47]/D (DFFRPQNA_X1M_A6P5PP140ZTS_C35)
                                                                    0.04      0.00       0.91 r
  data arrival time                                                                      0.91

  clock clk (rise edge)                                                       1.00       1.00
  clock network delay (ideal)                                                 0.00       1.00
  clock uncertainty                                                          -0.05       0.95
  u_dut/u_int_accum/acc_o_reg[2][47]/CK (DFFRPQNA_X1M_A6P5PP140ZTS_C35)       0.00       0.95 r
  library setup time                                                         -0.04       0.91
  data required time                                                                     0.91
  ----------------------------------------------------------------------------------------------
  data required time                                                                     0.91
  data arrival time                                                                     -0.91
  ----------------------------------------------------------------------------------------------
  slack (MET)                                                                            0.00


  Startpoint: u_dut/u_product_pipe/bf16_lane_item_o_reg[1][3][7]
              (rising edge-triggered flip-flop clocked by clk)
  Endpoint: u_dut/u_bf16_accum/pair23_q_reg[1][1]
            (rising edge-triggered flip-flop clocked by clk)
  Path Group: clk
  Path Type: max

  Des/Clust/Port     Wire Load Model       Library
  ------------------------------------------------
  char_top           Zero                  sc6p5mcpp140z_cln22ul_base_svt_c35_tt_typical_max_0p80v_25c

  Point                                       Fanout       Cap     Trans      Incr       Path
  ----------------------------------------------------------------------------------------------
  clock clk (rise edge)                                                       0.00       0.00
  clock network delay (ideal)                                                 0.00       0.00
  u_dut/u_product_pipe/bf16_lane_item_o_reg[1][3][7]/CK (DFFRPQA_X2M_A6P5PP140ZTS_C35)
                                                                    0.00      0.00 #     0.00 r
  u_dut/u_product_pipe/bf16_lane_item_o_reg[1][3][7]/Q (DFFRPQA_X2M_A6P5PP140ZTS_C35)
                                                                    0.02      0.06       0.06 r
  u_dut/u_product_pipe/bf16_lane_item_o[1][3][7] (net)
                                                4         0.00                0.00       0.06 r
  u_dut/u_product_pipe/bf16_lane_item_o[1][3][7] (fusion_mul16_v2_product_pipe_1_1_1_1_1_0)
                                                                              0.00       0.06 r
  u_dut/bf16_lane_item[1][3][7] (net)                     0.00                0.00       0.06 r
  U9223/Y (INV_X3M_A6P5PP140ZTS_C35)                                0.01      0.01       0.07 f
  n6622 (net)                                   4         0.00                0.00       0.07 f
  U3377/Y (NOR2_X4A_A6P5PP140ZTS_C35)                               0.02      0.02       0.09 r
  n6075 (net)                                   4         0.00                0.00       0.09 r
  U9257/Y (AOI21_X1M_A6P5PP140ZTS_C35)                              0.03      0.02       0.10 f
  n6090 (net)                                   2         0.00                0.00       0.10 f
  U9258/Y (INV_X1M_A6P5PP140ZTS_C35)                                0.02      0.02       0.12 r
  n6095 (net)                                   1         0.00                0.00       0.12 r
  U2626/Y (OA21B_X3M_A6P5PP140ZTS_C35)                              0.01      0.02       0.15 r
  n1089 (net)                                   1         0.00                0.00       0.15 r
  U2050/Y (NAND2_X2M_A6P5PP140ZTS_C35)                              0.02      0.01       0.16 f
  n1088 (net)                                   1         0.00                0.00       0.16 f
  U2621/Y (AOI21_X3M_A6P5PP140ZTS_C35)                              0.03      0.02       0.18 r
  n6111 (net)                                   2         0.00                0.00       0.18 r
  U2620/Y (INV_X2P5M_A6P5PP140ZTS_C35)                              0.01      0.01       0.20 f
  n6110 (net)                                   1         0.00                0.00       0.20 f
  U1967/Y (INV_X7M_A6P5PP140ZTS_C35)                                0.02      0.02       0.21 r
  n8100 (net)                                   7         0.01                0.00       0.21 r
  U9291/Y (MXIT2_X3M_A6P5PP140ZTS_C35)                              0.03      0.02       0.23 r
  n6508 (net)                                   5         0.00                0.00       0.23 r
  U4197/Y (MXIT2_X2M_A6P5PP140ZTS_C35)                              0.03      0.03       0.26 f
  n6505 (net)                                   2         0.00                0.00       0.26 f
  U2648/Y (MXIT2_X2M_A6P5PP140ZTS_C35)                              0.03      0.03       0.29 r
  n6473 (net)                                   1         0.00                0.00       0.29 r
  U4207/Y (OAI21_X2M_A6P5PP140ZTS_C35)                              0.02      0.02       0.31 f
  n6538 (net)                                   2         0.00                0.00       0.31 f
  U2618/Y (AOI22_X2M_A6P5PP140ZTS_C35)                              0.03      0.03       0.34 r
  n11719 (net)                                  3         0.00                0.00       0.34 r
  U2617/Y (XNOR2_X0P5M_A6P5PP140ZTS_C35)                            0.05      0.04       0.38 r
  n6545 (net)                                   2         0.00                0.00       0.38 r
  U4205/Y (NOR2_X1A_A6P5PP140ZTS_C35)                               0.02      0.02       0.40 f
  n6543 (net)                                   1         0.00                0.00       0.40 f
  U9598/Y (INV_X2M_A6P5PP140ZTS_C35)                                0.02      0.02       0.41 r
  n6589 (net)                                   3         0.00                0.00       0.41 r
  U1579/Y (NAND2_X1M_A6P5PP140ZTS_C35)                              0.03      0.02       0.44 f
  n6598 (net)                                   4         0.00                0.00       0.44 f
  U9599/Y (OR2_X1M_A6P5PP140ZTS_C35)                                0.02      0.04       0.48 f
  n6564 (net)                                   2         0.00                0.00       0.48 f
  U9610/Y (OAI21_X1M_A6P5PP140ZTS_C35)                              0.04      0.03       0.51 r
  n6555 (net)                                   1         0.00                0.00       0.51 r
  U9611/Y (XNOR2_X3M_A6P5PP140ZTS_C35)                              0.03      0.04       0.55 r
  n6621 (net)                                   2         0.00                0.00       0.55 r
  U2162/Y (INV_X2M_A6P5PP140ZTS_C35)                                0.01      0.01       0.56 f
  n12037 (net)                                  2         0.00                0.00       0.56 f
  U9652/Y (NOR2_X3TA_A6P5PP140ZTS_C35)                              0.02      0.02       0.58 r
  n8115 (net)                                   4         0.00                0.00       0.58 r
  U5739/Y (MXT2_X1M_A6P5PP140ZTS_C35)                               0.02      0.05       0.63 f
  n12054 (net)                                  2         0.00                0.00       0.63 f
  U3593/Y (INV_X2M_A6P5PP140ZTS_C35)                                0.01      0.01       0.64 r
  n1376 (net)                                   1         0.00                0.00       0.64 r
  U3592/Y (AOI21_X3M_A6P5PP140ZTS_C35)                              0.02      0.02       0.66 f
  n6633 (net)                                   3         0.00                0.00       0.66 f
  U9659/Y (OR2_X1M_A6P5PP140ZTS_C35)                                0.02      0.03       0.69 f
  n6679 (net)                                   2         0.00                0.00       0.69 f
  U9661/Y (AOI21_X3M_A6P5PP140ZTS_C35)                              0.02      0.03       0.72 r
  n6674 (net)                                   2         0.00                0.00       0.72 r
  U9665/Y (OAI21_X3M_A6P5PP140ZTS_C35)                              0.02      0.02       0.74 f
  n6662 (net)                                   2         0.00                0.00       0.74 f
  U9685/Y (INV_X1M_A6P5PP140ZTS_C35)                                0.02      0.02       0.75 r
  n6669 (net)                                   2         0.00                0.00       0.75 r
  U2663/Y (OAI21_X1M_A6P5PP140ZTS_C35)                              0.02      0.02       0.78 f
  n6663 (net)                                   1         0.00                0.00       0.78 f
  U9686/Y (XNOR2_X0P5M_A6P5PP140ZTS_C35)                            0.03      0.04       0.81 f
  n11797 (net)                                  2         0.00                0.00       0.81 f
  U3732/Y (NOR3_X2TA_A6P5PP140ZTS_C35)                              0.02      0.02       0.83 r
  n1415 (net)                                   1         0.00                0.00       0.83 r
  U2959/Y (NAND3_X2TA_A6P5PP140ZTS_C35)                             0.02      0.02       0.85 f
  n6695 (net)                                   1         0.00                0.00       0.85 f
  U5732/Y (NAND2_X3TA_A6P5PP140ZTS_C35)                             0.02      0.02       0.87 r
  n11861 (net)                                  4         0.00                0.00       0.87 r
  U2984/Y (NOR2_X2TA_A6P5PP140ZTS_C35)                              0.02      0.02       0.88 f
  n12079 (net)                                  7         0.00                0.00       0.88 f
  U13977/Y (AO21B_X1M_A6P5PP140ZTS_C35)                             0.02      0.03       0.91 f
  u_dut/u_bf16_accum/pair23_w[1][1] (net)       1         0.00                0.00       0.91 f
  u_dut/u_bf16_accum/pair23_q_reg[1][1]/D (DFFRPQNA_X1M_A6P5PP140ZTS_C35)
                                                                    0.02      0.00       0.91 f
  data arrival time                                                                      0.91

  clock clk (rise edge)                                                       1.00       1.00
  clock network delay (ideal)                                                 0.00       1.00
  clock uncertainty                                                          -0.05       0.95
  u_dut/u_bf16_accum/pair23_q_reg[1][1]/CK (DFFRPQNA_X1M_A6P5PP140ZTS_C35)
                                                                              0.00       0.95 r
  library setup time                                                         -0.04       0.91
  data required time                                                                     0.91
  ----------------------------------------------------------------------------------------------
  data required time                                                                     0.91
  data arrival time                                                                     -0.91
  ----------------------------------------------------------------------------------------------
  slack (MET)                                                                            0.00


  Startpoint: u_dut/u_product_pipe/bf16_lane_item_o_reg[1][3][7]
              (rising edge-triggered flip-flop clocked by clk)
  Endpoint: u_dut/u_bf16_accum/pair23_q_reg[1][2]
            (rising edge-triggered flip-flop clocked by clk)
  Path Group: clk
  Path Type: max

  Des/Clust/Port     Wire Load Model       Library
  ------------------------------------------------
  char_top           Zero                  sc6p5mcpp140z_cln22ul_base_svt_c35_tt_typical_max_0p80v_25c

  Point                                       Fanout       Cap     Trans      Incr       Path
  ----------------------------------------------------------------------------------------------
  clock clk (rise edge)                                                       0.00       0.00
  clock network delay (ideal)                                                 0.00       0.00
  u_dut/u_product_pipe/bf16_lane_item_o_reg[1][3][7]/CK (DFFRPQA_X2M_A6P5PP140ZTS_C35)
                                                                    0.00      0.00 #     0.00 r
  u_dut/u_product_pipe/bf16_lane_item_o_reg[1][3][7]/Q (DFFRPQA_X2M_A6P5PP140ZTS_C35)
                                                                    0.02      0.06       0.06 r
  u_dut/u_product_pipe/bf16_lane_item_o[1][3][7] (net)
                                                4         0.00                0.00       0.06 r
  u_dut/u_product_pipe/bf16_lane_item_o[1][3][7] (fusion_mul16_v2_product_pipe_1_1_1_1_1_0)
                                                                              0.00       0.06 r
  u_dut/bf16_lane_item[1][3][7] (net)                     0.00                0.00       0.06 r
  U9223/Y (INV_X3M_A6P5PP140ZTS_C35)                                0.01      0.01       0.07 f
  n6622 (net)                                   4         0.00                0.00       0.07 f
  U3377/Y (NOR2_X4A_A6P5PP140ZTS_C35)                               0.02      0.02       0.09 r
  n6075 (net)                                   4         0.00                0.00       0.09 r
  U9257/Y (AOI21_X1M_A6P5PP140ZTS_C35)                              0.03      0.02       0.10 f
  n6090 (net)                                   2         0.00                0.00       0.10 f
  U9258/Y (INV_X1M_A6P5PP140ZTS_C35)                                0.02      0.02       0.12 r
  n6095 (net)                                   1         0.00                0.00       0.12 r
  U2626/Y (OA21B_X3M_A6P5PP140ZTS_C35)                              0.01      0.02       0.15 r
  n1089 (net)                                   1         0.00                0.00       0.15 r
  U2050/Y (NAND2_X2M_A6P5PP140ZTS_C35)                              0.02      0.01       0.16 f
  n1088 (net)                                   1         0.00                0.00       0.16 f
  U2621/Y (AOI21_X3M_A6P5PP140ZTS_C35)                              0.03      0.02       0.18 r
  n6111 (net)                                   2         0.00                0.00       0.18 r
  U2620/Y (INV_X2P5M_A6P5PP140ZTS_C35)                              0.01      0.01       0.20 f
  n6110 (net)                                   1         0.00                0.00       0.20 f
  U1967/Y (INV_X7M_A6P5PP140ZTS_C35)                                0.02      0.02       0.21 r
  n8100 (net)                                   7         0.01                0.00       0.21 r
  U9291/Y (MXIT2_X3M_A6P5PP140ZTS_C35)                              0.03      0.02       0.23 r
  n6508 (net)                                   5         0.00                0.00       0.23 r
  U4197/Y (MXIT2_X2M_A6P5PP140ZTS_C35)                              0.03      0.03       0.26 f
  n6505 (net)                                   2         0.00                0.00       0.26 f
  U2648/Y (MXIT2_X2M_A6P5PP140ZTS_C35)                              0.03      0.03       0.29 r
  n6473 (net)                                   1         0.00                0.00       0.29 r
  U4207/Y (OAI21_X2M_A6P5PP140ZTS_C35)                              0.02      0.02       0.31 f
  n6538 (net)                                   2         0.00                0.00       0.31 f
  U2618/Y (AOI22_X2M_A6P5PP140ZTS_C35)                              0.03      0.03       0.34 r
  n11719 (net)                                  3         0.00                0.00       0.34 r
  U2617/Y (XNOR2_X0P5M_A6P5PP140ZTS_C35)                            0.05      0.04       0.38 r
  n6545 (net)                                   2         0.00                0.00       0.38 r
  U4205/Y (NOR2_X1A_A6P5PP140ZTS_C35)                               0.02      0.02       0.40 f
  n6543 (net)                                   1         0.00                0.00       0.40 f
  U9598/Y (INV_X2M_A6P5PP140ZTS_C35)                                0.02      0.02       0.41 r
  n6589 (net)                                   3         0.00                0.00       0.41 r
  U1579/Y (NAND2_X1M_A6P5PP140ZTS_C35)                              0.03      0.02       0.44 f
  n6598 (net)                                   4         0.00                0.00       0.44 f
  U9599/Y (OR2_X1M_A6P5PP140ZTS_C35)                                0.02      0.04       0.48 f
  n6564 (net)                                   2         0.00                0.00       0.48 f
  U9610/Y (OAI21_X1M_A6P5PP140ZTS_C35)                              0.04      0.03       0.51 r
  n6555 (net)                                   1         0.00                0.00       0.51 r
  U9611/Y (XNOR2_X3M_A6P5PP140ZTS_C35)                              0.03      0.04       0.55 r
  n6621 (net)                                   2         0.00                0.00       0.55 r
  U2162/Y (INV_X2M_A6P5PP140ZTS_C35)                                0.01      0.01       0.56 f
  n12037 (net)                                  2         0.00                0.00       0.56 f
  U9652/Y (NOR2_X3TA_A6P5PP140ZTS_C35)                              0.02      0.02       0.58 r
  n8115 (net)                                   4         0.00                0.00       0.58 r
  U5739/Y (MXT2_X1M_A6P5PP140ZTS_C35)                               0.02      0.05       0.63 f
  n12054 (net)                                  2         0.00                0.00       0.63 f
  U3593/Y (INV_X2M_A6P5PP140ZTS_C35)                                0.01      0.01       0.64 r
  n1376 (net)                                   1         0.00                0.00       0.64 r
  U3592/Y (AOI21_X3M_A6P5PP140ZTS_C35)                              0.02      0.02       0.66 f
  n6633 (net)                                   3         0.00                0.00       0.66 f
  U9659/Y (OR2_X1M_A6P5PP140ZTS_C35)                                0.02      0.03       0.69 f
  n6679 (net)                                   2         0.00                0.00       0.69 f
  U9661/Y (AOI21_X3M_A6P5PP140ZTS_C35)                              0.02      0.03       0.72 r
  n6674 (net)                                   2         0.00                0.00       0.72 r
  U9665/Y (OAI21_X3M_A6P5PP140ZTS_C35)                              0.02      0.02       0.74 f
  n6662 (net)                                   2         0.00                0.00       0.74 f
  U9685/Y (INV_X1M_A6P5PP140ZTS_C35)                                0.02      0.02       0.75 r
  n6669 (net)                                   2         0.00                0.00       0.75 r
  U2663/Y (OAI21_X1M_A6P5PP140ZTS_C35)                              0.02      0.02       0.78 f
  n6663 (net)                                   1         0.00                0.00       0.78 f
  U9686/Y (XNOR2_X0P5M_A6P5PP140ZTS_C35)                            0.03      0.04       0.81 f
  n11797 (net)                                  2         0.00                0.00       0.81 f
  U3732/Y (NOR3_X2TA_A6P5PP140ZTS_C35)                              0.02      0.02       0.83 r
  n1415 (net)                                   1         0.00                0.00       0.83 r
  U2959/Y (NAND3_X2TA_A6P5PP140ZTS_C35)                             0.02      0.02       0.85 f
  n6695 (net)                                   1         0.00                0.00       0.85 f
  U5732/Y (NAND2_X3TA_A6P5PP140ZTS_C35)                             0.02      0.02       0.87 r
  n11861 (net)                                  4         0.00                0.00       0.87 r
  U2984/Y (NOR2_X2TA_A6P5PP140ZTS_C35)                              0.02      0.02       0.88 f
  n12079 (net)                                  7         0.00                0.00       0.88 f
  U13973/Y (AO21B_X1M_A6P5PP140ZTS_C35)                             0.02      0.03       0.91 f
  u_dut/u_bf16_accum/pair23_w[1][2] (net)       1         0.00                0.00       0.91 f
  u_dut/u_bf16_accum/pair23_q_reg[1][2]/D (DFFRPQNA_X1M_A6P5PP140ZTS_C35)
                                                                    0.02      0.00       0.91 f
  data arrival time                                                                      0.91

  clock clk (rise edge)                                                       1.00       1.00
  clock network delay (ideal)                                                 0.00       1.00
  clock uncertainty                                                          -0.05       0.95
  u_dut/u_bf16_accum/pair23_q_reg[1][2]/CK (DFFRPQNA_X1M_A6P5PP140ZTS_C35)
                                                                              0.00       0.95 r
  library setup time                                                         -0.04       0.91
  data required time                                                                     0.91
  ----------------------------------------------------------------------------------------------
  data required time                                                                     0.91
  data arrival time                                                                     -0.91
  ----------------------------------------------------------------------------------------------
  slack (MET)                                                                            0.00


  Startpoint: u_dut/u_product_pipe/bf16_lane_item_o_reg[1][3][7]
              (rising edge-triggered flip-flop clocked by clk)
  Endpoint: u_dut/u_bf16_accum/pair23_q_reg[1][3]
            (rising edge-triggered flip-flop clocked by clk)
  Path Group: clk
  Path Type: max

  Des/Clust/Port     Wire Load Model       Library
  ------------------------------------------------
  char_top           Zero                  sc6p5mcpp140z_cln22ul_base_svt_c35_tt_typical_max_0p80v_25c

  Point                                       Fanout       Cap     Trans      Incr       Path
  ----------------------------------------------------------------------------------------------
  clock clk (rise edge)                                                       0.00       0.00
  clock network delay (ideal)                                                 0.00       0.00
  u_dut/u_product_pipe/bf16_lane_item_o_reg[1][3][7]/CK (DFFRPQA_X2M_A6P5PP140ZTS_C35)
                                                                    0.00      0.00 #     0.00 r
  u_dut/u_product_pipe/bf16_lane_item_o_reg[1][3][7]/Q (DFFRPQA_X2M_A6P5PP140ZTS_C35)
                                                                    0.02      0.06       0.06 r
  u_dut/u_product_pipe/bf16_lane_item_o[1][3][7] (net)
                                                4         0.00                0.00       0.06 r
  u_dut/u_product_pipe/bf16_lane_item_o[1][3][7] (fusion_mul16_v2_product_pipe_1_1_1_1_1_0)
                                                                              0.00       0.06 r
  u_dut/bf16_lane_item[1][3][7] (net)                     0.00                0.00       0.06 r
  U9223/Y (INV_X3M_A6P5PP140ZTS_C35)                                0.01      0.01       0.07 f
  n6622 (net)                                   4         0.00                0.00       0.07 f
  U3377/Y (NOR2_X4A_A6P5PP140ZTS_C35)                               0.02      0.02       0.09 r
  n6075 (net)                                   4         0.00                0.00       0.09 r
  U9257/Y (AOI21_X1M_A6P5PP140ZTS_C35)                              0.03      0.02       0.10 f
  n6090 (net)                                   2         0.00                0.00       0.10 f
  U9258/Y (INV_X1M_A6P5PP140ZTS_C35)                                0.02      0.02       0.12 r
  n6095 (net)                                   1         0.00                0.00       0.12 r
  U2626/Y (OA21B_X3M_A6P5PP140ZTS_C35)                              0.01      0.02       0.15 r
  n1089 (net)                                   1         0.00                0.00       0.15 r
  U2050/Y (NAND2_X2M_A6P5PP140ZTS_C35)                              0.02      0.01       0.16 f
  n1088 (net)                                   1         0.00                0.00       0.16 f
  U2621/Y (AOI21_X3M_A6P5PP140ZTS_C35)                              0.03      0.02       0.18 r
  n6111 (net)                                   2         0.00                0.00       0.18 r
  U2620/Y (INV_X2P5M_A6P5PP140ZTS_C35)                              0.01      0.01       0.20 f
  n6110 (net)                                   1         0.00                0.00       0.20 f
  U1967/Y (INV_X7M_A6P5PP140ZTS_C35)                                0.02      0.02       0.21 r
  n8100 (net)                                   7         0.01                0.00       0.21 r
  U9291/Y (MXIT2_X3M_A6P5PP140ZTS_C35)                              0.03      0.02       0.23 r
  n6508 (net)                                   5         0.00                0.00       0.23 r
  U4197/Y (MXIT2_X2M_A6P5PP140ZTS_C35)                              0.03      0.03       0.26 f
  n6505 (net)                                   2         0.00                0.00       0.26 f
  U2648/Y (MXIT2_X2M_A6P5PP140ZTS_C35)                              0.03      0.03       0.29 r
  n6473 (net)                                   1         0.00                0.00       0.29 r
  U4207/Y (OAI21_X2M_A6P5PP140ZTS_C35)                              0.02      0.02       0.31 f
  n6538 (net)                                   2         0.00                0.00       0.31 f
  U2618/Y (AOI22_X2M_A6P5PP140ZTS_C35)                              0.03      0.03       0.34 r
  n11719 (net)                                  3         0.00                0.00       0.34 r
  U2617/Y (XNOR2_X0P5M_A6P5PP140ZTS_C35)                            0.05      0.04       0.38 r
  n6545 (net)                                   2         0.00                0.00       0.38 r
  U4205/Y (NOR2_X1A_A6P5PP140ZTS_C35)                               0.02      0.02       0.40 f
  n6543 (net)                                   1         0.00                0.00       0.40 f
  U9598/Y (INV_X2M_A6P5PP140ZTS_C35)                                0.02      0.02       0.41 r
  n6589 (net)                                   3         0.00                0.00       0.41 r
  U1579/Y (NAND2_X1M_A6P5PP140ZTS_C35)                              0.03      0.02       0.44 f
  n6598 (net)                                   4         0.00                0.00       0.44 f
  U9599/Y (OR2_X1M_A6P5PP140ZTS_C35)                                0.02      0.04       0.48 f
  n6564 (net)                                   2         0.00                0.00       0.48 f
  U9610/Y (OAI21_X1M_A6P5PP140ZTS_C35)                              0.04      0.03       0.51 r
  n6555 (net)                                   1         0.00                0.00       0.51 r
  U9611/Y (XNOR2_X3M_A6P5PP140ZTS_C35)                              0.03      0.04       0.55 r
  n6621 (net)                                   2         0.00                0.00       0.55 r
  U2162/Y (INV_X2M_A6P5PP140ZTS_C35)                                0.01      0.01       0.56 f
  n12037 (net)                                  2         0.00                0.00       0.56 f
  U9652/Y (NOR2_X3TA_A6P5PP140ZTS_C35)                              0.02      0.02       0.58 r
  n8115 (net)                                   4         0.00                0.00       0.58 r
  U5739/Y (MXT2_X1M_A6P5PP140ZTS_C35)                               0.02      0.05       0.63 f
  n12054 (net)                                  2         0.00                0.00       0.63 f
  U3593/Y (INV_X2M_A6P5PP140ZTS_C35)                                0.01      0.01       0.64 r
  n1376 (net)                                   1         0.00                0.00       0.64 r
  U3592/Y (AOI21_X3M_A6P5PP140ZTS_C35)                              0.02      0.02       0.66 f
  n6633 (net)                                   3         0.00                0.00       0.66 f
  U9659/Y (OR2_X1M_A6P5PP140ZTS_C35)                                0.02      0.03       0.69 f
  n6679 (net)                                   2         0.00                0.00       0.69 f
  U9661/Y (AOI21_X3M_A6P5PP140ZTS_C35)                              0.02      0.03       0.72 r
  n6674 (net)                                   2         0.00                0.00       0.72 r
  U9665/Y (OAI21_X3M_A6P5PP140ZTS_C35)                              0.02      0.02       0.74 f
  n6662 (net)                                   2         0.00                0.00       0.74 f
  U9685/Y (INV_X1M_A6P5PP140ZTS_C35)                                0.02      0.02       0.75 r
  n6669 (net)                                   2         0.00                0.00       0.75 r
  U2663/Y (OAI21_X1M_A6P5PP140ZTS_C35)                              0.02      0.02       0.78 f
  n6663 (net)                                   1         0.00                0.00       0.78 f
  U9686/Y (XNOR2_X0P5M_A6P5PP140ZTS_C35)                            0.03      0.04       0.81 f
  n11797 (net)                                  2         0.00                0.00       0.81 f
  U3732/Y (NOR3_X2TA_A6P5PP140ZTS_C35)                              0.02      0.02       0.83 r
  n1415 (net)                                   1         0.00                0.00       0.83 r
  U2959/Y (NAND3_X2TA_A6P5PP140ZTS_C35)                             0.02      0.02       0.85 f
  n6695 (net)                                   1         0.00                0.00       0.85 f
  U5732/Y (NAND2_X3TA_A6P5PP140ZTS_C35)                             0.02      0.02       0.87 r
  n11861 (net)                                  4         0.00                0.00       0.87 r
  U2984/Y (NOR2_X2TA_A6P5PP140ZTS_C35)                              0.02      0.02       0.88 f
  n12079 (net)                                  7         0.00                0.00       0.88 f
  U13984/Y (AO21B_X1M_A6P5PP140ZTS_C35)                             0.02      0.03       0.91 f
  u_dut/u_bf16_accum/pair23_w[1][3] (net)       1         0.00                0.00       0.91 f
  u_dut/u_bf16_accum/pair23_q_reg[1][3]/D (DFFRPQNA_X1M_A6P5PP140ZTS_C35)
                                                                    0.02      0.00       0.91 f
  data arrival time                                                                      0.91

  clock clk (rise edge)                                                       1.00       1.00
  clock network delay (ideal)                                                 0.00       1.00
  clock uncertainty                                                          -0.05       0.95
  u_dut/u_bf16_accum/pair23_q_reg[1][3]/CK (DFFRPQNA_X1M_A6P5PP140ZTS_C35)
                                                                              0.00       0.95 r
  library setup time                                                         -0.04       0.91
  data required time                                                                     0.91
  ----------------------------------------------------------------------------------------------
  data required time                                                                     0.91
  data arrival time                                                                     -0.91
  ----------------------------------------------------------------------------------------------
  slack (MET)                                                                            0.00


  Startpoint: u_dut/u_product_pipe/bf16_lane_item_o_reg[1][3][7]
              (rising edge-triggered flip-flop clocked by clk)
  Endpoint: u_dut/u_bf16_accum/pair23_q_reg[1][4]
            (rising edge-triggered flip-flop clocked by clk)
  Path Group: clk
  Path Type: max

  Des/Clust/Port     Wire Load Model       Library
  ------------------------------------------------
  char_top           Zero                  sc6p5mcpp140z_cln22ul_base_svt_c35_tt_typical_max_0p80v_25c

  Point                                       Fanout       Cap     Trans      Incr       Path
  ----------------------------------------------------------------------------------------------
  clock clk (rise edge)                                                       0.00       0.00
  clock network delay (ideal)                                                 0.00       0.00
  u_dut/u_product_pipe/bf16_lane_item_o_reg[1][3][7]/CK (DFFRPQA_X2M_A6P5PP140ZTS_C35)
                                                                    0.00      0.00 #     0.00 r
  u_dut/u_product_pipe/bf16_lane_item_o_reg[1][3][7]/Q (DFFRPQA_X2M_A6P5PP140ZTS_C35)
                                                                    0.02      0.06       0.06 r
  u_dut/u_product_pipe/bf16_lane_item_o[1][3][7] (net)
                                                4         0.00                0.00       0.06 r
  u_dut/u_product_pipe/bf16_lane_item_o[1][3][7] (fusion_mul16_v2_product_pipe_1_1_1_1_1_0)
                                                                              0.00       0.06 r
  u_dut/bf16_lane_item[1][3][7] (net)                     0.00                0.00       0.06 r
  U9223/Y (INV_X3M_A6P5PP140ZTS_C35)                                0.01      0.01       0.07 f
  n6622 (net)                                   4         0.00                0.00       0.07 f
  U3377/Y (NOR2_X4A_A6P5PP140ZTS_C35)                               0.02      0.02       0.09 r
  n6075 (net)                                   4         0.00                0.00       0.09 r
  U9257/Y (AOI21_X1M_A6P5PP140ZTS_C35)                              0.03      0.02       0.10 f
  n6090 (net)                                   2         0.00                0.00       0.10 f
  U9258/Y (INV_X1M_A6P5PP140ZTS_C35)                                0.02      0.02       0.12 r
  n6095 (net)                                   1         0.00                0.00       0.12 r
  U2626/Y (OA21B_X3M_A6P5PP140ZTS_C35)                              0.01      0.02       0.15 r
  n1089 (net)                                   1         0.00                0.00       0.15 r
  U2050/Y (NAND2_X2M_A6P5PP140ZTS_C35)                              0.02      0.01       0.16 f
  n1088 (net)                                   1         0.00                0.00       0.16 f
  U2621/Y (AOI21_X3M_A6P5PP140ZTS_C35)                              0.03      0.02       0.18 r
  n6111 (net)                                   2         0.00                0.00       0.18 r
  U2620/Y (INV_X2P5M_A6P5PP140ZTS_C35)                              0.01      0.01       0.20 f
  n6110 (net)                                   1         0.00                0.00       0.20 f
  U1967/Y (INV_X7M_A6P5PP140ZTS_C35)                                0.02      0.02       0.21 r
  n8100 (net)                                   7         0.01                0.00       0.21 r
  U9291/Y (MXIT2_X3M_A6P5PP140ZTS_C35)                              0.03      0.02       0.23 r
  n6508 (net)                                   5         0.00                0.00       0.23 r
  U4197/Y (MXIT2_X2M_A6P5PP140ZTS_C35)                              0.03      0.03       0.26 f
  n6505 (net)                                   2         0.00                0.00       0.26 f
  U2648/Y (MXIT2_X2M_A6P5PP140ZTS_C35)                              0.03      0.03       0.29 r
  n6473 (net)                                   1         0.00                0.00       0.29 r
  U4207/Y (OAI21_X2M_A6P5PP140ZTS_C35)                              0.02      0.02       0.31 f
  n6538 (net)                                   2         0.00                0.00       0.31 f
  U2618/Y (AOI22_X2M_A6P5PP140ZTS_C35)                              0.03      0.03       0.34 r
  n11719 (net)                                  3         0.00                0.00       0.34 r
  U2617/Y (XNOR2_X0P5M_A6P5PP140ZTS_C35)                            0.05      0.04       0.38 r
  n6545 (net)                                   2         0.00                0.00       0.38 r
  U4205/Y (NOR2_X1A_A6P5PP140ZTS_C35)                               0.02      0.02       0.40 f
  n6543 (net)                                   1         0.00                0.00       0.40 f
  U9598/Y (INV_X2M_A6P5PP140ZTS_C35)                                0.02      0.02       0.41 r
  n6589 (net)                                   3         0.00                0.00       0.41 r
  U1579/Y (NAND2_X1M_A6P5PP140ZTS_C35)                              0.03      0.02       0.44 f
  n6598 (net)                                   4         0.00                0.00       0.44 f
  U9599/Y (OR2_X1M_A6P5PP140ZTS_C35)                                0.02      0.04       0.48 f
  n6564 (net)                                   2         0.00                0.00       0.48 f
  U9610/Y (OAI21_X1M_A6P5PP140ZTS_C35)                              0.04      0.03       0.51 r
  n6555 (net)                                   1         0.00                0.00       0.51 r
  U9611/Y (XNOR2_X3M_A6P5PP140ZTS_C35)                              0.03      0.04       0.55 r
  n6621 (net)                                   2         0.00                0.00       0.55 r
  U2162/Y (INV_X2M_A6P5PP140ZTS_C35)                                0.01      0.01       0.56 f
  n12037 (net)                                  2         0.00                0.00       0.56 f
  U9652/Y (NOR2_X3TA_A6P5PP140ZTS_C35)                              0.02      0.02       0.58 r
  n8115 (net)                                   4         0.00                0.00       0.58 r
  U5739/Y (MXT2_X1M_A6P5PP140ZTS_C35)                               0.02      0.05       0.63 f
  n12054 (net)                                  2         0.00                0.00       0.63 f
  U3593/Y (INV_X2M_A6P5PP140ZTS_C35)                                0.01      0.01       0.64 r
  n1376 (net)                                   1         0.00                0.00       0.64 r
  U3592/Y (AOI21_X3M_A6P5PP140ZTS_C35)                              0.02      0.02       0.66 f
  n6633 (net)                                   3         0.00                0.00       0.66 f
  U9659/Y (OR2_X1M_A6P5PP140ZTS_C35)                                0.02      0.03       0.69 f
  n6679 (net)                                   2         0.00                0.00       0.69 f
  U9661/Y (AOI21_X3M_A6P5PP140ZTS_C35)                              0.02      0.03       0.72 r
  n6674 (net)                                   2         0.00                0.00       0.72 r
  U9665/Y (OAI21_X3M_A6P5PP140ZTS_C35)                              0.02      0.02       0.74 f
  n6662 (net)                                   2         0.00                0.00       0.74 f
  U9685/Y (INV_X1M_A6P5PP140ZTS_C35)                                0.02      0.02       0.75 r
  n6669 (net)                                   2         0.00                0.00       0.75 r
  U2663/Y (OAI21_X1M_A6P5PP140ZTS_C35)                              0.02      0.02       0.78 f
  n6663 (net)                                   1         0.00                0.00       0.78 f
  U9686/Y (XNOR2_X0P5M_A6P5PP140ZTS_C35)                            0.03      0.04       0.81 f
  n11797 (net)                                  2         0.00                0.00       0.81 f
  U3732/Y (NOR3_X2TA_A6P5PP140ZTS_C35)                              0.02      0.02       0.83 r
  n1415 (net)                                   1         0.00                0.00       0.83 r
  U2959/Y (NAND3_X2TA_A6P5PP140ZTS_C35)                             0.02      0.02       0.85 f
  n6695 (net)                                   1         0.00                0.00       0.85 f
  U5732/Y (NAND2_X3TA_A6P5PP140ZTS_C35)                             0.02      0.02       0.87 r
  n11861 (net)                                  4         0.00                0.00       0.87 r
  U2984/Y (NOR2_X2TA_A6P5PP140ZTS_C35)                              0.02      0.02       0.88 f
  n12079 (net)                                  7         0.00                0.00       0.88 f
  U14006/Y (AO21B_X1M_A6P5PP140ZTS_C35)                             0.02      0.03       0.91 f
  u_dut/u_bf16_accum/pair23_w[1][4] (net)       1         0.00                0.00       0.91 f
  u_dut/u_bf16_accum/pair23_q_reg[1][4]/D (DFFRPQNA_X1M_A6P5PP140ZTS_C35)
                                                                    0.02      0.00       0.91 f
  data arrival time                                                                      0.91

  clock clk (rise edge)                                                       1.00       1.00
  clock network delay (ideal)                                                 0.00       1.00
  clock uncertainty                                                          -0.05       0.95
  u_dut/u_bf16_accum/pair23_q_reg[1][4]/CK (DFFRPQNA_X1M_A6P5PP140ZTS_C35)
                                                                              0.00       0.95 r
  library setup time                                                         -0.04       0.91
  data required time                                                                     0.91
  ----------------------------------------------------------------------------------------------
  data required time                                                                     0.91
  data arrival time                                                                     -0.91
  ----------------------------------------------------------------------------------------------
  slack (MET)                                                                            0.00


  Startpoint: u_dut/u_product_pipe/bf16_lane_item_o_reg[1][3][7]
              (rising edge-triggered flip-flop clocked by clk)
  Endpoint: u_dut/u_bf16_accum/pair23_q_reg[1][6]
            (rising edge-triggered flip-flop clocked by clk)
  Path Group: clk
  Path Type: max

  Des/Clust/Port     Wire Load Model       Library
  ------------------------------------------------
  char_top           Zero                  sc6p5mcpp140z_cln22ul_base_svt_c35_tt_typical_max_0p80v_25c

  Point                                       Fanout       Cap     Trans      Incr       Path
  ----------------------------------------------------------------------------------------------
  clock clk (rise edge)                                                       0.00       0.00
  clock network delay (ideal)                                                 0.00       0.00
  u_dut/u_product_pipe/bf16_lane_item_o_reg[1][3][7]/CK (DFFRPQA_X2M_A6P5PP140ZTS_C35)
                                                                    0.00      0.00 #     0.00 r
  u_dut/u_product_pipe/bf16_lane_item_o_reg[1][3][7]/Q (DFFRPQA_X2M_A6P5PP140ZTS_C35)
                                                                    0.02      0.06       0.06 r
  u_dut/u_product_pipe/bf16_lane_item_o[1][3][7] (net)
                                                4         0.00                0.00       0.06 r
  u_dut/u_product_pipe/bf16_lane_item_o[1][3][7] (fusion_mul16_v2_product_pipe_1_1_1_1_1_0)
                                                                              0.00       0.06 r
  u_dut/bf16_lane_item[1][3][7] (net)                     0.00                0.00       0.06 r
  U9223/Y (INV_X3M_A6P5PP140ZTS_C35)                                0.01      0.01       0.07 f
  n6622 (net)                                   4         0.00                0.00       0.07 f
  U3377/Y (NOR2_X4A_A6P5PP140ZTS_C35)                               0.02      0.02       0.09 r
  n6075 (net)                                   4         0.00                0.00       0.09 r
  U9257/Y (AOI21_X1M_A6P5PP140ZTS_C35)                              0.03      0.02       0.10 f
  n6090 (net)                                   2         0.00                0.00       0.10 f
  U9258/Y (INV_X1M_A6P5PP140ZTS_C35)                                0.02      0.02       0.12 r
  n6095 (net)                                   1         0.00                0.00       0.12 r
  U2626/Y (OA21B_X3M_A6P5PP140ZTS_C35)                              0.01      0.02       0.15 r
  n1089 (net)                                   1         0.00                0.00       0.15 r
  U2050/Y (NAND2_X2M_A6P5PP140ZTS_C35)                              0.02      0.01       0.16 f
  n1088 (net)                                   1         0.00                0.00       0.16 f
  U2621/Y (AOI21_X3M_A6P5PP140ZTS_C35)                              0.03      0.02       0.18 r
  n6111 (net)                                   2         0.00                0.00       0.18 r
  U2620/Y (INV_X2P5M_A6P5PP140ZTS_C35)                              0.01      0.01       0.20 f
  n6110 (net)                                   1         0.00                0.00       0.20 f
  U1967/Y (INV_X7M_A6P5PP140ZTS_C35)                                0.02      0.02       0.21 r
  n8100 (net)                                   7         0.01                0.00       0.21 r
  U9291/Y (MXIT2_X3M_A6P5PP140ZTS_C35)                              0.03      0.02       0.23 r
  n6508 (net)                                   5         0.00                0.00       0.23 r
  U4197/Y (MXIT2_X2M_A6P5PP140ZTS_C35)                              0.03      0.03       0.26 f
  n6505 (net)                                   2         0.00                0.00       0.26 f
  U2648/Y (MXIT2_X2M_A6P5PP140ZTS_C35)                              0.03      0.03       0.29 r
  n6473 (net)                                   1         0.00                0.00       0.29 r
  U4207/Y (OAI21_X2M_A6P5PP140ZTS_C35)                              0.02      0.02       0.31 f
  n6538 (net)                                   2         0.00                0.00       0.31 f
  U2618/Y (AOI22_X2M_A6P5PP140ZTS_C35)                              0.03      0.03       0.34 r
  n11719 (net)                                  3         0.00                0.00       0.34 r
  U2617/Y (XNOR2_X0P5M_A6P5PP140ZTS_C35)                            0.05      0.04       0.38 r
  n6545 (net)                                   2         0.00                0.00       0.38 r
  U4205/Y (NOR2_X1A_A6P5PP140ZTS_C35)                               0.02      0.02       0.40 f
  n6543 (net)                                   1         0.00                0.00       0.40 f
  U9598/Y (INV_X2M_A6P5PP140ZTS_C35)                                0.02      0.02       0.41 r
  n6589 (net)                                   3         0.00                0.00       0.41 r
  U1579/Y (NAND2_X1M_A6P5PP140ZTS_C35)                              0.03      0.02       0.44 f
  n6598 (net)                                   4         0.00                0.00       0.44 f
  U9599/Y (OR2_X1M_A6P5PP140ZTS_C35)                                0.02      0.04       0.48 f
  n6564 (net)                                   2         0.00                0.00       0.48 f
  U9610/Y (OAI21_X1M_A6P5PP140ZTS_C35)                              0.04      0.03       0.51 r
  n6555 (net)                                   1         0.00                0.00       0.51 r
  U9611/Y (XNOR2_X3M_A6P5PP140ZTS_C35)                              0.03      0.04       0.55 r
  n6621 (net)                                   2         0.00                0.00       0.55 r
  U2162/Y (INV_X2M_A6P5PP140ZTS_C35)                                0.01      0.01       0.56 f
  n12037 (net)                                  2         0.00                0.00       0.56 f
  U9652/Y (NOR2_X3TA_A6P5PP140ZTS_C35)                              0.02      0.02       0.58 r
  n8115 (net)                                   4         0.00                0.00       0.58 r
  U5739/Y (MXT2_X1M_A6P5PP140ZTS_C35)                               0.02      0.05       0.63 f
  n12054 (net)                                  2         0.00                0.00       0.63 f
  U3593/Y (INV_X2M_A6P5PP140ZTS_C35)                                0.01      0.01       0.64 r
  n1376 (net)                                   1         0.00                0.00       0.64 r
  U3592/Y (AOI21_X3M_A6P5PP140ZTS_C35)                              0.02      0.02       0.66 f
  n6633 (net)                                   3         0.00                0.00       0.66 f
  U9659/Y (OR2_X1M_A6P5PP140ZTS_C35)                                0.02      0.03       0.69 f
  n6679 (net)                                   2         0.00                0.00       0.69 f
  U9661/Y (AOI21_X3M_A6P5PP140ZTS_C35)                              0.02      0.03       0.72 r
  n6674 (net)                                   2         0.00                0.00       0.72 r
  U9665/Y (OAI21_X3M_A6P5PP140ZTS_C35)                              0.02      0.02       0.74 f
  n6662 (net)                                   2         0.00                0.00       0.74 f
  U9685/Y (INV_X1M_A6P5PP140ZTS_C35)                                0.02      0.02       0.75 r
  n6669 (net)                                   2         0.00                0.00       0.75 r
  U2663/Y (OAI21_X1M_A6P5PP140ZTS_C35)                              0.02      0.02       0.78 f
  n6663 (net)                                   1         0.00                0.00       0.78 f
  U9686/Y (XNOR2_X0P5M_A6P5PP140ZTS_C35)                            0.03      0.04       0.81 f
  n11797 (net)                                  2         0.00                0.00       0.81 f
  U3732/Y (NOR3_X2TA_A6P5PP140ZTS_C35)                              0.02      0.02       0.83 r
  n1415 (net)                                   1         0.00                0.00       0.83 r
  U2959/Y (NAND3_X2TA_A6P5PP140ZTS_C35)                             0.02      0.02       0.85 f
  n6695 (net)                                   1         0.00                0.00       0.85 f
  U5732/Y (NAND2_X3TA_A6P5PP140ZTS_C35)                             0.02      0.02       0.87 r
  n11861 (net)                                  4         0.00                0.00       0.87 r
  U2984/Y (NOR2_X2TA_A6P5PP140ZTS_C35)                              0.02      0.02       0.88 f
  n12079 (net)                                  7         0.00                0.00       0.88 f
  U2644/Y (AO21B_X1M_A6P5PP140ZTS_C35)                              0.02      0.03       0.91 f
  u_dut/u_bf16_accum/pair23_w[1][6] (net)       1         0.00                0.00       0.91 f
  u_dut/u_bf16_accum/pair23_q_reg[1][6]/D (DFFRPQNA_X1M_A6P5PP140ZTS_C35)
                                                                    0.02      0.00       0.91 f
  data arrival time                                                                      0.91

  clock clk (rise edge)                                                       1.00       1.00
  clock network delay (ideal)                                                 0.00       1.00
  clock uncertainty                                                          -0.05       0.95
  u_dut/u_bf16_accum/pair23_q_reg[1][6]/CK (DFFRPQNA_X1M_A6P5PP140ZTS_C35)
                                                                              0.00       0.95 r
  library setup time                                                         -0.04       0.91
  data required time                                                                     0.91
  ----------------------------------------------------------------------------------------------
  data required time                                                                     0.91
  data arrival time                                                                     -0.91
  ----------------------------------------------------------------------------------------------
  slack (MET)                                                                            0.00


  Startpoint: u_dut/u_product_pipe/bf16_lane_item_o_reg[1][3][7]
              (rising edge-triggered flip-flop clocked by clk)
  Endpoint: u_dut/u_bf16_accum/pair23_q_reg[1][0]
            (rising edge-triggered flip-flop clocked by clk)
  Path Group: clk
  Path Type: max

  Des/Clust/Port     Wire Load Model       Library
  ------------------------------------------------
  char_top           Zero                  sc6p5mcpp140z_cln22ul_base_svt_c35_tt_typical_max_0p80v_25c

  Point                                       Fanout       Cap     Trans      Incr       Path
  ----------------------------------------------------------------------------------------------
  clock clk (rise edge)                                                       0.00       0.00
  clock network delay (ideal)                                                 0.00       0.00
  u_dut/u_product_pipe/bf16_lane_item_o_reg[1][3][7]/CK (DFFRPQA_X2M_A6P5PP140ZTS_C35)
                                                                    0.00      0.00 #     0.00 r
  u_dut/u_product_pipe/bf16_lane_item_o_reg[1][3][7]/Q (DFFRPQA_X2M_A6P5PP140ZTS_C35)
                                                                    0.02      0.06       0.06 r
  u_dut/u_product_pipe/bf16_lane_item_o[1][3][7] (net)
                                                4         0.00                0.00       0.06 r
  u_dut/u_product_pipe/bf16_lane_item_o[1][3][7] (fusion_mul16_v2_product_pipe_1_1_1_1_1_0)
                                                                              0.00       0.06 r
  u_dut/bf16_lane_item[1][3][7] (net)                     0.00                0.00       0.06 r
  U9223/Y (INV_X3M_A6P5PP140ZTS_C35)                                0.01      0.01       0.07 f
  n6622 (net)                                   4         0.00                0.00       0.07 f
  U3377/Y (NOR2_X4A_A6P5PP140ZTS_C35)                               0.02      0.02       0.09 r
  n6075 (net)                                   4         0.00                0.00       0.09 r
  U9257/Y (AOI21_X1M_A6P5PP140ZTS_C35)                              0.03      0.02       0.10 f
  n6090 (net)                                   2         0.00                0.00       0.10 f
  U9258/Y (INV_X1M_A6P5PP140ZTS_C35)                                0.02      0.02       0.12 r
  n6095 (net)                                   1         0.00                0.00       0.12 r
  U2626/Y (OA21B_X3M_A6P5PP140ZTS_C35)                              0.01      0.02       0.15 r
  n1089 (net)                                   1         0.00                0.00       0.15 r
  U2050/Y (NAND2_X2M_A6P5PP140ZTS_C35)                              0.02      0.01       0.16 f
  n1088 (net)                                   1         0.00                0.00       0.16 f
  U2621/Y (AOI21_X3M_A6P5PP140ZTS_C35)                              0.03      0.02       0.18 r
  n6111 (net)                                   2         0.00                0.00       0.18 r
  U2620/Y (INV_X2P5M_A6P5PP140ZTS_C35)                              0.01      0.01       0.20 f
  n6110 (net)                                   1         0.00                0.00       0.20 f
  U1967/Y (INV_X7M_A6P5PP140ZTS_C35)                                0.02      0.02       0.21 r
  n8100 (net)                                   7         0.01                0.00       0.21 r
  U9291/Y (MXIT2_X3M_A6P5PP140ZTS_C35)                              0.03      0.02       0.23 r
  n6508 (net)                                   5         0.00                0.00       0.23 r
  U4197/Y (MXIT2_X2M_A6P5PP140ZTS_C35)                              0.03      0.03       0.26 f
  n6505 (net)                                   2         0.00                0.00       0.26 f
  U2648/Y (MXIT2_X2M_A6P5PP140ZTS_C35)                              0.03      0.03       0.29 r
  n6473 (net)                                   1         0.00                0.00       0.29 r
  U4207/Y (OAI21_X2M_A6P5PP140ZTS_C35)                              0.02      0.02       0.31 f
  n6538 (net)                                   2         0.00                0.00       0.31 f
  U2618/Y (AOI22_X2M_A6P5PP140ZTS_C35)                              0.03      0.03       0.34 r
  n11719 (net)                                  3         0.00                0.00       0.34 r
  U2617/Y (XNOR2_X0P5M_A6P5PP140ZTS_C35)                            0.05      0.04       0.38 r
  n6545 (net)                                   2         0.00                0.00       0.38 r
  U4205/Y (NOR2_X1A_A6P5PP140ZTS_C35)                               0.02      0.02       0.40 f
  n6543 (net)                                   1         0.00                0.00       0.40 f
  U9598/Y (INV_X2M_A6P5PP140ZTS_C35)                                0.02      0.02       0.41 r
  n6589 (net)                                   3         0.00                0.00       0.41 r
  U1579/Y (NAND2_X1M_A6P5PP140ZTS_C35)                              0.03      0.02       0.44 f
  n6598 (net)                                   4         0.00                0.00       0.44 f
  U9599/Y (OR2_X1M_A6P5PP140ZTS_C35)                                0.02      0.04       0.48 f
  n6564 (net)                                   2         0.00                0.00       0.48 f
  U9610/Y (OAI21_X1M_A6P5PP140ZTS_C35)                              0.04      0.03       0.51 r
  n6555 (net)                                   1         0.00                0.00       0.51 r
  U9611/Y (XNOR2_X3M_A6P5PP140ZTS_C35)                              0.03      0.04       0.55 r
  n6621 (net)                                   2         0.00                0.00       0.55 r
  U2162/Y (INV_X2M_A6P5PP140ZTS_C35)                                0.01      0.01       0.56 f
  n12037 (net)                                  2         0.00                0.00       0.56 f
  U9652/Y (NOR2_X3TA_A6P5PP140ZTS_C35)                              0.02      0.02       0.58 r
  n8115 (net)                                   4         0.00                0.00       0.58 r
  U5739/Y (MXT2_X1M_A6P5PP140ZTS_C35)                               0.02      0.05       0.63 f
  n12054 (net)                                  2         0.00                0.00       0.63 f
  U3593/Y (INV_X2M_A6P5PP140ZTS_C35)                                0.01      0.01       0.64 r
  n1376 (net)                                   1         0.00                0.00       0.64 r
  U3592/Y (AOI21_X3M_A6P5PP140ZTS_C35)                              0.02      0.02       0.66 f
  n6633 (net)                                   3         0.00                0.00       0.66 f
  U9659/Y (OR2_X1M_A6P5PP140ZTS_C35)                                0.02      0.03       0.69 f
  n6679 (net)                                   2         0.00                0.00       0.69 f
  U9661/Y (AOI21_X3M_A6P5PP140ZTS_C35)                              0.02      0.03       0.72 r
  n6674 (net)                                   2         0.00                0.00       0.72 r
  U9665/Y (OAI21_X3M_A6P5PP140ZTS_C35)                              0.02      0.02       0.74 f
  n6662 (net)                                   2         0.00                0.00       0.74 f
  U9685/Y (INV_X1M_A6P5PP140ZTS_C35)                                0.02      0.02       0.75 r
  n6669 (net)                                   2         0.00                0.00       0.75 r
  U2663/Y (OAI21_X1M_A6P5PP140ZTS_C35)                              0.02      0.02       0.78 f
  n6663 (net)                                   1         0.00                0.00       0.78 f
  U9686/Y (XNOR2_X0P5M_A6P5PP140ZTS_C35)                            0.03      0.04       0.81 f
  n11797 (net)                                  2         0.00                0.00       0.81 f
  U3732/Y (NOR3_X2TA_A6P5PP140ZTS_C35)                              0.02      0.02       0.83 r
  n1415 (net)                                   1         0.00                0.00       0.83 r
  U2959/Y (NAND3_X2TA_A6P5PP140ZTS_C35)                             0.02      0.02       0.85 f
  n6695 (net)                                   1         0.00                0.00       0.85 f
  U5732/Y (NAND2_X3TA_A6P5PP140ZTS_C35)                             0.02      0.02       0.87 r
  n11861 (net)                                  4         0.00                0.00       0.87 r
  U2984/Y (NOR2_X2TA_A6P5PP140ZTS_C35)                              0.02      0.02       0.88 f
  n12079 (net)                                  7         0.00                0.00       0.88 f
  U14012/Y (AO21B_X1M_A6P5PP140ZTS_C35)                             0.02      0.03       0.91 f
  u_dut/u_bf16_accum/pair23_w[1][0] (net)       1         0.00                0.00       0.91 f
  u_dut/u_bf16_accum/pair23_q_reg[1][0]/D (DFFRPQNA_X1M_A6P5PP140ZTS_C35)
                                                                    0.02      0.00       0.91 f
  data arrival time                                                                      0.91

  clock clk (rise edge)                                                       1.00       1.00
  clock network delay (ideal)                                                 0.00       1.00
  clock uncertainty                                                          -0.05       0.95
  u_dut/u_bf16_accum/pair23_q_reg[1][0]/CK (DFFRPQNA_X1M_A6P5PP140ZTS_C35)
                                                                              0.00       0.95 r
  library setup time                                                         -0.04       0.91
  data required time                                                                     0.91
  ----------------------------------------------------------------------------------------------
  data required time                                                                     0.91
  data arrival time                                                                     -0.91
  ----------------------------------------------------------------------------------------------
  slack (MET)                                                                            0.00


  Startpoint: u_dut/u_bf16_accum/acc_o_reg[2][5]
              (rising edge-triggered flip-flop clocked by clk)
  Endpoint: u_dut/u_bf16_accum/acc_o_reg[2][1]
            (rising edge-triggered flip-flop clocked by clk)
  Path Group: clk
  Path Type: max

  Des/Clust/Port     Wire Load Model       Library
  ------------------------------------------------
  char_top           Zero                  sc6p5mcpp140z_cln22ul_base_svt_c35_tt_typical_max_0p80v_25c

  Point                                       Fanout       Cap     Trans      Incr       Path
  ----------------------------------------------------------------------------------------------
  clock clk (rise edge)                                                       0.00       0.00
  clock network delay (ideal)                                                 0.00       0.00
  u_dut/u_bf16_accum/acc_o_reg[2][5]/CK (DFFRPQNA_X2M_A6P5PP140ZTS_C35)
                                                                    0.00      0.00 #     0.00 r
  u_dut/u_bf16_accum/acc_o_reg[2][5]/QN (DFFRPQNA_X2M_A6P5PP140ZTS_C35)
                                                                    0.03      0.05       0.05 f
  n252 (net)                                    4         0.00                0.00       0.05 f
  U4619/Y (INV_X2P5M_A6P5PP140ZTS_C35)                              0.03      0.03       0.08 r
  bf16_acc_o[2][5] (net)                        3         0.01                0.00       0.08 r
  U2057/Y (OAI22_X1M_A6P5PP140ZTS_C35)                              0.03      0.03       0.11 f
  n1858 (net)                                   1         0.00                0.00       0.11 f
  U3894/Y (NOR2_X2TA_A6P5PP140ZTS_C35)                              0.02      0.02       0.13 r
  n4844 (net)                                   2         0.00                0.00       0.13 r
  U4617/Y (OAI21_X2M_A6P5PP140ZTS_C35)                              0.02      0.02       0.15 f
  n4847 (net)                                   1         0.00                0.00       0.15 f
  U5624/Y (OAI21_X2M_A6P5PP140ZTS_C35)                              0.02      0.02       0.17 r
  n4856 (net)                                   1         0.00                0.00       0.17 r
  U2379/Y (AOI21_X3M_A6P5PP140ZTS_C35)                              0.02      0.02       0.19 f
  n4978 (net)                                   2         0.00                0.00       0.19 f
  U1938/Y (BUF_X10M_A6P5PP140ZTS_C35)                               0.02      0.03       0.22 f
  n5037 (net)                                   9         0.01                0.00       0.22 f
  U8249/Y (MXIT2_X3M_A6P5PP140ZTS_C35)                              0.03      0.02       0.24 r
  n5027 (net)                                   3         0.00                0.00       0.24 r
  U8250/Y (INV_X1M_A6P5PP140ZTS_C35)                                0.02      0.02       0.25 f
  n5008 (net)                                   3         0.00                0.00       0.25 f
  U8294/Y (OA21B_X1M_A6P5PP140ZTS_C35)                              0.02      0.02       0.27 r
  n4895 (net)                                   1         0.00                0.00       0.27 r
  U8295/Y (NAND4_X1A_A6P5PP140ZTS_C35)                              0.03      0.02       0.29 f
  n4896 (net)                                   1         0.00                0.00       0.29 f
  U3918/Y (NOR3_X1TA_A6P5PP140ZTS_C35)                              0.02      0.02       0.31 r
  n4948 (net)                                   1         0.00                0.00       0.31 r
  U8325/Y (OAI21_X0P5M_A6P5PP140ZTS_C35)                            0.02      0.02       0.33 f
  n4949 (net)                                   1         0.00                0.00       0.33 f
  U1853/Y (NOR2_X1TA_A6P5PP140ZTS_C35)                              0.02      0.02       0.35 r
  n4971 (net)                                   1         0.00                0.00       0.35 r
  U8347/Y (NOR2_X2A_A6P5PP140ZTS_C35)                               0.02      0.01       0.37 f
  u_dut/u_bf16_accum/G_BF16_LANE[2].u_acc/U1/fr[0] (net)
                                                3         0.00                0.00       0.37 f
  U3924/Y (INV_X2M_A6P5PP140ZTS_C35)                                0.01      0.01       0.38 r
  n4981 (net)                                   2         0.00                0.00       0.38 r
  U8363/Y (NAND2_X2M_A6P5PP140ZTS_C35)                              0.03      0.02       0.40 f
  n5171 (net)                                   2         0.00                0.00       0.40 f
  U4116/Y (NOR2_X3TA_A6P5PP140ZTS_C35)                              0.02      0.02       0.42 r
  n5055 (net)                                   2         0.00                0.00       0.42 r
  U1565/Y (NAND2_X3M_A6P5PP140ZTS_C35)                              0.02      0.01       0.43 f
  n5050 (net)                                   2         0.00                0.00       0.43 f
  U4506/Y (OAI21_X3M_A6P5PP140ZTS_C35)                              0.03      0.03       0.46 r
  n5059 (net)                                   2         0.00                0.00       0.46 r
  U8410/Y (INV_X3M_A6P5PP140ZTS_C35)                                0.01      0.01       0.47 f
  n5075 (net)                                   3         0.00                0.00       0.47 f
  U4128/Y (OAI21_X2M_A6P5PP140ZTS_C35)                              0.02      0.02       0.49 r
  n5060 (net)                                   1         0.00                0.00       0.49 r
  U8411/Y (XNOR2_X3M_A6P5PP140ZTS_C35)                              0.03      0.04       0.53 r
  n5329 (net)                                   5         0.00                0.00       0.53 r
  U4130/Y (INV_X2M_A6P5PP140ZTS_C35)                                0.02      0.02       0.55 f
  n5308 (net)                                   3         0.00                0.00       0.55 f
  U5521/Y (OAI22BB_X2M_A6P5PP140ZTS_C35)                            0.02      0.02       0.57 r
  n5079 (net)                                   1         0.00                0.00       0.57 r
  U2443/Y (NOR2_X3A_A6P5PP140ZTS_C35)                               0.01      0.01       0.58 f
  n5328 (net)                                   2         0.00                0.00       0.58 f
  U2719/Y (NOR2_X4A_A6P5PP140ZTS_C35)                               0.02      0.02       0.60 r
  n5107 (net)                                   4         0.00                0.00       0.60 r
  U4625/Y (NOR2_X3A_A6P5PP140ZTS_C35)                               0.01      0.01       0.61 f
  n5103 (net)                                   2         0.00                0.00       0.61 f
  U4832/Y (XNOR2_X2M_A6P5PP140ZTS_C35)                              0.03      0.03       0.64 f
  n2001 (net)                                   1         0.00                0.00       0.64 f
  U3165/Y (NAND2_X3M_A6P5PP140ZTS_C35)                              0.02      0.02       0.66 r
  n1241 (net)                                   2         0.00                0.00       0.66 r
  U3163/Y (AND2_X4M_A6P5PP140ZTS_C35)                               0.01      0.02       0.68 r
  n5120 (net)                                   2         0.00                0.00       0.68 r
  U5412/Y (NOR2_X1P4M_A6P5PP140ZTS_C35)                             0.02      0.02       0.69 f
  n5153 (net)                                   3         0.00                0.00       0.69 f
  U3176/Y (NOR2_X1A_A6P5PP140ZTS_C35)                               0.04      0.04       0.73 r
  n5122 (net)                                   2         0.00                0.00       0.73 r
  U1241/Y (NAND3_X1TA_A6P5PP140ZTS_C35)                             0.02      0.02       0.75 f
  n1182 (net)                                   1         0.00                0.00       0.75 f
  U2925/Y (NAND3_X1TA_A6P5PP140ZTS_C35)                             0.02      0.02       0.77 r
  n5134 (net)                                   1         0.00                0.00       0.77 r
  U5553/Y (XNOR2_X0P5M_A6P5PP140ZTS_C35)                            0.04      0.04       0.80 r
  n5205 (net)                                   2         0.00                0.00       0.80 r
  U3467/Y (NOR2_X2A_A6P5PP140ZTS_C35)                               0.01      0.01       0.82 f
  n1531 (net)                                   1         0.00                0.00       0.82 f
  U2705/Y (NAND2_X1P4TA_A6P5PP140ZTS_C35)                           0.02      0.02       0.84 r
  n1168 (net)                                   2         0.00                0.00       0.84 r
  U2867/Y (NAND2_X3M_A6P5PP140ZTS_C35)                              0.02      0.01       0.85 f
  n12863 (net)                                  4         0.00                0.00       0.85 f
  U1132/Y (NOR2_X1A_A6P5PP140ZTS_C35)                               0.02      0.02       0.87 r
  n1859 (net)                                   1         0.00                0.00       0.87 r
  U4620/Y (INV_X2M_A6P5PP140ZTS_C35)                                0.02      0.02       0.89 f
  n11668 (net)                                  7         0.00                0.00       0.89 f
  U13824/Y (OAI211_X0P5M_A6P5PP140ZTS_C35)                          0.03      0.03       0.91 r
  n746 (net)                                    1         0.00                0.00       0.91 r
  u_dut/u_bf16_accum/acc_o_reg[2][1]/D (DFFRPQNA_X1M_A6P5PP140ZTS_C35)
                                                                    0.03      0.00       0.91 r
  data arrival time                                                                      0.91

  clock clk (rise edge)                                                       1.00       1.00
  clock network delay (ideal)                                                 0.00       1.00
  clock uncertainty                                                          -0.05       0.95
  u_dut/u_bf16_accum/acc_o_reg[2][1]/CK (DFFRPQNA_X1M_A6P5PP140ZTS_C35)       0.00       0.95 r
  library setup time                                                         -0.04       0.91
  data required time                                                                     0.91
  ----------------------------------------------------------------------------------------------
  data required time                                                                     0.91
  data arrival time                                                                     -0.91
  ----------------------------------------------------------------------------------------------
  slack (MET)                                                                            0.00


  Startpoint: u_dut/u_bf16_accum/acc_o_reg[2][5]
              (rising edge-triggered flip-flop clocked by clk)
  Endpoint: u_dut/u_bf16_accum/acc_o_reg[2][2]
            (rising edge-triggered flip-flop clocked by clk)
  Path Group: clk
  Path Type: max

  Des/Clust/Port     Wire Load Model       Library
  ------------------------------------------------
  char_top           Zero                  sc6p5mcpp140z_cln22ul_base_svt_c35_tt_typical_max_0p80v_25c

  Point                                       Fanout       Cap     Trans      Incr       Path
  ----------------------------------------------------------------------------------------------
  clock clk (rise edge)                                                       0.00       0.00
  clock network delay (ideal)                                                 0.00       0.00
  u_dut/u_bf16_accum/acc_o_reg[2][5]/CK (DFFRPQNA_X2M_A6P5PP140ZTS_C35)
                                                                    0.00      0.00 #     0.00 r
  u_dut/u_bf16_accum/acc_o_reg[2][5]/QN (DFFRPQNA_X2M_A6P5PP140ZTS_C35)
                                                                    0.03      0.05       0.05 f
  n252 (net)                                    4         0.00                0.00       0.05 f
  U4619/Y (INV_X2P5M_A6P5PP140ZTS_C35)                              0.03      0.03       0.08 r
  bf16_acc_o[2][5] (net)                        3         0.01                0.00       0.08 r
  U2057/Y (OAI22_X1M_A6P5PP140ZTS_C35)                              0.03      0.03       0.11 f
  n1858 (net)                                   1         0.00                0.00       0.11 f
  U3894/Y (NOR2_X2TA_A6P5PP140ZTS_C35)                              0.02      0.02       0.13 r
  n4844 (net)                                   2         0.00                0.00       0.13 r
  U4617/Y (OAI21_X2M_A6P5PP140ZTS_C35)                              0.02      0.02       0.15 f
  n4847 (net)                                   1         0.00                0.00       0.15 f
  U5624/Y (OAI21_X2M_A6P5PP140ZTS_C35)                              0.02      0.02       0.17 r
  n4856 (net)                                   1         0.00                0.00       0.17 r
  U2379/Y (AOI21_X3M_A6P5PP140ZTS_C35)                              0.02      0.02       0.19 f
  n4978 (net)                                   2         0.00                0.00       0.19 f
  U1938/Y (BUF_X10M_A6P5PP140ZTS_C35)                               0.02      0.03       0.22 f
  n5037 (net)                                   9         0.01                0.00       0.22 f
  U8249/Y (MXIT2_X3M_A6P5PP140ZTS_C35)                              0.03      0.02       0.24 r
  n5027 (net)                                   3         0.00                0.00       0.24 r
  U8250/Y (INV_X1M_A6P5PP140ZTS_C35)                                0.02      0.02       0.25 f
  n5008 (net)                                   3         0.00                0.00       0.25 f
  U8294/Y (OA21B_X1M_A6P5PP140ZTS_C35)                              0.02      0.02       0.27 r
  n4895 (net)                                   1         0.00                0.00       0.27 r
  U8295/Y (NAND4_X1A_A6P5PP140ZTS_C35)                              0.03      0.02       0.29 f
  n4896 (net)                                   1         0.00                0.00       0.29 f
  U3918/Y (NOR3_X1TA_A6P5PP140ZTS_C35)                              0.02      0.02       0.31 r
  n4948 (net)                                   1         0.00                0.00       0.31 r
  U8325/Y (OAI21_X0P5M_A6P5PP140ZTS_C35)                            0.02      0.02       0.33 f
  n4949 (net)                                   1         0.00                0.00       0.33 f
  U1853/Y (NOR2_X1TA_A6P5PP140ZTS_C35)                              0.02      0.02       0.35 r
  n4971 (net)                                   1         0.00                0.00       0.35 r
  U8347/Y (NOR2_X2A_A6P5PP140ZTS_C35)                               0.02      0.01       0.37 f
  u_dut/u_bf16_accum/G_BF16_LANE[2].u_acc/U1/fr[0] (net)
                                                3         0.00                0.00       0.37 f
  U3924/Y (INV_X2M_A6P5PP140ZTS_C35)                                0.01      0.01       0.38 r
  n4981 (net)                                   2         0.00                0.00       0.38 r
  U8363/Y (NAND2_X2M_A6P5PP140ZTS_C35)                              0.03      0.02       0.40 f
  n5171 (net)                                   2         0.00                0.00       0.40 f
  U4116/Y (NOR2_X3TA_A6P5PP140ZTS_C35)                              0.02      0.02       0.42 r
  n5055 (net)                                   2         0.00                0.00       0.42 r
  U1565/Y (NAND2_X3M_A6P5PP140ZTS_C35)                              0.02      0.01       0.43 f
  n5050 (net)                                   2         0.00                0.00       0.43 f
  U4506/Y (OAI21_X3M_A6P5PP140ZTS_C35)                              0.03      0.03       0.46 r
  n5059 (net)                                   2         0.00                0.00       0.46 r
  U8410/Y (INV_X3M_A6P5PP140ZTS_C35)                                0.01      0.01       0.47 f
  n5075 (net)                                   3         0.00                0.00       0.47 f
  U4128/Y (OAI21_X2M_A6P5PP140ZTS_C35)                              0.02      0.02       0.49 r
  n5060 (net)                                   1         0.00                0.00       0.49 r
  U8411/Y (XNOR2_X3M_A6P5PP140ZTS_C35)                              0.03      0.04       0.53 r
  n5329 (net)                                   5         0.00                0.00       0.53 r
  U4130/Y (INV_X2M_A6P5PP140ZTS_C35)                                0.02      0.02       0.55 f
  n5308 (net)                                   3         0.00                0.00       0.55 f
  U5521/Y (OAI22BB_X2M_A6P5PP140ZTS_C35)                            0.02      0.02       0.57 r
  n5079 (net)                                   1         0.00                0.00       0.57 r
  U2443/Y (NOR2_X3A_A6P5PP140ZTS_C35)                               0.01      0.01       0.58 f
  n5328 (net)                                   2         0.00                0.00       0.58 f
  U2719/Y (NOR2_X4A_A6P5PP140ZTS_C35)                               0.02      0.02       0.60 r
  n5107 (net)                                   4         0.00                0.00       0.60 r
  U4625/Y (NOR2_X3A_A6P5PP140ZTS_C35)                               0.01      0.01       0.61 f
  n5103 (net)                                   2         0.00                0.00       0.61 f
  U4832/Y (XNOR2_X2M_A6P5PP140ZTS_C35)                              0.03      0.03       0.64 f
  n2001 (net)                                   1         0.00                0.00       0.64 f
  U3165/Y (NAND2_X3M_A6P5PP140ZTS_C35)                              0.02      0.02       0.66 r
  n1241 (net)                                   2         0.00                0.00       0.66 r
  U3163/Y (AND2_X4M_A6P5PP140ZTS_C35)                               0.01      0.02       0.68 r
  n5120 (net)                                   2         0.00                0.00       0.68 r
  U5412/Y (NOR2_X1P4M_A6P5PP140ZTS_C35)                             0.02      0.02       0.69 f
  n5153 (net)                                   3         0.00                0.00       0.69 f
  U3176/Y (NOR2_X1A_A6P5PP140ZTS_C35)                               0.04      0.04       0.73 r
  n5122 (net)                                   2         0.00                0.00       0.73 r
  U1241/Y (NAND3_X1TA_A6P5PP140ZTS_C35)                             0.02      0.02       0.75 f
  n1182 (net)                                   1         0.00                0.00       0.75 f
  U2925/Y (NAND3_X1TA_A6P5PP140ZTS_C35)                             0.02      0.02       0.77 r
  n5134 (net)                                   1         0.00                0.00       0.77 r
  U5553/Y (XNOR2_X0P5M_A6P5PP140ZTS_C35)                            0.04      0.04       0.80 r
  n5205 (net)                                   2         0.00                0.00       0.80 r
  U3467/Y (NOR2_X2A_A6P5PP140ZTS_C35)                               0.01      0.01       0.82 f
  n1531 (net)                                   1         0.00                0.00       0.82 f
  U2705/Y (NAND2_X1P4TA_A6P5PP140ZTS_C35)                           0.02      0.02       0.84 r
  n1168 (net)                                   2         0.00                0.00       0.84 r
  U2867/Y (NAND2_X3M_A6P5PP140ZTS_C35)                              0.02      0.01       0.85 f
  n12863 (net)                                  4         0.00                0.00       0.85 f
  U1132/Y (NOR2_X1A_A6P5PP140ZTS_C35)                               0.02      0.02       0.87 r
  n1859 (net)                                   1         0.00                0.00       0.87 r
  U4620/Y (INV_X2M_A6P5PP140ZTS_C35)                                0.02      0.02       0.89 f
  n11668 (net)                                  7         0.00                0.00       0.89 f
  U13821/Y (OAI211_X0P5M_A6P5PP140ZTS_C35)                          0.03      0.03       0.91 r
  n745 (net)                                    1         0.00                0.00       0.91 r
  u_dut/u_bf16_accum/acc_o_reg[2][2]/D (DFFRPQNA_X1M_A6P5PP140ZTS_C35)
                                                                    0.03      0.00       0.91 r
  data arrival time                                                                      0.91

  clock clk (rise edge)                                                       1.00       1.00
  clock network delay (ideal)                                                 0.00       1.00
  clock uncertainty                                                          -0.05       0.95
  u_dut/u_bf16_accum/acc_o_reg[2][2]/CK (DFFRPQNA_X1M_A6P5PP140ZTS_C35)       0.00       0.95 r
  library setup time                                                         -0.04       0.91
  data required time                                                                     0.91
  ----------------------------------------------------------------------------------------------
  data required time                                                                     0.91
  data arrival time                                                                     -0.91
  ----------------------------------------------------------------------------------------------
  slack (MET)                                                                            0.00


1
