 
****************************************
Report : timing
        -path full
        -delay max
        -nworst 5
        -nets
        -max_paths 20
        -transition_time
        -capacitance
Design : fusion_mul16_fp8_only_pipe_top
Version: X-2025.06-SP3
Date   : Tue Sep  1 21:38:01 2026
****************************************

Operating Conditions: tt_typical_max_0p80v_25c   Library: sc6p5mcpp140z_cln22ul_base_svt_c35_tt_typical_max_0p80v_25c
Wire Load Model Mode: top

  Startpoint: u_cluster/u_fp_acc/acc_o_reg[1][27]
              (rising edge-triggered flip-flop clocked by clk)
  Endpoint: u_cluster/u_fp_acc/acc_o_reg[1][23]
            (rising edge-triggered flip-flop clocked by clk)
  Path Group: clk
  Path Type: max

  Des/Clust/Port     Wire Load Model       Library
  ------------------------------------------------
  fusion_mul16_fp8_only_pipe_top
                     Zero                  sc6p5mcpp140z_cln22ul_base_svt_c35_tt_typical_max_0p80v_25c

  Point                                       Fanout       Cap     Trans      Incr       Path
  ----------------------------------------------------------------------------------------------
  clock clk (rise edge)                                                       0.00       0.00
  clock network delay (ideal)                                                 0.00       0.00
  u_cluster/u_fp_acc/acc_o_reg[1][27]/CK (DFFRPQA_X2M_A6P5PP140ZTS_C35)
                                                                    0.00      0.00       0.00 r
  u_cluster/u_fp_acc/acc_o_reg[1][27]/Q (DFFRPQA_X2M_A6P5PP140ZTS_C35)
                                                                    0.02      0.06       0.06 r
  n24750 (net)                                  4         0.00                0.00       0.06 r
  U13321/Y (NAND2B_X2M_A6P5PP140ZTS_C35)                            0.02      0.03       0.08 r
  n5869 (net)                                   4         0.00                0.00       0.08 r
  U13322/Y (INV_X2M_A6P5PP140ZTS_C35)                               0.01      0.01       0.09 f
  n5876 (net)                                   2         0.00                0.00       0.09 f
  U13323/Y (NOR2_X2A_A6P5PP140ZTS_C35)                              0.02      0.02       0.11 r
  n5886 (net)                                   2         0.00                0.00       0.11 r
  U9763/Y (NAND2_X1M_A6P5PP140ZTS_C35)                              0.01      0.01       0.12 f
  n5706 (net)                                   1         0.00                0.00       0.12 f
  U8676/Y (OAI21_X1M_A6P5PP140ZTS_C35)                              0.04      0.03       0.16 r
  n5707 (net)                                   2         0.00                0.00       0.16 r
  U5176/Y (INV_X3M_A6P5PP140ZTS_C35)                                0.02      0.02       0.18 f
  n5835 (net)                                   6         0.00                0.00       0.18 f
  U13332/Y (NAND2_X2M_A6P5PP140ZTS_C35)                             0.02      0.02       0.20 r
  n5714 (net)                                   1         0.00                0.00       0.20 r
  U10570/Y (AND2_X4M_A6P5PP140ZTS_C35)                              0.02      0.03       0.22 r
  n10548 (net)                                  7         0.00                0.00       0.22 r
  U13333/Y (INV_X2M_A6P5PP140ZTS_C35)                               0.01      0.01       0.24 f
  n10613 (net)                                  5         0.00                0.00       0.24 f
  U1721/Y (NOR2_X1TA_A6P5PP140ZTS_C35)                              0.06      0.04       0.28 r
  n10721 (net)                                  9         0.00                0.00       0.28 r
  U3550/Y (OAI21_X2M_A6P5PP140ZTS_C35)                              0.02      0.03       0.31 f
  n10587 (net)                                  3         0.00                0.00       0.31 f
  U1520/Y (NOR2_X1A_A6P5PP140ZTS_C35)                               0.04      0.04       0.34 r
  n10819 (net)                                  2         0.00                0.00       0.34 r
  U16791/Y (NAND2_X1M_A6P5PP140ZTS_C35)                             0.03      0.03       0.37 f
  n14896 (net)                                  3         0.00                0.00       0.37 f
  U18671/Y (NOR2_X1A_A6P5PP140ZTS_C35)                              0.03      0.03       0.40 r
  n14895 (net)                                  2         0.00                0.00       0.40 r
  U9725/Y (AOI21_X0P5M_A6P5PP140ZTS_C35)                            0.02      0.01       0.41 f
  n14899 (net)                                  1         0.00                0.00       0.41 f
  U9093/Y (NOR2_X1A_A6P5PP140ZTS_C35)                               0.03      0.03       0.44 r
  u_cluster/u_fp_acc/G_FP_LANE[1].u_acc/U1/fr[22] (net)
                                                3         0.00                0.00       0.44 r
  U19482/Y (INV_X1M_A6P5PP140ZTS_C35)                               0.01      0.01       0.45 f
  u_cluster/u_fp_acc/G_FP_LANE[1].u_acc/U1/U2/U1/or2_inv[0][26] (net)
                                                1         0.00                0.00       0.45 f
  u_cluster/u_fp_acc/G_FP_LANE[1].u_acc/U1/U2/U1/UEN0_0_1_6/Y (AOI21_X0P5M_A6P5PP140ZTS_C35)
                                                                    0.02      0.02       0.47 r
  u_cluster/u_fp_acc/G_FP_LANE[1].u_acc/U1/U2/U1/enc_tree[0][1][26] (net)
                                                1         0.00                0.00       0.47 r
  u_cluster/u_fp_acc/G_FP_LANE[1].u_acc/U1/U2/U1/UEN1_0_2_3/Y (OAI21_X0P5M_A6P5PP140ZTS_C35)
                                                                    0.02      0.02       0.49 f
  u_cluster/u_fp_acc/G_FP_LANE[1].u_acc/U1/U2/U1/enc_tree[0][2][28] (net)
                                                1         0.00                0.00       0.49 f
  U6956/Y (INV_X1M_A6P5PP140ZTS_C35)                                0.01      0.01       0.50 r
  n1587 (net)                                   1         0.00                0.00       0.50 r
  U4599/Y (AO21B_X1M_A6P5PP140ZTS_C35)                              0.02      0.02       0.52 f
  n673 (net)                                    1         0.00                0.00       0.52 f
  U4598/Y (NOR2_X3A_A6P5PP140ZTS_C35)                               0.02      0.02       0.54 r
  n10749 (net)                                  1         0.00                0.00       0.54 r
  U11331/Y (BUF_X12M_A6P5PP140ZTS_C35)                              0.02      0.03       0.57 r
  n21203 (net)                                 15         0.02                0.00       0.57 r
  U863/Y (INV_X2M_A6P5PP140ZTS_C35)                                 0.01      0.01       0.58 f
  n10996 (net)                                  1         0.00                0.00       0.58 f
  U820/Y (NOR2_X3TA_A6P5PP140ZTS_C35)                               0.03      0.02       0.60 r
  n21837 (net)                                  9         0.01                0.00       0.60 r
  U4397/Y (INV_X5M_A6P5PP140ZTS_C35)                                0.02      0.02       0.62 f
  n21856 (net)                                 14         0.01                0.00       0.62 f
  U16764/Y (OA21B_X1M_A6P5PP140ZTS_C35)                             0.01      0.03       0.65 f
  n10780 (net)                                  1         0.00                0.00       0.65 f
  U9639/Y (NAND2_X2M_A6P5PP140ZTS_C35)                              0.02      0.02       0.67 r
  n21681 (net)                                  3         0.00                0.00       0.67 r
  U5897/Y (NOR2_X3TA_A6P5PP140ZTS_C35)                              0.02      0.01       0.68 f
  n1163 (net)                                   1         0.00                0.00       0.68 f
  U5896/Y (NOR2_X3TA_A6P5PP140ZTS_C35)                              0.02      0.02       0.70 r
  n3660 (net)                                   3         0.00                0.00       0.70 r
  U4923/Y (NOR2_X6TA_A6P5PP140ZTS_C35)                              0.02      0.02       0.71 f
  n21136 (net)                                  7         0.01                0.00       0.71 f
  U8928/Y (NAND2_X1M_A6P5PP140ZTS_C35)                              0.03      0.02       0.74 r
  n2874 (net)                                   1         0.00                0.00       0.74 r
  U8927/Y (NAND2_X3M_A6P5PP140ZTS_C35)                              0.02      0.02       0.75 f
  n3501 (net)                                   2         0.00                0.00       0.75 f
  U10392/Y (XNOR2_X4M_A6P5PP140ZTS_C35)                             0.02      0.03       0.78 f
  n11001 (net)                                  2         0.00                0.00       0.78 f
  U363/Y (NOR2_X3A_A6P5PP140ZTS_C35)                                0.03      0.02       0.80 r
  n13795 (net)                                  2         0.00                0.00       0.80 r
  U4624/Y (OAI21_X6M_A6P5PP140ZTS_C35)                              0.02      0.02       0.83 f
  n13807 (net)                                  3         0.00                0.00       0.83 f
  U10602/Y (INV_X2P5M_A6P5PP140ZTS_C35)                             0.01      0.01       0.84 r
  n13823 (net)                                  1         0.00                0.00       0.84 r
  U210/Y (XNOR2_X3M_A6P5PP140ZTS_C35)                               0.03      0.02       0.86 r
  n21109 (net)                                  2         0.00                0.00       0.86 r
  U4142/Y (NAND2_X3M_A6P5PP140ZTS_C35)                              0.02      0.02       0.88 f
  n542 (net)                                    1         0.00                0.00       0.88 f
  U4140/Y (NOR3_X2TA_A6P5PP140ZTS_C35)                              0.03      0.03       0.91 r
  n22216 (net)                                  3         0.00                0.00       0.91 r
  U11019/Y (NAND3_X2TA_A6P5PP140ZTS_C35)                            0.02      0.02       0.92 f
  n4116 (net)                                   1         0.00                0.00       0.92 f
  U11018/Y (NOR2_X2TA_A6P5PP140ZTS_C35)                             0.01      0.01       0.94 r
  n4119 (net)                                   2         0.00                0.00       0.94 r
  U4150/Y (OAI21_X0P5M_A6P5PP140ZTS_C35)                            0.02      0.02       0.96 f
  n546 (net)                                    1         0.00                0.00       0.96 f
  U4149/Y (OA21B_X1M_A6P5PP140ZTS_C35)                              0.02      0.02       0.97 r
  u_cluster/u_fp_acc/n353 (net)                 1         0.00                0.00       0.97 r
  u_cluster/u_fp_acc/acc_o_reg[1][23]/D (DFFRPQA_X2M_A6P5PP140ZTS_C35)
                                                                    0.02      0.00       0.97 r
  data arrival time                                                                      0.97

  clock clk (rise edge)                                                       0.90       0.90
  clock network delay (ideal)                                                 0.00       0.90
  clock uncertainty                                                          -0.05       0.85
  u_cluster/u_fp_acc/acc_o_reg[1][23]/CK (DFFRPQA_X2M_A6P5PP140ZTS_C35)       0.00       0.85 r
  library setup time                                                         -0.04       0.82
  data required time                                                                     0.82
  ----------------------------------------------------------------------------------------------
  data required time                                                                     0.82
  data arrival time                                                                     -0.97
  ----------------------------------------------------------------------------------------------
  slack (VIOLATED)                                                                      -0.15


  Startpoint: u_cluster/u_fp_acc/acc_o_reg[1][27]
              (rising edge-triggered flip-flop clocked by clk)
  Endpoint: u_cluster/u_fp_acc/acc_o_reg[1][23]
            (rising edge-triggered flip-flop clocked by clk)
  Path Group: clk
  Path Type: max

  Des/Clust/Port     Wire Load Model       Library
  ------------------------------------------------
  fusion_mul16_fp8_only_pipe_top
                     Zero                  sc6p5mcpp140z_cln22ul_base_svt_c35_tt_typical_max_0p80v_25c

  Point                                       Fanout       Cap     Trans      Incr       Path
  ----------------------------------------------------------------------------------------------
  clock clk (rise edge)                                                       0.00       0.00
  clock network delay (ideal)                                                 0.00       0.00
  u_cluster/u_fp_acc/acc_o_reg[1][27]/CK (DFFRPQA_X2M_A6P5PP140ZTS_C35)
                                                                    0.00      0.00       0.00 r
  u_cluster/u_fp_acc/acc_o_reg[1][27]/Q (DFFRPQA_X2M_A6P5PP140ZTS_C35)
                                                                    0.02      0.06       0.06 r
  n24750 (net)                                  4         0.00                0.00       0.06 r
  U13321/Y (NAND2B_X2M_A6P5PP140ZTS_C35)                            0.02      0.03       0.08 r
  n5869 (net)                                   4         0.00                0.00       0.08 r
  U13322/Y (INV_X2M_A6P5PP140ZTS_C35)                               0.01      0.01       0.09 f
  n5876 (net)                                   2         0.00                0.00       0.09 f
  U13323/Y (NOR2_X2A_A6P5PP140ZTS_C35)                              0.02      0.02       0.11 r
  n5886 (net)                                   2         0.00                0.00       0.11 r
  U9763/Y (NAND2_X1M_A6P5PP140ZTS_C35)                              0.01      0.01       0.12 f
  n5706 (net)                                   1         0.00                0.00       0.12 f
  U8676/Y (OAI21_X1M_A6P5PP140ZTS_C35)                              0.04      0.03       0.16 r
  n5707 (net)                                   2         0.00                0.00       0.16 r
  U5176/Y (INV_X3M_A6P5PP140ZTS_C35)                                0.02      0.02       0.18 f
  n5835 (net)                                   6         0.00                0.00       0.18 f
  U13332/Y (NAND2_X2M_A6P5PP140ZTS_C35)                             0.02      0.02       0.20 r
  n5714 (net)                                   1         0.00                0.00       0.20 r
  U10570/Y (AND2_X4M_A6P5PP140ZTS_C35)                              0.02      0.03       0.22 r
  n10548 (net)                                  7         0.00                0.00       0.22 r
  U13333/Y (INV_X2M_A6P5PP140ZTS_C35)                               0.01      0.01       0.24 f
  n10613 (net)                                  5         0.00                0.00       0.24 f
  U1721/Y (NOR2_X1TA_A6P5PP140ZTS_C35)                              0.06      0.04       0.28 r
  n10721 (net)                                  9         0.00                0.00       0.28 r
  U3550/Y (OAI21_X2M_A6P5PP140ZTS_C35)                              0.02      0.03       0.31 f
  n10587 (net)                                  3         0.00                0.00       0.31 f
  U1520/Y (NOR2_X1A_A6P5PP140ZTS_C35)                               0.04      0.04       0.34 r
  n10819 (net)                                  2         0.00                0.00       0.34 r
  U16791/Y (NAND2_X1M_A6P5PP140ZTS_C35)                             0.03      0.03       0.37 f
  n14896 (net)                                  3         0.00                0.00       0.37 f
  U18671/Y (NOR2_X1A_A6P5PP140ZTS_C35)                              0.03      0.03       0.40 r
  n14895 (net)                                  2         0.00                0.00       0.40 r
  U9725/Y (AOI21_X0P5M_A6P5PP140ZTS_C35)                            0.02      0.01       0.41 f
  n14899 (net)                                  1         0.00                0.00       0.41 f
  U9093/Y (NOR2_X1A_A6P5PP140ZTS_C35)                               0.03      0.03       0.44 r
  u_cluster/u_fp_acc/G_FP_LANE[1].u_acc/U1/fr[22] (net)
                                                3         0.00                0.00       0.44 r
  U19482/Y (INV_X1M_A6P5PP140ZTS_C35)                               0.01      0.01       0.45 f
  u_cluster/u_fp_acc/G_FP_LANE[1].u_acc/U1/U2/U1/or2_inv[0][26] (net)
                                                1         0.00                0.00       0.45 f
  u_cluster/u_fp_acc/G_FP_LANE[1].u_acc/U1/U2/U1/UEN0_0_1_6/Y (AOI21_X0P5M_A6P5PP140ZTS_C35)
                                                                    0.02      0.02       0.47 r
  u_cluster/u_fp_acc/G_FP_LANE[1].u_acc/U1/U2/U1/enc_tree[0][1][26] (net)
                                                1         0.00                0.00       0.47 r
  u_cluster/u_fp_acc/G_FP_LANE[1].u_acc/U1/U2/U1/UEN1_0_2_3/Y (OAI21_X0P5M_A6P5PP140ZTS_C35)
                                                                    0.02      0.02       0.49 f
  u_cluster/u_fp_acc/G_FP_LANE[1].u_acc/U1/U2/U1/enc_tree[0][2][28] (net)
                                                1         0.00                0.00       0.49 f
  U6956/Y (INV_X1M_A6P5PP140ZTS_C35)                                0.01      0.01       0.50 r
  n1587 (net)                                   1         0.00                0.00       0.50 r
  U4599/Y (AO21B_X1M_A6P5PP140ZTS_C35)                              0.02      0.02       0.52 f
  n673 (net)                                    1         0.00                0.00       0.52 f
  U4598/Y (NOR2_X3A_A6P5PP140ZTS_C35)                               0.02      0.02       0.54 r
  n10749 (net)                                  1         0.00                0.00       0.54 r
  U11331/Y (BUF_X12M_A6P5PP140ZTS_C35)                              0.02      0.03       0.57 r
  n21203 (net)                                 15         0.02                0.00       0.57 r
  U863/Y (INV_X2M_A6P5PP140ZTS_C35)                                 0.01      0.01       0.58 f
  n10996 (net)                                  1         0.00                0.00       0.58 f
  U820/Y (NOR2_X3TA_A6P5PP140ZTS_C35)                               0.03      0.02       0.60 r
  n21837 (net)                                  9         0.01                0.00       0.60 r
  U4397/Y (INV_X5M_A6P5PP140ZTS_C35)                                0.02      0.02       0.62 f
  n21856 (net)                                 14         0.01                0.00       0.62 f
  U16764/Y (OA21B_X1M_A6P5PP140ZTS_C35)                             0.01      0.03       0.65 f
  n10780 (net)                                  1         0.00                0.00       0.65 f
  U9639/Y (NAND2_X2M_A6P5PP140ZTS_C35)                              0.02      0.02       0.67 r
  n21681 (net)                                  3         0.00                0.00       0.67 r
  U5897/Y (NOR2_X3TA_A6P5PP140ZTS_C35)                              0.02      0.01       0.68 f
  n1163 (net)                                   1         0.00                0.00       0.68 f
  U5896/Y (NOR2_X3TA_A6P5PP140ZTS_C35)                              0.02      0.02       0.70 r
  n3660 (net)                                   3         0.00                0.00       0.70 r
  U4923/Y (NOR2_X6TA_A6P5PP140ZTS_C35)                              0.02      0.02       0.71 f
  n21136 (net)                                  7         0.01                0.00       0.71 f
  U8928/Y (NAND2_X1M_A6P5PP140ZTS_C35)                              0.03      0.02       0.74 r
  n2874 (net)                                   1         0.00                0.00       0.74 r
  U8927/Y (NAND2_X3M_A6P5PP140ZTS_C35)                              0.02      0.02       0.75 f
  n3501 (net)                                   2         0.00                0.00       0.75 f
  U10392/Y (XNOR2_X4M_A6P5PP140ZTS_C35)                             0.02      0.03       0.78 f
  n11001 (net)                                  2         0.00                0.00       0.78 f
  U363/Y (NOR2_X3A_A6P5PP140ZTS_C35)                                0.03      0.02       0.80 r
  n13795 (net)                                  2         0.00                0.00       0.80 r
  U4624/Y (OAI21_X6M_A6P5PP140ZTS_C35)                              0.02      0.02       0.83 f
  n13807 (net)                                  3         0.00                0.00       0.83 f
  U10602/Y (INV_X2P5M_A6P5PP140ZTS_C35)                             0.01      0.01       0.84 r
  n13823 (net)                                  1         0.00                0.00       0.84 r
  U210/Y (XNOR2_X3M_A6P5PP140ZTS_C35)                               0.03      0.02       0.86 r
  n21109 (net)                                  2         0.00                0.00       0.86 r
  U4142/Y (NAND2_X3M_A6P5PP140ZTS_C35)                              0.02      0.02       0.88 f
  n542 (net)                                    1         0.00                0.00       0.88 f
  U4140/Y (NOR3_X2TA_A6P5PP140ZTS_C35)                              0.03      0.03       0.91 r
  n22216 (net)                                  3         0.00                0.00       0.91 r
  U11019/Y (NAND3_X2TA_A6P5PP140ZTS_C35)                            0.02      0.02       0.92 f
  n4116 (net)                                   1         0.00                0.00       0.92 f
  U11018/Y (NOR2_X2TA_A6P5PP140ZTS_C35)                             0.01      0.01       0.94 r
  n4119 (net)                                   2         0.00                0.00       0.94 r
  U4150/Y (OAI21_X0P5M_A6P5PP140ZTS_C35)                            0.02      0.02       0.96 f
  n546 (net)                                    1         0.00                0.00       0.96 f
  U4149/Y (OA21B_X1M_A6P5PP140ZTS_C35)                              0.02      0.02       0.97 r
  u_cluster/u_fp_acc/n353 (net)                 1         0.00                0.00       0.97 r
  u_cluster/u_fp_acc/acc_o_reg[1][23]/D (DFFRPQA_X2M_A6P5PP140ZTS_C35)
                                                                    0.02      0.00       0.97 r
  data arrival time                                                                      0.97

  clock clk (rise edge)                                                       0.90       0.90
  clock network delay (ideal)                                                 0.00       0.90
  clock uncertainty                                                          -0.05       0.85
  u_cluster/u_fp_acc/acc_o_reg[1][23]/CK (DFFRPQA_X2M_A6P5PP140ZTS_C35)       0.00       0.85 r
  library setup time                                                         -0.04       0.82
  data required time                                                                     0.82
  ----------------------------------------------------------------------------------------------
  data required time                                                                     0.82
  data arrival time                                                                     -0.97
  ----------------------------------------------------------------------------------------------
  slack (VIOLATED)                                                                      -0.15


  Startpoint: u_cluster/u_fp_acc/acc_o_reg[1][27]
              (rising edge-triggered flip-flop clocked by clk)
  Endpoint: u_cluster/u_fp_acc/acc_o_reg[1][23]
            (rising edge-triggered flip-flop clocked by clk)
  Path Group: clk
  Path Type: max

  Des/Clust/Port     Wire Load Model       Library
  ------------------------------------------------
  fusion_mul16_fp8_only_pipe_top
                     Zero                  sc6p5mcpp140z_cln22ul_base_svt_c35_tt_typical_max_0p80v_25c

  Point                                       Fanout       Cap     Trans      Incr       Path
  ----------------------------------------------------------------------------------------------
  clock clk (rise edge)                                                       0.00       0.00
  clock network delay (ideal)                                                 0.00       0.00
  u_cluster/u_fp_acc/acc_o_reg[1][27]/CK (DFFRPQA_X2M_A6P5PP140ZTS_C35)
                                                                    0.00      0.00       0.00 r
  u_cluster/u_fp_acc/acc_o_reg[1][27]/Q (DFFRPQA_X2M_A6P5PP140ZTS_C35)
                                                                    0.02      0.06       0.06 r
  n24750 (net)                                  4         0.00                0.00       0.06 r
  U13321/Y (NAND2B_X2M_A6P5PP140ZTS_C35)                            0.02      0.03       0.08 r
  n5869 (net)                                   4         0.00                0.00       0.08 r
  U13322/Y (INV_X2M_A6P5PP140ZTS_C35)                               0.01      0.01       0.09 f
  n5876 (net)                                   2         0.00                0.00       0.09 f
  U13323/Y (NOR2_X2A_A6P5PP140ZTS_C35)                              0.02      0.02       0.11 r
  n5886 (net)                                   2         0.00                0.00       0.11 r
  U9763/Y (NAND2_X1M_A6P5PP140ZTS_C35)                              0.01      0.01       0.12 f
  n5706 (net)                                   1         0.00                0.00       0.12 f
  U8676/Y (OAI21_X1M_A6P5PP140ZTS_C35)                              0.04      0.03       0.16 r
  n5707 (net)                                   2         0.00                0.00       0.16 r
  U5176/Y (INV_X3M_A6P5PP140ZTS_C35)                                0.02      0.02       0.18 f
  n5835 (net)                                   6         0.00                0.00       0.18 f
  U13332/Y (NAND2_X2M_A6P5PP140ZTS_C35)                             0.02      0.02       0.20 r
  n5714 (net)                                   1         0.00                0.00       0.20 r
  U10570/Y (AND2_X4M_A6P5PP140ZTS_C35)                              0.02      0.03       0.22 r
  n10548 (net)                                  7         0.00                0.00       0.22 r
  U13333/Y (INV_X2M_A6P5PP140ZTS_C35)                               0.01      0.01       0.24 f
  n10613 (net)                                  5         0.00                0.00       0.24 f
  U1721/Y (NOR2_X1TA_A6P5PP140ZTS_C35)                              0.06      0.04       0.28 r
  n10721 (net)                                  9         0.00                0.00       0.28 r
  U3550/Y (OAI21_X2M_A6P5PP140ZTS_C35)                              0.02      0.03       0.31 f
  n10587 (net)                                  3         0.00                0.00       0.31 f
  U1520/Y (NOR2_X1A_A6P5PP140ZTS_C35)                               0.04      0.04       0.34 r
  n10819 (net)                                  2         0.00                0.00       0.34 r
  U16791/Y (NAND2_X1M_A6P5PP140ZTS_C35)                             0.03      0.03       0.37 f
  n14896 (net)                                  3         0.00                0.00       0.37 f
  U18671/Y (NOR2_X1A_A6P5PP140ZTS_C35)                              0.03      0.03       0.40 r
  n14895 (net)                                  2         0.00                0.00       0.40 r
  U9725/Y (AOI21_X0P5M_A6P5PP140ZTS_C35)                            0.02      0.01       0.41 f
  n14899 (net)                                  1         0.00                0.00       0.41 f
  U9093/Y (NOR2_X1A_A6P5PP140ZTS_C35)                               0.03      0.03       0.44 r
  u_cluster/u_fp_acc/G_FP_LANE[1].u_acc/U1/fr[22] (net)
                                                3         0.00                0.00       0.44 r
  U19482/Y (INV_X1M_A6P5PP140ZTS_C35)                               0.01      0.01       0.45 f
  u_cluster/u_fp_acc/G_FP_LANE[1].u_acc/U1/U2/U1/or2_inv[0][26] (net)
                                                1         0.00                0.00       0.45 f
  u_cluster/u_fp_acc/G_FP_LANE[1].u_acc/U1/U2/U1/UEN0_0_1_6/Y (AOI21_X0P5M_A6P5PP140ZTS_C35)
                                                                    0.02      0.02       0.47 r
  u_cluster/u_fp_acc/G_FP_LANE[1].u_acc/U1/U2/U1/enc_tree[0][1][26] (net)
                                                1         0.00                0.00       0.47 r
  u_cluster/u_fp_acc/G_FP_LANE[1].u_acc/U1/U2/U1/UEN1_0_2_3/Y (OAI21_X0P5M_A6P5PP140ZTS_C35)
                                                                    0.02      0.02       0.49 f
  u_cluster/u_fp_acc/G_FP_LANE[1].u_acc/U1/U2/U1/enc_tree[0][2][28] (net)
                                                1         0.00                0.00       0.49 f
  U6956/Y (INV_X1M_A6P5PP140ZTS_C35)                                0.01      0.01       0.50 r
  n1587 (net)                                   1         0.00                0.00       0.50 r
  U4599/Y (AO21B_X1M_A6P5PP140ZTS_C35)                              0.02      0.02       0.52 f
  n673 (net)                                    1         0.00                0.00       0.52 f
  U4598/Y (NOR2_X3A_A6P5PP140ZTS_C35)                               0.02      0.02       0.54 r
  n10749 (net)                                  1         0.00                0.00       0.54 r
  U11331/Y (BUF_X12M_A6P5PP140ZTS_C35)                              0.02      0.03       0.57 r
  n21203 (net)                                 15         0.02                0.00       0.57 r
  U863/Y (INV_X2M_A6P5PP140ZTS_C35)                                 0.01      0.01       0.58 f
  n10996 (net)                                  1         0.00                0.00       0.58 f
  U820/Y (NOR2_X3TA_A6P5PP140ZTS_C35)                               0.03      0.02       0.60 r
  n21837 (net)                                  9         0.01                0.00       0.60 r
  U4397/Y (INV_X5M_A6P5PP140ZTS_C35)                                0.02      0.02       0.62 f
  n21856 (net)                                 14         0.01                0.00       0.62 f
  U16764/Y (OA21B_X1M_A6P5PP140ZTS_C35)                             0.01      0.03       0.65 f
  n10780 (net)                                  1         0.00                0.00       0.65 f
  U9639/Y (NAND2_X2M_A6P5PP140ZTS_C35)                              0.02      0.02       0.67 r
  n21681 (net)                                  3         0.00                0.00       0.67 r
  U5897/Y (NOR2_X3TA_A6P5PP140ZTS_C35)                              0.02      0.01       0.68 f
  n1163 (net)                                   1         0.00                0.00       0.68 f
  U5896/Y (NOR2_X3TA_A6P5PP140ZTS_C35)                              0.02      0.02       0.70 r
  n3660 (net)                                   3         0.00                0.00       0.70 r
  U4923/Y (NOR2_X6TA_A6P5PP140ZTS_C35)                              0.02      0.02       0.71 f
  n21136 (net)                                  7         0.01                0.00       0.71 f
  U8928/Y (NAND2_X1M_A6P5PP140ZTS_C35)                              0.03      0.02       0.74 r
  n2874 (net)                                   1         0.00                0.00       0.74 r
  U8927/Y (NAND2_X3M_A6P5PP140ZTS_C35)                              0.02      0.02       0.75 f
  n3501 (net)                                   2         0.00                0.00       0.75 f
  U10392/Y (XNOR2_X4M_A6P5PP140ZTS_C35)                             0.02      0.03       0.78 f
  n11001 (net)                                  2         0.00                0.00       0.78 f
  U363/Y (NOR2_X3A_A6P5PP140ZTS_C35)                                0.03      0.02       0.80 r
  n13795 (net)                                  2         0.00                0.00       0.80 r
  U4624/Y (OAI21_X6M_A6P5PP140ZTS_C35)                              0.02      0.02       0.83 f
  n13807 (net)                                  3         0.00                0.00       0.83 f
  U10602/Y (INV_X2P5M_A6P5PP140ZTS_C35)                             0.01      0.01       0.84 r
  n13823 (net)                                  1         0.00                0.00       0.84 r
  U210/Y (XNOR2_X3M_A6P5PP140ZTS_C35)                               0.03      0.02       0.86 r
  n21109 (net)                                  2         0.00                0.00       0.86 r
  U4142/Y (NAND2_X3M_A6P5PP140ZTS_C35)                              0.02      0.02       0.88 f
  n542 (net)                                    1         0.00                0.00       0.88 f
  U4140/Y (NOR3_X2TA_A6P5PP140ZTS_C35)                              0.03      0.03       0.91 r
  n22216 (net)                                  3         0.00                0.00       0.91 r
  U11019/Y (NAND3_X2TA_A6P5PP140ZTS_C35)                            0.02      0.02       0.92 f
  n4116 (net)                                   1         0.00                0.00       0.92 f
  U11018/Y (NOR2_X2TA_A6P5PP140ZTS_C35)                             0.01      0.01       0.94 r
  n4119 (net)                                   2         0.00                0.00       0.94 r
  U4150/Y (OAI21_X0P5M_A6P5PP140ZTS_C35)                            0.02      0.02       0.96 f
  n546 (net)                                    1         0.00                0.00       0.96 f
  U4149/Y (OA21B_X1M_A6P5PP140ZTS_C35)                              0.02      0.02       0.97 r
  u_cluster/u_fp_acc/n353 (net)                 1         0.00                0.00       0.97 r
  u_cluster/u_fp_acc/acc_o_reg[1][23]/D (DFFRPQA_X2M_A6P5PP140ZTS_C35)
                                                                    0.02      0.00       0.97 r
  data arrival time                                                                      0.97

  clock clk (rise edge)                                                       0.90       0.90
  clock network delay (ideal)                                                 0.00       0.90
  clock uncertainty                                                          -0.05       0.85
  u_cluster/u_fp_acc/acc_o_reg[1][23]/CK (DFFRPQA_X2M_A6P5PP140ZTS_C35)       0.00       0.85 r
  library setup time                                                         -0.04       0.82
  data required time                                                                     0.82
  ----------------------------------------------------------------------------------------------
  data required time                                                                     0.82
  data arrival time                                                                     -0.97
  ----------------------------------------------------------------------------------------------
  slack (VIOLATED)                                                                      -0.15


  Startpoint: u_cluster/u_fp_acc/acc_o_reg[1][27]
              (rising edge-triggered flip-flop clocked by clk)
  Endpoint: u_cluster/u_fp_acc/acc_o_reg[1][23]
            (rising edge-triggered flip-flop clocked by clk)
  Path Group: clk
  Path Type: max

  Des/Clust/Port     Wire Load Model       Library
  ------------------------------------------------
  fusion_mul16_fp8_only_pipe_top
                     Zero                  sc6p5mcpp140z_cln22ul_base_svt_c35_tt_typical_max_0p80v_25c

  Point                                       Fanout       Cap     Trans      Incr       Path
  ----------------------------------------------------------------------------------------------
  clock clk (rise edge)                                                       0.00       0.00
  clock network delay (ideal)                                                 0.00       0.00
  u_cluster/u_fp_acc/acc_o_reg[1][27]/CK (DFFRPQA_X2M_A6P5PP140ZTS_C35)
                                                                    0.00      0.00       0.00 r
  u_cluster/u_fp_acc/acc_o_reg[1][27]/Q (DFFRPQA_X2M_A6P5PP140ZTS_C35)
                                                                    0.02      0.06       0.06 r
  n24750 (net)                                  4         0.00                0.00       0.06 r
  U13321/Y (NAND2B_X2M_A6P5PP140ZTS_C35)                            0.02      0.03       0.08 r
  n5869 (net)                                   4         0.00                0.00       0.08 r
  U13322/Y (INV_X2M_A6P5PP140ZTS_C35)                               0.01      0.01       0.09 f
  n5876 (net)                                   2         0.00                0.00       0.09 f
  U13323/Y (NOR2_X2A_A6P5PP140ZTS_C35)                              0.02      0.02       0.11 r
  n5886 (net)                                   2         0.00                0.00       0.11 r
  U9763/Y (NAND2_X1M_A6P5PP140ZTS_C35)                              0.01      0.01       0.12 f
  n5706 (net)                                   1         0.00                0.00       0.12 f
  U8676/Y (OAI21_X1M_A6P5PP140ZTS_C35)                              0.04      0.03       0.16 r
  n5707 (net)                                   2         0.00                0.00       0.16 r
  U5176/Y (INV_X3M_A6P5PP140ZTS_C35)                                0.02      0.02       0.18 f
  n5835 (net)                                   6         0.00                0.00       0.18 f
  U13332/Y (NAND2_X2M_A6P5PP140ZTS_C35)                             0.02      0.02       0.20 r
  n5714 (net)                                   1         0.00                0.00       0.20 r
  U10570/Y (AND2_X4M_A6P5PP140ZTS_C35)                              0.02      0.03       0.22 r
  n10548 (net)                                  7         0.00                0.00       0.22 r
  U13333/Y (INV_X2M_A6P5PP140ZTS_C35)                               0.01      0.01       0.24 f
  n10613 (net)                                  5         0.00                0.00       0.24 f
  U1721/Y (NOR2_X1TA_A6P5PP140ZTS_C35)                              0.06      0.04       0.28 r
  n10721 (net)                                  9         0.00                0.00       0.28 r
  U3550/Y (OAI21_X2M_A6P5PP140ZTS_C35)                              0.02      0.03       0.31 f
  n10587 (net)                                  3         0.00                0.00       0.31 f
  U1520/Y (NOR2_X1A_A6P5PP140ZTS_C35)                               0.04      0.04       0.34 r
  n10819 (net)                                  2         0.00                0.00       0.34 r
  U16791/Y (NAND2_X1M_A6P5PP140ZTS_C35)                             0.03      0.03       0.37 f
  n14896 (net)                                  3         0.00                0.00       0.37 f
  U18671/Y (NOR2_X1A_A6P5PP140ZTS_C35)                              0.03      0.03       0.40 r
  n14895 (net)                                  2         0.00                0.00       0.40 r
  U9725/Y (AOI21_X0P5M_A6P5PP140ZTS_C35)                            0.02      0.01       0.41 f
  n14899 (net)                                  1         0.00                0.00       0.41 f
  U9093/Y (NOR2_X1A_A6P5PP140ZTS_C35)                               0.03      0.03       0.44 r
  u_cluster/u_fp_acc/G_FP_LANE[1].u_acc/U1/fr[22] (net)
                                                3         0.00                0.00       0.44 r
  U19482/Y (INV_X1M_A6P5PP140ZTS_C35)                               0.01      0.01       0.45 f
  u_cluster/u_fp_acc/G_FP_LANE[1].u_acc/U1/U2/U1/or2_inv[0][26] (net)
                                                1         0.00                0.00       0.45 f
  u_cluster/u_fp_acc/G_FP_LANE[1].u_acc/U1/U2/U1/UEN0_0_1_6/Y (AOI21_X0P5M_A6P5PP140ZTS_C35)
                                                                    0.02      0.02       0.47 r
  u_cluster/u_fp_acc/G_FP_LANE[1].u_acc/U1/U2/U1/enc_tree[0][1][26] (net)
                                                1         0.00                0.00       0.47 r
  u_cluster/u_fp_acc/G_FP_LANE[1].u_acc/U1/U2/U1/UEN1_0_2_3/Y (OAI21_X0P5M_A6P5PP140ZTS_C35)
                                                                    0.02      0.02       0.49 f
  u_cluster/u_fp_acc/G_FP_LANE[1].u_acc/U1/U2/U1/enc_tree[0][2][28] (net)
                                                1         0.00                0.00       0.49 f
  U6956/Y (INV_X1M_A6P5PP140ZTS_C35)                                0.01      0.01       0.50 r
  n1587 (net)                                   1         0.00                0.00       0.50 r
  U4599/Y (AO21B_X1M_A6P5PP140ZTS_C35)                              0.02      0.02       0.52 f
  n673 (net)                                    1         0.00                0.00       0.52 f
  U4598/Y (NOR2_X3A_A6P5PP140ZTS_C35)                               0.02      0.02       0.54 r
  n10749 (net)                                  1         0.00                0.00       0.54 r
  U11331/Y (BUF_X12M_A6P5PP140ZTS_C35)                              0.02      0.03       0.57 r
  n21203 (net)                                 15         0.02                0.00       0.57 r
  U863/Y (INV_X2M_A6P5PP140ZTS_C35)                                 0.01      0.01       0.58 f
  n10996 (net)                                  1         0.00                0.00       0.58 f
  U820/Y (NOR2_X3TA_A6P5PP140ZTS_C35)                               0.03      0.02       0.60 r
  n21837 (net)                                  9         0.01                0.00       0.60 r
  U4397/Y (INV_X5M_A6P5PP140ZTS_C35)                                0.02      0.02       0.62 f
  n21856 (net)                                 14         0.01                0.00       0.62 f
  U16764/Y (OA21B_X1M_A6P5PP140ZTS_C35)                             0.01      0.03       0.65 f
  n10780 (net)                                  1         0.00                0.00       0.65 f
  U9639/Y (NAND2_X2M_A6P5PP140ZTS_C35)                              0.02      0.02       0.67 r
  n21681 (net)                                  3         0.00                0.00       0.67 r
  U5897/Y (NOR2_X3TA_A6P5PP140ZTS_C35)                              0.02      0.01       0.68 f
  n1163 (net)                                   1         0.00                0.00       0.68 f
  U5896/Y (NOR2_X3TA_A6P5PP140ZTS_C35)                              0.02      0.02       0.70 r
  n3660 (net)                                   3         0.00                0.00       0.70 r
  U4923/Y (NOR2_X6TA_A6P5PP140ZTS_C35)                              0.02      0.02       0.71 f
  n21136 (net)                                  7         0.01                0.00       0.71 f
  U8928/Y (NAND2_X1M_A6P5PP140ZTS_C35)                              0.03      0.02       0.74 r
  n2874 (net)                                   1         0.00                0.00       0.74 r
  U8927/Y (NAND2_X3M_A6P5PP140ZTS_C35)                              0.02      0.02       0.75 f
  n3501 (net)                                   2         0.00                0.00       0.75 f
  U10392/Y (XNOR2_X4M_A6P5PP140ZTS_C35)                             0.02      0.03       0.78 f
  n11001 (net)                                  2         0.00                0.00       0.78 f
  U363/Y (NOR2_X3A_A6P5PP140ZTS_C35)                                0.03      0.02       0.80 r
  n13795 (net)                                  2         0.00                0.00       0.80 r
  U4624/Y (OAI21_X6M_A6P5PP140ZTS_C35)                              0.02      0.02       0.83 f
  n13807 (net)                                  3         0.00                0.00       0.83 f
  U10602/Y (INV_X2P5M_A6P5PP140ZTS_C35)                             0.01      0.01       0.84 r
  n13823 (net)                                  1         0.00                0.00       0.84 r
  U210/Y (XNOR2_X3M_A6P5PP140ZTS_C35)                               0.03      0.02       0.86 r
  n21109 (net)                                  2         0.00                0.00       0.86 r
  U4142/Y (NAND2_X3M_A6P5PP140ZTS_C35)                              0.02      0.02       0.88 f
  n542 (net)                                    1         0.00                0.00       0.88 f
  U4140/Y (NOR3_X2TA_A6P5PP140ZTS_C35)                              0.03      0.03       0.91 r
  n22216 (net)                                  3         0.00                0.00       0.91 r
  U11019/Y (NAND3_X2TA_A6P5PP140ZTS_C35)                            0.02      0.02       0.92 f
  n4116 (net)                                   1         0.00                0.00       0.92 f
  U11018/Y (NOR2_X2TA_A6P5PP140ZTS_C35)                             0.01      0.01       0.94 r
  n4119 (net)                                   2         0.00                0.00       0.94 r
  U4150/Y (OAI21_X0P5M_A6P5PP140ZTS_C35)                            0.02      0.02       0.96 f
  n546 (net)                                    1         0.00                0.00       0.96 f
  U4149/Y (OA21B_X1M_A6P5PP140ZTS_C35)                              0.02      0.02       0.97 r
  u_cluster/u_fp_acc/n353 (net)                 1         0.00                0.00       0.97 r
  u_cluster/u_fp_acc/acc_o_reg[1][23]/D (DFFRPQA_X2M_A6P5PP140ZTS_C35)
                                                                    0.02      0.00       0.97 r
  data arrival time                                                                      0.97

  clock clk (rise edge)                                                       0.90       0.90
  clock network delay (ideal)                                                 0.00       0.90
  clock uncertainty                                                          -0.05       0.85
  u_cluster/u_fp_acc/acc_o_reg[1][23]/CK (DFFRPQA_X2M_A6P5PP140ZTS_C35)       0.00       0.85 r
  library setup time                                                         -0.04       0.82
  data required time                                                                     0.82
  ----------------------------------------------------------------------------------------------
  data required time                                                                     0.82
  data arrival time                                                                     -0.97
  ----------------------------------------------------------------------------------------------
  slack (VIOLATED)                                                                      -0.15


  Startpoint: u_cluster/u_fp_acc/acc_o_reg[1][27]
              (rising edge-triggered flip-flop clocked by clk)
  Endpoint: u_cluster/u_fp_acc/acc_o_reg[1][23]
            (rising edge-triggered flip-flop clocked by clk)
  Path Group: clk
  Path Type: max

  Des/Clust/Port     Wire Load Model       Library
  ------------------------------------------------
  fusion_mul16_fp8_only_pipe_top
                     Zero                  sc6p5mcpp140z_cln22ul_base_svt_c35_tt_typical_max_0p80v_25c

  Point                                       Fanout       Cap     Trans      Incr       Path
  ----------------------------------------------------------------------------------------------
  clock clk (rise edge)                                                       0.00       0.00
  clock network delay (ideal)                                                 0.00       0.00
  u_cluster/u_fp_acc/acc_o_reg[1][27]/CK (DFFRPQA_X2M_A6P5PP140ZTS_C35)
                                                                    0.00      0.00       0.00 r
  u_cluster/u_fp_acc/acc_o_reg[1][27]/Q (DFFRPQA_X2M_A6P5PP140ZTS_C35)
                                                                    0.02      0.06       0.06 r
  n24750 (net)                                  4         0.00                0.00       0.06 r
  U13321/Y (NAND2B_X2M_A6P5PP140ZTS_C35)                            0.02      0.03       0.08 r
  n5869 (net)                                   4         0.00                0.00       0.08 r
  U13322/Y (INV_X2M_A6P5PP140ZTS_C35)                               0.01      0.01       0.09 f
  n5876 (net)                                   2         0.00                0.00       0.09 f
  U13323/Y (NOR2_X2A_A6P5PP140ZTS_C35)                              0.02      0.02       0.11 r
  n5886 (net)                                   2         0.00                0.00       0.11 r
  U9763/Y (NAND2_X1M_A6P5PP140ZTS_C35)                              0.01      0.01       0.12 f
  n5706 (net)                                   1         0.00                0.00       0.12 f
  U8676/Y (OAI21_X1M_A6P5PP140ZTS_C35)                              0.04      0.03       0.16 r
  n5707 (net)                                   2         0.00                0.00       0.16 r
  U5176/Y (INV_X3M_A6P5PP140ZTS_C35)                                0.02      0.02       0.18 f
  n5835 (net)                                   6         0.00                0.00       0.18 f
  U13332/Y (NAND2_X2M_A6P5PP140ZTS_C35)                             0.02      0.02       0.20 r
  n5714 (net)                                   1         0.00                0.00       0.20 r
  U10570/Y (AND2_X4M_A6P5PP140ZTS_C35)                              0.02      0.03       0.22 r
  n10548 (net)                                  7         0.00                0.00       0.22 r
  U13333/Y (INV_X2M_A6P5PP140ZTS_C35)                               0.01      0.01       0.24 f
  n10613 (net)                                  5         0.00                0.00       0.24 f
  U1721/Y (NOR2_X1TA_A6P5PP140ZTS_C35)                              0.06      0.04       0.28 r
  n10721 (net)                                  9         0.00                0.00       0.28 r
  U3550/Y (OAI21_X2M_A6P5PP140ZTS_C35)                              0.02      0.03       0.31 f
  n10587 (net)                                  3         0.00                0.00       0.31 f
  U1520/Y (NOR2_X1A_A6P5PP140ZTS_C35)                               0.04      0.04       0.34 r
  n10819 (net)                                  2         0.00                0.00       0.34 r
  U16791/Y (NAND2_X1M_A6P5PP140ZTS_C35)                             0.03      0.03       0.37 f
  n14896 (net)                                  3         0.00                0.00       0.37 f
  U18671/Y (NOR2_X1A_A6P5PP140ZTS_C35)                              0.03      0.03       0.40 r
  n14895 (net)                                  2         0.00                0.00       0.40 r
  U9725/Y (AOI21_X0P5M_A6P5PP140ZTS_C35)                            0.02      0.01       0.41 f
  n14899 (net)                                  1         0.00                0.00       0.41 f
  U9093/Y (NOR2_X1A_A6P5PP140ZTS_C35)                               0.03      0.03       0.44 r
  u_cluster/u_fp_acc/G_FP_LANE[1].u_acc/U1/fr[22] (net)
                                                3         0.00                0.00       0.44 r
  U19482/Y (INV_X1M_A6P5PP140ZTS_C35)                               0.01      0.01       0.45 f
  u_cluster/u_fp_acc/G_FP_LANE[1].u_acc/U1/U2/U1/or2_inv[0][26] (net)
                                                1         0.00                0.00       0.45 f
  u_cluster/u_fp_acc/G_FP_LANE[1].u_acc/U1/U2/U1/UEN0_0_1_6/Y (AOI21_X0P5M_A6P5PP140ZTS_C35)
                                                                    0.02      0.02       0.47 r
  u_cluster/u_fp_acc/G_FP_LANE[1].u_acc/U1/U2/U1/enc_tree[0][1][26] (net)
                                                1         0.00                0.00       0.47 r
  u_cluster/u_fp_acc/G_FP_LANE[1].u_acc/U1/U2/U1/UEN1_0_2_3/Y (OAI21_X0P5M_A6P5PP140ZTS_C35)
                                                                    0.02      0.02       0.49 f
  u_cluster/u_fp_acc/G_FP_LANE[1].u_acc/U1/U2/U1/enc_tree[0][2][28] (net)
                                                1         0.00                0.00       0.49 f
  U6956/Y (INV_X1M_A6P5PP140ZTS_C35)                                0.01      0.01       0.50 r
  n1587 (net)                                   1         0.00                0.00       0.50 r
  U4599/Y (AO21B_X1M_A6P5PP140ZTS_C35)                              0.02      0.02       0.52 f
  n673 (net)                                    1         0.00                0.00       0.52 f
  U4598/Y (NOR2_X3A_A6P5PP140ZTS_C35)                               0.02      0.02       0.54 r
  n10749 (net)                                  1         0.00                0.00       0.54 r
  U11331/Y (BUF_X12M_A6P5PP140ZTS_C35)                              0.02      0.03       0.57 r
  n21203 (net)                                 15         0.02                0.00       0.57 r
  U863/Y (INV_X2M_A6P5PP140ZTS_C35)                                 0.01      0.01       0.58 f
  n10996 (net)                                  1         0.00                0.00       0.58 f
  U820/Y (NOR2_X3TA_A6P5PP140ZTS_C35)                               0.03      0.02       0.60 r
  n21837 (net)                                  9         0.01                0.00       0.60 r
  U4397/Y (INV_X5M_A6P5PP140ZTS_C35)                                0.02      0.02       0.62 f
  n21856 (net)                                 14         0.01                0.00       0.62 f
  U16764/Y (OA21B_X1M_A6P5PP140ZTS_C35)                             0.01      0.03       0.65 f
  n10780 (net)                                  1         0.00                0.00       0.65 f
  U9639/Y (NAND2_X2M_A6P5PP140ZTS_C35)                              0.02      0.02       0.67 r
  n21681 (net)                                  3         0.00                0.00       0.67 r
  U5897/Y (NOR2_X3TA_A6P5PP140ZTS_C35)                              0.02      0.01       0.68 f
  n1163 (net)                                   1         0.00                0.00       0.68 f
  U5896/Y (NOR2_X3TA_A6P5PP140ZTS_C35)                              0.02      0.02       0.70 r
  n3660 (net)                                   3         0.00                0.00       0.70 r
  U4923/Y (NOR2_X6TA_A6P5PP140ZTS_C35)                              0.02      0.02       0.71 f
  n21136 (net)                                  7         0.01                0.00       0.71 f
  U8928/Y (NAND2_X1M_A6P5PP140ZTS_C35)                              0.03      0.02       0.74 r
  n2874 (net)                                   1         0.00                0.00       0.74 r
  U8927/Y (NAND2_X3M_A6P5PP140ZTS_C35)                              0.02      0.02       0.75 f
  n3501 (net)                                   2         0.00                0.00       0.75 f
  U10392/Y (XNOR2_X4M_A6P5PP140ZTS_C35)                             0.02      0.03       0.78 f
  n11001 (net)                                  2         0.00                0.00       0.78 f
  U363/Y (NOR2_X3A_A6P5PP140ZTS_C35)                                0.03      0.02       0.80 r
  n13795 (net)                                  2         0.00                0.00       0.80 r
  U4624/Y (OAI21_X6M_A6P5PP140ZTS_C35)                              0.02      0.02       0.83 f
  n13807 (net)                                  3         0.00                0.00       0.83 f
  U10602/Y (INV_X2P5M_A6P5PP140ZTS_C35)                             0.01      0.01       0.84 r
  n13823 (net)                                  1         0.00                0.00       0.84 r
  U210/Y (XNOR2_X3M_A6P5PP140ZTS_C35)                               0.03      0.02       0.86 r
  n21109 (net)                                  2         0.00                0.00       0.86 r
  U4142/Y (NAND2_X3M_A6P5PP140ZTS_C35)                              0.02      0.02       0.88 f
  n542 (net)                                    1         0.00                0.00       0.88 f
  U4140/Y (NOR3_X2TA_A6P5PP140ZTS_C35)                              0.03      0.03       0.91 r
  n22216 (net)                                  3         0.00                0.00       0.91 r
  U11019/Y (NAND3_X2TA_A6P5PP140ZTS_C35)                            0.02      0.02       0.92 f
  n4116 (net)                                   1         0.00                0.00       0.92 f
  U11018/Y (NOR2_X2TA_A6P5PP140ZTS_C35)                             0.01      0.01       0.94 r
  n4119 (net)                                   2         0.00                0.00       0.94 r
  U4150/Y (OAI21_X0P5M_A6P5PP140ZTS_C35)                            0.02      0.02       0.96 f
  n546 (net)                                    1         0.00                0.00       0.96 f
  U4149/Y (OA21B_X1M_A6P5PP140ZTS_C35)                              0.02      0.02       0.97 r
  u_cluster/u_fp_acc/n353 (net)                 1         0.00                0.00       0.97 r
  u_cluster/u_fp_acc/acc_o_reg[1][23]/D (DFFRPQA_X2M_A6P5PP140ZTS_C35)
                                                                    0.02      0.00       0.97 r
  data arrival time                                                                      0.97

  clock clk (rise edge)                                                       0.90       0.90
  clock network delay (ideal)                                                 0.00       0.90
  clock uncertainty                                                          -0.05       0.85
  u_cluster/u_fp_acc/acc_o_reg[1][23]/CK (DFFRPQA_X2M_A6P5PP140ZTS_C35)       0.00       0.85 r
  library setup time                                                         -0.04       0.82
  data required time                                                                     0.82
  ----------------------------------------------------------------------------------------------
  data required time                                                                     0.82
  data arrival time                                                                     -0.97
  ----------------------------------------------------------------------------------------------
  slack (VIOLATED)                                                                      -0.15


  Startpoint: u_cluster/u_fp_acc/lane_sum_q_reg[2][19]
              (rising edge-triggered flip-flop clocked by clk)
  Endpoint: u_cluster/u_fp_acc/acc_o_reg[2][14]
            (rising edge-triggered flip-flop clocked by clk)
  Path Group: clk
  Path Type: max

  Des/Clust/Port     Wire Load Model       Library
  ------------------------------------------------
  fusion_mul16_fp8_only_pipe_top
                     Zero                  sc6p5mcpp140z_cln22ul_base_svt_c35_tt_typical_max_0p80v_25c

  Point                                       Fanout       Cap     Trans      Incr       Path
  ----------------------------------------------------------------------------------------------
  clock clk (rise edge)                                                       0.00       0.00
  clock network delay (ideal)                                                 0.00       0.00
  u_cluster/u_fp_acc/lane_sum_q_reg[2][19]/CK (DFFRPQA_X2M_A6P5PP140ZTS_C35)
                                                                    0.00      0.00       0.00 r
  u_cluster/u_fp_acc/lane_sum_q_reg[2][19]/Q (DFFRPQA_X2M_A6P5PP140ZTS_C35)
                                                                    0.01      0.05       0.05 r
  u_cluster/u_fp_acc/lane_sum_q[2][19] (net)
                                                2         0.00                0.00       0.05 r
  U2081/Y (BUFH_X1M_A6P5PP140ZTS_C35)                               0.03      0.03       0.08 r
  n2888 (net)                                   4         0.00                0.00       0.08 r
  U12568/Y (AOI22_X1M_A6P5PP140ZTS_C35)                             0.04      0.03       0.11 f
  n4793 (net)                                   1         0.00                0.00       0.11 f
  U5017/Y (AO21A1AI2_X3M_A6P5PP140ZTS_C35)                          0.02      0.03       0.14 r
  n4796 (net)                                   1         0.00                0.00       0.14 r
  U10047/Y (AO21A1AI2_X3M_A6P5PP140ZTS_C35)                         0.03      0.03       0.17 f
  n4804 (net)                                   1         0.00                0.00       0.17 f
  U12578/Y (NAND3_X4TA_A6P5PP140ZTS_C35)                            0.03      0.03       0.20 r
  n4828 (net)                                   3         0.00                0.00       0.20 r
  U1626/Y (BUFA_X6M_A6P5PP140ZTS_C35)                               0.02      0.03       0.23 r
  n10438 (net)                                 12         0.01                0.00       0.23 r
  U12604/Y (MXIT2_X1M_A6P5PP140ZTS_C35)                             0.04      0.04       0.27 r
  n9947 (net)                                   3         0.00                0.00       0.27 r
  U16303/Y (NOR2_X1A_A6P5PP140ZTS_C35)                              0.02      0.02       0.29 f
  n9948 (net)                                   1         0.00                0.00       0.29 f
  U1474/Y (NOR2_X1TA_A6P5PP140ZTS_C35)                              0.03      0.02       0.31 r
  n4034 (net)                                   2         0.00                0.00       0.31 r
  U1340/Y (MXIT2_X1M_A6P5PP140ZTS_C35)                              0.03      0.02       0.33 f
  n10016 (net)                                  2         0.00                0.00       0.33 f
  U10336/Y (AOI21_X0P5M_A6P5PP140ZTS_C35)                           0.02      0.03       0.36 r
  n9988 (net)                                   1         0.00                0.00       0.36 r
  U10825/Y (NOR2B_X2M_A6P5PP140ZTS_C35)                             0.02      0.03       0.39 r
  n3893 (net)                                   1         0.00                0.00       0.39 r
  U1090/Y (NAND3_X2M_A6P5PP140ZTS_C35)                              0.03      0.02       0.41 f
  n14873 (net)                                  4         0.00                0.00       0.41 f
  U9226/Y (AND2_X1M_A6P5PP140ZTS_C35)                               0.02      0.03       0.44 f
  n2985 (net)                                   2         0.00                0.00       0.44 f
  U5615/Y (NAND2_X2M_A6P5PP140ZTS_C35)                              0.02      0.01       0.46 r
  n2984 (net)                                   1         0.00                0.00       0.46 r
  U4874/Y (NOR2_X3A_A6P5PP140ZTS_C35)                               0.02      0.01       0.47 f
  n10275 (net)                                  2         0.00                0.00       0.47 f
  U3065/Y (AOI21_X3M_A6P5PP140ZTS_C35)                              0.03      0.03       0.50 r
  n10264 (net)                                  2         0.00                0.00       0.50 r
  U3501/Y (INV_X3M_A6P5PP140ZTS_C35)                                0.01      0.01       0.51 f
  n10299 (net)                                  4         0.00                0.00       0.51 f
  U782/Y (AOI21_X0P5M_A6P5PP140ZTS_C35)                             0.04      0.03       0.54 r
  n10287 (net)                                  1         0.00                0.00       0.54 r
  U11353/Y (XOR2_X2M_A6P5PP140ZTS_C35)                              0.05      0.05       0.58 r
  n19507 (net)                                  6         0.00                0.00       0.58 r
  U5006/Y (MXIT2_X2M_A6P5PP140ZTS_C35)                              0.02      0.02       0.60 f
  n10296 (net)                                  1         0.00                0.00       0.60 f
  U10340/Y (OA21B_X1M_A6P5PP140ZTS_C35)                             0.01      0.03       0.64 f
  n19356 (net)                                  2         0.00                0.00       0.64 f
  U5425/Y (NAND2XB_X1M_A6P5PP140ZTS_C35)                            0.02      0.02       0.65 r
  n984 (net)                                    1         0.00                0.00       0.65 r
  U4720/Y (NAND2_X3M_A6P5PP140ZTS_C35)                              0.02      0.02       0.67 f
  n742 (net)                                    1         0.00                0.00       0.67 f
  U4719/Y (NOR2_X6A_A6P5PP140ZTS_C35)                               0.03      0.02       0.69 r
  n10368 (net)                                  6         0.01                0.00       0.69 r
  U5146/Y (NOR2_X3A_A6P5PP140ZTS_C35)                               0.01      0.01       0.70 f
  n3784 (net)                                   1         0.00                0.00       0.70 f
  U5438/Y (NOR2_X2TA_A6P5PP140ZTS_C35)                              0.01      0.01       0.72 r
  n3782 (net)                                   1         0.00                0.00       0.72 r
  U5598/Y (OAI211_X3M_A6P5PP140ZTS_C35)                             0.03      0.02       0.74 f
  n3289 (net)                                   2         0.00                0.00       0.74 f
  U5048/Y (XOR2_X3M_A6P5PP140ZTS_C35)                               0.03      0.03       0.77 f
  n10374 (net)                                  2         0.00                0.00       0.77 f
  U5530/Y (NAND2_X2M_A6P5PP140ZTS_C35)                              0.03      0.03       0.80 r
  n10400 (net)                                  2         0.00                0.00       0.80 r
  U4836/Y (OAI21_X6M_A6P5PP140ZTS_C35)                              0.03      0.02       0.82 f
  n10395 (net)                                  3         0.01                0.00       0.82 f
  U4925/Y (AOI21_X8M_A6P5PP140ZTS_C35)                              0.03      0.03       0.85 r
  n10419 (net)                                  6         0.01                0.00       0.85 r
  U4430/Y (XOR2_X4M_A6P5PP140ZTS_C35)                               0.03      0.03       0.88 r
  n18871 (net)                                  2         0.00                0.00       0.88 r
  U8531/Y (NOR3_X4TA_A6P5PP140ZTS_C35)                              0.02      0.02       0.90 f
  n20085 (net)                                  4         0.00                0.00       0.90 f
  U6048/Y (NAND2_X3M_A6P5PP140ZTS_C35)                              0.02      0.02       0.92 r
  n19354 (net)                                  1         0.00                0.00       0.92 r
  U18/Y (NAND2_X6A_A6P5PP140ZTS_C35)                                0.03      0.02       0.94 f
  n20079 (net)                                 23         0.01                0.00       0.94 f
  U22821/Y (OAI211_X0P5M_A6P5PP140ZTS_C35)                          0.03      0.03       0.97 r
  u_cluster/u_fp_acc/n322 (net)                 1         0.00                0.00       0.97 r
  u_cluster/u_fp_acc/acc_o_reg[2][14]/D (DFFRPQA_X2M_A6P5PP140ZTS_C35)
                                                                    0.03      0.00       0.97 r
  data arrival time                                                                      0.97

  clock clk (rise edge)                                                       0.90       0.90
  clock network delay (ideal)                                                 0.00       0.90
  clock uncertainty                                                          -0.05       0.85
  u_cluster/u_fp_acc/acc_o_reg[2][14]/CK (DFFRPQA_X2M_A6P5PP140ZTS_C35)       0.00       0.85 r
  library setup time                                                         -0.04       0.82
  data required time                                                                     0.82
  ----------------------------------------------------------------------------------------------
  data required time                                                                     0.82
  data arrival time                                                                     -0.97
  ----------------------------------------------------------------------------------------------
  slack (VIOLATED)                                                                      -0.15


  Startpoint: u_cluster/u_fp_acc/lane_sum_q_reg[2][19]
              (rising edge-triggered flip-flop clocked by clk)
  Endpoint: u_cluster/u_fp_acc/acc_o_reg[2][15]
            (rising edge-triggered flip-flop clocked by clk)
  Path Group: clk
  Path Type: max

  Des/Clust/Port     Wire Load Model       Library
  ------------------------------------------------
  fusion_mul16_fp8_only_pipe_top
                     Zero                  sc6p5mcpp140z_cln22ul_base_svt_c35_tt_typical_max_0p80v_25c

  Point                                       Fanout       Cap     Trans      Incr       Path
  ----------------------------------------------------------------------------------------------
  clock clk (rise edge)                                                       0.00       0.00
  clock network delay (ideal)                                                 0.00       0.00
  u_cluster/u_fp_acc/lane_sum_q_reg[2][19]/CK (DFFRPQA_X2M_A6P5PP140ZTS_C35)
                                                                    0.00      0.00       0.00 r
  u_cluster/u_fp_acc/lane_sum_q_reg[2][19]/Q (DFFRPQA_X2M_A6P5PP140ZTS_C35)
                                                                    0.01      0.05       0.05 r
  u_cluster/u_fp_acc/lane_sum_q[2][19] (net)
                                                2         0.00                0.00       0.05 r
  U2081/Y (BUFH_X1M_A6P5PP140ZTS_C35)                               0.03      0.03       0.08 r
  n2888 (net)                                   4         0.00                0.00       0.08 r
  U12568/Y (AOI22_X1M_A6P5PP140ZTS_C35)                             0.04      0.03       0.11 f
  n4793 (net)                                   1         0.00                0.00       0.11 f
  U5017/Y (AO21A1AI2_X3M_A6P5PP140ZTS_C35)                          0.02      0.03       0.14 r
  n4796 (net)                                   1         0.00                0.00       0.14 r
  U10047/Y (AO21A1AI2_X3M_A6P5PP140ZTS_C35)                         0.03      0.03       0.17 f
  n4804 (net)                                   1         0.00                0.00       0.17 f
  U12578/Y (NAND3_X4TA_A6P5PP140ZTS_C35)                            0.03      0.03       0.20 r
  n4828 (net)                                   3         0.00                0.00       0.20 r
  U1626/Y (BUFA_X6M_A6P5PP140ZTS_C35)                               0.02      0.03       0.23 r
  n10438 (net)                                 12         0.01                0.00       0.23 r
  U12604/Y (MXIT2_X1M_A6P5PP140ZTS_C35)                             0.04      0.04       0.27 r
  n9947 (net)                                   3         0.00                0.00       0.27 r
  U16303/Y (NOR2_X1A_A6P5PP140ZTS_C35)                              0.02      0.02       0.29 f
  n9948 (net)                                   1         0.00                0.00       0.29 f
  U1474/Y (NOR2_X1TA_A6P5PP140ZTS_C35)                              0.03      0.02       0.31 r
  n4034 (net)                                   2         0.00                0.00       0.31 r
  U1340/Y (MXIT2_X1M_A6P5PP140ZTS_C35)                              0.03      0.02       0.33 f
  n10016 (net)                                  2         0.00                0.00       0.33 f
  U10336/Y (AOI21_X0P5M_A6P5PP140ZTS_C35)                           0.02      0.03       0.36 r
  n9988 (net)                                   1         0.00                0.00       0.36 r
  U10825/Y (NOR2B_X2M_A6P5PP140ZTS_C35)                             0.02      0.03       0.39 r
  n3893 (net)                                   1         0.00                0.00       0.39 r
  U1090/Y (NAND3_X2M_A6P5PP140ZTS_C35)                              0.03      0.02       0.41 f
  n14873 (net)                                  4         0.00                0.00       0.41 f
  U9226/Y (AND2_X1M_A6P5PP140ZTS_C35)                               0.02      0.03       0.44 f
  n2985 (net)                                   2         0.00                0.00       0.44 f
  U5615/Y (NAND2_X2M_A6P5PP140ZTS_C35)                              0.02      0.01       0.46 r
  n2984 (net)                                   1         0.00                0.00       0.46 r
  U4874/Y (NOR2_X3A_A6P5PP140ZTS_C35)                               0.02      0.01       0.47 f
  n10275 (net)                                  2         0.00                0.00       0.47 f
  U3065/Y (AOI21_X3M_A6P5PP140ZTS_C35)                              0.03      0.03       0.50 r
  n10264 (net)                                  2         0.00                0.00       0.50 r
  U3501/Y (INV_X3M_A6P5PP140ZTS_C35)                                0.01      0.01       0.51 f
  n10299 (net)                                  4         0.00                0.00       0.51 f
  U782/Y (AOI21_X0P5M_A6P5PP140ZTS_C35)                             0.04      0.03       0.54 r
  n10287 (net)                                  1         0.00                0.00       0.54 r
  U11353/Y (XOR2_X2M_A6P5PP140ZTS_C35)                              0.05      0.05       0.58 r
  n19507 (net)                                  6         0.00                0.00       0.58 r
  U5006/Y (MXIT2_X2M_A6P5PP140ZTS_C35)                              0.02      0.02       0.60 f
  n10296 (net)                                  1         0.00                0.00       0.60 f
  U10340/Y (OA21B_X1M_A6P5PP140ZTS_C35)                             0.01      0.03       0.64 f
  n19356 (net)                                  2         0.00                0.00       0.64 f
  U5425/Y (NAND2XB_X1M_A6P5PP140ZTS_C35)                            0.02      0.02       0.65 r
  n984 (net)                                    1         0.00                0.00       0.65 r
  U4720/Y (NAND2_X3M_A6P5PP140ZTS_C35)                              0.02      0.02       0.67 f
  n742 (net)                                    1         0.00                0.00       0.67 f
  U4719/Y (NOR2_X6A_A6P5PP140ZTS_C35)                               0.03      0.02       0.69 r
  n10368 (net)                                  6         0.01                0.00       0.69 r
  U5146/Y (NOR2_X3A_A6P5PP140ZTS_C35)                               0.01      0.01       0.70 f
  n3784 (net)                                   1         0.00                0.00       0.70 f
  U5438/Y (NOR2_X2TA_A6P5PP140ZTS_C35)                              0.01      0.01       0.72 r
  n3782 (net)                                   1         0.00                0.00       0.72 r
  U5598/Y (OAI211_X3M_A6P5PP140ZTS_C35)                             0.03      0.02       0.74 f
  n3289 (net)                                   2         0.00                0.00       0.74 f
  U5048/Y (XOR2_X3M_A6P5PP140ZTS_C35)                               0.03      0.03       0.77 f
  n10374 (net)                                  2         0.00                0.00       0.77 f
  U5530/Y (NAND2_X2M_A6P5PP140ZTS_C35)                              0.03      0.03       0.80 r
  n10400 (net)                                  2         0.00                0.00       0.80 r
  U4836/Y (OAI21_X6M_A6P5PP140ZTS_C35)                              0.03      0.02       0.82 f
  n10395 (net)                                  3         0.01                0.00       0.82 f
  U4925/Y (AOI21_X8M_A6P5PP140ZTS_C35)                              0.03      0.03       0.85 r
  n10419 (net)                                  6         0.01                0.00       0.85 r
  U4430/Y (XOR2_X4M_A6P5PP140ZTS_C35)                               0.03      0.03       0.88 r
  n18871 (net)                                  2         0.00                0.00       0.88 r
  U8531/Y (NOR3_X4TA_A6P5PP140ZTS_C35)                              0.02      0.02       0.90 f
  n20085 (net)                                  4         0.00                0.00       0.90 f
  U6048/Y (NAND2_X3M_A6P5PP140ZTS_C35)                              0.02      0.02       0.92 r
  n19354 (net)                                  1         0.00                0.00       0.92 r
  U18/Y (NAND2_X6A_A6P5PP140ZTS_C35)                                0.03      0.02       0.94 f
  n20079 (net)                                 23         0.01                0.00       0.94 f
  U22811/Y (OAI211_X0P5M_A6P5PP140ZTS_C35)                          0.03      0.03       0.97 r
  u_cluster/u_fp_acc/n321 (net)                 1         0.00                0.00       0.97 r
  u_cluster/u_fp_acc/acc_o_reg[2][15]/D (DFFRPQA_X2M_A6P5PP140ZTS_C35)
                                                                    0.03      0.00       0.97 r
  data arrival time                                                                      0.97

  clock clk (rise edge)                                                       0.90       0.90
  clock network delay (ideal)                                                 0.00       0.90
  clock uncertainty                                                          -0.05       0.85
  u_cluster/u_fp_acc/acc_o_reg[2][15]/CK (DFFRPQA_X2M_A6P5PP140ZTS_C35)       0.00       0.85 r
  library setup time                                                         -0.04       0.82
  data required time                                                                     0.82
  ----------------------------------------------------------------------------------------------
  data required time                                                                     0.82
  data arrival time                                                                     -0.97
  ----------------------------------------------------------------------------------------------
  slack (VIOLATED)                                                                      -0.15


  Startpoint: u_cluster/u_fp_acc/lane_sum_q_reg[2][19]
              (rising edge-triggered flip-flop clocked by clk)
  Endpoint: u_cluster/u_fp_acc/acc_o_reg[2][20]
            (rising edge-triggered flip-flop clocked by clk)
  Path Group: clk
  Path Type: max

  Des/Clust/Port     Wire Load Model       Library
  ------------------------------------------------
  fusion_mul16_fp8_only_pipe_top
                     Zero                  sc6p5mcpp140z_cln22ul_base_svt_c35_tt_typical_max_0p80v_25c

  Point                                       Fanout       Cap     Trans      Incr       Path
  ----------------------------------------------------------------------------------------------
  clock clk (rise edge)                                                       0.00       0.00
  clock network delay (ideal)                                                 0.00       0.00
  u_cluster/u_fp_acc/lane_sum_q_reg[2][19]/CK (DFFRPQA_X2M_A6P5PP140ZTS_C35)
                                                                    0.00      0.00       0.00 r
  u_cluster/u_fp_acc/lane_sum_q_reg[2][19]/Q (DFFRPQA_X2M_A6P5PP140ZTS_C35)
                                                                    0.01      0.05       0.05 r
  u_cluster/u_fp_acc/lane_sum_q[2][19] (net)
                                                2         0.00                0.00       0.05 r
  U2081/Y (BUFH_X1M_A6P5PP140ZTS_C35)                               0.03      0.03       0.08 r
  n2888 (net)                                   4         0.00                0.00       0.08 r
  U12568/Y (AOI22_X1M_A6P5PP140ZTS_C35)                             0.04      0.03       0.11 f
  n4793 (net)                                   1         0.00                0.00       0.11 f
  U5017/Y (AO21A1AI2_X3M_A6P5PP140ZTS_C35)                          0.02      0.03       0.14 r
  n4796 (net)                                   1         0.00                0.00       0.14 r
  U10047/Y (AO21A1AI2_X3M_A6P5PP140ZTS_C35)                         0.03      0.03       0.17 f
  n4804 (net)                                   1         0.00                0.00       0.17 f
  U12578/Y (NAND3_X4TA_A6P5PP140ZTS_C35)                            0.03      0.03       0.20 r
  n4828 (net)                                   3         0.00                0.00       0.20 r
  U1626/Y (BUFA_X6M_A6P5PP140ZTS_C35)                               0.02      0.03       0.23 r
  n10438 (net)                                 12         0.01                0.00       0.23 r
  U12604/Y (MXIT2_X1M_A6P5PP140ZTS_C35)                             0.04      0.04       0.27 r
  n9947 (net)                                   3         0.00                0.00       0.27 r
  U16303/Y (NOR2_X1A_A6P5PP140ZTS_C35)                              0.02      0.02       0.29 f
  n9948 (net)                                   1         0.00                0.00       0.29 f
  U1474/Y (NOR2_X1TA_A6P5PP140ZTS_C35)                              0.03      0.02       0.31 r
  n4034 (net)                                   2         0.00                0.00       0.31 r
  U1340/Y (MXIT2_X1M_A6P5PP140ZTS_C35)                              0.03      0.02       0.33 f
  n10016 (net)                                  2         0.00                0.00       0.33 f
  U10336/Y (AOI21_X0P5M_A6P5PP140ZTS_C35)                           0.02      0.03       0.36 r
  n9988 (net)                                   1         0.00                0.00       0.36 r
  U10825/Y (NOR2B_X2M_A6P5PP140ZTS_C35)                             0.02      0.03       0.39 r
  n3893 (net)                                   1         0.00                0.00       0.39 r
  U1090/Y (NAND3_X2M_A6P5PP140ZTS_C35)                              0.03      0.02       0.41 f
  n14873 (net)                                  4         0.00                0.00       0.41 f
  U9226/Y (AND2_X1M_A6P5PP140ZTS_C35)                               0.02      0.03       0.44 f
  n2985 (net)                                   2         0.00                0.00       0.44 f
  U5615/Y (NAND2_X2M_A6P5PP140ZTS_C35)                              0.02      0.01       0.46 r
  n2984 (net)                                   1         0.00                0.00       0.46 r
  U4874/Y (NOR2_X3A_A6P5PP140ZTS_C35)                               0.02      0.01       0.47 f
  n10275 (net)                                  2         0.00                0.00       0.47 f
  U3065/Y (AOI21_X3M_A6P5PP140ZTS_C35)                              0.03      0.03       0.50 r
  n10264 (net)                                  2         0.00                0.00       0.50 r
  U3501/Y (INV_X3M_A6P5PP140ZTS_C35)                                0.01      0.01       0.51 f
  n10299 (net)                                  4         0.00                0.00       0.51 f
  U782/Y (AOI21_X0P5M_A6P5PP140ZTS_C35)                             0.04      0.03       0.54 r
  n10287 (net)                                  1         0.00                0.00       0.54 r
  U11353/Y (XOR2_X2M_A6P5PP140ZTS_C35)                              0.05      0.05       0.58 r
  n19507 (net)                                  6         0.00                0.00       0.58 r
  U5006/Y (MXIT2_X2M_A6P5PP140ZTS_C35)                              0.02      0.02       0.60 f
  n10296 (net)                                  1         0.00                0.00       0.60 f
  U10340/Y (OA21B_X1M_A6P5PP140ZTS_C35)                             0.01      0.03       0.64 f
  n19356 (net)                                  2         0.00                0.00       0.64 f
  U5425/Y (NAND2XB_X1M_A6P5PP140ZTS_C35)                            0.02      0.02       0.65 r
  n984 (net)                                    1         0.00                0.00       0.65 r
  U4720/Y (NAND2_X3M_A6P5PP140ZTS_C35)                              0.02      0.02       0.67 f
  n742 (net)                                    1         0.00                0.00       0.67 f
  U4719/Y (NOR2_X6A_A6P5PP140ZTS_C35)                               0.03      0.02       0.69 r
  n10368 (net)                                  6         0.01                0.00       0.69 r
  U5146/Y (NOR2_X3A_A6P5PP140ZTS_C35)                               0.01      0.01       0.70 f
  n3784 (net)                                   1         0.00                0.00       0.70 f
  U5438/Y (NOR2_X2TA_A6P5PP140ZTS_C35)                              0.01      0.01       0.72 r
  n3782 (net)                                   1         0.00                0.00       0.72 r
  U5598/Y (OAI211_X3M_A6P5PP140ZTS_C35)                             0.03      0.02       0.74 f
  n3289 (net)                                   2         0.00                0.00       0.74 f
  U5048/Y (XOR2_X3M_A6P5PP140ZTS_C35)                               0.03      0.03       0.77 f
  n10374 (net)                                  2         0.00                0.00       0.77 f
  U5530/Y (NAND2_X2M_A6P5PP140ZTS_C35)                              0.03      0.03       0.80 r
  n10400 (net)                                  2         0.00                0.00       0.80 r
  U4836/Y (OAI21_X6M_A6P5PP140ZTS_C35)                              0.03      0.02       0.82 f
  n10395 (net)                                  3         0.01                0.00       0.82 f
  U4925/Y (AOI21_X8M_A6P5PP140ZTS_C35)                              0.03      0.03       0.85 r
  n10419 (net)                                  6         0.01                0.00       0.85 r
  U4430/Y (XOR2_X4M_A6P5PP140ZTS_C35)                               0.03      0.03       0.88 r
  n18871 (net)                                  2         0.00                0.00       0.88 r
  U8531/Y (NOR3_X4TA_A6P5PP140ZTS_C35)                              0.02      0.02       0.90 f
  n20085 (net)                                  4         0.00                0.00       0.90 f
  U6048/Y (NAND2_X3M_A6P5PP140ZTS_C35)                              0.02      0.02       0.92 r
  n19354 (net)                                  1         0.00                0.00       0.92 r
  U18/Y (NAND2_X6A_A6P5PP140ZTS_C35)                                0.03      0.02       0.94 f
  n20079 (net)                                 23         0.01                0.00       0.94 f
  U2704/Y (OAI211_X0P5M_A6P5PP140ZTS_C35)                           0.03      0.03       0.97 r
  u_cluster/u_fp_acc/n316 (net)                 1         0.00                0.00       0.97 r
  u_cluster/u_fp_acc/acc_o_reg[2][20]/D (DFFRPQA_X2M_A6P5PP140ZTS_C35)
                                                                    0.03      0.00       0.97 r
  data arrival time                                                                      0.97

  clock clk (rise edge)                                                       0.90       0.90
  clock network delay (ideal)                                                 0.00       0.90
  clock uncertainty                                                          -0.05       0.85
  u_cluster/u_fp_acc/acc_o_reg[2][20]/CK (DFFRPQA_X2M_A6P5PP140ZTS_C35)       0.00       0.85 r
  library setup time                                                         -0.04       0.82
  data required time                                                                     0.82
  ----------------------------------------------------------------------------------------------
  data required time                                                                     0.82
  data arrival time                                                                     -0.97
  ----------------------------------------------------------------------------------------------
  slack (VIOLATED)                                                                      -0.15


  Startpoint: u_cluster/u_fp_acc/lane_sum_q_reg[2][19]
              (rising edge-triggered flip-flop clocked by clk)
  Endpoint: u_cluster/u_fp_acc/acc_o_reg[2][14]
            (rising edge-triggered flip-flop clocked by clk)
  Path Group: clk
  Path Type: max

  Des/Clust/Port     Wire Load Model       Library
  ------------------------------------------------
  fusion_mul16_fp8_only_pipe_top
                     Zero                  sc6p5mcpp140z_cln22ul_base_svt_c35_tt_typical_max_0p80v_25c

  Point                                       Fanout       Cap     Trans      Incr       Path
  ----------------------------------------------------------------------------------------------
  clock clk (rise edge)                                                       0.00       0.00
  clock network delay (ideal)                                                 0.00       0.00
  u_cluster/u_fp_acc/lane_sum_q_reg[2][19]/CK (DFFRPQA_X2M_A6P5PP140ZTS_C35)
                                                                    0.00      0.00       0.00 r
  u_cluster/u_fp_acc/lane_sum_q_reg[2][19]/Q (DFFRPQA_X2M_A6P5PP140ZTS_C35)
                                                                    0.01      0.05       0.05 r
  u_cluster/u_fp_acc/lane_sum_q[2][19] (net)
                                                2         0.00                0.00       0.05 r
  U2081/Y (BUFH_X1M_A6P5PP140ZTS_C35)                               0.03      0.03       0.08 r
  n2888 (net)                                   4         0.00                0.00       0.08 r
  U12568/Y (AOI22_X1M_A6P5PP140ZTS_C35)                             0.04      0.03       0.11 f
  n4793 (net)                                   1         0.00                0.00       0.11 f
  U5017/Y (AO21A1AI2_X3M_A6P5PP140ZTS_C35)                          0.02      0.03       0.14 r
  n4796 (net)                                   1         0.00                0.00       0.14 r
  U10047/Y (AO21A1AI2_X3M_A6P5PP140ZTS_C35)                         0.03      0.03       0.17 f
  n4804 (net)                                   1         0.00                0.00       0.17 f
  U12578/Y (NAND3_X4TA_A6P5PP140ZTS_C35)                            0.03      0.03       0.20 r
  n4828 (net)                                   3         0.00                0.00       0.20 r
  U1626/Y (BUFA_X6M_A6P5PP140ZTS_C35)                               0.02      0.03       0.23 r
  n10438 (net)                                 12         0.01                0.00       0.23 r
  U12604/Y (MXIT2_X1M_A6P5PP140ZTS_C35)                             0.04      0.04       0.27 r
  n9947 (net)                                   3         0.00                0.00       0.27 r
  U16303/Y (NOR2_X1A_A6P5PP140ZTS_C35)                              0.02      0.02       0.29 f
  n9948 (net)                                   1         0.00                0.00       0.29 f
  U1474/Y (NOR2_X1TA_A6P5PP140ZTS_C35)                              0.03      0.02       0.31 r
  n4034 (net)                                   2         0.00                0.00       0.31 r
  U1340/Y (MXIT2_X1M_A6P5PP140ZTS_C35)                              0.03      0.02       0.33 f
  n10016 (net)                                  2         0.00                0.00       0.33 f
  U10336/Y (AOI21_X0P5M_A6P5PP140ZTS_C35)                           0.02      0.03       0.36 r
  n9988 (net)                                   1         0.00                0.00       0.36 r
  U10825/Y (NOR2B_X2M_A6P5PP140ZTS_C35)                             0.02      0.03       0.39 r
  n3893 (net)                                   1         0.00                0.00       0.39 r
  U1090/Y (NAND3_X2M_A6P5PP140ZTS_C35)                              0.03      0.02       0.41 f
  n14873 (net)                                  4         0.00                0.00       0.41 f
  U9226/Y (AND2_X1M_A6P5PP140ZTS_C35)                               0.02      0.03       0.44 f
  n2985 (net)                                   2         0.00                0.00       0.44 f
  U5615/Y (NAND2_X2M_A6P5PP140ZTS_C35)                              0.02      0.01       0.46 r
  n2984 (net)                                   1         0.00                0.00       0.46 r
  U4874/Y (NOR2_X3A_A6P5PP140ZTS_C35)                               0.02      0.01       0.47 f
  n10275 (net)                                  2         0.00                0.00       0.47 f
  U3065/Y (AOI21_X3M_A6P5PP140ZTS_C35)                              0.03      0.03       0.50 r
  n10264 (net)                                  2         0.00                0.00       0.50 r
  U3501/Y (INV_X3M_A6P5PP140ZTS_C35)                                0.01      0.01       0.51 f
  n10299 (net)                                  4         0.00                0.00       0.51 f
  U782/Y (AOI21_X0P5M_A6P5PP140ZTS_C35)                             0.04      0.03       0.54 r
  n10287 (net)                                  1         0.00                0.00       0.54 r
  U11353/Y (XOR2_X2M_A6P5PP140ZTS_C35)                              0.05      0.05       0.58 r
  n19507 (net)                                  6         0.00                0.00       0.58 r
  U5006/Y (MXIT2_X2M_A6P5PP140ZTS_C35)                              0.02      0.02       0.60 f
  n10296 (net)                                  1         0.00                0.00       0.60 f
  U10340/Y (OA21B_X1M_A6P5PP140ZTS_C35)                             0.01      0.03       0.64 f
  n19356 (net)                                  2         0.00                0.00       0.64 f
  U5425/Y (NAND2XB_X1M_A6P5PP140ZTS_C35)                            0.02      0.02       0.65 r
  n984 (net)                                    1         0.00                0.00       0.65 r
  U4720/Y (NAND2_X3M_A6P5PP140ZTS_C35)                              0.02      0.02       0.67 f
  n742 (net)                                    1         0.00                0.00       0.67 f
  U4719/Y (NOR2_X6A_A6P5PP140ZTS_C35)                               0.03      0.02       0.69 r
  n10368 (net)                                  6         0.01                0.00       0.69 r
  U5146/Y (NOR2_X3A_A6P5PP140ZTS_C35)                               0.01      0.01       0.70 f
  n3784 (net)                                   1         0.00                0.00       0.70 f
  U5438/Y (NOR2_X2TA_A6P5PP140ZTS_C35)                              0.01      0.01       0.72 r
  n3782 (net)                                   1         0.00                0.00       0.72 r
  U5598/Y (OAI211_X3M_A6P5PP140ZTS_C35)                             0.03      0.02       0.74 f
  n3289 (net)                                   2         0.00                0.00       0.74 f
  U5048/Y (XOR2_X3M_A6P5PP140ZTS_C35)                               0.03      0.03       0.77 f
  n10374 (net)                                  2         0.00                0.00       0.77 f
  U6040/Y (NOR2_X3A_A6P5PP140ZTS_C35)                               0.03      0.03       0.80 r
  n3911 (net)                                   2         0.00                0.00       0.80 r
  U4836/Y (OAI21_X6M_A6P5PP140ZTS_C35)                              0.03      0.02       0.82 f
  n10395 (net)                                  3         0.01                0.00       0.82 f
  U4925/Y (AOI21_X8M_A6P5PP140ZTS_C35)                              0.03      0.03       0.85 r
  n10419 (net)                                  6         0.01                0.00       0.85 r
  U4430/Y (XOR2_X4M_A6P5PP140ZTS_C35)                               0.03      0.03       0.88 r
  n18871 (net)                                  2         0.00                0.00       0.88 r
  U8531/Y (NOR3_X4TA_A6P5PP140ZTS_C35)                              0.02      0.02       0.90 f
  n20085 (net)                                  4         0.00                0.00       0.90 f
  U6048/Y (NAND2_X3M_A6P5PP140ZTS_C35)                              0.02      0.02       0.92 r
  n19354 (net)                                  1         0.00                0.00       0.92 r
  U18/Y (NAND2_X6A_A6P5PP140ZTS_C35)                                0.03      0.02       0.94 f
  n20079 (net)                                 23         0.01                0.00       0.94 f
  U22821/Y (OAI211_X0P5M_A6P5PP140ZTS_C35)                          0.03      0.03       0.97 r
  u_cluster/u_fp_acc/n322 (net)                 1         0.00                0.00       0.97 r
  u_cluster/u_fp_acc/acc_o_reg[2][14]/D (DFFRPQA_X2M_A6P5PP140ZTS_C35)
                                                                    0.03      0.00       0.97 r
  data arrival time                                                                      0.97

  clock clk (rise edge)                                                       0.90       0.90
  clock network delay (ideal)                                                 0.00       0.90
  clock uncertainty                                                          -0.05       0.85
  u_cluster/u_fp_acc/acc_o_reg[2][14]/CK (DFFRPQA_X2M_A6P5PP140ZTS_C35)       0.00       0.85 r
  library setup time                                                         -0.04       0.82
  data required time                                                                     0.82
  ----------------------------------------------------------------------------------------------
  data required time                                                                     0.82
  data arrival time                                                                     -0.97
  ----------------------------------------------------------------------------------------------
  slack (VIOLATED)                                                                      -0.15


  Startpoint: u_cluster/u_fp_acc/lane_sum_q_reg[2][19]
              (rising edge-triggered flip-flop clocked by clk)
  Endpoint: u_cluster/u_fp_acc/acc_o_reg[2][15]
            (rising edge-triggered flip-flop clocked by clk)
  Path Group: clk
  Path Type: max

  Des/Clust/Port     Wire Load Model       Library
  ------------------------------------------------
  fusion_mul16_fp8_only_pipe_top
                     Zero                  sc6p5mcpp140z_cln22ul_base_svt_c35_tt_typical_max_0p80v_25c

  Point                                       Fanout       Cap     Trans      Incr       Path
  ----------------------------------------------------------------------------------------------
  clock clk (rise edge)                                                       0.00       0.00
  clock network delay (ideal)                                                 0.00       0.00
  u_cluster/u_fp_acc/lane_sum_q_reg[2][19]/CK (DFFRPQA_X2M_A6P5PP140ZTS_C35)
                                                                    0.00      0.00       0.00 r
  u_cluster/u_fp_acc/lane_sum_q_reg[2][19]/Q (DFFRPQA_X2M_A6P5PP140ZTS_C35)
                                                                    0.01      0.05       0.05 r
  u_cluster/u_fp_acc/lane_sum_q[2][19] (net)
                                                2         0.00                0.00       0.05 r
  U2081/Y (BUFH_X1M_A6P5PP140ZTS_C35)                               0.03      0.03       0.08 r
  n2888 (net)                                   4         0.00                0.00       0.08 r
  U12568/Y (AOI22_X1M_A6P5PP140ZTS_C35)                             0.04      0.03       0.11 f
  n4793 (net)                                   1         0.00                0.00       0.11 f
  U5017/Y (AO21A1AI2_X3M_A6P5PP140ZTS_C35)                          0.02      0.03       0.14 r
  n4796 (net)                                   1         0.00                0.00       0.14 r
  U10047/Y (AO21A1AI2_X3M_A6P5PP140ZTS_C35)                         0.03      0.03       0.17 f
  n4804 (net)                                   1         0.00                0.00       0.17 f
  U12578/Y (NAND3_X4TA_A6P5PP140ZTS_C35)                            0.03      0.03       0.20 r
  n4828 (net)                                   3         0.00                0.00       0.20 r
  U1626/Y (BUFA_X6M_A6P5PP140ZTS_C35)                               0.02      0.03       0.23 r
  n10438 (net)                                 12         0.01                0.00       0.23 r
  U12604/Y (MXIT2_X1M_A6P5PP140ZTS_C35)                             0.04      0.04       0.27 r
  n9947 (net)                                   3         0.00                0.00       0.27 r
  U16303/Y (NOR2_X1A_A6P5PP140ZTS_C35)                              0.02      0.02       0.29 f
  n9948 (net)                                   1         0.00                0.00       0.29 f
  U1474/Y (NOR2_X1TA_A6P5PP140ZTS_C35)                              0.03      0.02       0.31 r
  n4034 (net)                                   2         0.00                0.00       0.31 r
  U1340/Y (MXIT2_X1M_A6P5PP140ZTS_C35)                              0.03      0.02       0.33 f
  n10016 (net)                                  2         0.00                0.00       0.33 f
  U10336/Y (AOI21_X0P5M_A6P5PP140ZTS_C35)                           0.02      0.03       0.36 r
  n9988 (net)                                   1         0.00                0.00       0.36 r
  U10825/Y (NOR2B_X2M_A6P5PP140ZTS_C35)                             0.02      0.03       0.39 r
  n3893 (net)                                   1         0.00                0.00       0.39 r
  U1090/Y (NAND3_X2M_A6P5PP140ZTS_C35)                              0.03      0.02       0.41 f
  n14873 (net)                                  4         0.00                0.00       0.41 f
  U9226/Y (AND2_X1M_A6P5PP140ZTS_C35)                               0.02      0.03       0.44 f
  n2985 (net)                                   2         0.00                0.00       0.44 f
  U5615/Y (NAND2_X2M_A6P5PP140ZTS_C35)                              0.02      0.01       0.46 r
  n2984 (net)                                   1         0.00                0.00       0.46 r
  U4874/Y (NOR2_X3A_A6P5PP140ZTS_C35)                               0.02      0.01       0.47 f
  n10275 (net)                                  2         0.00                0.00       0.47 f
  U3065/Y (AOI21_X3M_A6P5PP140ZTS_C35)                              0.03      0.03       0.50 r
  n10264 (net)                                  2         0.00                0.00       0.50 r
  U3501/Y (INV_X3M_A6P5PP140ZTS_C35)                                0.01      0.01       0.51 f
  n10299 (net)                                  4         0.00                0.00       0.51 f
  U782/Y (AOI21_X0P5M_A6P5PP140ZTS_C35)                             0.04      0.03       0.54 r
  n10287 (net)                                  1         0.00                0.00       0.54 r
  U11353/Y (XOR2_X2M_A6P5PP140ZTS_C35)                              0.05      0.05       0.58 r
  n19507 (net)                                  6         0.00                0.00       0.58 r
  U5006/Y (MXIT2_X2M_A6P5PP140ZTS_C35)                              0.02      0.02       0.60 f
  n10296 (net)                                  1         0.00                0.00       0.60 f
  U10340/Y (OA21B_X1M_A6P5PP140ZTS_C35)                             0.01      0.03       0.64 f
  n19356 (net)                                  2         0.00                0.00       0.64 f
  U5425/Y (NAND2XB_X1M_A6P5PP140ZTS_C35)                            0.02      0.02       0.65 r
  n984 (net)                                    1         0.00                0.00       0.65 r
  U4720/Y (NAND2_X3M_A6P5PP140ZTS_C35)                              0.02      0.02       0.67 f
  n742 (net)                                    1         0.00                0.00       0.67 f
  U4719/Y (NOR2_X6A_A6P5PP140ZTS_C35)                               0.03      0.02       0.69 r
  n10368 (net)                                  6         0.01                0.00       0.69 r
  U5146/Y (NOR2_X3A_A6P5PP140ZTS_C35)                               0.01      0.01       0.70 f
  n3784 (net)                                   1         0.00                0.00       0.70 f
  U5438/Y (NOR2_X2TA_A6P5PP140ZTS_C35)                              0.01      0.01       0.72 r
  n3782 (net)                                   1         0.00                0.00       0.72 r
  U5598/Y (OAI211_X3M_A6P5PP140ZTS_C35)                             0.03      0.02       0.74 f
  n3289 (net)                                   2         0.00                0.00       0.74 f
  U5048/Y (XOR2_X3M_A6P5PP140ZTS_C35)                               0.03      0.03       0.77 f
  n10374 (net)                                  2         0.00                0.00       0.77 f
  U6040/Y (NOR2_X3A_A6P5PP140ZTS_C35)                               0.03      0.03       0.80 r
  n3911 (net)                                   2         0.00                0.00       0.80 r
  U4836/Y (OAI21_X6M_A6P5PP140ZTS_C35)                              0.03      0.02       0.82 f
  n10395 (net)                                  3         0.01                0.00       0.82 f
  U4925/Y (AOI21_X8M_A6P5PP140ZTS_C35)                              0.03      0.03       0.85 r
  n10419 (net)                                  6         0.01                0.00       0.85 r
  U4430/Y (XOR2_X4M_A6P5PP140ZTS_C35)                               0.03      0.03       0.88 r
  n18871 (net)                                  2         0.00                0.00       0.88 r
  U8531/Y (NOR3_X4TA_A6P5PP140ZTS_C35)                              0.02      0.02       0.90 f
  n20085 (net)                                  4         0.00                0.00       0.90 f
  U6048/Y (NAND2_X3M_A6P5PP140ZTS_C35)                              0.02      0.02       0.92 r
  n19354 (net)                                  1         0.00                0.00       0.92 r
  U18/Y (NAND2_X6A_A6P5PP140ZTS_C35)                                0.03      0.02       0.94 f
  n20079 (net)                                 23         0.01                0.00       0.94 f
  U22811/Y (OAI211_X0P5M_A6P5PP140ZTS_C35)                          0.03      0.03       0.97 r
  u_cluster/u_fp_acc/n321 (net)                 1         0.00                0.00       0.97 r
  u_cluster/u_fp_acc/acc_o_reg[2][15]/D (DFFRPQA_X2M_A6P5PP140ZTS_C35)
                                                                    0.03      0.00       0.97 r
  data arrival time                                                                      0.97

  clock clk (rise edge)                                                       0.90       0.90
  clock network delay (ideal)                                                 0.00       0.90
  clock uncertainty                                                          -0.05       0.85
  u_cluster/u_fp_acc/acc_o_reg[2][15]/CK (DFFRPQA_X2M_A6P5PP140ZTS_C35)       0.00       0.85 r
  library setup time                                                         -0.04       0.82
  data required time                                                                     0.82
  ----------------------------------------------------------------------------------------------
  data required time                                                                     0.82
  data arrival time                                                                     -0.97
  ----------------------------------------------------------------------------------------------
  slack (VIOLATED)                                                                      -0.15


  Startpoint: u_cluster/u_fp_acc/lane_sum_q_reg[2][19]
              (rising edge-triggered flip-flop clocked by clk)
  Endpoint: u_cluster/u_fp_acc/acc_o_reg[2][20]
            (rising edge-triggered flip-flop clocked by clk)
  Path Group: clk
  Path Type: max

  Des/Clust/Port     Wire Load Model       Library
  ------------------------------------------------
  fusion_mul16_fp8_only_pipe_top
                     Zero                  sc6p5mcpp140z_cln22ul_base_svt_c35_tt_typical_max_0p80v_25c

  Point                                       Fanout       Cap     Trans      Incr       Path
  ----------------------------------------------------------------------------------------------
  clock clk (rise edge)                                                       0.00       0.00
  clock network delay (ideal)                                                 0.00       0.00
  u_cluster/u_fp_acc/lane_sum_q_reg[2][19]/CK (DFFRPQA_X2M_A6P5PP140ZTS_C35)
                                                                    0.00      0.00       0.00 r
  u_cluster/u_fp_acc/lane_sum_q_reg[2][19]/Q (DFFRPQA_X2M_A6P5PP140ZTS_C35)
                                                                    0.01      0.05       0.05 r
  u_cluster/u_fp_acc/lane_sum_q[2][19] (net)
                                                2         0.00                0.00       0.05 r
  U2081/Y (BUFH_X1M_A6P5PP140ZTS_C35)                               0.03      0.03       0.08 r
  n2888 (net)                                   4         0.00                0.00       0.08 r
  U12568/Y (AOI22_X1M_A6P5PP140ZTS_C35)                             0.04      0.03       0.11 f
  n4793 (net)                                   1         0.00                0.00       0.11 f
  U5017/Y (AO21A1AI2_X3M_A6P5PP140ZTS_C35)                          0.02      0.03       0.14 r
  n4796 (net)                                   1         0.00                0.00       0.14 r
  U10047/Y (AO21A1AI2_X3M_A6P5PP140ZTS_C35)                         0.03      0.03       0.17 f
  n4804 (net)                                   1         0.00                0.00       0.17 f
  U12578/Y (NAND3_X4TA_A6P5PP140ZTS_C35)                            0.03      0.03       0.20 r
  n4828 (net)                                   3         0.00                0.00       0.20 r
  U1626/Y (BUFA_X6M_A6P5PP140ZTS_C35)                               0.02      0.03       0.23 r
  n10438 (net)                                 12         0.01                0.00       0.23 r
  U12604/Y (MXIT2_X1M_A6P5PP140ZTS_C35)                             0.04      0.04       0.27 r
  n9947 (net)                                   3         0.00                0.00       0.27 r
  U16303/Y (NOR2_X1A_A6P5PP140ZTS_C35)                              0.02      0.02       0.29 f
  n9948 (net)                                   1         0.00                0.00       0.29 f
  U1474/Y (NOR2_X1TA_A6P5PP140ZTS_C35)                              0.03      0.02       0.31 r
  n4034 (net)                                   2         0.00                0.00       0.31 r
  U1340/Y (MXIT2_X1M_A6P5PP140ZTS_C35)                              0.03      0.02       0.33 f
  n10016 (net)                                  2         0.00                0.00       0.33 f
  U10336/Y (AOI21_X0P5M_A6P5PP140ZTS_C35)                           0.02      0.03       0.36 r
  n9988 (net)                                   1         0.00                0.00       0.36 r
  U10825/Y (NOR2B_X2M_A6P5PP140ZTS_C35)                             0.02      0.03       0.39 r
  n3893 (net)                                   1         0.00                0.00       0.39 r
  U1090/Y (NAND3_X2M_A6P5PP140ZTS_C35)                              0.03      0.02       0.41 f
  n14873 (net)                                  4         0.00                0.00       0.41 f
  U9226/Y (AND2_X1M_A6P5PP140ZTS_C35)                               0.02      0.03       0.44 f
  n2985 (net)                                   2         0.00                0.00       0.44 f
  U5615/Y (NAND2_X2M_A6P5PP140ZTS_C35)                              0.02      0.01       0.46 r
  n2984 (net)                                   1         0.00                0.00       0.46 r
  U4874/Y (NOR2_X3A_A6P5PP140ZTS_C35)                               0.02      0.01       0.47 f
  n10275 (net)                                  2         0.00                0.00       0.47 f
  U3065/Y (AOI21_X3M_A6P5PP140ZTS_C35)                              0.03      0.03       0.50 r
  n10264 (net)                                  2         0.00                0.00       0.50 r
  U3501/Y (INV_X3M_A6P5PP140ZTS_C35)                                0.01      0.01       0.51 f
  n10299 (net)                                  4         0.00                0.00       0.51 f
  U782/Y (AOI21_X0P5M_A6P5PP140ZTS_C35)                             0.04      0.03       0.54 r
  n10287 (net)                                  1         0.00                0.00       0.54 r
  U11353/Y (XOR2_X2M_A6P5PP140ZTS_C35)                              0.05      0.05       0.58 r
  n19507 (net)                                  6         0.00                0.00       0.58 r
  U5006/Y (MXIT2_X2M_A6P5PP140ZTS_C35)                              0.02      0.02       0.60 f
  n10296 (net)                                  1         0.00                0.00       0.60 f
  U10340/Y (OA21B_X1M_A6P5PP140ZTS_C35)                             0.01      0.03       0.64 f
  n19356 (net)                                  2         0.00                0.00       0.64 f
  U5425/Y (NAND2XB_X1M_A6P5PP140ZTS_C35)                            0.02      0.02       0.65 r
  n984 (net)                                    1         0.00                0.00       0.65 r
  U4720/Y (NAND2_X3M_A6P5PP140ZTS_C35)                              0.02      0.02       0.67 f
  n742 (net)                                    1         0.00                0.00       0.67 f
  U4719/Y (NOR2_X6A_A6P5PP140ZTS_C35)                               0.03      0.02       0.69 r
  n10368 (net)                                  6         0.01                0.00       0.69 r
  U5146/Y (NOR2_X3A_A6P5PP140ZTS_C35)                               0.01      0.01       0.70 f
  n3784 (net)                                   1         0.00                0.00       0.70 f
  U5438/Y (NOR2_X2TA_A6P5PP140ZTS_C35)                              0.01      0.01       0.72 r
  n3782 (net)                                   1         0.00                0.00       0.72 r
  U5598/Y (OAI211_X3M_A6P5PP140ZTS_C35)                             0.03      0.02       0.74 f
  n3289 (net)                                   2         0.00                0.00       0.74 f
  U5048/Y (XOR2_X3M_A6P5PP140ZTS_C35)                               0.03      0.03       0.77 f
  n10374 (net)                                  2         0.00                0.00       0.77 f
  U6040/Y (NOR2_X3A_A6P5PP140ZTS_C35)                               0.03      0.03       0.80 r
  n3911 (net)                                   2         0.00                0.00       0.80 r
  U4836/Y (OAI21_X6M_A6P5PP140ZTS_C35)                              0.03      0.02       0.82 f
  n10395 (net)                                  3         0.01                0.00       0.82 f
  U4925/Y (AOI21_X8M_A6P5PP140ZTS_C35)                              0.03      0.03       0.85 r
  n10419 (net)                                  6         0.01                0.00       0.85 r
  U4430/Y (XOR2_X4M_A6P5PP140ZTS_C35)                               0.03      0.03       0.88 r
  n18871 (net)                                  2         0.00                0.00       0.88 r
  U8531/Y (NOR3_X4TA_A6P5PP140ZTS_C35)                              0.02      0.02       0.90 f
  n20085 (net)                                  4         0.00                0.00       0.90 f
  U6048/Y (NAND2_X3M_A6P5PP140ZTS_C35)                              0.02      0.02       0.92 r
  n19354 (net)                                  1         0.00                0.00       0.92 r
  U18/Y (NAND2_X6A_A6P5PP140ZTS_C35)                                0.03      0.02       0.94 f
  n20079 (net)                                 23         0.01                0.00       0.94 f
  U2704/Y (OAI211_X0P5M_A6P5PP140ZTS_C35)                           0.03      0.03       0.97 r
  u_cluster/u_fp_acc/n316 (net)                 1         0.00                0.00       0.97 r
  u_cluster/u_fp_acc/acc_o_reg[2][20]/D (DFFRPQA_X2M_A6P5PP140ZTS_C35)
                                                                    0.03      0.00       0.97 r
  data arrival time                                                                      0.97

  clock clk (rise edge)                                                       0.90       0.90
  clock network delay (ideal)                                                 0.00       0.90
  clock uncertainty                                                          -0.05       0.85
  u_cluster/u_fp_acc/acc_o_reg[2][20]/CK (DFFRPQA_X2M_A6P5PP140ZTS_C35)       0.00       0.85 r
  library setup time                                                         -0.04       0.82
  data required time                                                                     0.82
  ----------------------------------------------------------------------------------------------
  data required time                                                                     0.82
  data arrival time                                                                     -0.97
  ----------------------------------------------------------------------------------------------
  slack (VIOLATED)                                                                      -0.15


  Startpoint: u_cluster/u_fp_acc/lane_sum_q_reg[2][19]
              (rising edge-triggered flip-flop clocked by clk)
  Endpoint: u_cluster/u_fp_acc/acc_o_reg[2][14]
            (rising edge-triggered flip-flop clocked by clk)
  Path Group: clk
  Path Type: max

  Des/Clust/Port     Wire Load Model       Library
  ------------------------------------------------
  fusion_mul16_fp8_only_pipe_top
                     Zero                  sc6p5mcpp140z_cln22ul_base_svt_c35_tt_typical_max_0p80v_25c

  Point                                       Fanout       Cap     Trans      Incr       Path
  ----------------------------------------------------------------------------------------------
  clock clk (rise edge)                                                       0.00       0.00
  clock network delay (ideal)                                                 0.00       0.00
  u_cluster/u_fp_acc/lane_sum_q_reg[2][19]/CK (DFFRPQA_X2M_A6P5PP140ZTS_C35)
                                                                    0.00      0.00       0.00 r
  u_cluster/u_fp_acc/lane_sum_q_reg[2][19]/Q (DFFRPQA_X2M_A6P5PP140ZTS_C35)
                                                                    0.01      0.05       0.05 r
  u_cluster/u_fp_acc/lane_sum_q[2][19] (net)
                                                2         0.00                0.00       0.05 r
  U2081/Y (BUFH_X1M_A6P5PP140ZTS_C35)                               0.03      0.03       0.08 r
  n2888 (net)                                   4         0.00                0.00       0.08 r
  U12568/Y (AOI22_X1M_A6P5PP140ZTS_C35)                             0.04      0.03       0.11 f
  n4793 (net)                                   1         0.00                0.00       0.11 f
  U5017/Y (AO21A1AI2_X3M_A6P5PP140ZTS_C35)                          0.02      0.03       0.14 r
  n4796 (net)                                   1         0.00                0.00       0.14 r
  U10047/Y (AO21A1AI2_X3M_A6P5PP140ZTS_C35)                         0.03      0.03       0.17 f
  n4804 (net)                                   1         0.00                0.00       0.17 f
  U12578/Y (NAND3_X4TA_A6P5PP140ZTS_C35)                            0.03      0.03       0.20 r
  n4828 (net)                                   3         0.00                0.00       0.20 r
  U1626/Y (BUFA_X6M_A6P5PP140ZTS_C35)                               0.02      0.03       0.23 r
  n10438 (net)                                 12         0.01                0.00       0.23 r
  U12604/Y (MXIT2_X1M_A6P5PP140ZTS_C35)                             0.04      0.04       0.27 r
  n9947 (net)                                   3         0.00                0.00       0.27 r
  U16303/Y (NOR2_X1A_A6P5PP140ZTS_C35)                              0.02      0.02       0.29 f
  n9948 (net)                                   1         0.00                0.00       0.29 f
  U1474/Y (NOR2_X1TA_A6P5PP140ZTS_C35)                              0.03      0.02       0.31 r
  n4034 (net)                                   2         0.00                0.00       0.31 r
  U1340/Y (MXIT2_X1M_A6P5PP140ZTS_C35)                              0.03      0.02       0.33 f
  n10016 (net)                                  2         0.00                0.00       0.33 f
  U10336/Y (AOI21_X0P5M_A6P5PP140ZTS_C35)                           0.02      0.03       0.36 r
  n9988 (net)                                   1         0.00                0.00       0.36 r
  U10825/Y (NOR2B_X2M_A6P5PP140ZTS_C35)                             0.02      0.03       0.39 r
  n3893 (net)                                   1         0.00                0.00       0.39 r
  U1090/Y (NAND3_X2M_A6P5PP140ZTS_C35)                              0.03      0.02       0.41 f
  n14873 (net)                                  4         0.00                0.00       0.41 f
  U9226/Y (AND2_X1M_A6P5PP140ZTS_C35)                               0.02      0.03       0.44 f
  n2985 (net)                                   2         0.00                0.00       0.44 f
  U5615/Y (NAND2_X2M_A6P5PP140ZTS_C35)                              0.02      0.01       0.46 r
  n2984 (net)                                   1         0.00                0.00       0.46 r
  U4874/Y (NOR2_X3A_A6P5PP140ZTS_C35)                               0.02      0.01       0.47 f
  n10275 (net)                                  2         0.00                0.00       0.47 f
  U3065/Y (AOI21_X3M_A6P5PP140ZTS_C35)                              0.03      0.03       0.50 r
  n10264 (net)                                  2         0.00                0.00       0.50 r
  U3501/Y (INV_X3M_A6P5PP140ZTS_C35)                                0.01      0.01       0.51 f
  n10299 (net)                                  4         0.00                0.00       0.51 f
  U782/Y (AOI21_X0P5M_A6P5PP140ZTS_C35)                             0.04      0.03       0.54 r
  n10287 (net)                                  1         0.00                0.00       0.54 r
  U11353/Y (XOR2_X2M_A6P5PP140ZTS_C35)                              0.05      0.05       0.58 r
  n19507 (net)                                  6         0.00                0.00       0.58 r
  U5006/Y (MXIT2_X2M_A6P5PP140ZTS_C35)                              0.02      0.02       0.60 f
  n10296 (net)                                  1         0.00                0.00       0.60 f
  U10340/Y (OA21B_X1M_A6P5PP140ZTS_C35)                             0.01      0.03       0.64 f
  n19356 (net)                                  2         0.00                0.00       0.64 f
  U5425/Y (NAND2XB_X1M_A6P5PP140ZTS_C35)                            0.02      0.02       0.65 r
  n984 (net)                                    1         0.00                0.00       0.65 r
  U4720/Y (NAND2_X3M_A6P5PP140ZTS_C35)                              0.02      0.02       0.67 f
  n742 (net)                                    1         0.00                0.00       0.67 f
  U4719/Y (NOR2_X6A_A6P5PP140ZTS_C35)                               0.03      0.02       0.69 r
  n10368 (net)                                  6         0.01                0.00       0.69 r
  U5146/Y (NOR2_X3A_A6P5PP140ZTS_C35)                               0.01      0.01       0.70 f
  n3784 (net)                                   1         0.00                0.00       0.70 f
  U5438/Y (NOR2_X2TA_A6P5PP140ZTS_C35)                              0.01      0.01       0.72 r
  n3782 (net)                                   1         0.00                0.00       0.72 r
  U5598/Y (OAI211_X3M_A6P5PP140ZTS_C35)                             0.03      0.02       0.74 f
  n3289 (net)                                   2         0.00                0.00       0.74 f
  U5048/Y (XOR2_X3M_A6P5PP140ZTS_C35)                               0.03      0.03       0.77 f
  n10374 (net)                                  2         0.00                0.00       0.77 f
  U5530/Y (NAND2_X2M_A6P5PP140ZTS_C35)                              0.03      0.03       0.80 r
  n10400 (net)                                  2         0.00                0.00       0.80 r
  U4836/Y (OAI21_X6M_A6P5PP140ZTS_C35)                              0.03      0.02       0.82 f
  n10395 (net)                                  3         0.01                0.00       0.82 f
  U4925/Y (AOI21_X8M_A6P5PP140ZTS_C35)                              0.03      0.03       0.85 r
  n10419 (net)                                  6         0.01                0.00       0.85 r
  U4430/Y (XOR2_X4M_A6P5PP140ZTS_C35)                               0.03      0.03       0.88 r
  n18871 (net)                                  2         0.00                0.00       0.88 r
  U8531/Y (NOR3_X4TA_A6P5PP140ZTS_C35)                              0.02      0.02       0.90 f
  n20085 (net)                                  4         0.00                0.00       0.90 f
  U6048/Y (NAND2_X3M_A6P5PP140ZTS_C35)                              0.02      0.02       0.92 r
  n19354 (net)                                  1         0.00                0.00       0.92 r
  U18/Y (NAND2_X6A_A6P5PP140ZTS_C35)                                0.03      0.02       0.94 f
  n20079 (net)                                 23         0.01                0.00       0.94 f
  U22821/Y (OAI211_X0P5M_A6P5PP140ZTS_C35)                          0.03      0.03       0.97 r
  u_cluster/u_fp_acc/n322 (net)                 1         0.00                0.00       0.97 r
  u_cluster/u_fp_acc/acc_o_reg[2][14]/D (DFFRPQA_X2M_A6P5PP140ZTS_C35)
                                                                    0.03      0.00       0.97 r
  data arrival time                                                                      0.97

  clock clk (rise edge)                                                       0.90       0.90
  clock network delay (ideal)                                                 0.00       0.90
  clock uncertainty                                                          -0.05       0.85
  u_cluster/u_fp_acc/acc_o_reg[2][14]/CK (DFFRPQA_X2M_A6P5PP140ZTS_C35)       0.00       0.85 r
  library setup time                                                         -0.04       0.82
  data required time                                                                     0.82
  ----------------------------------------------------------------------------------------------
  data required time                                                                     0.82
  data arrival time                                                                     -0.97
  ----------------------------------------------------------------------------------------------
  slack (VIOLATED)                                                                      -0.15


  Startpoint: u_cluster/u_fp_acc/lane_sum_q_reg[2][19]
              (rising edge-triggered flip-flop clocked by clk)
  Endpoint: u_cluster/u_fp_acc/acc_o_reg[2][15]
            (rising edge-triggered flip-flop clocked by clk)
  Path Group: clk
  Path Type: max

  Des/Clust/Port     Wire Load Model       Library
  ------------------------------------------------
  fusion_mul16_fp8_only_pipe_top
                     Zero                  sc6p5mcpp140z_cln22ul_base_svt_c35_tt_typical_max_0p80v_25c

  Point                                       Fanout       Cap     Trans      Incr       Path
  ----------------------------------------------------------------------------------------------
  clock clk (rise edge)                                                       0.00       0.00
  clock network delay (ideal)                                                 0.00       0.00
  u_cluster/u_fp_acc/lane_sum_q_reg[2][19]/CK (DFFRPQA_X2M_A6P5PP140ZTS_C35)
                                                                    0.00      0.00       0.00 r
  u_cluster/u_fp_acc/lane_sum_q_reg[2][19]/Q (DFFRPQA_X2M_A6P5PP140ZTS_C35)
                                                                    0.01      0.05       0.05 r
  u_cluster/u_fp_acc/lane_sum_q[2][19] (net)
                                                2         0.00                0.00       0.05 r
  U2081/Y (BUFH_X1M_A6P5PP140ZTS_C35)                               0.03      0.03       0.08 r
  n2888 (net)                                   4         0.00                0.00       0.08 r
  U12568/Y (AOI22_X1M_A6P5PP140ZTS_C35)                             0.04      0.03       0.11 f
  n4793 (net)                                   1         0.00                0.00       0.11 f
  U5017/Y (AO21A1AI2_X3M_A6P5PP140ZTS_C35)                          0.02      0.03       0.14 r
  n4796 (net)                                   1         0.00                0.00       0.14 r
  U10047/Y (AO21A1AI2_X3M_A6P5PP140ZTS_C35)                         0.03      0.03       0.17 f
  n4804 (net)                                   1         0.00                0.00       0.17 f
  U12578/Y (NAND3_X4TA_A6P5PP140ZTS_C35)                            0.03      0.03       0.20 r
  n4828 (net)                                   3         0.00                0.00       0.20 r
  U1626/Y (BUFA_X6M_A6P5PP140ZTS_C35)                               0.02      0.03       0.23 r
  n10438 (net)                                 12         0.01                0.00       0.23 r
  U12604/Y (MXIT2_X1M_A6P5PP140ZTS_C35)                             0.04      0.04       0.27 r
  n9947 (net)                                   3         0.00                0.00       0.27 r
  U16303/Y (NOR2_X1A_A6P5PP140ZTS_C35)                              0.02      0.02       0.29 f
  n9948 (net)                                   1         0.00                0.00       0.29 f
  U1474/Y (NOR2_X1TA_A6P5PP140ZTS_C35)                              0.03      0.02       0.31 r
  n4034 (net)                                   2         0.00                0.00       0.31 r
  U1340/Y (MXIT2_X1M_A6P5PP140ZTS_C35)                              0.03      0.02       0.33 f
  n10016 (net)                                  2         0.00                0.00       0.33 f
  U10336/Y (AOI21_X0P5M_A6P5PP140ZTS_C35)                           0.02      0.03       0.36 r
  n9988 (net)                                   1         0.00                0.00       0.36 r
  U10825/Y (NOR2B_X2M_A6P5PP140ZTS_C35)                             0.02      0.03       0.39 r
  n3893 (net)                                   1         0.00                0.00       0.39 r
  U1090/Y (NAND3_X2M_A6P5PP140ZTS_C35)                              0.03      0.02       0.41 f
  n14873 (net)                                  4         0.00                0.00       0.41 f
  U9226/Y (AND2_X1M_A6P5PP140ZTS_C35)                               0.02      0.03       0.44 f
  n2985 (net)                                   2         0.00                0.00       0.44 f
  U5615/Y (NAND2_X2M_A6P5PP140ZTS_C35)                              0.02      0.01       0.46 r
  n2984 (net)                                   1         0.00                0.00       0.46 r
  U4874/Y (NOR2_X3A_A6P5PP140ZTS_C35)                               0.02      0.01       0.47 f
  n10275 (net)                                  2         0.00                0.00       0.47 f
  U3065/Y (AOI21_X3M_A6P5PP140ZTS_C35)                              0.03      0.03       0.50 r
  n10264 (net)                                  2         0.00                0.00       0.50 r
  U3501/Y (INV_X3M_A6P5PP140ZTS_C35)                                0.01      0.01       0.51 f
  n10299 (net)                                  4         0.00                0.00       0.51 f
  U782/Y (AOI21_X0P5M_A6P5PP140ZTS_C35)                             0.04      0.03       0.54 r
  n10287 (net)                                  1         0.00                0.00       0.54 r
  U11353/Y (XOR2_X2M_A6P5PP140ZTS_C35)                              0.05      0.05       0.58 r
  n19507 (net)                                  6         0.00                0.00       0.58 r
  U5006/Y (MXIT2_X2M_A6P5PP140ZTS_C35)                              0.02      0.02       0.60 f
  n10296 (net)                                  1         0.00                0.00       0.60 f
  U10340/Y (OA21B_X1M_A6P5PP140ZTS_C35)                             0.01      0.03       0.64 f
  n19356 (net)                                  2         0.00                0.00       0.64 f
  U5425/Y (NAND2XB_X1M_A6P5PP140ZTS_C35)                            0.02      0.02       0.65 r
  n984 (net)                                    1         0.00                0.00       0.65 r
  U4720/Y (NAND2_X3M_A6P5PP140ZTS_C35)                              0.02      0.02       0.67 f
  n742 (net)                                    1         0.00                0.00       0.67 f
  U4719/Y (NOR2_X6A_A6P5PP140ZTS_C35)                               0.03      0.02       0.69 r
  n10368 (net)                                  6         0.01                0.00       0.69 r
  U5146/Y (NOR2_X3A_A6P5PP140ZTS_C35)                               0.01      0.01       0.70 f
  n3784 (net)                                   1         0.00                0.00       0.70 f
  U5438/Y (NOR2_X2TA_A6P5PP140ZTS_C35)                              0.01      0.01       0.72 r
  n3782 (net)                                   1         0.00                0.00       0.72 r
  U5598/Y (OAI211_X3M_A6P5PP140ZTS_C35)                             0.03      0.02       0.74 f
  n3289 (net)                                   2         0.00                0.00       0.74 f
  U5048/Y (XOR2_X3M_A6P5PP140ZTS_C35)                               0.03      0.03       0.77 f
  n10374 (net)                                  2         0.00                0.00       0.77 f
  U5530/Y (NAND2_X2M_A6P5PP140ZTS_C35)                              0.03      0.03       0.80 r
  n10400 (net)                                  2         0.00                0.00       0.80 r
  U4836/Y (OAI21_X6M_A6P5PP140ZTS_C35)                              0.03      0.02       0.82 f
  n10395 (net)                                  3         0.01                0.00       0.82 f
  U4925/Y (AOI21_X8M_A6P5PP140ZTS_C35)                              0.03      0.03       0.85 r
  n10419 (net)                                  6         0.01                0.00       0.85 r
  U4430/Y (XOR2_X4M_A6P5PP140ZTS_C35)                               0.03      0.03       0.88 r
  n18871 (net)                                  2         0.00                0.00       0.88 r
  U8531/Y (NOR3_X4TA_A6P5PP140ZTS_C35)                              0.02      0.02       0.90 f
  n20085 (net)                                  4         0.00                0.00       0.90 f
  U6048/Y (NAND2_X3M_A6P5PP140ZTS_C35)                              0.02      0.02       0.92 r
  n19354 (net)                                  1         0.00                0.00       0.92 r
  U18/Y (NAND2_X6A_A6P5PP140ZTS_C35)                                0.03      0.02       0.94 f
  n20079 (net)                                 23         0.01                0.00       0.94 f
  U22811/Y (OAI211_X0P5M_A6P5PP140ZTS_C35)                          0.03      0.03       0.97 r
  u_cluster/u_fp_acc/n321 (net)                 1         0.00                0.00       0.97 r
  u_cluster/u_fp_acc/acc_o_reg[2][15]/D (DFFRPQA_X2M_A6P5PP140ZTS_C35)
                                                                    0.03      0.00       0.97 r
  data arrival time                                                                      0.97

  clock clk (rise edge)                                                       0.90       0.90
  clock network delay (ideal)                                                 0.00       0.90
  clock uncertainty                                                          -0.05       0.85
  u_cluster/u_fp_acc/acc_o_reg[2][15]/CK (DFFRPQA_X2M_A6P5PP140ZTS_C35)       0.00       0.85 r
  library setup time                                                         -0.04       0.82
  data required time                                                                     0.82
  ----------------------------------------------------------------------------------------------
  data required time                                                                     0.82
  data arrival time                                                                     -0.97
  ----------------------------------------------------------------------------------------------
  slack (VIOLATED)                                                                      -0.15


  Startpoint: u_cluster/u_fp_acc/lane_sum_q_reg[2][19]
              (rising edge-triggered flip-flop clocked by clk)
  Endpoint: u_cluster/u_fp_acc/acc_o_reg[2][20]
            (rising edge-triggered flip-flop clocked by clk)
  Path Group: clk
  Path Type: max

  Des/Clust/Port     Wire Load Model       Library
  ------------------------------------------------
  fusion_mul16_fp8_only_pipe_top
                     Zero                  sc6p5mcpp140z_cln22ul_base_svt_c35_tt_typical_max_0p80v_25c

  Point                                       Fanout       Cap     Trans      Incr       Path
  ----------------------------------------------------------------------------------------------
  clock clk (rise edge)                                                       0.00       0.00
  clock network delay (ideal)                                                 0.00       0.00
  u_cluster/u_fp_acc/lane_sum_q_reg[2][19]/CK (DFFRPQA_X2M_A6P5PP140ZTS_C35)
                                                                    0.00      0.00       0.00 r
  u_cluster/u_fp_acc/lane_sum_q_reg[2][19]/Q (DFFRPQA_X2M_A6P5PP140ZTS_C35)
                                                                    0.01      0.05       0.05 r
  u_cluster/u_fp_acc/lane_sum_q[2][19] (net)
                                                2         0.00                0.00       0.05 r
  U2081/Y (BUFH_X1M_A6P5PP140ZTS_C35)                               0.03      0.03       0.08 r
  n2888 (net)                                   4         0.00                0.00       0.08 r
  U12568/Y (AOI22_X1M_A6P5PP140ZTS_C35)                             0.04      0.03       0.11 f
  n4793 (net)                                   1         0.00                0.00       0.11 f
  U5017/Y (AO21A1AI2_X3M_A6P5PP140ZTS_C35)                          0.02      0.03       0.14 r
  n4796 (net)                                   1         0.00                0.00       0.14 r
  U10047/Y (AO21A1AI2_X3M_A6P5PP140ZTS_C35)                         0.03      0.03       0.17 f
  n4804 (net)                                   1         0.00                0.00       0.17 f
  U12578/Y (NAND3_X4TA_A6P5PP140ZTS_C35)                            0.03      0.03       0.20 r
  n4828 (net)                                   3         0.00                0.00       0.20 r
  U1626/Y (BUFA_X6M_A6P5PP140ZTS_C35)                               0.02      0.03       0.23 r
  n10438 (net)                                 12         0.01                0.00       0.23 r
  U12604/Y (MXIT2_X1M_A6P5PP140ZTS_C35)                             0.04      0.04       0.27 r
  n9947 (net)                                   3         0.00                0.00       0.27 r
  U16303/Y (NOR2_X1A_A6P5PP140ZTS_C35)                              0.02      0.02       0.29 f
  n9948 (net)                                   1         0.00                0.00       0.29 f
  U1474/Y (NOR2_X1TA_A6P5PP140ZTS_C35)                              0.03      0.02       0.31 r
  n4034 (net)                                   2         0.00                0.00       0.31 r
  U1340/Y (MXIT2_X1M_A6P5PP140ZTS_C35)                              0.03      0.02       0.33 f
  n10016 (net)                                  2         0.00                0.00       0.33 f
  U10336/Y (AOI21_X0P5M_A6P5PP140ZTS_C35)                           0.02      0.03       0.36 r
  n9988 (net)                                   1         0.00                0.00       0.36 r
  U10825/Y (NOR2B_X2M_A6P5PP140ZTS_C35)                             0.02      0.03       0.39 r
  n3893 (net)                                   1         0.00                0.00       0.39 r
  U1090/Y (NAND3_X2M_A6P5PP140ZTS_C35)                              0.03      0.02       0.41 f
  n14873 (net)                                  4         0.00                0.00       0.41 f
  U9226/Y (AND2_X1M_A6P5PP140ZTS_C35)                               0.02      0.03       0.44 f
  n2985 (net)                                   2         0.00                0.00       0.44 f
  U5615/Y (NAND2_X2M_A6P5PP140ZTS_C35)                              0.02      0.01       0.46 r
  n2984 (net)                                   1         0.00                0.00       0.46 r
  U4874/Y (NOR2_X3A_A6P5PP140ZTS_C35)                               0.02      0.01       0.47 f
  n10275 (net)                                  2         0.00                0.00       0.47 f
  U3065/Y (AOI21_X3M_A6P5PP140ZTS_C35)                              0.03      0.03       0.50 r
  n10264 (net)                                  2         0.00                0.00       0.50 r
  U3501/Y (INV_X3M_A6P5PP140ZTS_C35)                                0.01      0.01       0.51 f
  n10299 (net)                                  4         0.00                0.00       0.51 f
  U782/Y (AOI21_X0P5M_A6P5PP140ZTS_C35)                             0.04      0.03       0.54 r
  n10287 (net)                                  1         0.00                0.00       0.54 r
  U11353/Y (XOR2_X2M_A6P5PP140ZTS_C35)                              0.05      0.05       0.58 r
  n19507 (net)                                  6         0.00                0.00       0.58 r
  U5006/Y (MXIT2_X2M_A6P5PP140ZTS_C35)                              0.02      0.02       0.60 f
  n10296 (net)                                  1         0.00                0.00       0.60 f
  U10340/Y (OA21B_X1M_A6P5PP140ZTS_C35)                             0.01      0.03       0.64 f
  n19356 (net)                                  2         0.00                0.00       0.64 f
  U5425/Y (NAND2XB_X1M_A6P5PP140ZTS_C35)                            0.02      0.02       0.65 r
  n984 (net)                                    1         0.00                0.00       0.65 r
  U4720/Y (NAND2_X3M_A6P5PP140ZTS_C35)                              0.02      0.02       0.67 f
  n742 (net)                                    1         0.00                0.00       0.67 f
  U4719/Y (NOR2_X6A_A6P5PP140ZTS_C35)                               0.03      0.02       0.69 r
  n10368 (net)                                  6         0.01                0.00       0.69 r
  U5146/Y (NOR2_X3A_A6P5PP140ZTS_C35)                               0.01      0.01       0.70 f
  n3784 (net)                                   1         0.00                0.00       0.70 f
  U5438/Y (NOR2_X2TA_A6P5PP140ZTS_C35)                              0.01      0.01       0.72 r
  n3782 (net)                                   1         0.00                0.00       0.72 r
  U5598/Y (OAI211_X3M_A6P5PP140ZTS_C35)                             0.03      0.02       0.74 f
  n3289 (net)                                   2         0.00                0.00       0.74 f
  U5048/Y (XOR2_X3M_A6P5PP140ZTS_C35)                               0.03      0.03       0.77 f
  n10374 (net)                                  2         0.00                0.00       0.77 f
  U5530/Y (NAND2_X2M_A6P5PP140ZTS_C35)                              0.03      0.03       0.80 r
  n10400 (net)                                  2         0.00                0.00       0.80 r
  U4836/Y (OAI21_X6M_A6P5PP140ZTS_C35)                              0.03      0.02       0.82 f
  n10395 (net)                                  3         0.01                0.00       0.82 f
  U4925/Y (AOI21_X8M_A6P5PP140ZTS_C35)                              0.03      0.03       0.85 r
  n10419 (net)                                  6         0.01                0.00       0.85 r
  U4430/Y (XOR2_X4M_A6P5PP140ZTS_C35)                               0.03      0.03       0.88 r
  n18871 (net)                                  2         0.00                0.00       0.88 r
  U8531/Y (NOR3_X4TA_A6P5PP140ZTS_C35)                              0.02      0.02       0.90 f
  n20085 (net)                                  4         0.00                0.00       0.90 f
  U6048/Y (NAND2_X3M_A6P5PP140ZTS_C35)                              0.02      0.02       0.92 r
  n19354 (net)                                  1         0.00                0.00       0.92 r
  U18/Y (NAND2_X6A_A6P5PP140ZTS_C35)                                0.03      0.02       0.94 f
  n20079 (net)                                 23         0.01                0.00       0.94 f
  U2704/Y (OAI211_X0P5M_A6P5PP140ZTS_C35)                           0.03      0.03       0.97 r
  u_cluster/u_fp_acc/n316 (net)                 1         0.00                0.00       0.97 r
  u_cluster/u_fp_acc/acc_o_reg[2][20]/D (DFFRPQA_X2M_A6P5PP140ZTS_C35)
                                                                    0.03      0.00       0.97 r
  data arrival time                                                                      0.97

  clock clk (rise edge)                                                       0.90       0.90
  clock network delay (ideal)                                                 0.00       0.90
  clock uncertainty                                                          -0.05       0.85
  u_cluster/u_fp_acc/acc_o_reg[2][20]/CK (DFFRPQA_X2M_A6P5PP140ZTS_C35)       0.00       0.85 r
  library setup time                                                         -0.04       0.82
  data required time                                                                     0.82
  ----------------------------------------------------------------------------------------------
  data required time                                                                     0.82
  data arrival time                                                                     -0.97
  ----------------------------------------------------------------------------------------------
  slack (VIOLATED)                                                                      -0.15


  Startpoint: u_cluster/u_fp_acc/lane_sum_q_reg[2][19]
              (rising edge-triggered flip-flop clocked by clk)
  Endpoint: u_cluster/u_fp_acc/acc_o_reg[2][14]
            (rising edge-triggered flip-flop clocked by clk)
  Path Group: clk
  Path Type: max

  Des/Clust/Port     Wire Load Model       Library
  ------------------------------------------------
  fusion_mul16_fp8_only_pipe_top
                     Zero                  sc6p5mcpp140z_cln22ul_base_svt_c35_tt_typical_max_0p80v_25c

  Point                                       Fanout       Cap     Trans      Incr       Path
  ----------------------------------------------------------------------------------------------
  clock clk (rise edge)                                                       0.00       0.00
  clock network delay (ideal)                                                 0.00       0.00
  u_cluster/u_fp_acc/lane_sum_q_reg[2][19]/CK (DFFRPQA_X2M_A6P5PP140ZTS_C35)
                                                                    0.00      0.00       0.00 r
  u_cluster/u_fp_acc/lane_sum_q_reg[2][19]/Q (DFFRPQA_X2M_A6P5PP140ZTS_C35)
                                                                    0.01      0.05       0.05 r
  u_cluster/u_fp_acc/lane_sum_q[2][19] (net)
                                                2         0.00                0.00       0.05 r
  U2081/Y (BUFH_X1M_A6P5PP140ZTS_C35)                               0.03      0.03       0.08 r
  n2888 (net)                                   4         0.00                0.00       0.08 r
  U12568/Y (AOI22_X1M_A6P5PP140ZTS_C35)                             0.04      0.03       0.11 f
  n4793 (net)                                   1         0.00                0.00       0.11 f
  U5017/Y (AO21A1AI2_X3M_A6P5PP140ZTS_C35)                          0.02      0.03       0.14 r
  n4796 (net)                                   1         0.00                0.00       0.14 r
  U10047/Y (AO21A1AI2_X3M_A6P5PP140ZTS_C35)                         0.03      0.03       0.17 f
  n4804 (net)                                   1         0.00                0.00       0.17 f
  U12578/Y (NAND3_X4TA_A6P5PP140ZTS_C35)                            0.03      0.03       0.20 r
  n4828 (net)                                   3         0.00                0.00       0.20 r
  U1626/Y (BUFA_X6M_A6P5PP140ZTS_C35)                               0.02      0.03       0.23 r
  n10438 (net)                                 12         0.01                0.00       0.23 r
  U12604/Y (MXIT2_X1M_A6P5PP140ZTS_C35)                             0.04      0.04       0.27 r
  n9947 (net)                                   3         0.00                0.00       0.27 r
  U16303/Y (NOR2_X1A_A6P5PP140ZTS_C35)                              0.02      0.02       0.29 f
  n9948 (net)                                   1         0.00                0.00       0.29 f
  U1474/Y (NOR2_X1TA_A6P5PP140ZTS_C35)                              0.03      0.02       0.31 r
  n4034 (net)                                   2         0.00                0.00       0.31 r
  U1340/Y (MXIT2_X1M_A6P5PP140ZTS_C35)                              0.03      0.02       0.33 f
  n10016 (net)                                  2         0.00                0.00       0.33 f
  U10336/Y (AOI21_X0P5M_A6P5PP140ZTS_C35)                           0.02      0.03       0.36 r
  n9988 (net)                                   1         0.00                0.00       0.36 r
  U10825/Y (NOR2B_X2M_A6P5PP140ZTS_C35)                             0.02      0.03       0.39 r
  n3893 (net)                                   1         0.00                0.00       0.39 r
  U1090/Y (NAND3_X2M_A6P5PP140ZTS_C35)                              0.03      0.02       0.41 f
  n14873 (net)                                  4         0.00                0.00       0.41 f
  U9226/Y (AND2_X1M_A6P5PP140ZTS_C35)                               0.02      0.03       0.44 f
  n2985 (net)                                   2         0.00                0.00       0.44 f
  U5615/Y (NAND2_X2M_A6P5PP140ZTS_C35)                              0.02      0.01       0.46 r
  n2984 (net)                                   1         0.00                0.00       0.46 r
  U4874/Y (NOR2_X3A_A6P5PP140ZTS_C35)                               0.02      0.01       0.47 f
  n10275 (net)                                  2         0.00                0.00       0.47 f
  U3065/Y (AOI21_X3M_A6P5PP140ZTS_C35)                              0.03      0.03       0.50 r
  n10264 (net)                                  2         0.00                0.00       0.50 r
  U3501/Y (INV_X3M_A6P5PP140ZTS_C35)                                0.01      0.01       0.51 f
  n10299 (net)                                  4         0.00                0.00       0.51 f
  U782/Y (AOI21_X0P5M_A6P5PP140ZTS_C35)                             0.04      0.03       0.54 r
  n10287 (net)                                  1         0.00                0.00       0.54 r
  U11353/Y (XOR2_X2M_A6P5PP140ZTS_C35)                              0.05      0.05       0.58 r
  n19507 (net)                                  6         0.00                0.00       0.58 r
  U5006/Y (MXIT2_X2M_A6P5PP140ZTS_C35)                              0.02      0.02       0.60 f
  n10296 (net)                                  1         0.00                0.00       0.60 f
  U10340/Y (OA21B_X1M_A6P5PP140ZTS_C35)                             0.01      0.03       0.64 f
  n19356 (net)                                  2         0.00                0.00       0.64 f
  U5425/Y (NAND2XB_X1M_A6P5PP140ZTS_C35)                            0.02      0.02       0.65 r
  n984 (net)                                    1         0.00                0.00       0.65 r
  U4720/Y (NAND2_X3M_A6P5PP140ZTS_C35)                              0.02      0.02       0.67 f
  n742 (net)                                    1         0.00                0.00       0.67 f
  U4719/Y (NOR2_X6A_A6P5PP140ZTS_C35)                               0.03      0.02       0.69 r
  n10368 (net)                                  6         0.01                0.00       0.69 r
  U5146/Y (NOR2_X3A_A6P5PP140ZTS_C35)                               0.01      0.01       0.70 f
  n3784 (net)                                   1         0.00                0.00       0.70 f
  U5438/Y (NOR2_X2TA_A6P5PP140ZTS_C35)                              0.01      0.01       0.72 r
  n3782 (net)                                   1         0.00                0.00       0.72 r
  U5598/Y (OAI211_X3M_A6P5PP140ZTS_C35)                             0.03      0.02       0.74 f
  n3289 (net)                                   2         0.00                0.00       0.74 f
  U5048/Y (XOR2_X3M_A6P5PP140ZTS_C35)                               0.03      0.03       0.77 f
  n10374 (net)                                  2         0.00                0.00       0.77 f
  U6040/Y (NOR2_X3A_A6P5PP140ZTS_C35)                               0.03      0.03       0.80 r
  n3911 (net)                                   2         0.00                0.00       0.80 r
  U4836/Y (OAI21_X6M_A6P5PP140ZTS_C35)                              0.03      0.02       0.82 f
  n10395 (net)                                  3         0.01                0.00       0.82 f
  U4925/Y (AOI21_X8M_A6P5PP140ZTS_C35)                              0.03      0.03       0.85 r
  n10419 (net)                                  6         0.01                0.00       0.85 r
  U4430/Y (XOR2_X4M_A6P5PP140ZTS_C35)                               0.03      0.03       0.88 r
  n18871 (net)                                  2         0.00                0.00       0.88 r
  U8531/Y (NOR3_X4TA_A6P5PP140ZTS_C35)                              0.02      0.02       0.90 f
  n20085 (net)                                  4         0.00                0.00       0.90 f
  U6048/Y (NAND2_X3M_A6P5PP140ZTS_C35)                              0.02      0.02       0.92 r
  n19354 (net)                                  1         0.00                0.00       0.92 r
  U18/Y (NAND2_X6A_A6P5PP140ZTS_C35)                                0.03      0.02       0.94 f
  n20079 (net)                                 23         0.01                0.00       0.94 f
  U22821/Y (OAI211_X0P5M_A6P5PP140ZTS_C35)                          0.03      0.03       0.97 r
  u_cluster/u_fp_acc/n322 (net)                 1         0.00                0.00       0.97 r
  u_cluster/u_fp_acc/acc_o_reg[2][14]/D (DFFRPQA_X2M_A6P5PP140ZTS_C35)
                                                                    0.03      0.00       0.97 r
  data arrival time                                                                      0.97

  clock clk (rise edge)                                                       0.90       0.90
  clock network delay (ideal)                                                 0.00       0.90
  clock uncertainty                                                          -0.05       0.85
  u_cluster/u_fp_acc/acc_o_reg[2][14]/CK (DFFRPQA_X2M_A6P5PP140ZTS_C35)       0.00       0.85 r
  library setup time                                                         -0.04       0.82
  data required time                                                                     0.82
  ----------------------------------------------------------------------------------------------
  data required time                                                                     0.82
  data arrival time                                                                     -0.97
  ----------------------------------------------------------------------------------------------
  slack (VIOLATED)                                                                      -0.15


  Startpoint: u_cluster/u_fp_acc/lane_sum_q_reg[2][19]
              (rising edge-triggered flip-flop clocked by clk)
  Endpoint: u_cluster/u_fp_acc/acc_o_reg[2][15]
            (rising edge-triggered flip-flop clocked by clk)
  Path Group: clk
  Path Type: max

  Des/Clust/Port     Wire Load Model       Library
  ------------------------------------------------
  fusion_mul16_fp8_only_pipe_top
                     Zero                  sc6p5mcpp140z_cln22ul_base_svt_c35_tt_typical_max_0p80v_25c

  Point                                       Fanout       Cap     Trans      Incr       Path
  ----------------------------------------------------------------------------------------------
  clock clk (rise edge)                                                       0.00       0.00
  clock network delay (ideal)                                                 0.00       0.00
  u_cluster/u_fp_acc/lane_sum_q_reg[2][19]/CK (DFFRPQA_X2M_A6P5PP140ZTS_C35)
                                                                    0.00      0.00       0.00 r
  u_cluster/u_fp_acc/lane_sum_q_reg[2][19]/Q (DFFRPQA_X2M_A6P5PP140ZTS_C35)
                                                                    0.01      0.05       0.05 r
  u_cluster/u_fp_acc/lane_sum_q[2][19] (net)
                                                2         0.00                0.00       0.05 r
  U2081/Y (BUFH_X1M_A6P5PP140ZTS_C35)                               0.03      0.03       0.08 r
  n2888 (net)                                   4         0.00                0.00       0.08 r
  U12568/Y (AOI22_X1M_A6P5PP140ZTS_C35)                             0.04      0.03       0.11 f
  n4793 (net)                                   1         0.00                0.00       0.11 f
  U5017/Y (AO21A1AI2_X3M_A6P5PP140ZTS_C35)                          0.02      0.03       0.14 r
  n4796 (net)                                   1         0.00                0.00       0.14 r
  U10047/Y (AO21A1AI2_X3M_A6P5PP140ZTS_C35)                         0.03      0.03       0.17 f
  n4804 (net)                                   1         0.00                0.00       0.17 f
  U12578/Y (NAND3_X4TA_A6P5PP140ZTS_C35)                            0.03      0.03       0.20 r
  n4828 (net)                                   3         0.00                0.00       0.20 r
  U1626/Y (BUFA_X6M_A6P5PP140ZTS_C35)                               0.02      0.03       0.23 r
  n10438 (net)                                 12         0.01                0.00       0.23 r
  U12604/Y (MXIT2_X1M_A6P5PP140ZTS_C35)                             0.04      0.04       0.27 r
  n9947 (net)                                   3         0.00                0.00       0.27 r
  U16303/Y (NOR2_X1A_A6P5PP140ZTS_C35)                              0.02      0.02       0.29 f
  n9948 (net)                                   1         0.00                0.00       0.29 f
  U1474/Y (NOR2_X1TA_A6P5PP140ZTS_C35)                              0.03      0.02       0.31 r
  n4034 (net)                                   2         0.00                0.00       0.31 r
  U1340/Y (MXIT2_X1M_A6P5PP140ZTS_C35)                              0.03      0.02       0.33 f
  n10016 (net)                                  2         0.00                0.00       0.33 f
  U10336/Y (AOI21_X0P5M_A6P5PP140ZTS_C35)                           0.02      0.03       0.36 r
  n9988 (net)                                   1         0.00                0.00       0.36 r
  U10825/Y (NOR2B_X2M_A6P5PP140ZTS_C35)                             0.02      0.03       0.39 r
  n3893 (net)                                   1         0.00                0.00       0.39 r
  U1090/Y (NAND3_X2M_A6P5PP140ZTS_C35)                              0.03      0.02       0.41 f
  n14873 (net)                                  4         0.00                0.00       0.41 f
  U9226/Y (AND2_X1M_A6P5PP140ZTS_C35)                               0.02      0.03       0.44 f
  n2985 (net)                                   2         0.00                0.00       0.44 f
  U5615/Y (NAND2_X2M_A6P5PP140ZTS_C35)                              0.02      0.01       0.46 r
  n2984 (net)                                   1         0.00                0.00       0.46 r
  U4874/Y (NOR2_X3A_A6P5PP140ZTS_C35)                               0.02      0.01       0.47 f
  n10275 (net)                                  2         0.00                0.00       0.47 f
  U3065/Y (AOI21_X3M_A6P5PP140ZTS_C35)                              0.03      0.03       0.50 r
  n10264 (net)                                  2         0.00                0.00       0.50 r
  U3501/Y (INV_X3M_A6P5PP140ZTS_C35)                                0.01      0.01       0.51 f
  n10299 (net)                                  4         0.00                0.00       0.51 f
  U782/Y (AOI21_X0P5M_A6P5PP140ZTS_C35)                             0.04      0.03       0.54 r
  n10287 (net)                                  1         0.00                0.00       0.54 r
  U11353/Y (XOR2_X2M_A6P5PP140ZTS_C35)                              0.05      0.05       0.58 r
  n19507 (net)                                  6         0.00                0.00       0.58 r
  U5006/Y (MXIT2_X2M_A6P5PP140ZTS_C35)                              0.02      0.02       0.60 f
  n10296 (net)                                  1         0.00                0.00       0.60 f
  U10340/Y (OA21B_X1M_A6P5PP140ZTS_C35)                             0.01      0.03       0.64 f
  n19356 (net)                                  2         0.00                0.00       0.64 f
  U5425/Y (NAND2XB_X1M_A6P5PP140ZTS_C35)                            0.02      0.02       0.65 r
  n984 (net)                                    1         0.00                0.00       0.65 r
  U4720/Y (NAND2_X3M_A6P5PP140ZTS_C35)                              0.02      0.02       0.67 f
  n742 (net)                                    1         0.00                0.00       0.67 f
  U4719/Y (NOR2_X6A_A6P5PP140ZTS_C35)                               0.03      0.02       0.69 r
  n10368 (net)                                  6         0.01                0.00       0.69 r
  U5146/Y (NOR2_X3A_A6P5PP140ZTS_C35)                               0.01      0.01       0.70 f
  n3784 (net)                                   1         0.00                0.00       0.70 f
  U5438/Y (NOR2_X2TA_A6P5PP140ZTS_C35)                              0.01      0.01       0.72 r
  n3782 (net)                                   1         0.00                0.00       0.72 r
  U5598/Y (OAI211_X3M_A6P5PP140ZTS_C35)                             0.03      0.02       0.74 f
  n3289 (net)                                   2         0.00                0.00       0.74 f
  U5048/Y (XOR2_X3M_A6P5PP140ZTS_C35)                               0.03      0.03       0.77 f
  n10374 (net)                                  2         0.00                0.00       0.77 f
  U6040/Y (NOR2_X3A_A6P5PP140ZTS_C35)                               0.03      0.03       0.80 r
  n3911 (net)                                   2         0.00                0.00       0.80 r
  U4836/Y (OAI21_X6M_A6P5PP140ZTS_C35)                              0.03      0.02       0.82 f
  n10395 (net)                                  3         0.01                0.00       0.82 f
  U4925/Y (AOI21_X8M_A6P5PP140ZTS_C35)                              0.03      0.03       0.85 r
  n10419 (net)                                  6         0.01                0.00       0.85 r
  U4430/Y (XOR2_X4M_A6P5PP140ZTS_C35)                               0.03      0.03       0.88 r
  n18871 (net)                                  2         0.00                0.00       0.88 r
  U8531/Y (NOR3_X4TA_A6P5PP140ZTS_C35)                              0.02      0.02       0.90 f
  n20085 (net)                                  4         0.00                0.00       0.90 f
  U6048/Y (NAND2_X3M_A6P5PP140ZTS_C35)                              0.02      0.02       0.92 r
  n19354 (net)                                  1         0.00                0.00       0.92 r
  U18/Y (NAND2_X6A_A6P5PP140ZTS_C35)                                0.03      0.02       0.94 f
  n20079 (net)                                 23         0.01                0.00       0.94 f
  U22811/Y (OAI211_X0P5M_A6P5PP140ZTS_C35)                          0.03      0.03       0.97 r
  u_cluster/u_fp_acc/n321 (net)                 1         0.00                0.00       0.97 r
  u_cluster/u_fp_acc/acc_o_reg[2][15]/D (DFFRPQA_X2M_A6P5PP140ZTS_C35)
                                                                    0.03      0.00       0.97 r
  data arrival time                                                                      0.97

  clock clk (rise edge)                                                       0.90       0.90
  clock network delay (ideal)                                                 0.00       0.90
  clock uncertainty                                                          -0.05       0.85
  u_cluster/u_fp_acc/acc_o_reg[2][15]/CK (DFFRPQA_X2M_A6P5PP140ZTS_C35)       0.00       0.85 r
  library setup time                                                         -0.04       0.82
  data required time                                                                     0.82
  ----------------------------------------------------------------------------------------------
  data required time                                                                     0.82
  data arrival time                                                                     -0.97
  ----------------------------------------------------------------------------------------------
  slack (VIOLATED)                                                                      -0.15


  Startpoint: u_cluster/u_fp_acc/lane_sum_q_reg[2][19]
              (rising edge-triggered flip-flop clocked by clk)
  Endpoint: u_cluster/u_fp_acc/acc_o_reg[2][20]
            (rising edge-triggered flip-flop clocked by clk)
  Path Group: clk
  Path Type: max

  Des/Clust/Port     Wire Load Model       Library
  ------------------------------------------------
  fusion_mul16_fp8_only_pipe_top
                     Zero                  sc6p5mcpp140z_cln22ul_base_svt_c35_tt_typical_max_0p80v_25c

  Point                                       Fanout       Cap     Trans      Incr       Path
  ----------------------------------------------------------------------------------------------
  clock clk (rise edge)                                                       0.00       0.00
  clock network delay (ideal)                                                 0.00       0.00
  u_cluster/u_fp_acc/lane_sum_q_reg[2][19]/CK (DFFRPQA_X2M_A6P5PP140ZTS_C35)
                                                                    0.00      0.00       0.00 r
  u_cluster/u_fp_acc/lane_sum_q_reg[2][19]/Q (DFFRPQA_X2M_A6P5PP140ZTS_C35)
                                                                    0.01      0.05       0.05 r
  u_cluster/u_fp_acc/lane_sum_q[2][19] (net)
                                                2         0.00                0.00       0.05 r
  U2081/Y (BUFH_X1M_A6P5PP140ZTS_C35)                               0.03      0.03       0.08 r
  n2888 (net)                                   4         0.00                0.00       0.08 r
  U12568/Y (AOI22_X1M_A6P5PP140ZTS_C35)                             0.04      0.03       0.11 f
  n4793 (net)                                   1         0.00                0.00       0.11 f
  U5017/Y (AO21A1AI2_X3M_A6P5PP140ZTS_C35)                          0.02      0.03       0.14 r
  n4796 (net)                                   1         0.00                0.00       0.14 r
  U10047/Y (AO21A1AI2_X3M_A6P5PP140ZTS_C35)                         0.03      0.03       0.17 f
  n4804 (net)                                   1         0.00                0.00       0.17 f
  U12578/Y (NAND3_X4TA_A6P5PP140ZTS_C35)                            0.03      0.03       0.20 r
  n4828 (net)                                   3         0.00                0.00       0.20 r
  U1626/Y (BUFA_X6M_A6P5PP140ZTS_C35)                               0.02      0.03       0.23 r
  n10438 (net)                                 12         0.01                0.00       0.23 r
  U12604/Y (MXIT2_X1M_A6P5PP140ZTS_C35)                             0.04      0.04       0.27 r
  n9947 (net)                                   3         0.00                0.00       0.27 r
  U16303/Y (NOR2_X1A_A6P5PP140ZTS_C35)                              0.02      0.02       0.29 f
  n9948 (net)                                   1         0.00                0.00       0.29 f
  U1474/Y (NOR2_X1TA_A6P5PP140ZTS_C35)                              0.03      0.02       0.31 r
  n4034 (net)                                   2         0.00                0.00       0.31 r
  U1340/Y (MXIT2_X1M_A6P5PP140ZTS_C35)                              0.03      0.02       0.33 f
  n10016 (net)                                  2         0.00                0.00       0.33 f
  U10336/Y (AOI21_X0P5M_A6P5PP140ZTS_C35)                           0.02      0.03       0.36 r
  n9988 (net)                                   1         0.00                0.00       0.36 r
  U10825/Y (NOR2B_X2M_A6P5PP140ZTS_C35)                             0.02      0.03       0.39 r
  n3893 (net)                                   1         0.00                0.00       0.39 r
  U1090/Y (NAND3_X2M_A6P5PP140ZTS_C35)                              0.03      0.02       0.41 f
  n14873 (net)                                  4         0.00                0.00       0.41 f
  U9226/Y (AND2_X1M_A6P5PP140ZTS_C35)                               0.02      0.03       0.44 f
  n2985 (net)                                   2         0.00                0.00       0.44 f
  U5615/Y (NAND2_X2M_A6P5PP140ZTS_C35)                              0.02      0.01       0.46 r
  n2984 (net)                                   1         0.00                0.00       0.46 r
  U4874/Y (NOR2_X3A_A6P5PP140ZTS_C35)                               0.02      0.01       0.47 f
  n10275 (net)                                  2         0.00                0.00       0.47 f
  U3065/Y (AOI21_X3M_A6P5PP140ZTS_C35)                              0.03      0.03       0.50 r
  n10264 (net)                                  2         0.00                0.00       0.50 r
  U3501/Y (INV_X3M_A6P5PP140ZTS_C35)                                0.01      0.01       0.51 f
  n10299 (net)                                  4         0.00                0.00       0.51 f
  U782/Y (AOI21_X0P5M_A6P5PP140ZTS_C35)                             0.04      0.03       0.54 r
  n10287 (net)                                  1         0.00                0.00       0.54 r
  U11353/Y (XOR2_X2M_A6P5PP140ZTS_C35)                              0.05      0.05       0.58 r
  n19507 (net)                                  6         0.00                0.00       0.58 r
  U5006/Y (MXIT2_X2M_A6P5PP140ZTS_C35)                              0.02      0.02       0.60 f
  n10296 (net)                                  1         0.00                0.00       0.60 f
  U10340/Y (OA21B_X1M_A6P5PP140ZTS_C35)                             0.01      0.03       0.64 f
  n19356 (net)                                  2         0.00                0.00       0.64 f
  U5425/Y (NAND2XB_X1M_A6P5PP140ZTS_C35)                            0.02      0.02       0.65 r
  n984 (net)                                    1         0.00                0.00       0.65 r
  U4720/Y (NAND2_X3M_A6P5PP140ZTS_C35)                              0.02      0.02       0.67 f
  n742 (net)                                    1         0.00                0.00       0.67 f
  U4719/Y (NOR2_X6A_A6P5PP140ZTS_C35)                               0.03      0.02       0.69 r
  n10368 (net)                                  6         0.01                0.00       0.69 r
  U5146/Y (NOR2_X3A_A6P5PP140ZTS_C35)                               0.01      0.01       0.70 f
  n3784 (net)                                   1         0.00                0.00       0.70 f
  U5438/Y (NOR2_X2TA_A6P5PP140ZTS_C35)                              0.01      0.01       0.72 r
  n3782 (net)                                   1         0.00                0.00       0.72 r
  U5598/Y (OAI211_X3M_A6P5PP140ZTS_C35)                             0.03      0.02       0.74 f
  n3289 (net)                                   2         0.00                0.00       0.74 f
  U5048/Y (XOR2_X3M_A6P5PP140ZTS_C35)                               0.03      0.03       0.77 f
  n10374 (net)                                  2         0.00                0.00       0.77 f
  U6040/Y (NOR2_X3A_A6P5PP140ZTS_C35)                               0.03      0.03       0.80 r
  n3911 (net)                                   2         0.00                0.00       0.80 r
  U4836/Y (OAI21_X6M_A6P5PP140ZTS_C35)                              0.03      0.02       0.82 f
  n10395 (net)                                  3         0.01                0.00       0.82 f
  U4925/Y (AOI21_X8M_A6P5PP140ZTS_C35)                              0.03      0.03       0.85 r
  n10419 (net)                                  6         0.01                0.00       0.85 r
  U4430/Y (XOR2_X4M_A6P5PP140ZTS_C35)                               0.03      0.03       0.88 r
  n18871 (net)                                  2         0.00                0.00       0.88 r
  U8531/Y (NOR3_X4TA_A6P5PP140ZTS_C35)                              0.02      0.02       0.90 f
  n20085 (net)                                  4         0.00                0.00       0.90 f
  U6048/Y (NAND2_X3M_A6P5PP140ZTS_C35)                              0.02      0.02       0.92 r
  n19354 (net)                                  1         0.00                0.00       0.92 r
  U18/Y (NAND2_X6A_A6P5PP140ZTS_C35)                                0.03      0.02       0.94 f
  n20079 (net)                                 23         0.01                0.00       0.94 f
  U2704/Y (OAI211_X0P5M_A6P5PP140ZTS_C35)                           0.03      0.03       0.97 r
  u_cluster/u_fp_acc/n316 (net)                 1         0.00                0.00       0.97 r
  u_cluster/u_fp_acc/acc_o_reg[2][20]/D (DFFRPQA_X2M_A6P5PP140ZTS_C35)
                                                                    0.03      0.00       0.97 r
  data arrival time                                                                      0.97

  clock clk (rise edge)                                                       0.90       0.90
  clock network delay (ideal)                                                 0.00       0.90
  clock uncertainty                                                          -0.05       0.85
  u_cluster/u_fp_acc/acc_o_reg[2][20]/CK (DFFRPQA_X2M_A6P5PP140ZTS_C35)       0.00       0.85 r
  library setup time                                                         -0.04       0.82
  data required time                                                                     0.82
  ----------------------------------------------------------------------------------------------
  data required time                                                                     0.82
  data arrival time                                                                     -0.97
  ----------------------------------------------------------------------------------------------
  slack (VIOLATED)                                                                      -0.15


  Startpoint: u_cluster/u_fp_acc/pair23_q_reg[2][30]
              (rising edge-triggered flip-flop clocked by clk)
  Endpoint: u_cluster/u_fp_acc/lane_sum_q_reg[2][20]
            (rising edge-triggered flip-flop clocked by clk)
  Path Group: clk
  Path Type: max

  Des/Clust/Port     Wire Load Model       Library
  ------------------------------------------------
  fusion_mul16_fp8_only_pipe_top
                     Zero                  sc6p5mcpp140z_cln22ul_base_svt_c35_tt_typical_max_0p80v_25c

  Point                                       Fanout       Cap     Trans      Incr       Path
  ----------------------------------------------------------------------------------------------
  clock clk (rise edge)                                                       0.00       0.00
  clock network delay (ideal)                                                 0.00       0.00
  u_cluster/u_fp_acc/pair23_q_reg[2][30]/CK (DFFRPQA_X2M_A6P5PP140ZTS_C35)
                                                                    0.00      0.00       0.00 r
  u_cluster/u_fp_acc/pair23_q_reg[2][30]/Q (DFFRPQA_X2M_A6P5PP140ZTS_C35)
                                                                    0.02      0.06       0.06 r
  u_cluster/u_fp_acc/pair23_q[2][30] (net)      6         0.00                0.00       0.06 r
  U10705/Y (INV_X2M_A6P5PP140ZTS_C35)                               0.01      0.01       0.07 f
  n3770 (net)                                   2         0.00                0.00       0.07 f
  U2346/Y (NAND2_X1A_A6P5PP140ZTS_C35)                              0.02      0.01       0.08 r
  n1281 (net)                                   1         0.00                0.00       0.08 r
  U6118/Y (NAND2_X3M_A6P5PP140ZTS_C35)                              0.01      0.01       0.09 f
  n4554 (net)                                   2         0.00                0.00       0.09 f
  U2261/Y (NOR2_X2A_A6P5PP140ZTS_C35)                               0.02      0.02       0.11 r
  n4565 (net)                                   2         0.00                0.00       0.11 r
  U12355/Y (NAND3_X1TA_A6P5PP140ZTS_C35)                            0.03      0.02       0.13 f
  n4560 (net)                                   2         0.00                0.00       0.13 f
  U10706/Y (NOR2_X1P4TA_A6P5PP140ZTS_C35)                           0.02      0.02       0.15 r
  n4536 (net)                                   1         0.00                0.00       0.15 r
  U11120/Y (AO21A1AI2_X3M_A6P5PP140ZTS_C35)                         0.03      0.02       0.18 f
  n4572 (net)                                   1         0.00                0.00       0.18 f
  U8826/Y (NAND2_X6M_A6P5PP140ZTS_C35)                              0.02      0.02       0.20 r
  n4588 (net)                                   3         0.01                0.00       0.20 r
  U6910/Y (BUF_X16M_A6P5PP140ZTS_C35)                               0.02      0.03       0.22 r
  n18710 (net)                                 16         0.02                0.00       0.22 r
  U1859/Y (OAI21_X1M_A6P5PP140ZTS_C35)                              0.04      0.03       0.25 f
  n4688 (net)                                   2         0.00                0.00       0.25 f
  U2899/Y (NAND3_X4A_A6P5PP140ZTS_C35)                              0.02      0.02       0.28 r
  n18921 (net)                                  4         0.00                0.00       0.28 r
  U2900/Y (INV_X5M_A6P5PP140ZTS_C35)                                0.01      0.01       0.29 f
  n3377 (net)                                   1         0.00                0.00       0.29 f
  U5564/Y (NOR2_X8A_A6P5PP140ZTS_C35)                               0.03      0.02       0.31 r
  n11724 (net)                                 10         0.01                0.00       0.31 r
  U5971/Y (NAND2_X8M_A6P5PP140ZTS_C35)                              0.03      0.02       0.33 f
  n11764 (net)                                 11         0.01                0.00       0.33 f
  U1500/Y (INV_X4M_A6P5PP140ZTS_C35)                                0.01      0.02       0.35 r
  n14777 (net)                                  5         0.00                0.00       0.35 r
  U4318/Y (NAND4_X3M_A6P5PP140ZTS_C35)                              0.04      0.02       0.37 f
  n18634 (net)                                  3         0.00                0.00       0.37 f
  U1463/Y (NOR2_X1A_A6P5PP140ZTS_C35)                               0.03      0.03       0.40 r
  n18632 (net)                                  2         0.00                0.00       0.40 r
  U21988/Y (INV_X1M_A6P5PP140ZTS_C35)                               0.01      0.01       0.41 f
  n18636 (net)                                  1         0.00                0.00       0.41 f
  U21990/Y (AOI22_X1M_A6P5PP140ZTS_C35)                             0.04      0.03       0.44 r
  u_cluster/u_fp_acc/G_FP_LANE[2].u_lane_sum/U1/fr[15] (net)
                                                2         0.00                0.00       0.44 r
  u_cluster/u_fp_acc/G_FP_LANE[2].u_lane_sum/U1/U2/U1/UEN0_0_1_4/Y (AOI21_X0P5M_A6P5PP140ZTS_C35)
                                                                    0.02      0.01       0.45 f
  u_cluster/u_fp_acc/G_FP_LANE[2].u_lane_sum/U1/U2/U1/enc_tree[0][1][18] (net)
                                                1         0.00                0.00       0.45 f
  U3361/Y (INV_X1M_A6P5PP140ZTS_C35)                                0.01      0.02       0.47 r
  n322 (net)                                    1         0.00                0.00       0.47 r
  U3360/Y (NAND2_X2M_A6P5PP140ZTS_C35)                              0.01      0.01       0.48 f
  n321 (net)                                    1         0.00                0.00       0.48 f
  U1050/Y (NAND2_X1P4TA_A6P5PP140ZTS_C35)                           0.02      0.01       0.49 r
  u_cluster/u_fp_acc/G_FP_LANE[2].u_lane_sum/U1/U2/U1/enc_tree[0][2][20] (net)
                                                1         0.00                0.00       0.49 r
  U9577/Y (AOI21_X3M_A6P5PP140ZTS_C35)                              0.02      0.01       0.51 f
  n3127 (net)                                   1         0.00                0.00       0.51 f
  U956/Y (NAND2_X3M_A6P5PP140ZTS_C35)                               0.02      0.02       0.53 r
  n18713 (net)                                  2         0.00                0.00       0.53 r
  U6137/Y (INV_X7M_A6P5PP140ZTS_C35)                                0.02      0.01       0.54 f
  n3741 (net)                                   6         0.01                0.00       0.54 f
  U4951/Y (AND2_X6M_A6P5PP140ZTS_C35)                               0.01      0.02       0.57 f
  n18991 (net)                                 12         0.01                0.00       0.57 f
  U802/Y (AOI22_X1M_A6P5PP140ZTS_C35)                               0.04      0.04       0.60 r
  n475 (net)                                    2         0.00                0.00       0.60 r
  U3402/Y (NAND2_X2M_A6P5PP140ZTS_C35)                              0.02      0.02       0.63 f
  n341 (net)                                    1         0.00                0.00       0.63 f
  U3399/Y (OAI22_X3M_A6P5PP140ZTS_C35)                              0.03      0.02       0.65 r
  n19063 (net)                                  3         0.00                0.00       0.65 r
  U3396/Y (AOI21_X3M_A6P5PP140ZTS_C35)                              0.02      0.02       0.67 f
  n650 (net)                                    1         0.00                0.00       0.67 f
  U3335/Y (NAND2_X6M_A6P5PP140ZTS_C35)                              0.02      0.02       0.69 r
  n18971 (net)                                  5         0.01                0.00       0.69 r
  U3334/Y (NAND2_X6M_A6P5PP140ZTS_C35)                              0.02      0.02       0.71 f
  n18704 (net)                                  4         0.01                0.00       0.71 f
  U9786/Y (XNOR2_X4M_A6P5PP140ZTS_C35)                              0.02      0.03       0.74 f
  n3746 (net)                                   3         0.00                0.00       0.74 f
  U505/Y (NAND2_X1A_A6P5PP140ZTS_C35)                               0.02      0.02       0.76 r
  n686 (net)                                    1         0.00                0.00       0.76 r
  U4608/Y (NAND2_X3M_A6P5PP140ZTS_C35)                              0.01      0.02       0.77 f
  n3522 (net)                                   2         0.00                0.00       0.77 f
  U4607/Y (INV_X2P5M_A6P5PP140ZTS_C35)                              0.01      0.01       0.78 r
  n18722 (net)                                  1         0.00                0.00       0.78 r
  U400/Y (NAND2_X2A_A6P5PP140ZTS_C35)                               0.02      0.02       0.80 f
  n18734 (net)                                  2         0.00                0.00       0.80 f
  U4647/Y (NAND2_X1P4TA_A6P5PP140ZTS_C35)                           0.01      0.02       0.81 r
  n18735 (net)                                  1         0.00                0.00       0.81 r
  U22041/Y (XOR2_X0P5M_A6P5PP140ZTS_C35)                            0.03      0.03       0.85 r
  n18787 (net)                                  2         0.00                0.00       0.85 r
  U22042/Y (INV_X1M_A6P5PP140ZTS_C35)                               0.01      0.01       0.86 f
  n18749 (net)                                  1         0.00                0.00       0.86 f
  U22050/Y (NAND2_X1M_A6P5PP140ZTS_C35)                             0.02      0.02       0.88 r
  n18750 (net)                                  1         0.00                0.00       0.88 r
  U6378/Y (NOR3_X2TA_A6P5PP140ZTS_C35)                              0.02      0.02       0.90 f
  n18918 (net)                                  2         0.00                0.00       0.90 f
  U2683/Y (INV_X2M_A6P5PP140ZTS_C35)                                0.01      0.01       0.91 r
  n320 (net)                                    1         0.00                0.00       0.91 r
  U3357/Y (NOR2_X3A_A6P5PP140ZTS_C35)                               0.01      0.01       0.92 f
  n3466 (net)                                   2         0.00                0.00       0.92 f
  U7023/Y (NOR2_X3TA_A6P5PP140ZTS_C35)                              0.02      0.01       0.93 r
  n2839 (net)                                   1         0.00                0.00       0.93 r
  U8825/Y (INV_X7M_A6P5PP140ZTS_C35)                                0.01      0.01       0.95 f
  n19936 (net)                                 23         0.01                0.00       0.95 f
  U11275/Y (OAI21_X0P5M_A6P5PP140ZTS_C35)                           0.03      0.02       0.97 r
  u_cluster/u_fp_acc/lane_sum[2][20] (net)      1         0.00                0.00       0.97 r
  u_cluster/u_fp_acc/lane_sum_q_reg[2][20]/D (DFFRPQA_X2M_A6P5PP140ZTS_C35)
                                                                    0.03      0.00       0.97 r
  data arrival time                                                                      0.97

  clock clk (rise edge)                                                       0.90       0.90
  clock network delay (ideal)                                                 0.00       0.90
  clock uncertainty                                                          -0.05       0.85
  u_cluster/u_fp_acc/lane_sum_q_reg[2][20]/CK (DFFRPQA_X2M_A6P5PP140ZTS_C35)
                                                                              0.00       0.85 r
  library setup time                                                         -0.04       0.82
  data required time                                                                     0.82
  ----------------------------------------------------------------------------------------------
  data required time                                                                     0.82
  data arrival time                                                                     -0.97
  ----------------------------------------------------------------------------------------------
  slack (VIOLATED)                                                                      -0.15


  Startpoint: u_cluster/u_fp_acc/acc_o_reg[2][19]
              (rising edge-triggered flip-flop clocked by clk)
  Endpoint: u_cluster/u_fp_acc/acc_o_reg[2][14]
            (rising edge-triggered flip-flop clocked by clk)
  Path Group: clk
  Path Type: max

  Des/Clust/Port     Wire Load Model       Library
  ------------------------------------------------
  fusion_mul16_fp8_only_pipe_top
                     Zero                  sc6p5mcpp140z_cln22ul_base_svt_c35_tt_typical_max_0p80v_25c

  Point                                       Fanout       Cap     Trans      Incr       Path
  ----------------------------------------------------------------------------------------------
  clock clk (rise edge)                                                       0.00       0.00
  clock network delay (ideal)                                                 0.00       0.00
  u_cluster/u_fp_acc/acc_o_reg[2][19]/CK (DFFRPQA_X2M_A6P5PP140ZTS_C35)
                                                                    0.00      0.00       0.00 r
  u_cluster/u_fp_acc/acc_o_reg[2][19]/Q (DFFRPQA_X2M_A6P5PP140ZTS_C35)
                                                                    0.02      0.06       0.06 r
  n24771 (net)                                  4         0.00                0.00       0.06 r
  U10973/Y (INV_X1M_A6P5PP140ZTS_C35)                               0.02      0.01       0.07 f
  n19678 (net)                                  3         0.00                0.00       0.07 f
  U12568/Y (AOI22_X1M_A6P5PP140ZTS_C35)                             0.04      0.04       0.11 r
  n4793 (net)                                   1         0.00                0.00       0.11 r
  U5017/Y (AO21A1AI2_X3M_A6P5PP140ZTS_C35)                          0.02      0.03       0.14 f
  n4796 (net)                                   1         0.00                0.00       0.14 f
  U10047/Y (AO21A1AI2_X3M_A6P5PP140ZTS_C35)                         0.03      0.03       0.17 r
  n4804 (net)                                   1         0.00                0.00       0.17 r
  U12578/Y (NAND3_X4TA_A6P5PP140ZTS_C35)                            0.03      0.02       0.19 f
  n4828 (net)                                   3         0.00                0.00       0.19 f
  U10463/Y (BUF_X16M_A6P5PP140ZTS_C35)                              0.02      0.03       0.22 f
  n10351 (net)                                 20         0.03                0.00       0.22 f
  U12586/Y (MXIT2_X3M_A6P5PP140ZTS_C35)                             0.03      0.02       0.25 f
  n9918 (net)                                   3         0.00                0.00       0.25 f
  U10216/Y (INV_X2M_A6P5PP140ZTS_C35)                               0.01      0.02       0.27 r
  n9919 (net)                                   1         0.00                0.00       0.27 r
  U5432/Y (OAI22_X2M_A6P5PP140ZTS_C35)                              0.03      0.02       0.28 f
  n9921 (net)                                   2         0.00                0.00       0.28 f
  U5431/Y (INV_X2M_A6P5PP140ZTS_C35)                                0.01      0.02       0.30 r
  n10000 (net)                                  1         0.00                0.00       0.30 r
  U6039/Y (MXIT2_X3M_A6P5PP140ZTS_C35)                              0.02      0.02       0.32 f
  n10086 (net)                                  3         0.00                0.00       0.32 f
  U4394/Y (AO1B2_X2M_A6P5PP140ZTS_C35)                              0.02      0.03       0.35 f
  n10145 (net)                                  2         0.00                0.00       0.35 f
  U8453/Y (OR2_X1M_A6P5PP140ZTS_C35)                                0.02      0.04       0.39 f
  n14869 (net)                                  3         0.00                0.00       0.39 f
  U19458/Y (NOR2_X1A_A6P5PP140ZTS_C35)                              0.03      0.02       0.41 r
  n19963 (net)                                  2         0.00                0.00       0.41 r
  U6623/Y (AOI21_X0P5M_A6P5PP140ZTS_C35)                            0.02      0.01       0.42 f
  n14871 (net)                                  1         0.00                0.00       0.42 f
  U19460/Y (NOR2_X1A_A6P5PP140ZTS_C35)                              0.03      0.03       0.45 r
  u_cluster/u_fp_acc/G_FP_LANE[2].u_acc/U1/fr[22] (net)
                                                3         0.00                0.00       0.45 r
  U19461/Y (INV_X1M_A6P5PP140ZTS_C35)                               0.01      0.01       0.46 f
  u_cluster/u_fp_acc/G_FP_LANE[2].u_acc/U1/U2/U1/or2_inv[0][26] (net)
                                                1         0.00                0.00       0.46 f
  u_cluster/u_fp_acc/G_FP_LANE[2].u_acc/U1/U2/U1/UEN0_0_1_6/Y (AOI21_X0P5M_A6P5PP140ZTS_C35)
                                                                    0.02      0.02       0.48 r
  u_cluster/u_fp_acc/G_FP_LANE[2].u_acc/U1/U2/U1/enc_tree[0][1][26] (net)
                                                1         0.00                0.00       0.48 r
  u_cluster/u_fp_acc/G_FP_LANE[2].u_acc/U1/U2/U1/UEN1_0_2_3/Y (OAI21_X0P5M_A6P5PP140ZTS_C35)
                                                                    0.02      0.02       0.50 f
  u_cluster/u_fp_acc/G_FP_LANE[2].u_acc/U1/U2/U1/enc_tree[0][2][28] (net)
                                                1         0.00                0.00       0.50 f
  U10173/Y (AOI2XB1_X2M_A6P5PP140ZTS_C35)                           0.03      0.03       0.53 r
  n3844 (net)                                   1         0.00                0.00       0.53 r
  U10724/Y (AND2_X6M_A6P5PP140ZTS_C35)                              0.03      0.04       0.57 r
  n19390 (net)                                 12         0.01                0.00       0.57 r
  U10776/Y (MXIT2_X3M_A6P5PP140ZTS_C35)                             0.03      0.02       0.59 r
  n19335 (net)                                  2         0.00                0.00       0.59 r
  U4908/Y (MXIT2_X3M_A6P5PP140ZTS_C35)                              0.02      0.02       0.61 f
  n10281 (net)                                  1         0.00                0.00       0.61 f
  U6355/Y (NOR2_X2TA_A6P5PP140ZTS_C35)                              0.02      0.02       0.63 r
  n19408 (net)                                  3         0.00                0.00       0.63 r
  U5429/Y (NOR2_X2A_A6P5PP140ZTS_C35)                               0.01      0.01       0.64 f
  n989 (net)                                    1         0.00                0.00       0.64 f
  U691/Y (NOR2_X1P4TA_A6P5PP140ZTS_C35)                             0.02      0.02       0.66 r
  n986 (net)                                    1         0.00                0.00       0.66 r
  U4720/Y (NAND2_X3M_A6P5PP140ZTS_C35)                              0.02      0.01       0.67 f
  n742 (net)                                    1         0.00                0.00       0.67 f
  U4719/Y (NOR2_X6A_A6P5PP140ZTS_C35)                               0.03      0.02       0.69 r
  n10368 (net)                                  6         0.01                0.00       0.69 r
  U5146/Y (NOR2_X3A_A6P5PP140ZTS_C35)                               0.01      0.01       0.70 f
  n3784 (net)                                   1         0.00                0.00       0.70 f
  U5438/Y (NOR2_X2TA_A6P5PP140ZTS_C35)                              0.01      0.01       0.72 r
  n3782 (net)                                   1         0.00                0.00       0.72 r
  U5598/Y (OAI211_X3M_A6P5PP140ZTS_C35)                             0.03      0.02       0.74 f
  n3289 (net)                                   2         0.00                0.00       0.74 f
  U5048/Y (XOR2_X3M_A6P5PP140ZTS_C35)                               0.03      0.03       0.77 f
  n10374 (net)                                  2         0.00                0.00       0.77 f
  U5530/Y (NAND2_X2M_A6P5PP140ZTS_C35)                              0.03      0.03       0.80 r
  n10400 (net)                                  2         0.00                0.00       0.80 r
  U4836/Y (OAI21_X6M_A6P5PP140ZTS_C35)                              0.03      0.02       0.82 f
  n10395 (net)                                  3         0.01                0.00       0.82 f
  U4925/Y (AOI21_X8M_A6P5PP140ZTS_C35)                              0.03      0.03       0.85 r
  n10419 (net)                                  6         0.01                0.00       0.85 r
  U4430/Y (XOR2_X4M_A6P5PP140ZTS_C35)                               0.03      0.03       0.88 r
  n18871 (net)                                  2         0.00                0.00       0.88 r
  U8531/Y (NOR3_X4TA_A6P5PP140ZTS_C35)                              0.02      0.02       0.90 f
  n20085 (net)                                  4         0.00                0.00       0.90 f
  U6048/Y (NAND2_X3M_A6P5PP140ZTS_C35)                              0.02      0.02       0.92 r
  n19354 (net)                                  1         0.00                0.00       0.92 r
  U18/Y (NAND2_X6A_A6P5PP140ZTS_C35)                                0.03      0.02       0.94 f
  n20079 (net)                                 23         0.01                0.00       0.94 f
  U22821/Y (OAI211_X0P5M_A6P5PP140ZTS_C35)                          0.03      0.03       0.97 r
  u_cluster/u_fp_acc/n322 (net)                 1         0.00                0.00       0.97 r
  u_cluster/u_fp_acc/acc_o_reg[2][14]/D (DFFRPQA_X2M_A6P5PP140ZTS_C35)
                                                                    0.03      0.00       0.97 r
  data arrival time                                                                      0.97

  clock clk (rise edge)                                                       0.90       0.90
  clock network delay (ideal)                                                 0.00       0.90
  clock uncertainty                                                          -0.05       0.85
  u_cluster/u_fp_acc/acc_o_reg[2][14]/CK (DFFRPQA_X2M_A6P5PP140ZTS_C35)       0.00       0.85 r
  library setup time                                                         -0.04       0.82
  data required time                                                                     0.82
  ----------------------------------------------------------------------------------------------
  data required time                                                                     0.82
  data arrival time                                                                     -0.97
  ----------------------------------------------------------------------------------------------
  slack (VIOLATED)                                                                      -0.15


  Startpoint: u_cluster/u_fp_acc/acc_o_reg[2][19]
              (rising edge-triggered flip-flop clocked by clk)
  Endpoint: u_cluster/u_fp_acc/acc_o_reg[2][15]
            (rising edge-triggered flip-flop clocked by clk)
  Path Group: clk
  Path Type: max

  Des/Clust/Port     Wire Load Model       Library
  ------------------------------------------------
  fusion_mul16_fp8_only_pipe_top
                     Zero                  sc6p5mcpp140z_cln22ul_base_svt_c35_tt_typical_max_0p80v_25c

  Point                                       Fanout       Cap     Trans      Incr       Path
  ----------------------------------------------------------------------------------------------
  clock clk (rise edge)                                                       0.00       0.00
  clock network delay (ideal)                                                 0.00       0.00
  u_cluster/u_fp_acc/acc_o_reg[2][19]/CK (DFFRPQA_X2M_A6P5PP140ZTS_C35)
                                                                    0.00      0.00       0.00 r
  u_cluster/u_fp_acc/acc_o_reg[2][19]/Q (DFFRPQA_X2M_A6P5PP140ZTS_C35)
                                                                    0.02      0.06       0.06 r
  n24771 (net)                                  4         0.00                0.00       0.06 r
  U10973/Y (INV_X1M_A6P5PP140ZTS_C35)                               0.02      0.01       0.07 f
  n19678 (net)                                  3         0.00                0.00       0.07 f
  U12568/Y (AOI22_X1M_A6P5PP140ZTS_C35)                             0.04      0.04       0.11 r
  n4793 (net)                                   1         0.00                0.00       0.11 r
  U5017/Y (AO21A1AI2_X3M_A6P5PP140ZTS_C35)                          0.02      0.03       0.14 f
  n4796 (net)                                   1         0.00                0.00       0.14 f
  U10047/Y (AO21A1AI2_X3M_A6P5PP140ZTS_C35)                         0.03      0.03       0.17 r
  n4804 (net)                                   1         0.00                0.00       0.17 r
  U12578/Y (NAND3_X4TA_A6P5PP140ZTS_C35)                            0.03      0.02       0.19 f
  n4828 (net)                                   3         0.00                0.00       0.19 f
  U10463/Y (BUF_X16M_A6P5PP140ZTS_C35)                              0.02      0.03       0.22 f
  n10351 (net)                                 20         0.03                0.00       0.22 f
  U12586/Y (MXIT2_X3M_A6P5PP140ZTS_C35)                             0.03      0.02       0.25 f
  n9918 (net)                                   3         0.00                0.00       0.25 f
  U10216/Y (INV_X2M_A6P5PP140ZTS_C35)                               0.01      0.02       0.27 r
  n9919 (net)                                   1         0.00                0.00       0.27 r
  U5432/Y (OAI22_X2M_A6P5PP140ZTS_C35)                              0.03      0.02       0.28 f
  n9921 (net)                                   2         0.00                0.00       0.28 f
  U5431/Y (INV_X2M_A6P5PP140ZTS_C35)                                0.01      0.02       0.30 r
  n10000 (net)                                  1         0.00                0.00       0.30 r
  U6039/Y (MXIT2_X3M_A6P5PP140ZTS_C35)                              0.02      0.02       0.32 f
  n10086 (net)                                  3         0.00                0.00       0.32 f
  U4394/Y (AO1B2_X2M_A6P5PP140ZTS_C35)                              0.02      0.03       0.35 f
  n10145 (net)                                  2         0.00                0.00       0.35 f
  U8453/Y (OR2_X1M_A6P5PP140ZTS_C35)                                0.02      0.04       0.39 f
  n14869 (net)                                  3         0.00                0.00       0.39 f
  U19458/Y (NOR2_X1A_A6P5PP140ZTS_C35)                              0.03      0.02       0.41 r
  n19963 (net)                                  2         0.00                0.00       0.41 r
  U6623/Y (AOI21_X0P5M_A6P5PP140ZTS_C35)                            0.02      0.01       0.42 f
  n14871 (net)                                  1         0.00                0.00       0.42 f
  U19460/Y (NOR2_X1A_A6P5PP140ZTS_C35)                              0.03      0.03       0.45 r
  u_cluster/u_fp_acc/G_FP_LANE[2].u_acc/U1/fr[22] (net)
                                                3         0.00                0.00       0.45 r
  U19461/Y (INV_X1M_A6P5PP140ZTS_C35)                               0.01      0.01       0.46 f
  u_cluster/u_fp_acc/G_FP_LANE[2].u_acc/U1/U2/U1/or2_inv[0][26] (net)
                                                1         0.00                0.00       0.46 f
  u_cluster/u_fp_acc/G_FP_LANE[2].u_acc/U1/U2/U1/UEN0_0_1_6/Y (AOI21_X0P5M_A6P5PP140ZTS_C35)
                                                                    0.02      0.02       0.48 r
  u_cluster/u_fp_acc/G_FP_LANE[2].u_acc/U1/U2/U1/enc_tree[0][1][26] (net)
                                                1         0.00                0.00       0.48 r
  u_cluster/u_fp_acc/G_FP_LANE[2].u_acc/U1/U2/U1/UEN1_0_2_3/Y (OAI21_X0P5M_A6P5PP140ZTS_C35)
                                                                    0.02      0.02       0.50 f
  u_cluster/u_fp_acc/G_FP_LANE[2].u_acc/U1/U2/U1/enc_tree[0][2][28] (net)
                                                1         0.00                0.00       0.50 f
  U10173/Y (AOI2XB1_X2M_A6P5PP140ZTS_C35)                           0.03      0.03       0.53 r
  n3844 (net)                                   1         0.00                0.00       0.53 r
  U10724/Y (AND2_X6M_A6P5PP140ZTS_C35)                              0.03      0.04       0.57 r
  n19390 (net)                                 12         0.01                0.00       0.57 r
  U10776/Y (MXIT2_X3M_A6P5PP140ZTS_C35)                             0.03      0.02       0.59 r
  n19335 (net)                                  2         0.00                0.00       0.59 r
  U4908/Y (MXIT2_X3M_A6P5PP140ZTS_C35)                              0.02      0.02       0.61 f
  n10281 (net)                                  1         0.00                0.00       0.61 f
  U6355/Y (NOR2_X2TA_A6P5PP140ZTS_C35)                              0.02      0.02       0.63 r
  n19408 (net)                                  3         0.00                0.00       0.63 r
  U5429/Y (NOR2_X2A_A6P5PP140ZTS_C35)                               0.01      0.01       0.64 f
  n989 (net)                                    1         0.00                0.00       0.64 f
  U691/Y (NOR2_X1P4TA_A6P5PP140ZTS_C35)                             0.02      0.02       0.66 r
  n986 (net)                                    1         0.00                0.00       0.66 r
  U4720/Y (NAND2_X3M_A6P5PP140ZTS_C35)                              0.02      0.01       0.67 f
  n742 (net)                                    1         0.00                0.00       0.67 f
  U4719/Y (NOR2_X6A_A6P5PP140ZTS_C35)                               0.03      0.02       0.69 r
  n10368 (net)                                  6         0.01                0.00       0.69 r
  U5146/Y (NOR2_X3A_A6P5PP140ZTS_C35)                               0.01      0.01       0.70 f
  n3784 (net)                                   1         0.00                0.00       0.70 f
  U5438/Y (NOR2_X2TA_A6P5PP140ZTS_C35)                              0.01      0.01       0.72 r
  n3782 (net)                                   1         0.00                0.00       0.72 r
  U5598/Y (OAI211_X3M_A6P5PP140ZTS_C35)                             0.03      0.02       0.74 f
  n3289 (net)                                   2         0.00                0.00       0.74 f
  U5048/Y (XOR2_X3M_A6P5PP140ZTS_C35)                               0.03      0.03       0.77 f
  n10374 (net)                                  2         0.00                0.00       0.77 f
  U5530/Y (NAND2_X2M_A6P5PP140ZTS_C35)                              0.03      0.03       0.80 r
  n10400 (net)                                  2         0.00                0.00       0.80 r
  U4836/Y (OAI21_X6M_A6P5PP140ZTS_C35)                              0.03      0.02       0.82 f
  n10395 (net)                                  3         0.01                0.00       0.82 f
  U4925/Y (AOI21_X8M_A6P5PP140ZTS_C35)                              0.03      0.03       0.85 r
  n10419 (net)                                  6         0.01                0.00       0.85 r
  U4430/Y (XOR2_X4M_A6P5PP140ZTS_C35)                               0.03      0.03       0.88 r
  n18871 (net)                                  2         0.00                0.00       0.88 r
  U8531/Y (NOR3_X4TA_A6P5PP140ZTS_C35)                              0.02      0.02       0.90 f
  n20085 (net)                                  4         0.00                0.00       0.90 f
  U6048/Y (NAND2_X3M_A6P5PP140ZTS_C35)                              0.02      0.02       0.92 r
  n19354 (net)                                  1         0.00                0.00       0.92 r
  U18/Y (NAND2_X6A_A6P5PP140ZTS_C35)                                0.03      0.02       0.94 f
  n20079 (net)                                 23         0.01                0.00       0.94 f
  U22811/Y (OAI211_X0P5M_A6P5PP140ZTS_C35)                          0.03      0.03       0.97 r
  u_cluster/u_fp_acc/n321 (net)                 1         0.00                0.00       0.97 r
  u_cluster/u_fp_acc/acc_o_reg[2][15]/D (DFFRPQA_X2M_A6P5PP140ZTS_C35)
                                                                    0.03      0.00       0.97 r
  data arrival time                                                                      0.97

  clock clk (rise edge)                                                       0.90       0.90
  clock network delay (ideal)                                                 0.00       0.90
  clock uncertainty                                                          -0.05       0.85
  u_cluster/u_fp_acc/acc_o_reg[2][15]/CK (DFFRPQA_X2M_A6P5PP140ZTS_C35)       0.00       0.85 r
  library setup time                                                         -0.04       0.82
  data required time                                                                     0.82
  ----------------------------------------------------------------------------------------------
  data required time                                                                     0.82
  data arrival time                                                                     -0.97
  ----------------------------------------------------------------------------------------------
  slack (VIOLATED)                                                                      -0.15


1
