 
****************************************
Report : timing
        -path full
        -delay max
        -nworst 5
        -nets
        -max_paths 20
        -transition_time
        -capacitance
Design : char_top
Version: X-2025.06-SP3
Date   : Tue Sep  1 15:20:23 2026
****************************************

Operating Conditions: tt_typical_max_0p80v_25c   Library: sc6p5mcpp140z_cln22ul_base_svt_c35_tt_typical_max_0p80v_25c
Wire Load Model Mode: top

  Startpoint: b_bits_i[1]
              (input port clocked by clk)
  Endpoint: u_dut/z_o_reg[1]
            (rising edge-triggered flip-flop clocked by clk)
  Path Group: clk
  Path Type: max

  Des/Clust/Port     Wire Load Model       Library
  ------------------------------------------------
  char_top           Zero                  sc6p5mcpp140z_cln22ul_base_svt_c35_tt_typical_max_0p80v_25c

  Point                                       Fanout       Cap     Trans      Incr       Path
  ----------------------------------------------------------------------------------------------
  clock clk (rise edge)                                                       0.00       0.00
  clock network delay (ideal)                                                 0.00       0.00
  input external delay                                                        0.10       0.10 f
  b_bits_i[1] (in)                                                  0.05      0.00       0.10 f
  b_bits_i[1] (net)                             7         0.02                0.00       0.10 f
  U737/Y (INV_X16M_A6P5PP140ZTS_C35)                                0.02      0.02       0.12 r
  n608 (net)                                    2         0.01                0.00       0.12 r
  U726/Y (NAND3_X4TA_A6P5PP140ZTS_C35)                              0.02      0.02       0.13 f
  n235 (net)                                    1         0.00                0.00       0.13 f
  U745/Y (NAND3_X4TA_A6P5PP140ZTS_C35)                              0.02      0.02       0.15 r
  n655 (net)                                    2         0.00                0.00       0.15 r
  U464/Y (NAND2_X8TA_A6P5PP140ZTS_C35)                              0.02      0.02       0.17 f
  n596 (net)                                    4         0.01                0.00       0.17 f
  U870/Y (XOR2_X3M_A6P5PP140ZTS_C35)                                0.02      0.03       0.20 f
  n356 (net)                                    2         0.00                0.00       0.20 f
  U775/Y (OAI21_X4M_A6P5PP140ZTS_C35)                               0.03      0.03       0.22 r
  n919 (net)                                    4         0.00                0.00       0.22 r
  U785/Y (NOR2_X3TA_A6P5PP140ZTS_C35)                               0.01      0.01       0.24 f
  n731 (net)                                    2         0.00                0.00       0.24 f
  U735/Y (OA1B2_X6M_A6P5PP140ZTS_C35)                               0.01      0.03       0.27 f
  n728 (net)                                    5         0.00                0.00       0.27 f
  U782/Y (OAI21_X3M_A6P5PP140ZTS_C35)                               0.03      0.02       0.29 r
  n718 (net)                                    2         0.00                0.00       0.29 r
  U204/Y (INV_X3M_A6P5PP140ZTS_C35)                                 0.01      0.01       0.30 f
  n699 (net)                                    2         0.00                0.00       0.30 f
  U910/Y (OAI21_X2M_A6P5PP140ZTS_C35)                               0.03      0.02       0.33 r
  n689 (net)                                    1         0.00                0.00       0.33 r
  U442/Y (XNOR2_X4M_A6P5PP140ZTS_C35)                               0.02      0.03       0.36 r
  n691 (net)                                    1         0.00                0.00       0.36 r
  U499/Y (NAND2_X2M_A6P5PP140ZTS_C35)                               0.02      0.02       0.38 f
  n692 (net)                                    1         0.00                0.00       0.38 f
  U556/Y (NAND2_X6M_A6P5PP140ZTS_C35)                               0.02      0.02       0.39 r
  n786 (net)                                    2         0.00                0.00       0.39 r
  U192/Y (NAND2_X4TA_A6P5PP140ZTS_C35)                              0.04      0.03       0.42 f
  n827 (net)                                    6         0.01                0.00       0.42 f
  U662/Y (INV_X2M_A6P5PP140ZTS_C35)                                 0.02      0.02       0.44 r
  n176 (net)                                    1         0.00                0.00       0.44 r
  U440/Y (NAND2_X3M_A6P5PP140ZTS_C35)                               0.02      0.01       0.45 f
  n74 (net)                                     1         0.00                0.00       0.45 f
  U275/Y (NAND2_X4TA_A6P5PP140ZTS_C35)                              0.01      0.01       0.46 r
  n801 (net)                                    2         0.00                0.00       0.46 r
  U659/Y (OAI21_X3M_A6P5PP140ZTS_C35)                               0.01      0.01       0.48 f
  n174 (net)                                    1         0.00                0.00       0.48 f
  U294/Y (NAND2_X3TA_A6P5PP140ZTS_C35)                              0.02      0.02       0.49 r
  n1000 (net)                                   3         0.00                0.00       0.49 r
  U340/Y (NOR2_X3TA_A6P5PP140ZTS_C35)                               0.02      0.02       0.51 f
  n1138 (net)                                   4         0.00                0.00       0.51 f
  U515/Y (NOR3_X2TA_A6P5PP140ZTS_C35)                               0.02      0.02       0.53 r
  n105 (net)                                    1         0.00                0.00       0.53 r
  U524/Y (AO21A1AI2_X3M_A6P5PP140ZTS_C35)                           0.04      0.03       0.56 f
  n532 (net)                                    2         0.00                0.00       0.56 f
  U260/Y (NAND2_X8TA_A6P5PP140ZTS_C35)                              0.02      0.02       0.58 r
  n906 (net)                                    7         0.01                0.00       0.58 r
  U145/Y (AOI21_X3M_A6P5PP140ZTS_C35)                               0.02      0.02       0.60 f
  n846 (net)                                    1         0.00                0.00       0.60 f
  U1062/Y (XNOR2_X4M_A6P5PP140ZTS_C35)                              0.03      0.03       0.63 f
  n1212 (net)                                   4         0.00                0.00       0.63 f
  U959/Y (XOR2_X4M_A6P5PP140ZTS_C35)                                0.03      0.03       0.66 f
  u_dut/u_mac/ULSD/a_int[7] (net)               3         0.00                0.00       0.66 f
  U1005/Y (INV_X2P5M_A6P5PP140ZTS_C35)                              0.01      0.01       0.68 r
  n479 (net)                                    1         0.00                0.00       0.68 r
  U920/Y (AO21A1AI2_X3M_A6P5PP140ZTS_C35)                           0.02      0.02       0.70 f
  n385 (net)                                    1         0.00                0.00       0.70 f
  U306/Y (NAND2_X3TA_A6P5PP140ZTS_C35)                              0.01      0.01       0.72 r
  n547 (net)                                    1         0.00                0.00       0.72 r
  U575/Y (NOR2_X4TA_A6P5PP140ZTS_C35)                               0.02      0.01       0.73 f
  u_dut/u_mac/lzdout[0] (net)                   2         0.00                0.00       0.73 f
  U552/Y (INV_X7M_A6P5PP140ZTS_C35)                                 0.01      0.01       0.74 r
  n114 (net)                                    2         0.01                0.00       0.74 r
  U551/Y (INV_X16M_A6P5PP140ZTS_C35)                                0.01      0.01       0.75 f
  n1274 (net)                                  13         0.02                0.00       0.75 f
  U397/Y (NOR2_X8TA_A6P5PP140ZTS_C35)                               0.01      0.01       0.77 r
  n1236 (net)                                   8         0.00                0.00       0.77 r
  U96/Y (NAND2_X2A_A6P5PP140ZTS_C35)                                0.01      0.01       0.78 f
  n1210 (net)                                   1         0.00                0.00       0.78 f
  U76/Y (OAI21_X0P5M_A6P5PP140ZTS_C35)                              0.05      0.02       0.80 r
  n1215 (net)                                   1         0.00                0.00       0.80 r
  U584/Y (NOR2_X3A_A6P5PP140ZTS_C35)                                0.02      0.02       0.81 f
  n1345 (net)                                   3         0.00                0.00       0.81 f
  U63/Y (AOI21_X2M_A6P5PP140ZTS_C35)                                0.02      0.02       0.83 r
  n54 (net)                                     1         0.00                0.00       0.83 r
  U409/Y (NAND2_X3M_A6P5PP140ZTS_C35)                               0.02      0.02       0.85 f
  n502 (net)                                    2         0.00                0.00       0.85 f
  U504/Y (NOR3_X1A_A6P5PP140ZTS_C35)                                0.05      0.03       0.89 r
  n480 (net)                                    1         0.00                0.00       0.89 r
  U368/Y (AOI21_X3M_A6P5PP140ZTS_C35)                               0.02      0.02       0.91 f
  n34 (net)                                     1         0.00                0.00       0.91 f
  U55/Y (NOR2_X3A_A6P5PP140ZTS_C35)                                 0.02      0.02       0.93 r
  n367 (net)                                    2         0.00                0.00       0.93 r
  U629/Y (NAND2_X4M_A6P5PP140ZTS_C35)                               0.02      0.02       0.94 f
  n1447 (net)                                   3         0.00                0.00       0.94 f
  U690/Y (AOI21_X3M_A6P5PP140ZTS_C35)                               0.01      0.02       0.96 r
  n201 (net)                                    1         0.00                0.00       0.96 r
  U689/Y (NAND3_X1TA_A6P5PP140ZTS_C35)                              0.01      0.01       0.97 f
  n472 (net)                                    1         0.00                0.00       0.97 f
  U971/Y (AOI21_X0P5M_A6P5PP140ZTS_C35)                             0.02      0.02       0.99 r
  u_dut/z_comb[1] (net)                         1         0.00                0.00       0.99 r
  u_dut/z_o_reg[1]/D (DFFRPQA_X1M_A6P5PP140ZTS_C35)                 0.02      0.00       0.99 r
  data arrival time                                                                      0.99

  clock clk (rise edge)                                                       1.00       1.00
  clock network delay (ideal)                                                 0.00       1.00
  clock uncertainty                                                          -0.05       0.95
  u_dut/z_o_reg[1]/CK (DFFRPQA_X1M_A6P5PP140ZTS_C35)                          0.00       0.95 r
  library setup time                                                         -0.04       0.91
  data required time                                                                     0.91
  ----------------------------------------------------------------------------------------------
  data required time                                                                     0.91
  data arrival time                                                                     -0.99
  ----------------------------------------------------------------------------------------------
  slack (VIOLATED)                                                                      -0.08


  Startpoint: b_bits_i[1]
              (input port clocked by clk)
  Endpoint: u_dut/z_o_reg[1]
            (rising edge-triggered flip-flop clocked by clk)
  Path Group: clk
  Path Type: max

  Des/Clust/Port     Wire Load Model       Library
  ------------------------------------------------
  char_top           Zero                  sc6p5mcpp140z_cln22ul_base_svt_c35_tt_typical_max_0p80v_25c

  Point                                       Fanout       Cap     Trans      Incr       Path
  ----------------------------------------------------------------------------------------------
  clock clk (rise edge)                                                       0.00       0.00
  clock network delay (ideal)                                                 0.00       0.00
  input external delay                                                        0.10       0.10 f
  b_bits_i[1] (in)                                                  0.05      0.00       0.10 f
  b_bits_i[1] (net)                             7         0.02                0.00       0.10 f
  U737/Y (INV_X16M_A6P5PP140ZTS_C35)                                0.02      0.02       0.12 r
  n608 (net)                                    2         0.01                0.00       0.12 r
  U726/Y (NAND3_X4TA_A6P5PP140ZTS_C35)                              0.02      0.02       0.13 f
  n235 (net)                                    1         0.00                0.00       0.13 f
  U745/Y (NAND3_X4TA_A6P5PP140ZTS_C35)                              0.02      0.02       0.15 r
  n655 (net)                                    2         0.00                0.00       0.15 r
  U464/Y (NAND2_X8TA_A6P5PP140ZTS_C35)                              0.02      0.02       0.17 f
  n596 (net)                                    4         0.01                0.00       0.17 f
  U870/Y (XOR2_X3M_A6P5PP140ZTS_C35)                                0.02      0.03       0.20 f
  n356 (net)                                    2         0.00                0.00       0.20 f
  U775/Y (OAI21_X4M_A6P5PP140ZTS_C35)                               0.03      0.03       0.22 r
  n919 (net)                                    4         0.00                0.00       0.22 r
  U785/Y (NOR2_X3TA_A6P5PP140ZTS_C35)                               0.01      0.01       0.24 f
  n731 (net)                                    2         0.00                0.00       0.24 f
  U735/Y (OA1B2_X6M_A6P5PP140ZTS_C35)                               0.01      0.03       0.27 f
  n728 (net)                                    5         0.00                0.00       0.27 f
  U782/Y (OAI21_X3M_A6P5PP140ZTS_C35)                               0.03      0.02       0.29 r
  n718 (net)                                    2         0.00                0.00       0.29 r
  U204/Y (INV_X3M_A6P5PP140ZTS_C35)                                 0.01      0.01       0.30 f
  n699 (net)                                    2         0.00                0.00       0.30 f
  U910/Y (OAI21_X2M_A6P5PP140ZTS_C35)                               0.03      0.02       0.33 r
  n689 (net)                                    1         0.00                0.00       0.33 r
  U442/Y (XNOR2_X4M_A6P5PP140ZTS_C35)                               0.02      0.03       0.36 r
  n691 (net)                                    1         0.00                0.00       0.36 r
  U499/Y (NAND2_X2M_A6P5PP140ZTS_C35)                               0.02      0.02       0.38 f
  n692 (net)                                    1         0.00                0.00       0.38 f
  U556/Y (NAND2_X6M_A6P5PP140ZTS_C35)                               0.02      0.02       0.39 r
  n786 (net)                                    2         0.00                0.00       0.39 r
  U192/Y (NAND2_X4TA_A6P5PP140ZTS_C35)                              0.04      0.03       0.42 f
  n827 (net)                                    6         0.01                0.00       0.42 f
  U662/Y (INV_X2M_A6P5PP140ZTS_C35)                                 0.02      0.02       0.44 r
  n176 (net)                                    1         0.00                0.00       0.44 r
  U440/Y (NAND2_X3M_A6P5PP140ZTS_C35)                               0.02      0.01       0.45 f
  n74 (net)                                     1         0.00                0.00       0.45 f
  U275/Y (NAND2_X4TA_A6P5PP140ZTS_C35)                              0.01      0.01       0.46 r
  n801 (net)                                    2         0.00                0.00       0.46 r
  U659/Y (OAI21_X3M_A6P5PP140ZTS_C35)                               0.01      0.01       0.48 f
  n174 (net)                                    1         0.00                0.00       0.48 f
  U294/Y (NAND2_X3TA_A6P5PP140ZTS_C35)                              0.02      0.02       0.49 r
  n1000 (net)                                   3         0.00                0.00       0.49 r
  U340/Y (NOR2_X3TA_A6P5PP140ZTS_C35)                               0.02      0.02       0.51 f
  n1138 (net)                                   4         0.00                0.00       0.51 f
  U515/Y (NOR3_X2TA_A6P5PP140ZTS_C35)                               0.02      0.02       0.53 r
  n105 (net)                                    1         0.00                0.00       0.53 r
  U524/Y (AO21A1AI2_X3M_A6P5PP140ZTS_C35)                           0.04      0.03       0.56 f
  n532 (net)                                    2         0.00                0.00       0.56 f
  U260/Y (NAND2_X8TA_A6P5PP140ZTS_C35)                              0.02      0.02       0.58 r
  n906 (net)                                    7         0.01                0.00       0.58 r
  U145/Y (AOI21_X3M_A6P5PP140ZTS_C35)                               0.02      0.02       0.60 f
  n846 (net)                                    1         0.00                0.00       0.60 f
  U1062/Y (XNOR2_X4M_A6P5PP140ZTS_C35)                              0.03      0.03       0.63 f
  n1212 (net)                                   4         0.00                0.00       0.63 f
  U959/Y (XOR2_X4M_A6P5PP140ZTS_C35)                                0.03      0.03       0.66 f
  u_dut/u_mac/ULSD/a_int[7] (net)               3         0.00                0.00       0.66 f
  U1005/Y (INV_X2P5M_A6P5PP140ZTS_C35)                              0.01      0.01       0.68 r
  n479 (net)                                    1         0.00                0.00       0.68 r
  U920/Y (AO21A1AI2_X3M_A6P5PP140ZTS_C35)                           0.02      0.02       0.70 f
  n385 (net)                                    1         0.00                0.00       0.70 f
  U306/Y (NAND2_X3TA_A6P5PP140ZTS_C35)                              0.01      0.01       0.72 r
  n547 (net)                                    1         0.00                0.00       0.72 r
  U575/Y (NOR2_X4TA_A6P5PP140ZTS_C35)                               0.02      0.01       0.73 f
  u_dut/u_mac/lzdout[0] (net)                   2         0.00                0.00       0.73 f
  U552/Y (INV_X7M_A6P5PP140ZTS_C35)                                 0.01      0.01       0.74 r
  n114 (net)                                    2         0.01                0.00       0.74 r
  U551/Y (INV_X16M_A6P5PP140ZTS_C35)                                0.01      0.01       0.75 f
  n1274 (net)                                  13         0.02                0.00       0.75 f
  U397/Y (NOR2_X8TA_A6P5PP140ZTS_C35)                               0.01      0.01       0.77 r
  n1236 (net)                                   8         0.00                0.00       0.77 r
  U96/Y (NAND2_X2A_A6P5PP140ZTS_C35)                                0.01      0.01       0.78 f
  n1210 (net)                                   1         0.00                0.00       0.78 f
  U76/Y (OAI21_X0P5M_A6P5PP140ZTS_C35)                              0.05      0.02       0.80 r
  n1215 (net)                                   1         0.00                0.00       0.80 r
  U584/Y (NOR2_X3A_A6P5PP140ZTS_C35)                                0.02      0.02       0.81 f
  n1345 (net)                                   3         0.00                0.00       0.81 f
  U63/Y (AOI21_X2M_A6P5PP140ZTS_C35)                                0.02      0.02       0.83 r
  n54 (net)                                     1         0.00                0.00       0.83 r
  U409/Y (NAND2_X3M_A6P5PP140ZTS_C35)                               0.02      0.02       0.85 f
  n502 (net)                                    2         0.00                0.00       0.85 f
  U504/Y (NOR3_X1A_A6P5PP140ZTS_C35)                                0.05      0.03       0.89 r
  n480 (net)                                    1         0.00                0.00       0.89 r
  U368/Y (AOI21_X3M_A6P5PP140ZTS_C35)                               0.02      0.02       0.91 f
  n34 (net)                                     1         0.00                0.00       0.91 f
  U55/Y (NOR2_X3A_A6P5PP140ZTS_C35)                                 0.02      0.02       0.93 r
  n367 (net)                                    2         0.00                0.00       0.93 r
  U629/Y (NAND2_X4M_A6P5PP140ZTS_C35)                               0.02      0.02       0.94 f
  n1447 (net)                                   3         0.00                0.00       0.94 f
  U690/Y (AOI21_X3M_A6P5PP140ZTS_C35)                               0.01      0.02       0.96 r
  n201 (net)                                    1         0.00                0.00       0.96 r
  U689/Y (NAND3_X1TA_A6P5PP140ZTS_C35)                              0.01      0.01       0.97 f
  n472 (net)                                    1         0.00                0.00       0.97 f
  U971/Y (AOI21_X0P5M_A6P5PP140ZTS_C35)                             0.02      0.02       0.99 r
  u_dut/z_comb[1] (net)                         1         0.00                0.00       0.99 r
  u_dut/z_o_reg[1]/D (DFFRPQA_X1M_A6P5PP140ZTS_C35)                 0.02      0.00       0.99 r
  data arrival time                                                                      0.99

  clock clk (rise edge)                                                       1.00       1.00
  clock network delay (ideal)                                                 0.00       1.00
  clock uncertainty                                                          -0.05       0.95
  u_dut/z_o_reg[1]/CK (DFFRPQA_X1M_A6P5PP140ZTS_C35)                          0.00       0.95 r
  library setup time                                                         -0.04       0.91
  data required time                                                                     0.91
  ----------------------------------------------------------------------------------------------
  data required time                                                                     0.91
  data arrival time                                                                     -0.99
  ----------------------------------------------------------------------------------------------
  slack (VIOLATED)                                                                      -0.08


  Startpoint: b_bits_i[3]
              (input port clocked by clk)
  Endpoint: u_dut/z_o_reg[1]
            (rising edge-triggered flip-flop clocked by clk)
  Path Group: clk
  Path Type: max

  Des/Clust/Port     Wire Load Model       Library
  ------------------------------------------------
  char_top           Zero                  sc6p5mcpp140z_cln22ul_base_svt_c35_tt_typical_max_0p80v_25c

  Point                                       Fanout       Cap     Trans      Incr       Path
  ----------------------------------------------------------------------------------------------
  clock clk (rise edge)                                                       0.00       0.00
  clock network delay (ideal)                                                 0.00       0.00
  input external delay                                                        0.10       0.10 f
  b_bits_i[3] (in)                                                  0.05      0.00       0.10 f
  b_bits_i[3] (net)                             8         0.02                0.00       0.10 f
  U375/Y (INV_X16M_A6P5PP140ZTS_C35)                                0.01      0.01       0.11 r
  n354 (net)                                    1         0.00                0.00       0.11 r
  U750/Y (NAND3_X4TA_A6P5PP140ZTS_C35)                              0.02      0.01       0.13 f
  n275 (net)                                    1         0.00                0.00       0.13 f
  U745/Y (NAND3_X4TA_A6P5PP140ZTS_C35)                              0.02      0.02       0.15 r
  n655 (net)                                    2         0.00                0.00       0.15 r
  U464/Y (NAND2_X8TA_A6P5PP140ZTS_C35)                              0.02      0.02       0.17 f
  n596 (net)                                    4         0.01                0.00       0.17 f
  U870/Y (XOR2_X3M_A6P5PP140ZTS_C35)                                0.02      0.03       0.20 f
  n356 (net)                                    2         0.00                0.00       0.20 f
  U775/Y (OAI21_X4M_A6P5PP140ZTS_C35)                               0.03      0.03       0.22 r
  n919 (net)                                    4         0.00                0.00       0.22 r
  U785/Y (NOR2_X3TA_A6P5PP140ZTS_C35)                               0.01      0.01       0.24 f
  n731 (net)                                    2         0.00                0.00       0.24 f
  U735/Y (OA1B2_X6M_A6P5PP140ZTS_C35)                               0.01      0.03       0.27 f
  n728 (net)                                    5         0.00                0.00       0.27 f
  U782/Y (OAI21_X3M_A6P5PP140ZTS_C35)                               0.03      0.02       0.29 r
  n718 (net)                                    2         0.00                0.00       0.29 r
  U204/Y (INV_X3M_A6P5PP140ZTS_C35)                                 0.01      0.01       0.30 f
  n699 (net)                                    2         0.00                0.00       0.30 f
  U910/Y (OAI21_X2M_A6P5PP140ZTS_C35)                               0.03      0.02       0.33 r
  n689 (net)                                    1         0.00                0.00       0.33 r
  U442/Y (XNOR2_X4M_A6P5PP140ZTS_C35)                               0.02      0.03       0.36 r
  n691 (net)                                    1         0.00                0.00       0.36 r
  U499/Y (NAND2_X2M_A6P5PP140ZTS_C35)                               0.02      0.02       0.38 f
  n692 (net)                                    1         0.00                0.00       0.38 f
  U556/Y (NAND2_X6M_A6P5PP140ZTS_C35)                               0.02      0.02       0.39 r
  n786 (net)                                    2         0.00                0.00       0.39 r
  U192/Y (NAND2_X4TA_A6P5PP140ZTS_C35)                              0.04      0.03       0.42 f
  n827 (net)                                    6         0.01                0.00       0.42 f
  U662/Y (INV_X2M_A6P5PP140ZTS_C35)                                 0.02      0.02       0.44 r
  n176 (net)                                    1         0.00                0.00       0.44 r
  U440/Y (NAND2_X3M_A6P5PP140ZTS_C35)                               0.02      0.01       0.45 f
  n74 (net)                                     1         0.00                0.00       0.45 f
  U275/Y (NAND2_X4TA_A6P5PP140ZTS_C35)                              0.01      0.01       0.46 r
  n801 (net)                                    2         0.00                0.00       0.46 r
  U659/Y (OAI21_X3M_A6P5PP140ZTS_C35)                               0.01      0.01       0.48 f
  n174 (net)                                    1         0.00                0.00       0.48 f
  U294/Y (NAND2_X3TA_A6P5PP140ZTS_C35)                              0.02      0.02       0.49 r
  n1000 (net)                                   3         0.00                0.00       0.49 r
  U340/Y (NOR2_X3TA_A6P5PP140ZTS_C35)                               0.02      0.02       0.51 f
  n1138 (net)                                   4         0.00                0.00       0.51 f
  U515/Y (NOR3_X2TA_A6P5PP140ZTS_C35)                               0.02      0.02       0.53 r
  n105 (net)                                    1         0.00                0.00       0.53 r
  U524/Y (AO21A1AI2_X3M_A6P5PP140ZTS_C35)                           0.04      0.03       0.56 f
  n532 (net)                                    2         0.00                0.00       0.56 f
  U260/Y (NAND2_X8TA_A6P5PP140ZTS_C35)                              0.02      0.02       0.58 r
  n906 (net)                                    7         0.01                0.00       0.58 r
  U145/Y (AOI21_X3M_A6P5PP140ZTS_C35)                               0.02      0.02       0.60 f
  n846 (net)                                    1         0.00                0.00       0.60 f
  U1062/Y (XNOR2_X4M_A6P5PP140ZTS_C35)                              0.03      0.03       0.63 f
  n1212 (net)                                   4         0.00                0.00       0.63 f
  U959/Y (XOR2_X4M_A6P5PP140ZTS_C35)                                0.03      0.03       0.66 f
  u_dut/u_mac/ULSD/a_int[7] (net)               3         0.00                0.00       0.66 f
  U1005/Y (INV_X2P5M_A6P5PP140ZTS_C35)                              0.01      0.01       0.68 r
  n479 (net)                                    1         0.00                0.00       0.68 r
  U920/Y (AO21A1AI2_X3M_A6P5PP140ZTS_C35)                           0.02      0.02       0.70 f
  n385 (net)                                    1         0.00                0.00       0.70 f
  U306/Y (NAND2_X3TA_A6P5PP140ZTS_C35)                              0.01      0.01       0.72 r
  n547 (net)                                    1         0.00                0.00       0.72 r
  U575/Y (NOR2_X4TA_A6P5PP140ZTS_C35)                               0.02      0.01       0.73 f
  u_dut/u_mac/lzdout[0] (net)                   2         0.00                0.00       0.73 f
  U552/Y (INV_X7M_A6P5PP140ZTS_C35)                                 0.01      0.01       0.74 r
  n114 (net)                                    2         0.01                0.00       0.74 r
  U551/Y (INV_X16M_A6P5PP140ZTS_C35)                                0.01      0.01       0.75 f
  n1274 (net)                                  13         0.02                0.00       0.75 f
  U397/Y (NOR2_X8TA_A6P5PP140ZTS_C35)                               0.01      0.01       0.77 r
  n1236 (net)                                   8         0.00                0.00       0.77 r
  U96/Y (NAND2_X2A_A6P5PP140ZTS_C35)                                0.01      0.01       0.78 f
  n1210 (net)                                   1         0.00                0.00       0.78 f
  U76/Y (OAI21_X0P5M_A6P5PP140ZTS_C35)                              0.05      0.02       0.80 r
  n1215 (net)                                   1         0.00                0.00       0.80 r
  U584/Y (NOR2_X3A_A6P5PP140ZTS_C35)                                0.02      0.02       0.81 f
  n1345 (net)                                   3         0.00                0.00       0.81 f
  U63/Y (AOI21_X2M_A6P5PP140ZTS_C35)                                0.02      0.02       0.83 r
  n54 (net)                                     1         0.00                0.00       0.83 r
  U409/Y (NAND2_X3M_A6P5PP140ZTS_C35)                               0.02      0.02       0.85 f
  n502 (net)                                    2         0.00                0.00       0.85 f
  U504/Y (NOR3_X1A_A6P5PP140ZTS_C35)                                0.05      0.03       0.89 r
  n480 (net)                                    1         0.00                0.00       0.89 r
  U368/Y (AOI21_X3M_A6P5PP140ZTS_C35)                               0.02      0.02       0.91 f
  n34 (net)                                     1         0.00                0.00       0.91 f
  U55/Y (NOR2_X3A_A6P5PP140ZTS_C35)                                 0.02      0.02       0.93 r
  n367 (net)                                    2         0.00                0.00       0.93 r
  U629/Y (NAND2_X4M_A6P5PP140ZTS_C35)                               0.02      0.02       0.94 f
  n1447 (net)                                   3         0.00                0.00       0.94 f
  U690/Y (AOI21_X3M_A6P5PP140ZTS_C35)                               0.01      0.02       0.96 r
  n201 (net)                                    1         0.00                0.00       0.96 r
  U689/Y (NAND3_X1TA_A6P5PP140ZTS_C35)                              0.01      0.01       0.97 f
  n472 (net)                                    1         0.00                0.00       0.97 f
  U971/Y (AOI21_X0P5M_A6P5PP140ZTS_C35)                             0.02      0.02       0.99 r
  u_dut/z_comb[1] (net)                         1         0.00                0.00       0.99 r
  u_dut/z_o_reg[1]/D (DFFRPQA_X1M_A6P5PP140ZTS_C35)                 0.02      0.00       0.99 r
  data arrival time                                                                      0.99

  clock clk (rise edge)                                                       1.00       1.00
  clock network delay (ideal)                                                 0.00       1.00
  clock uncertainty                                                          -0.05       0.95
  u_dut/z_o_reg[1]/CK (DFFRPQA_X1M_A6P5PP140ZTS_C35)                          0.00       0.95 r
  library setup time                                                         -0.04       0.91
  data required time                                                                     0.91
  ----------------------------------------------------------------------------------------------
  data required time                                                                     0.91
  data arrival time                                                                     -0.99
  ----------------------------------------------------------------------------------------------
  slack (VIOLATED)                                                                      -0.08


  Startpoint: b_bits_i[3]
              (input port clocked by clk)
  Endpoint: u_dut/z_o_reg[1]
            (rising edge-triggered flip-flop clocked by clk)
  Path Group: clk
  Path Type: max

  Des/Clust/Port     Wire Load Model       Library
  ------------------------------------------------
  char_top           Zero                  sc6p5mcpp140z_cln22ul_base_svt_c35_tt_typical_max_0p80v_25c

  Point                                       Fanout       Cap     Trans      Incr       Path
  ----------------------------------------------------------------------------------------------
  clock clk (rise edge)                                                       0.00       0.00
  clock network delay (ideal)                                                 0.00       0.00
  input external delay                                                        0.10       0.10 f
  b_bits_i[3] (in)                                                  0.05      0.00       0.10 f
  b_bits_i[3] (net)                             8         0.02                0.00       0.10 f
  U375/Y (INV_X16M_A6P5PP140ZTS_C35)                                0.01      0.01       0.11 r
  n354 (net)                                    1         0.00                0.00       0.11 r
  U750/Y (NAND3_X4TA_A6P5PP140ZTS_C35)                              0.02      0.01       0.13 f
  n275 (net)                                    1         0.00                0.00       0.13 f
  U745/Y (NAND3_X4TA_A6P5PP140ZTS_C35)                              0.02      0.02       0.15 r
  n655 (net)                                    2         0.00                0.00       0.15 r
  U464/Y (NAND2_X8TA_A6P5PP140ZTS_C35)                              0.02      0.02       0.17 f
  n596 (net)                                    4         0.01                0.00       0.17 f
  U870/Y (XOR2_X3M_A6P5PP140ZTS_C35)                                0.02      0.03       0.20 f
  n356 (net)                                    2         0.00                0.00       0.20 f
  U775/Y (OAI21_X4M_A6P5PP140ZTS_C35)                               0.03      0.03       0.22 r
  n919 (net)                                    4         0.00                0.00       0.22 r
  U785/Y (NOR2_X3TA_A6P5PP140ZTS_C35)                               0.01      0.01       0.24 f
  n731 (net)                                    2         0.00                0.00       0.24 f
  U735/Y (OA1B2_X6M_A6P5PP140ZTS_C35)                               0.01      0.03       0.27 f
  n728 (net)                                    5         0.00                0.00       0.27 f
  U782/Y (OAI21_X3M_A6P5PP140ZTS_C35)                               0.03      0.02       0.29 r
  n718 (net)                                    2         0.00                0.00       0.29 r
  U204/Y (INV_X3M_A6P5PP140ZTS_C35)                                 0.01      0.01       0.30 f
  n699 (net)                                    2         0.00                0.00       0.30 f
  U910/Y (OAI21_X2M_A6P5PP140ZTS_C35)                               0.03      0.02       0.33 r
  n689 (net)                                    1         0.00                0.00       0.33 r
  U442/Y (XNOR2_X4M_A6P5PP140ZTS_C35)                               0.02      0.03       0.36 r
  n691 (net)                                    1         0.00                0.00       0.36 r
  U499/Y (NAND2_X2M_A6P5PP140ZTS_C35)                               0.02      0.02       0.38 f
  n692 (net)                                    1         0.00                0.00       0.38 f
  U556/Y (NAND2_X6M_A6P5PP140ZTS_C35)                               0.02      0.02       0.39 r
  n786 (net)                                    2         0.00                0.00       0.39 r
  U192/Y (NAND2_X4TA_A6P5PP140ZTS_C35)                              0.04      0.03       0.42 f
  n827 (net)                                    6         0.01                0.00       0.42 f
  U662/Y (INV_X2M_A6P5PP140ZTS_C35)                                 0.02      0.02       0.44 r
  n176 (net)                                    1         0.00                0.00       0.44 r
  U440/Y (NAND2_X3M_A6P5PP140ZTS_C35)                               0.02      0.01       0.45 f
  n74 (net)                                     1         0.00                0.00       0.45 f
  U275/Y (NAND2_X4TA_A6P5PP140ZTS_C35)                              0.01      0.01       0.46 r
  n801 (net)                                    2         0.00                0.00       0.46 r
  U659/Y (OAI21_X3M_A6P5PP140ZTS_C35)                               0.01      0.01       0.48 f
  n174 (net)                                    1         0.00                0.00       0.48 f
  U294/Y (NAND2_X3TA_A6P5PP140ZTS_C35)                              0.02      0.02       0.49 r
  n1000 (net)                                   3         0.00                0.00       0.49 r
  U340/Y (NOR2_X3TA_A6P5PP140ZTS_C35)                               0.02      0.02       0.51 f
  n1138 (net)                                   4         0.00                0.00       0.51 f
  U515/Y (NOR3_X2TA_A6P5PP140ZTS_C35)                               0.02      0.02       0.53 r
  n105 (net)                                    1         0.00                0.00       0.53 r
  U524/Y (AO21A1AI2_X3M_A6P5PP140ZTS_C35)                           0.04      0.03       0.56 f
  n532 (net)                                    2         0.00                0.00       0.56 f
  U260/Y (NAND2_X8TA_A6P5PP140ZTS_C35)                              0.02      0.02       0.58 r
  n906 (net)                                    7         0.01                0.00       0.58 r
  U145/Y (AOI21_X3M_A6P5PP140ZTS_C35)                               0.02      0.02       0.60 f
  n846 (net)                                    1         0.00                0.00       0.60 f
  U1062/Y (XNOR2_X4M_A6P5PP140ZTS_C35)                              0.03      0.03       0.63 f
  n1212 (net)                                   4         0.00                0.00       0.63 f
  U959/Y (XOR2_X4M_A6P5PP140ZTS_C35)                                0.03      0.03       0.66 f
  u_dut/u_mac/ULSD/a_int[7] (net)               3         0.00                0.00       0.66 f
  U1005/Y (INV_X2P5M_A6P5PP140ZTS_C35)                              0.01      0.01       0.68 r
  n479 (net)                                    1         0.00                0.00       0.68 r
  U920/Y (AO21A1AI2_X3M_A6P5PP140ZTS_C35)                           0.02      0.02       0.70 f
  n385 (net)                                    1         0.00                0.00       0.70 f
  U306/Y (NAND2_X3TA_A6P5PP140ZTS_C35)                              0.01      0.01       0.72 r
  n547 (net)                                    1         0.00                0.00       0.72 r
  U575/Y (NOR2_X4TA_A6P5PP140ZTS_C35)                               0.02      0.01       0.73 f
  u_dut/u_mac/lzdout[0] (net)                   2         0.00                0.00       0.73 f
  U552/Y (INV_X7M_A6P5PP140ZTS_C35)                                 0.01      0.01       0.74 r
  n114 (net)                                    2         0.01                0.00       0.74 r
  U551/Y (INV_X16M_A6P5PP140ZTS_C35)                                0.01      0.01       0.75 f
  n1274 (net)                                  13         0.02                0.00       0.75 f
  U397/Y (NOR2_X8TA_A6P5PP140ZTS_C35)                               0.01      0.01       0.77 r
  n1236 (net)                                   8         0.00                0.00       0.77 r
  U96/Y (NAND2_X2A_A6P5PP140ZTS_C35)                                0.01      0.01       0.78 f
  n1210 (net)                                   1         0.00                0.00       0.78 f
  U76/Y (OAI21_X0P5M_A6P5PP140ZTS_C35)                              0.05      0.02       0.80 r
  n1215 (net)                                   1         0.00                0.00       0.80 r
  U584/Y (NOR2_X3A_A6P5PP140ZTS_C35)                                0.02      0.02       0.81 f
  n1345 (net)                                   3         0.00                0.00       0.81 f
  U63/Y (AOI21_X2M_A6P5PP140ZTS_C35)                                0.02      0.02       0.83 r
  n54 (net)                                     1         0.00                0.00       0.83 r
  U409/Y (NAND2_X3M_A6P5PP140ZTS_C35)                               0.02      0.02       0.85 f
  n502 (net)                                    2         0.00                0.00       0.85 f
  U504/Y (NOR3_X1A_A6P5PP140ZTS_C35)                                0.05      0.03       0.89 r
  n480 (net)                                    1         0.00                0.00       0.89 r
  U368/Y (AOI21_X3M_A6P5PP140ZTS_C35)                               0.02      0.02       0.91 f
  n34 (net)                                     1         0.00                0.00       0.91 f
  U55/Y (NOR2_X3A_A6P5PP140ZTS_C35)                                 0.02      0.02       0.93 r
  n367 (net)                                    2         0.00                0.00       0.93 r
  U629/Y (NAND2_X4M_A6P5PP140ZTS_C35)                               0.02      0.02       0.94 f
  n1447 (net)                                   3         0.00                0.00       0.94 f
  U690/Y (AOI21_X3M_A6P5PP140ZTS_C35)                               0.01      0.02       0.96 r
  n201 (net)                                    1         0.00                0.00       0.96 r
  U689/Y (NAND3_X1TA_A6P5PP140ZTS_C35)                              0.01      0.01       0.97 f
  n472 (net)                                    1         0.00                0.00       0.97 f
  U971/Y (AOI21_X0P5M_A6P5PP140ZTS_C35)                             0.02      0.02       0.99 r
  u_dut/z_comb[1] (net)                         1         0.00                0.00       0.99 r
  u_dut/z_o_reg[1]/D (DFFRPQA_X1M_A6P5PP140ZTS_C35)                 0.02      0.00       0.99 r
  data arrival time                                                                      0.99

  clock clk (rise edge)                                                       1.00       1.00
  clock network delay (ideal)                                                 0.00       1.00
  clock uncertainty                                                          -0.05       0.95
  u_dut/z_o_reg[1]/CK (DFFRPQA_X1M_A6P5PP140ZTS_C35)                          0.00       0.95 r
  library setup time                                                         -0.04       0.91
  data required time                                                                     0.91
  ----------------------------------------------------------------------------------------------
  data required time                                                                     0.91
  data arrival time                                                                     -0.99
  ----------------------------------------------------------------------------------------------
  slack (VIOLATED)                                                                      -0.08


  Startpoint: b_bits_i[1]
              (input port clocked by clk)
  Endpoint: u_dut/z_o_reg[1]
            (rising edge-triggered flip-flop clocked by clk)
  Path Group: clk
  Path Type: max

  Des/Clust/Port     Wire Load Model       Library
  ------------------------------------------------
  char_top           Zero                  sc6p5mcpp140z_cln22ul_base_svt_c35_tt_typical_max_0p80v_25c

  Point                                       Fanout       Cap     Trans      Incr       Path
  ----------------------------------------------------------------------------------------------
  clock clk (rise edge)                                                       0.00       0.00
  clock network delay (ideal)                                                 0.00       0.00
  input external delay                                                        0.10       0.10 f
  b_bits_i[1] (in)                                                  0.05      0.00       0.10 f
  b_bits_i[1] (net)                             7         0.02                0.00       0.10 f
  U737/Y (INV_X16M_A6P5PP140ZTS_C35)                                0.02      0.02       0.12 r
  n608 (net)                                    2         0.01                0.00       0.12 r
  U726/Y (NAND3_X4TA_A6P5PP140ZTS_C35)                              0.02      0.02       0.13 f
  n235 (net)                                    1         0.00                0.00       0.13 f
  U745/Y (NAND3_X4TA_A6P5PP140ZTS_C35)                              0.02      0.02       0.15 r
  n655 (net)                                    2         0.00                0.00       0.15 r
  U464/Y (NAND2_X8TA_A6P5PP140ZTS_C35)                              0.02      0.02       0.17 f
  n596 (net)                                    4         0.01                0.00       0.17 f
  U870/Y (XOR2_X3M_A6P5PP140ZTS_C35)                                0.02      0.03       0.20 f
  n356 (net)                                    2         0.00                0.00       0.20 f
  U775/Y (OAI21_X4M_A6P5PP140ZTS_C35)                               0.03      0.03       0.22 r
  n919 (net)                                    4         0.00                0.00       0.22 r
  U785/Y (NOR2_X3TA_A6P5PP140ZTS_C35)                               0.01      0.01       0.24 f
  n731 (net)                                    2         0.00                0.00       0.24 f
  U735/Y (OA1B2_X6M_A6P5PP140ZTS_C35)                               0.01      0.03       0.27 f
  n728 (net)                                    5         0.00                0.00       0.27 f
  U782/Y (OAI21_X3M_A6P5PP140ZTS_C35)                               0.03      0.02       0.29 r
  n718 (net)                                    2         0.00                0.00       0.29 r
  U204/Y (INV_X3M_A6P5PP140ZTS_C35)                                 0.01      0.01       0.30 f
  n699 (net)                                    2         0.00                0.00       0.30 f
  U910/Y (OAI21_X2M_A6P5PP140ZTS_C35)                               0.03      0.02       0.33 r
  n689 (net)                                    1         0.00                0.00       0.33 r
  U442/Y (XNOR2_X4M_A6P5PP140ZTS_C35)                               0.02      0.03       0.36 r
  n691 (net)                                    1         0.00                0.00       0.36 r
  U499/Y (NAND2_X2M_A6P5PP140ZTS_C35)                               0.02      0.02       0.38 f
  n692 (net)                                    1         0.00                0.00       0.38 f
  U556/Y (NAND2_X6M_A6P5PP140ZTS_C35)                               0.02      0.02       0.39 r
  n786 (net)                                    2         0.00                0.00       0.39 r
  U192/Y (NAND2_X4TA_A6P5PP140ZTS_C35)                              0.04      0.03       0.42 f
  n827 (net)                                    6         0.01                0.00       0.42 f
  U662/Y (INV_X2M_A6P5PP140ZTS_C35)                                 0.02      0.02       0.44 r
  n176 (net)                                    1         0.00                0.00       0.44 r
  U440/Y (NAND2_X3M_A6P5PP140ZTS_C35)                               0.02      0.01       0.45 f
  n74 (net)                                     1         0.00                0.00       0.45 f
  U275/Y (NAND2_X4TA_A6P5PP140ZTS_C35)                              0.01      0.01       0.46 r
  n801 (net)                                    2         0.00                0.00       0.46 r
  U659/Y (OAI21_X3M_A6P5PP140ZTS_C35)                               0.01      0.01       0.48 f
  n174 (net)                                    1         0.00                0.00       0.48 f
  U294/Y (NAND2_X3TA_A6P5PP140ZTS_C35)                              0.02      0.02       0.49 r
  n1000 (net)                                   3         0.00                0.00       0.49 r
  U340/Y (NOR2_X3TA_A6P5PP140ZTS_C35)                               0.02      0.02       0.51 f
  n1138 (net)                                   4         0.00                0.00       0.51 f
  U515/Y (NOR3_X2TA_A6P5PP140ZTS_C35)                               0.02      0.02       0.53 r
  n105 (net)                                    1         0.00                0.00       0.53 r
  U524/Y (AO21A1AI2_X3M_A6P5PP140ZTS_C35)                           0.04      0.03       0.56 f
  n532 (net)                                    2         0.00                0.00       0.56 f
  U260/Y (NAND2_X8TA_A6P5PP140ZTS_C35)                              0.02      0.02       0.58 r
  n906 (net)                                    7         0.01                0.00       0.58 r
  U145/Y (AOI21_X3M_A6P5PP140ZTS_C35)                               0.02      0.02       0.60 f
  n846 (net)                                    1         0.00                0.00       0.60 f
  U1062/Y (XNOR2_X4M_A6P5PP140ZTS_C35)                              0.03      0.03       0.63 f
  n1212 (net)                                   4         0.00                0.00       0.63 f
  U959/Y (XOR2_X4M_A6P5PP140ZTS_C35)                                0.03      0.03       0.66 f
  u_dut/u_mac/ULSD/a_int[7] (net)               3         0.00                0.00       0.66 f
  U1005/Y (INV_X2P5M_A6P5PP140ZTS_C35)                              0.01      0.01       0.68 r
  n479 (net)                                    1         0.00                0.00       0.68 r
  U920/Y (AO21A1AI2_X3M_A6P5PP140ZTS_C35)                           0.02      0.02       0.70 f
  n385 (net)                                    1         0.00                0.00       0.70 f
  U306/Y (NAND2_X3TA_A6P5PP140ZTS_C35)                              0.01      0.01       0.72 r
  n547 (net)                                    1         0.00                0.00       0.72 r
  U575/Y (NOR2_X4TA_A6P5PP140ZTS_C35)                               0.02      0.01       0.73 f
  u_dut/u_mac/lzdout[0] (net)                   2         0.00                0.00       0.73 f
  U552/Y (INV_X7M_A6P5PP140ZTS_C35)                                 0.01      0.01       0.74 r
  n114 (net)                                    2         0.01                0.00       0.74 r
  U551/Y (INV_X16M_A6P5PP140ZTS_C35)                                0.01      0.01       0.75 f
  n1274 (net)                                  13         0.02                0.00       0.75 f
  U397/Y (NOR2_X8TA_A6P5PP140ZTS_C35)                               0.01      0.01       0.77 r
  n1236 (net)                                   8         0.00                0.00       0.77 r
  U96/Y (NAND2_X2A_A6P5PP140ZTS_C35)                                0.01      0.01       0.78 f
  n1210 (net)                                   1         0.00                0.00       0.78 f
  U76/Y (OAI21_X0P5M_A6P5PP140ZTS_C35)                              0.05      0.02       0.80 r
  n1215 (net)                                   1         0.00                0.00       0.80 r
  U584/Y (NOR2_X3A_A6P5PP140ZTS_C35)                                0.02      0.02       0.81 f
  n1345 (net)                                   3         0.00                0.00       0.81 f
  U63/Y (AOI21_X2M_A6P5PP140ZTS_C35)                                0.02      0.02       0.83 r
  n54 (net)                                     1         0.00                0.00       0.83 r
  U409/Y (NAND2_X3M_A6P5PP140ZTS_C35)                               0.02      0.02       0.85 f
  n502 (net)                                    2         0.00                0.00       0.85 f
  U504/Y (NOR3_X1A_A6P5PP140ZTS_C35)                                0.05      0.03       0.89 r
  n480 (net)                                    1         0.00                0.00       0.89 r
  U368/Y (AOI21_X3M_A6P5PP140ZTS_C35)                               0.02      0.02       0.91 f
  n34 (net)                                     1         0.00                0.00       0.91 f
  U55/Y (NOR2_X3A_A6P5PP140ZTS_C35)                                 0.02      0.02       0.93 r
  n367 (net)                                    2         0.00                0.00       0.93 r
  U629/Y (NAND2_X4M_A6P5PP140ZTS_C35)                               0.02      0.02       0.94 f
  n1447 (net)                                   3         0.00                0.00       0.94 f
  U690/Y (AOI21_X3M_A6P5PP140ZTS_C35)                               0.01      0.02       0.96 r
  n201 (net)                                    1         0.00                0.00       0.96 r
  U689/Y (NAND3_X1TA_A6P5PP140ZTS_C35)                              0.01      0.01       0.97 f
  n472 (net)                                    1         0.00                0.00       0.97 f
  U971/Y (AOI21_X0P5M_A6P5PP140ZTS_C35)                             0.02      0.02       0.99 r
  u_dut/z_comb[1] (net)                         1         0.00                0.00       0.99 r
  u_dut/z_o_reg[1]/D (DFFRPQA_X1M_A6P5PP140ZTS_C35)                 0.02      0.00       0.99 r
  data arrival time                                                                      0.99

  clock clk (rise edge)                                                       1.00       1.00
  clock network delay (ideal)                                                 0.00       1.00
  clock uncertainty                                                          -0.05       0.95
  u_dut/z_o_reg[1]/CK (DFFRPQA_X1M_A6P5PP140ZTS_C35)                          0.00       0.95 r
  library setup time                                                         -0.04       0.91
  data required time                                                                     0.91
  ----------------------------------------------------------------------------------------------
  data required time                                                                     0.91
  data arrival time                                                                     -0.99
  ----------------------------------------------------------------------------------------------
  slack (VIOLATED)                                                                      -0.08


  Startpoint: b_bits_i[1]
              (input port clocked by clk)
  Endpoint: u_dut/status_o_reg[4]
            (rising edge-triggered flip-flop clocked by clk)
  Path Group: clk
  Path Type: max

  Des/Clust/Port     Wire Load Model       Library
  ------------------------------------------------
  char_top           Zero                  sc6p5mcpp140z_cln22ul_base_svt_c35_tt_typical_max_0p80v_25c

  Point                                       Fanout       Cap     Trans      Incr       Path
  ----------------------------------------------------------------------------------------------
  clock clk (rise edge)                                                       0.00       0.00
  clock network delay (ideal)                                                 0.00       0.00
  input external delay                                                        0.10       0.10 f
  b_bits_i[1] (in)                                                  0.05      0.00       0.10 f
  b_bits_i[1] (net)                             7         0.02                0.00       0.10 f
  U737/Y (INV_X16M_A6P5PP140ZTS_C35)                                0.02      0.02       0.12 r
  n608 (net)                                    2         0.01                0.00       0.12 r
  U726/Y (NAND3_X4TA_A6P5PP140ZTS_C35)                              0.02      0.02       0.13 f
  n235 (net)                                    1         0.00                0.00       0.13 f
  U745/Y (NAND3_X4TA_A6P5PP140ZTS_C35)                              0.02      0.02       0.15 r
  n655 (net)                                    2         0.00                0.00       0.15 r
  U464/Y (NAND2_X8TA_A6P5PP140ZTS_C35)                              0.02      0.02       0.17 f
  n596 (net)                                    4         0.01                0.00       0.17 f
  U870/Y (XOR2_X3M_A6P5PP140ZTS_C35)                                0.02      0.03       0.20 f
  n356 (net)                                    2         0.00                0.00       0.20 f
  U775/Y (OAI21_X4M_A6P5PP140ZTS_C35)                               0.03      0.03       0.22 r
  n919 (net)                                    4         0.00                0.00       0.22 r
  U785/Y (NOR2_X3TA_A6P5PP140ZTS_C35)                               0.01      0.01       0.24 f
  n731 (net)                                    2         0.00                0.00       0.24 f
  U735/Y (OA1B2_X6M_A6P5PP140ZTS_C35)                               0.01      0.03       0.27 f
  n728 (net)                                    5         0.00                0.00       0.27 f
  U782/Y (OAI21_X3M_A6P5PP140ZTS_C35)                               0.03      0.02       0.29 r
  n718 (net)                                    2         0.00                0.00       0.29 r
  U204/Y (INV_X3M_A6P5PP140ZTS_C35)                                 0.01      0.01       0.30 f
  n699 (net)                                    2         0.00                0.00       0.30 f
  U910/Y (OAI21_X2M_A6P5PP140ZTS_C35)                               0.03      0.02       0.33 r
  n689 (net)                                    1         0.00                0.00       0.33 r
  U442/Y (XNOR2_X4M_A6P5PP140ZTS_C35)                               0.02      0.03       0.36 r
  n691 (net)                                    1         0.00                0.00       0.36 r
  U499/Y (NAND2_X2M_A6P5PP140ZTS_C35)                               0.02      0.02       0.38 f
  n692 (net)                                    1         0.00                0.00       0.38 f
  U556/Y (NAND2_X6M_A6P5PP140ZTS_C35)                               0.02      0.02       0.39 r
  n786 (net)                                    2         0.00                0.00       0.39 r
  U192/Y (NAND2_X4TA_A6P5PP140ZTS_C35)                              0.04      0.03       0.42 f
  n827 (net)                                    6         0.01                0.00       0.42 f
  U662/Y (INV_X2M_A6P5PP140ZTS_C35)                                 0.02      0.02       0.44 r
  n176 (net)                                    1         0.00                0.00       0.44 r
  U440/Y (NAND2_X3M_A6P5PP140ZTS_C35)                               0.02      0.01       0.45 f
  n74 (net)                                     1         0.00                0.00       0.45 f
  U275/Y (NAND2_X4TA_A6P5PP140ZTS_C35)                              0.01      0.01       0.46 r
  n801 (net)                                    2         0.00                0.00       0.46 r
  U659/Y (OAI21_X3M_A6P5PP140ZTS_C35)                               0.01      0.01       0.48 f
  n174 (net)                                    1         0.00                0.00       0.48 f
  U294/Y (NAND2_X3TA_A6P5PP140ZTS_C35)                              0.02      0.02       0.49 r
  n1000 (net)                                   3         0.00                0.00       0.49 r
  U340/Y (NOR2_X3TA_A6P5PP140ZTS_C35)                               0.02      0.02       0.51 f
  n1138 (net)                                   4         0.00                0.00       0.51 f
  U515/Y (NOR3_X2TA_A6P5PP140ZTS_C35)                               0.02      0.02       0.53 r
  n105 (net)                                    1         0.00                0.00       0.53 r
  U524/Y (AO21A1AI2_X3M_A6P5PP140ZTS_C35)                           0.04      0.03       0.56 f
  n532 (net)                                    2         0.00                0.00       0.56 f
  U260/Y (NAND2_X8TA_A6P5PP140ZTS_C35)                              0.02      0.02       0.58 r
  n906 (net)                                    7         0.01                0.00       0.58 r
  U272/Y (AOI21_X4M_A6P5PP140ZTS_C35)                               0.02      0.02       0.60 f
  n599 (net)                                    1         0.00                0.00       0.60 f
  U1030/Y (XNOR2_X4M_A6P5PP140ZTS_C35)                              0.03      0.03       0.63 f
  n1397 (net)                                   4         0.00                0.00       0.63 f
  U808/Y (XOR2_X4M_A6P5PP140ZTS_C35)                                0.03      0.03       0.66 f
  u_dut/u_mac/ULSD/a_int[9] (net)               2         0.00                0.00       0.66 f
  U572/Y (NOR2_X6A_A6P5PP140ZTS_C35)                                0.03      0.03       0.69 r
  u_dut/u_mac/ULSD/U1/enc_tree[1][1][12] (net)
                                                3         0.01                0.00       0.69 r
  U128/Y (INV_X3M_A6P5PP140ZTS_C35)                                 0.01      0.01       0.70 f
  n441 (net)                                    1         0.00                0.00       0.70 f
  U667/Y (OAI21_X4M_A6P5PP140ZTS_C35)                               0.03      0.02       0.72 r
  u_dut/u_mac/ULSD/U1/enc_tree[1][2][12] (net)
                                                2         0.00                0.00       0.72 r
  U569/Y (NOR2_X8A_A6P5PP140ZTS_C35)                                0.02      0.01       0.74 f
  u_dut/u_mac/lzdout[1] (net)                   5         0.01                0.00       0.74 f
  U119/Y (INV_X4M_A6P5PP140ZTS_C35)                                 0.01      0.01       0.75 r
  n1109 (net)                                   2         0.00                0.00       0.75 r
  U642/Y (XOR2_X3M_A6P5PP140ZTS_C35)                                0.03      0.02       0.77 r
  n175 (net)                                    1         0.00                0.00       0.77 r
  U331/Y (NOR2_X3A_A6P5PP140ZTS_C35)                                0.01      0.01       0.79 f
  n587 (net)                                    2         0.00                0.00       0.79 f
  U927/Y (INV_X1P4M_A6P5PP140ZTS_C35)                               0.01      0.01       0.80 r
  n394 (net)                                    1         0.00                0.00       0.80 r
  U518/Y (NOR2_X3TA_A6P5PP140ZTS_C35)                               0.02      0.01       0.81 f
  n1193 (net)                                   5         0.00                0.00       0.81 f
  U934/Y (AND2_X2M_A6P5PP140ZTS_C35)                                0.01      0.02       0.84 f
  n1170 (net)                                   1         0.00                0.00       0.84 f
  U1380/Y (MXIT2_X3M_A6P5PP140ZTS_C35)                              0.03      0.02       0.85 r
  n1178 (net)                                   1         0.00                0.00       0.85 r
  U326/Y (NAND3_X4M_A6P5PP140ZTS_C35)                               0.03      0.02       0.88 f
  n1316 (net)                                   3         0.00                0.00       0.88 f
  U48/Y (INV_X1M_A6P5PP140ZTS_C35)                                  0.03      0.02       0.90 r
  n1454 (net)                                   2         0.00                0.00       0.90 r
  U1481/Y (XOR2_X0P5M_A6P5PP140ZTS_C35)                             0.03      0.03       0.93 r
  n1419 (net)                                   1         0.00                0.00       0.93 r
  U827/Y (INV_X1M_A6P5PP140ZTS_C35)                                 0.02      0.02       0.95 f
  n296 (net)                                    1         0.00                0.00       0.95 f
  U284/Y (NOR2_X3A_A6P5PP140ZTS_C35)                                0.02      0.02       0.96 r
  n602 (net)                                    2         0.00                0.00       0.96 r
  U1082/Y (INV_X1M_A6P5PP140ZTS_C35)                                0.01      0.01       0.97 f
  n1420 (net)                                   1         0.00                0.00       0.97 f
  U1083/Y (OAI22_X1M_A6P5PP140ZTS_C35)                              0.03      0.02       0.99 r
  n1469 (net)                                   1         0.00                0.00       0.99 r
  u_dut/status_o_reg[4]/D (DFFRPQA_X1M_A6P5PP140ZTS_C35)            0.03      0.00       0.99 r
  data arrival time                                                                      0.99

  clock clk (rise edge)                                                       1.00       1.00
  clock network delay (ideal)                                                 0.00       1.00
  clock uncertainty                                                          -0.05       0.95
  u_dut/status_o_reg[4]/CK (DFFRPQA_X1M_A6P5PP140ZTS_C35)                     0.00       0.95 r
  library setup time                                                         -0.04       0.91
  data required time                                                                     0.91
  ----------------------------------------------------------------------------------------------
  data required time                                                                     0.91
  data arrival time                                                                     -0.99
  ----------------------------------------------------------------------------------------------
  slack (VIOLATED)                                                                      -0.08


  Startpoint: b_bits_i[1]
              (input port clocked by clk)
  Endpoint: u_dut/status_o_reg[4]
            (rising edge-triggered flip-flop clocked by clk)
  Path Group: clk
  Path Type: max

  Des/Clust/Port     Wire Load Model       Library
  ------------------------------------------------
  char_top           Zero                  sc6p5mcpp140z_cln22ul_base_svt_c35_tt_typical_max_0p80v_25c

  Point                                       Fanout       Cap     Trans      Incr       Path
  ----------------------------------------------------------------------------------------------
  clock clk (rise edge)                                                       0.00       0.00
  clock network delay (ideal)                                                 0.00       0.00
  input external delay                                                        0.10       0.10 f
  b_bits_i[1] (in)                                                  0.05      0.00       0.10 f
  b_bits_i[1] (net)                             7         0.02                0.00       0.10 f
  U737/Y (INV_X16M_A6P5PP140ZTS_C35)                                0.02      0.02       0.12 r
  n608 (net)                                    2         0.01                0.00       0.12 r
  U726/Y (NAND3_X4TA_A6P5PP140ZTS_C35)                              0.02      0.02       0.13 f
  n235 (net)                                    1         0.00                0.00       0.13 f
  U745/Y (NAND3_X4TA_A6P5PP140ZTS_C35)                              0.02      0.02       0.15 r
  n655 (net)                                    2         0.00                0.00       0.15 r
  U464/Y (NAND2_X8TA_A6P5PP140ZTS_C35)                              0.02      0.02       0.17 f
  n596 (net)                                    4         0.01                0.00       0.17 f
  U870/Y (XOR2_X3M_A6P5PP140ZTS_C35)                                0.02      0.03       0.20 f
  n356 (net)                                    2         0.00                0.00       0.20 f
  U775/Y (OAI21_X4M_A6P5PP140ZTS_C35)                               0.03      0.03       0.22 r
  n919 (net)                                    4         0.00                0.00       0.22 r
  U785/Y (NOR2_X3TA_A6P5PP140ZTS_C35)                               0.01      0.01       0.24 f
  n731 (net)                                    2         0.00                0.00       0.24 f
  U735/Y (OA1B2_X6M_A6P5PP140ZTS_C35)                               0.01      0.03       0.27 f
  n728 (net)                                    5         0.00                0.00       0.27 f
  U782/Y (OAI21_X3M_A6P5PP140ZTS_C35)                               0.03      0.02       0.29 r
  n718 (net)                                    2         0.00                0.00       0.29 r
  U204/Y (INV_X3M_A6P5PP140ZTS_C35)                                 0.01      0.01       0.30 f
  n699 (net)                                    2         0.00                0.00       0.30 f
  U910/Y (OAI21_X2M_A6P5PP140ZTS_C35)                               0.03      0.02       0.33 r
  n689 (net)                                    1         0.00                0.00       0.33 r
  U442/Y (XNOR2_X4M_A6P5PP140ZTS_C35)                               0.02      0.03       0.36 r
  n691 (net)                                    1         0.00                0.00       0.36 r
  U499/Y (NAND2_X2M_A6P5PP140ZTS_C35)                               0.02      0.02       0.38 f
  n692 (net)                                    1         0.00                0.00       0.38 f
  U556/Y (NAND2_X6M_A6P5PP140ZTS_C35)                               0.02      0.02       0.39 r
  n786 (net)                                    2         0.00                0.00       0.39 r
  U192/Y (NAND2_X4TA_A6P5PP140ZTS_C35)                              0.04      0.03       0.42 f
  n827 (net)                                    6         0.01                0.00       0.42 f
  U662/Y (INV_X2M_A6P5PP140ZTS_C35)                                 0.02      0.02       0.44 r
  n176 (net)                                    1         0.00                0.00       0.44 r
  U440/Y (NAND2_X3M_A6P5PP140ZTS_C35)                               0.02      0.01       0.45 f
  n74 (net)                                     1         0.00                0.00       0.45 f
  U275/Y (NAND2_X4TA_A6P5PP140ZTS_C35)                              0.01      0.01       0.46 r
  n801 (net)                                    2         0.00                0.00       0.46 r
  U659/Y (OAI21_X3M_A6P5PP140ZTS_C35)                               0.01      0.01       0.48 f
  n174 (net)                                    1         0.00                0.00       0.48 f
  U294/Y (NAND2_X3TA_A6P5PP140ZTS_C35)                              0.02      0.02       0.49 r
  n1000 (net)                                   3         0.00                0.00       0.49 r
  U340/Y (NOR2_X3TA_A6P5PP140ZTS_C35)                               0.02      0.02       0.51 f
  n1138 (net)                                   4         0.00                0.00       0.51 f
  U515/Y (NOR3_X2TA_A6P5PP140ZTS_C35)                               0.02      0.02       0.53 r
  n105 (net)                                    1         0.00                0.00       0.53 r
  U524/Y (AO21A1AI2_X3M_A6P5PP140ZTS_C35)                           0.04      0.03       0.56 f
  n532 (net)                                    2         0.00                0.00       0.56 f
  U260/Y (NAND2_X8TA_A6P5PP140ZTS_C35)                              0.02      0.02       0.58 r
  n906 (net)                                    7         0.01                0.00       0.58 r
  U272/Y (AOI21_X4M_A6P5PP140ZTS_C35)                               0.02      0.02       0.60 f
  n599 (net)                                    1         0.00                0.00       0.60 f
  U1030/Y (XNOR2_X4M_A6P5PP140ZTS_C35)                              0.03      0.03       0.63 f
  n1397 (net)                                   4         0.00                0.00       0.63 f
  U808/Y (XOR2_X4M_A6P5PP140ZTS_C35)                                0.03      0.03       0.66 f
  u_dut/u_mac/ULSD/a_int[9] (net)               2         0.00                0.00       0.66 f
  U572/Y (NOR2_X6A_A6P5PP140ZTS_C35)                                0.03      0.03       0.69 r
  u_dut/u_mac/ULSD/U1/enc_tree[1][1][12] (net)
                                                3         0.01                0.00       0.69 r
  U128/Y (INV_X3M_A6P5PP140ZTS_C35)                                 0.01      0.01       0.70 f
  n441 (net)                                    1         0.00                0.00       0.70 f
  U667/Y (OAI21_X4M_A6P5PP140ZTS_C35)                               0.03      0.02       0.72 r
  u_dut/u_mac/ULSD/U1/enc_tree[1][2][12] (net)
                                                2         0.00                0.00       0.72 r
  U569/Y (NOR2_X8A_A6P5PP140ZTS_C35)                                0.02      0.01       0.74 f
  u_dut/u_mac/lzdout[1] (net)                   5         0.01                0.00       0.74 f
  U119/Y (INV_X4M_A6P5PP140ZTS_C35)                                 0.01      0.01       0.75 r
  n1109 (net)                                   2         0.00                0.00       0.75 r
  U642/Y (XOR2_X3M_A6P5PP140ZTS_C35)                                0.03      0.02       0.77 r
  n175 (net)                                    1         0.00                0.00       0.77 r
  U331/Y (NOR2_X3A_A6P5PP140ZTS_C35)                                0.01      0.01       0.79 f
  n587 (net)                                    2         0.00                0.00       0.79 f
  U927/Y (INV_X1P4M_A6P5PP140ZTS_C35)                               0.01      0.01       0.80 r
  n394 (net)                                    1         0.00                0.00       0.80 r
  U518/Y (NOR2_X3TA_A6P5PP140ZTS_C35)                               0.02      0.01       0.81 f
  n1193 (net)                                   5         0.00                0.00       0.81 f
  U934/Y (AND2_X2M_A6P5PP140ZTS_C35)                                0.01      0.02       0.84 f
  n1170 (net)                                   1         0.00                0.00       0.84 f
  U1380/Y (MXIT2_X3M_A6P5PP140ZTS_C35)                              0.03      0.02       0.85 r
  n1178 (net)                                   1         0.00                0.00       0.85 r
  U326/Y (NAND3_X4M_A6P5PP140ZTS_C35)                               0.03      0.02       0.88 f
  n1316 (net)                                   3         0.00                0.00       0.88 f
  U48/Y (INV_X1M_A6P5PP140ZTS_C35)                                  0.03      0.02       0.90 r
  n1454 (net)                                   2         0.00                0.00       0.90 r
  U1481/Y (XOR2_X0P5M_A6P5PP140ZTS_C35)                             0.03      0.03       0.93 r
  n1419 (net)                                   1         0.00                0.00       0.93 r
  U827/Y (INV_X1M_A6P5PP140ZTS_C35)                                 0.02      0.02       0.95 f
  n296 (net)                                    1         0.00                0.00       0.95 f
  U284/Y (NOR2_X3A_A6P5PP140ZTS_C35)                                0.02      0.02       0.96 r
  n602 (net)                                    2         0.00                0.00       0.96 r
  U1082/Y (INV_X1M_A6P5PP140ZTS_C35)                                0.01      0.01       0.97 f
  n1420 (net)                                   1         0.00                0.00       0.97 f
  U1083/Y (OAI22_X1M_A6P5PP140ZTS_C35)                              0.03      0.02       0.99 r
  n1469 (net)                                   1         0.00                0.00       0.99 r
  u_dut/status_o_reg[4]/D (DFFRPQA_X1M_A6P5PP140ZTS_C35)            0.03      0.00       0.99 r
  data arrival time                                                                      0.99

  clock clk (rise edge)                                                       1.00       1.00
  clock network delay (ideal)                                                 0.00       1.00
  clock uncertainty                                                          -0.05       0.95
  u_dut/status_o_reg[4]/CK (DFFRPQA_X1M_A6P5PP140ZTS_C35)                     0.00       0.95 r
  library setup time                                                         -0.04       0.91
  data required time                                                                     0.91
  ----------------------------------------------------------------------------------------------
  data required time                                                                     0.91
  data arrival time                                                                     -0.99
  ----------------------------------------------------------------------------------------------
  slack (VIOLATED)                                                                      -0.08


  Startpoint: b_bits_i[1]
              (input port clocked by clk)
  Endpoint: u_dut/status_o_reg[4]
            (rising edge-triggered flip-flop clocked by clk)
  Path Group: clk
  Path Type: max

  Des/Clust/Port     Wire Load Model       Library
  ------------------------------------------------
  char_top           Zero                  sc6p5mcpp140z_cln22ul_base_svt_c35_tt_typical_max_0p80v_25c

  Point                                       Fanout       Cap     Trans      Incr       Path
  ----------------------------------------------------------------------------------------------
  clock clk (rise edge)                                                       0.00       0.00
  clock network delay (ideal)                                                 0.00       0.00
  input external delay                                                        0.10       0.10 f
  b_bits_i[1] (in)                                                  0.05      0.00       0.10 f
  b_bits_i[1] (net)                             7         0.02                0.00       0.10 f
  U737/Y (INV_X16M_A6P5PP140ZTS_C35)                                0.02      0.02       0.12 r
  n608 (net)                                    2         0.01                0.00       0.12 r
  U726/Y (NAND3_X4TA_A6P5PP140ZTS_C35)                              0.02      0.02       0.13 f
  n235 (net)                                    1         0.00                0.00       0.13 f
  U745/Y (NAND3_X4TA_A6P5PP140ZTS_C35)                              0.02      0.02       0.15 r
  n655 (net)                                    2         0.00                0.00       0.15 r
  U464/Y (NAND2_X8TA_A6P5PP140ZTS_C35)                              0.02      0.02       0.17 f
  n596 (net)                                    4         0.01                0.00       0.17 f
  U870/Y (XOR2_X3M_A6P5PP140ZTS_C35)                                0.02      0.03       0.20 f
  n356 (net)                                    2         0.00                0.00       0.20 f
  U775/Y (OAI21_X4M_A6P5PP140ZTS_C35)                               0.03      0.03       0.22 r
  n919 (net)                                    4         0.00                0.00       0.22 r
  U785/Y (NOR2_X3TA_A6P5PP140ZTS_C35)                               0.01      0.01       0.24 f
  n731 (net)                                    2         0.00                0.00       0.24 f
  U735/Y (OA1B2_X6M_A6P5PP140ZTS_C35)                               0.01      0.03       0.27 f
  n728 (net)                                    5         0.00                0.00       0.27 f
  U782/Y (OAI21_X3M_A6P5PP140ZTS_C35)                               0.03      0.02       0.29 r
  n718 (net)                                    2         0.00                0.00       0.29 r
  U204/Y (INV_X3M_A6P5PP140ZTS_C35)                                 0.01      0.01       0.30 f
  n699 (net)                                    2         0.00                0.00       0.30 f
  U910/Y (OAI21_X2M_A6P5PP140ZTS_C35)                               0.03      0.02       0.33 r
  n689 (net)                                    1         0.00                0.00       0.33 r
  U442/Y (XNOR2_X4M_A6P5PP140ZTS_C35)                               0.02      0.03       0.36 r
  n691 (net)                                    1         0.00                0.00       0.36 r
  U499/Y (NAND2_X2M_A6P5PP140ZTS_C35)                               0.02      0.02       0.38 f
  n692 (net)                                    1         0.00                0.00       0.38 f
  U556/Y (NAND2_X6M_A6P5PP140ZTS_C35)                               0.02      0.02       0.39 r
  n786 (net)                                    2         0.00                0.00       0.39 r
  U192/Y (NAND2_X4TA_A6P5PP140ZTS_C35)                              0.04      0.03       0.42 f
  n827 (net)                                    6         0.01                0.00       0.42 f
  U662/Y (INV_X2M_A6P5PP140ZTS_C35)                                 0.02      0.02       0.44 r
  n176 (net)                                    1         0.00                0.00       0.44 r
  U440/Y (NAND2_X3M_A6P5PP140ZTS_C35)                               0.02      0.01       0.45 f
  n74 (net)                                     1         0.00                0.00       0.45 f
  U275/Y (NAND2_X4TA_A6P5PP140ZTS_C35)                              0.01      0.01       0.46 r
  n801 (net)                                    2         0.00                0.00       0.46 r
  U659/Y (OAI21_X3M_A6P5PP140ZTS_C35)                               0.01      0.01       0.48 f
  n174 (net)                                    1         0.00                0.00       0.48 f
  U294/Y (NAND2_X3TA_A6P5PP140ZTS_C35)                              0.02      0.02       0.49 r
  n1000 (net)                                   3         0.00                0.00       0.49 r
  U340/Y (NOR2_X3TA_A6P5PP140ZTS_C35)                               0.02      0.02       0.51 f
  n1138 (net)                                   4         0.00                0.00       0.51 f
  U515/Y (NOR3_X2TA_A6P5PP140ZTS_C35)                               0.02      0.02       0.53 r
  n105 (net)                                    1         0.00                0.00       0.53 r
  U524/Y (AO21A1AI2_X3M_A6P5PP140ZTS_C35)                           0.04      0.03       0.56 f
  n532 (net)                                    2         0.00                0.00       0.56 f
  U260/Y (NAND2_X8TA_A6P5PP140ZTS_C35)                              0.02      0.02       0.58 r
  n906 (net)                                    7         0.01                0.00       0.58 r
  U272/Y (AOI21_X4M_A6P5PP140ZTS_C35)                               0.02      0.02       0.60 f
  n599 (net)                                    1         0.00                0.00       0.60 f
  U1030/Y (XNOR2_X4M_A6P5PP140ZTS_C35)                              0.03      0.03       0.63 f
  n1397 (net)                                   4         0.00                0.00       0.63 f
  U808/Y (XOR2_X4M_A6P5PP140ZTS_C35)                                0.03      0.03       0.66 f
  u_dut/u_mac/ULSD/a_int[9] (net)               2         0.00                0.00       0.66 f
  U572/Y (NOR2_X6A_A6P5PP140ZTS_C35)                                0.03      0.03       0.69 r
  u_dut/u_mac/ULSD/U1/enc_tree[1][1][12] (net)
                                                3         0.01                0.00       0.69 r
  U128/Y (INV_X3M_A6P5PP140ZTS_C35)                                 0.01      0.01       0.70 f
  n441 (net)                                    1         0.00                0.00       0.70 f
  U667/Y (OAI21_X4M_A6P5PP140ZTS_C35)                               0.03      0.02       0.72 r
  u_dut/u_mac/ULSD/U1/enc_tree[1][2][12] (net)
                                                2         0.00                0.00       0.72 r
  U569/Y (NOR2_X8A_A6P5PP140ZTS_C35)                                0.02      0.01       0.74 f
  u_dut/u_mac/lzdout[1] (net)                   5         0.01                0.00       0.74 f
  U119/Y (INV_X4M_A6P5PP140ZTS_C35)                                 0.01      0.01       0.75 r
  n1109 (net)                                   2         0.00                0.00       0.75 r
  U642/Y (XOR2_X3M_A6P5PP140ZTS_C35)                                0.03      0.02       0.77 r
  n175 (net)                                    1         0.00                0.00       0.77 r
  U331/Y (NOR2_X3A_A6P5PP140ZTS_C35)                                0.01      0.01       0.79 f
  n587 (net)                                    2         0.00                0.00       0.79 f
  U927/Y (INV_X1P4M_A6P5PP140ZTS_C35)                               0.01      0.01       0.80 r
  n394 (net)                                    1         0.00                0.00       0.80 r
  U518/Y (NOR2_X3TA_A6P5PP140ZTS_C35)                               0.02      0.01       0.81 f
  n1193 (net)                                   5         0.00                0.00       0.81 f
  U934/Y (AND2_X2M_A6P5PP140ZTS_C35)                                0.01      0.02       0.84 f
  n1170 (net)                                   1         0.00                0.00       0.84 f
  U1380/Y (MXIT2_X3M_A6P5PP140ZTS_C35)                              0.03      0.02       0.85 r
  n1178 (net)                                   1         0.00                0.00       0.85 r
  U326/Y (NAND3_X4M_A6P5PP140ZTS_C35)                               0.03      0.02       0.88 f
  n1316 (net)                                   3         0.00                0.00       0.88 f
  U48/Y (INV_X1M_A6P5PP140ZTS_C35)                                  0.03      0.02       0.90 r
  n1454 (net)                                   2         0.00                0.00       0.90 r
  U1481/Y (XOR2_X0P5M_A6P5PP140ZTS_C35)                             0.03      0.03       0.93 r
  n1419 (net)                                   1         0.00                0.00       0.93 r
  U827/Y (INV_X1M_A6P5PP140ZTS_C35)                                 0.02      0.02       0.95 f
  n296 (net)                                    1         0.00                0.00       0.95 f
  U284/Y (NOR2_X3A_A6P5PP140ZTS_C35)                                0.02      0.02       0.96 r
  n602 (net)                                    2         0.00                0.00       0.96 r
  U1082/Y (INV_X1M_A6P5PP140ZTS_C35)                                0.01      0.01       0.97 f
  n1420 (net)                                   1         0.00                0.00       0.97 f
  U1083/Y (OAI22_X1M_A6P5PP140ZTS_C35)                              0.03      0.02       0.99 r
  n1469 (net)                                   1         0.00                0.00       0.99 r
  u_dut/status_o_reg[4]/D (DFFRPQA_X1M_A6P5PP140ZTS_C35)            0.03      0.00       0.99 r
  data arrival time                                                                      0.99

  clock clk (rise edge)                                                       1.00       1.00
  clock network delay (ideal)                                                 0.00       1.00
  clock uncertainty                                                          -0.05       0.95
  u_dut/status_o_reg[4]/CK (DFFRPQA_X1M_A6P5PP140ZTS_C35)                     0.00       0.95 r
  library setup time                                                         -0.04       0.91
  data required time                                                                     0.91
  ----------------------------------------------------------------------------------------------
  data required time                                                                     0.91
  data arrival time                                                                     -0.99
  ----------------------------------------------------------------------------------------------
  slack (VIOLATED)                                                                      -0.08


  Startpoint: b_bits_i[1]
              (input port clocked by clk)
  Endpoint: u_dut/status_o_reg[4]
            (rising edge-triggered flip-flop clocked by clk)
  Path Group: clk
  Path Type: max

  Des/Clust/Port     Wire Load Model       Library
  ------------------------------------------------
  char_top           Zero                  sc6p5mcpp140z_cln22ul_base_svt_c35_tt_typical_max_0p80v_25c

  Point                                       Fanout       Cap     Trans      Incr       Path
  ----------------------------------------------------------------------------------------------
  clock clk (rise edge)                                                       0.00       0.00
  clock network delay (ideal)                                                 0.00       0.00
  input external delay                                                        0.10       0.10 f
  b_bits_i[1] (in)                                                  0.05      0.00       0.10 f
  b_bits_i[1] (net)                             7         0.02                0.00       0.10 f
  U737/Y (INV_X16M_A6P5PP140ZTS_C35)                                0.02      0.02       0.12 r
  n608 (net)                                    2         0.01                0.00       0.12 r
  U726/Y (NAND3_X4TA_A6P5PP140ZTS_C35)                              0.02      0.02       0.13 f
  n235 (net)                                    1         0.00                0.00       0.13 f
  U745/Y (NAND3_X4TA_A6P5PP140ZTS_C35)                              0.02      0.02       0.15 r
  n655 (net)                                    2         0.00                0.00       0.15 r
  U464/Y (NAND2_X8TA_A6P5PP140ZTS_C35)                              0.02      0.02       0.17 f
  n596 (net)                                    4         0.01                0.00       0.17 f
  U870/Y (XOR2_X3M_A6P5PP140ZTS_C35)                                0.02      0.03       0.20 f
  n356 (net)                                    2         0.00                0.00       0.20 f
  U775/Y (OAI21_X4M_A6P5PP140ZTS_C35)                               0.03      0.03       0.22 r
  n919 (net)                                    4         0.00                0.00       0.22 r
  U785/Y (NOR2_X3TA_A6P5PP140ZTS_C35)                               0.01      0.01       0.24 f
  n731 (net)                                    2         0.00                0.00       0.24 f
  U735/Y (OA1B2_X6M_A6P5PP140ZTS_C35)                               0.01      0.03       0.27 f
  n728 (net)                                    5         0.00                0.00       0.27 f
  U782/Y (OAI21_X3M_A6P5PP140ZTS_C35)                               0.03      0.02       0.29 r
  n718 (net)                                    2         0.00                0.00       0.29 r
  U204/Y (INV_X3M_A6P5PP140ZTS_C35)                                 0.01      0.01       0.30 f
  n699 (net)                                    2         0.00                0.00       0.30 f
  U910/Y (OAI21_X2M_A6P5PP140ZTS_C35)                               0.03      0.02       0.33 r
  n689 (net)                                    1         0.00                0.00       0.33 r
  U442/Y (XNOR2_X4M_A6P5PP140ZTS_C35)                               0.02      0.03       0.36 r
  n691 (net)                                    1         0.00                0.00       0.36 r
  U499/Y (NAND2_X2M_A6P5PP140ZTS_C35)                               0.02      0.02       0.38 f
  n692 (net)                                    1         0.00                0.00       0.38 f
  U556/Y (NAND2_X6M_A6P5PP140ZTS_C35)                               0.02      0.02       0.39 r
  n786 (net)                                    2         0.00                0.00       0.39 r
  U192/Y (NAND2_X4TA_A6P5PP140ZTS_C35)                              0.04      0.03       0.42 f
  n827 (net)                                    6         0.01                0.00       0.42 f
  U662/Y (INV_X2M_A6P5PP140ZTS_C35)                                 0.02      0.02       0.44 r
  n176 (net)                                    1         0.00                0.00       0.44 r
  U440/Y (NAND2_X3M_A6P5PP140ZTS_C35)                               0.02      0.01       0.45 f
  n74 (net)                                     1         0.00                0.00       0.45 f
  U275/Y (NAND2_X4TA_A6P5PP140ZTS_C35)                              0.01      0.01       0.46 r
  n801 (net)                                    2         0.00                0.00       0.46 r
  U659/Y (OAI21_X3M_A6P5PP140ZTS_C35)                               0.01      0.01       0.48 f
  n174 (net)                                    1         0.00                0.00       0.48 f
  U294/Y (NAND2_X3TA_A6P5PP140ZTS_C35)                              0.02      0.02       0.49 r
  n1000 (net)                                   3         0.00                0.00       0.49 r
  U340/Y (NOR2_X3TA_A6P5PP140ZTS_C35)                               0.02      0.02       0.51 f
  n1138 (net)                                   4         0.00                0.00       0.51 f
  U515/Y (NOR3_X2TA_A6P5PP140ZTS_C35)                               0.02      0.02       0.53 r
  n105 (net)                                    1         0.00                0.00       0.53 r
  U524/Y (AO21A1AI2_X3M_A6P5PP140ZTS_C35)                           0.04      0.03       0.56 f
  n532 (net)                                    2         0.00                0.00       0.56 f
  U260/Y (NAND2_X8TA_A6P5PP140ZTS_C35)                              0.02      0.02       0.58 r
  n906 (net)                                    7         0.01                0.00       0.58 r
  U272/Y (AOI21_X4M_A6P5PP140ZTS_C35)                               0.02      0.02       0.60 f
  n599 (net)                                    1         0.00                0.00       0.60 f
  U1030/Y (XNOR2_X4M_A6P5PP140ZTS_C35)                              0.03      0.03       0.63 f
  n1397 (net)                                   4         0.00                0.00       0.63 f
  U808/Y (XOR2_X4M_A6P5PP140ZTS_C35)                                0.03      0.03       0.66 f
  u_dut/u_mac/ULSD/a_int[9] (net)               2         0.00                0.00       0.66 f
  U572/Y (NOR2_X6A_A6P5PP140ZTS_C35)                                0.03      0.03       0.69 r
  u_dut/u_mac/ULSD/U1/enc_tree[1][1][12] (net)
                                                3         0.01                0.00       0.69 r
  U128/Y (INV_X3M_A6P5PP140ZTS_C35)                                 0.01      0.01       0.70 f
  n441 (net)                                    1         0.00                0.00       0.70 f
  U667/Y (OAI21_X4M_A6P5PP140ZTS_C35)                               0.03      0.02       0.72 r
  u_dut/u_mac/ULSD/U1/enc_tree[1][2][12] (net)
                                                2         0.00                0.00       0.72 r
  U569/Y (NOR2_X8A_A6P5PP140ZTS_C35)                                0.02      0.01       0.74 f
  u_dut/u_mac/lzdout[1] (net)                   5         0.01                0.00       0.74 f
  U119/Y (INV_X4M_A6P5PP140ZTS_C35)                                 0.01      0.01       0.75 r
  n1109 (net)                                   2         0.00                0.00       0.75 r
  U642/Y (XOR2_X3M_A6P5PP140ZTS_C35)                                0.03      0.02       0.77 r
  n175 (net)                                    1         0.00                0.00       0.77 r
  U331/Y (NOR2_X3A_A6P5PP140ZTS_C35)                                0.01      0.01       0.79 f
  n587 (net)                                    2         0.00                0.00       0.79 f
  U927/Y (INV_X1P4M_A6P5PP140ZTS_C35)                               0.01      0.01       0.80 r
  n394 (net)                                    1         0.00                0.00       0.80 r
  U518/Y (NOR2_X3TA_A6P5PP140ZTS_C35)                               0.02      0.01       0.81 f
  n1193 (net)                                   5         0.00                0.00       0.81 f
  U934/Y (AND2_X2M_A6P5PP140ZTS_C35)                                0.01      0.02       0.84 f
  n1170 (net)                                   1         0.00                0.00       0.84 f
  U1380/Y (MXIT2_X3M_A6P5PP140ZTS_C35)                              0.03      0.02       0.85 r
  n1178 (net)                                   1         0.00                0.00       0.85 r
  U326/Y (NAND3_X4M_A6P5PP140ZTS_C35)                               0.03      0.02       0.88 f
  n1316 (net)                                   3         0.00                0.00       0.88 f
  U48/Y (INV_X1M_A6P5PP140ZTS_C35)                                  0.03      0.02       0.90 r
  n1454 (net)                                   2         0.00                0.00       0.90 r
  U1481/Y (XOR2_X0P5M_A6P5PP140ZTS_C35)                             0.03      0.03       0.93 r
  n1419 (net)                                   1         0.00                0.00       0.93 r
  U827/Y (INV_X1M_A6P5PP140ZTS_C35)                                 0.02      0.02       0.95 f
  n296 (net)                                    1         0.00                0.00       0.95 f
  U284/Y (NOR2_X3A_A6P5PP140ZTS_C35)                                0.02      0.02       0.96 r
  n602 (net)                                    2         0.00                0.00       0.96 r
  U1082/Y (INV_X1M_A6P5PP140ZTS_C35)                                0.01      0.01       0.97 f
  n1420 (net)                                   1         0.00                0.00       0.97 f
  U1083/Y (OAI22_X1M_A6P5PP140ZTS_C35)                              0.03      0.02       0.99 r
  n1469 (net)                                   1         0.00                0.00       0.99 r
  u_dut/status_o_reg[4]/D (DFFRPQA_X1M_A6P5PP140ZTS_C35)            0.03      0.00       0.99 r
  data arrival time                                                                      0.99

  clock clk (rise edge)                                                       1.00       1.00
  clock network delay (ideal)                                                 0.00       1.00
  clock uncertainty                                                          -0.05       0.95
  u_dut/status_o_reg[4]/CK (DFFRPQA_X1M_A6P5PP140ZTS_C35)                     0.00       0.95 r
  library setup time                                                         -0.04       0.91
  data required time                                                                     0.91
  ----------------------------------------------------------------------------------------------
  data required time                                                                     0.91
  data arrival time                                                                     -0.99
  ----------------------------------------------------------------------------------------------
  slack (VIOLATED)                                                                      -0.08


  Startpoint: b_bits_i[3]
              (input port clocked by clk)
  Endpoint: u_dut/status_o_reg[4]
            (rising edge-triggered flip-flop clocked by clk)
  Path Group: clk
  Path Type: max

  Des/Clust/Port     Wire Load Model       Library
  ------------------------------------------------
  char_top           Zero                  sc6p5mcpp140z_cln22ul_base_svt_c35_tt_typical_max_0p80v_25c

  Point                                       Fanout       Cap     Trans      Incr       Path
  ----------------------------------------------------------------------------------------------
  clock clk (rise edge)                                                       0.00       0.00
  clock network delay (ideal)                                                 0.00       0.00
  input external delay                                                        0.10       0.10 f
  b_bits_i[3] (in)                                                  0.05      0.00       0.10 f
  b_bits_i[3] (net)                             8         0.02                0.00       0.10 f
  U375/Y (INV_X16M_A6P5PP140ZTS_C35)                                0.01      0.01       0.11 r
  n354 (net)                                    1         0.00                0.00       0.11 r
  U750/Y (NAND3_X4TA_A6P5PP140ZTS_C35)                              0.02      0.01       0.13 f
  n275 (net)                                    1         0.00                0.00       0.13 f
  U745/Y (NAND3_X4TA_A6P5PP140ZTS_C35)                              0.02      0.02       0.15 r
  n655 (net)                                    2         0.00                0.00       0.15 r
  U464/Y (NAND2_X8TA_A6P5PP140ZTS_C35)                              0.02      0.02       0.17 f
  n596 (net)                                    4         0.01                0.00       0.17 f
  U870/Y (XOR2_X3M_A6P5PP140ZTS_C35)                                0.02      0.03       0.20 f
  n356 (net)                                    2         0.00                0.00       0.20 f
  U775/Y (OAI21_X4M_A6P5PP140ZTS_C35)                               0.03      0.03       0.22 r
  n919 (net)                                    4         0.00                0.00       0.22 r
  U785/Y (NOR2_X3TA_A6P5PP140ZTS_C35)                               0.01      0.01       0.24 f
  n731 (net)                                    2         0.00                0.00       0.24 f
  U735/Y (OA1B2_X6M_A6P5PP140ZTS_C35)                               0.01      0.03       0.27 f
  n728 (net)                                    5         0.00                0.00       0.27 f
  U782/Y (OAI21_X3M_A6P5PP140ZTS_C35)                               0.03      0.02       0.29 r
  n718 (net)                                    2         0.00                0.00       0.29 r
  U204/Y (INV_X3M_A6P5PP140ZTS_C35)                                 0.01      0.01       0.30 f
  n699 (net)                                    2         0.00                0.00       0.30 f
  U910/Y (OAI21_X2M_A6P5PP140ZTS_C35)                               0.03      0.02       0.33 r
  n689 (net)                                    1         0.00                0.00       0.33 r
  U442/Y (XNOR2_X4M_A6P5PP140ZTS_C35)                               0.02      0.03       0.36 r
  n691 (net)                                    1         0.00                0.00       0.36 r
  U499/Y (NAND2_X2M_A6P5PP140ZTS_C35)                               0.02      0.02       0.38 f
  n692 (net)                                    1         0.00                0.00       0.38 f
  U556/Y (NAND2_X6M_A6P5PP140ZTS_C35)                               0.02      0.02       0.39 r
  n786 (net)                                    2         0.00                0.00       0.39 r
  U192/Y (NAND2_X4TA_A6P5PP140ZTS_C35)                              0.04      0.03       0.42 f
  n827 (net)                                    6         0.01                0.00       0.42 f
  U662/Y (INV_X2M_A6P5PP140ZTS_C35)                                 0.02      0.02       0.44 r
  n176 (net)                                    1         0.00                0.00       0.44 r
  U440/Y (NAND2_X3M_A6P5PP140ZTS_C35)                               0.02      0.01       0.45 f
  n74 (net)                                     1         0.00                0.00       0.45 f
  U275/Y (NAND2_X4TA_A6P5PP140ZTS_C35)                              0.01      0.01       0.46 r
  n801 (net)                                    2         0.00                0.00       0.46 r
  U659/Y (OAI21_X3M_A6P5PP140ZTS_C35)                               0.01      0.01       0.48 f
  n174 (net)                                    1         0.00                0.00       0.48 f
  U294/Y (NAND2_X3TA_A6P5PP140ZTS_C35)                              0.02      0.02       0.49 r
  n1000 (net)                                   3         0.00                0.00       0.49 r
  U340/Y (NOR2_X3TA_A6P5PP140ZTS_C35)                               0.02      0.02       0.51 f
  n1138 (net)                                   4         0.00                0.00       0.51 f
  U515/Y (NOR3_X2TA_A6P5PP140ZTS_C35)                               0.02      0.02       0.53 r
  n105 (net)                                    1         0.00                0.00       0.53 r
  U524/Y (AO21A1AI2_X3M_A6P5PP140ZTS_C35)                           0.04      0.03       0.56 f
  n532 (net)                                    2         0.00                0.00       0.56 f
  U260/Y (NAND2_X8TA_A6P5PP140ZTS_C35)                              0.02      0.02       0.58 r
  n906 (net)                                    7         0.01                0.00       0.58 r
  U272/Y (AOI21_X4M_A6P5PP140ZTS_C35)                               0.02      0.02       0.60 f
  n599 (net)                                    1         0.00                0.00       0.60 f
  U1030/Y (XNOR2_X4M_A6P5PP140ZTS_C35)                              0.03      0.03       0.63 f
  n1397 (net)                                   4         0.00                0.00       0.63 f
  U808/Y (XOR2_X4M_A6P5PP140ZTS_C35)                                0.03      0.03       0.66 f
  u_dut/u_mac/ULSD/a_int[9] (net)               2         0.00                0.00       0.66 f
  U572/Y (NOR2_X6A_A6P5PP140ZTS_C35)                                0.03      0.03       0.69 r
  u_dut/u_mac/ULSD/U1/enc_tree[1][1][12] (net)
                                                3         0.01                0.00       0.69 r
  U128/Y (INV_X3M_A6P5PP140ZTS_C35)                                 0.01      0.01       0.70 f
  n441 (net)                                    1         0.00                0.00       0.70 f
  U667/Y (OAI21_X4M_A6P5PP140ZTS_C35)                               0.03      0.02       0.72 r
  u_dut/u_mac/ULSD/U1/enc_tree[1][2][12] (net)
                                                2         0.00                0.00       0.72 r
  U569/Y (NOR2_X8A_A6P5PP140ZTS_C35)                                0.02      0.01       0.74 f
  u_dut/u_mac/lzdout[1] (net)                   5         0.01                0.00       0.74 f
  U119/Y (INV_X4M_A6P5PP140ZTS_C35)                                 0.01      0.01       0.75 r
  n1109 (net)                                   2         0.00                0.00       0.75 r
  U642/Y (XOR2_X3M_A6P5PP140ZTS_C35)                                0.03      0.02       0.77 r
  n175 (net)                                    1         0.00                0.00       0.77 r
  U331/Y (NOR2_X3A_A6P5PP140ZTS_C35)                                0.01      0.01       0.79 f
  n587 (net)                                    2         0.00                0.00       0.79 f
  U927/Y (INV_X1P4M_A6P5PP140ZTS_C35)                               0.01      0.01       0.80 r
  n394 (net)                                    1         0.00                0.00       0.80 r
  U518/Y (NOR2_X3TA_A6P5PP140ZTS_C35)                               0.02      0.01       0.81 f
  n1193 (net)                                   5         0.00                0.00       0.81 f
  U934/Y (AND2_X2M_A6P5PP140ZTS_C35)                                0.01      0.02       0.84 f
  n1170 (net)                                   1         0.00                0.00       0.84 f
  U1380/Y (MXIT2_X3M_A6P5PP140ZTS_C35)                              0.03      0.02       0.85 r
  n1178 (net)                                   1         0.00                0.00       0.85 r
  U326/Y (NAND3_X4M_A6P5PP140ZTS_C35)                               0.03      0.02       0.88 f
  n1316 (net)                                   3         0.00                0.00       0.88 f
  U48/Y (INV_X1M_A6P5PP140ZTS_C35)                                  0.03      0.02       0.90 r
  n1454 (net)                                   2         0.00                0.00       0.90 r
  U1481/Y (XOR2_X0P5M_A6P5PP140ZTS_C35)                             0.03      0.03       0.93 r
  n1419 (net)                                   1         0.00                0.00       0.93 r
  U827/Y (INV_X1M_A6P5PP140ZTS_C35)                                 0.02      0.02       0.95 f
  n296 (net)                                    1         0.00                0.00       0.95 f
  U284/Y (NOR2_X3A_A6P5PP140ZTS_C35)                                0.02      0.02       0.96 r
  n602 (net)                                    2         0.00                0.00       0.96 r
  U1082/Y (INV_X1M_A6P5PP140ZTS_C35)                                0.01      0.01       0.97 f
  n1420 (net)                                   1         0.00                0.00       0.97 f
  U1083/Y (OAI22_X1M_A6P5PP140ZTS_C35)                              0.03      0.02       0.99 r
  n1469 (net)                                   1         0.00                0.00       0.99 r
  u_dut/status_o_reg[4]/D (DFFRPQA_X1M_A6P5PP140ZTS_C35)            0.03      0.00       0.99 r
  data arrival time                                                                      0.99

  clock clk (rise edge)                                                       1.00       1.00
  clock network delay (ideal)                                                 0.00       1.00
  clock uncertainty                                                          -0.05       0.95
  u_dut/status_o_reg[4]/CK (DFFRPQA_X1M_A6P5PP140ZTS_C35)                     0.00       0.95 r
  library setup time                                                         -0.04       0.91
  data required time                                                                     0.91
  ----------------------------------------------------------------------------------------------
  data required time                                                                     0.91
  data arrival time                                                                     -0.99
  ----------------------------------------------------------------------------------------------
  slack (VIOLATED)                                                                      -0.08


  Startpoint: b_bits_i[1]
              (input port clocked by clk)
  Endpoint: u_dut/z_o_reg[2]
            (rising edge-triggered flip-flop clocked by clk)
  Path Group: clk
  Path Type: max

  Des/Clust/Port     Wire Load Model       Library
  ------------------------------------------------
  char_top           Zero                  sc6p5mcpp140z_cln22ul_base_svt_c35_tt_typical_max_0p80v_25c

  Point                                       Fanout       Cap     Trans      Incr       Path
  ----------------------------------------------------------------------------------------------
  clock clk (rise edge)                                                       0.00       0.00
  clock network delay (ideal)                                                 0.00       0.00
  input external delay                                                        0.10       0.10 f
  b_bits_i[1] (in)                                                  0.05      0.00       0.10 f
  b_bits_i[1] (net)                             7         0.02                0.00       0.10 f
  U737/Y (INV_X16M_A6P5PP140ZTS_C35)                                0.02      0.02       0.12 r
  n608 (net)                                    2         0.01                0.00       0.12 r
  U726/Y (NAND3_X4TA_A6P5PP140ZTS_C35)                              0.02      0.02       0.13 f
  n235 (net)                                    1         0.00                0.00       0.13 f
  U745/Y (NAND3_X4TA_A6P5PP140ZTS_C35)                              0.02      0.02       0.15 r
  n655 (net)                                    2         0.00                0.00       0.15 r
  U464/Y (NAND2_X8TA_A6P5PP140ZTS_C35)                              0.02      0.02       0.17 f
  n596 (net)                                    4         0.01                0.00       0.17 f
  U870/Y (XOR2_X3M_A6P5PP140ZTS_C35)                                0.02      0.03       0.20 f
  n356 (net)                                    2         0.00                0.00       0.20 f
  U775/Y (OAI21_X4M_A6P5PP140ZTS_C35)                               0.03      0.03       0.22 r
  n919 (net)                                    4         0.00                0.00       0.22 r
  U785/Y (NOR2_X3TA_A6P5PP140ZTS_C35)                               0.01      0.01       0.24 f
  n731 (net)                                    2         0.00                0.00       0.24 f
  U735/Y (OA1B2_X6M_A6P5PP140ZTS_C35)                               0.01      0.03       0.27 f
  n728 (net)                                    5         0.00                0.00       0.27 f
  U782/Y (OAI21_X3M_A6P5PP140ZTS_C35)                               0.03      0.02       0.29 r
  n718 (net)                                    2         0.00                0.00       0.29 r
  U204/Y (INV_X3M_A6P5PP140ZTS_C35)                                 0.01      0.01       0.30 f
  n699 (net)                                    2         0.00                0.00       0.30 f
  U910/Y (OAI21_X2M_A6P5PP140ZTS_C35)                               0.03      0.02       0.33 r
  n689 (net)                                    1         0.00                0.00       0.33 r
  U442/Y (XNOR2_X4M_A6P5PP140ZTS_C35)                               0.02      0.03       0.36 r
  n691 (net)                                    1         0.00                0.00       0.36 r
  U499/Y (NAND2_X2M_A6P5PP140ZTS_C35)                               0.02      0.02       0.38 f
  n692 (net)                                    1         0.00                0.00       0.38 f
  U556/Y (NAND2_X6M_A6P5PP140ZTS_C35)                               0.02      0.02       0.39 r
  n786 (net)                                    2         0.00                0.00       0.39 r
  U192/Y (NAND2_X4TA_A6P5PP140ZTS_C35)                              0.04      0.03       0.42 f
  n827 (net)                                    6         0.01                0.00       0.42 f
  U662/Y (INV_X2M_A6P5PP140ZTS_C35)                                 0.02      0.02       0.44 r
  n176 (net)                                    1         0.00                0.00       0.44 r
  U440/Y (NAND2_X3M_A6P5PP140ZTS_C35)                               0.02      0.01       0.45 f
  n74 (net)                                     1         0.00                0.00       0.45 f
  U275/Y (NAND2_X4TA_A6P5PP140ZTS_C35)                              0.01      0.01       0.46 r
  n801 (net)                                    2         0.00                0.00       0.46 r
  U659/Y (OAI21_X3M_A6P5PP140ZTS_C35)                               0.01      0.01       0.48 f
  n174 (net)                                    1         0.00                0.00       0.48 f
  U294/Y (NAND2_X3TA_A6P5PP140ZTS_C35)                              0.02      0.02       0.49 r
  n1000 (net)                                   3         0.00                0.00       0.49 r
  U340/Y (NOR2_X3TA_A6P5PP140ZTS_C35)                               0.02      0.02       0.51 f
  n1138 (net)                                   4         0.00                0.00       0.51 f
  U515/Y (NOR3_X2TA_A6P5PP140ZTS_C35)                               0.02      0.02       0.53 r
  n105 (net)                                    1         0.00                0.00       0.53 r
  U524/Y (AO21A1AI2_X3M_A6P5PP140ZTS_C35)                           0.04      0.03       0.56 f
  n532 (net)                                    2         0.00                0.00       0.56 f
  U260/Y (NAND2_X8TA_A6P5PP140ZTS_C35)                              0.02      0.02       0.58 r
  n906 (net)                                    7         0.01                0.00       0.58 r
  U145/Y (AOI21_X3M_A6P5PP140ZTS_C35)                               0.02      0.02       0.60 f
  n846 (net)                                    1         0.00                0.00       0.60 f
  U1062/Y (XNOR2_X4M_A6P5PP140ZTS_C35)                              0.03      0.03       0.63 f
  n1212 (net)                                   4         0.00                0.00       0.63 f
  U959/Y (XOR2_X4M_A6P5PP140ZTS_C35)                                0.03      0.03       0.66 f
  u_dut/u_mac/ULSD/a_int[7] (net)               3         0.00                0.00       0.66 f
  U1005/Y (INV_X2P5M_A6P5PP140ZTS_C35)                              0.01      0.01       0.68 r
  n479 (net)                                    1         0.00                0.00       0.68 r
  U920/Y (AO21A1AI2_X3M_A6P5PP140ZTS_C35)                           0.02      0.02       0.70 f
  n385 (net)                                    1         0.00                0.00       0.70 f
  U306/Y (NAND2_X3TA_A6P5PP140ZTS_C35)                              0.01      0.01       0.72 r
  n547 (net)                                    1         0.00                0.00       0.72 r
  U575/Y (NOR2_X4TA_A6P5PP140ZTS_C35)                               0.02      0.01       0.73 f
  u_dut/u_mac/lzdout[0] (net)                   2         0.00                0.00       0.73 f
  U552/Y (INV_X7M_A6P5PP140ZTS_C35)                                 0.01      0.01       0.74 r
  n114 (net)                                    2         0.01                0.00       0.74 r
  U551/Y (INV_X16M_A6P5PP140ZTS_C35)                                0.01      0.01       0.75 f
  n1274 (net)                                  13         0.02                0.00       0.75 f
  U103/Y (NAND2_X1A_A6P5PP140ZTS_C35)                               0.02      0.02       0.77 r
  n1245 (net)                                   2         0.00                0.00       0.77 r
  U834/Y (INV_X2M_A6P5PP140ZTS_C35)                                 0.01      0.01       0.78 f
  n303 (net)                                    1         0.00                0.00       0.78 f
  U833/Y (NOR2_X2TA_A6P5PP140ZTS_C35)                               0.02      0.02       0.80 r
  n1252 (net)                                   2         0.00                0.00       0.80 r
  U612/Y (NAND3_X1A_A6P5PP140ZTS_C35)                               0.03      0.02       0.82 f
  n147 (net)                                    1         0.00                0.00       0.82 f
  U376/Y (NAND3_X2M_A6P5PP140ZTS_C35)                               0.02      0.02       0.84 r
  n154 (net)                                    1         0.00                0.00       0.84 r
  U77/Y (NOR2_X1P4TA_A6P5PP140ZTS_C35)                              0.01      0.01       0.85 f
  n161 (net)                                    1         0.00                0.00       0.85 f
  U378/Y (NAND2_X4M_A6P5PP140ZTS_C35)                               0.02      0.02       0.87 r
  n483 (net)                                    1         0.00                0.00       0.87 r
  U367/Y (NOR2_X8TA_A6P5PP140ZTS_C35)                               0.02      0.01       0.88 f
  n1332 (net)                                   6         0.01                0.00       0.88 f
  U993/Y (AOI21_X2M_A6P5PP140ZTS_C35)                               0.02      0.02       0.90 r
  n1467 (net)                                   2         0.00                0.00       0.90 r
  U929/Y (AOI21_X3M_A6P5PP140ZTS_C35)                               0.02      0.02       0.92 f
  n1431 (net)                                   4         0.00                0.00       0.92 f
  U333/Y (NOR2_X3A_A6P5PP140ZTS_C35)                                0.02      0.02       0.94 r
  n556 (net)                                    1         0.00                0.00       0.94 r
  U549/Y (NAND2_X3M_A6P5PP140ZTS_C35)                               0.01      0.01       0.96 f
  n159 (net)                                    1         0.00                0.00       0.96 f
  U634/Y (INV_X2P5M_A6P5PP140ZTS_C35)                               0.01      0.01       0.96 r
  n1449 (net)                                   2         0.00                0.00       0.96 r
  U26/Y (NOR2_X1TA_A6P5PP140ZTS_C35)                                0.02      0.01       0.98 f
  n225 (net)                                    1         0.00                0.00       0.98 f
  U729/Y (AOI21_X2M_A6P5PP140ZTS_C35)                               0.02      0.02       0.99 r
  u_dut/z_comb[2] (net)                         1         0.00                0.00       0.99 r
  u_dut/z_o_reg[2]/D (DFFRPQA_X1M_A6P5PP140ZTS_C35)                 0.02      0.00       0.99 r
  data arrival time                                                                      0.99

  clock clk (rise edge)                                                       1.00       1.00
  clock network delay (ideal)                                                 0.00       1.00
  clock uncertainty                                                          -0.05       0.95
  u_dut/z_o_reg[2]/CK (DFFRPQA_X1M_A6P5PP140ZTS_C35)                          0.00       0.95 r
  library setup time                                                         -0.04       0.91
  data required time                                                                     0.91
  ----------------------------------------------------------------------------------------------
  data required time                                                                     0.91
  data arrival time                                                                     -0.99
  ----------------------------------------------------------------------------------------------
  slack (VIOLATED)                                                                      -0.08


  Startpoint: b_bits_i[3]
              (input port clocked by clk)
  Endpoint: u_dut/z_o_reg[2]
            (rising edge-triggered flip-flop clocked by clk)
  Path Group: clk
  Path Type: max

  Des/Clust/Port     Wire Load Model       Library
  ------------------------------------------------
  char_top           Zero                  sc6p5mcpp140z_cln22ul_base_svt_c35_tt_typical_max_0p80v_25c

  Point                                       Fanout       Cap     Trans      Incr       Path
  ----------------------------------------------------------------------------------------------
  clock clk (rise edge)                                                       0.00       0.00
  clock network delay (ideal)                                                 0.00       0.00
  input external delay                                                        0.10       0.10 f
  b_bits_i[3] (in)                                                  0.05      0.00       0.10 f
  b_bits_i[3] (net)                             8         0.02                0.00       0.10 f
  U375/Y (INV_X16M_A6P5PP140ZTS_C35)                                0.01      0.01       0.11 r
  n354 (net)                                    1         0.00                0.00       0.11 r
  U750/Y (NAND3_X4TA_A6P5PP140ZTS_C35)                              0.02      0.01       0.13 f
  n275 (net)                                    1         0.00                0.00       0.13 f
  U745/Y (NAND3_X4TA_A6P5PP140ZTS_C35)                              0.02      0.02       0.15 r
  n655 (net)                                    2         0.00                0.00       0.15 r
  U464/Y (NAND2_X8TA_A6P5PP140ZTS_C35)                              0.02      0.02       0.17 f
  n596 (net)                                    4         0.01                0.00       0.17 f
  U870/Y (XOR2_X3M_A6P5PP140ZTS_C35)                                0.02      0.03       0.20 f
  n356 (net)                                    2         0.00                0.00       0.20 f
  U775/Y (OAI21_X4M_A6P5PP140ZTS_C35)                               0.03      0.03       0.22 r
  n919 (net)                                    4         0.00                0.00       0.22 r
  U785/Y (NOR2_X3TA_A6P5PP140ZTS_C35)                               0.01      0.01       0.24 f
  n731 (net)                                    2         0.00                0.00       0.24 f
  U735/Y (OA1B2_X6M_A6P5PP140ZTS_C35)                               0.01      0.03       0.27 f
  n728 (net)                                    5         0.00                0.00       0.27 f
  U782/Y (OAI21_X3M_A6P5PP140ZTS_C35)                               0.03      0.02       0.29 r
  n718 (net)                                    2         0.00                0.00       0.29 r
  U204/Y (INV_X3M_A6P5PP140ZTS_C35)                                 0.01      0.01       0.30 f
  n699 (net)                                    2         0.00                0.00       0.30 f
  U910/Y (OAI21_X2M_A6P5PP140ZTS_C35)                               0.03      0.02       0.33 r
  n689 (net)                                    1         0.00                0.00       0.33 r
  U442/Y (XNOR2_X4M_A6P5PP140ZTS_C35)                               0.02      0.03       0.36 r
  n691 (net)                                    1         0.00                0.00       0.36 r
  U499/Y (NAND2_X2M_A6P5PP140ZTS_C35)                               0.02      0.02       0.38 f
  n692 (net)                                    1         0.00                0.00       0.38 f
  U556/Y (NAND2_X6M_A6P5PP140ZTS_C35)                               0.02      0.02       0.39 r
  n786 (net)                                    2         0.00                0.00       0.39 r
  U192/Y (NAND2_X4TA_A6P5PP140ZTS_C35)                              0.04      0.03       0.42 f
  n827 (net)                                    6         0.01                0.00       0.42 f
  U662/Y (INV_X2M_A6P5PP140ZTS_C35)                                 0.02      0.02       0.44 r
  n176 (net)                                    1         0.00                0.00       0.44 r
  U440/Y (NAND2_X3M_A6P5PP140ZTS_C35)                               0.02      0.01       0.45 f
  n74 (net)                                     1         0.00                0.00       0.45 f
  U275/Y (NAND2_X4TA_A6P5PP140ZTS_C35)                              0.01      0.01       0.46 r
  n801 (net)                                    2         0.00                0.00       0.46 r
  U659/Y (OAI21_X3M_A6P5PP140ZTS_C35)                               0.01      0.01       0.48 f
  n174 (net)                                    1         0.00                0.00       0.48 f
  U294/Y (NAND2_X3TA_A6P5PP140ZTS_C35)                              0.02      0.02       0.49 r
  n1000 (net)                                   3         0.00                0.00       0.49 r
  U340/Y (NOR2_X3TA_A6P5PP140ZTS_C35)                               0.02      0.02       0.51 f
  n1138 (net)                                   4         0.00                0.00       0.51 f
  U515/Y (NOR3_X2TA_A6P5PP140ZTS_C35)                               0.02      0.02       0.53 r
  n105 (net)                                    1         0.00                0.00       0.53 r
  U524/Y (AO21A1AI2_X3M_A6P5PP140ZTS_C35)                           0.04      0.03       0.56 f
  n532 (net)                                    2         0.00                0.00       0.56 f
  U260/Y (NAND2_X8TA_A6P5PP140ZTS_C35)                              0.02      0.02       0.58 r
  n906 (net)                                    7         0.01                0.00       0.58 r
  U145/Y (AOI21_X3M_A6P5PP140ZTS_C35)                               0.02      0.02       0.60 f
  n846 (net)                                    1         0.00                0.00       0.60 f
  U1062/Y (XNOR2_X4M_A6P5PP140ZTS_C35)                              0.03      0.03       0.63 f
  n1212 (net)                                   4         0.00                0.00       0.63 f
  U959/Y (XOR2_X4M_A6P5PP140ZTS_C35)                                0.03      0.03       0.66 f
  u_dut/u_mac/ULSD/a_int[7] (net)               3         0.00                0.00       0.66 f
  U1005/Y (INV_X2P5M_A6P5PP140ZTS_C35)                              0.01      0.01       0.68 r
  n479 (net)                                    1         0.00                0.00       0.68 r
  U920/Y (AO21A1AI2_X3M_A6P5PP140ZTS_C35)                           0.02      0.02       0.70 f
  n385 (net)                                    1         0.00                0.00       0.70 f
  U306/Y (NAND2_X3TA_A6P5PP140ZTS_C35)                              0.01      0.01       0.72 r
  n547 (net)                                    1         0.00                0.00       0.72 r
  U575/Y (NOR2_X4TA_A6P5PP140ZTS_C35)                               0.02      0.01       0.73 f
  u_dut/u_mac/lzdout[0] (net)                   2         0.00                0.00       0.73 f
  U552/Y (INV_X7M_A6P5PP140ZTS_C35)                                 0.01      0.01       0.74 r
  n114 (net)                                    2         0.01                0.00       0.74 r
  U551/Y (INV_X16M_A6P5PP140ZTS_C35)                                0.01      0.01       0.75 f
  n1274 (net)                                  13         0.02                0.00       0.75 f
  U103/Y (NAND2_X1A_A6P5PP140ZTS_C35)                               0.02      0.02       0.77 r
  n1245 (net)                                   2         0.00                0.00       0.77 r
  U834/Y (INV_X2M_A6P5PP140ZTS_C35)                                 0.01      0.01       0.78 f
  n303 (net)                                    1         0.00                0.00       0.78 f
  U833/Y (NOR2_X2TA_A6P5PP140ZTS_C35)                               0.02      0.02       0.80 r
  n1252 (net)                                   2         0.00                0.00       0.80 r
  U612/Y (NAND3_X1A_A6P5PP140ZTS_C35)                               0.03      0.02       0.82 f
  n147 (net)                                    1         0.00                0.00       0.82 f
  U376/Y (NAND3_X2M_A6P5PP140ZTS_C35)                               0.02      0.02       0.84 r
  n154 (net)                                    1         0.00                0.00       0.84 r
  U77/Y (NOR2_X1P4TA_A6P5PP140ZTS_C35)                              0.01      0.01       0.85 f
  n161 (net)                                    1         0.00                0.00       0.85 f
  U378/Y (NAND2_X4M_A6P5PP140ZTS_C35)                               0.02      0.02       0.87 r
  n483 (net)                                    1         0.00                0.00       0.87 r
  U367/Y (NOR2_X8TA_A6P5PP140ZTS_C35)                               0.02      0.01       0.88 f
  n1332 (net)                                   6         0.01                0.00       0.88 f
  U993/Y (AOI21_X2M_A6P5PP140ZTS_C35)                               0.02      0.02       0.90 r
  n1467 (net)                                   2         0.00                0.00       0.90 r
  U929/Y (AOI21_X3M_A6P5PP140ZTS_C35)                               0.02      0.02       0.92 f
  n1431 (net)                                   4         0.00                0.00       0.92 f
  U333/Y (NOR2_X3A_A6P5PP140ZTS_C35)                                0.02      0.02       0.94 r
  n556 (net)                                    1         0.00                0.00       0.94 r
  U549/Y (NAND2_X3M_A6P5PP140ZTS_C35)                               0.01      0.01       0.96 f
  n159 (net)                                    1         0.00                0.00       0.96 f
  U634/Y (INV_X2P5M_A6P5PP140ZTS_C35)                               0.01      0.01       0.96 r
  n1449 (net)                                   2         0.00                0.00       0.96 r
  U26/Y (NOR2_X1TA_A6P5PP140ZTS_C35)                                0.02      0.01       0.98 f
  n225 (net)                                    1         0.00                0.00       0.98 f
  U729/Y (AOI21_X2M_A6P5PP140ZTS_C35)                               0.02      0.02       0.99 r
  u_dut/z_comb[2] (net)                         1         0.00                0.00       0.99 r
  u_dut/z_o_reg[2]/D (DFFRPQA_X1M_A6P5PP140ZTS_C35)                 0.02      0.00       0.99 r
  data arrival time                                                                      0.99

  clock clk (rise edge)                                                       1.00       1.00
  clock network delay (ideal)                                                 0.00       1.00
  clock uncertainty                                                          -0.05       0.95
  u_dut/z_o_reg[2]/CK (DFFRPQA_X1M_A6P5PP140ZTS_C35)                          0.00       0.95 r
  library setup time                                                         -0.04       0.91
  data required time                                                                     0.91
  ----------------------------------------------------------------------------------------------
  data required time                                                                     0.91
  data arrival time                                                                     -0.99
  ----------------------------------------------------------------------------------------------
  slack (VIOLATED)                                                                      -0.08


  Startpoint: b_bits_i[1]
              (input port clocked by clk)
  Endpoint: u_dut/z_o_reg[3]
            (rising edge-triggered flip-flop clocked by clk)
  Path Group: clk
  Path Type: max

  Des/Clust/Port     Wire Load Model       Library
  ------------------------------------------------
  char_top           Zero                  sc6p5mcpp140z_cln22ul_base_svt_c35_tt_typical_max_0p80v_25c

  Point                                       Fanout       Cap     Trans      Incr       Path
  ----------------------------------------------------------------------------------------------
  clock clk (rise edge)                                                       0.00       0.00
  clock network delay (ideal)                                                 0.00       0.00
  input external delay                                                        0.10       0.10 f
  b_bits_i[1] (in)                                                  0.05      0.00       0.10 f
  b_bits_i[1] (net)                             7         0.02                0.00       0.10 f
  U737/Y (INV_X16M_A6P5PP140ZTS_C35)                                0.02      0.02       0.12 r
  n608 (net)                                    2         0.01                0.00       0.12 r
  U726/Y (NAND3_X4TA_A6P5PP140ZTS_C35)                              0.02      0.02       0.13 f
  n235 (net)                                    1         0.00                0.00       0.13 f
  U745/Y (NAND3_X4TA_A6P5PP140ZTS_C35)                              0.02      0.02       0.15 r
  n655 (net)                                    2         0.00                0.00       0.15 r
  U464/Y (NAND2_X8TA_A6P5PP140ZTS_C35)                              0.02      0.02       0.17 f
  n596 (net)                                    4         0.01                0.00       0.17 f
  U870/Y (XOR2_X3M_A6P5PP140ZTS_C35)                                0.02      0.03       0.20 f
  n356 (net)                                    2         0.00                0.00       0.20 f
  U775/Y (OAI21_X4M_A6P5PP140ZTS_C35)                               0.03      0.03       0.22 r
  n919 (net)                                    4         0.00                0.00       0.22 r
  U785/Y (NOR2_X3TA_A6P5PP140ZTS_C35)                               0.01      0.01       0.24 f
  n731 (net)                                    2         0.00                0.00       0.24 f
  U735/Y (OA1B2_X6M_A6P5PP140ZTS_C35)                               0.01      0.03       0.27 f
  n728 (net)                                    5         0.00                0.00       0.27 f
  U782/Y (OAI21_X3M_A6P5PP140ZTS_C35)                               0.03      0.02       0.29 r
  n718 (net)                                    2         0.00                0.00       0.29 r
  U204/Y (INV_X3M_A6P5PP140ZTS_C35)                                 0.01      0.01       0.30 f
  n699 (net)                                    2         0.00                0.00       0.30 f
  U910/Y (OAI21_X2M_A6P5PP140ZTS_C35)                               0.03      0.02       0.33 r
  n689 (net)                                    1         0.00                0.00       0.33 r
  U442/Y (XNOR2_X4M_A6P5PP140ZTS_C35)                               0.02      0.03       0.36 r
  n691 (net)                                    1         0.00                0.00       0.36 r
  U499/Y (NAND2_X2M_A6P5PP140ZTS_C35)                               0.02      0.02       0.38 f
  n692 (net)                                    1         0.00                0.00       0.38 f
  U556/Y (NAND2_X6M_A6P5PP140ZTS_C35)                               0.02      0.02       0.39 r
  n786 (net)                                    2         0.00                0.00       0.39 r
  U192/Y (NAND2_X4TA_A6P5PP140ZTS_C35)                              0.04      0.03       0.42 f
  n827 (net)                                    6         0.01                0.00       0.42 f
  U662/Y (INV_X2M_A6P5PP140ZTS_C35)                                 0.02      0.02       0.44 r
  n176 (net)                                    1         0.00                0.00       0.44 r
  U440/Y (NAND2_X3M_A6P5PP140ZTS_C35)                               0.02      0.01       0.45 f
  n74 (net)                                     1         0.00                0.00       0.45 f
  U275/Y (NAND2_X4TA_A6P5PP140ZTS_C35)                              0.01      0.01       0.46 r
  n801 (net)                                    2         0.00                0.00       0.46 r
  U659/Y (OAI21_X3M_A6P5PP140ZTS_C35)                               0.01      0.01       0.48 f
  n174 (net)                                    1         0.00                0.00       0.48 f
  U294/Y (NAND2_X3TA_A6P5PP140ZTS_C35)                              0.02      0.02       0.49 r
  n1000 (net)                                   3         0.00                0.00       0.49 r
  U340/Y (NOR2_X3TA_A6P5PP140ZTS_C35)                               0.02      0.02       0.51 f
  n1138 (net)                                   4         0.00                0.00       0.51 f
  U515/Y (NOR3_X2TA_A6P5PP140ZTS_C35)                               0.02      0.02       0.53 r
  n105 (net)                                    1         0.00                0.00       0.53 r
  U524/Y (AO21A1AI2_X3M_A6P5PP140ZTS_C35)                           0.04      0.03       0.56 f
  n532 (net)                                    2         0.00                0.00       0.56 f
  U260/Y (NAND2_X8TA_A6P5PP140ZTS_C35)                              0.02      0.02       0.58 r
  n906 (net)                                    7         0.01                0.00       0.58 r
  U145/Y (AOI21_X3M_A6P5PP140ZTS_C35)                               0.02      0.02       0.60 f
  n846 (net)                                    1         0.00                0.00       0.60 f
  U1062/Y (XNOR2_X4M_A6P5PP140ZTS_C35)                              0.03      0.03       0.63 f
  n1212 (net)                                   4         0.00                0.00       0.63 f
  U959/Y (XOR2_X4M_A6P5PP140ZTS_C35)                                0.03      0.03       0.67 r
  u_dut/u_mac/ULSD/a_int[7] (net)               3         0.00                0.00       0.67 r
  U1005/Y (INV_X2P5M_A6P5PP140ZTS_C35)                              0.01      0.01       0.68 f
  n479 (net)                                    1         0.00                0.00       0.68 f
  U920/Y (AO21A1AI2_X3M_A6P5PP140ZTS_C35)                           0.02      0.02       0.70 r
  n385 (net)                                    1         0.00                0.00       0.70 r
  U306/Y (NAND2_X3TA_A6P5PP140ZTS_C35)                              0.01      0.01       0.71 f
  n547 (net)                                    1         0.00                0.00       0.71 f
  U575/Y (NOR2_X4TA_A6P5PP140ZTS_C35)                               0.02      0.02       0.73 r
  u_dut/u_mac/lzdout[0] (net)                   2         0.00                0.00       0.73 r
  U552/Y (INV_X7M_A6P5PP140ZTS_C35)                                 0.01      0.01       0.74 f
  n114 (net)                                    2         0.01                0.00       0.74 f
  U317/Y (OR2_X6M_A6P5PP140ZTS_C35)                                 0.02      0.03       0.77 f
  n1222 (net)                                   9         0.01                0.00       0.77 f
  U101/Y (NOR2_X1P4TA_A6P5PP140ZTS_C35)                             0.02      0.02       0.79 r
  n1253 (net)                                   2         0.00                0.00       0.79 r
  U1068/Y (INV_X1M_A6P5PP140ZTS_C35)                                0.01      0.01       0.80 f
  n590 (net)                                    1         0.00                0.00       0.80 f
  U1067/Y (AND2_X4M_A6P5PP140ZTS_C35)                               0.01      0.02       0.82 f
  n1340 (net)                                   3         0.00                0.00       0.82 f
  U1459/Y (AOI22_X1M_A6P5PP140ZTS_C35)                              0.02      0.02       0.84 r
  n1348 (net)                                   1         0.00                0.00       0.84 r
  U1462/Y (OAI211_X0P5M_A6P5PP140ZTS_C35)                           0.03      0.02       0.87 f
  n1352 (net)                                   1         0.00                0.00       0.87 f
  U1463/Y (NOR2_X1A_A6P5PP140ZTS_C35)                               0.02      0.02       0.89 r
  n1355 (net)                                   1         0.00                0.00       0.89 r
  U1465/Y (NAND2_X1M_A6P5PP140ZTS_C35)                              0.01      0.01       0.90 f
  n1359 (net)                                   1         0.00                0.00       0.90 f
  U1466/Y (NAND4_X1A_A6P5PP140ZTS_C35)                              0.03      0.02       0.92 r
  n1360 (net)                                   1         0.00                0.00       0.92 r
  U353/Y (OAI21_X2M_A6P5PP140ZTS_C35)                               0.02      0.02       0.94 f
  n1406 (net)                                   3         0.00                0.00       0.94 f
  U977/Y (INV_X1P4M_A6P5PP140ZTS_C35)                               0.01      0.01       0.95 r
  n450 (net)                                    1         0.00                0.00       0.95 r
  U292/Y (NOR2_X1P4TA_A6P5PP140ZTS_C35)                             0.01      0.01       0.96 f
  n27 (net)                                     1         0.00                0.00       0.96 f
  U25/Y (NAND2_X1M_A6P5PP140ZTS_C35)                                0.01      0.01       0.98 r
  n237 (net)                                    1         0.00                0.00       0.98 r
  U613/Y (NAND3_X1A_A6P5PP140ZTS_C35)                               0.02      0.02       0.99 f
  u_dut/z_comb[3] (net)                         1         0.00                0.00       0.99 f
  u_dut/z_o_reg[3]/D (DFFRPQA_X2M_A6P5PP140ZTS_C35)                 0.02      0.00       0.99 f
  data arrival time                                                                      0.99

  clock clk (rise edge)                                                       1.00       1.00
  clock network delay (ideal)                                                 0.00       1.00
  clock uncertainty                                                          -0.05       0.95
  u_dut/z_o_reg[3]/CK (DFFRPQA_X2M_A6P5PP140ZTS_C35)                          0.00       0.95 r
  library setup time                                                         -0.04       0.91
  data required time                                                                     0.91
  ----------------------------------------------------------------------------------------------
  data required time                                                                     0.91
  data arrival time                                                                     -0.99
  ----------------------------------------------------------------------------------------------
  slack (VIOLATED)                                                                      -0.08


  Startpoint: b_bits_i[3]
              (input port clocked by clk)
  Endpoint: u_dut/z_o_reg[3]
            (rising edge-triggered flip-flop clocked by clk)
  Path Group: clk
  Path Type: max

  Des/Clust/Port     Wire Load Model       Library
  ------------------------------------------------
  char_top           Zero                  sc6p5mcpp140z_cln22ul_base_svt_c35_tt_typical_max_0p80v_25c

  Point                                       Fanout       Cap     Trans      Incr       Path
  ----------------------------------------------------------------------------------------------
  clock clk (rise edge)                                                       0.00       0.00
  clock network delay (ideal)                                                 0.00       0.00
  input external delay                                                        0.10       0.10 f
  b_bits_i[3] (in)                                                  0.05      0.00       0.10 f
  b_bits_i[3] (net)                             8         0.02                0.00       0.10 f
  U375/Y (INV_X16M_A6P5PP140ZTS_C35)                                0.01      0.01       0.11 r
  n354 (net)                                    1         0.00                0.00       0.11 r
  U750/Y (NAND3_X4TA_A6P5PP140ZTS_C35)                              0.02      0.01       0.13 f
  n275 (net)                                    1         0.00                0.00       0.13 f
  U745/Y (NAND3_X4TA_A6P5PP140ZTS_C35)                              0.02      0.02       0.15 r
  n655 (net)                                    2         0.00                0.00       0.15 r
  U464/Y (NAND2_X8TA_A6P5PP140ZTS_C35)                              0.02      0.02       0.17 f
  n596 (net)                                    4         0.01                0.00       0.17 f
  U870/Y (XOR2_X3M_A6P5PP140ZTS_C35)                                0.02      0.03       0.20 f
  n356 (net)                                    2         0.00                0.00       0.20 f
  U775/Y (OAI21_X4M_A6P5PP140ZTS_C35)                               0.03      0.03       0.22 r
  n919 (net)                                    4         0.00                0.00       0.22 r
  U785/Y (NOR2_X3TA_A6P5PP140ZTS_C35)                               0.01      0.01       0.24 f
  n731 (net)                                    2         0.00                0.00       0.24 f
  U735/Y (OA1B2_X6M_A6P5PP140ZTS_C35)                               0.01      0.03       0.27 f
  n728 (net)                                    5         0.00                0.00       0.27 f
  U782/Y (OAI21_X3M_A6P5PP140ZTS_C35)                               0.03      0.02       0.29 r
  n718 (net)                                    2         0.00                0.00       0.29 r
  U204/Y (INV_X3M_A6P5PP140ZTS_C35)                                 0.01      0.01       0.30 f
  n699 (net)                                    2         0.00                0.00       0.30 f
  U910/Y (OAI21_X2M_A6P5PP140ZTS_C35)                               0.03      0.02       0.33 r
  n689 (net)                                    1         0.00                0.00       0.33 r
  U442/Y (XNOR2_X4M_A6P5PP140ZTS_C35)                               0.02      0.03       0.36 r
  n691 (net)                                    1         0.00                0.00       0.36 r
  U499/Y (NAND2_X2M_A6P5PP140ZTS_C35)                               0.02      0.02       0.38 f
  n692 (net)                                    1         0.00                0.00       0.38 f
  U556/Y (NAND2_X6M_A6P5PP140ZTS_C35)                               0.02      0.02       0.39 r
  n786 (net)                                    2         0.00                0.00       0.39 r
  U192/Y (NAND2_X4TA_A6P5PP140ZTS_C35)                              0.04      0.03       0.42 f
  n827 (net)                                    6         0.01                0.00       0.42 f
  U662/Y (INV_X2M_A6P5PP140ZTS_C35)                                 0.02      0.02       0.44 r
  n176 (net)                                    1         0.00                0.00       0.44 r
  U440/Y (NAND2_X3M_A6P5PP140ZTS_C35)                               0.02      0.01       0.45 f
  n74 (net)                                     1         0.00                0.00       0.45 f
  U275/Y (NAND2_X4TA_A6P5PP140ZTS_C35)                              0.01      0.01       0.46 r
  n801 (net)                                    2         0.00                0.00       0.46 r
  U659/Y (OAI21_X3M_A6P5PP140ZTS_C35)                               0.01      0.01       0.48 f
  n174 (net)                                    1         0.00                0.00       0.48 f
  U294/Y (NAND2_X3TA_A6P5PP140ZTS_C35)                              0.02      0.02       0.49 r
  n1000 (net)                                   3         0.00                0.00       0.49 r
  U340/Y (NOR2_X3TA_A6P5PP140ZTS_C35)                               0.02      0.02       0.51 f
  n1138 (net)                                   4         0.00                0.00       0.51 f
  U515/Y (NOR3_X2TA_A6P5PP140ZTS_C35)                               0.02      0.02       0.53 r
  n105 (net)                                    1         0.00                0.00       0.53 r
  U524/Y (AO21A1AI2_X3M_A6P5PP140ZTS_C35)                           0.04      0.03       0.56 f
  n532 (net)                                    2         0.00                0.00       0.56 f
  U260/Y (NAND2_X8TA_A6P5PP140ZTS_C35)                              0.02      0.02       0.58 r
  n906 (net)                                    7         0.01                0.00       0.58 r
  U145/Y (AOI21_X3M_A6P5PP140ZTS_C35)                               0.02      0.02       0.60 f
  n846 (net)                                    1         0.00                0.00       0.60 f
  U1062/Y (XNOR2_X4M_A6P5PP140ZTS_C35)                              0.03      0.03       0.63 f
  n1212 (net)                                   4         0.00                0.00       0.63 f
  U959/Y (XOR2_X4M_A6P5PP140ZTS_C35)                                0.03      0.03       0.67 r
  u_dut/u_mac/ULSD/a_int[7] (net)               3         0.00                0.00       0.67 r
  U1005/Y (INV_X2P5M_A6P5PP140ZTS_C35)                              0.01      0.01       0.68 f
  n479 (net)                                    1         0.00                0.00       0.68 f
  U920/Y (AO21A1AI2_X3M_A6P5PP140ZTS_C35)                           0.02      0.02       0.70 r
  n385 (net)                                    1         0.00                0.00       0.70 r
  U306/Y (NAND2_X3TA_A6P5PP140ZTS_C35)                              0.01      0.01       0.71 f
  n547 (net)                                    1         0.00                0.00       0.71 f
  U575/Y (NOR2_X4TA_A6P5PP140ZTS_C35)                               0.02      0.02       0.73 r
  u_dut/u_mac/lzdout[0] (net)                   2         0.00                0.00       0.73 r
  U552/Y (INV_X7M_A6P5PP140ZTS_C35)                                 0.01      0.01       0.74 f
  n114 (net)                                    2         0.01                0.00       0.74 f
  U317/Y (OR2_X6M_A6P5PP140ZTS_C35)                                 0.02      0.03       0.77 f
  n1222 (net)                                   9         0.01                0.00       0.77 f
  U101/Y (NOR2_X1P4TA_A6P5PP140ZTS_C35)                             0.02      0.02       0.79 r
  n1253 (net)                                   2         0.00                0.00       0.79 r
  U1068/Y (INV_X1M_A6P5PP140ZTS_C35)                                0.01      0.01       0.80 f
  n590 (net)                                    1         0.00                0.00       0.80 f
  U1067/Y (AND2_X4M_A6P5PP140ZTS_C35)                               0.01      0.02       0.82 f
  n1340 (net)                                   3         0.00                0.00       0.82 f
  U1459/Y (AOI22_X1M_A6P5PP140ZTS_C35)                              0.02      0.02       0.84 r
  n1348 (net)                                   1         0.00                0.00       0.84 r
  U1462/Y (OAI211_X0P5M_A6P5PP140ZTS_C35)                           0.03      0.02       0.87 f
  n1352 (net)                                   1         0.00                0.00       0.87 f
  U1463/Y (NOR2_X1A_A6P5PP140ZTS_C35)                               0.02      0.02       0.89 r
  n1355 (net)                                   1         0.00                0.00       0.89 r
  U1465/Y (NAND2_X1M_A6P5PP140ZTS_C35)                              0.01      0.01       0.90 f
  n1359 (net)                                   1         0.00                0.00       0.90 f
  U1466/Y (NAND4_X1A_A6P5PP140ZTS_C35)                              0.03      0.02       0.92 r
  n1360 (net)                                   1         0.00                0.00       0.92 r
  U353/Y (OAI21_X2M_A6P5PP140ZTS_C35)                               0.02      0.02       0.94 f
  n1406 (net)                                   3         0.00                0.00       0.94 f
  U977/Y (INV_X1P4M_A6P5PP140ZTS_C35)                               0.01      0.01       0.95 r
  n450 (net)                                    1         0.00                0.00       0.95 r
  U292/Y (NOR2_X1P4TA_A6P5PP140ZTS_C35)                             0.01      0.01       0.96 f
  n27 (net)                                     1         0.00                0.00       0.96 f
  U25/Y (NAND2_X1M_A6P5PP140ZTS_C35)                                0.01      0.01       0.97 r
  n237 (net)                                    1         0.00                0.00       0.97 r
  U613/Y (NAND3_X1A_A6P5PP140ZTS_C35)                               0.02      0.02       0.99 f
  u_dut/z_comb[3] (net)                         1         0.00                0.00       0.99 f
  u_dut/z_o_reg[3]/D (DFFRPQA_X2M_A6P5PP140ZTS_C35)                 0.02      0.00       0.99 f
  data arrival time                                                                      0.99

  clock clk (rise edge)                                                       1.00       1.00
  clock network delay (ideal)                                                 0.00       1.00
  clock uncertainty                                                          -0.05       0.95
  u_dut/z_o_reg[3]/CK (DFFRPQA_X2M_A6P5PP140ZTS_C35)                          0.00       0.95 r
  library setup time                                                         -0.04       0.91
  data required time                                                                     0.91
  ----------------------------------------------------------------------------------------------
  data required time                                                                     0.91
  data arrival time                                                                     -0.99
  ----------------------------------------------------------------------------------------------
  slack (VIOLATED)                                                                      -0.08


  Startpoint: b_bits_i[1]
              (input port clocked by clk)
  Endpoint: u_dut/z_o_reg[0]
            (rising edge-triggered flip-flop clocked by clk)
  Path Group: clk
  Path Type: max

  Des/Clust/Port     Wire Load Model       Library
  ------------------------------------------------
  char_top           Zero                  sc6p5mcpp140z_cln22ul_base_svt_c35_tt_typical_max_0p80v_25c

  Point                                       Fanout       Cap     Trans      Incr       Path
  ----------------------------------------------------------------------------------------------
  clock clk (rise edge)                                                       0.00       0.00
  clock network delay (ideal)                                                 0.00       0.00
  input external delay                                                        0.10       0.10 f
  b_bits_i[1] (in)                                                  0.05      0.00       0.10 f
  b_bits_i[1] (net)                             7         0.02                0.00       0.10 f
  U737/Y (INV_X16M_A6P5PP140ZTS_C35)                                0.02      0.02       0.12 r
  n608 (net)                                    2         0.01                0.00       0.12 r
  U726/Y (NAND3_X4TA_A6P5PP140ZTS_C35)                              0.02      0.02       0.13 f
  n235 (net)                                    1         0.00                0.00       0.13 f
  U745/Y (NAND3_X4TA_A6P5PP140ZTS_C35)                              0.02      0.02       0.15 r
  n655 (net)                                    2         0.00                0.00       0.15 r
  U464/Y (NAND2_X8TA_A6P5PP140ZTS_C35)                              0.02      0.02       0.17 f
  n596 (net)                                    4         0.01                0.00       0.17 f
  U870/Y (XOR2_X3M_A6P5PP140ZTS_C35)                                0.02      0.03       0.20 f
  n356 (net)                                    2         0.00                0.00       0.20 f
  U775/Y (OAI21_X4M_A6P5PP140ZTS_C35)                               0.03      0.03       0.22 r
  n919 (net)                                    4         0.00                0.00       0.22 r
  U785/Y (NOR2_X3TA_A6P5PP140ZTS_C35)                               0.01      0.01       0.24 f
  n731 (net)                                    2         0.00                0.00       0.24 f
  U735/Y (OA1B2_X6M_A6P5PP140ZTS_C35)                               0.01      0.03       0.27 f
  n728 (net)                                    5         0.00                0.00       0.27 f
  U782/Y (OAI21_X3M_A6P5PP140ZTS_C35)                               0.03      0.02       0.29 r
  n718 (net)                                    2         0.00                0.00       0.29 r
  U204/Y (INV_X3M_A6P5PP140ZTS_C35)                                 0.01      0.01       0.30 f
  n699 (net)                                    2         0.00                0.00       0.30 f
  U910/Y (OAI21_X2M_A6P5PP140ZTS_C35)                               0.03      0.02       0.33 r
  n689 (net)                                    1         0.00                0.00       0.33 r
  U442/Y (XNOR2_X4M_A6P5PP140ZTS_C35)                               0.02      0.03       0.36 r
  n691 (net)                                    1         0.00                0.00       0.36 r
  U499/Y (NAND2_X2M_A6P5PP140ZTS_C35)                               0.02      0.02       0.38 f
  n692 (net)                                    1         0.00                0.00       0.38 f
  U556/Y (NAND2_X6M_A6P5PP140ZTS_C35)                               0.02      0.02       0.39 r
  n786 (net)                                    2         0.00                0.00       0.39 r
  U192/Y (NAND2_X4TA_A6P5PP140ZTS_C35)                              0.04      0.03       0.42 f
  n827 (net)                                    6         0.01                0.00       0.42 f
  U662/Y (INV_X2M_A6P5PP140ZTS_C35)                                 0.02      0.02       0.44 r
  n176 (net)                                    1         0.00                0.00       0.44 r
  U440/Y (NAND2_X3M_A6P5PP140ZTS_C35)                               0.02      0.01       0.45 f
  n74 (net)                                     1         0.00                0.00       0.45 f
  U275/Y (NAND2_X4TA_A6P5PP140ZTS_C35)                              0.01      0.01       0.46 r
  n801 (net)                                    2         0.00                0.00       0.46 r
  U659/Y (OAI21_X3M_A6P5PP140ZTS_C35)                               0.01      0.01       0.48 f
  n174 (net)                                    1         0.00                0.00       0.48 f
  U294/Y (NAND2_X3TA_A6P5PP140ZTS_C35)                              0.02      0.02       0.49 r
  n1000 (net)                                   3         0.00                0.00       0.49 r
  U340/Y (NOR2_X3TA_A6P5PP140ZTS_C35)                               0.02      0.02       0.51 f
  n1138 (net)                                   4         0.00                0.00       0.51 f
  U515/Y (NOR3_X2TA_A6P5PP140ZTS_C35)                               0.02      0.02       0.53 r
  n105 (net)                                    1         0.00                0.00       0.53 r
  U524/Y (AO21A1AI2_X3M_A6P5PP140ZTS_C35)                           0.04      0.03       0.56 f
  n532 (net)                                    2         0.00                0.00       0.56 f
  U260/Y (NAND2_X8TA_A6P5PP140ZTS_C35)                              0.02      0.02       0.58 r
  n906 (net)                                    7         0.01                0.00       0.58 r
  U145/Y (AOI21_X3M_A6P5PP140ZTS_C35)                               0.02      0.02       0.60 f
  n846 (net)                                    1         0.00                0.00       0.60 f
  U1062/Y (XNOR2_X4M_A6P5PP140ZTS_C35)                              0.03      0.03       0.63 f
  n1212 (net)                                   4         0.00                0.00       0.63 f
  U959/Y (XOR2_X4M_A6P5PP140ZTS_C35)                                0.03      0.03       0.66 f
  u_dut/u_mac/ULSD/a_int[7] (net)               3         0.00                0.00       0.66 f
  U1005/Y (INV_X2P5M_A6P5PP140ZTS_C35)                              0.01      0.01       0.68 r
  n479 (net)                                    1         0.00                0.00       0.68 r
  U920/Y (AO21A1AI2_X3M_A6P5PP140ZTS_C35)                           0.02      0.02       0.70 f
  n385 (net)                                    1         0.00                0.00       0.70 f
  U306/Y (NAND2_X3TA_A6P5PP140ZTS_C35)                              0.01      0.01       0.72 r
  n547 (net)                                    1         0.00                0.00       0.72 r
  U575/Y (NOR2_X4TA_A6P5PP140ZTS_C35)                               0.02      0.01       0.73 f
  u_dut/u_mac/lzdout[0] (net)                   2         0.00                0.00       0.73 f
  U552/Y (INV_X7M_A6P5PP140ZTS_C35)                                 0.01      0.01       0.74 r
  n114 (net)                                    2         0.01                0.00       0.74 r
  U551/Y (INV_X16M_A6P5PP140ZTS_C35)                                0.01      0.01       0.75 f
  n1274 (net)                                  13         0.02                0.00       0.75 f
  U103/Y (NAND2_X1A_A6P5PP140ZTS_C35)                               0.02      0.02       0.77 r
  n1245 (net)                                   2         0.00                0.00       0.77 r
  U834/Y (INV_X2M_A6P5PP140ZTS_C35)                                 0.01      0.01       0.78 f
  n303 (net)                                    1         0.00                0.00       0.78 f
  U833/Y (NOR2_X2TA_A6P5PP140ZTS_C35)                               0.02      0.02       0.80 r
  n1252 (net)                                   2         0.00                0.00       0.80 r
  U612/Y (NAND3_X1A_A6P5PP140ZTS_C35)                               0.03      0.02       0.82 f
  n147 (net)                                    1         0.00                0.00       0.82 f
  U376/Y (NAND3_X2M_A6P5PP140ZTS_C35)                               0.02      0.02       0.84 r
  n154 (net)                                    1         0.00                0.00       0.84 r
  U77/Y (NOR2_X1P4TA_A6P5PP140ZTS_C35)                              0.01      0.01       0.85 f
  n161 (net)                                    1         0.00                0.00       0.85 f
  U378/Y (NAND2_X4M_A6P5PP140ZTS_C35)                               0.02      0.02       0.87 r
  n483 (net)                                    1         0.00                0.00       0.87 r
  U367/Y (NOR2_X8TA_A6P5PP140ZTS_C35)                               0.02      0.01       0.88 f
  n1332 (net)                                   6         0.01                0.00       0.88 f
  U993/Y (AOI21_X2M_A6P5PP140ZTS_C35)                               0.02      0.02       0.90 r
  n1467 (net)                                   2         0.00                0.00       0.90 r
  U929/Y (AOI21_X3M_A6P5PP140ZTS_C35)                               0.02      0.02       0.92 f
  n1431 (net)                                   4         0.00                0.00       0.92 f
  U333/Y (NOR2_X3A_A6P5PP140ZTS_C35)                                0.02      0.02       0.94 r
  n556 (net)                                    1         0.00                0.00       0.94 r
  U549/Y (NAND2_X3M_A6P5PP140ZTS_C35)                               0.01      0.01       0.96 f
  n159 (net)                                    1         0.00                0.00       0.96 f
  U634/Y (INV_X2P5M_A6P5PP140ZTS_C35)                               0.01      0.01       0.96 r
  n1449 (net)                                   2         0.00                0.00       0.96 r
  U691/Y (NOR2_X1A_A6P5PP140ZTS_C35)                                0.01      0.01       0.97 f
  n1451 (net)                                   1         0.00                0.00       0.97 f
  U982/Y (AOI21_X0P5M_A6P5PP140ZTS_C35)                             0.02      0.02       0.99 r
  u_dut/z_comb[0] (net)                         1         0.00                0.00       0.99 r
  u_dut/z_o_reg[0]/D (DFFRPQA_X1M_A6P5PP140ZTS_C35)                 0.02      0.00       0.99 r
  data arrival time                                                                      0.99

  clock clk (rise edge)                                                       1.00       1.00
  clock network delay (ideal)                                                 0.00       1.00
  clock uncertainty                                                          -0.05       0.95
  u_dut/z_o_reg[0]/CK (DFFRPQA_X1M_A6P5PP140ZTS_C35)                          0.00       0.95 r
  library setup time                                                         -0.04       0.91
  data required time                                                                     0.91
  ----------------------------------------------------------------------------------------------
  data required time                                                                     0.91
  data arrival time                                                                     -0.99
  ----------------------------------------------------------------------------------------------
  slack (VIOLATED)                                                                      -0.08


  Startpoint: b_bits_i[1]
              (input port clocked by clk)
  Endpoint: u_dut/z_o_reg[0]
            (rising edge-triggered flip-flop clocked by clk)
  Path Group: clk
  Path Type: max

  Des/Clust/Port     Wire Load Model       Library
  ------------------------------------------------
  char_top           Zero                  sc6p5mcpp140z_cln22ul_base_svt_c35_tt_typical_max_0p80v_25c

  Point                                       Fanout       Cap     Trans      Incr       Path
  ----------------------------------------------------------------------------------------------
  clock clk (rise edge)                                                       0.00       0.00
  clock network delay (ideal)                                                 0.00       0.00
  input external delay                                                        0.10       0.10 f
  b_bits_i[1] (in)                                                  0.05      0.00       0.10 f
  b_bits_i[1] (net)                             7         0.02                0.00       0.10 f
  U737/Y (INV_X16M_A6P5PP140ZTS_C35)                                0.02      0.02       0.12 r
  n608 (net)                                    2         0.01                0.00       0.12 r
  U726/Y (NAND3_X4TA_A6P5PP140ZTS_C35)                              0.02      0.02       0.13 f
  n235 (net)                                    1         0.00                0.00       0.13 f
  U745/Y (NAND3_X4TA_A6P5PP140ZTS_C35)                              0.02      0.02       0.15 r
  n655 (net)                                    2         0.00                0.00       0.15 r
  U464/Y (NAND2_X8TA_A6P5PP140ZTS_C35)                              0.02      0.02       0.17 f
  n596 (net)                                    4         0.01                0.00       0.17 f
  U870/Y (XOR2_X3M_A6P5PP140ZTS_C35)                                0.02      0.03       0.20 f
  n356 (net)                                    2         0.00                0.00       0.20 f
  U775/Y (OAI21_X4M_A6P5PP140ZTS_C35)                               0.03      0.03       0.22 r
  n919 (net)                                    4         0.00                0.00       0.22 r
  U785/Y (NOR2_X3TA_A6P5PP140ZTS_C35)                               0.01      0.01       0.24 f
  n731 (net)                                    2         0.00                0.00       0.24 f
  U735/Y (OA1B2_X6M_A6P5PP140ZTS_C35)                               0.01      0.03       0.27 f
  n728 (net)                                    5         0.00                0.00       0.27 f
  U782/Y (OAI21_X3M_A6P5PP140ZTS_C35)                               0.03      0.02       0.29 r
  n718 (net)                                    2         0.00                0.00       0.29 r
  U204/Y (INV_X3M_A6P5PP140ZTS_C35)                                 0.01      0.01       0.30 f
  n699 (net)                                    2         0.00                0.00       0.30 f
  U910/Y (OAI21_X2M_A6P5PP140ZTS_C35)                               0.03      0.02       0.33 r
  n689 (net)                                    1         0.00                0.00       0.33 r
  U442/Y (XNOR2_X4M_A6P5PP140ZTS_C35)                               0.02      0.03       0.36 r
  n691 (net)                                    1         0.00                0.00       0.36 r
  U499/Y (NAND2_X2M_A6P5PP140ZTS_C35)                               0.02      0.02       0.38 f
  n692 (net)                                    1         0.00                0.00       0.38 f
  U556/Y (NAND2_X6M_A6P5PP140ZTS_C35)                               0.02      0.02       0.39 r
  n786 (net)                                    2         0.00                0.00       0.39 r
  U192/Y (NAND2_X4TA_A6P5PP140ZTS_C35)                              0.04      0.03       0.42 f
  n827 (net)                                    6         0.01                0.00       0.42 f
  U662/Y (INV_X2M_A6P5PP140ZTS_C35)                                 0.02      0.02       0.44 r
  n176 (net)                                    1         0.00                0.00       0.44 r
  U440/Y (NAND2_X3M_A6P5PP140ZTS_C35)                               0.02      0.01       0.45 f
  n74 (net)                                     1         0.00                0.00       0.45 f
  U275/Y (NAND2_X4TA_A6P5PP140ZTS_C35)                              0.01      0.01       0.46 r
  n801 (net)                                    2         0.00                0.00       0.46 r
  U659/Y (OAI21_X3M_A6P5PP140ZTS_C35)                               0.01      0.01       0.48 f
  n174 (net)                                    1         0.00                0.00       0.48 f
  U294/Y (NAND2_X3TA_A6P5PP140ZTS_C35)                              0.02      0.02       0.49 r
  n1000 (net)                                   3         0.00                0.00       0.49 r
  U340/Y (NOR2_X3TA_A6P5PP140ZTS_C35)                               0.02      0.02       0.51 f
  n1138 (net)                                   4         0.00                0.00       0.51 f
  U515/Y (NOR3_X2TA_A6P5PP140ZTS_C35)                               0.02      0.02       0.53 r
  n105 (net)                                    1         0.00                0.00       0.53 r
  U524/Y (AO21A1AI2_X3M_A6P5PP140ZTS_C35)                           0.04      0.03       0.56 f
  n532 (net)                                    2         0.00                0.00       0.56 f
  U260/Y (NAND2_X8TA_A6P5PP140ZTS_C35)                              0.02      0.02       0.58 r
  n906 (net)                                    7         0.01                0.00       0.58 r
  U145/Y (AOI21_X3M_A6P5PP140ZTS_C35)                               0.02      0.02       0.60 f
  n846 (net)                                    1         0.00                0.00       0.60 f
  U1062/Y (XNOR2_X4M_A6P5PP140ZTS_C35)                              0.03      0.03       0.63 f
  n1212 (net)                                   4         0.00                0.00       0.63 f
  U959/Y (XOR2_X4M_A6P5PP140ZTS_C35)                                0.03      0.03       0.66 f
  u_dut/u_mac/ULSD/a_int[7] (net)               3         0.00                0.00       0.66 f
  U1005/Y (INV_X2P5M_A6P5PP140ZTS_C35)                              0.01      0.01       0.68 r
  n479 (net)                                    1         0.00                0.00       0.68 r
  U920/Y (AO21A1AI2_X3M_A6P5PP140ZTS_C35)                           0.02      0.02       0.70 f
  n385 (net)                                    1         0.00                0.00       0.70 f
  U306/Y (NAND2_X3TA_A6P5PP140ZTS_C35)                              0.01      0.01       0.72 r
  n547 (net)                                    1         0.00                0.00       0.72 r
  U575/Y (NOR2_X4TA_A6P5PP140ZTS_C35)                               0.02      0.01       0.73 f
  u_dut/u_mac/lzdout[0] (net)                   2         0.00                0.00       0.73 f
  U552/Y (INV_X7M_A6P5PP140ZTS_C35)                                 0.01      0.01       0.74 r
  n114 (net)                                    2         0.01                0.00       0.74 r
  U551/Y (INV_X16M_A6P5PP140ZTS_C35)                                0.01      0.01       0.75 f
  n1274 (net)                                  13         0.02                0.00       0.75 f
  U397/Y (NOR2_X8TA_A6P5PP140ZTS_C35)                               0.01      0.01       0.77 r
  n1236 (net)                                   8         0.00                0.00       0.77 r
  U96/Y (NAND2_X2A_A6P5PP140ZTS_C35)                                0.01      0.01       0.78 f
  n1210 (net)                                   1         0.00                0.00       0.78 f
  U76/Y (OAI21_X0P5M_A6P5PP140ZTS_C35)                              0.05      0.02       0.80 r
  n1215 (net)                                   1         0.00                0.00       0.80 r
  U584/Y (NOR2_X3A_A6P5PP140ZTS_C35)                                0.02      0.02       0.81 f
  n1345 (net)                                   3         0.00                0.00       0.81 f
  U63/Y (AOI21_X2M_A6P5PP140ZTS_C35)                                0.02      0.02       0.83 r
  n54 (net)                                     1         0.00                0.00       0.83 r
  U409/Y (NAND2_X3M_A6P5PP140ZTS_C35)                               0.02      0.02       0.85 f
  n502 (net)                                    2         0.00                0.00       0.85 f
  U504/Y (NOR3_X1A_A6P5PP140ZTS_C35)                                0.05      0.03       0.89 r
  n480 (net)                                    1         0.00                0.00       0.89 r
  U368/Y (AOI21_X3M_A6P5PP140ZTS_C35)                               0.02      0.02       0.91 f
  n34 (net)                                     1         0.00                0.00       0.91 f
  U55/Y (NOR2_X3A_A6P5PP140ZTS_C35)                                 0.02      0.02       0.93 r
  n367 (net)                                    2         0.00                0.00       0.93 r
  U629/Y (NAND2_X4M_A6P5PP140ZTS_C35)                               0.02      0.02       0.94 f
  n1447 (net)                                   3         0.00                0.00       0.94 f
  U377/Y (INV_X5M_A6P5PP140ZTS_C35)                                 0.01      0.01       0.95 r
  n1444 (net)                                   2         0.00                0.00       0.95 r
  U802/Y (NOR2_X3TA_A6P5PP140ZTS_C35)                               0.01      0.01       0.96 f
  n268 (net)                                    1         0.00                0.00       0.96 f
  U299/Y (AOI21_X2M_A6P5PP140ZTS_C35)                               0.01      0.02       0.98 r
  n1452 (net)                                   1         0.00                0.00       0.98 r
  U982/Y (AOI21_X0P5M_A6P5PP140ZTS_C35)                             0.02      0.02       0.99 f
  u_dut/z_comb[0] (net)                         1         0.00                0.00       0.99 f
  u_dut/z_o_reg[0]/D (DFFRPQA_X1M_A6P5PP140ZTS_C35)                 0.02      0.00       0.99 f
  data arrival time                                                                      0.99

  clock clk (rise edge)                                                       1.00       1.00
  clock network delay (ideal)                                                 0.00       1.00
  clock uncertainty                                                          -0.05       0.95
  u_dut/z_o_reg[0]/CK (DFFRPQA_X1M_A6P5PP140ZTS_C35)                          0.00       0.95 r
  library setup time                                                         -0.04       0.91
  data required time                                                                     0.91
  ----------------------------------------------------------------------------------------------
  data required time                                                                     0.91
  data arrival time                                                                     -0.99
  ----------------------------------------------------------------------------------------------
  slack (VIOLATED)                                                                      -0.08


  Startpoint: b_bits_i[3]
              (input port clocked by clk)
  Endpoint: u_dut/z_o_reg[0]
            (rising edge-triggered flip-flop clocked by clk)
  Path Group: clk
  Path Type: max

  Des/Clust/Port     Wire Load Model       Library
  ------------------------------------------------
  char_top           Zero                  sc6p5mcpp140z_cln22ul_base_svt_c35_tt_typical_max_0p80v_25c

  Point                                       Fanout       Cap     Trans      Incr       Path
  ----------------------------------------------------------------------------------------------
  clock clk (rise edge)                                                       0.00       0.00
  clock network delay (ideal)                                                 0.00       0.00
  input external delay                                                        0.10       0.10 f
  b_bits_i[3] (in)                                                  0.05      0.00       0.10 f
  b_bits_i[3] (net)                             8         0.02                0.00       0.10 f
  U375/Y (INV_X16M_A6P5PP140ZTS_C35)                                0.01      0.01       0.11 r
  n354 (net)                                    1         0.00                0.00       0.11 r
  U750/Y (NAND3_X4TA_A6P5PP140ZTS_C35)                              0.02      0.01       0.13 f
  n275 (net)                                    1         0.00                0.00       0.13 f
  U745/Y (NAND3_X4TA_A6P5PP140ZTS_C35)                              0.02      0.02       0.15 r
  n655 (net)                                    2         0.00                0.00       0.15 r
  U464/Y (NAND2_X8TA_A6P5PP140ZTS_C35)                              0.02      0.02       0.17 f
  n596 (net)                                    4         0.01                0.00       0.17 f
  U870/Y (XOR2_X3M_A6P5PP140ZTS_C35)                                0.02      0.03       0.20 f
  n356 (net)                                    2         0.00                0.00       0.20 f
  U775/Y (OAI21_X4M_A6P5PP140ZTS_C35)                               0.03      0.03       0.22 r
  n919 (net)                                    4         0.00                0.00       0.22 r
  U785/Y (NOR2_X3TA_A6P5PP140ZTS_C35)                               0.01      0.01       0.24 f
  n731 (net)                                    2         0.00                0.00       0.24 f
  U735/Y (OA1B2_X6M_A6P5PP140ZTS_C35)                               0.01      0.03       0.27 f
  n728 (net)                                    5         0.00                0.00       0.27 f
  U782/Y (OAI21_X3M_A6P5PP140ZTS_C35)                               0.03      0.02       0.29 r
  n718 (net)                                    2         0.00                0.00       0.29 r
  U204/Y (INV_X3M_A6P5PP140ZTS_C35)                                 0.01      0.01       0.30 f
  n699 (net)                                    2         0.00                0.00       0.30 f
  U910/Y (OAI21_X2M_A6P5PP140ZTS_C35)                               0.03      0.02       0.33 r
  n689 (net)                                    1         0.00                0.00       0.33 r
  U442/Y (XNOR2_X4M_A6P5PP140ZTS_C35)                               0.02      0.03       0.36 r
  n691 (net)                                    1         0.00                0.00       0.36 r
  U499/Y (NAND2_X2M_A6P5PP140ZTS_C35)                               0.02      0.02       0.38 f
  n692 (net)                                    1         0.00                0.00       0.38 f
  U556/Y (NAND2_X6M_A6P5PP140ZTS_C35)                               0.02      0.02       0.39 r
  n786 (net)                                    2         0.00                0.00       0.39 r
  U192/Y (NAND2_X4TA_A6P5PP140ZTS_C35)                              0.04      0.03       0.42 f
  n827 (net)                                    6         0.01                0.00       0.42 f
  U662/Y (INV_X2M_A6P5PP140ZTS_C35)                                 0.02      0.02       0.44 r
  n176 (net)                                    1         0.00                0.00       0.44 r
  U440/Y (NAND2_X3M_A6P5PP140ZTS_C35)                               0.02      0.01       0.45 f
  n74 (net)                                     1         0.00                0.00       0.45 f
  U275/Y (NAND2_X4TA_A6P5PP140ZTS_C35)                              0.01      0.01       0.46 r
  n801 (net)                                    2         0.00                0.00       0.46 r
  U659/Y (OAI21_X3M_A6P5PP140ZTS_C35)                               0.01      0.01       0.48 f
  n174 (net)                                    1         0.00                0.00       0.48 f
  U294/Y (NAND2_X3TA_A6P5PP140ZTS_C35)                              0.02      0.02       0.49 r
  n1000 (net)                                   3         0.00                0.00       0.49 r
  U340/Y (NOR2_X3TA_A6P5PP140ZTS_C35)                               0.02      0.02       0.51 f
  n1138 (net)                                   4         0.00                0.00       0.51 f
  U515/Y (NOR3_X2TA_A6P5PP140ZTS_C35)                               0.02      0.02       0.53 r
  n105 (net)                                    1         0.00                0.00       0.53 r
  U524/Y (AO21A1AI2_X3M_A6P5PP140ZTS_C35)                           0.04      0.03       0.56 f
  n532 (net)                                    2         0.00                0.00       0.56 f
  U260/Y (NAND2_X8TA_A6P5PP140ZTS_C35)                              0.02      0.02       0.58 r
  n906 (net)                                    7         0.01                0.00       0.58 r
  U145/Y (AOI21_X3M_A6P5PP140ZTS_C35)                               0.02      0.02       0.60 f
  n846 (net)                                    1         0.00                0.00       0.60 f
  U1062/Y (XNOR2_X4M_A6P5PP140ZTS_C35)                              0.03      0.03       0.63 f
  n1212 (net)                                   4         0.00                0.00       0.63 f
  U959/Y (XOR2_X4M_A6P5PP140ZTS_C35)                                0.03      0.03       0.66 f
  u_dut/u_mac/ULSD/a_int[7] (net)               3         0.00                0.00       0.66 f
  U1005/Y (INV_X2P5M_A6P5PP140ZTS_C35)                              0.01      0.01       0.68 r
  n479 (net)                                    1         0.00                0.00       0.68 r
  U920/Y (AO21A1AI2_X3M_A6P5PP140ZTS_C35)                           0.02      0.02       0.70 f
  n385 (net)                                    1         0.00                0.00       0.70 f
  U306/Y (NAND2_X3TA_A6P5PP140ZTS_C35)                              0.01      0.01       0.72 r
  n547 (net)                                    1         0.00                0.00       0.72 r
  U575/Y (NOR2_X4TA_A6P5PP140ZTS_C35)                               0.02      0.01       0.73 f
  u_dut/u_mac/lzdout[0] (net)                   2         0.00                0.00       0.73 f
  U552/Y (INV_X7M_A6P5PP140ZTS_C35)                                 0.01      0.01       0.74 r
  n114 (net)                                    2         0.01                0.00       0.74 r
  U551/Y (INV_X16M_A6P5PP140ZTS_C35)                                0.01      0.01       0.75 f
  n1274 (net)                                  13         0.02                0.00       0.75 f
  U103/Y (NAND2_X1A_A6P5PP140ZTS_C35)                               0.02      0.02       0.77 r
  n1245 (net)                                   2         0.00                0.00       0.77 r
  U834/Y (INV_X2M_A6P5PP140ZTS_C35)                                 0.01      0.01       0.78 f
  n303 (net)                                    1         0.00                0.00       0.78 f
  U833/Y (NOR2_X2TA_A6P5PP140ZTS_C35)                               0.02      0.02       0.80 r
  n1252 (net)                                   2         0.00                0.00       0.80 r
  U612/Y (NAND3_X1A_A6P5PP140ZTS_C35)                               0.03      0.02       0.82 f
  n147 (net)                                    1         0.00                0.00       0.82 f
  U376/Y (NAND3_X2M_A6P5PP140ZTS_C35)                               0.02      0.02       0.84 r
  n154 (net)                                    1         0.00                0.00       0.84 r
  U77/Y (NOR2_X1P4TA_A6P5PP140ZTS_C35)                              0.01      0.01       0.85 f
  n161 (net)                                    1         0.00                0.00       0.85 f
  U378/Y (NAND2_X4M_A6P5PP140ZTS_C35)                               0.02      0.02       0.87 r
  n483 (net)                                    1         0.00                0.00       0.87 r
  U367/Y (NOR2_X8TA_A6P5PP140ZTS_C35)                               0.02      0.01       0.88 f
  n1332 (net)                                   6         0.01                0.00       0.88 f
  U993/Y (AOI21_X2M_A6P5PP140ZTS_C35)                               0.02      0.02       0.90 r
  n1467 (net)                                   2         0.00                0.00       0.90 r
  U929/Y (AOI21_X3M_A6P5PP140ZTS_C35)                               0.02      0.02       0.92 f
  n1431 (net)                                   4         0.00                0.00       0.92 f
  U333/Y (NOR2_X3A_A6P5PP140ZTS_C35)                                0.02      0.02       0.94 r
  n556 (net)                                    1         0.00                0.00       0.94 r
  U549/Y (NAND2_X3M_A6P5PP140ZTS_C35)                               0.01      0.01       0.96 f
  n159 (net)                                    1         0.00                0.00       0.96 f
  U634/Y (INV_X2P5M_A6P5PP140ZTS_C35)                               0.01      0.01       0.96 r
  n1449 (net)                                   2         0.00                0.00       0.96 r
  U691/Y (NOR2_X1A_A6P5PP140ZTS_C35)                                0.01      0.01       0.97 f
  n1451 (net)                                   1         0.00                0.00       0.97 f
  U982/Y (AOI21_X0P5M_A6P5PP140ZTS_C35)                             0.02      0.02       0.99 r
  u_dut/z_comb[0] (net)                         1         0.00                0.00       0.99 r
  u_dut/z_o_reg[0]/D (DFFRPQA_X1M_A6P5PP140ZTS_C35)                 0.02      0.00       0.99 r
  data arrival time                                                                      0.99

  clock clk (rise edge)                                                       1.00       1.00
  clock network delay (ideal)                                                 0.00       1.00
  clock uncertainty                                                          -0.05       0.95
  u_dut/z_o_reg[0]/CK (DFFRPQA_X1M_A6P5PP140ZTS_C35)                          0.00       0.95 r
  library setup time                                                         -0.04       0.91
  data required time                                                                     0.91
  ----------------------------------------------------------------------------------------------
  data required time                                                                     0.91
  data arrival time                                                                     -0.99
  ----------------------------------------------------------------------------------------------
  slack (VIOLATED)                                                                      -0.08


  Startpoint: b_bits_i[1]
              (input port clocked by clk)
  Endpoint: u_dut/z_o_reg[0]
            (rising edge-triggered flip-flop clocked by clk)
  Path Group: clk
  Path Type: max

  Des/Clust/Port     Wire Load Model       Library
  ------------------------------------------------
  char_top           Zero                  sc6p5mcpp140z_cln22ul_base_svt_c35_tt_typical_max_0p80v_25c

  Point                                       Fanout       Cap     Trans      Incr       Path
  ----------------------------------------------------------------------------------------------
  clock clk (rise edge)                                                       0.00       0.00
  clock network delay (ideal)                                                 0.00       0.00
  input external delay                                                        0.10       0.10 f
  b_bits_i[1] (in)                                                  0.05      0.00       0.10 f
  b_bits_i[1] (net)                             7         0.02                0.00       0.10 f
  U737/Y (INV_X16M_A6P5PP140ZTS_C35)                                0.02      0.02       0.12 r
  n608 (net)                                    2         0.01                0.00       0.12 r
  U726/Y (NAND3_X4TA_A6P5PP140ZTS_C35)                              0.02      0.02       0.13 f
  n235 (net)                                    1         0.00                0.00       0.13 f
  U745/Y (NAND3_X4TA_A6P5PP140ZTS_C35)                              0.02      0.02       0.15 r
  n655 (net)                                    2         0.00                0.00       0.15 r
  U464/Y (NAND2_X8TA_A6P5PP140ZTS_C35)                              0.02      0.02       0.17 f
  n596 (net)                                    4         0.01                0.00       0.17 f
  U870/Y (XOR2_X3M_A6P5PP140ZTS_C35)                                0.02      0.03       0.20 f
  n356 (net)                                    2         0.00                0.00       0.20 f
  U775/Y (OAI21_X4M_A6P5PP140ZTS_C35)                               0.03      0.03       0.22 r
  n919 (net)                                    4         0.00                0.00       0.22 r
  U785/Y (NOR2_X3TA_A6P5PP140ZTS_C35)                               0.01      0.01       0.24 f
  n731 (net)                                    2         0.00                0.00       0.24 f
  U735/Y (OA1B2_X6M_A6P5PP140ZTS_C35)                               0.01      0.03       0.27 f
  n728 (net)                                    5         0.00                0.00       0.27 f
  U782/Y (OAI21_X3M_A6P5PP140ZTS_C35)                               0.03      0.02       0.29 r
  n718 (net)                                    2         0.00                0.00       0.29 r
  U204/Y (INV_X3M_A6P5PP140ZTS_C35)                                 0.01      0.01       0.30 f
  n699 (net)                                    2         0.00                0.00       0.30 f
  U910/Y (OAI21_X2M_A6P5PP140ZTS_C35)                               0.03      0.02       0.33 r
  n689 (net)                                    1         0.00                0.00       0.33 r
  U442/Y (XNOR2_X4M_A6P5PP140ZTS_C35)                               0.02      0.03       0.36 r
  n691 (net)                                    1         0.00                0.00       0.36 r
  U499/Y (NAND2_X2M_A6P5PP140ZTS_C35)                               0.02      0.02       0.38 f
  n692 (net)                                    1         0.00                0.00       0.38 f
  U556/Y (NAND2_X6M_A6P5PP140ZTS_C35)                               0.02      0.02       0.39 r
  n786 (net)                                    2         0.00                0.00       0.39 r
  U192/Y (NAND2_X4TA_A6P5PP140ZTS_C35)                              0.04      0.03       0.42 f
  n827 (net)                                    6         0.01                0.00       0.42 f
  U662/Y (INV_X2M_A6P5PP140ZTS_C35)                                 0.02      0.02       0.44 r
  n176 (net)                                    1         0.00                0.00       0.44 r
  U440/Y (NAND2_X3M_A6P5PP140ZTS_C35)                               0.02      0.01       0.45 f
  n74 (net)                                     1         0.00                0.00       0.45 f
  U275/Y (NAND2_X4TA_A6P5PP140ZTS_C35)                              0.01      0.01       0.46 r
  n801 (net)                                    2         0.00                0.00       0.46 r
  U659/Y (OAI21_X3M_A6P5PP140ZTS_C35)                               0.01      0.01       0.48 f
  n174 (net)                                    1         0.00                0.00       0.48 f
  U294/Y (NAND2_X3TA_A6P5PP140ZTS_C35)                              0.02      0.02       0.49 r
  n1000 (net)                                   3         0.00                0.00       0.49 r
  U340/Y (NOR2_X3TA_A6P5PP140ZTS_C35)                               0.02      0.02       0.51 f
  n1138 (net)                                   4         0.00                0.00       0.51 f
  U515/Y (NOR3_X2TA_A6P5PP140ZTS_C35)                               0.02      0.02       0.53 r
  n105 (net)                                    1         0.00                0.00       0.53 r
  U524/Y (AO21A1AI2_X3M_A6P5PP140ZTS_C35)                           0.04      0.03       0.56 f
  n532 (net)                                    2         0.00                0.00       0.56 f
  U260/Y (NAND2_X8TA_A6P5PP140ZTS_C35)                              0.02      0.02       0.58 r
  n906 (net)                                    7         0.01                0.00       0.58 r
  U145/Y (AOI21_X3M_A6P5PP140ZTS_C35)                               0.02      0.02       0.60 f
  n846 (net)                                    1         0.00                0.00       0.60 f
  U1062/Y (XNOR2_X4M_A6P5PP140ZTS_C35)                              0.03      0.03       0.63 f
  n1212 (net)                                   4         0.00                0.00       0.63 f
  U959/Y (XOR2_X4M_A6P5PP140ZTS_C35)                                0.03      0.03       0.66 f
  u_dut/u_mac/ULSD/a_int[7] (net)               3         0.00                0.00       0.66 f
  U1005/Y (INV_X2P5M_A6P5PP140ZTS_C35)                              0.01      0.01       0.68 r
  n479 (net)                                    1         0.00                0.00       0.68 r
  U920/Y (AO21A1AI2_X3M_A6P5PP140ZTS_C35)                           0.02      0.02       0.70 f
  n385 (net)                                    1         0.00                0.00       0.70 f
  U306/Y (NAND2_X3TA_A6P5PP140ZTS_C35)                              0.01      0.01       0.72 r
  n547 (net)                                    1         0.00                0.00       0.72 r
  U575/Y (NOR2_X4TA_A6P5PP140ZTS_C35)                               0.02      0.01       0.73 f
  u_dut/u_mac/lzdout[0] (net)                   2         0.00                0.00       0.73 f
  U552/Y (INV_X7M_A6P5PP140ZTS_C35)                                 0.01      0.01       0.74 r
  n114 (net)                                    2         0.01                0.00       0.74 r
  U551/Y (INV_X16M_A6P5PP140ZTS_C35)                                0.01      0.01       0.75 f
  n1274 (net)                                  13         0.02                0.00       0.75 f
  U397/Y (NOR2_X8TA_A6P5PP140ZTS_C35)                               0.01      0.01       0.77 r
  n1236 (net)                                   8         0.00                0.00       0.77 r
  U96/Y (NAND2_X2A_A6P5PP140ZTS_C35)                                0.01      0.01       0.78 f
  n1210 (net)                                   1         0.00                0.00       0.78 f
  U76/Y (OAI21_X0P5M_A6P5PP140ZTS_C35)                              0.05      0.02       0.80 r
  n1215 (net)                                   1         0.00                0.00       0.80 r
  U584/Y (NOR2_X3A_A6P5PP140ZTS_C35)                                0.02      0.02       0.81 f
  n1345 (net)                                   3         0.00                0.00       0.81 f
  U63/Y (AOI21_X2M_A6P5PP140ZTS_C35)                                0.02      0.02       0.83 r
  n54 (net)                                     1         0.00                0.00       0.83 r
  U409/Y (NAND2_X3M_A6P5PP140ZTS_C35)                               0.02      0.02       0.85 f
  n502 (net)                                    2         0.00                0.00       0.85 f
  U504/Y (NOR3_X1A_A6P5PP140ZTS_C35)                                0.05      0.03       0.89 r
  n480 (net)                                    1         0.00                0.00       0.89 r
  U368/Y (AOI21_X3M_A6P5PP140ZTS_C35)                               0.02      0.02       0.91 f
  n34 (net)                                     1         0.00                0.00       0.91 f
  U55/Y (NOR2_X3A_A6P5PP140ZTS_C35)                                 0.02      0.02       0.93 r
  n367 (net)                                    2         0.00                0.00       0.93 r
  U629/Y (NAND2_X4M_A6P5PP140ZTS_C35)                               0.02      0.02       0.94 f
  n1447 (net)                                   3         0.00                0.00       0.94 f
  U377/Y (INV_X5M_A6P5PP140ZTS_C35)                                 0.01      0.01       0.95 r
  n1444 (net)                                   2         0.00                0.00       0.95 r
  U802/Y (NOR2_X3TA_A6P5PP140ZTS_C35)                               0.01      0.01       0.96 f
  n268 (net)                                    1         0.00                0.00       0.96 f
  U299/Y (AOI21_X2M_A6P5PP140ZTS_C35)                               0.01      0.02       0.98 r
  n1452 (net)                                   1         0.00                0.00       0.98 r
  U982/Y (AOI21_X0P5M_A6P5PP140ZTS_C35)                             0.02      0.02       0.99 f
  u_dut/z_comb[0] (net)                         1         0.00                0.00       0.99 f
  u_dut/z_o_reg[0]/D (DFFRPQA_X1M_A6P5PP140ZTS_C35)                 0.02      0.00       0.99 f
  data arrival time                                                                      0.99

  clock clk (rise edge)                                                       1.00       1.00
  clock network delay (ideal)                                                 0.00       1.00
  clock uncertainty                                                          -0.05       0.95
  u_dut/z_o_reg[0]/CK (DFFRPQA_X1M_A6P5PP140ZTS_C35)                          0.00       0.95 r
  library setup time                                                         -0.04       0.91
  data required time                                                                     0.91
  ----------------------------------------------------------------------------------------------
  data required time                                                                     0.91
  data arrival time                                                                     -0.99
  ----------------------------------------------------------------------------------------------
  slack (VIOLATED)                                                                      -0.08


  Startpoint: b_bits_i[3]
              (input port clocked by clk)
  Endpoint: u_dut/z_o_reg[0]
            (rising edge-triggered flip-flop clocked by clk)
  Path Group: clk
  Path Type: max

  Des/Clust/Port     Wire Load Model       Library
  ------------------------------------------------
  char_top           Zero                  sc6p5mcpp140z_cln22ul_base_svt_c35_tt_typical_max_0p80v_25c

  Point                                       Fanout       Cap     Trans      Incr       Path
  ----------------------------------------------------------------------------------------------
  clock clk (rise edge)                                                       0.00       0.00
  clock network delay (ideal)                                                 0.00       0.00
  input external delay                                                        0.10       0.10 f
  b_bits_i[3] (in)                                                  0.05      0.00       0.10 f
  b_bits_i[3] (net)                             8         0.02                0.00       0.10 f
  U375/Y (INV_X16M_A6P5PP140ZTS_C35)                                0.01      0.01       0.11 r
  n354 (net)                                    1         0.00                0.00       0.11 r
  U750/Y (NAND3_X4TA_A6P5PP140ZTS_C35)                              0.02      0.01       0.13 f
  n275 (net)                                    1         0.00                0.00       0.13 f
  U745/Y (NAND3_X4TA_A6P5PP140ZTS_C35)                              0.02      0.02       0.15 r
  n655 (net)                                    2         0.00                0.00       0.15 r
  U464/Y (NAND2_X8TA_A6P5PP140ZTS_C35)                              0.02      0.02       0.17 f
  n596 (net)                                    4         0.01                0.00       0.17 f
  U870/Y (XOR2_X3M_A6P5PP140ZTS_C35)                                0.02      0.03       0.20 f
  n356 (net)                                    2         0.00                0.00       0.20 f
  U775/Y (OAI21_X4M_A6P5PP140ZTS_C35)                               0.03      0.03       0.22 r
  n919 (net)                                    4         0.00                0.00       0.22 r
  U785/Y (NOR2_X3TA_A6P5PP140ZTS_C35)                               0.01      0.01       0.24 f
  n731 (net)                                    2         0.00                0.00       0.24 f
  U735/Y (OA1B2_X6M_A6P5PP140ZTS_C35)                               0.01      0.03       0.27 f
  n728 (net)                                    5         0.00                0.00       0.27 f
  U782/Y (OAI21_X3M_A6P5PP140ZTS_C35)                               0.03      0.02       0.29 r
  n718 (net)                                    2         0.00                0.00       0.29 r
  U204/Y (INV_X3M_A6P5PP140ZTS_C35)                                 0.01      0.01       0.30 f
  n699 (net)                                    2         0.00                0.00       0.30 f
  U910/Y (OAI21_X2M_A6P5PP140ZTS_C35)                               0.03      0.02       0.33 r
  n689 (net)                                    1         0.00                0.00       0.33 r
  U442/Y (XNOR2_X4M_A6P5PP140ZTS_C35)                               0.02      0.03       0.36 r
  n691 (net)                                    1         0.00                0.00       0.36 r
  U499/Y (NAND2_X2M_A6P5PP140ZTS_C35)                               0.02      0.02       0.38 f
  n692 (net)                                    1         0.00                0.00       0.38 f
  U556/Y (NAND2_X6M_A6P5PP140ZTS_C35)                               0.02      0.02       0.39 r
  n786 (net)                                    2         0.00                0.00       0.39 r
  U192/Y (NAND2_X4TA_A6P5PP140ZTS_C35)                              0.04      0.03       0.42 f
  n827 (net)                                    6         0.01                0.00       0.42 f
  U662/Y (INV_X2M_A6P5PP140ZTS_C35)                                 0.02      0.02       0.44 r
  n176 (net)                                    1         0.00                0.00       0.44 r
  U440/Y (NAND2_X3M_A6P5PP140ZTS_C35)                               0.02      0.01       0.45 f
  n74 (net)                                     1         0.00                0.00       0.45 f
  U275/Y (NAND2_X4TA_A6P5PP140ZTS_C35)                              0.01      0.01       0.46 r
  n801 (net)                                    2         0.00                0.00       0.46 r
  U659/Y (OAI21_X3M_A6P5PP140ZTS_C35)                               0.01      0.01       0.48 f
  n174 (net)                                    1         0.00                0.00       0.48 f
  U294/Y (NAND2_X3TA_A6P5PP140ZTS_C35)                              0.02      0.02       0.49 r
  n1000 (net)                                   3         0.00                0.00       0.49 r
  U340/Y (NOR2_X3TA_A6P5PP140ZTS_C35)                               0.02      0.02       0.51 f
  n1138 (net)                                   4         0.00                0.00       0.51 f
  U515/Y (NOR3_X2TA_A6P5PP140ZTS_C35)                               0.02      0.02       0.53 r
  n105 (net)                                    1         0.00                0.00       0.53 r
  U524/Y (AO21A1AI2_X3M_A6P5PP140ZTS_C35)                           0.04      0.03       0.56 f
  n532 (net)                                    2         0.00                0.00       0.56 f
  U260/Y (NAND2_X8TA_A6P5PP140ZTS_C35)                              0.02      0.02       0.58 r
  n906 (net)                                    7         0.01                0.00       0.58 r
  U145/Y (AOI21_X3M_A6P5PP140ZTS_C35)                               0.02      0.02       0.60 f
  n846 (net)                                    1         0.00                0.00       0.60 f
  U1062/Y (XNOR2_X4M_A6P5PP140ZTS_C35)                              0.03      0.03       0.63 f
  n1212 (net)                                   4         0.00                0.00       0.63 f
  U959/Y (XOR2_X4M_A6P5PP140ZTS_C35)                                0.03      0.03       0.66 f
  u_dut/u_mac/ULSD/a_int[7] (net)               3         0.00                0.00       0.66 f
  U1005/Y (INV_X2P5M_A6P5PP140ZTS_C35)                              0.01      0.01       0.68 r
  n479 (net)                                    1         0.00                0.00       0.68 r
  U920/Y (AO21A1AI2_X3M_A6P5PP140ZTS_C35)                           0.02      0.02       0.70 f
  n385 (net)                                    1         0.00                0.00       0.70 f
  U306/Y (NAND2_X3TA_A6P5PP140ZTS_C35)                              0.01      0.01       0.72 r
  n547 (net)                                    1         0.00                0.00       0.72 r
  U575/Y (NOR2_X4TA_A6P5PP140ZTS_C35)                               0.02      0.01       0.73 f
  u_dut/u_mac/lzdout[0] (net)                   2         0.00                0.00       0.73 f
  U552/Y (INV_X7M_A6P5PP140ZTS_C35)                                 0.01      0.01       0.74 r
  n114 (net)                                    2         0.01                0.00       0.74 r
  U551/Y (INV_X16M_A6P5PP140ZTS_C35)                                0.01      0.01       0.75 f
  n1274 (net)                                  13         0.02                0.00       0.75 f
  U397/Y (NOR2_X8TA_A6P5PP140ZTS_C35)                               0.01      0.01       0.77 r
  n1236 (net)                                   8         0.00                0.00       0.77 r
  U96/Y (NAND2_X2A_A6P5PP140ZTS_C35)                                0.01      0.01       0.78 f
  n1210 (net)                                   1         0.00                0.00       0.78 f
  U76/Y (OAI21_X0P5M_A6P5PP140ZTS_C35)                              0.05      0.02       0.80 r
  n1215 (net)                                   1         0.00                0.00       0.80 r
  U584/Y (NOR2_X3A_A6P5PP140ZTS_C35)                                0.02      0.02       0.81 f
  n1345 (net)                                   3         0.00                0.00       0.81 f
  U63/Y (AOI21_X2M_A6P5PP140ZTS_C35)                                0.02      0.02       0.83 r
  n54 (net)                                     1         0.00                0.00       0.83 r
  U409/Y (NAND2_X3M_A6P5PP140ZTS_C35)                               0.02      0.02       0.85 f
  n502 (net)                                    2         0.00                0.00       0.85 f
  U504/Y (NOR3_X1A_A6P5PP140ZTS_C35)                                0.05      0.03       0.89 r
  n480 (net)                                    1         0.00                0.00       0.89 r
  U368/Y (AOI21_X3M_A6P5PP140ZTS_C35)                               0.02      0.02       0.91 f
  n34 (net)                                     1         0.00                0.00       0.91 f
  U55/Y (NOR2_X3A_A6P5PP140ZTS_C35)                                 0.02      0.02       0.93 r
  n367 (net)                                    2         0.00                0.00       0.93 r
  U629/Y (NAND2_X4M_A6P5PP140ZTS_C35)                               0.02      0.02       0.94 f
  n1447 (net)                                   3         0.00                0.00       0.94 f
  U377/Y (INV_X5M_A6P5PP140ZTS_C35)                                 0.01      0.01       0.95 r
  n1444 (net)                                   2         0.00                0.00       0.95 r
  U802/Y (NOR2_X3TA_A6P5PP140ZTS_C35)                               0.01      0.01       0.96 f
  n268 (net)                                    1         0.00                0.00       0.96 f
  U299/Y (AOI21_X2M_A6P5PP140ZTS_C35)                               0.01      0.02       0.98 r
  n1452 (net)                                   1         0.00                0.00       0.98 r
  U982/Y (AOI21_X0P5M_A6P5PP140ZTS_C35)                             0.02      0.02       0.99 f
  u_dut/z_comb[0] (net)                         1         0.00                0.00       0.99 f
  u_dut/z_o_reg[0]/D (DFFRPQA_X1M_A6P5PP140ZTS_C35)                 0.02      0.00       0.99 f
  data arrival time                                                                      0.99

  clock clk (rise edge)                                                       1.00       1.00
  clock network delay (ideal)                                                 0.00       1.00
  clock uncertainty                                                          -0.05       0.95
  u_dut/z_o_reg[0]/CK (DFFRPQA_X1M_A6P5PP140ZTS_C35)                          0.00       0.95 r
  library setup time                                                         -0.04       0.91
  data required time                                                                     0.91
  ----------------------------------------------------------------------------------------------
  data required time                                                                     0.91
  data arrival time                                                                     -0.99
  ----------------------------------------------------------------------------------------------
  slack (VIOLATED)                                                                      -0.08


  Startpoint: b_bits_i[1]
              (input port clocked by clk)
  Endpoint: u_dut/z_o_reg[2]
            (rising edge-triggered flip-flop clocked by clk)
  Path Group: clk
  Path Type: max

  Des/Clust/Port     Wire Load Model       Library
  ------------------------------------------------
  char_top           Zero                  sc6p5mcpp140z_cln22ul_base_svt_c35_tt_typical_max_0p80v_25c

  Point                                       Fanout       Cap     Trans      Incr       Path
  ----------------------------------------------------------------------------------------------
  clock clk (rise edge)                                                       0.00       0.00
  clock network delay (ideal)                                                 0.00       0.00
  input external delay                                                        0.10       0.10 f
  b_bits_i[1] (in)                                                  0.05      0.00       0.10 f
  b_bits_i[1] (net)                             7         0.02                0.00       0.10 f
  U737/Y (INV_X16M_A6P5PP140ZTS_C35)                                0.02      0.02       0.12 r
  n608 (net)                                    2         0.01                0.00       0.12 r
  U726/Y (NAND3_X4TA_A6P5PP140ZTS_C35)                              0.02      0.02       0.13 f
  n235 (net)                                    1         0.00                0.00       0.13 f
  U745/Y (NAND3_X4TA_A6P5PP140ZTS_C35)                              0.02      0.02       0.15 r
  n655 (net)                                    2         0.00                0.00       0.15 r
  U464/Y (NAND2_X8TA_A6P5PP140ZTS_C35)                              0.02      0.02       0.17 f
  n596 (net)                                    4         0.01                0.00       0.17 f
  U870/Y (XOR2_X3M_A6P5PP140ZTS_C35)                                0.02      0.03       0.20 f
  n356 (net)                                    2         0.00                0.00       0.20 f
  U775/Y (OAI21_X4M_A6P5PP140ZTS_C35)                               0.03      0.03       0.22 r
  n919 (net)                                    4         0.00                0.00       0.22 r
  U785/Y (NOR2_X3TA_A6P5PP140ZTS_C35)                               0.01      0.01       0.24 f
  n731 (net)                                    2         0.00                0.00       0.24 f
  U735/Y (OA1B2_X6M_A6P5PP140ZTS_C35)                               0.01      0.03       0.27 f
  n728 (net)                                    5         0.00                0.00       0.27 f
  U782/Y (OAI21_X3M_A6P5PP140ZTS_C35)                               0.03      0.02       0.29 r
  n718 (net)                                    2         0.00                0.00       0.29 r
  U204/Y (INV_X3M_A6P5PP140ZTS_C35)                                 0.01      0.01       0.30 f
  n699 (net)                                    2         0.00                0.00       0.30 f
  U910/Y (OAI21_X2M_A6P5PP140ZTS_C35)                               0.03      0.02       0.33 r
  n689 (net)                                    1         0.00                0.00       0.33 r
  U442/Y (XNOR2_X4M_A6P5PP140ZTS_C35)                               0.02      0.03       0.36 r
  n691 (net)                                    1         0.00                0.00       0.36 r
  U499/Y (NAND2_X2M_A6P5PP140ZTS_C35)                               0.02      0.02       0.38 f
  n692 (net)                                    1         0.00                0.00       0.38 f
  U556/Y (NAND2_X6M_A6P5PP140ZTS_C35)                               0.02      0.02       0.39 r
  n786 (net)                                    2         0.00                0.00       0.39 r
  U192/Y (NAND2_X4TA_A6P5PP140ZTS_C35)                              0.04      0.03       0.42 f
  n827 (net)                                    6         0.01                0.00       0.42 f
  U662/Y (INV_X2M_A6P5PP140ZTS_C35)                                 0.02      0.02       0.44 r
  n176 (net)                                    1         0.00                0.00       0.44 r
  U440/Y (NAND2_X3M_A6P5PP140ZTS_C35)                               0.02      0.01       0.45 f
  n74 (net)                                     1         0.00                0.00       0.45 f
  U275/Y (NAND2_X4TA_A6P5PP140ZTS_C35)                              0.01      0.01       0.46 r
  n801 (net)                                    2         0.00                0.00       0.46 r
  U659/Y (OAI21_X3M_A6P5PP140ZTS_C35)                               0.01      0.01       0.48 f
  n174 (net)                                    1         0.00                0.00       0.48 f
  U294/Y (NAND2_X3TA_A6P5PP140ZTS_C35)                              0.02      0.02       0.49 r
  n1000 (net)                                   3         0.00                0.00       0.49 r
  U340/Y (NOR2_X3TA_A6P5PP140ZTS_C35)                               0.02      0.02       0.51 f
  n1138 (net)                                   4         0.00                0.00       0.51 f
  U515/Y (NOR3_X2TA_A6P5PP140ZTS_C35)                               0.02      0.02       0.53 r
  n105 (net)                                    1         0.00                0.00       0.53 r
  U524/Y (AO21A1AI2_X3M_A6P5PP140ZTS_C35)                           0.04      0.03       0.56 f
  n532 (net)                                    2         0.00                0.00       0.56 f
  U981/Y (NAND3_X1A_A6P5PP140ZTS_C35)                               0.02      0.02       0.58 r
  n491 (net)                                    1         0.00                0.00       0.58 r
  U557/Y (NAND2_X1P4TA_A6P5PP140ZTS_C35)                            0.02      0.02       0.60 f
  n852 (net)                                    1         0.00                0.00       0.60 f
  U606/Y (XNOR2_X4M_A6P5PP140ZTS_C35)                               0.03      0.03       0.63 f
  n1217 (net)                                   4         0.00                0.00       0.63 f
  U959/Y (XOR2_X4M_A6P5PP140ZTS_C35)                                0.03      0.04       0.66 f
  u_dut/u_mac/ULSD/a_int[7] (net)               3         0.00                0.00       0.66 f
  U1005/Y (INV_X2P5M_A6P5PP140ZTS_C35)                              0.01      0.01       0.68 r
  n479 (net)                                    1         0.00                0.00       0.68 r
  U920/Y (AO21A1AI2_X3M_A6P5PP140ZTS_C35)                           0.02      0.02       0.70 f
  n385 (net)                                    1         0.00                0.00       0.70 f
  U306/Y (NAND2_X3TA_A6P5PP140ZTS_C35)                              0.01      0.01       0.72 r
  n547 (net)                                    1         0.00                0.00       0.72 r
  U575/Y (NOR2_X4TA_A6P5PP140ZTS_C35)                               0.02      0.01       0.73 f
  u_dut/u_mac/lzdout[0] (net)                   2         0.00                0.00       0.73 f
  U552/Y (INV_X7M_A6P5PP140ZTS_C35)                                 0.01      0.01       0.74 r
  n114 (net)                                    2         0.01                0.00       0.74 r
  U551/Y (INV_X16M_A6P5PP140ZTS_C35)                                0.01      0.01       0.75 f
  n1274 (net)                                  13         0.02                0.00       0.75 f
  U103/Y (NAND2_X1A_A6P5PP140ZTS_C35)                               0.02      0.02       0.77 r
  n1245 (net)                                   2         0.00                0.00       0.77 r
  U834/Y (INV_X2M_A6P5PP140ZTS_C35)                                 0.01      0.01       0.78 f
  n303 (net)                                    1         0.00                0.00       0.78 f
  U833/Y (NOR2_X2TA_A6P5PP140ZTS_C35)                               0.02      0.02       0.80 r
  n1252 (net)                                   2         0.00                0.00       0.80 r
  U612/Y (NAND3_X1A_A6P5PP140ZTS_C35)                               0.03      0.02       0.82 f
  n147 (net)                                    1         0.00                0.00       0.82 f
  U376/Y (NAND3_X2M_A6P5PP140ZTS_C35)                               0.02      0.02       0.84 r
  n154 (net)                                    1         0.00                0.00       0.84 r
  U77/Y (NOR2_X1P4TA_A6P5PP140ZTS_C35)                              0.01      0.01       0.85 f
  n161 (net)                                    1         0.00                0.00       0.85 f
  U378/Y (NAND2_X4M_A6P5PP140ZTS_C35)                               0.02      0.02       0.87 r
  n483 (net)                                    1         0.00                0.00       0.87 r
  U367/Y (NOR2_X8TA_A6P5PP140ZTS_C35)                               0.02      0.01       0.88 f
  n1332 (net)                                   6         0.01                0.00       0.88 f
  U993/Y (AOI21_X2M_A6P5PP140ZTS_C35)                               0.02      0.02       0.90 r
  n1467 (net)                                   2         0.00                0.00       0.90 r
  U929/Y (AOI21_X3M_A6P5PP140ZTS_C35)                               0.02      0.02       0.92 f
  n1431 (net)                                   4         0.00                0.00       0.92 f
  U333/Y (NOR2_X3A_A6P5PP140ZTS_C35)                                0.02      0.02       0.94 r
  n556 (net)                                    1         0.00                0.00       0.94 r
  U549/Y (NAND2_X3M_A6P5PP140ZTS_C35)                               0.01      0.01       0.95 f
  n159 (net)                                    1         0.00                0.00       0.95 f
  U634/Y (INV_X2P5M_A6P5PP140ZTS_C35)                               0.01      0.01       0.96 r
  n1449 (net)                                   2         0.00                0.00       0.96 r
  U26/Y (NOR2_X1TA_A6P5PP140ZTS_C35)                                0.02      0.01       0.98 f
  n225 (net)                                    1         0.00                0.00       0.98 f
  U729/Y (AOI21_X2M_A6P5PP140ZTS_C35)                               0.02      0.02       0.99 r
  u_dut/z_comb[2] (net)                         1         0.00                0.00       0.99 r
  u_dut/z_o_reg[2]/D (DFFRPQA_X1M_A6P5PP140ZTS_C35)                 0.02      0.00       0.99 r
  data arrival time                                                                      0.99

  clock clk (rise edge)                                                       1.00       1.00
  clock network delay (ideal)                                                 0.00       1.00
  clock uncertainty                                                          -0.05       0.95
  u_dut/z_o_reg[2]/CK (DFFRPQA_X1M_A6P5PP140ZTS_C35)                          0.00       0.95 r
  library setup time                                                         -0.04       0.91
  data required time                                                                     0.91
  ----------------------------------------------------------------------------------------------
  data required time                                                                     0.91
  data arrival time                                                                     -0.99
  ----------------------------------------------------------------------------------------------
  slack (VIOLATED)                                                                      -0.08


1
