 
****************************************
Report : resources
Design : char_top
Version: X-2025.06-SP3
Date   : Wed Sep  2 15:25:30 2026
****************************************


Resource Report for this hierarchy in file
        <FUSION_MUL16_V2_ROOT>/rtl/fusion_mul16_v2_int_accum.sv
=============================================================================
| Cell           | Module         | Parameters | Contained Operations       |
=============================================================================
| add_x_1        | DW01_add       | width=48   | u_dut/u_int_accum/add_25 (fusion_mul16_v2_int_accum.sv:25) |
| add_x_2        | DW01_add       | width=48   | u_dut/u_int_accum/add_25_I2 (fusion_mul16_v2_int_accum.sv:25) |
| add_x_3        | DW01_add       | width=48   | u_dut/u_int_accum/add_25_I3 (fusion_mul16_v2_int_accum.sv:25) |
| add_x_4        | DW01_add       | width=48   | u_dut/u_int_accum/add_25_I4 (fusion_mul16_v2_int_accum.sv:25) |
| u_dut/u_bf16_accum/G_BF16_LANE[3].u_acc      |                            |
|                | DW_fp_add      | sig_width=7 | u_dut/u_bf16_accum/G_BF16_LANE[3].u_acc (fusion_mul16_v2_bf16_accum_dw.sv:46) |
| exp_width=8 |         |
|                |                | ieee_compliance=0 |                     |
| u_dut/u_bf16_accum/G_BF16_LANE[3].u_lane_sum |                            |
|                | DW_fp_add      | sig_width=7 | u_dut/u_bf16_accum/G_BF16_LANE[3].u_lane_sum (fusion_mul16_v2_bf16_accum_dw.sv:42) |
| exp_width=8 |    |
|                |                | ieee_compliance=0 |                     |
| u_dut/u_bf16_accum/G_BF16_LANE[3].u_pair23   |                            |
|                | DW_fp_add      | sig_width=7 | u_dut/u_bf16_accum/G_BF16_LANE[3].u_pair23 (fusion_mul16_v2_bf16_accum_dw.sv:38) |
| exp_width=8 |      |
|                |                | ieee_compliance=0 |                     |
| u_dut/u_bf16_accum/G_BF16_LANE[3].u_pair01   |                            |
|                | DW_fp_add      | sig_width=7 | u_dut/u_bf16_accum/G_BF16_LANE[3].u_pair01 (fusion_mul16_v2_bf16_accum_dw.sv:34) |
| exp_width=8 |      |
|                |                | ieee_compliance=0 |                     |
| u_dut/u_bf16_accum/G_BF16_LANE[2].u_acc      |                            |
|                | DW_fp_add      | sig_width=7 | u_dut/u_bf16_accum/G_BF16_LANE[2].u_acc (fusion_mul16_v2_bf16_accum_dw.sv:46) |
| exp_width=8 |         |
|                |                | ieee_compliance=0 |                     |
| u_dut/u_bf16_accum/G_BF16_LANE[2].u_lane_sum |                            |
|                | DW_fp_add      | sig_width=7 | u_dut/u_bf16_accum/G_BF16_LANE[2].u_lane_sum (fusion_mul16_v2_bf16_accum_dw.sv:42) |
| exp_width=8 |    |
|                |                | ieee_compliance=0 |                     |
| u_dut/u_bf16_accum/G_BF16_LANE[2].u_pair23   |                            |
|                | DW_fp_add      | sig_width=7 | u_dut/u_bf16_accum/G_BF16_LANE[2].u_pair23 (fusion_mul16_v2_bf16_accum_dw.sv:38) |
| exp_width=8 |      |
|                |                | ieee_compliance=0 |                     |
| u_dut/u_bf16_accum/G_BF16_LANE[2].u_pair01   |                            |
|                | DW_fp_add      | sig_width=7 | u_dut/u_bf16_accum/G_BF16_LANE[2].u_pair01 (fusion_mul16_v2_bf16_accum_dw.sv:34) |
| exp_width=8 |      |
|                |                | ieee_compliance=0 |                     |
| u_dut/u_bf16_accum/G_BF16_LANE[1].u_acc      |                            |
|                | DW_fp_add      | sig_width=7 | u_dut/u_bf16_accum/G_BF16_LANE[1].u_acc (fusion_mul16_v2_bf16_accum_dw.sv:46) |
| exp_width=8 |         |
|                |                | ieee_compliance=0 |                     |
| u_dut/u_bf16_accum/G_BF16_LANE[1].u_lane_sum |                            |
|                | DW_fp_add      | sig_width=7 | u_dut/u_bf16_accum/G_BF16_LANE[1].u_lane_sum (fusion_mul16_v2_bf16_accum_dw.sv:42) |
| exp_width=8 |    |
|                |                | ieee_compliance=0 |                     |
| u_dut/u_bf16_accum/G_BF16_LANE[1].u_pair23   |                            |
|                | DW_fp_add      | sig_width=7 | u_dut/u_bf16_accum/G_BF16_LANE[1].u_pair23 (fusion_mul16_v2_bf16_accum_dw.sv:38) |
| exp_width=8 |      |
|                |                | ieee_compliance=0 |                     |
| u_dut/u_bf16_accum/G_BF16_LANE[1].u_pair01   |                            |
|                | DW_fp_add      | sig_width=7 | u_dut/u_bf16_accum/G_BF16_LANE[1].u_pair01 (fusion_mul16_v2_bf16_accum_dw.sv:34) |
| exp_width=8 |      |
|                |                | ieee_compliance=0 |                     |
| u_dut/u_bf16_accum/G_BF16_LANE[0].u_acc      |                            |
|                | DW_fp_add      | sig_width=7 | u_dut/u_bf16_accum/G_BF16_LANE[0].u_acc (fusion_mul16_v2_bf16_accum_dw.sv:46) |
| exp_width=8 |         |
|                |                | ieee_compliance=0 |                     |
| u_dut/u_bf16_accum/G_BF16_LANE[0].u_lane_sum |                            |
|                | DW_fp_add      | sig_width=7 | u_dut/u_bf16_accum/G_BF16_LANE[0].u_lane_sum (fusion_mul16_v2_bf16_accum_dw.sv:42) |
| exp_width=8 |    |
|                |                | ieee_compliance=0 |                     |
| u_dut/u_bf16_accum/G_BF16_LANE[0].u_pair23   |                            |
|                | DW_fp_add      | sig_width=7 | u_dut/u_bf16_accum/G_BF16_LANE[0].u_pair23 (fusion_mul16_v2_bf16_accum_dw.sv:38) |
| exp_width=8 |      |
|                |                | ieee_compliance=0 |                     |
| u_dut/u_bf16_accum/G_BF16_LANE[0].u_pair01   |                            |
|                | DW_fp_add      | sig_width=7 | u_dut/u_bf16_accum/G_BF16_LANE[0].u_pair01 (fusion_mul16_v2_bf16_accum_dw.sv:34) |
| exp_width=8 |      |
|                |                | ieee_compliance=0 |                     |
=============================================================================


Resource Report for Ungrouped Hierarchy
        u_dut/u_bf16_accum/G_BF16_LANE[0].u_pair01
=============================================================================
| Cell           | Module         | Parameters | Contained Operations       |
=============================================================================
| U1             | DW_fp_addsub   | sig_width=7 | U1                        |
|                |                | exp_width=8 |                           |
|                |                | ieee_compliance=0 |                     |
=============================================================================


Resource Report for Ungrouped Hierarchy
        u_dut/u_bf16_accum/G_BF16_LANE[0].u_pair23
=============================================================================
| Cell           | Module         | Parameters | Contained Operations       |
=============================================================================
| U1             | DW_fp_addsub   | sig_width=7 | U1                        |
|                |                | exp_width=8 |                           |
|                |                | ieee_compliance=0 |                     |
=============================================================================


Resource Report for Ungrouped Hierarchy
        u_dut/u_bf16_accum/G_BF16_LANE[0].u_lane_sum
=============================================================================
| Cell           | Module         | Parameters | Contained Operations       |
=============================================================================
| U1             | DW_fp_addsub   | sig_width=7 | U1                        |
|                |                | exp_width=8 |                           |
|                |                | ieee_compliance=0 |                     |
=============================================================================


Resource Report for Ungrouped Hierarchy
        u_dut/u_bf16_accum/G_BF16_LANE[0].u_acc
=============================================================================
| Cell           | Module         | Parameters | Contained Operations       |
=============================================================================
| U1             | DW_fp_addsub   | sig_width=7 | U1                        |
|                |                | exp_width=8 |                           |
|                |                | ieee_compliance=0 |                     |
=============================================================================


Resource Report for Ungrouped Hierarchy
        u_dut/u_bf16_accum/G_BF16_LANE[1].u_pair01
=============================================================================
| Cell           | Module         | Parameters | Contained Operations       |
=============================================================================
| U1             | DW_fp_addsub   | sig_width=7 | U1                        |
|                |                | exp_width=8 |                           |
|                |                | ieee_compliance=0 |                     |
=============================================================================


Resource Report for Ungrouped Hierarchy
        u_dut/u_bf16_accum/G_BF16_LANE[1].u_pair23
=============================================================================
| Cell           | Module         | Parameters | Contained Operations       |
=============================================================================
| U1             | DW_fp_addsub   | sig_width=7 | U1                        |
|                |                | exp_width=8 |                           |
|                |                | ieee_compliance=0 |                     |
=============================================================================


Resource Report for Ungrouped Hierarchy
        u_dut/u_bf16_accum/G_BF16_LANE[1].u_lane_sum
=============================================================================
| Cell           | Module         | Parameters | Contained Operations       |
=============================================================================
| U1             | DW_fp_addsub   | sig_width=7 | U1                        |
|                |                | exp_width=8 |                           |
|                |                | ieee_compliance=0 |                     |
=============================================================================


Resource Report for Ungrouped Hierarchy
        u_dut/u_bf16_accum/G_BF16_LANE[1].u_acc
=============================================================================
| Cell           | Module         | Parameters | Contained Operations       |
=============================================================================
| U1             | DW_fp_addsub   | sig_width=7 | U1                        |
|                |                | exp_width=8 |                           |
|                |                | ieee_compliance=0 |                     |
=============================================================================


Resource Report for Ungrouped Hierarchy
        u_dut/u_bf16_accum/G_BF16_LANE[2].u_pair01
=============================================================================
| Cell           | Module         | Parameters | Contained Operations       |
=============================================================================
| U1             | DW_fp_addsub   | sig_width=7 | U1                        |
|                |                | exp_width=8 |                           |
|                |                | ieee_compliance=0 |                     |
=============================================================================


Resource Report for Ungrouped Hierarchy
        u_dut/u_bf16_accum/G_BF16_LANE[2].u_pair23
=============================================================================
| Cell           | Module         | Parameters | Contained Operations       |
=============================================================================
| U1             | DW_fp_addsub   | sig_width=7 | U1                        |
|                |                | exp_width=8 |                           |
|                |                | ieee_compliance=0 |                     |
=============================================================================


Resource Report for Ungrouped Hierarchy
        u_dut/u_bf16_accum/G_BF16_LANE[2].u_lane_sum
=============================================================================
| Cell           | Module         | Parameters | Contained Operations       |
=============================================================================
| U1             | DW_fp_addsub   | sig_width=7 | U1                        |
|                |                | exp_width=8 |                           |
|                |                | ieee_compliance=0 |                     |
=============================================================================


Resource Report for Ungrouped Hierarchy
        u_dut/u_bf16_accum/G_BF16_LANE[2].u_acc
=============================================================================
| Cell           | Module         | Parameters | Contained Operations       |
=============================================================================
| U1             | DW_fp_addsub   | sig_width=7 | U1                        |
|                |                | exp_width=8 |                           |
|                |                | ieee_compliance=0 |                     |
=============================================================================


Resource Report for Ungrouped Hierarchy
        u_dut/u_bf16_accum/G_BF16_LANE[3].u_pair01
=============================================================================
| Cell           | Module         | Parameters | Contained Operations       |
=============================================================================
| U1             | DW_fp_addsub   | sig_width=7 | U1                        |
|                |                | exp_width=8 |                           |
|                |                | ieee_compliance=0 |                     |
=============================================================================


Resource Report for Ungrouped Hierarchy
        u_dut/u_bf16_accum/G_BF16_LANE[3].u_pair23
=============================================================================
| Cell           | Module         | Parameters | Contained Operations       |
=============================================================================
| U1             | DW_fp_addsub   | sig_width=7 | U1                        |
|                |                | exp_width=8 |                           |
|                |                | ieee_compliance=0 |                     |
=============================================================================


Resource Report for Ungrouped Hierarchy
        u_dut/u_bf16_accum/G_BF16_LANE[3].u_lane_sum
=============================================================================
| Cell           | Module         | Parameters | Contained Operations       |
=============================================================================
| U1             | DW_fp_addsub   | sig_width=7 | U1                        |
|                |                | exp_width=8 |                           |
|                |                | ieee_compliance=0 |                     |
=============================================================================


Resource Report for Ungrouped Hierarchy
        u_dut/u_bf16_accum/G_BF16_LANE[3].u_acc
=============================================================================
| Cell           | Module         | Parameters | Contained Operations       |
=============================================================================
| U1             | DW_fp_addsub   | sig_width=7 | U1                        |
|                |                | exp_width=8 |                           |
|                |                | ieee_compliance=0 |                     |
=============================================================================


Resource Report for Ungrouped Hierarchy *cell*18354/U1 in file
        ./DW_norm_rtl.vhd.e
=============================================================================
| Cell           | Module         | Parameters | Contained Operations       |
=============================================================================
| U2             | DW01_ash       | A_width=11 | U2                         |
|                |                | SH_width=3 |                            |
=============================================================================


Resource Report for Ungrouped Hierarchy
        u_dut/u_bf16_accum/G_BF16_LANE[0].u_acc/U1 in file
        ./DW_fp_addsub__str.v.e
=============================================================================
| Cell           | Module         | Parameters | Contained Operations       |
=============================================================================
| lt_x_1         | DW_cmp         | width=15   | lt_224                     |
| ashr_5         | DW_rightsh     | A_width=10 | srl_284_lsb_trim           |
|                |                | SH_width=8 |                            |
| ash_6          | DW_leftsh      | A_width=10 | sll_286                    |
|                |                | SH_width=8 |                            |
| ash_8          | DW_leftsh      | A_width=11 | sll_338                    |
|                |                | SH_width=5 |                            |
| add_x_9        | DW01_add       | width=4    | add_340                    |
| add_x_16       | DW01_inc       | width=7    | add_399                    |
| U2             | DW_lzd         | a_width=12 | U2                         |
| U1             | DW_norm        | a_width=11 | U1                         |
|                |                | srch_wind=3 |                           |
|                |                | exp_width=5 |                           |
|                |                | exp_ctr=0  |                            |
| DP_OP_65_201_8201               |            |                            |
|                | DP_OP_65_201_8201 |         |                            |
| DP_OP_66_202_4294               |            |                            |
|                | DP_OP_66_202_4294 |         |                            |
| DP_OP_67_203_7124               |            |                            |
|                | DP_OP_67_203_7124 |         |                            |
=============================================================================

Datapath Report for DP_OP_65_201_8201
==============================================================================
| Cell                 | Contained Operations                                |
==============================================================================
| DP_OP_65_201_8201    | sub_278 sub_add_280 add_280_ni                      |
==============================================================================

==============================================================================
|       |      | Data     |       |                                          |
| Var   | Type | Class    | Width | Expression                               |
==============================================================================
| I1    | PI   | Unsigned | 8     |                                          |
| I2    | PI   | Unsigned | 8     |                                          |
| T64   | IFO  | Signed   | 8     | O1[7:0]                                  |
| O1    | PO   | Signed   | 9     | I1 - I2                                  |
| O2    | PO   | Signed   | 8     | -T64 + $unsigned(8'b00000000)            |
==============================================================================

Datapath Report for DP_OP_66_202_4294
==============================================================================
| Cell                 | Contained Operations                                |
==============================================================================
| DP_OP_66_202_4294    | add_295 add_295_2                                   |
==============================================================================

==============================================================================
|       |      | Data     |       |                                          |
| Var   | Type | Class    | Width | Expression                               |
==============================================================================
| I1    | PI   | Unsigned | 11    |                                          |
| I2    | PI   | Unsigned | 12    |                                          |
| I3    | PI   | Unsigned | 1     |                                          |
| O1    | PO   | Unsigned | 12    | I1 + I2 + I3                             |
==============================================================================

Datapath Report for DP_OP_67_203_7124
==============================================================================
| Cell                 | Contained Operations                                |
==============================================================================
| DP_OP_67_203_7124    | add_403 sub_404                                     |
==============================================================================

==============================================================================
|       |      | Data     |       |                                          |
| Var   | Type | Class    | Width | Expression                               |
==============================================================================
| I1    | PI   | Unsigned | 8     |                                          |
| I2    | PI   | Unsigned | 4     |                                          |
| O1    | PO   | Unsigned | 9     | I1 + $unsigned(1'b1)                     |
| O2    | PO   | Signed   | 10    | O1 - I2                                  |
==============================================================================


Resource Report for Ungrouped Hierarchy *cell*22281/U1 in file
        ./DW_norm_rtl.vhd.e
=============================================================================
| Cell           | Module         | Parameters | Contained Operations       |
=============================================================================
| U2             | DW01_ash       | A_width=11 | U2                         |
|                |                | SH_width=3 |                            |
=============================================================================


Resource Report for Ungrouped Hierarchy
        u_dut/u_bf16_accum/G_BF16_LANE[1].u_acc/U1 in file
        ./DW_fp_addsub__str.v.e
=============================================================================
| Cell           | Module         | Parameters | Contained Operations       |
=============================================================================
| lt_x_1         | DW_cmp         | width=15   | lt_224                     |
| ashr_5         | DW_rightsh     | A_width=10 | srl_284_lsb_trim           |
|                |                | SH_width=8 |                            |
| ash_6          | DW_leftsh      | A_width=10 | sll_286                    |
|                |                | SH_width=8 |                            |
| ash_8          | DW_leftsh      | A_width=11 | sll_338                    |
|                |                | SH_width=5 |                            |
| add_x_9        | DW01_add       | width=4    | add_340                    |
| add_x_16       | DW01_inc       | width=7    | add_399                    |
| U2             | DW_lzd         | a_width=12 | U2                         |
| U1             | DW_norm        | a_width=11 | U1                         |
|                |                | srch_wind=3 |                           |
|                |                | exp_width=5 |                           |
|                |                | exp_ctr=0  |                            |
| DP_OP_65_209_8201               |            |                            |
|                | DP_OP_65_209_8201 |         |                            |
| DP_OP_66_210_4294               |            |                            |
|                | DP_OP_66_210_4294 |         |                            |
| DP_OP_67_211_7124               |            |                            |
|                | DP_OP_67_211_7124 |         |                            |
=============================================================================

Datapath Report for DP_OP_65_209_8201
==============================================================================
| Cell                 | Contained Operations                                |
==============================================================================
| DP_OP_65_209_8201    | sub_278 sub_add_280 add_280_ni                      |
==============================================================================

==============================================================================
|       |      | Data     |       |                                          |
| Var   | Type | Class    | Width | Expression                               |
==============================================================================
| I1    | PI   | Unsigned | 8     |                                          |
| I2    | PI   | Unsigned | 8     |                                          |
| T64   | IFO  | Signed   | 8     | O1[7:0]                                  |
| O1    | PO   | Signed   | 9     | I1 - I2                                  |
| O2    | PO   | Signed   | 8     | -T64 + $unsigned(8'b00000000)            |
==============================================================================

Datapath Report for DP_OP_66_210_4294
==============================================================================
| Cell                 | Contained Operations                                |
==============================================================================
| DP_OP_66_210_4294    | add_295 add_295_2                                   |
==============================================================================

==============================================================================
|       |      | Data     |       |                                          |
| Var   | Type | Class    | Width | Expression                               |
==============================================================================
| I1    | PI   | Unsigned | 11    |                                          |
| I2    | PI   | Unsigned | 12    |                                          |
| I3    | PI   | Unsigned | 1     |                                          |
| O1    | PO   | Unsigned | 12    | I1 + I2 + I3                             |
==============================================================================

Datapath Report for DP_OP_67_211_7124
==============================================================================
| Cell                 | Contained Operations                                |
==============================================================================
| DP_OP_67_211_7124    | add_403 sub_404                                     |
==============================================================================

==============================================================================
|       |      | Data     |       |                                          |
| Var   | Type | Class    | Width | Expression                               |
==============================================================================
| I1    | PI   | Unsigned | 8     |                                          |
| I2    | PI   | Unsigned | 4     |                                          |
| O1    | PO   | Unsigned | 9     | I1 + $unsigned(1'b1)                     |
| O2    | PO   | Signed   | 10    | O1 - I2                                  |
==============================================================================


Resource Report for Ungrouped Hierarchy *cell*26208/U1 in file
        ./DW_norm_rtl.vhd.e
=============================================================================
| Cell           | Module         | Parameters | Contained Operations       |
=============================================================================
| U2             | DW01_ash       | A_width=11 | U2                         |
|                |                | SH_width=3 |                            |
=============================================================================


Resource Report for Ungrouped Hierarchy
        u_dut/u_bf16_accum/G_BF16_LANE[2].u_acc/U1 in file
        ./DW_fp_addsub__str.v.e
=============================================================================
| Cell           | Module         | Parameters | Contained Operations       |
=============================================================================
| lt_x_1         | DW_cmp         | width=15   | lt_224                     |
| ashr_5         | DW_rightsh     | A_width=10 | srl_284_lsb_trim           |
|                |                | SH_width=8 |                            |
| ash_6          | DW_leftsh      | A_width=10 | sll_286                    |
|                |                | SH_width=8 |                            |
| ash_8          | DW_leftsh      | A_width=11 | sll_338                    |
|                |                | SH_width=5 |                            |
| add_x_9        | DW01_add       | width=4    | add_340                    |
| add_x_16       | DW01_inc       | width=7    | add_399                    |
| U2             | DW_lzd         | a_width=12 | U2                         |
| U1             | DW_norm        | a_width=11 | U1                         |
|                |                | srch_wind=3 |                           |
|                |                | exp_width=5 |                           |
|                |                | exp_ctr=0  |                            |
| DP_OP_65_217_8201               |            |                            |
|                | DP_OP_65_217_8201 |         |                            |
| DP_OP_66_218_4294               |            |                            |
|                | DP_OP_66_218_4294 |         |                            |
| DP_OP_67_219_7124               |            |                            |
|                | DP_OP_67_219_7124 |         |                            |
=============================================================================

Datapath Report for DP_OP_65_217_8201
==============================================================================
| Cell                 | Contained Operations                                |
==============================================================================
| DP_OP_65_217_8201    | sub_278 sub_add_280 add_280_ni                      |
==============================================================================

==============================================================================
|       |      | Data     |       |                                          |
| Var   | Type | Class    | Width | Expression                               |
==============================================================================
| I1    | PI   | Unsigned | 8     |                                          |
| I2    | PI   | Unsigned | 8     |                                          |
| T64   | IFO  | Signed   | 8     | O1[7:0]                                  |
| O1    | PO   | Signed   | 9     | I1 - I2                                  |
| O2    | PO   | Signed   | 8     | -T64 + $unsigned(8'b00000000)            |
==============================================================================

Datapath Report for DP_OP_66_218_4294
==============================================================================
| Cell                 | Contained Operations                                |
==============================================================================
| DP_OP_66_218_4294    | add_295 add_295_2                                   |
==============================================================================

==============================================================================
|       |      | Data     |       |                                          |
| Var   | Type | Class    | Width | Expression                               |
==============================================================================
| I1    | PI   | Unsigned | 11    |                                          |
| I2    | PI   | Unsigned | 12    |                                          |
| I3    | PI   | Unsigned | 1     |                                          |
| O1    | PO   | Unsigned | 12    | I1 + I2 + I3                             |
==============================================================================

Datapath Report for DP_OP_67_219_7124
==============================================================================
| Cell                 | Contained Operations                                |
==============================================================================
| DP_OP_67_219_7124    | add_403 sub_404                                     |
==============================================================================

==============================================================================
|       |      | Data     |       |                                          |
| Var   | Type | Class    | Width | Expression                               |
==============================================================================
| I1    | PI   | Unsigned | 8     |                                          |
| I2    | PI   | Unsigned | 4     |                                          |
| O1    | PO   | Unsigned | 9     | I1 + $unsigned(1'b1)                     |
| O2    | PO   | Signed   | 10    | O1 - I2                                  |
==============================================================================


Resource Report for Ungrouped Hierarchy *cell*30135/U1 in file
        ./DW_norm_rtl.vhd.e
=============================================================================
| Cell           | Module         | Parameters | Contained Operations       |
=============================================================================
| U2             | DW01_ash       | A_width=11 | U2                         |
|                |                | SH_width=3 |                            |
=============================================================================


Resource Report for Ungrouped Hierarchy
        u_dut/u_bf16_accum/G_BF16_LANE[3].u_acc/U1 in file
        ./DW_fp_addsub__str.v.e
=============================================================================
| Cell           | Module         | Parameters | Contained Operations       |
=============================================================================
| lt_x_1         | DW_cmp         | width=15   | lt_224                     |
| ashr_5         | DW_rightsh     | A_width=10 | srl_284_lsb_trim           |
|                |                | SH_width=8 |                            |
| ash_6          | DW_leftsh      | A_width=10 | sll_286                    |
|                |                | SH_width=8 |                            |
| ash_8          | DW_leftsh      | A_width=11 | sll_338                    |
|                |                | SH_width=5 |                            |
| add_x_9        | DW01_add       | width=4    | add_340                    |
| add_x_16       | DW01_inc       | width=7    | add_399                    |
| U2             | DW_lzd         | a_width=12 | U2                         |
| U1             | DW_norm        | a_width=11 | U1                         |
|                |                | srch_wind=3 |                           |
|                |                | exp_width=5 |                           |
|                |                | exp_ctr=0  |                            |
| DP_OP_65_225_8201               |            |                            |
|                | DP_OP_65_225_8201 |         |                            |
| DP_OP_66_226_4294               |            |                            |
|                | DP_OP_66_226_4294 |         |                            |
| DP_OP_67_227_7124               |            |                            |
|                | DP_OP_67_227_7124 |         |                            |
=============================================================================

Datapath Report for DP_OP_65_225_8201
==============================================================================
| Cell                 | Contained Operations                                |
==============================================================================
| DP_OP_65_225_8201    | sub_278 sub_add_280 add_280_ni                      |
==============================================================================

==============================================================================
|       |      | Data     |       |                                          |
| Var   | Type | Class    | Width | Expression                               |
==============================================================================
| I1    | PI   | Unsigned | 8     |                                          |
| I2    | PI   | Unsigned | 8     |                                          |
| T64   | IFO  | Signed   | 8     | O1[7:0]                                  |
| O1    | PO   | Signed   | 9     | I1 - I2                                  |
| O2    | PO   | Signed   | 8     | -T64 + $unsigned(8'b00000000)            |
==============================================================================

Datapath Report for DP_OP_66_226_4294
==============================================================================
| Cell                 | Contained Operations                                |
==============================================================================
| DP_OP_66_226_4294    | add_295 add_295_2                                   |
==============================================================================

==============================================================================
|       |      | Data     |       |                                          |
| Var   | Type | Class    | Width | Expression                               |
==============================================================================
| I1    | PI   | Unsigned | 11    |                                          |
| I2    | PI   | Unsigned | 12    |                                          |
| I3    | PI   | Unsigned | 1     |                                          |
| O1    | PO   | Unsigned | 12    | I1 + I2 + I3                             |
==============================================================================

Datapath Report for DP_OP_67_227_7124
==============================================================================
| Cell                 | Contained Operations                                |
==============================================================================
| DP_OP_67_227_7124    | add_403 sub_404                                     |
==============================================================================

==============================================================================
|       |      | Data     |       |                                          |
| Var   | Type | Class    | Width | Expression                               |
==============================================================================
| I1    | PI   | Unsigned | 8     |                                          |
| I2    | PI   | Unsigned | 4     |                                          |
| O1    | PO   | Unsigned | 9     | I1 + $unsigned(1'b1)                     |
| O2    | PO   | Signed   | 10    | O1 - I2                                  |
==============================================================================


Resource Report for Ungrouped Hierarchy *cell*34097/U1 in file
        ./DW_norm_rtl.vhd.e
=============================================================================
| Cell           | Module         | Parameters | Contained Operations       |
=============================================================================
| U2             | DW01_ash       | A_width=11 | U2                         |
|                |                | SH_width=3 |                            |
=============================================================================


Resource Report for Ungrouped Hierarchy
        u_dut/u_bf16_accum/G_BF16_LANE[0].u_pair01/U1 in file
        ./DW_fp_addsub__str.v.e
=============================================================================
| Cell           | Module         | Parameters | Contained Operations       |
=============================================================================
| lt_x_1         | DW_cmp         | width=15   | lt_224                     |
| ashr_5         | DW_rightsh     | A_width=10 | srl_284_lsb_trim           |
|                |                | SH_width=8 |                            |
| ash_6          | DW_leftsh      | A_width=10 | sll_286                    |
|                |                | SH_width=8 |                            |
| ash_8          | DW_leftsh      | A_width=11 | sll_338                    |
|                |                | SH_width=5 |                            |
| add_x_9        | DW01_add       | width=4    | add_340                    |
| add_x_16       | DW01_inc       | width=7    | add_399                    |
| U2             | DW_lzd         | a_width=12 | U2                         |
| U1             | DW_norm        | a_width=11 | U1                         |
|                |                | srch_wind=3 |                           |
|                |                | exp_width=5 |                           |
|                |                | exp_ctr=0  |                            |
| DP_OP_65_233_8201               |            |                            |
|                | DP_OP_65_233_8201 |         |                            |
| DP_OP_66_234_4294               |            |                            |
|                | DP_OP_66_234_4294 |         |                            |
| DP_OP_67_235_7124               |            |                            |
|                | DP_OP_67_235_7124 |         |                            |
=============================================================================

Datapath Report for DP_OP_65_233_8201
==============================================================================
| Cell                 | Contained Operations                                |
==============================================================================
| DP_OP_65_233_8201    | sub_278 sub_add_280 add_280_ni                      |
==============================================================================

==============================================================================
|       |      | Data     |       |                                          |
| Var   | Type | Class    | Width | Expression                               |
==============================================================================
| I1    | PI   | Unsigned | 8     |                                          |
| I2    | PI   | Unsigned | 8     |                                          |
| T64   | IFO  | Signed   | 8     | O1[7:0]                                  |
| O1    | PO   | Signed   | 9     | I1 - I2                                  |
| O2    | PO   | Signed   | 8     | -T64 + $unsigned(8'b00000000)            |
==============================================================================

Datapath Report for DP_OP_66_234_4294
==============================================================================
| Cell                 | Contained Operations                                |
==============================================================================
| DP_OP_66_234_4294    | add_295 add_295_2                                   |
==============================================================================

==============================================================================
|       |      | Data     |       |                                          |
| Var   | Type | Class    | Width | Expression                               |
==============================================================================
| I1    | PI   | Unsigned | 11    |                                          |
| I2    | PI   | Unsigned | 12    |                                          |
| I3    | PI   | Unsigned | 1     |                                          |
| O1    | PO   | Unsigned | 12    | I1 + I2 + I3                             |
==============================================================================

Datapath Report for DP_OP_67_235_7124
==============================================================================
| Cell                 | Contained Operations                                |
==============================================================================
| DP_OP_67_235_7124    | add_403 sub_404                                     |
==============================================================================

==============================================================================
|       |      | Data     |       |                                          |
| Var   | Type | Class    | Width | Expression                               |
==============================================================================
| I1    | PI   | Unsigned | 8     |                                          |
| I2    | PI   | Unsigned | 4     |                                          |
| O1    | PO   | Unsigned | 9     | I1 + $unsigned(1'b1)                     |
| O2    | PO   | Signed   | 10    | O1 - I2                                  |
==============================================================================


Resource Report for Ungrouped Hierarchy *cell*38057/U1 in file
        ./DW_norm_rtl.vhd.e
=============================================================================
| Cell           | Module         | Parameters | Contained Operations       |
=============================================================================
| U2             | DW01_ash       | A_width=11 | U2                         |
|                |                | SH_width=3 |                            |
=============================================================================


Resource Report for Ungrouped Hierarchy
        u_dut/u_bf16_accum/G_BF16_LANE[0].u_pair23/U1 in file
        ./DW_fp_addsub__str.v.e
=============================================================================
| Cell           | Module         | Parameters | Contained Operations       |
=============================================================================
| lt_x_1         | DW_cmp         | width=15   | lt_224                     |
| ashr_5         | DW_rightsh     | A_width=10 | srl_284_lsb_trim           |
|                |                | SH_width=8 |                            |
| ash_6          | DW_leftsh      | A_width=10 | sll_286                    |
|                |                | SH_width=8 |                            |
| ash_8          | DW_leftsh      | A_width=11 | sll_338                    |
|                |                | SH_width=5 |                            |
| add_x_9        | DW01_add       | width=4    | add_340                    |
| add_x_16       | DW01_inc       | width=7    | add_399                    |
| U2             | DW_lzd         | a_width=12 | U2                         |
| U1             | DW_norm        | a_width=11 | U1                         |
|                |                | srch_wind=3 |                           |
|                |                | exp_width=5 |                           |
|                |                | exp_ctr=0  |                            |
| DP_OP_65_241_8201               |            |                            |
|                | DP_OP_65_241_8201 |         |                            |
| DP_OP_66_242_4294               |            |                            |
|                | DP_OP_66_242_4294 |         |                            |
| DP_OP_67_243_7124               |            |                            |
|                | DP_OP_67_243_7124 |         |                            |
=============================================================================

Datapath Report for DP_OP_65_241_8201
==============================================================================
| Cell                 | Contained Operations                                |
==============================================================================
| DP_OP_65_241_8201    | sub_278 sub_add_280 add_280_ni                      |
==============================================================================

==============================================================================
|       |      | Data     |       |                                          |
| Var   | Type | Class    | Width | Expression                               |
==============================================================================
| I1    | PI   | Unsigned | 8     |                                          |
| I2    | PI   | Unsigned | 8     |                                          |
| T64   | IFO  | Signed   | 8     | O1[7:0]                                  |
| O1    | PO   | Signed   | 9     | I1 - I2                                  |
| O2    | PO   | Signed   | 8     | -T64 + $unsigned(8'b00000000)            |
==============================================================================

Datapath Report for DP_OP_66_242_4294
==============================================================================
| Cell                 | Contained Operations                                |
==============================================================================
| DP_OP_66_242_4294    | add_295 add_295_2                                   |
==============================================================================

==============================================================================
|       |      | Data     |       |                                          |
| Var   | Type | Class    | Width | Expression                               |
==============================================================================
| I1    | PI   | Unsigned | 11    |                                          |
| I2    | PI   | Unsigned | 12    |                                          |
| I3    | PI   | Unsigned | 1     |                                          |
| O1    | PO   | Unsigned | 12    | I1 + I2 + I3                             |
==============================================================================

Datapath Report for DP_OP_67_243_7124
==============================================================================
| Cell                 | Contained Operations                                |
==============================================================================
| DP_OP_67_243_7124    | add_403 sub_404                                     |
==============================================================================

==============================================================================
|       |      | Data     |       |                                          |
| Var   | Type | Class    | Width | Expression                               |
==============================================================================
| I1    | PI   | Unsigned | 8     |                                          |
| I2    | PI   | Unsigned | 4     |                                          |
| O1    | PO   | Unsigned | 9     | I1 + $unsigned(1'b1)                     |
| O2    | PO   | Signed   | 10    | O1 - I2                                  |
==============================================================================


Resource Report for Ungrouped Hierarchy *cell*42017/U1 in file
        ./DW_norm_rtl.vhd.e
=============================================================================
| Cell           | Module         | Parameters | Contained Operations       |
=============================================================================
| U2             | DW01_ash       | A_width=11 | U2                         |
|                |                | SH_width=3 |                            |
=============================================================================


Resource Report for Ungrouped Hierarchy
        u_dut/u_bf16_accum/G_BF16_LANE[0].u_lane_sum/U1 in file
        ./DW_fp_addsub__str.v.e
=============================================================================
| Cell           | Module         | Parameters | Contained Operations       |
=============================================================================
| lt_x_1         | DW_cmp         | width=15   | lt_224                     |
| ashr_5         | DW_rightsh     | A_width=10 | srl_284_lsb_trim           |
|                |                | SH_width=8 |                            |
| ash_6          | DW_leftsh      | A_width=10 | sll_286                    |
|                |                | SH_width=8 |                            |
| ash_8          | DW_leftsh      | A_width=11 | sll_338                    |
|                |                | SH_width=5 |                            |
| add_x_9        | DW01_add       | width=4    | add_340                    |
| add_x_16       | DW01_inc       | width=7    | add_399                    |
| U2             | DW_lzd         | a_width=12 | U2                         |
| U1             | DW_norm        | a_width=11 | U1                         |
|                |                | srch_wind=3 |                           |
|                |                | exp_width=5 |                           |
|                |                | exp_ctr=0  |                            |
| DP_OP_65_249_8201               |            |                            |
|                | DP_OP_65_249_8201 |         |                            |
| DP_OP_66_250_4294               |            |                            |
|                | DP_OP_66_250_4294 |         |                            |
| DP_OP_67_251_7124               |            |                            |
|                | DP_OP_67_251_7124 |         |                            |
=============================================================================

Datapath Report for DP_OP_65_249_8201
==============================================================================
| Cell                 | Contained Operations                                |
==============================================================================
| DP_OP_65_249_8201    | sub_278 sub_add_280 add_280_ni                      |
==============================================================================

==============================================================================
|       |      | Data     |       |                                          |
| Var   | Type | Class    | Width | Expression                               |
==============================================================================
| I1    | PI   | Unsigned | 8     |                                          |
| I2    | PI   | Unsigned | 8     |                                          |
| T64   | IFO  | Signed   | 8     | O1[7:0]                                  |
| O1    | PO   | Signed   | 9     | I1 - I2                                  |
| O2    | PO   | Signed   | 8     | -T64 + $unsigned(8'b00000000)            |
==============================================================================

Datapath Report for DP_OP_66_250_4294
==============================================================================
| Cell                 | Contained Operations                                |
==============================================================================
| DP_OP_66_250_4294    | add_295 add_295_2                                   |
==============================================================================

==============================================================================
|       |      | Data     |       |                                          |
| Var   | Type | Class    | Width | Expression                               |
==============================================================================
| I1    | PI   | Unsigned | 11    |                                          |
| I2    | PI   | Unsigned | 12    |                                          |
| I3    | PI   | Unsigned | 1     |                                          |
| O1    | PO   | Unsigned | 12    | I1 + I2 + I3                             |
==============================================================================

Datapath Report for DP_OP_67_251_7124
==============================================================================
| Cell                 | Contained Operations                                |
==============================================================================
| DP_OP_67_251_7124    | add_403 sub_404                                     |
==============================================================================

==============================================================================
|       |      | Data     |       |                                          |
| Var   | Type | Class    | Width | Expression                               |
==============================================================================
| I1    | PI   | Unsigned | 8     |                                          |
| I2    | PI   | Unsigned | 4     |                                          |
| O1    | PO   | Unsigned | 9     | I1 + $unsigned(1'b1)                     |
| O2    | PO   | Signed   | 10    | O1 - I2                                  |
==============================================================================


Resource Report for Ungrouped Hierarchy *cell*45977/U1 in file
        ./DW_norm_rtl.vhd.e
=============================================================================
| Cell           | Module         | Parameters | Contained Operations       |
=============================================================================
| U2             | DW01_ash       | A_width=11 | U2                         |
|                |                | SH_width=3 |                            |
=============================================================================


Resource Report for Ungrouped Hierarchy
        u_dut/u_bf16_accum/G_BF16_LANE[1].u_pair01/U1 in file
        ./DW_fp_addsub__str.v.e
=============================================================================
| Cell           | Module         | Parameters | Contained Operations       |
=============================================================================
| lt_x_1         | DW_cmp         | width=15   | lt_224                     |
| ashr_5         | DW_rightsh     | A_width=10 | srl_284_lsb_trim           |
|                |                | SH_width=8 |                            |
| ash_6          | DW_leftsh      | A_width=10 | sll_286                    |
|                |                | SH_width=8 |                            |
| ash_8          | DW_leftsh      | A_width=11 | sll_338                    |
|                |                | SH_width=5 |                            |
| add_x_9        | DW01_add       | width=4    | add_340                    |
| add_x_16       | DW01_inc       | width=7    | add_399                    |
| U2             | DW_lzd         | a_width=12 | U2                         |
| U1             | DW_norm        | a_width=11 | U1                         |
|                |                | srch_wind=3 |                           |
|                |                | exp_width=5 |                           |
|                |                | exp_ctr=0  |                            |
| DP_OP_65_257_8201               |            |                            |
|                | DP_OP_65_257_8201 |         |                            |
| DP_OP_66_258_4294               |            |                            |
|                | DP_OP_66_258_4294 |         |                            |
| DP_OP_67_259_7124               |            |                            |
|                | DP_OP_67_259_7124 |         |                            |
=============================================================================

Datapath Report for DP_OP_65_257_8201
==============================================================================
| Cell                 | Contained Operations                                |
==============================================================================
| DP_OP_65_257_8201    | sub_278 sub_add_280 add_280_ni                      |
==============================================================================

==============================================================================
|       |      | Data     |       |                                          |
| Var   | Type | Class    | Width | Expression                               |
==============================================================================
| I1    | PI   | Unsigned | 8     |                                          |
| I2    | PI   | Unsigned | 8     |                                          |
| T64   | IFO  | Signed   | 8     | O1[7:0]                                  |
| O1    | PO   | Signed   | 9     | I1 - I2                                  |
| O2    | PO   | Signed   | 8     | -T64 + $unsigned(8'b00000000)            |
==============================================================================

Datapath Report for DP_OP_66_258_4294
==============================================================================
| Cell                 | Contained Operations                                |
==============================================================================
| DP_OP_66_258_4294    | add_295 add_295_2                                   |
==============================================================================

==============================================================================
|       |      | Data     |       |                                          |
| Var   | Type | Class    | Width | Expression                               |
==============================================================================
| I1    | PI   | Unsigned | 11    |                                          |
| I2    | PI   | Unsigned | 12    |                                          |
| I3    | PI   | Unsigned | 1     |                                          |
| O1    | PO   | Unsigned | 12    | I1 + I2 + I3                             |
==============================================================================

Datapath Report for DP_OP_67_259_7124
==============================================================================
| Cell                 | Contained Operations                                |
==============================================================================
| DP_OP_67_259_7124    | add_403 sub_404                                     |
==============================================================================

==============================================================================
|       |      | Data     |       |                                          |
| Var   | Type | Class    | Width | Expression                               |
==============================================================================
| I1    | PI   | Unsigned | 8     |                                          |
| I2    | PI   | Unsigned | 4     |                                          |
| O1    | PO   | Unsigned | 9     | I1 + $unsigned(1'b1)                     |
| O2    | PO   | Signed   | 10    | O1 - I2                                  |
==============================================================================


Resource Report for Ungrouped Hierarchy *cell*49937/U1 in file
        ./DW_norm_rtl.vhd.e
=============================================================================
| Cell           | Module         | Parameters | Contained Operations       |
=============================================================================
| U2             | DW01_ash       | A_width=11 | U2                         |
|                |                | SH_width=3 |                            |
=============================================================================


Resource Report for Ungrouped Hierarchy
        u_dut/u_bf16_accum/G_BF16_LANE[1].u_pair23/U1 in file
        ./DW_fp_addsub__str.v.e
=============================================================================
| Cell           | Module         | Parameters | Contained Operations       |
=============================================================================
| lt_x_1         | DW_cmp         | width=15   | lt_224                     |
| ashr_5         | DW_rightsh     | A_width=10 | srl_284_lsb_trim           |
|                |                | SH_width=8 |                            |
| ash_6          | DW_leftsh      | A_width=10 | sll_286                    |
|                |                | SH_width=8 |                            |
| ash_8          | DW_leftsh      | A_width=11 | sll_338                    |
|                |                | SH_width=5 |                            |
| add_x_9        | DW01_add       | width=4    | add_340                    |
| add_x_16       | DW01_inc       | width=7    | add_399                    |
| U2             | DW_lzd         | a_width=12 | U2                         |
| U1             | DW_norm        | a_width=11 | U1                         |
|                |                | srch_wind=3 |                           |
|                |                | exp_width=5 |                           |
|                |                | exp_ctr=0  |                            |
| DP_OP_65_265_8201               |            |                            |
|                | DP_OP_65_265_8201 |         |                            |
| DP_OP_66_266_4294               |            |                            |
|                | DP_OP_66_266_4294 |         |                            |
| DP_OP_67_267_7124               |            |                            |
|                | DP_OP_67_267_7124 |         |                            |
=============================================================================

Datapath Report for DP_OP_65_265_8201
==============================================================================
| Cell                 | Contained Operations                                |
==============================================================================
| DP_OP_65_265_8201    | sub_278 sub_add_280 add_280_ni                      |
==============================================================================

==============================================================================
|       |      | Data     |       |                                          |
| Var   | Type | Class    | Width | Expression                               |
==============================================================================
| I1    | PI   | Unsigned | 8     |                                          |
| I2    | PI   | Unsigned | 8     |                                          |
| T64   | IFO  | Signed   | 8     | O1[7:0]                                  |
| O1    | PO   | Signed   | 9     | I1 - I2                                  |
| O2    | PO   | Signed   | 8     | -T64 + $unsigned(8'b00000000)            |
==============================================================================

Datapath Report for DP_OP_66_266_4294
==============================================================================
| Cell                 | Contained Operations                                |
==============================================================================
| DP_OP_66_266_4294    | add_295 add_295_2                                   |
==============================================================================

==============================================================================
|       |      | Data     |       |                                          |
| Var   | Type | Class    | Width | Expression                               |
==============================================================================
| I1    | PI   | Unsigned | 11    |                                          |
| I2    | PI   | Unsigned | 12    |                                          |
| I3    | PI   | Unsigned | 1     |                                          |
| O1    | PO   | Unsigned | 12    | I1 + I2 + I3                             |
==============================================================================

Datapath Report for DP_OP_67_267_7124
==============================================================================
| Cell                 | Contained Operations                                |
==============================================================================
| DP_OP_67_267_7124    | add_403 sub_404                                     |
==============================================================================

==============================================================================
|       |      | Data     |       |                                          |
| Var   | Type | Class    | Width | Expression                               |
==============================================================================
| I1    | PI   | Unsigned | 8     |                                          |
| I2    | PI   | Unsigned | 4     |                                          |
| O1    | PO   | Unsigned | 9     | I1 + $unsigned(1'b1)                     |
| O2    | PO   | Signed   | 10    | O1 - I2                                  |
==============================================================================


Resource Report for Ungrouped Hierarchy *cell*53897/U1 in file
        ./DW_norm_rtl.vhd.e
=============================================================================
| Cell           | Module         | Parameters | Contained Operations       |
=============================================================================
| U2             | DW01_ash       | A_width=11 | U2                         |
|                |                | SH_width=3 |                            |
=============================================================================


Resource Report for Ungrouped Hierarchy
        u_dut/u_bf16_accum/G_BF16_LANE[1].u_lane_sum/U1 in file
        ./DW_fp_addsub__str.v.e
=============================================================================
| Cell           | Module         | Parameters | Contained Operations       |
=============================================================================
| lt_x_1         | DW_cmp         | width=15   | lt_224                     |
| ashr_5         | DW_rightsh     | A_width=10 | srl_284_lsb_trim           |
|                |                | SH_width=8 |                            |
| ash_6          | DW_leftsh      | A_width=10 | sll_286                    |
|                |                | SH_width=8 |                            |
| ash_8          | DW_leftsh      | A_width=11 | sll_338                    |
|                |                | SH_width=5 |                            |
| add_x_9        | DW01_add       | width=4    | add_340                    |
| add_x_16       | DW01_inc       | width=7    | add_399                    |
| U2             | DW_lzd         | a_width=12 | U2                         |
| U1             | DW_norm        | a_width=11 | U1                         |
|                |                | srch_wind=3 |                           |
|                |                | exp_width=5 |                           |
|                |                | exp_ctr=0  |                            |
| DP_OP_65_273_8201               |            |                            |
|                | DP_OP_65_273_8201 |         |                            |
| DP_OP_66_274_4294               |            |                            |
|                | DP_OP_66_274_4294 |         |                            |
| DP_OP_67_275_7124               |            |                            |
|                | DP_OP_67_275_7124 |         |                            |
=============================================================================

Datapath Report for DP_OP_65_273_8201
==============================================================================
| Cell                 | Contained Operations                                |
==============================================================================
| DP_OP_65_273_8201    | sub_278 sub_add_280 add_280_ni                      |
==============================================================================

==============================================================================
|       |      | Data     |       |                                          |
| Var   | Type | Class    | Width | Expression                               |
==============================================================================
| I1    | PI   | Unsigned | 8     |                                          |
| I2    | PI   | Unsigned | 8     |                                          |
| T64   | IFO  | Signed   | 8     | O1[7:0]                                  |
| O1    | PO   | Signed   | 9     | I1 - I2                                  |
| O2    | PO   | Signed   | 8     | -T64 + $unsigned(8'b00000000)            |
==============================================================================

Datapath Report for DP_OP_66_274_4294
==============================================================================
| Cell                 | Contained Operations                                |
==============================================================================
| DP_OP_66_274_4294    | add_295 add_295_2                                   |
==============================================================================

==============================================================================
|       |      | Data     |       |                                          |
| Var   | Type | Class    | Width | Expression                               |
==============================================================================
| I1    | PI   | Unsigned | 11    |                                          |
| I2    | PI   | Unsigned | 12    |                                          |
| I3    | PI   | Unsigned | 1     |                                          |
| O1    | PO   | Unsigned | 12    | I1 + I2 + I3                             |
==============================================================================

Datapath Report for DP_OP_67_275_7124
==============================================================================
| Cell                 | Contained Operations                                |
==============================================================================
| DP_OP_67_275_7124    | add_403 sub_404                                     |
==============================================================================

==============================================================================
|       |      | Data     |       |                                          |
| Var   | Type | Class    | Width | Expression                               |
==============================================================================
| I1    | PI   | Unsigned | 8     |                                          |
| I2    | PI   | Unsigned | 4     |                                          |
| O1    | PO   | Unsigned | 9     | I1 + $unsigned(1'b1)                     |
| O2    | PO   | Signed   | 10    | O1 - I2                                  |
==============================================================================


Resource Report for Ungrouped Hierarchy *cell*57857/U1 in file
        ./DW_norm_rtl.vhd.e
=============================================================================
| Cell           | Module         | Parameters | Contained Operations       |
=============================================================================
| U2             | DW01_ash       | A_width=11 | U2                         |
|                |                | SH_width=3 |                            |
=============================================================================


Resource Report for Ungrouped Hierarchy
        u_dut/u_bf16_accum/G_BF16_LANE[2].u_pair01/U1 in file
        ./DW_fp_addsub__str.v.e
=============================================================================
| Cell           | Module         | Parameters | Contained Operations       |
=============================================================================
| lt_x_1         | DW_cmp         | width=15   | lt_224                     |
| ashr_5         | DW_rightsh     | A_width=10 | srl_284_lsb_trim           |
|                |                | SH_width=8 |                            |
| ash_6          | DW_leftsh      | A_width=10 | sll_286                    |
|                |                | SH_width=8 |                            |
| ash_8          | DW_leftsh      | A_width=11 | sll_338                    |
|                |                | SH_width=5 |                            |
| add_x_9        | DW01_add       | width=4    | add_340                    |
| add_x_16       | DW01_inc       | width=7    | add_399                    |
| U2             | DW_lzd         | a_width=12 | U2                         |
| U1             | DW_norm        | a_width=11 | U1                         |
|                |                | srch_wind=3 |                           |
|                |                | exp_width=5 |                           |
|                |                | exp_ctr=0  |                            |
| DP_OP_65_281_8201               |            |                            |
|                | DP_OP_65_281_8201 |         |                            |
| DP_OP_66_282_4294               |            |                            |
|                | DP_OP_66_282_4294 |         |                            |
| DP_OP_67_283_7124               |            |                            |
|                | DP_OP_67_283_7124 |         |                            |
=============================================================================

Datapath Report for DP_OP_65_281_8201
==============================================================================
| Cell                 | Contained Operations                                |
==============================================================================
| DP_OP_65_281_8201    | sub_278 sub_add_280 add_280_ni                      |
==============================================================================

==============================================================================
|       |      | Data     |       |                                          |
| Var   | Type | Class    | Width | Expression                               |
==============================================================================
| I1    | PI   | Unsigned | 8     |                                          |
| I2    | PI   | Unsigned | 8     |                                          |
| T64   | IFO  | Signed   | 8     | O1[7:0]                                  |
| O1    | PO   | Signed   | 9     | I1 - I2                                  |
| O2    | PO   | Signed   | 8     | -T64 + $unsigned(8'b00000000)            |
==============================================================================

Datapath Report for DP_OP_66_282_4294
==============================================================================
| Cell                 | Contained Operations                                |
==============================================================================
| DP_OP_66_282_4294    | add_295 add_295_2                                   |
==============================================================================

==============================================================================
|       |      | Data     |       |                                          |
| Var   | Type | Class    | Width | Expression                               |
==============================================================================
| I1    | PI   | Unsigned | 11    |                                          |
| I2    | PI   | Unsigned | 12    |                                          |
| I3    | PI   | Unsigned | 1     |                                          |
| O1    | PO   | Unsigned | 12    | I1 + I2 + I3                             |
==============================================================================

Datapath Report for DP_OP_67_283_7124
==============================================================================
| Cell                 | Contained Operations                                |
==============================================================================
| DP_OP_67_283_7124    | add_403 sub_404                                     |
==============================================================================

==============================================================================
|       |      | Data     |       |                                          |
| Var   | Type | Class    | Width | Expression                               |
==============================================================================
| I1    | PI   | Unsigned | 8     |                                          |
| I2    | PI   | Unsigned | 4     |                                          |
| O1    | PO   | Unsigned | 9     | I1 + $unsigned(1'b1)                     |
| O2    | PO   | Signed   | 10    | O1 - I2                                  |
==============================================================================


Resource Report for Ungrouped Hierarchy *cell*61817/U1 in file
        ./DW_norm_rtl.vhd.e
=============================================================================
| Cell           | Module         | Parameters | Contained Operations       |
=============================================================================
| U2             | DW01_ash       | A_width=11 | U2                         |
|                |                | SH_width=3 |                            |
=============================================================================


Resource Report for Ungrouped Hierarchy
        u_dut/u_bf16_accum/G_BF16_LANE[2].u_pair23/U1 in file
        ./DW_fp_addsub__str.v.e
=============================================================================
| Cell           | Module         | Parameters | Contained Operations       |
=============================================================================
| lt_x_1         | DW_cmp         | width=15   | lt_224                     |
| ashr_5         | DW_rightsh     | A_width=10 | srl_284_lsb_trim           |
|                |                | SH_width=8 |                            |
| ash_6          | DW_leftsh      | A_width=10 | sll_286                    |
|                |                | SH_width=8 |                            |
| ash_8          | DW_leftsh      | A_width=11 | sll_338                    |
|                |                | SH_width=5 |                            |
| add_x_9        | DW01_add       | width=4    | add_340                    |
| add_x_16       | DW01_inc       | width=7    | add_399                    |
| U2             | DW_lzd         | a_width=12 | U2                         |
| U1             | DW_norm        | a_width=11 | U1                         |
|                |                | srch_wind=3 |                           |
|                |                | exp_width=5 |                           |
|                |                | exp_ctr=0  |                            |
| DP_OP_65_289_8201               |            |                            |
|                | DP_OP_65_289_8201 |         |                            |
| DP_OP_66_290_4294               |            |                            |
|                | DP_OP_66_290_4294 |         |                            |
| DP_OP_67_291_7124               |            |                            |
|                | DP_OP_67_291_7124 |         |                            |
=============================================================================

Datapath Report for DP_OP_65_289_8201
==============================================================================
| Cell                 | Contained Operations                                |
==============================================================================
| DP_OP_65_289_8201    | sub_278 sub_add_280 add_280_ni                      |
==============================================================================

==============================================================================
|       |      | Data     |       |                                          |
| Var   | Type | Class    | Width | Expression                               |
==============================================================================
| I1    | PI   | Unsigned | 8     |                                          |
| I2    | PI   | Unsigned | 8     |                                          |
| T64   | IFO  | Signed   | 8     | O1[7:0]                                  |
| O1    | PO   | Signed   | 9     | I1 - I2                                  |
| O2    | PO   | Signed   | 8     | -T64 + $unsigned(8'b00000000)            |
==============================================================================

Datapath Report for DP_OP_66_290_4294
==============================================================================
| Cell                 | Contained Operations                                |
==============================================================================
| DP_OP_66_290_4294    | add_295 add_295_2                                   |
==============================================================================

==============================================================================
|       |      | Data     |       |                                          |
| Var   | Type | Class    | Width | Expression                               |
==============================================================================
| I1    | PI   | Unsigned | 11    |                                          |
| I2    | PI   | Unsigned | 12    |                                          |
| I3    | PI   | Unsigned | 1     |                                          |
| O1    | PO   | Unsigned | 12    | I1 + I2 + I3                             |
==============================================================================

Datapath Report for DP_OP_67_291_7124
==============================================================================
| Cell                 | Contained Operations                                |
==============================================================================
| DP_OP_67_291_7124    | add_403 sub_404                                     |
==============================================================================

==============================================================================
|       |      | Data     |       |                                          |
| Var   | Type | Class    | Width | Expression                               |
==============================================================================
| I1    | PI   | Unsigned | 8     |                                          |
| I2    | PI   | Unsigned | 4     |                                          |
| O1    | PO   | Unsigned | 9     | I1 + $unsigned(1'b1)                     |
| O2    | PO   | Signed   | 10    | O1 - I2                                  |
==============================================================================


Resource Report for Ungrouped Hierarchy *cell*65777/U1 in file
        ./DW_norm_rtl.vhd.e
=============================================================================
| Cell           | Module         | Parameters | Contained Operations       |
=============================================================================
| U2             | DW01_ash       | A_width=11 | U2                         |
|                |                | SH_width=3 |                            |
=============================================================================


Resource Report for Ungrouped Hierarchy
        u_dut/u_bf16_accum/G_BF16_LANE[2].u_lane_sum/U1 in file
        ./DW_fp_addsub__str.v.e
=============================================================================
| Cell           | Module         | Parameters | Contained Operations       |
=============================================================================
| lt_x_1         | DW_cmp         | width=15   | lt_224                     |
| ashr_5         | DW_rightsh     | A_width=10 | srl_284_lsb_trim           |
|                |                | SH_width=8 |                            |
| ash_6          | DW_leftsh      | A_width=10 | sll_286                    |
|                |                | SH_width=8 |                            |
| ash_8          | DW_leftsh      | A_width=11 | sll_338                    |
|                |                | SH_width=5 |                            |
| add_x_9        | DW01_add       | width=4    | add_340                    |
| add_x_16       | DW01_inc       | width=7    | add_399                    |
| U2             | DW_lzd         | a_width=12 | U2                         |
| U1             | DW_norm        | a_width=11 | U1                         |
|                |                | srch_wind=3 |                           |
|                |                | exp_width=5 |                           |
|                |                | exp_ctr=0  |                            |
| DP_OP_65_297_8201               |            |                            |
|                | DP_OP_65_297_8201 |         |                            |
| DP_OP_66_298_4294               |            |                            |
|                | DP_OP_66_298_4294 |         |                            |
| DP_OP_67_299_7124               |            |                            |
|                | DP_OP_67_299_7124 |         |                            |
=============================================================================

Datapath Report for DP_OP_65_297_8201
==============================================================================
| Cell                 | Contained Operations                                |
==============================================================================
| DP_OP_65_297_8201    | sub_278 sub_add_280 add_280_ni                      |
==============================================================================

==============================================================================
|       |      | Data     |       |                                          |
| Var   | Type | Class    | Width | Expression                               |
==============================================================================
| I1    | PI   | Unsigned | 8     |                                          |
| I2    | PI   | Unsigned | 8     |                                          |
| T64   | IFO  | Signed   | 8     | O1[7:0]                                  |
| O1    | PO   | Signed   | 9     | I1 - I2                                  |
| O2    | PO   | Signed   | 8     | -T64 + $unsigned(8'b00000000)            |
==============================================================================

Datapath Report for DP_OP_66_298_4294
==============================================================================
| Cell                 | Contained Operations                                |
==============================================================================
| DP_OP_66_298_4294    | add_295 add_295_2                                   |
==============================================================================

==============================================================================
|       |      | Data     |       |                                          |
| Var   | Type | Class    | Width | Expression                               |
==============================================================================
| I1    | PI   | Unsigned | 11    |                                          |
| I2    | PI   | Unsigned | 12    |                                          |
| I3    | PI   | Unsigned | 1     |                                          |
| O1    | PO   | Unsigned | 12    | I1 + I2 + I3                             |
==============================================================================

Datapath Report for DP_OP_67_299_7124
==============================================================================
| Cell                 | Contained Operations                                |
==============================================================================
| DP_OP_67_299_7124    | add_403 sub_404                                     |
==============================================================================

==============================================================================
|       |      | Data     |       |                                          |
| Var   | Type | Class    | Width | Expression                               |
==============================================================================
| I1    | PI   | Unsigned | 8     |                                          |
| I2    | PI   | Unsigned | 4     |                                          |
| O1    | PO   | Unsigned | 9     | I1 + $unsigned(1'b1)                     |
| O2    | PO   | Signed   | 10    | O1 - I2                                  |
==============================================================================


Resource Report for Ungrouped Hierarchy *cell*69737/U1 in file
        ./DW_norm_rtl.vhd.e
=============================================================================
| Cell           | Module         | Parameters | Contained Operations       |
=============================================================================
| U2             | DW01_ash       | A_width=11 | U2                         |
|                |                | SH_width=3 |                            |
=============================================================================


Resource Report for Ungrouped Hierarchy
        u_dut/u_bf16_accum/G_BF16_LANE[3].u_pair01/U1 in file
        ./DW_fp_addsub__str.v.e
=============================================================================
| Cell           | Module         | Parameters | Contained Operations       |
=============================================================================
| lt_x_1         | DW_cmp         | width=15   | lt_224                     |
| ashr_5         | DW_rightsh     | A_width=10 | srl_284_lsb_trim           |
|                |                | SH_width=8 |                            |
| ash_6          | DW_leftsh      | A_width=10 | sll_286                    |
|                |                | SH_width=8 |                            |
| ash_8          | DW_leftsh      | A_width=11 | sll_338                    |
|                |                | SH_width=5 |                            |
| add_x_9        | DW01_add       | width=4    | add_340                    |
| add_x_16       | DW01_inc       | width=7    | add_399                    |
| U2             | DW_lzd         | a_width=12 | U2                         |
| U1             | DW_norm        | a_width=11 | U1                         |
|                |                | srch_wind=3 |                           |
|                |                | exp_width=5 |                           |
|                |                | exp_ctr=0  |                            |
| DP_OP_65_305_8201               |            |                            |
|                | DP_OP_65_305_8201 |         |                            |
| DP_OP_66_306_4294               |            |                            |
|                | DP_OP_66_306_4294 |         |                            |
| DP_OP_67_307_7124               |            |                            |
|                | DP_OP_67_307_7124 |         |                            |
=============================================================================

Datapath Report for DP_OP_65_305_8201
==============================================================================
| Cell                 | Contained Operations                                |
==============================================================================
| DP_OP_65_305_8201    | sub_278 sub_add_280 add_280_ni                      |
==============================================================================

==============================================================================
|       |      | Data     |       |                                          |
| Var   | Type | Class    | Width | Expression                               |
==============================================================================
| I1    | PI   | Unsigned | 8     |                                          |
| I2    | PI   | Unsigned | 8     |                                          |
| T64   | IFO  | Signed   | 8     | O1[7:0]                                  |
| O1    | PO   | Signed   | 9     | I1 - I2                                  |
| O2    | PO   | Signed   | 8     | -T64 + $unsigned(8'b00000000)            |
==============================================================================

Datapath Report for DP_OP_66_306_4294
==============================================================================
| Cell                 | Contained Operations                                |
==============================================================================
| DP_OP_66_306_4294    | add_295 add_295_2                                   |
==============================================================================

==============================================================================
|       |      | Data     |       |                                          |
| Var   | Type | Class    | Width | Expression                               |
==============================================================================
| I1    | PI   | Unsigned | 11    |                                          |
| I2    | PI   | Unsigned | 12    |                                          |
| I3    | PI   | Unsigned | 1     |                                          |
| O1    | PO   | Unsigned | 12    | I1 + I2 + I3                             |
==============================================================================

Datapath Report for DP_OP_67_307_7124
==============================================================================
| Cell                 | Contained Operations                                |
==============================================================================
| DP_OP_67_307_7124    | add_403 sub_404                                     |
==============================================================================

==============================================================================
|       |      | Data     |       |                                          |
| Var   | Type | Class    | Width | Expression                               |
==============================================================================
| I1    | PI   | Unsigned | 8     |                                          |
| I2    | PI   | Unsigned | 4     |                                          |
| O1    | PO   | Unsigned | 9     | I1 + $unsigned(1'b1)                     |
| O2    | PO   | Signed   | 10    | O1 - I2                                  |
==============================================================================


Resource Report for Ungrouped Hierarchy *cell*73697/U1 in file
        ./DW_norm_rtl.vhd.e
=============================================================================
| Cell           | Module         | Parameters | Contained Operations       |
=============================================================================
| U2             | DW01_ash       | A_width=11 | U2                         |
|                |                | SH_width=3 |                            |
=============================================================================


Resource Report for Ungrouped Hierarchy
        u_dut/u_bf16_accum/G_BF16_LANE[3].u_pair23/U1 in file
        ./DW_fp_addsub__str.v.e
=============================================================================
| Cell           | Module         | Parameters | Contained Operations       |
=============================================================================
| lt_x_1         | DW_cmp         | width=15   | lt_224                     |
| ashr_5         | DW_rightsh     | A_width=10 | srl_284_lsb_trim           |
|                |                | SH_width=8 |                            |
| ash_6          | DW_leftsh      | A_width=10 | sll_286                    |
|                |                | SH_width=8 |                            |
| ash_8          | DW_leftsh      | A_width=11 | sll_338                    |
|                |                | SH_width=5 |                            |
| add_x_9        | DW01_add       | width=4    | add_340                    |
| add_x_16       | DW01_inc       | width=7    | add_399                    |
| U2             | DW_lzd         | a_width=12 | U2                         |
| U1             | DW_norm        | a_width=11 | U1                         |
|                |                | srch_wind=3 |                           |
|                |                | exp_width=5 |                           |
|                |                | exp_ctr=0  |                            |
| DP_OP_65_313_8201               |            |                            |
|                | DP_OP_65_313_8201 |         |                            |
| DP_OP_66_314_4294               |            |                            |
|                | DP_OP_66_314_4294 |         |                            |
| DP_OP_67_315_7124               |            |                            |
|                | DP_OP_67_315_7124 |         |                            |
=============================================================================

Datapath Report for DP_OP_65_313_8201
==============================================================================
| Cell                 | Contained Operations                                |
==============================================================================
| DP_OP_65_313_8201    | sub_278 sub_add_280 add_280_ni                      |
==============================================================================

==============================================================================
|       |      | Data     |       |                                          |
| Var   | Type | Class    | Width | Expression                               |
==============================================================================
| I1    | PI   | Unsigned | 8     |                                          |
| I2    | PI   | Unsigned | 8     |                                          |
| T64   | IFO  | Signed   | 8     | O1[7:0]                                  |
| O1    | PO   | Signed   | 9     | I1 - I2                                  |
| O2    | PO   | Signed   | 8     | -T64 + $unsigned(8'b00000000)            |
==============================================================================

Datapath Report for DP_OP_66_314_4294
==============================================================================
| Cell                 | Contained Operations                                |
==============================================================================
| DP_OP_66_314_4294    | add_295 add_295_2                                   |
==============================================================================

==============================================================================
|       |      | Data     |       |                                          |
| Var   | Type | Class    | Width | Expression                               |
==============================================================================
| I1    | PI   | Unsigned | 11    |                                          |
| I2    | PI   | Unsigned | 12    |                                          |
| I3    | PI   | Unsigned | 1     |                                          |
| O1    | PO   | Unsigned | 12    | I1 + I2 + I3                             |
==============================================================================

Datapath Report for DP_OP_67_315_7124
==============================================================================
| Cell                 | Contained Operations                                |
==============================================================================
| DP_OP_67_315_7124    | add_403 sub_404                                     |
==============================================================================

==============================================================================
|       |      | Data     |       |                                          |
| Var   | Type | Class    | Width | Expression                               |
==============================================================================
| I1    | PI   | Unsigned | 8     |                                          |
| I2    | PI   | Unsigned | 4     |                                          |
| O1    | PO   | Unsigned | 9     | I1 + $unsigned(1'b1)                     |
| O2    | PO   | Signed   | 10    | O1 - I2                                  |
==============================================================================


Resource Report for Ungrouped Hierarchy *cell*77657/U1 in file
        ./DW_norm_rtl.vhd.e
=============================================================================
| Cell           | Module         | Parameters | Contained Operations       |
=============================================================================
| U2             | DW01_ash       | A_width=11 | U2                         |
|                |                | SH_width=3 |                            |
=============================================================================


Resource Report for Ungrouped Hierarchy
        u_dut/u_bf16_accum/G_BF16_LANE[3].u_lane_sum/U1 in file
        ./DW_fp_addsub__str.v.e
=============================================================================
| Cell           | Module         | Parameters | Contained Operations       |
=============================================================================
| lt_x_1         | DW_cmp         | width=15   | lt_224                     |
| ashr_5         | DW_rightsh     | A_width=10 | srl_284_lsb_trim           |
|                |                | SH_width=8 |                            |
| ash_6          | DW_leftsh      | A_width=10 | sll_286                    |
|                |                | SH_width=8 |                            |
| ash_8          | DW_leftsh      | A_width=11 | sll_338                    |
|                |                | SH_width=5 |                            |
| add_x_9        | DW01_add       | width=4    | add_340                    |
| add_x_16       | DW01_inc       | width=7    | add_399                    |
| U2             | DW_lzd         | a_width=12 | U2                         |
| U1             | DW_norm        | a_width=11 | U1                         |
|                |                | srch_wind=3 |                           |
|                |                | exp_width=5 |                           |
|                |                | exp_ctr=0  |                            |
| DP_OP_65_321_8201               |            |                            |
|                | DP_OP_65_321_8201 |         |                            |
| DP_OP_66_322_4294               |            |                            |
|                | DP_OP_66_322_4294 |         |                            |
| DP_OP_67_323_7124               |            |                            |
|                | DP_OP_67_323_7124 |         |                            |
=============================================================================

Datapath Report for DP_OP_65_321_8201
==============================================================================
| Cell                 | Contained Operations                                |
==============================================================================
| DP_OP_65_321_8201    | sub_278 sub_add_280 add_280_ni                      |
==============================================================================

==============================================================================
|       |      | Data     |       |                                          |
| Var   | Type | Class    | Width | Expression                               |
==============================================================================
| I1    | PI   | Unsigned | 8     |                                          |
| I2    | PI   | Unsigned | 8     |                                          |
| T64   | IFO  | Signed   | 8     | O1[7:0]                                  |
| O1    | PO   | Signed   | 9     | I1 - I2                                  |
| O2    | PO   | Signed   | 8     | -T64 + $unsigned(8'b00000000)            |
==============================================================================

Datapath Report for DP_OP_66_322_4294
==============================================================================
| Cell                 | Contained Operations                                |
==============================================================================
| DP_OP_66_322_4294    | add_295 add_295_2                                   |
==============================================================================

==============================================================================
|       |      | Data     |       |                                          |
| Var   | Type | Class    | Width | Expression                               |
==============================================================================
| I1    | PI   | Unsigned | 11    |                                          |
| I2    | PI   | Unsigned | 12    |                                          |
| I3    | PI   | Unsigned | 1     |                                          |
| O1    | PO   | Unsigned | 12    | I1 + I2 + I3                             |
==============================================================================

Datapath Report for DP_OP_67_323_7124
==============================================================================
| Cell                 | Contained Operations                                |
==============================================================================
| DP_OP_67_323_7124    | add_403 sub_404                                     |
==============================================================================

==============================================================================
|       |      | Data     |       |                                          |
| Var   | Type | Class    | Width | Expression                               |
==============================================================================
| I1    | PI   | Unsigned | 8     |                                          |
| I2    | PI   | Unsigned | 4     |                                          |
| O1    | PO   | Unsigned | 9     | I1 + $unsigned(1'b1)                     |
| O2    | PO   | Signed   | 10    | O1 - I2                                  |
==============================================================================


Resource Report for Ungrouped Hierarchy
        u_dut/u_bf16_accum/G_BF16_LANE[0].u_acc/U1/U2
=============================================================================
| Cell           | Module         | Parameters | Contained Operations       |
=============================================================================
=============================================================================


Resource Report for Ungrouped Hierarchy
        u_dut/u_bf16_accum/G_BF16_LANE[1].u_acc/U1/U2
=============================================================================
| Cell           | Module         | Parameters | Contained Operations       |
=============================================================================
=============================================================================


Resource Report for Ungrouped Hierarchy
        u_dut/u_bf16_accum/G_BF16_LANE[2].u_acc/U1/U2
=============================================================================
| Cell           | Module         | Parameters | Contained Operations       |
=============================================================================
=============================================================================


Resource Report for Ungrouped Hierarchy
        u_dut/u_bf16_accum/G_BF16_LANE[3].u_acc/U1/U2
=============================================================================
| Cell           | Module         | Parameters | Contained Operations       |
=============================================================================
=============================================================================


Resource Report for Ungrouped Hierarchy
        u_dut/u_bf16_accum/G_BF16_LANE[0].u_pair01/U1/U2
=============================================================================
| Cell           | Module         | Parameters | Contained Operations       |
=============================================================================
=============================================================================


Resource Report for Ungrouped Hierarchy
        u_dut/u_bf16_accum/G_BF16_LANE[0].u_pair23/U1/U2
=============================================================================
| Cell           | Module         | Parameters | Contained Operations       |
=============================================================================
=============================================================================


Resource Report for Ungrouped Hierarchy
        u_dut/u_bf16_accum/G_BF16_LANE[0].u_lane_sum/U1/U2
=============================================================================
| Cell           | Module         | Parameters | Contained Operations       |
=============================================================================
=============================================================================


Resource Report for Ungrouped Hierarchy
        u_dut/u_bf16_accum/G_BF16_LANE[1].u_pair01/U1/U2
=============================================================================
| Cell           | Module         | Parameters | Contained Operations       |
=============================================================================
=============================================================================


Resource Report for Ungrouped Hierarchy
        u_dut/u_bf16_accum/G_BF16_LANE[1].u_pair23/U1/U2
=============================================================================
| Cell           | Module         | Parameters | Contained Operations       |
=============================================================================
=============================================================================


Resource Report for Ungrouped Hierarchy
        u_dut/u_bf16_accum/G_BF16_LANE[1].u_lane_sum/U1/U2
=============================================================================
| Cell           | Module         | Parameters | Contained Operations       |
=============================================================================
=============================================================================


Resource Report for Ungrouped Hierarchy
        u_dut/u_bf16_accum/G_BF16_LANE[2].u_pair01/U1/U2
=============================================================================
| Cell           | Module         | Parameters | Contained Operations       |
=============================================================================
=============================================================================


Resource Report for Ungrouped Hierarchy
        u_dut/u_bf16_accum/G_BF16_LANE[2].u_pair23/U1/U2
=============================================================================
| Cell           | Module         | Parameters | Contained Operations       |
=============================================================================
=============================================================================


Resource Report for Ungrouped Hierarchy
        u_dut/u_bf16_accum/G_BF16_LANE[2].u_lane_sum/U1/U2
=============================================================================
| Cell           | Module         | Parameters | Contained Operations       |
=============================================================================
=============================================================================


Resource Report for Ungrouped Hierarchy
        u_dut/u_bf16_accum/G_BF16_LANE[3].u_pair01/U1/U2
=============================================================================
| Cell           | Module         | Parameters | Contained Operations       |
=============================================================================
=============================================================================


Resource Report for Ungrouped Hierarchy
        u_dut/u_bf16_accum/G_BF16_LANE[3].u_pair23/U1/U2
=============================================================================
| Cell           | Module         | Parameters | Contained Operations       |
=============================================================================
=============================================================================


Resource Report for Ungrouped Hierarchy
        u_dut/u_bf16_accum/G_BF16_LANE[3].u_lane_sum/U1/U2
=============================================================================
| Cell           | Module         | Parameters | Contained Operations       |
=============================================================================
=============================================================================


Implementation Report
===============================================================================
|                    |                  | Current            | Set            |
| Cell               | Module           | Implementation     | Implementation |
===============================================================================
| u_dut/u_bf16_accum/G_BF16_LANE[3].u_acc                    |                |
|                    | DW_fp_add        | rtl                |                |
| u_dut/u_bf16_accum/G_BF16_LANE[3].u_lane_sum               |                |
|                    | DW_fp_add        | rtl                |                |
| u_dut/u_bf16_accum/G_BF16_LANE[3].u_pair23                 |                |
|                    | DW_fp_add        | rtl                |                |
| u_dut/u_bf16_accum/G_BF16_LANE[3].u_pair01                 |                |
|                    | DW_fp_add        | rtl                |                |
| u_dut/u_bf16_accum/G_BF16_LANE[2].u_acc                    |                |
|                    | DW_fp_add        | rtl                |                |
| u_dut/u_bf16_accum/G_BF16_LANE[2].u_lane_sum               |                |
|                    | DW_fp_add        | rtl                |                |
| u_dut/u_bf16_accum/G_BF16_LANE[2].u_pair23                 |                |
|                    | DW_fp_add        | rtl                |                |
| u_dut/u_bf16_accum/G_BF16_LANE[2].u_pair01                 |                |
|                    | DW_fp_add        | rtl                |                |
| u_dut/u_bf16_accum/G_BF16_LANE[1].u_acc                    |                |
|                    | DW_fp_add        | rtl                |                |
| u_dut/u_bf16_accum/G_BF16_LANE[1].u_lane_sum               |                |
|                    | DW_fp_add        | rtl                |                |
| u_dut/u_bf16_accum/G_BF16_LANE[1].u_pair23                 |                |
|                    | DW_fp_add        | rtl                |                |
| u_dut/u_bf16_accum/G_BF16_LANE[1].u_pair01                 |                |
|                    | DW_fp_add        | rtl                |                |
| u_dut/u_bf16_accum/G_BF16_LANE[0].u_acc                    |                |
|                    | DW_fp_add        | rtl                |                |
| u_dut/u_bf16_accum/G_BF16_LANE[0].u_lane_sum               |                |
|                    | DW_fp_add        | rtl                |                |
| u_dut/u_bf16_accum/G_BF16_LANE[0].u_pair23                 |                |
|                    | DW_fp_add        | rtl                |                |
| u_dut/u_bf16_accum/G_BF16_LANE[0].u_pair01                 |                |
|                    | DW_fp_add        | rtl                |                |
| U1                 | DW_fp_addsub     | str                |                |
| U1                 | DW_fp_addsub     | str                |                |
| U1                 | DW_fp_addsub     | str                |                |
| U1                 | DW_fp_addsub     | str                |                |
| U1                 | DW_fp_addsub     | str                |                |
| U1                 | DW_fp_addsub     | str                |                |
| U1                 | DW_fp_addsub     | str                |                |
| U1                 | DW_fp_addsub     | str                |                |
| U1                 | DW_fp_addsub     | str                |                |
| U1                 | DW_fp_addsub     | str                |                |
| U1                 | DW_fp_addsub     | str                |                |
| U1                 | DW_fp_addsub     | str                |                |
| U1                 | DW_fp_addsub     | str                |                |
| U1                 | DW_fp_addsub     | str                |                |
| U1                 | DW_fp_addsub     | str                |                |
| U1                 | DW_fp_addsub     | str                |                |
| U2                 | DW01_ash         | astr (area)        |                |
| lt_x_1             | DW_cmp           | pparch (area,speed)                 |
| ashr_5             | DW_rightsh       | astr (area)        |                |
| ash_6              | DW_leftsh        | astr (area)        |                |
| ash_8              | DW_leftsh        | astr (area)        |                |
| add_x_9            | DW01_add         | apparch (area)     |                |
| add_x_16           | DW01_inc         | pparch (area,speed)                 |
| U2                 | DW_lzd           | cla                |                |
| U1                 | DW_norm          | rtl                |                |
| U2                 | DW01_ash         | astr (area)        |                |
| lt_x_1             | DW_cmp           | pparch (area,speed)                 |
| ashr_5             | DW_rightsh       | astr (area)        |                |
| ash_6              | DW_leftsh        | astr (area)        |                |
| ash_8              | DW_leftsh        | astr (area)        |                |
| add_x_9            | DW01_add         | apparch (area)     |                |
| add_x_16           | DW01_inc         | pparch (area,speed)                 |
| U2                 | DW_lzd           | cla                |                |
| U1                 | DW_norm          | rtl                |                |
| U2                 | DW01_ash         | astr (area)        |                |
| lt_x_1             | DW_cmp           | pparch (area,speed)                 |
| ashr_5             | DW_rightsh       | astr (area)        |                |
| ash_6              | DW_leftsh        | astr (area)        |                |
| ash_8              | DW_leftsh        | astr (area)        |                |
| add_x_9            | DW01_add         | apparch (area)     |                |
| add_x_16           | DW01_inc         | pparch (area,speed)                 |
| U2                 | DW_lzd           | cla                |                |
| U1                 | DW_norm          | rtl                |                |
| U2                 | DW01_ash         | astr (area)        |                |
| lt_x_1             | DW_cmp           | pparch (area,speed)                 |
| ashr_5             | DW_rightsh       | astr (area)        |                |
| ash_6              | DW_leftsh        | astr (area)        |                |
| ash_8              | DW_leftsh        | astr (area)        |                |
| add_x_9            | DW01_add         | apparch (area)     |                |
| add_x_16           | DW01_inc         | pparch (area,speed)                 |
| U2                 | DW_lzd           | cla                |                |
| U1                 | DW_norm          | rtl                |                |
| U2                 | DW01_ash         | astr (area)        |                |
| lt_x_1             | DW_cmp           | apparch (area)     |                |
| ashr_5             | DW_rightsh       | astr (area)        |                |
| ash_6              | DW_leftsh        | astr (area)        |                |
| ash_8              | DW_leftsh        | astr (area)        |                |
| add_x_9            | DW01_add         | apparch (area)     |                |
| add_x_16           | DW01_inc         | pparch (area,speed)                 |
| U2                 | DW_lzd           | cla                |                |
| U1                 | DW_norm          | rtl                |                |
| U2                 | DW01_ash         | astr (area)        |                |
| lt_x_1             | DW_cmp           | apparch (area)     |                |
| ashr_5             | DW_rightsh       | astr (area)        |                |
| ash_6              | DW_leftsh        | astr (area)        |                |
| ash_8              | DW_leftsh        | astr (area)        |                |
| add_x_9            | DW01_add         | apparch (area)     |                |
| add_x_16           | DW01_inc         | pparch (area,speed)                 |
| U2                 | DW_lzd           | cla                |                |
| U1                 | DW_norm          | rtl                |                |
| U2                 | DW01_ash         | astr (area)        |                |
| lt_x_1             | DW_cmp           | apparch (area)     |                |
| ashr_5             | DW_rightsh       | astr (area)        |                |
| ash_6              | DW_leftsh        | astr (area)        |                |
| ash_8              | DW_leftsh        | astr (area)        |                |
| add_x_9            | DW01_add         | apparch (area)     |                |
| add_x_16           | DW01_inc         | pparch (area,speed)                 |
| U2                 | DW_lzd           | cla                |                |
| U1                 | DW_norm          | rtl                |                |
| U2                 | DW01_ash         | astr (area)        |                |
| lt_x_1             | DW_cmp           | apparch (area)     |                |
| ashr_5             | DW_rightsh       | astr (area)        |                |
| ash_6              | DW_leftsh        | astr (area)        |                |
| ash_8              | DW_leftsh        | astr (area)        |                |
| add_x_9            | DW01_add         | apparch (area)     |                |
| add_x_16           | DW01_inc         | pparch (area,speed)                 |
| U2                 | DW_lzd           | cla                |                |
| U1                 | DW_norm          | rtl                |                |
| U2                 | DW01_ash         | astr (area)        |                |
| lt_x_1             | DW_cmp           | apparch (area)     |                |
| ashr_5             | DW_rightsh       | astr (area)        |                |
| ash_6              | DW_leftsh        | astr (area)        |                |
| ash_8              | DW_leftsh        | astr (area)        |                |
| add_x_9            | DW01_add         | apparch (area)     |                |
| add_x_16           | DW01_inc         | pparch (area,speed)                 |
| U2                 | DW_lzd           | cla                |                |
| U1                 | DW_norm          | rtl                |                |
| U2                 | DW01_ash         | astr (area)        |                |
| lt_x_1             | DW_cmp           | apparch (area)     |                |
| ashr_5             | DW_rightsh       | astr (area)        |                |
| ash_6              | DW_leftsh        | astr (area)        |                |
| ash_8              | DW_leftsh        | astr (area)        |                |
| add_x_9            | DW01_add         | apparch (area)     |                |
| add_x_16           | DW01_inc         | pparch (area,speed)                 |
| U2                 | DW_lzd           | cla                |                |
| U1                 | DW_norm          | rtl                |                |
| U2                 | DW01_ash         | astr (area)        |                |
| lt_x_1             | DW_cmp           | apparch (area)     |                |
| ashr_5             | DW_rightsh       | astr (area)        |                |
| ash_6              | DW_leftsh        | astr (area)        |                |
| ash_8              | DW_leftsh        | astr (area)        |                |
| add_x_9            | DW01_add         | apparch (area)     |                |
| add_x_16           | DW01_inc         | pparch (area,speed)                 |
| U2                 | DW_lzd           | cla                |                |
| U1                 | DW_norm          | rtl                |                |
| U2                 | DW01_ash         | astr (area)        |                |
| lt_x_1             | DW_cmp           | apparch (area)     |                |
| ashr_5             | DW_rightsh       | astr (area)        |                |
| ash_6              | DW_leftsh        | astr (area)        |                |
| ash_8              | DW_leftsh        | astr (area)        |                |
| add_x_9            | DW01_add         | apparch (area)     |                |
| add_x_16           | DW01_inc         | pparch (area,speed)                 |
| U2                 | DW_lzd           | cla                |                |
| U1                 | DW_norm          | rtl                |                |
| U2                 | DW01_ash         | astr (area)        |                |
| lt_x_1             | DW_cmp           | apparch (area)     |                |
| ashr_5             | DW_rightsh       | astr (area)        |                |
| ash_6              | DW_leftsh        | astr (area)        |                |
| ash_8              | DW_leftsh        | astr (area)        |                |
| add_x_9            | DW01_add         | apparch (area)     |                |
| add_x_16           | DW01_inc         | pparch (area,speed)                 |
| U2                 | DW_lzd           | cla                |                |
| U1                 | DW_norm          | rtl                |                |
| U2                 | DW01_ash         | astr (area)        |                |
| lt_x_1             | DW_cmp           | apparch (area)     |                |
| ashr_5             | DW_rightsh       | astr (area)        |                |
| ash_6              | DW_leftsh        | astr (area)        |                |
| ash_8              | DW_leftsh        | astr (area)        |                |
| add_x_9            | DW01_add         | apparch (area)     |                |
| add_x_16           | DW01_inc         | pparch (area,speed)                 |
| U2                 | DW_lzd           | cla                |                |
| U1                 | DW_norm          | rtl                |                |
| U2                 | DW01_ash         | astr (area)        |                |
| lt_x_1             | DW_cmp           | apparch (area)     |                |
| ashr_5             | DW_rightsh       | astr (area)        |                |
| ash_6              | DW_leftsh        | astr (area)        |                |
| ash_8              | DW_leftsh        | astr (area)        |                |
| add_x_9            | DW01_add         | apparch (area)     |                |
| add_x_16           | DW01_inc         | pparch (area,speed)                 |
| U2                 | DW_lzd           | cla                |                |
| U1                 | DW_norm          | rtl                |                |
| U2                 | DW01_ash         | astr (area)        |                |
| lt_x_1             | DW_cmp           | apparch (area)     |                |
| ashr_5             | DW_rightsh       | astr (area)        |                |
| ash_6              | DW_leftsh        | astr (area)        |                |
| ash_8              | DW_leftsh        | astr (area)        |                |
| add_x_9            | DW01_add         | apparch (area)     |                |
| add_x_16           | DW01_inc         | pparch (area,speed)                 |
| U2                 | DW_lzd           | cla                |                |
| U1                 | DW_norm          | rtl                |                |
| DP_OP_65_201_8201  | DP_OP_65_201_8201 | str (area,speed)  |                |
| DP_OP_66_202_4294  | DP_OP_66_202_4294 | str (area,speed)  |                |
| DP_OP_67_203_7124  | DP_OP_67_203_7124 | str (area,speed)  |                |
| DP_OP_65_209_8201  | DP_OP_65_209_8201 | str (area,speed)  |                |
| DP_OP_66_210_4294  | DP_OP_66_210_4294 | str (area,speed)  |                |
| DP_OP_67_211_7124  | DP_OP_67_211_7124 | str (area,speed)  |                |
| DP_OP_65_217_8201  | DP_OP_65_217_8201 | str (area,speed)  |                |
| DP_OP_66_218_4294  | DP_OP_66_218_4294 | str (area,speed)  |                |
| DP_OP_67_219_7124  | DP_OP_67_219_7124 | str (area,speed)  |                |
| DP_OP_65_225_8201  | DP_OP_65_225_8201 | str (area,speed)  |                |
| DP_OP_66_226_4294  | DP_OP_66_226_4294 | str (area,speed)  |                |
| DP_OP_67_227_7124  | DP_OP_67_227_7124 | str (area,speed)  |                |
| DP_OP_65_233_8201  | DP_OP_65_233_8201 | str (area,speed)  |                |
| DP_OP_66_234_4294  | DP_OP_66_234_4294 | str (area,speed)  |                |
| DP_OP_67_235_7124  | DP_OP_67_235_7124 | str (area,speed)  |                |
| DP_OP_65_241_8201  | DP_OP_65_241_8201 | str (area,speed)  |                |
| DP_OP_66_242_4294  | DP_OP_66_242_4294 | str (area,speed)  |                |
| DP_OP_67_243_7124  | DP_OP_67_243_7124 | str (area,speed)  |                |
| DP_OP_65_249_8201  | DP_OP_65_249_8201 | str (area,speed)  |                |
| DP_OP_66_250_4294  | DP_OP_66_250_4294 | str (area,speed)  |                |
| DP_OP_67_251_7124  | DP_OP_67_251_7124 | str (area,speed)  |                |
| DP_OP_65_257_8201  | DP_OP_65_257_8201 | str (area,speed)  |                |
| DP_OP_66_258_4294  | DP_OP_66_258_4294 | str (area,speed)  |                |
| DP_OP_67_259_7124  | DP_OP_67_259_7124 | str (area,speed)  |                |
| DP_OP_65_265_8201  | DP_OP_65_265_8201 | str (area,speed)  |                |
| DP_OP_66_266_4294  | DP_OP_66_266_4294 | str (area,speed)  |                |
| DP_OP_67_267_7124  | DP_OP_67_267_7124 | str (area,speed)  |                |
| DP_OP_65_273_8201  | DP_OP_65_273_8201 | str (area,speed)  |                |
| DP_OP_66_274_4294  | DP_OP_66_274_4294 | str (area,speed)  |                |
| DP_OP_67_275_7124  | DP_OP_67_275_7124 | str (area,speed)  |                |
| DP_OP_65_281_8201  | DP_OP_65_281_8201 | str (area,speed)  |                |
| DP_OP_66_282_4294  | DP_OP_66_282_4294 | str (area,speed)  |                |
| DP_OP_67_283_7124  | DP_OP_67_283_7124 | str (area,speed)  |                |
| DP_OP_65_289_8201  | DP_OP_65_289_8201 | str (area,speed)  |                |
| DP_OP_66_290_4294  | DP_OP_66_290_4294 | str (area,speed)  |                |
| DP_OP_67_291_7124  | DP_OP_67_291_7124 | str (area,speed)  |                |
| DP_OP_65_297_8201  | DP_OP_65_297_8201 | str (area,speed)  |                |
| DP_OP_66_298_4294  | DP_OP_66_298_4294 | str (area,speed)  |                |
| DP_OP_67_299_7124  | DP_OP_67_299_7124 | str (area,speed)  |                |
| DP_OP_65_305_8201  | DP_OP_65_305_8201 | str (area,speed)  |                |
| DP_OP_66_306_4294  | DP_OP_66_306_4294 | str (area,speed)  |                |
| DP_OP_67_307_7124  | DP_OP_67_307_7124 | str (area,speed)  |                |
| DP_OP_65_313_8201  | DP_OP_65_313_8201 | str (area,speed)  |                |
| DP_OP_66_314_4294  | DP_OP_66_314_4294 | str (area,speed)  |                |
| DP_OP_67_315_7124  | DP_OP_67_315_7124 | str (area,speed)  |                |
| DP_OP_65_321_8201  | DP_OP_65_321_8201 | str (area,speed)  |                |
| DP_OP_66_322_4294  | DP_OP_66_322_4294 | str (area,speed)  |                |
| DP_OP_67_323_7124  | DP_OP_67_323_7124 | str (area,speed)  |                |
===============================================================================

 
****************************************
Design : fusion_mul16_v2_product_pipe_1_0_1_0_0_0
****************************************

Resource Report for this hierarchy in file
        <FUSION_MUL16_V2_ROOT>/rtl/fusion_mul16_v2_product_pipe.sv
=============================================================================
| Cell           | Module         | Parameters | Contained Operations       |
=============================================================================
| sub_x_1        | DW01_sub       | width=4    | sub_43_C181_rn (fusion_mul16_v2_pkg.sv:43) |
| sub_x_2        | DW01_sub       | width=6    | sub_72_C182_rn (fusion_mul16_v2_pkg.sv:72) |
| sub_x_3        | DW01_sub       | width=4    | sub_43_C181_I2_rn (fusion_mul16_v2_pkg.sv:43) |
| sub_x_4        | DW01_sub       | width=6    | sub_72_C182_I2_rn (fusion_mul16_v2_pkg.sv:72) |
| sub_x_5        | DW01_sub       | width=4    | sub_43_C181_I3_rn (fusion_mul16_v2_pkg.sv:43) |
| sub_x_6        | DW01_sub       | width=6    | sub_72_C182_I3_rn (fusion_mul16_v2_pkg.sv:72) |
| sub_x_7        | DW01_sub       | width=4    | sub_43_C181_I4_rn (fusion_mul16_v2_pkg.sv:43) |
| sub_x_8        | DW01_sub       | width=6    | sub_72_C182_I4_rn (fusion_mul16_v2_pkg.sv:72) |
| sub_x_9        | DW01_sub       | width=4    | sub_43_C181_I5_rn (fusion_mul16_v2_pkg.sv:43) |
| sub_x_10       | DW01_sub       | width=6    | sub_72_C182_I5_rn (fusion_mul16_v2_pkg.sv:72) |
| sub_x_11       | DW01_sub       | width=4    | sub_43_C181_I6_rn (fusion_mul16_v2_pkg.sv:43) |
| sub_x_12       | DW01_sub       | width=6    | sub_72_C182_I6_rn (fusion_mul16_v2_pkg.sv:72) |
| sub_x_13       | DW01_sub       | width=4    | sub_43_C181_I7_rn (fusion_mul16_v2_pkg.sv:43) |
| sub_x_14       | DW01_sub       | width=6    | sub_72_C182_I7_rn (fusion_mul16_v2_pkg.sv:72) |
| sub_x_15       | DW01_sub       | width=4    | sub_43_C181_I8_rn (fusion_mul16_v2_pkg.sv:43) |
| sub_x_16       | DW01_sub       | width=6    | sub_72_C182_I8_rn (fusion_mul16_v2_pkg.sv:72) |
| sub_x_17       | DW01_sub       | width=4    | sub_43_C181_I9_rn (fusion_mul16_v2_pkg.sv:43) |
| sub_x_18       | DW01_sub       | width=6    | sub_72_C182_I9_rn (fusion_mul16_v2_pkg.sv:72) |
| sub_x_19       | DW01_sub       | width=4    | sub_43_C181_I10_rn (fusion_mul16_v2_pkg.sv:43) |
| sub_x_20       | DW01_sub       | width=6    | sub_72_C182_I10_rn (fusion_mul16_v2_pkg.sv:72) |
| sub_x_21       | DW01_sub       | width=4    | sub_43_C181_I11_rn (fusion_mul16_v2_pkg.sv:43) |
| sub_x_22       | DW01_sub       | width=6    | sub_72_C182_I11_rn (fusion_mul16_v2_pkg.sv:72) |
| sub_x_23       | DW01_sub       | width=4    | sub_43_C181_I12_rn (fusion_mul16_v2_pkg.sv:43) |
| sub_x_24       | DW01_sub       | width=6    | sub_72_C182_I12_rn (fusion_mul16_v2_pkg.sv:72) |
| sub_x_25       | DW01_sub       | width=4    | sub_43_C181_I13_rn (fusion_mul16_v2_pkg.sv:43) |
| sub_x_26       | DW01_sub       | width=6    | sub_72_C182_I13_rn (fusion_mul16_v2_pkg.sv:72) |
| sub_x_27       | DW01_sub       | width=4    | sub_43_C181_I14_rn (fusion_mul16_v2_pkg.sv:43) |
| sub_x_28       | DW01_sub       | width=6    | sub_72_C182_I14_rn (fusion_mul16_v2_pkg.sv:72) |
| sub_x_29       | DW01_sub       | width=4    | sub_43_C181_I15_rn (fusion_mul16_v2_pkg.sv:43) |
| sub_x_30       | DW01_sub       | width=6    | sub_72_C182_I15_rn (fusion_mul16_v2_pkg.sv:72) |
| sub_x_31       | DW01_sub       | width=4    | sub_43_C181_I16_rn (fusion_mul16_v2_pkg.sv:43) |
| sub_x_32       | DW01_sub       | width=6    | sub_72_C182_I16_rn (fusion_mul16_v2_pkg.sv:72) |
| add_x_70       | DW01_add       | width=18   | add_316_2 (fusion_mul16_v2_product_pipe.sv:316) |
| add_x_71       | DW01_add       | width=18   | add_316_2_I2 (fusion_mul16_v2_product_pipe.sv:316) |
| add_x_72       | DW01_add       | width=18   | add_316_2_I3 (fusion_mul16_v2_product_pipe.sv:316) |
| add_x_73       | DW01_add       | width=18   | add_316_2_I4 (fusion_mul16_v2_product_pipe.sv:316) |
| sub_x_74       | DW01_sub       | width=17   | sub_108_C324_rn (fusion_mul16_v2_pkg.sv:108) |
| sub_x_75       | DW01_sub       | width=17   | sub_108_C324_I2_rn (fusion_mul16_v2_pkg.sv:108) |
| sub_x_76       | DW01_sub       | width=17   | sub_108_C324_I3_rn (fusion_mul16_v2_pkg.sv:108) |
| sub_x_77       | DW01_sub       | width=17   | sub_108_C324_I4_rn (fusion_mul16_v2_pkg.sv:108) |
| ashr_96        | DW_rightsh     | A_width=16 | G_BF16_PACK[0].u_pack/srl_60 (raw16_to_bf16_rne.sv:60) |
      | SH_width=32 |                           |
| add_x_97       | DW01_add       | width=9    | G_BF16_PACK[0].u_pack/add_67 (raw16_to_bf16_rne.sv:67) |
| sub_x_98       | DW01_sub       | width=6    | G_BF16_PACK[0].u_pack/sub_75 (raw16_to_bf16_rne.sv:75) |
| ash_99         | DW_leftsh      | A_width=7  | G_BF16_PACK[0].u_pack/sll_75 (raw16_to_bf16_rne.sv:75) |
      | SH_width=32 |                           |
| gt_x_100       | DW_cmp         | width=13   | G_BF16_PACK[0].u_pack/gt_78 (raw16_to_bf16_rne.sv:78) |
| add_x_101      | DW01_add       | width=8    | G_BF16_PACK[0].u_pack/add_81 (raw16_to_bf16_rne.sv:81) |
| ashr_150       | DW_rightsh     | A_width=16 | G_BF16_PACK[15].u_pack/srl_60 (raw16_to_bf16_rne.sv:60) |
     | SH_width=32 |                           |
| add_x_151      | DW01_add       | width=9    | G_BF16_PACK[15].u_pack/add_67 (raw16_to_bf16_rne.sv:67) |
| sub_x_152      | DW01_sub       | width=6    | G_BF16_PACK[15].u_pack/sub_75 (raw16_to_bf16_rne.sv:75) |
| ash_153        | DW_leftsh      | A_width=7  | G_BF16_PACK[15].u_pack/sll_75 (raw16_to_bf16_rne.sv:75) |
     | SH_width=32 |                           |
| gt_x_154       | DW_cmp         | width=13   | G_BF16_PACK[15].u_pack/gt_78 (raw16_to_bf16_rne.sv:78) |
| add_x_155      | DW01_add       | width=8    | G_BF16_PACK[15].u_pack/add_81 (raw16_to_bf16_rne.sv:81) |
| ashr_204       | DW_rightsh     | A_width=16 | G_BF16_PACK[14].u_pack/srl_60 (raw16_to_bf16_rne.sv:60) |
     | SH_width=32 |                           |
| add_x_205      | DW01_add       | width=9    | G_BF16_PACK[14].u_pack/add_67 (raw16_to_bf16_rne.sv:67) |
| sub_x_206      | DW01_sub       | width=6    | G_BF16_PACK[14].u_pack/sub_75 (raw16_to_bf16_rne.sv:75) |
| ash_207        | DW_leftsh      | A_width=7  | G_BF16_PACK[14].u_pack/sll_75 (raw16_to_bf16_rne.sv:75) |
     | SH_width=32 |                           |
| gt_x_208       | DW_cmp         | width=13   | G_BF16_PACK[14].u_pack/gt_78 (raw16_to_bf16_rne.sv:78) |
| add_x_209      | DW01_add       | width=8    | G_BF16_PACK[14].u_pack/add_81 (raw16_to_bf16_rne.sv:81) |
| ashr_258       | DW_rightsh     | A_width=16 | G_BF16_PACK[13].u_pack/srl_60 (raw16_to_bf16_rne.sv:60) |
     | SH_width=32 |                           |
| add_x_259      | DW01_add       | width=9    | G_BF16_PACK[13].u_pack/add_67 (raw16_to_bf16_rne.sv:67) |
| sub_x_260      | DW01_sub       | width=6    | G_BF16_PACK[13].u_pack/sub_75 (raw16_to_bf16_rne.sv:75) |
| ash_261        | DW_leftsh      | A_width=7  | G_BF16_PACK[13].u_pack/sll_75 (raw16_to_bf16_rne.sv:75) |
     | SH_width=32 |                           |
| gt_x_262       | DW_cmp         | width=13   | G_BF16_PACK[13].u_pack/gt_78 (raw16_to_bf16_rne.sv:78) |
| add_x_263      | DW01_add       | width=8    | G_BF16_PACK[13].u_pack/add_81 (raw16_to_bf16_rne.sv:81) |
| ashr_312       | DW_rightsh     | A_width=16 | G_BF16_PACK[12].u_pack/srl_60 (raw16_to_bf16_rne.sv:60) |
     | SH_width=32 |                           |
| add_x_313      | DW01_add       | width=9    | G_BF16_PACK[12].u_pack/add_67 (raw16_to_bf16_rne.sv:67) |
| sub_x_314      | DW01_sub       | width=6    | G_BF16_PACK[12].u_pack/sub_75 (raw16_to_bf16_rne.sv:75) |
| ash_315        | DW_leftsh      | A_width=7  | G_BF16_PACK[12].u_pack/sll_75 (raw16_to_bf16_rne.sv:75) |
     | SH_width=32 |                           |
| gt_x_316       | DW_cmp         | width=13   | G_BF16_PACK[12].u_pack/gt_78 (raw16_to_bf16_rne.sv:78) |
| add_x_317      | DW01_add       | width=8    | G_BF16_PACK[12].u_pack/add_81 (raw16_to_bf16_rne.sv:81) |
| ashr_366       | DW_rightsh     | A_width=16 | G_BF16_PACK[11].u_pack/srl_60 (raw16_to_bf16_rne.sv:60) |
     | SH_width=32 |                           |
| add_x_367      | DW01_add       | width=9    | G_BF16_PACK[11].u_pack/add_67 (raw16_to_bf16_rne.sv:67) |
| sub_x_368      | DW01_sub       | width=6    | G_BF16_PACK[11].u_pack/sub_75 (raw16_to_bf16_rne.sv:75) |
| ash_369        | DW_leftsh      | A_width=7  | G_BF16_PACK[11].u_pack/sll_75 (raw16_to_bf16_rne.sv:75) |
     | SH_width=32 |                           |
| gt_x_370       | DW_cmp         | width=13   | G_BF16_PACK[11].u_pack/gt_78 (raw16_to_bf16_rne.sv:78) |
| add_x_371      | DW01_add       | width=8    | G_BF16_PACK[11].u_pack/add_81 (raw16_to_bf16_rne.sv:81) |
| ashr_420       | DW_rightsh     | A_width=16 | G_BF16_PACK[10].u_pack/srl_60 (raw16_to_bf16_rne.sv:60) |
     | SH_width=32 |                           |
| add_x_421      | DW01_add       | width=9    | G_BF16_PACK[10].u_pack/add_67 (raw16_to_bf16_rne.sv:67) |
| sub_x_422      | DW01_sub       | width=6    | G_BF16_PACK[10].u_pack/sub_75 (raw16_to_bf16_rne.sv:75) |
| ash_423        | DW_leftsh      | A_width=7  | G_BF16_PACK[10].u_pack/sll_75 (raw16_to_bf16_rne.sv:75) |
     | SH_width=32 |                           |
| gt_x_424       | DW_cmp         | width=13   | G_BF16_PACK[10].u_pack/gt_78 (raw16_to_bf16_rne.sv:78) |
| add_x_425      | DW01_add       | width=8    | G_BF16_PACK[10].u_pack/add_81 (raw16_to_bf16_rne.sv:81) |
| ashr_474       | DW_rightsh     | A_width=16 | G_BF16_PACK[9].u_pack/srl_60 (raw16_to_bf16_rne.sv:60) |
      | SH_width=32 |                           |
| add_x_475      | DW01_add       | width=9    | G_BF16_PACK[9].u_pack/add_67 (raw16_to_bf16_rne.sv:67) |
| sub_x_476      | DW01_sub       | width=6    | G_BF16_PACK[9].u_pack/sub_75 (raw16_to_bf16_rne.sv:75) |
| ash_477        | DW_leftsh      | A_width=7  | G_BF16_PACK[9].u_pack/sll_75 (raw16_to_bf16_rne.sv:75) |
      | SH_width=32 |                           |
| gt_x_478       | DW_cmp         | width=13   | G_BF16_PACK[9].u_pack/gt_78 (raw16_to_bf16_rne.sv:78) |
| add_x_479      | DW01_add       | width=8    | G_BF16_PACK[9].u_pack/add_81 (raw16_to_bf16_rne.sv:81) |
| ashr_528       | DW_rightsh     | A_width=16 | G_BF16_PACK[8].u_pack/srl_60 (raw16_to_bf16_rne.sv:60) |
      | SH_width=32 |                           |
| add_x_529      | DW01_add       | width=9    | G_BF16_PACK[8].u_pack/add_67 (raw16_to_bf16_rne.sv:67) |
| sub_x_530      | DW01_sub       | width=6    | G_BF16_PACK[8].u_pack/sub_75 (raw16_to_bf16_rne.sv:75) |
| ash_531        | DW_leftsh      | A_width=7  | G_BF16_PACK[8].u_pack/sll_75 (raw16_to_bf16_rne.sv:75) |
      | SH_width=32 |                           |
| gt_x_532       | DW_cmp         | width=13   | G_BF16_PACK[8].u_pack/gt_78 (raw16_to_bf16_rne.sv:78) |
| add_x_533      | DW01_add       | width=8    | G_BF16_PACK[8].u_pack/add_81 (raw16_to_bf16_rne.sv:81) |
| ashr_582       | DW_rightsh     | A_width=16 | G_BF16_PACK[7].u_pack/srl_60 (raw16_to_bf16_rne.sv:60) |
      | SH_width=32 |                           |
| add_x_583      | DW01_add       | width=9    | G_BF16_PACK[7].u_pack/add_67 (raw16_to_bf16_rne.sv:67) |
| sub_x_584      | DW01_sub       | width=6    | G_BF16_PACK[7].u_pack/sub_75 (raw16_to_bf16_rne.sv:75) |
| ash_585        | DW_leftsh      | A_width=7  | G_BF16_PACK[7].u_pack/sll_75 (raw16_to_bf16_rne.sv:75) |
      | SH_width=32 |                           |
| gt_x_586       | DW_cmp         | width=13   | G_BF16_PACK[7].u_pack/gt_78 (raw16_to_bf16_rne.sv:78) |
| add_x_587      | DW01_add       | width=8    | G_BF16_PACK[7].u_pack/add_81 (raw16_to_bf16_rne.sv:81) |
| ashr_636       | DW_rightsh     | A_width=16 | G_BF16_PACK[6].u_pack/srl_60 (raw16_to_bf16_rne.sv:60) |
      | SH_width=32 |                           |
| add_x_637      | DW01_add       | width=9    | G_BF16_PACK[6].u_pack/add_67 (raw16_to_bf16_rne.sv:67) |
| sub_x_638      | DW01_sub       | width=6    | G_BF16_PACK[6].u_pack/sub_75 (raw16_to_bf16_rne.sv:75) |
| ash_639        | DW_leftsh      | A_width=7  | G_BF16_PACK[6].u_pack/sll_75 (raw16_to_bf16_rne.sv:75) |
      | SH_width=32 |                           |
| gt_x_640       | DW_cmp         | width=13   | G_BF16_PACK[6].u_pack/gt_78 (raw16_to_bf16_rne.sv:78) |
| add_x_641      | DW01_add       | width=8    | G_BF16_PACK[6].u_pack/add_81 (raw16_to_bf16_rne.sv:81) |
| ashr_690       | DW_rightsh     | A_width=16 | G_BF16_PACK[5].u_pack/srl_60 (raw16_to_bf16_rne.sv:60) |
      | SH_width=32 |                           |
| add_x_691      | DW01_add       | width=9    | G_BF16_PACK[5].u_pack/add_67 (raw16_to_bf16_rne.sv:67) |
| sub_x_692      | DW01_sub       | width=6    | G_BF16_PACK[5].u_pack/sub_75 (raw16_to_bf16_rne.sv:75) |
| ash_693        | DW_leftsh      | A_width=7  | G_BF16_PACK[5].u_pack/sll_75 (raw16_to_bf16_rne.sv:75) |
      | SH_width=32 |                           |
| gt_x_694       | DW_cmp         | width=13   | G_BF16_PACK[5].u_pack/gt_78 (raw16_to_bf16_rne.sv:78) |
| add_x_695      | DW01_add       | width=8    | G_BF16_PACK[5].u_pack/add_81 (raw16_to_bf16_rne.sv:81) |
| ashr_744       | DW_rightsh     | A_width=16 | G_BF16_PACK[4].u_pack/srl_60 (raw16_to_bf16_rne.sv:60) |
      | SH_width=32 |                           |
| add_x_745      | DW01_add       | width=9    | G_BF16_PACK[4].u_pack/add_67 (raw16_to_bf16_rne.sv:67) |
| sub_x_746      | DW01_sub       | width=6    | G_BF16_PACK[4].u_pack/sub_75 (raw16_to_bf16_rne.sv:75) |
| ash_747        | DW_leftsh      | A_width=7  | G_BF16_PACK[4].u_pack/sll_75 (raw16_to_bf16_rne.sv:75) |
      | SH_width=32 |                           |
| gt_x_748       | DW_cmp         | width=13   | G_BF16_PACK[4].u_pack/gt_78 (raw16_to_bf16_rne.sv:78) |
| add_x_749      | DW01_add       | width=8    | G_BF16_PACK[4].u_pack/add_81 (raw16_to_bf16_rne.sv:81) |
| ashr_798       | DW_rightsh     | A_width=16 | G_BF16_PACK[3].u_pack/srl_60 (raw16_to_bf16_rne.sv:60) |
      | SH_width=32 |                           |
| add_x_799      | DW01_add       | width=9    | G_BF16_PACK[3].u_pack/add_67 (raw16_to_bf16_rne.sv:67) |
| sub_x_800      | DW01_sub       | width=6    | G_BF16_PACK[3].u_pack/sub_75 (raw16_to_bf16_rne.sv:75) |
| ash_801        | DW_leftsh      | A_width=7  | G_BF16_PACK[3].u_pack/sll_75 (raw16_to_bf16_rne.sv:75) |
      | SH_width=32 |                           |
| gt_x_802       | DW_cmp         | width=13   | G_BF16_PACK[3].u_pack/gt_78 (raw16_to_bf16_rne.sv:78) |
| add_x_803      | DW01_add       | width=8    | G_BF16_PACK[3].u_pack/add_81 (raw16_to_bf16_rne.sv:81) |
| ashr_852       | DW_rightsh     | A_width=16 | G_BF16_PACK[2].u_pack/srl_60 (raw16_to_bf16_rne.sv:60) |
      | SH_width=32 |                           |
| add_x_853      | DW01_add       | width=9    | G_BF16_PACK[2].u_pack/add_67 (raw16_to_bf16_rne.sv:67) |
| sub_x_854      | DW01_sub       | width=6    | G_BF16_PACK[2].u_pack/sub_75 (raw16_to_bf16_rne.sv:75) |
| ash_855        | DW_leftsh      | A_width=7  | G_BF16_PACK[2].u_pack/sll_75 (raw16_to_bf16_rne.sv:75) |
      | SH_width=32 |                           |
| gt_x_856       | DW_cmp         | width=13   | G_BF16_PACK[2].u_pack/gt_78 (raw16_to_bf16_rne.sv:78) |
| add_x_857      | DW01_add       | width=8    | G_BF16_PACK[2].u_pack/add_81 (raw16_to_bf16_rne.sv:81) |
| ashr_906       | DW_rightsh     | A_width=16 | G_BF16_PACK[1].u_pack/srl_60 (raw16_to_bf16_rne.sv:60) |
      | SH_width=32 |                           |
| add_x_907      | DW01_add       | width=9    | G_BF16_PACK[1].u_pack/add_67 (raw16_to_bf16_rne.sv:67) |
| sub_x_908      | DW01_sub       | width=6    | G_BF16_PACK[1].u_pack/sub_75 (raw16_to_bf16_rne.sv:75) |
| ash_909        | DW_leftsh      | A_width=7  | G_BF16_PACK[1].u_pack/sll_75 (raw16_to_bf16_rne.sv:75) |
      | SH_width=32 |                           |
| gt_x_910       | DW_cmp         | width=13   | G_BF16_PACK[1].u_pack/gt_78 (raw16_to_bf16_rne.sv:78) |
| add_x_911      | DW01_add       | width=8    | G_BF16_PACK[1].u_pack/add_81 (raw16_to_bf16_rne.sv:81) |
| G_BRICK[0].u_brick/u_dw_mult    |            |                            |
|                | DW_mult_uns    | a_width=4  | G_BRICK[0].u_brick/u_dw_mult (mul4x4_brick.sv:7) |
            | b_width=4  |                            |
| G_BRICK[15].u_brick/u_dw_mult   |            |                            |
|                | DW_mult_uns    | a_width=4  | G_BRICK[15].u_brick/u_dw_mult (mul4x4_brick.sv:7) |
           | b_width=4  |                            |
| G_BRICK[14].u_brick/u_dw_mult   |            |                            |
|                | DW_mult_uns    | a_width=4  | G_BRICK[14].u_brick/u_dw_mult (mul4x4_brick.sv:7) |
           | b_width=4  |                            |
| G_BRICK[13].u_brick/u_dw_mult   |            |                            |
|                | DW_mult_uns    | a_width=4  | G_BRICK[13].u_brick/u_dw_mult (mul4x4_brick.sv:7) |
           | b_width=4  |                            |
| G_BRICK[12].u_brick/u_dw_mult   |            |                            |
|                | DW_mult_uns    | a_width=4  | G_BRICK[12].u_brick/u_dw_mult (mul4x4_brick.sv:7) |
           | b_width=4  |                            |
| G_BRICK[11].u_brick/u_dw_mult   |            |                            |
|                | DW_mult_uns    | a_width=4  | G_BRICK[11].u_brick/u_dw_mult (mul4x4_brick.sv:7) |
           | b_width=4  |                            |
| G_BRICK[10].u_brick/u_dw_mult   |            |                            |
|                | DW_mult_uns    | a_width=4  | G_BRICK[10].u_brick/u_dw_mult (mul4x4_brick.sv:7) |
           | b_width=4  |                            |
| G_BRICK[9].u_brick/u_dw_mult    |            |                            |
|                | DW_mult_uns    | a_width=4  | G_BRICK[9].u_brick/u_dw_mult (mul4x4_brick.sv:7) |
            | b_width=4  |                            |
| G_BRICK[8].u_brick/u_dw_mult    |            |                            |
|                | DW_mult_uns    | a_width=4  | G_BRICK[8].u_brick/u_dw_mult (mul4x4_brick.sv:7) |
            | b_width=4  |                            |
| G_BRICK[7].u_brick/u_dw_mult    |            |                            |
|                | DW_mult_uns    | a_width=4  | G_BRICK[7].u_brick/u_dw_mult (mul4x4_brick.sv:7) |
            | b_width=4  |                            |
| G_BRICK[6].u_brick/u_dw_mult    |            |                            |
|                | DW_mult_uns    | a_width=4  | G_BRICK[6].u_brick/u_dw_mult (mul4x4_brick.sv:7) |
            | b_width=4  |                            |
| G_BRICK[5].u_brick/u_dw_mult    |            |                            |
|                | DW_mult_uns    | a_width=4  | G_BRICK[5].u_brick/u_dw_mult (mul4x4_brick.sv:7) |
            | b_width=4  |                            |
| G_BRICK[4].u_brick/u_dw_mult    |            |                            |
|                | DW_mult_uns    | a_width=4  | G_BRICK[4].u_brick/u_dw_mult (mul4x4_brick.sv:7) |
            | b_width=4  |                            |
| G_BRICK[3].u_brick/u_dw_mult    |            |                            |
|                | DW_mult_uns    | a_width=4  | G_BRICK[3].u_brick/u_dw_mult (mul4x4_brick.sv:7) |
            | b_width=4  |                            |
| G_BRICK[2].u_brick/u_dw_mult    |            |                            |
|                | DW_mult_uns    | a_width=4  | G_BRICK[2].u_brick/u_dw_mult (mul4x4_brick.sv:7) |
            | b_width=4  |                            |
| G_BRICK[1].u_brick/u_dw_mult    |            |                            |
|                | DW_mult_uns    | a_width=4  | G_BRICK[1].u_brick/u_dw_mult (mul4x4_brick.sv:7) |
            | b_width=4  |                            |
| DP_OP_2110J1_122_3827           |            |                            |
|                | DP_OP_2110J1_122_3827 |     |                            |
| DP_OP_2111J1_123_7016           |            |                            |
|                | DP_OP_2111J1_123_7016 |     |                            |
| DP_OP_2112J1_124_3827           |            |                            |
|                | DP_OP_2112J1_124_3827 |     |                            |
| DP_OP_2113J1_125_7016           |            |                            |
|                | DP_OP_2113J1_125_7016 |     |                            |
| DP_OP_2114J1_126_3827           |            |                            |
|                | DP_OP_2114J1_126_3827 |     |                            |
| DP_OP_2115J1_127_7016           |            |                            |
|                | DP_OP_2115J1_127_7016 |     |                            |
| DP_OP_2116J1_128_3827           |            |                            |
|                | DP_OP_2116J1_128_3827 |     |                            |
| DP_OP_2117J1_129_7016           |            |                            |
|                | DP_OP_2117J1_129_7016 |     |                            |
| DP_OP_2118J1_130_531            |            |                            |
|                | DP_OP_2118J1_130_531 |      |                            |
| DP_OP_2119J1_131_1483           |            |                            |
|                | DP_OP_2119J1_131_1483 |     |                            |
| DP_OP_2120J1_132_531            |            |                            |
|                | DP_OP_2120J1_132_531 |      |                            |
| DP_OP_2121J1_133_1483           |            |                            |
|                | DP_OP_2121J1_133_1483 |     |                            |
| DP_OP_2122J1_134_531            |            |                            |
|                | DP_OP_2122J1_134_531 |      |                            |
| DP_OP_2123J1_135_1483           |            |                            |
|                | DP_OP_2123J1_135_1483 |     |                            |
| DP_OP_2124J1_136_531            |            |                            |
|                | DP_OP_2124J1_136_531 |      |                            |
| DP_OP_2125J1_137_1483           |            |                            |
|                | DP_OP_2125J1_137_1483 |     |                            |
| DP_OP_2126J1_138_531            |            |                            |
|                | DP_OP_2126J1_138_531 |      |                            |
| DP_OP_2127J1_139_1483           |            |                            |
|                | DP_OP_2127J1_139_1483 |     |                            |
| DP_OP_2128J1_140_531            |            |                            |
|                | DP_OP_2128J1_140_531 |      |                            |
| DP_OP_2129J1_141_1483           |            |                            |
|                | DP_OP_2129J1_141_1483 |     |                            |
| DP_OP_2130J1_142_531            |            |                            |
|                | DP_OP_2130J1_142_531 |      |                            |
| DP_OP_2131J1_143_1483           |            |                            |
|                | DP_OP_2131J1_143_1483 |     |                            |
| DP_OP_2132J1_144_531            |            |                            |
|                | DP_OP_2132J1_144_531 |      |                            |
| DP_OP_2133J1_145_1483           |            |                            |
|                | DP_OP_2133J1_145_1483 |     |                            |
| DP_OP_2134J1_146_531            |            |                            |
|                | DP_OP_2134J1_146_531 |      |                            |
| DP_OP_2135J1_147_1483           |            |                            |
|                | DP_OP_2135J1_147_1483 |     |                            |
| DP_OP_2136J1_148_531            |            |                            |
|                | DP_OP_2136J1_148_531 |      |                            |
| DP_OP_2137J1_149_1483           |            |                            |
|                | DP_OP_2137J1_149_1483 |     |                            |
| DP_OP_2138J1_150_531            |            |                            |
|                | DP_OP_2138J1_150_531 |      |                            |
| DP_OP_2139J1_151_1483           |            |                            |
|                | DP_OP_2139J1_151_1483 |     |                            |
| DP_OP_2140J1_152_531            |            |                            |
|                | DP_OP_2140J1_152_531 |      |                            |
| DP_OP_2141J1_153_1483           |            |                            |
|                | DP_OP_2141J1_153_1483 |     |                            |
| DP_OP_2142J1_154_531            |            |                            |
|                | DP_OP_2142J1_154_531 |      |                            |
| DP_OP_2143J1_155_1483           |            |                            |
|                | DP_OP_2143J1_155_1483 |     |                            |
| DP_OP_2144J1_156_531            |            |                            |
|                | DP_OP_2144J1_156_531 |      |                            |
| DP_OP_2145J1_157_1483           |            |                            |
|                | DP_OP_2145J1_157_1483 |     |                            |
| DP_OP_2146J1_158_531            |            |                            |
|                | DP_OP_2146J1_158_531 |      |                            |
| DP_OP_2147J1_159_1483           |            |                            |
|                | DP_OP_2147J1_159_1483 |     |                            |
| DP_OP_2148J1_160_531            |            |                            |
|                | DP_OP_2148J1_160_531 |      |                            |
| DP_OP_2149J1_161_1483           |            |                            |
|                | DP_OP_2149J1_161_1483 |     |                            |
=============================================================================

Datapath Report for DP_OP_2110J1_122_3827
==============================================================================
| Cell                 | Contained Operations                                |
==============================================================================
| DP_OP_2110J1_122_3827 | add_311_2 (fusion_mul16_v2_product_pipe.sv:311)    |
|                      | add_320_2 (fusion_mul16_v2_product_pipe.sv:320)     |
|                      | add_320_4 (fusion_mul16_v2_product_pipe.sv:320)     |
|                      | add_320_6 (fusion_mul16_v2_product_pipe.sv:320)     |
|                      | sub_108_C313_rn (fusion_mul16_v2_pkg.sv:108)        |
==============================================================================

==============================================================================
|       |      | Data     |       |                                          |
| Var   | Type | Class    | Width | Expression                               |
==============================================================================
| I1    | PI   | Unsigned | 8     |                                          |
| I2    | PI   | Unsigned | 12    |                                          |
| I3    | PI   | Unsigned | 12    |                                          |
| I4    | PI   | Unsigned | 16    |                                          |
| O1    | PO   | Unsigned | 13    | I1 + I2 ( fusion_mul16_v2_product_pipe.sv:311 fusion_mul16_v2_product_pipe.sv:320 ) |
| O2    | PO   | Signed   | 15    | $signed(1'b0) - O1 (fusion_mul16_v2_pkg.sv:108) |
| O3    | PO   | Unsigned | 16    | I3 + I4 + O1 (fusion_mul16_v2_product_pipe.sv:320) |
==============================================================================

Datapath Report for DP_OP_2111J1_123_7016
==============================================================================
| Cell                 | Contained Operations                                |
==============================================================================
| DP_OP_2111J1_123_7016 | add_311_2_I2 (fusion_mul16_v2_product_pipe.sv:311) |
|                      | sub_108_C313_I2_rn (fusion_mul16_v2_pkg.sv:108)     |
==============================================================================

==============================================================================
|       |      | Data     |       |                                          |
| Var   | Type | Class    | Width | Expression                               |
==============================================================================
| I1    | PI   | Unsigned | 8     |                                          |
| I2    | PI   | Unsigned | 12    |                                          |
| O1    | PO   | Unsigned | 13    | I1 + I2 (fusion_mul16_v2_product_pipe.sv:311) |
| O2    | PO   | Signed   | 15    | $signed(1'b0) - O1 (fusion_mul16_v2_pkg.sv:108) |
==============================================================================

Datapath Report for DP_OP_2112J1_124_3827
==============================================================================
| Cell                 | Contained Operations                                |
==============================================================================
| DP_OP_2112J1_124_3827 | add_311_2_I3 (fusion_mul16_v2_product_pipe.sv:311) |
|                      | add_320_2_I2 (fusion_mul16_v2_product_pipe.sv:320)  |
|                      | add_320_4_I2 (fusion_mul16_v2_product_pipe.sv:320)  |
|                      | add_320_6_I2 (fusion_mul16_v2_product_pipe.sv:320)  |
|                      | sub_108_C313_I3_rn (fusion_mul16_v2_pkg.sv:108)     |
==============================================================================

==============================================================================
|       |      | Data     |       |                                          |
| Var   | Type | Class    | Width | Expression                               |
==============================================================================
| I1    | PI   | Unsigned | 8     |                                          |
| I2    | PI   | Unsigned | 12    |                                          |
| I3    | PI   | Unsigned | 12    |                                          |
| I4    | PI   | Unsigned | 16    |                                          |
| O1    | PO   | Unsigned | 13    | I1 + I2 ( fusion_mul16_v2_product_pipe.sv:311 fusion_mul16_v2_product_pipe.sv:320 ) |
| O2    | PO   | Signed   | 15    | $signed(1'b0) - O1 (fusion_mul16_v2_pkg.sv:108) |
| O3    | PO   | Unsigned | 16    | I3 + I4 + O1 (fusion_mul16_v2_product_pipe.sv:320) |
==============================================================================

Datapath Report for DP_OP_2113J1_125_7016
==============================================================================
| Cell                 | Contained Operations                                |
==============================================================================
| DP_OP_2113J1_125_7016 | add_311_2_I4 (fusion_mul16_v2_product_pipe.sv:311) |
|                      | sub_108_C313_I4_rn (fusion_mul16_v2_pkg.sv:108)     |
==============================================================================

==============================================================================
|       |      | Data     |       |                                          |
| Var   | Type | Class    | Width | Expression                               |
==============================================================================
| I1    | PI   | Unsigned | 8     |                                          |
| I2    | PI   | Unsigned | 12    |                                          |
| O1    | PO   | Unsigned | 13    | I1 + I2 (fusion_mul16_v2_product_pipe.sv:311) |
| O2    | PO   | Signed   | 15    | $signed(1'b0) - O1 (fusion_mul16_v2_pkg.sv:108) |
==============================================================================

Datapath Report for DP_OP_2114J1_126_3827
==============================================================================
| Cell                 | Contained Operations                                |
==============================================================================
| DP_OP_2114J1_126_3827 | add_311_2_I5 (fusion_mul16_v2_product_pipe.sv:311) |
|                      | add_320_2_I3 (fusion_mul16_v2_product_pipe.sv:320)  |
|                      | add_320_4_I3 (fusion_mul16_v2_product_pipe.sv:320)  |
|                      | add_320_6_I3 (fusion_mul16_v2_product_pipe.sv:320)  |
|                      | sub_108_C313_I5_rn (fusion_mul16_v2_pkg.sv:108)     |
==============================================================================

==============================================================================
|       |      | Data     |       |                                          |
| Var   | Type | Class    | Width | Expression                               |
==============================================================================
| I1    | PI   | Unsigned | 8     |                                          |
| I2    | PI   | Unsigned | 12    |                                          |
| I3    | PI   | Unsigned | 12    |                                          |
| I4    | PI   | Unsigned | 16    |                                          |
| O1    | PO   | Unsigned | 13    | I1 + I2 ( fusion_mul16_v2_product_pipe.sv:311 fusion_mul16_v2_product_pipe.sv:320 ) |
| O2    | PO   | Signed   | 15    | $signed(1'b0) - O1 (fusion_mul16_v2_pkg.sv:108) |
| O3    | PO   | Unsigned | 16    | I3 + I4 + O1 (fusion_mul16_v2_product_pipe.sv:320) |
==============================================================================

Datapath Report for DP_OP_2115J1_127_7016
==============================================================================
| Cell                 | Contained Operations                                |
==============================================================================
| DP_OP_2115J1_127_7016 | add_311_2_I6 (fusion_mul16_v2_product_pipe.sv:311) |
|                      | sub_108_C313_I6_rn (fusion_mul16_v2_pkg.sv:108)     |
==============================================================================

==============================================================================
|       |      | Data     |       |                                          |
| Var   | Type | Class    | Width | Expression                               |
==============================================================================
| I1    | PI   | Unsigned | 8     |                                          |
| I2    | PI   | Unsigned | 12    |                                          |
| O1    | PO   | Unsigned | 13    | I1 + I2 (fusion_mul16_v2_product_pipe.sv:311) |
| O2    | PO   | Signed   | 15    | $signed(1'b0) - O1 (fusion_mul16_v2_pkg.sv:108) |
==============================================================================

Datapath Report for DP_OP_2116J1_128_3827
==============================================================================
| Cell                 | Contained Operations                                |
==============================================================================
| DP_OP_2116J1_128_3827 | add_311_2_I7 (fusion_mul16_v2_product_pipe.sv:311) |
|                      | add_320_2_I4 (fusion_mul16_v2_product_pipe.sv:320)  |
|                      | add_320_4_I4 (fusion_mul16_v2_product_pipe.sv:320)  |
|                      | add_320_6_I4 (fusion_mul16_v2_product_pipe.sv:320)  |
|                      | sub_108_C313_I7_rn (fusion_mul16_v2_pkg.sv:108)     |
==============================================================================

==============================================================================
|       |      | Data     |       |                                          |
| Var   | Type | Class    | Width | Expression                               |
==============================================================================
| I1    | PI   | Unsigned | 8     |                                          |
| I2    | PI   | Unsigned | 12    |                                          |
| I3    | PI   | Unsigned | 12    |                                          |
| I4    | PI   | Unsigned | 16    |                                          |
| O1    | PO   | Unsigned | 13    | I1 + I2 ( fusion_mul16_v2_product_pipe.sv:311 fusion_mul16_v2_product_pipe.sv:320 ) |
| O2    | PO   | Signed   | 15    | $signed(1'b0) - O1 (fusion_mul16_v2_pkg.sv:108) |
| O3    | PO   | Unsigned | 16    | I3 + I4 + O1 (fusion_mul16_v2_product_pipe.sv:320) |
==============================================================================

Datapath Report for DP_OP_2117J1_129_7016
==============================================================================
| Cell                 | Contained Operations                                |
==============================================================================
| DP_OP_2117J1_129_7016 | add_311_2_I8 (fusion_mul16_v2_product_pipe.sv:311) |
|                      | sub_108_C313_I8_rn (fusion_mul16_v2_pkg.sv:108)     |
==============================================================================

==============================================================================
|       |      | Data     |       |                                          |
| Var   | Type | Class    | Width | Expression                               |
==============================================================================
| I1    | PI   | Unsigned | 8     |                                          |
| I2    | PI   | Unsigned | 12    |                                          |
| O1    | PO   | Unsigned | 13    | I1 + I2 (fusion_mul16_v2_product_pipe.sv:311) |
| O2    | PO   | Signed   | 15    | $signed(1'b0) - O1 (fusion_mul16_v2_pkg.sv:108) |
==============================================================================

Datapath Report for DP_OP_2118J1_130_531
==============================================================================
| Cell                 | Contained Operations                                |
==============================================================================
| DP_OP_2118J1_130_531 | G_BF16_PACK[0].u_pack/add_51 (raw16_to_bf16_rne.sv:51) |
                    | G_BF16_PACK[0].u_pack/gt_52 (raw16_to_bf16_rne.sv:52) |
                     | G_BF16_PACK[0].u_pack/lt_54 (raw16_to_bf16_rne.sv:54) |
                     | G_BF16_PACK[0].u_pack/add_70 (raw16_to_bf16_rne.sv:70) |
==============================================================================

==============================================================================
|       |      | Data     |       |                                          |
| Var   | Type | Class    | Width | Expression                               |
==============================================================================
| I1    | PI   | Signed   | 11    |                                          |
| I2    | PI   | Unsigned | 4     |                                          |
| O1    | PO   | Signed   | 12    | I1 + I2 (raw16_to_bf16_rne.sv:51)        |
| O2    | PO   | Signed   | 1     | O1 > $signed(8'b01111111) (raw16_to_bf16_rne.sv:52) |
| O3    | PO   | Signed   | 1     | O1 < $signed(8'b10000010) (raw16_to_bf16_rne.sv:54) |
| O4    | PO   | Signed   | 13    | O1 + $unsigned(1'b1) (raw16_to_bf16_rne.sv:70) |
==============================================================================

Datapath Report for DP_OP_2119J1_131_1483
==============================================================================
| Cell                 | Contained Operations                                |
==============================================================================
| DP_OP_2119J1_131_1483 | G_BF16_PACK[0].u_pack/sub_59 (raw16_to_bf16_rne.sv:59) |
                   | G_BF16_PACK[0].u_pack/sub_64 (raw16_to_bf16_rne.sv:64) |
                    | G_BF16_PACK[0].u_pack/sub_64_I2 (raw16_to_bf16_rne.sv:64) |
                 | G_BF16_PACK[0].u_pack/lt_64 (raw16_to_bf16_rne.sv:64) |
                     | G_BF16_PACK[0].u_pack/lt_64_I3 (raw16_to_bf16_rne.sv:64) |
                  | G_BF16_PACK[0].u_pack/lt_64_I4 (raw16_to_bf16_rne.sv:64) |
                  | G_BF16_PACK[0].u_pack/lt_64_I5 (raw16_to_bf16_rne.sv:64) |
                  | G_BF16_PACK[0].u_pack/lt_64_I6 (raw16_to_bf16_rne.sv:64) |
                  | G_BF16_PACK[0].u_pack/lt_64_I7 (raw16_to_bf16_rne.sv:64) |
                  | G_BF16_PACK[0].u_pack/lt_64_I8 (raw16_to_bf16_rne.sv:64) |
                  | G_BF16_PACK[0].u_pack/lt_64_I9 (raw16_to_bf16_rne.sv:64) |
                  | G_BF16_PACK[0].u_pack/lt_64_I10 (raw16_to_bf16_rne.sv:64) |
                 | G_BF16_PACK[0].u_pack/lt_64_I11 (raw16_to_bf16_rne.sv:64) |
                 | G_BF16_PACK[0].u_pack/lt_64_I12 (raw16_to_bf16_rne.sv:64) |
                 | G_BF16_PACK[0].u_pack/lt_64_I13 (raw16_to_bf16_rne.sv:64) |
                 | G_BF16_PACK[0].u_pack/lt_64_I14 (raw16_to_bf16_rne.sv:64) |
                 | G_BF16_PACK[0].u_pack/lt_64_I15 (raw16_to_bf16_rne.sv:64) |
                 | G_BF16_PACK[0].u_pack/lt_64_I2 (raw16_to_bf16_rne.sv:64) |
==============================================================================

==============================================================================
|       |      | Data     |       |                                          |
| Var   | Type | Class    | Width | Expression                               |
==============================================================================
| I1    | PI   | Unsigned | 4     |                                          |
| T128  | IFO  | Signed   | 7     | O1 - $unsigned(1'b1) (raw16_to_bf16_rne.sv:64) |
| O1    | PO   | Signed   | 6     | I1 - $unsigned(3'b111) (raw16_to_bf16_rne.sv:59) |
| O2    | PO   | Signed   | 1     | $signed(1'b0) < T128 (raw16_to_bf16_rne.sv:64) |
| O3    | PO   | Signed   | 1     | $signed(3'b010) < T128 (raw16_to_bf16_rne.sv:64) |
| O4    | PO   | Signed   | 1     | $signed(3'b011) < T128 (raw16_to_bf16_rne.sv:64) |
| O5    | PO   | Signed   | 1     | $signed(4'b0100) < T128 (raw16_to_bf16_rne.sv:64) |
| O6    | PO   | Signed   | 1     | $signed(4'b0101) < T128 (raw16_to_bf16_rne.sv:64) |
| O7    | PO   | Signed   | 1     | $signed(4'b0110) < T128 (raw16_to_bf16_rne.sv:64) |
| O8    | PO   | Signed   | 1     | $signed(4'b0111) < T128 (raw16_to_bf16_rne.sv:64) |
| O9    | PO   | Signed   | 1     | $signed(5'b01000) < T128 (raw16_to_bf16_rne.sv:64) |
| O10   | PO   | Signed   | 1     | $signed(5'b01001) < T128 (raw16_to_bf16_rne.sv:64) |
| O11   | PO   | Signed   | 1     | $signed(5'b01010) < T128 (raw16_to_bf16_rne.sv:64) |
| O12   | PO   | Signed   | 1     | $signed(5'b01011) < T128 (raw16_to_bf16_rne.sv:64) |
| O13   | PO   | Signed   | 1     | $signed(5'b01100) < T128 (raw16_to_bf16_rne.sv:64) |
| O14   | PO   | Signed   | 1     | $signed(5'b01101) < T128 (raw16_to_bf16_rne.sv:64) |
| O15   | PO   | Signed   | 1     | $signed(5'b01110) < T128 (raw16_to_bf16_rne.sv:64) |
| O16   | PO   | Signed   | 1     | $signed(2'b01) < T128 (raw16_to_bf16_rne.sv:64) |
==============================================================================

Datapath Report for DP_OP_2120J1_132_531
==============================================================================
| Cell                 | Contained Operations                                |
==============================================================================
| DP_OP_2120J1_132_531 | G_BF16_PACK[15].u_pack/add_51 (raw16_to_bf16_rne.sv:51) |
                   | G_BF16_PACK[15].u_pack/gt_52 (raw16_to_bf16_rne.sv:52) |
                    | G_BF16_PACK[15].u_pack/lt_54 (raw16_to_bf16_rne.sv:54) |
                    | G_BF16_PACK[15].u_pack/add_70 (raw16_to_bf16_rne.sv:70) |
==============================================================================

==============================================================================
|       |      | Data     |       |                                          |
| Var   | Type | Class    | Width | Expression                               |
==============================================================================
| I1    | PI   | Signed   | 11    |                                          |
| I2    | PI   | Unsigned | 4     |                                          |
| O1    | PO   | Signed   | 12    | I1 + I2 (raw16_to_bf16_rne.sv:51)        |
| O2    | PO   | Signed   | 1     | O1 > $signed(8'b01111111) (raw16_to_bf16_rne.sv:52) |
| O3    | PO   | Signed   | 1     | O1 < $signed(8'b10000010) (raw16_to_bf16_rne.sv:54) |
| O4    | PO   | Signed   | 13    | O1 + $unsigned(1'b1) (raw16_to_bf16_rne.sv:70) |
==============================================================================

Datapath Report for DP_OP_2121J1_133_1483
==============================================================================
| Cell                 | Contained Operations                                |
==============================================================================
| DP_OP_2121J1_133_1483 | G_BF16_PACK[15].u_pack/sub_59 (raw16_to_bf16_rne.sv:59) |
                  | G_BF16_PACK[15].u_pack/sub_64 (raw16_to_bf16_rne.sv:64) |
                   | G_BF16_PACK[15].u_pack/sub_64_I2 (raw16_to_bf16_rne.sv:64) |
                | G_BF16_PACK[15].u_pack/lt_64 (raw16_to_bf16_rne.sv:64) |
                    | G_BF16_PACK[15].u_pack/lt_64_I3 (raw16_to_bf16_rne.sv:64) |
                 | G_BF16_PACK[15].u_pack/lt_64_I4 (raw16_to_bf16_rne.sv:64) |
                 | G_BF16_PACK[15].u_pack/lt_64_I5 (raw16_to_bf16_rne.sv:64) |
                 | G_BF16_PACK[15].u_pack/lt_64_I6 (raw16_to_bf16_rne.sv:64) |
                 | G_BF16_PACK[15].u_pack/lt_64_I7 (raw16_to_bf16_rne.sv:64) |
                 | G_BF16_PACK[15].u_pack/lt_64_I8 (raw16_to_bf16_rne.sv:64) |
                 | G_BF16_PACK[15].u_pack/lt_64_I9 (raw16_to_bf16_rne.sv:64) |
                 | G_BF16_PACK[15].u_pack/lt_64_I10 (raw16_to_bf16_rne.sv:64) |
                | G_BF16_PACK[15].u_pack/lt_64_I11 (raw16_to_bf16_rne.sv:64) |
                | G_BF16_PACK[15].u_pack/lt_64_I12 (raw16_to_bf16_rne.sv:64) |
                | G_BF16_PACK[15].u_pack/lt_64_I13 (raw16_to_bf16_rne.sv:64) |
                | G_BF16_PACK[15].u_pack/lt_64_I14 (raw16_to_bf16_rne.sv:64) |
                | G_BF16_PACK[15].u_pack/lt_64_I15 (raw16_to_bf16_rne.sv:64) |
                | G_BF16_PACK[15].u_pack/lt_64_I2 (raw16_to_bf16_rne.sv:64) |
==============================================================================

==============================================================================
|       |      | Data     |       |                                          |
| Var   | Type | Class    | Width | Expression                               |
==============================================================================
| I1    | PI   | Unsigned | 4     |                                          |
| T204  | IFO  | Signed   | 7     | O1 - $unsigned(1'b1) (raw16_to_bf16_rne.sv:64) |
| O1    | PO   | Signed   | 6     | I1 - $unsigned(3'b111) (raw16_to_bf16_rne.sv:59) |
| O2    | PO   | Signed   | 1     | $signed(1'b0) < T204 (raw16_to_bf16_rne.sv:64) |
| O3    | PO   | Signed   | 1     | $signed(3'b010) < T204 (raw16_to_bf16_rne.sv:64) |
| O4    | PO   | Signed   | 1     | $signed(3'b011) < T204 (raw16_to_bf16_rne.sv:64) |
| O5    | PO   | Signed   | 1     | $signed(4'b0100) < T204 (raw16_to_bf16_rne.sv:64) |
| O6    | PO   | Signed   | 1     | $signed(4'b0101) < T204 (raw16_to_bf16_rne.sv:64) |
| O7    | PO   | Signed   | 1     | $signed(4'b0110) < T204 (raw16_to_bf16_rne.sv:64) |
| O8    | PO   | Signed   | 1     | $signed(4'b0111) < T204 (raw16_to_bf16_rne.sv:64) |
| O9    | PO   | Signed   | 1     | $signed(5'b01000) < T204 (raw16_to_bf16_rne.sv:64) |
| O10   | PO   | Signed   | 1     | $signed(5'b01001) < T204 (raw16_to_bf16_rne.sv:64) |
| O11   | PO   | Signed   | 1     | $signed(5'b01010) < T204 (raw16_to_bf16_rne.sv:64) |
| O12   | PO   | Signed   | 1     | $signed(5'b01011) < T204 (raw16_to_bf16_rne.sv:64) |
| O13   | PO   | Signed   | 1     | $signed(5'b01100) < T204 (raw16_to_bf16_rne.sv:64) |
| O14   | PO   | Signed   | 1     | $signed(5'b01101) < T204 (raw16_to_bf16_rne.sv:64) |
| O15   | PO   | Signed   | 1     | $signed(5'b01110) < T204 (raw16_to_bf16_rne.sv:64) |
| O16   | PO   | Signed   | 1     | $signed(2'b01) < T204 (raw16_to_bf16_rne.sv:64) |
==============================================================================

Datapath Report for DP_OP_2122J1_134_531
==============================================================================
| Cell                 | Contained Operations                                |
==============================================================================
| DP_OP_2122J1_134_531 | G_BF16_PACK[14].u_pack/add_51 (raw16_to_bf16_rne.sv:51) |
                   | G_BF16_PACK[14].u_pack/gt_52 (raw16_to_bf16_rne.sv:52) |
                    | G_BF16_PACK[14].u_pack/lt_54 (raw16_to_bf16_rne.sv:54) |
                    | G_BF16_PACK[14].u_pack/add_70 (raw16_to_bf16_rne.sv:70) |
==============================================================================

==============================================================================
|       |      | Data     |       |                                          |
| Var   | Type | Class    | Width | Expression                               |
==============================================================================
| I1    | PI   | Signed   | 11    |                                          |
| I2    | PI   | Unsigned | 4     |                                          |
| O1    | PO   | Signed   | 12    | I1 + I2 (raw16_to_bf16_rne.sv:51)        |
| O2    | PO   | Signed   | 1     | O1 > $signed(8'b01111111) (raw16_to_bf16_rne.sv:52) |
| O3    | PO   | Signed   | 1     | O1 < $signed(8'b10000010) (raw16_to_bf16_rne.sv:54) |
| O4    | PO   | Signed   | 13    | O1 + $unsigned(1'b1) (raw16_to_bf16_rne.sv:70) |
==============================================================================

Datapath Report for DP_OP_2123J1_135_1483
==============================================================================
| Cell                 | Contained Operations                                |
==============================================================================
| DP_OP_2123J1_135_1483 | G_BF16_PACK[14].u_pack/sub_59 (raw16_to_bf16_rne.sv:59) |
                  | G_BF16_PACK[14].u_pack/sub_64 (raw16_to_bf16_rne.sv:64) |
                   | G_BF16_PACK[14].u_pack/sub_64_I2 (raw16_to_bf16_rne.sv:64) |
                | G_BF16_PACK[14].u_pack/lt_64 (raw16_to_bf16_rne.sv:64) |
                    | G_BF16_PACK[14].u_pack/lt_64_I3 (raw16_to_bf16_rne.sv:64) |
                 | G_BF16_PACK[14].u_pack/lt_64_I4 (raw16_to_bf16_rne.sv:64) |
                 | G_BF16_PACK[14].u_pack/lt_64_I5 (raw16_to_bf16_rne.sv:64) |
                 | G_BF16_PACK[14].u_pack/lt_64_I6 (raw16_to_bf16_rne.sv:64) |
                 | G_BF16_PACK[14].u_pack/lt_64_I7 (raw16_to_bf16_rne.sv:64) |
                 | G_BF16_PACK[14].u_pack/lt_64_I8 (raw16_to_bf16_rne.sv:64) |
                 | G_BF16_PACK[14].u_pack/lt_64_I9 (raw16_to_bf16_rne.sv:64) |
                 | G_BF16_PACK[14].u_pack/lt_64_I10 (raw16_to_bf16_rne.sv:64) |
                | G_BF16_PACK[14].u_pack/lt_64_I11 (raw16_to_bf16_rne.sv:64) |
                | G_BF16_PACK[14].u_pack/lt_64_I12 (raw16_to_bf16_rne.sv:64) |
                | G_BF16_PACK[14].u_pack/lt_64_I13 (raw16_to_bf16_rne.sv:64) |
                | G_BF16_PACK[14].u_pack/lt_64_I14 (raw16_to_bf16_rne.sv:64) |
                | G_BF16_PACK[14].u_pack/lt_64_I15 (raw16_to_bf16_rne.sv:64) |
                | G_BF16_PACK[14].u_pack/lt_64_I2 (raw16_to_bf16_rne.sv:64) |
==============================================================================

==============================================================================
|       |      | Data     |       |                                          |
| Var   | Type | Class    | Width | Expression                               |
==============================================================================
| I1    | PI   | Unsigned | 4     |                                          |
| T280  | IFO  | Signed   | 7     | O1 - $unsigned(1'b1) (raw16_to_bf16_rne.sv:64) |
| O1    | PO   | Signed   | 6     | I1 - $unsigned(3'b111) (raw16_to_bf16_rne.sv:59) |
| O2    | PO   | Signed   | 1     | $signed(1'b0) < T280 (raw16_to_bf16_rne.sv:64) |
| O3    | PO   | Signed   | 1     | $signed(3'b010) < T280 (raw16_to_bf16_rne.sv:64) |
| O4    | PO   | Signed   | 1     | $signed(3'b011) < T280 (raw16_to_bf16_rne.sv:64) |
| O5    | PO   | Signed   | 1     | $signed(4'b0100) < T280 (raw16_to_bf16_rne.sv:64) |
| O6    | PO   | Signed   | 1     | $signed(4'b0101) < T280 (raw16_to_bf16_rne.sv:64) |
| O7    | PO   | Signed   | 1     | $signed(4'b0110) < T280 (raw16_to_bf16_rne.sv:64) |
| O8    | PO   | Signed   | 1     | $signed(4'b0111) < T280 (raw16_to_bf16_rne.sv:64) |
| O9    | PO   | Signed   | 1     | $signed(5'b01000) < T280 (raw16_to_bf16_rne.sv:64) |
| O10   | PO   | Signed   | 1     | $signed(5'b01001) < T280 (raw16_to_bf16_rne.sv:64) |
| O11   | PO   | Signed   | 1     | $signed(5'b01010) < T280 (raw16_to_bf16_rne.sv:64) |
| O12   | PO   | Signed   | 1     | $signed(5'b01011) < T280 (raw16_to_bf16_rne.sv:64) |
| O13   | PO   | Signed   | 1     | $signed(5'b01100) < T280 (raw16_to_bf16_rne.sv:64) |
| O14   | PO   | Signed   | 1     | $signed(5'b01101) < T280 (raw16_to_bf16_rne.sv:64) |
| O15   | PO   | Signed   | 1     | $signed(5'b01110) < T280 (raw16_to_bf16_rne.sv:64) |
| O16   | PO   | Signed   | 1     | $signed(2'b01) < T280 (raw16_to_bf16_rne.sv:64) |
==============================================================================

Datapath Report for DP_OP_2124J1_136_531
==============================================================================
| Cell                 | Contained Operations                                |
==============================================================================
| DP_OP_2124J1_136_531 | G_BF16_PACK[13].u_pack/add_51 (raw16_to_bf16_rne.sv:51) |
                   | G_BF16_PACK[13].u_pack/gt_52 (raw16_to_bf16_rne.sv:52) |
                    | G_BF16_PACK[13].u_pack/lt_54 (raw16_to_bf16_rne.sv:54) |
                    | G_BF16_PACK[13].u_pack/add_70 (raw16_to_bf16_rne.sv:70) |
==============================================================================

==============================================================================
|       |      | Data     |       |                                          |
| Var   | Type | Class    | Width | Expression                               |
==============================================================================
| I1    | PI   | Signed   | 11    |                                          |
| I2    | PI   | Unsigned | 4     |                                          |
| O1    | PO   | Signed   | 12    | I1 + I2 (raw16_to_bf16_rne.sv:51)        |
| O2    | PO   | Signed   | 1     | O1 > $signed(8'b01111111) (raw16_to_bf16_rne.sv:52) |
| O3    | PO   | Signed   | 1     | O1 < $signed(8'b10000010) (raw16_to_bf16_rne.sv:54) |
| O4    | PO   | Signed   | 13    | O1 + $unsigned(1'b1) (raw16_to_bf16_rne.sv:70) |
==============================================================================

Datapath Report for DP_OP_2125J1_137_1483
==============================================================================
| Cell                 | Contained Operations                                |
==============================================================================
| DP_OP_2125J1_137_1483 | G_BF16_PACK[13].u_pack/sub_59 (raw16_to_bf16_rne.sv:59) |
                  | G_BF16_PACK[13].u_pack/sub_64 (raw16_to_bf16_rne.sv:64) |
                   | G_BF16_PACK[13].u_pack/sub_64_I2 (raw16_to_bf16_rne.sv:64) |
                | G_BF16_PACK[13].u_pack/lt_64 (raw16_to_bf16_rne.sv:64) |
                    | G_BF16_PACK[13].u_pack/lt_64_I3 (raw16_to_bf16_rne.sv:64) |
                 | G_BF16_PACK[13].u_pack/lt_64_I4 (raw16_to_bf16_rne.sv:64) |
                 | G_BF16_PACK[13].u_pack/lt_64_I5 (raw16_to_bf16_rne.sv:64) |
                 | G_BF16_PACK[13].u_pack/lt_64_I6 (raw16_to_bf16_rne.sv:64) |
                 | G_BF16_PACK[13].u_pack/lt_64_I7 (raw16_to_bf16_rne.sv:64) |
                 | G_BF16_PACK[13].u_pack/lt_64_I8 (raw16_to_bf16_rne.sv:64) |
                 | G_BF16_PACK[13].u_pack/lt_64_I9 (raw16_to_bf16_rne.sv:64) |
                 | G_BF16_PACK[13].u_pack/lt_64_I10 (raw16_to_bf16_rne.sv:64) |
                | G_BF16_PACK[13].u_pack/lt_64_I11 (raw16_to_bf16_rne.sv:64) |
                | G_BF16_PACK[13].u_pack/lt_64_I12 (raw16_to_bf16_rne.sv:64) |
                | G_BF16_PACK[13].u_pack/lt_64_I13 (raw16_to_bf16_rne.sv:64) |
                | G_BF16_PACK[13].u_pack/lt_64_I14 (raw16_to_bf16_rne.sv:64) |
                | G_BF16_PACK[13].u_pack/lt_64_I15 (raw16_to_bf16_rne.sv:64) |
                | G_BF16_PACK[13].u_pack/lt_64_I2 (raw16_to_bf16_rne.sv:64) |
==============================================================================

==============================================================================
|       |      | Data     |       |                                          |
| Var   | Type | Class    | Width | Expression                               |
==============================================================================
| I1    | PI   | Unsigned | 4     |                                          |
| T356  | IFO  | Signed   | 7     | O1 - $unsigned(1'b1) (raw16_to_bf16_rne.sv:64) |
| O1    | PO   | Signed   | 6     | I1 - $unsigned(3'b111) (raw16_to_bf16_rne.sv:59) |
| O2    | PO   | Signed   | 1     | $signed(1'b0) < T356 (raw16_to_bf16_rne.sv:64) |
| O3    | PO   | Signed   | 1     | $signed(3'b010) < T356 (raw16_to_bf16_rne.sv:64) |
| O4    | PO   | Signed   | 1     | $signed(3'b011) < T356 (raw16_to_bf16_rne.sv:64) |
| O5    | PO   | Signed   | 1     | $signed(4'b0100) < T356 (raw16_to_bf16_rne.sv:64) |
| O6    | PO   | Signed   | 1     | $signed(4'b0101) < T356 (raw16_to_bf16_rne.sv:64) |
| O7    | PO   | Signed   | 1     | $signed(4'b0110) < T356 (raw16_to_bf16_rne.sv:64) |
| O8    | PO   | Signed   | 1     | $signed(4'b0111) < T356 (raw16_to_bf16_rne.sv:64) |
| O9    | PO   | Signed   | 1     | $signed(5'b01000) < T356 (raw16_to_bf16_rne.sv:64) |
| O10   | PO   | Signed   | 1     | $signed(5'b01001) < T356 (raw16_to_bf16_rne.sv:64) |
| O11   | PO   | Signed   | 1     | $signed(5'b01010) < T356 (raw16_to_bf16_rne.sv:64) |
| O12   | PO   | Signed   | 1     | $signed(5'b01011) < T356 (raw16_to_bf16_rne.sv:64) |
| O13   | PO   | Signed   | 1     | $signed(5'b01100) < T356 (raw16_to_bf16_rne.sv:64) |
| O14   | PO   | Signed   | 1     | $signed(5'b01101) < T356 (raw16_to_bf16_rne.sv:64) |
| O15   | PO   | Signed   | 1     | $signed(5'b01110) < T356 (raw16_to_bf16_rne.sv:64) |
| O16   | PO   | Signed   | 1     | $signed(2'b01) < T356 (raw16_to_bf16_rne.sv:64) |
==============================================================================

Datapath Report for DP_OP_2126J1_138_531
==============================================================================
| Cell                 | Contained Operations                                |
==============================================================================
| DP_OP_2126J1_138_531 | G_BF16_PACK[12].u_pack/add_51 (raw16_to_bf16_rne.sv:51) |
                   | G_BF16_PACK[12].u_pack/gt_52 (raw16_to_bf16_rne.sv:52) |
                    | G_BF16_PACK[12].u_pack/lt_54 (raw16_to_bf16_rne.sv:54) |
                    | G_BF16_PACK[12].u_pack/add_70 (raw16_to_bf16_rne.sv:70) |
==============================================================================

==============================================================================
|       |      | Data     |       |                                          |
| Var   | Type | Class    | Width | Expression                               |
==============================================================================
| I1    | PI   | Signed   | 11    |                                          |
| I2    | PI   | Unsigned | 4     |                                          |
| O1    | PO   | Signed   | 12    | I1 + I2 (raw16_to_bf16_rne.sv:51)        |
| O2    | PO   | Signed   | 1     | O1 > $signed(8'b01111111) (raw16_to_bf16_rne.sv:52) |
| O3    | PO   | Signed   | 1     | O1 < $signed(8'b10000010) (raw16_to_bf16_rne.sv:54) |
| O4    | PO   | Signed   | 13    | O1 + $unsigned(1'b1) (raw16_to_bf16_rne.sv:70) |
==============================================================================

Datapath Report for DP_OP_2127J1_139_1483
==============================================================================
| Cell                 | Contained Operations                                |
==============================================================================
| DP_OP_2127J1_139_1483 | G_BF16_PACK[12].u_pack/sub_59 (raw16_to_bf16_rne.sv:59) |
                  | G_BF16_PACK[12].u_pack/sub_64 (raw16_to_bf16_rne.sv:64) |
                   | G_BF16_PACK[12].u_pack/sub_64_I2 (raw16_to_bf16_rne.sv:64) |
                | G_BF16_PACK[12].u_pack/lt_64 (raw16_to_bf16_rne.sv:64) |
                    | G_BF16_PACK[12].u_pack/lt_64_I3 (raw16_to_bf16_rne.sv:64) |
                 | G_BF16_PACK[12].u_pack/lt_64_I4 (raw16_to_bf16_rne.sv:64) |
                 | G_BF16_PACK[12].u_pack/lt_64_I5 (raw16_to_bf16_rne.sv:64) |
                 | G_BF16_PACK[12].u_pack/lt_64_I6 (raw16_to_bf16_rne.sv:64) |
                 | G_BF16_PACK[12].u_pack/lt_64_I7 (raw16_to_bf16_rne.sv:64) |
                 | G_BF16_PACK[12].u_pack/lt_64_I8 (raw16_to_bf16_rne.sv:64) |
                 | G_BF16_PACK[12].u_pack/lt_64_I9 (raw16_to_bf16_rne.sv:64) |
                 | G_BF16_PACK[12].u_pack/lt_64_I10 (raw16_to_bf16_rne.sv:64) |
                | G_BF16_PACK[12].u_pack/lt_64_I11 (raw16_to_bf16_rne.sv:64) |
                | G_BF16_PACK[12].u_pack/lt_64_I12 (raw16_to_bf16_rne.sv:64) |
                | G_BF16_PACK[12].u_pack/lt_64_I13 (raw16_to_bf16_rne.sv:64) |
                | G_BF16_PACK[12].u_pack/lt_64_I14 (raw16_to_bf16_rne.sv:64) |
                | G_BF16_PACK[12].u_pack/lt_64_I15 (raw16_to_bf16_rne.sv:64) |
                | G_BF16_PACK[12].u_pack/lt_64_I2 (raw16_to_bf16_rne.sv:64) |
==============================================================================

==============================================================================
|       |      | Data     |       |                                          |
| Var   | Type | Class    | Width | Expression                               |
==============================================================================
| I1    | PI   | Unsigned | 4     |                                          |
| T432  | IFO  | Signed   | 7     | O1 - $unsigned(1'b1) (raw16_to_bf16_rne.sv:64) |
| O1    | PO   | Signed   | 6     | I1 - $unsigned(3'b111) (raw16_to_bf16_rne.sv:59) |
| O2    | PO   | Signed   | 1     | $signed(1'b0) < T432 (raw16_to_bf16_rne.sv:64) |
| O3    | PO   | Signed   | 1     | $signed(3'b010) < T432 (raw16_to_bf16_rne.sv:64) |
| O4    | PO   | Signed   | 1     | $signed(3'b011) < T432 (raw16_to_bf16_rne.sv:64) |
| O5    | PO   | Signed   | 1     | $signed(4'b0100) < T432 (raw16_to_bf16_rne.sv:64) |
| O6    | PO   | Signed   | 1     | $signed(4'b0101) < T432 (raw16_to_bf16_rne.sv:64) |
| O7    | PO   | Signed   | 1     | $signed(4'b0110) < T432 (raw16_to_bf16_rne.sv:64) |
| O8    | PO   | Signed   | 1     | $signed(4'b0111) < T432 (raw16_to_bf16_rne.sv:64) |
| O9    | PO   | Signed   | 1     | $signed(5'b01000) < T432 (raw16_to_bf16_rne.sv:64) |
| O10   | PO   | Signed   | 1     | $signed(5'b01001) < T432 (raw16_to_bf16_rne.sv:64) |
| O11   | PO   | Signed   | 1     | $signed(5'b01010) < T432 (raw16_to_bf16_rne.sv:64) |
| O12   | PO   | Signed   | 1     | $signed(5'b01011) < T432 (raw16_to_bf16_rne.sv:64) |
| O13   | PO   | Signed   | 1     | $signed(5'b01100) < T432 (raw16_to_bf16_rne.sv:64) |
| O14   | PO   | Signed   | 1     | $signed(5'b01101) < T432 (raw16_to_bf16_rne.sv:64) |
| O15   | PO   | Signed   | 1     | $signed(5'b01110) < T432 (raw16_to_bf16_rne.sv:64) |
| O16   | PO   | Signed   | 1     | $signed(2'b01) < T432 (raw16_to_bf16_rne.sv:64) |
==============================================================================

Datapath Report for DP_OP_2128J1_140_531
==============================================================================
| Cell                 | Contained Operations                                |
==============================================================================
| DP_OP_2128J1_140_531 | G_BF16_PACK[11].u_pack/add_51 (raw16_to_bf16_rne.sv:51) |
                   | G_BF16_PACK[11].u_pack/gt_52 (raw16_to_bf16_rne.sv:52) |
                    | G_BF16_PACK[11].u_pack/lt_54 (raw16_to_bf16_rne.sv:54) |
                    | G_BF16_PACK[11].u_pack/add_70 (raw16_to_bf16_rne.sv:70) |
==============================================================================

==============================================================================
|       |      | Data     |       |                                          |
| Var   | Type | Class    | Width | Expression                               |
==============================================================================
| I1    | PI   | Signed   | 11    |                                          |
| I2    | PI   | Unsigned | 4     |                                          |
| O1    | PO   | Signed   | 12    | I1 + I2 (raw16_to_bf16_rne.sv:51)        |
| O2    | PO   | Signed   | 1     | O1 > $signed(8'b01111111) (raw16_to_bf16_rne.sv:52) |
| O3    | PO   | Signed   | 1     | O1 < $signed(8'b10000010) (raw16_to_bf16_rne.sv:54) |
| O4    | PO   | Signed   | 13    | O1 + $unsigned(1'b1) (raw16_to_bf16_rne.sv:70) |
==============================================================================

Datapath Report for DP_OP_2129J1_141_1483
==============================================================================
| Cell                 | Contained Operations                                |
==============================================================================
| DP_OP_2129J1_141_1483 | G_BF16_PACK[11].u_pack/sub_59 (raw16_to_bf16_rne.sv:59) |
                  | G_BF16_PACK[11].u_pack/sub_64 (raw16_to_bf16_rne.sv:64) |
                   | G_BF16_PACK[11].u_pack/sub_64_I2 (raw16_to_bf16_rne.sv:64) |
                | G_BF16_PACK[11].u_pack/lt_64 (raw16_to_bf16_rne.sv:64) |
                    | G_BF16_PACK[11].u_pack/lt_64_I3 (raw16_to_bf16_rne.sv:64) |
                 | G_BF16_PACK[11].u_pack/lt_64_I4 (raw16_to_bf16_rne.sv:64) |
                 | G_BF16_PACK[11].u_pack/lt_64_I5 (raw16_to_bf16_rne.sv:64) |
                 | G_BF16_PACK[11].u_pack/lt_64_I6 (raw16_to_bf16_rne.sv:64) |
                 | G_BF16_PACK[11].u_pack/lt_64_I7 (raw16_to_bf16_rne.sv:64) |
                 | G_BF16_PACK[11].u_pack/lt_64_I8 (raw16_to_bf16_rne.sv:64) |
                 | G_BF16_PACK[11].u_pack/lt_64_I9 (raw16_to_bf16_rne.sv:64) |
                 | G_BF16_PACK[11].u_pack/lt_64_I10 (raw16_to_bf16_rne.sv:64) |
                | G_BF16_PACK[11].u_pack/lt_64_I11 (raw16_to_bf16_rne.sv:64) |
                | G_BF16_PACK[11].u_pack/lt_64_I12 (raw16_to_bf16_rne.sv:64) |
                | G_BF16_PACK[11].u_pack/lt_64_I13 (raw16_to_bf16_rne.sv:64) |
                | G_BF16_PACK[11].u_pack/lt_64_I14 (raw16_to_bf16_rne.sv:64) |
                | G_BF16_PACK[11].u_pack/lt_64_I15 (raw16_to_bf16_rne.sv:64) |
                | G_BF16_PACK[11].u_pack/lt_64_I2 (raw16_to_bf16_rne.sv:64) |
==============================================================================

==============================================================================
|       |      | Data     |       |                                          |
| Var   | Type | Class    | Width | Expression                               |
==============================================================================
| I1    | PI   | Unsigned | 4     |                                          |
| T508  | IFO  | Signed   | 7     | O1 - $unsigned(1'b1) (raw16_to_bf16_rne.sv:64) |
| O1    | PO   | Signed   | 6     | I1 - $unsigned(3'b111) (raw16_to_bf16_rne.sv:59) |
| O2    | PO   | Signed   | 1     | $signed(1'b0) < T508 (raw16_to_bf16_rne.sv:64) |
| O3    | PO   | Signed   | 1     | $signed(3'b010) < T508 (raw16_to_bf16_rne.sv:64) |
| O4    | PO   | Signed   | 1     | $signed(3'b011) < T508 (raw16_to_bf16_rne.sv:64) |
| O5    | PO   | Signed   | 1     | $signed(4'b0100) < T508 (raw16_to_bf16_rne.sv:64) |
| O6    | PO   | Signed   | 1     | $signed(4'b0101) < T508 (raw16_to_bf16_rne.sv:64) |
| O7    | PO   | Signed   | 1     | $signed(4'b0110) < T508 (raw16_to_bf16_rne.sv:64) |
| O8    | PO   | Signed   | 1     | $signed(4'b0111) < T508 (raw16_to_bf16_rne.sv:64) |
| O9    | PO   | Signed   | 1     | $signed(5'b01000) < T508 (raw16_to_bf16_rne.sv:64) |
| O10   | PO   | Signed   | 1     | $signed(5'b01001) < T508 (raw16_to_bf16_rne.sv:64) |
| O11   | PO   | Signed   | 1     | $signed(5'b01010) < T508 (raw16_to_bf16_rne.sv:64) |
| O12   | PO   | Signed   | 1     | $signed(5'b01011) < T508 (raw16_to_bf16_rne.sv:64) |
| O13   | PO   | Signed   | 1     | $signed(5'b01100) < T508 (raw16_to_bf16_rne.sv:64) |
| O14   | PO   | Signed   | 1     | $signed(5'b01101) < T508 (raw16_to_bf16_rne.sv:64) |
| O15   | PO   | Signed   | 1     | $signed(5'b01110) < T508 (raw16_to_bf16_rne.sv:64) |
| O16   | PO   | Signed   | 1     | $signed(2'b01) < T508 (raw16_to_bf16_rne.sv:64) |
==============================================================================

Datapath Report for DP_OP_2130J1_142_531
==============================================================================
| Cell                 | Contained Operations                                |
==============================================================================
| DP_OP_2130J1_142_531 | G_BF16_PACK[10].u_pack/add_51 (raw16_to_bf16_rne.sv:51) |
                   | G_BF16_PACK[10].u_pack/gt_52 (raw16_to_bf16_rne.sv:52) |
                    | G_BF16_PACK[10].u_pack/lt_54 (raw16_to_bf16_rne.sv:54) |
                    | G_BF16_PACK[10].u_pack/add_70 (raw16_to_bf16_rne.sv:70) |
==============================================================================

==============================================================================
|       |      | Data     |       |                                          |
| Var   | Type | Class    | Width | Expression                               |
==============================================================================
| I1    | PI   | Signed   | 11    |                                          |
| I2    | PI   | Unsigned | 4     |                                          |
| O1    | PO   | Signed   | 12    | I1 + I2 (raw16_to_bf16_rne.sv:51)        |
| O2    | PO   | Signed   | 1     | O1 > $signed(8'b01111111) (raw16_to_bf16_rne.sv:52) |
| O3    | PO   | Signed   | 1     | O1 < $signed(8'b10000010) (raw16_to_bf16_rne.sv:54) |
| O4    | PO   | Signed   | 13    | O1 + $unsigned(1'b1) (raw16_to_bf16_rne.sv:70) |
==============================================================================

Datapath Report for DP_OP_2131J1_143_1483
==============================================================================
| Cell                 | Contained Operations                                |
==============================================================================
| DP_OP_2131J1_143_1483 | G_BF16_PACK[10].u_pack/sub_59 (raw16_to_bf16_rne.sv:59) |
                  | G_BF16_PACK[10].u_pack/sub_64 (raw16_to_bf16_rne.sv:64) |
                   | G_BF16_PACK[10].u_pack/sub_64_I2 (raw16_to_bf16_rne.sv:64) |
                | G_BF16_PACK[10].u_pack/lt_64 (raw16_to_bf16_rne.sv:64) |
                    | G_BF16_PACK[10].u_pack/lt_64_I3 (raw16_to_bf16_rne.sv:64) |
                 | G_BF16_PACK[10].u_pack/lt_64_I4 (raw16_to_bf16_rne.sv:64) |
                 | G_BF16_PACK[10].u_pack/lt_64_I5 (raw16_to_bf16_rne.sv:64) |
                 | G_BF16_PACK[10].u_pack/lt_64_I6 (raw16_to_bf16_rne.sv:64) |
                 | G_BF16_PACK[10].u_pack/lt_64_I7 (raw16_to_bf16_rne.sv:64) |
                 | G_BF16_PACK[10].u_pack/lt_64_I8 (raw16_to_bf16_rne.sv:64) |
                 | G_BF16_PACK[10].u_pack/lt_64_I9 (raw16_to_bf16_rne.sv:64) |
                 | G_BF16_PACK[10].u_pack/lt_64_I10 (raw16_to_bf16_rne.sv:64) |
                | G_BF16_PACK[10].u_pack/lt_64_I11 (raw16_to_bf16_rne.sv:64) |
                | G_BF16_PACK[10].u_pack/lt_64_I12 (raw16_to_bf16_rne.sv:64) |
                | G_BF16_PACK[10].u_pack/lt_64_I13 (raw16_to_bf16_rne.sv:64) |
                | G_BF16_PACK[10].u_pack/lt_64_I14 (raw16_to_bf16_rne.sv:64) |
                | G_BF16_PACK[10].u_pack/lt_64_I15 (raw16_to_bf16_rne.sv:64) |
                | G_BF16_PACK[10].u_pack/lt_64_I2 (raw16_to_bf16_rne.sv:64) |
==============================================================================

==============================================================================
|       |      | Data     |       |                                          |
| Var   | Type | Class    | Width | Expression                               |
==============================================================================
| I1    | PI   | Unsigned | 4     |                                          |
| T584  | IFO  | Signed   | 7     | O1 - $unsigned(1'b1) (raw16_to_bf16_rne.sv:64) |
| O1    | PO   | Signed   | 6     | I1 - $unsigned(3'b111) (raw16_to_bf16_rne.sv:59) |
| O2    | PO   | Signed   | 1     | $signed(1'b0) < T584 (raw16_to_bf16_rne.sv:64) |
| O3    | PO   | Signed   | 1     | $signed(3'b010) < T584 (raw16_to_bf16_rne.sv:64) |
| O4    | PO   | Signed   | 1     | $signed(3'b011) < T584 (raw16_to_bf16_rne.sv:64) |
| O5    | PO   | Signed   | 1     | $signed(4'b0100) < T584 (raw16_to_bf16_rne.sv:64) |
| O6    | PO   | Signed   | 1     | $signed(4'b0101) < T584 (raw16_to_bf16_rne.sv:64) |
| O7    | PO   | Signed   | 1     | $signed(4'b0110) < T584 (raw16_to_bf16_rne.sv:64) |
| O8    | PO   | Signed   | 1     | $signed(4'b0111) < T584 (raw16_to_bf16_rne.sv:64) |
| O9    | PO   | Signed   | 1     | $signed(5'b01000) < T584 (raw16_to_bf16_rne.sv:64) |
| O10   | PO   | Signed   | 1     | $signed(5'b01001) < T584 (raw16_to_bf16_rne.sv:64) |
| O11   | PO   | Signed   | 1     | $signed(5'b01010) < T584 (raw16_to_bf16_rne.sv:64) |
| O12   | PO   | Signed   | 1     | $signed(5'b01011) < T584 (raw16_to_bf16_rne.sv:64) |
| O13   | PO   | Signed   | 1     | $signed(5'b01100) < T584 (raw16_to_bf16_rne.sv:64) |
| O14   | PO   | Signed   | 1     | $signed(5'b01101) < T584 (raw16_to_bf16_rne.sv:64) |
| O15   | PO   | Signed   | 1     | $signed(5'b01110) < T584 (raw16_to_bf16_rne.sv:64) |
| O16   | PO   | Signed   | 1     | $signed(2'b01) < T584 (raw16_to_bf16_rne.sv:64) |
==============================================================================

Datapath Report for DP_OP_2132J1_144_531
==============================================================================
| Cell                 | Contained Operations                                |
==============================================================================
| DP_OP_2132J1_144_531 | G_BF16_PACK[9].u_pack/add_51 (raw16_to_bf16_rne.sv:51) |
                    | G_BF16_PACK[9].u_pack/gt_52 (raw16_to_bf16_rne.sv:52) |
                     | G_BF16_PACK[9].u_pack/lt_54 (raw16_to_bf16_rne.sv:54) |
                     | G_BF16_PACK[9].u_pack/add_70 (raw16_to_bf16_rne.sv:70) |
==============================================================================

==============================================================================
|       |      | Data     |       |                                          |
| Var   | Type | Class    | Width | Expression                               |
==============================================================================
| I1    | PI   | Signed   | 11    |                                          |
| I2    | PI   | Unsigned | 4     |                                          |
| O1    | PO   | Signed   | 12    | I1 + I2 (raw16_to_bf16_rne.sv:51)        |
| O2    | PO   | Signed   | 1     | O1 > $signed(8'b01111111) (raw16_to_bf16_rne.sv:52) |
| O3    | PO   | Signed   | 1     | O1 < $signed(8'b10000010) (raw16_to_bf16_rne.sv:54) |
| O4    | PO   | Signed   | 13    | O1 + $unsigned(1'b1) (raw16_to_bf16_rne.sv:70) |
==============================================================================

Datapath Report for DP_OP_2133J1_145_1483
==============================================================================
| Cell                 | Contained Operations                                |
==============================================================================
| DP_OP_2133J1_145_1483 | G_BF16_PACK[9].u_pack/sub_59 (raw16_to_bf16_rne.sv:59) |
                   | G_BF16_PACK[9].u_pack/sub_64 (raw16_to_bf16_rne.sv:64) |
                    | G_BF16_PACK[9].u_pack/sub_64_I2 (raw16_to_bf16_rne.sv:64) |
                 | G_BF16_PACK[9].u_pack/lt_64 (raw16_to_bf16_rne.sv:64) |
                     | G_BF16_PACK[9].u_pack/lt_64_I3 (raw16_to_bf16_rne.sv:64) |
                  | G_BF16_PACK[9].u_pack/lt_64_I4 (raw16_to_bf16_rne.sv:64) |
                  | G_BF16_PACK[9].u_pack/lt_64_I5 (raw16_to_bf16_rne.sv:64) |
                  | G_BF16_PACK[9].u_pack/lt_64_I6 (raw16_to_bf16_rne.sv:64) |
                  | G_BF16_PACK[9].u_pack/lt_64_I7 (raw16_to_bf16_rne.sv:64) |
                  | G_BF16_PACK[9].u_pack/lt_64_I8 (raw16_to_bf16_rne.sv:64) |
                  | G_BF16_PACK[9].u_pack/lt_64_I9 (raw16_to_bf16_rne.sv:64) |
                  | G_BF16_PACK[9].u_pack/lt_64_I10 (raw16_to_bf16_rne.sv:64) |
                 | G_BF16_PACK[9].u_pack/lt_64_I11 (raw16_to_bf16_rne.sv:64) |
                 | G_BF16_PACK[9].u_pack/lt_64_I12 (raw16_to_bf16_rne.sv:64) |
                 | G_BF16_PACK[9].u_pack/lt_64_I13 (raw16_to_bf16_rne.sv:64) |
                 | G_BF16_PACK[9].u_pack/lt_64_I14 (raw16_to_bf16_rne.sv:64) |
                 | G_BF16_PACK[9].u_pack/lt_64_I15 (raw16_to_bf16_rne.sv:64) |
                 | G_BF16_PACK[9].u_pack/lt_64_I2 (raw16_to_bf16_rne.sv:64) |
==============================================================================

==============================================================================
|       |      | Data     |       |                                          |
| Var   | Type | Class    | Width | Expression                               |
==============================================================================
| I1    | PI   | Unsigned | 4     |                                          |
| T660  | IFO  | Signed   | 7     | O1 - $unsigned(1'b1) (raw16_to_bf16_rne.sv:64) |
| O1    | PO   | Signed   | 6     | I1 - $unsigned(3'b111) (raw16_to_bf16_rne.sv:59) |
| O2    | PO   | Signed   | 1     | $signed(1'b0) < T660 (raw16_to_bf16_rne.sv:64) |
| O3    | PO   | Signed   | 1     | $signed(3'b010) < T660 (raw16_to_bf16_rne.sv:64) |
| O4    | PO   | Signed   | 1     | $signed(3'b011) < T660 (raw16_to_bf16_rne.sv:64) |
| O5    | PO   | Signed   | 1     | $signed(4'b0100) < T660 (raw16_to_bf16_rne.sv:64) |
| O6    | PO   | Signed   | 1     | $signed(4'b0101) < T660 (raw16_to_bf16_rne.sv:64) |
| O7    | PO   | Signed   | 1     | $signed(4'b0110) < T660 (raw16_to_bf16_rne.sv:64) |
| O8    | PO   | Signed   | 1     | $signed(4'b0111) < T660 (raw16_to_bf16_rne.sv:64) |
| O9    | PO   | Signed   | 1     | $signed(5'b01000) < T660 (raw16_to_bf16_rne.sv:64) |
| O10   | PO   | Signed   | 1     | $signed(5'b01001) < T660 (raw16_to_bf16_rne.sv:64) |
| O11   | PO   | Signed   | 1     | $signed(5'b01010) < T660 (raw16_to_bf16_rne.sv:64) |
| O12   | PO   | Signed   | 1     | $signed(5'b01011) < T660 (raw16_to_bf16_rne.sv:64) |
| O13   | PO   | Signed   | 1     | $signed(5'b01100) < T660 (raw16_to_bf16_rne.sv:64) |
| O14   | PO   | Signed   | 1     | $signed(5'b01101) < T660 (raw16_to_bf16_rne.sv:64) |
| O15   | PO   | Signed   | 1     | $signed(5'b01110) < T660 (raw16_to_bf16_rne.sv:64) |
| O16   | PO   | Signed   | 1     | $signed(2'b01) < T660 (raw16_to_bf16_rne.sv:64) |
==============================================================================

Datapath Report for DP_OP_2134J1_146_531
==============================================================================
| Cell                 | Contained Operations                                |
==============================================================================
| DP_OP_2134J1_146_531 | G_BF16_PACK[8].u_pack/add_51 (raw16_to_bf16_rne.sv:51) |
                    | G_BF16_PACK[8].u_pack/gt_52 (raw16_to_bf16_rne.sv:52) |
                     | G_BF16_PACK[8].u_pack/lt_54 (raw16_to_bf16_rne.sv:54) |
                     | G_BF16_PACK[8].u_pack/add_70 (raw16_to_bf16_rne.sv:70) |
==============================================================================

==============================================================================
|       |      | Data     |       |                                          |
| Var   | Type | Class    | Width | Expression                               |
==============================================================================
| I1    | PI   | Signed   | 11    |                                          |
| I2    | PI   | Unsigned | 4     |                                          |
| O1    | PO   | Signed   | 12    | I1 + I2 (raw16_to_bf16_rne.sv:51)        |
| O2    | PO   | Signed   | 1     | O1 > $signed(8'b01111111) (raw16_to_bf16_rne.sv:52) |
| O3    | PO   | Signed   | 1     | O1 < $signed(8'b10000010) (raw16_to_bf16_rne.sv:54) |
| O4    | PO   | Signed   | 13    | O1 + $unsigned(1'b1) (raw16_to_bf16_rne.sv:70) |
==============================================================================

Datapath Report for DP_OP_2135J1_147_1483
==============================================================================
| Cell                 | Contained Operations                                |
==============================================================================
| DP_OP_2135J1_147_1483 | G_BF16_PACK[8].u_pack/sub_59 (raw16_to_bf16_rne.sv:59) |
                   | G_BF16_PACK[8].u_pack/sub_64 (raw16_to_bf16_rne.sv:64) |
                    | G_BF16_PACK[8].u_pack/sub_64_I2 (raw16_to_bf16_rne.sv:64) |
                 | G_BF16_PACK[8].u_pack/lt_64 (raw16_to_bf16_rne.sv:64) |
                     | G_BF16_PACK[8].u_pack/lt_64_I3 (raw16_to_bf16_rne.sv:64) |
                  | G_BF16_PACK[8].u_pack/lt_64_I4 (raw16_to_bf16_rne.sv:64) |
                  | G_BF16_PACK[8].u_pack/lt_64_I5 (raw16_to_bf16_rne.sv:64) |
                  | G_BF16_PACK[8].u_pack/lt_64_I6 (raw16_to_bf16_rne.sv:64) |
                  | G_BF16_PACK[8].u_pack/lt_64_I7 (raw16_to_bf16_rne.sv:64) |
                  | G_BF16_PACK[8].u_pack/lt_64_I8 (raw16_to_bf16_rne.sv:64) |
                  | G_BF16_PACK[8].u_pack/lt_64_I9 (raw16_to_bf16_rne.sv:64) |
                  | G_BF16_PACK[8].u_pack/lt_64_I10 (raw16_to_bf16_rne.sv:64) |
                 | G_BF16_PACK[8].u_pack/lt_64_I11 (raw16_to_bf16_rne.sv:64) |
                 | G_BF16_PACK[8].u_pack/lt_64_I12 (raw16_to_bf16_rne.sv:64) |
                 | G_BF16_PACK[8].u_pack/lt_64_I13 (raw16_to_bf16_rne.sv:64) |
                 | G_BF16_PACK[8].u_pack/lt_64_I14 (raw16_to_bf16_rne.sv:64) |
                 | G_BF16_PACK[8].u_pack/lt_64_I15 (raw16_to_bf16_rne.sv:64) |
                 | G_BF16_PACK[8].u_pack/lt_64_I2 (raw16_to_bf16_rne.sv:64) |
==============================================================================

==============================================================================
|       |      | Data     |       |                                          |
| Var   | Type | Class    | Width | Expression                               |
==============================================================================
| I1    | PI   | Unsigned | 4     |                                          |
| T736  | IFO  | Signed   | 7     | O1 - $unsigned(1'b1) (raw16_to_bf16_rne.sv:64) |
| O1    | PO   | Signed   | 6     | I1 - $unsigned(3'b111) (raw16_to_bf16_rne.sv:59) |
| O2    | PO   | Signed   | 1     | $signed(1'b0) < T736 (raw16_to_bf16_rne.sv:64) |
| O3    | PO   | Signed   | 1     | $signed(3'b010) < T736 (raw16_to_bf16_rne.sv:64) |
| O4    | PO   | Signed   | 1     | $signed(3'b011) < T736 (raw16_to_bf16_rne.sv:64) |
| O5    | PO   | Signed   | 1     | $signed(4'b0100) < T736 (raw16_to_bf16_rne.sv:64) |
| O6    | PO   | Signed   | 1     | $signed(4'b0101) < T736 (raw16_to_bf16_rne.sv:64) |
| O7    | PO   | Signed   | 1     | $signed(4'b0110) < T736 (raw16_to_bf16_rne.sv:64) |
| O8    | PO   | Signed   | 1     | $signed(4'b0111) < T736 (raw16_to_bf16_rne.sv:64) |
| O9    | PO   | Signed   | 1     | $signed(5'b01000) < T736 (raw16_to_bf16_rne.sv:64) |
| O10   | PO   | Signed   | 1     | $signed(5'b01001) < T736 (raw16_to_bf16_rne.sv:64) |
| O11   | PO   | Signed   | 1     | $signed(5'b01010) < T736 (raw16_to_bf16_rne.sv:64) |
| O12   | PO   | Signed   | 1     | $signed(5'b01011) < T736 (raw16_to_bf16_rne.sv:64) |
| O13   | PO   | Signed   | 1     | $signed(5'b01100) < T736 (raw16_to_bf16_rne.sv:64) |
| O14   | PO   | Signed   | 1     | $signed(5'b01101) < T736 (raw16_to_bf16_rne.sv:64) |
| O15   | PO   | Signed   | 1     | $signed(5'b01110) < T736 (raw16_to_bf16_rne.sv:64) |
| O16   | PO   | Signed   | 1     | $signed(2'b01) < T736 (raw16_to_bf16_rne.sv:64) |
==============================================================================

Datapath Report for DP_OP_2136J1_148_531
==============================================================================
| Cell                 | Contained Operations                                |
==============================================================================
| DP_OP_2136J1_148_531 | G_BF16_PACK[7].u_pack/add_51 (raw16_to_bf16_rne.sv:51) |
                    | G_BF16_PACK[7].u_pack/gt_52 (raw16_to_bf16_rne.sv:52) |
                     | G_BF16_PACK[7].u_pack/lt_54 (raw16_to_bf16_rne.sv:54) |
                     | G_BF16_PACK[7].u_pack/add_70 (raw16_to_bf16_rne.sv:70) |
==============================================================================

==============================================================================
|       |      | Data     |       |                                          |
| Var   | Type | Class    | Width | Expression                               |
==============================================================================
| I1    | PI   | Signed   | 11    |                                          |
| I2    | PI   | Unsigned | 4     |                                          |
| O1    | PO   | Signed   | 12    | I1 + I2 (raw16_to_bf16_rne.sv:51)        |
| O2    | PO   | Signed   | 1     | O1 > $signed(8'b01111111) (raw16_to_bf16_rne.sv:52) |
| O3    | PO   | Signed   | 1     | O1 < $signed(8'b10000010) (raw16_to_bf16_rne.sv:54) |
| O4    | PO   | Signed   | 13    | O1 + $unsigned(1'b1) (raw16_to_bf16_rne.sv:70) |
==============================================================================

Datapath Report for DP_OP_2137J1_149_1483
==============================================================================
| Cell                 | Contained Operations                                |
==============================================================================
| DP_OP_2137J1_149_1483 | G_BF16_PACK[7].u_pack/sub_59 (raw16_to_bf16_rne.sv:59) |
                   | G_BF16_PACK[7].u_pack/sub_64 (raw16_to_bf16_rne.sv:64) |
                    | G_BF16_PACK[7].u_pack/sub_64_I2 (raw16_to_bf16_rne.sv:64) |
                 | G_BF16_PACK[7].u_pack/lt_64 (raw16_to_bf16_rne.sv:64) |
                     | G_BF16_PACK[7].u_pack/lt_64_I3 (raw16_to_bf16_rne.sv:64) |
                  | G_BF16_PACK[7].u_pack/lt_64_I4 (raw16_to_bf16_rne.sv:64) |
                  | G_BF16_PACK[7].u_pack/lt_64_I5 (raw16_to_bf16_rne.sv:64) |
                  | G_BF16_PACK[7].u_pack/lt_64_I6 (raw16_to_bf16_rne.sv:64) |
                  | G_BF16_PACK[7].u_pack/lt_64_I7 (raw16_to_bf16_rne.sv:64) |
                  | G_BF16_PACK[7].u_pack/lt_64_I8 (raw16_to_bf16_rne.sv:64) |
                  | G_BF16_PACK[7].u_pack/lt_64_I9 (raw16_to_bf16_rne.sv:64) |
                  | G_BF16_PACK[7].u_pack/lt_64_I10 (raw16_to_bf16_rne.sv:64) |
                 | G_BF16_PACK[7].u_pack/lt_64_I11 (raw16_to_bf16_rne.sv:64) |
                 | G_BF16_PACK[7].u_pack/lt_64_I12 (raw16_to_bf16_rne.sv:64) |
                 | G_BF16_PACK[7].u_pack/lt_64_I13 (raw16_to_bf16_rne.sv:64) |
                 | G_BF16_PACK[7].u_pack/lt_64_I14 (raw16_to_bf16_rne.sv:64) |
                 | G_BF16_PACK[7].u_pack/lt_64_I15 (raw16_to_bf16_rne.sv:64) |
                 | G_BF16_PACK[7].u_pack/lt_64_I2 (raw16_to_bf16_rne.sv:64) |
==============================================================================

==============================================================================
|       |      | Data     |       |                                          |
| Var   | Type | Class    | Width | Expression                               |
==============================================================================
| I1    | PI   | Unsigned | 4     |                                          |
| T812  | IFO  | Signed   | 7     | O1 - $unsigned(1'b1) (raw16_to_bf16_rne.sv:64) |
| O1    | PO   | Signed   | 6     | I1 - $unsigned(3'b111) (raw16_to_bf16_rne.sv:59) |
| O2    | PO   | Signed   | 1     | $signed(1'b0) < T812 (raw16_to_bf16_rne.sv:64) |
| O3    | PO   | Signed   | 1     | $signed(3'b010) < T812 (raw16_to_bf16_rne.sv:64) |
| O4    | PO   | Signed   | 1     | $signed(3'b011) < T812 (raw16_to_bf16_rne.sv:64) |
| O5    | PO   | Signed   | 1     | $signed(4'b0100) < T812 (raw16_to_bf16_rne.sv:64) |
| O6    | PO   | Signed   | 1     | $signed(4'b0101) < T812 (raw16_to_bf16_rne.sv:64) |
| O7    | PO   | Signed   | 1     | $signed(4'b0110) < T812 (raw16_to_bf16_rne.sv:64) |
| O8    | PO   | Signed   | 1     | $signed(4'b0111) < T812 (raw16_to_bf16_rne.sv:64) |
| O9    | PO   | Signed   | 1     | $signed(5'b01000) < T812 (raw16_to_bf16_rne.sv:64) |
| O10   | PO   | Signed   | 1     | $signed(5'b01001) < T812 (raw16_to_bf16_rne.sv:64) |
| O11   | PO   | Signed   | 1     | $signed(5'b01010) < T812 (raw16_to_bf16_rne.sv:64) |
| O12   | PO   | Signed   | 1     | $signed(5'b01011) < T812 (raw16_to_bf16_rne.sv:64) |
| O13   | PO   | Signed   | 1     | $signed(5'b01100) < T812 (raw16_to_bf16_rne.sv:64) |
| O14   | PO   | Signed   | 1     | $signed(5'b01101) < T812 (raw16_to_bf16_rne.sv:64) |
| O15   | PO   | Signed   | 1     | $signed(5'b01110) < T812 (raw16_to_bf16_rne.sv:64) |
| O16   | PO   | Signed   | 1     | $signed(2'b01) < T812 (raw16_to_bf16_rne.sv:64) |
==============================================================================

Datapath Report for DP_OP_2138J1_150_531
==============================================================================
| Cell                 | Contained Operations                                |
==============================================================================
| DP_OP_2138J1_150_531 | G_BF16_PACK[6].u_pack/add_51 (raw16_to_bf16_rne.sv:51) |
                    | G_BF16_PACK[6].u_pack/gt_52 (raw16_to_bf16_rne.sv:52) |
                     | G_BF16_PACK[6].u_pack/lt_54 (raw16_to_bf16_rne.sv:54) |
                     | G_BF16_PACK[6].u_pack/add_70 (raw16_to_bf16_rne.sv:70) |
==============================================================================

==============================================================================
|       |      | Data     |       |                                          |
| Var   | Type | Class    | Width | Expression                               |
==============================================================================
| I1    | PI   | Signed   | 11    |                                          |
| I2    | PI   | Unsigned | 4     |                                          |
| O1    | PO   | Signed   | 12    | I1 + I2 (raw16_to_bf16_rne.sv:51)        |
| O2    | PO   | Signed   | 1     | O1 > $signed(8'b01111111) (raw16_to_bf16_rne.sv:52) |
| O3    | PO   | Signed   | 1     | O1 < $signed(8'b10000010) (raw16_to_bf16_rne.sv:54) |
| O4    | PO   | Signed   | 13    | O1 + $unsigned(1'b1) (raw16_to_bf16_rne.sv:70) |
==============================================================================

Datapath Report for DP_OP_2139J1_151_1483
==============================================================================
| Cell                 | Contained Operations                                |
==============================================================================
| DP_OP_2139J1_151_1483 | G_BF16_PACK[6].u_pack/sub_59 (raw16_to_bf16_rne.sv:59) |
                   | G_BF16_PACK[6].u_pack/sub_64 (raw16_to_bf16_rne.sv:64) |
                    | G_BF16_PACK[6].u_pack/sub_64_I2 (raw16_to_bf16_rne.sv:64) |
                 | G_BF16_PACK[6].u_pack/lt_64 (raw16_to_bf16_rne.sv:64) |
                     | G_BF16_PACK[6].u_pack/lt_64_I3 (raw16_to_bf16_rne.sv:64) |
                  | G_BF16_PACK[6].u_pack/lt_64_I4 (raw16_to_bf16_rne.sv:64) |
                  | G_BF16_PACK[6].u_pack/lt_64_I5 (raw16_to_bf16_rne.sv:64) |
                  | G_BF16_PACK[6].u_pack/lt_64_I6 (raw16_to_bf16_rne.sv:64) |
                  | G_BF16_PACK[6].u_pack/lt_64_I7 (raw16_to_bf16_rne.sv:64) |
                  | G_BF16_PACK[6].u_pack/lt_64_I8 (raw16_to_bf16_rne.sv:64) |
                  | G_BF16_PACK[6].u_pack/lt_64_I9 (raw16_to_bf16_rne.sv:64) |
                  | G_BF16_PACK[6].u_pack/lt_64_I10 (raw16_to_bf16_rne.sv:64) |
                 | G_BF16_PACK[6].u_pack/lt_64_I11 (raw16_to_bf16_rne.sv:64) |
                 | G_BF16_PACK[6].u_pack/lt_64_I12 (raw16_to_bf16_rne.sv:64) |
                 | G_BF16_PACK[6].u_pack/lt_64_I13 (raw16_to_bf16_rne.sv:64) |
                 | G_BF16_PACK[6].u_pack/lt_64_I14 (raw16_to_bf16_rne.sv:64) |
                 | G_BF16_PACK[6].u_pack/lt_64_I15 (raw16_to_bf16_rne.sv:64) |
                 | G_BF16_PACK[6].u_pack/lt_64_I2 (raw16_to_bf16_rne.sv:64) |
==============================================================================

==============================================================================
|       |      | Data     |       |                                          |
| Var   | Type | Class    | Width | Expression                               |
==============================================================================
| I1    | PI   | Unsigned | 4     |                                          |
| T888  | IFO  | Signed   | 7     | O1 - $unsigned(1'b1) (raw16_to_bf16_rne.sv:64) |
| O1    | PO   | Signed   | 6     | I1 - $unsigned(3'b111) (raw16_to_bf16_rne.sv:59) |
| O2    | PO   | Signed   | 1     | $signed(1'b0) < T888 (raw16_to_bf16_rne.sv:64) |
| O3    | PO   | Signed   | 1     | $signed(3'b010) < T888 (raw16_to_bf16_rne.sv:64) |
| O4    | PO   | Signed   | 1     | $signed(3'b011) < T888 (raw16_to_bf16_rne.sv:64) |
| O5    | PO   | Signed   | 1     | $signed(4'b0100) < T888 (raw16_to_bf16_rne.sv:64) |
| O6    | PO   | Signed   | 1     | $signed(4'b0101) < T888 (raw16_to_bf16_rne.sv:64) |
| O7    | PO   | Signed   | 1     | $signed(4'b0110) < T888 (raw16_to_bf16_rne.sv:64) |
| O8    | PO   | Signed   | 1     | $signed(4'b0111) < T888 (raw16_to_bf16_rne.sv:64) |
| O9    | PO   | Signed   | 1     | $signed(5'b01000) < T888 (raw16_to_bf16_rne.sv:64) |
| O10   | PO   | Signed   | 1     | $signed(5'b01001) < T888 (raw16_to_bf16_rne.sv:64) |
| O11   | PO   | Signed   | 1     | $signed(5'b01010) < T888 (raw16_to_bf16_rne.sv:64) |
| O12   | PO   | Signed   | 1     | $signed(5'b01011) < T888 (raw16_to_bf16_rne.sv:64) |
| O13   | PO   | Signed   | 1     | $signed(5'b01100) < T888 (raw16_to_bf16_rne.sv:64) |
| O14   | PO   | Signed   | 1     | $signed(5'b01101) < T888 (raw16_to_bf16_rne.sv:64) |
| O15   | PO   | Signed   | 1     | $signed(5'b01110) < T888 (raw16_to_bf16_rne.sv:64) |
| O16   | PO   | Signed   | 1     | $signed(2'b01) < T888 (raw16_to_bf16_rne.sv:64) |
==============================================================================

Datapath Report for DP_OP_2140J1_152_531
==============================================================================
| Cell                 | Contained Operations                                |
==============================================================================
| DP_OP_2140J1_152_531 | G_BF16_PACK[5].u_pack/add_51 (raw16_to_bf16_rne.sv:51) |
                    | G_BF16_PACK[5].u_pack/gt_52 (raw16_to_bf16_rne.sv:52) |
                     | G_BF16_PACK[5].u_pack/lt_54 (raw16_to_bf16_rne.sv:54) |
                     | G_BF16_PACK[5].u_pack/add_70 (raw16_to_bf16_rne.sv:70) |
==============================================================================

==============================================================================
|       |      | Data     |       |                                          |
| Var   | Type | Class    | Width | Expression                               |
==============================================================================
| I1    | PI   | Signed   | 11    |                                          |
| I2    | PI   | Unsigned | 4     |                                          |
| O1    | PO   | Signed   | 12    | I1 + I2 (raw16_to_bf16_rne.sv:51)        |
| O2    | PO   | Signed   | 1     | O1 > $signed(8'b01111111) (raw16_to_bf16_rne.sv:52) |
| O3    | PO   | Signed   | 1     | O1 < $signed(8'b10000010) (raw16_to_bf16_rne.sv:54) |
| O4    | PO   | Signed   | 13    | O1 + $unsigned(1'b1) (raw16_to_bf16_rne.sv:70) |
==============================================================================

Datapath Report for DP_OP_2141J1_153_1483
==============================================================================
| Cell                 | Contained Operations                                |
==============================================================================
| DP_OP_2141J1_153_1483 | G_BF16_PACK[5].u_pack/sub_59 (raw16_to_bf16_rne.sv:59) |
                   | G_BF16_PACK[5].u_pack/sub_64 (raw16_to_bf16_rne.sv:64) |
                    | G_BF16_PACK[5].u_pack/sub_64_I2 (raw16_to_bf16_rne.sv:64) |
                 | G_BF16_PACK[5].u_pack/lt_64 (raw16_to_bf16_rne.sv:64) |
                     | G_BF16_PACK[5].u_pack/lt_64_I3 (raw16_to_bf16_rne.sv:64) |
                  | G_BF16_PACK[5].u_pack/lt_64_I4 (raw16_to_bf16_rne.sv:64) |
                  | G_BF16_PACK[5].u_pack/lt_64_I5 (raw16_to_bf16_rne.sv:64) |
                  | G_BF16_PACK[5].u_pack/lt_64_I6 (raw16_to_bf16_rne.sv:64) |
                  | G_BF16_PACK[5].u_pack/lt_64_I7 (raw16_to_bf16_rne.sv:64) |
                  | G_BF16_PACK[5].u_pack/lt_64_I8 (raw16_to_bf16_rne.sv:64) |
                  | G_BF16_PACK[5].u_pack/lt_64_I9 (raw16_to_bf16_rne.sv:64) |
                  | G_BF16_PACK[5].u_pack/lt_64_I10 (raw16_to_bf16_rne.sv:64) |
                 | G_BF16_PACK[5].u_pack/lt_64_I11 (raw16_to_bf16_rne.sv:64) |
                 | G_BF16_PACK[5].u_pack/lt_64_I12 (raw16_to_bf16_rne.sv:64) |
                 | G_BF16_PACK[5].u_pack/lt_64_I13 (raw16_to_bf16_rne.sv:64) |
                 | G_BF16_PACK[5].u_pack/lt_64_I14 (raw16_to_bf16_rne.sv:64) |
                 | G_BF16_PACK[5].u_pack/lt_64_I15 (raw16_to_bf16_rne.sv:64) |
                 | G_BF16_PACK[5].u_pack/lt_64_I2 (raw16_to_bf16_rne.sv:64) |
==============================================================================

==============================================================================
|       |      | Data     |       |                                          |
| Var   | Type | Class    | Width | Expression                               |
==============================================================================
| I1    | PI   | Unsigned | 4     |                                          |
| T964  | IFO  | Signed   | 7     | O1 - $unsigned(1'b1) (raw16_to_bf16_rne.sv:64) |
| O1    | PO   | Signed   | 6     | I1 - $unsigned(3'b111) (raw16_to_bf16_rne.sv:59) |
| O2    | PO   | Signed   | 1     | $signed(1'b0) < T964 (raw16_to_bf16_rne.sv:64) |
| O3    | PO   | Signed   | 1     | $signed(3'b010) < T964 (raw16_to_bf16_rne.sv:64) |
| O4    | PO   | Signed   | 1     | $signed(3'b011) < T964 (raw16_to_bf16_rne.sv:64) |
| O5    | PO   | Signed   | 1     | $signed(4'b0100) < T964 (raw16_to_bf16_rne.sv:64) |
| O6    | PO   | Signed   | 1     | $signed(4'b0101) < T964 (raw16_to_bf16_rne.sv:64) |
| O7    | PO   | Signed   | 1     | $signed(4'b0110) < T964 (raw16_to_bf16_rne.sv:64) |
| O8    | PO   | Signed   | 1     | $signed(4'b0111) < T964 (raw16_to_bf16_rne.sv:64) |
| O9    | PO   | Signed   | 1     | $signed(5'b01000) < T964 (raw16_to_bf16_rne.sv:64) |
| O10   | PO   | Signed   | 1     | $signed(5'b01001) < T964 (raw16_to_bf16_rne.sv:64) |
| O11   | PO   | Signed   | 1     | $signed(5'b01010) < T964 (raw16_to_bf16_rne.sv:64) |
| O12   | PO   | Signed   | 1     | $signed(5'b01011) < T964 (raw16_to_bf16_rne.sv:64) |
| O13   | PO   | Signed   | 1     | $signed(5'b01100) < T964 (raw16_to_bf16_rne.sv:64) |
| O14   | PO   | Signed   | 1     | $signed(5'b01101) < T964 (raw16_to_bf16_rne.sv:64) |
| O15   | PO   | Signed   | 1     | $signed(5'b01110) < T964 (raw16_to_bf16_rne.sv:64) |
| O16   | PO   | Signed   | 1     | $signed(2'b01) < T964 (raw16_to_bf16_rne.sv:64) |
==============================================================================

Datapath Report for DP_OP_2142J1_154_531
==============================================================================
| Cell                 | Contained Operations                                |
==============================================================================
| DP_OP_2142J1_154_531 | G_BF16_PACK[4].u_pack/add_51 (raw16_to_bf16_rne.sv:51) |
                    | G_BF16_PACK[4].u_pack/gt_52 (raw16_to_bf16_rne.sv:52) |
                     | G_BF16_PACK[4].u_pack/lt_54 (raw16_to_bf16_rne.sv:54) |
                     | G_BF16_PACK[4].u_pack/add_70 (raw16_to_bf16_rne.sv:70) |
==============================================================================

==============================================================================
|       |      | Data     |       |                                          |
| Var   | Type | Class    | Width | Expression                               |
==============================================================================
| I1    | PI   | Signed   | 11    |                                          |
| I2    | PI   | Unsigned | 4     |                                          |
| O1    | PO   | Signed   | 12    | I1 + I2 (raw16_to_bf16_rne.sv:51)        |
| O2    | PO   | Signed   | 1     | O1 > $signed(8'b01111111) (raw16_to_bf16_rne.sv:52) |
| O3    | PO   | Signed   | 1     | O1 < $signed(8'b10000010) (raw16_to_bf16_rne.sv:54) |
| O4    | PO   | Signed   | 13    | O1 + $unsigned(1'b1) (raw16_to_bf16_rne.sv:70) |
==============================================================================

Datapath Report for DP_OP_2143J1_155_1483
==============================================================================
| Cell                 | Contained Operations                                |
==============================================================================
| DP_OP_2143J1_155_1483 | G_BF16_PACK[4].u_pack/sub_59 (raw16_to_bf16_rne.sv:59) |
                   | G_BF16_PACK[4].u_pack/sub_64 (raw16_to_bf16_rne.sv:64) |
                    | G_BF16_PACK[4].u_pack/sub_64_I2 (raw16_to_bf16_rne.sv:64) |
                 | G_BF16_PACK[4].u_pack/lt_64 (raw16_to_bf16_rne.sv:64) |
                     | G_BF16_PACK[4].u_pack/lt_64_I3 (raw16_to_bf16_rne.sv:64) |
                  | G_BF16_PACK[4].u_pack/lt_64_I4 (raw16_to_bf16_rne.sv:64) |
                  | G_BF16_PACK[4].u_pack/lt_64_I5 (raw16_to_bf16_rne.sv:64) |
                  | G_BF16_PACK[4].u_pack/lt_64_I6 (raw16_to_bf16_rne.sv:64) |
                  | G_BF16_PACK[4].u_pack/lt_64_I7 (raw16_to_bf16_rne.sv:64) |
                  | G_BF16_PACK[4].u_pack/lt_64_I8 (raw16_to_bf16_rne.sv:64) |
                  | G_BF16_PACK[4].u_pack/lt_64_I9 (raw16_to_bf16_rne.sv:64) |
                  | G_BF16_PACK[4].u_pack/lt_64_I10 (raw16_to_bf16_rne.sv:64) |
                 | G_BF16_PACK[4].u_pack/lt_64_I11 (raw16_to_bf16_rne.sv:64) |
                 | G_BF16_PACK[4].u_pack/lt_64_I12 (raw16_to_bf16_rne.sv:64) |
                 | G_BF16_PACK[4].u_pack/lt_64_I13 (raw16_to_bf16_rne.sv:64) |
                 | G_BF16_PACK[4].u_pack/lt_64_I14 (raw16_to_bf16_rne.sv:64) |
                 | G_BF16_PACK[4].u_pack/lt_64_I15 (raw16_to_bf16_rne.sv:64) |
                 | G_BF16_PACK[4].u_pack/lt_64_I2 (raw16_to_bf16_rne.sv:64) |
==============================================================================

==============================================================================
|       |      | Data     |       |                                          |
| Var   | Type | Class    | Width | Expression                               |
==============================================================================
| I1    | PI   | Unsigned | 4     |                                          |
| T1040 | IFO  | Signed   | 7     | O1 - $unsigned(1'b1) (raw16_to_bf16_rne.sv:64) |
| O1    | PO   | Signed   | 6     | I1 - $unsigned(3'b111) (raw16_to_bf16_rne.sv:59) |
| O2    | PO   | Signed   | 1     | $signed(1'b0) < T1040 (raw16_to_bf16_rne.sv:64) |
| O3    | PO   | Signed   | 1     | $signed(3'b010) < T1040 (raw16_to_bf16_rne.sv:64) |
| O4    | PO   | Signed   | 1     | $signed(3'b011) < T1040 (raw16_to_bf16_rne.sv:64) |
| O5    | PO   | Signed   | 1     | $signed(4'b0100) < T1040 (raw16_to_bf16_rne.sv:64) |
| O6    | PO   | Signed   | 1     | $signed(4'b0101) < T1040 (raw16_to_bf16_rne.sv:64) |
| O7    | PO   | Signed   | 1     | $signed(4'b0110) < T1040 (raw16_to_bf16_rne.sv:64) |
| O8    | PO   | Signed   | 1     | $signed(4'b0111) < T1040 (raw16_to_bf16_rne.sv:64) |
| O9    | PO   | Signed   | 1     | $signed(5'b01000) < T1040 (raw16_to_bf16_rne.sv:64) |
| O10   | PO   | Signed   | 1     | $signed(5'b01001) < T1040 (raw16_to_bf16_rne.sv:64) |
| O11   | PO   | Signed   | 1     | $signed(5'b01010) < T1040 (raw16_to_bf16_rne.sv:64) |
| O12   | PO   | Signed   | 1     | $signed(5'b01011) < T1040 (raw16_to_bf16_rne.sv:64) |
| O13   | PO   | Signed   | 1     | $signed(5'b01100) < T1040 (raw16_to_bf16_rne.sv:64) |
| O14   | PO   | Signed   | 1     | $signed(5'b01101) < T1040 (raw16_to_bf16_rne.sv:64) |
| O15   | PO   | Signed   | 1     | $signed(5'b01110) < T1040 (raw16_to_bf16_rne.sv:64) |
| O16   | PO   | Signed   | 1     | $signed(2'b01) < T1040 (raw16_to_bf16_rne.sv:64) |
==============================================================================

Datapath Report for DP_OP_2144J1_156_531
==============================================================================
| Cell                 | Contained Operations                                |
==============================================================================
| DP_OP_2144J1_156_531 | G_BF16_PACK[3].u_pack/add_51 (raw16_to_bf16_rne.sv:51) |
                    | G_BF16_PACK[3].u_pack/gt_52 (raw16_to_bf16_rne.sv:52) |
                     | G_BF16_PACK[3].u_pack/lt_54 (raw16_to_bf16_rne.sv:54) |
                     | G_BF16_PACK[3].u_pack/add_70 (raw16_to_bf16_rne.sv:70) |
==============================================================================

==============================================================================
|       |      | Data     |       |                                          |
| Var   | Type | Class    | Width | Expression                               |
==============================================================================
| I1    | PI   | Signed   | 11    |                                          |
| I2    | PI   | Unsigned | 4     |                                          |
| O1    | PO   | Signed   | 12    | I1 + I2 (raw16_to_bf16_rne.sv:51)        |
| O2    | PO   | Signed   | 1     | O1 > $signed(8'b01111111) (raw16_to_bf16_rne.sv:52) |
| O3    | PO   | Signed   | 1     | O1 < $signed(8'b10000010) (raw16_to_bf16_rne.sv:54) |
| O4    | PO   | Signed   | 13    | O1 + $unsigned(1'b1) (raw16_to_bf16_rne.sv:70) |
==============================================================================

Datapath Report for DP_OP_2145J1_157_1483
==============================================================================
| Cell                 | Contained Operations                                |
==============================================================================
| DP_OP_2145J1_157_1483 | G_BF16_PACK[3].u_pack/sub_59 (raw16_to_bf16_rne.sv:59) |
                   | G_BF16_PACK[3].u_pack/sub_64 (raw16_to_bf16_rne.sv:64) |
                    | G_BF16_PACK[3].u_pack/sub_64_I2 (raw16_to_bf16_rne.sv:64) |
                 | G_BF16_PACK[3].u_pack/lt_64 (raw16_to_bf16_rne.sv:64) |
                     | G_BF16_PACK[3].u_pack/lt_64_I3 (raw16_to_bf16_rne.sv:64) |
                  | G_BF16_PACK[3].u_pack/lt_64_I4 (raw16_to_bf16_rne.sv:64) |
                  | G_BF16_PACK[3].u_pack/lt_64_I5 (raw16_to_bf16_rne.sv:64) |
                  | G_BF16_PACK[3].u_pack/lt_64_I6 (raw16_to_bf16_rne.sv:64) |
                  | G_BF16_PACK[3].u_pack/lt_64_I7 (raw16_to_bf16_rne.sv:64) |
                  | G_BF16_PACK[3].u_pack/lt_64_I8 (raw16_to_bf16_rne.sv:64) |
                  | G_BF16_PACK[3].u_pack/lt_64_I9 (raw16_to_bf16_rne.sv:64) |
                  | G_BF16_PACK[3].u_pack/lt_64_I10 (raw16_to_bf16_rne.sv:64) |
                 | G_BF16_PACK[3].u_pack/lt_64_I11 (raw16_to_bf16_rne.sv:64) |
                 | G_BF16_PACK[3].u_pack/lt_64_I12 (raw16_to_bf16_rne.sv:64) |
                 | G_BF16_PACK[3].u_pack/lt_64_I13 (raw16_to_bf16_rne.sv:64) |
                 | G_BF16_PACK[3].u_pack/lt_64_I14 (raw16_to_bf16_rne.sv:64) |
                 | G_BF16_PACK[3].u_pack/lt_64_I15 (raw16_to_bf16_rne.sv:64) |
                 | G_BF16_PACK[3].u_pack/lt_64_I2 (raw16_to_bf16_rne.sv:64) |
==============================================================================

==============================================================================
|       |      | Data     |       |                                          |
| Var   | Type | Class    | Width | Expression                               |
==============================================================================
| I1    | PI   | Unsigned | 4     |                                          |
| T1116 | IFO  | Signed   | 7     | O1 - $unsigned(1'b1) (raw16_to_bf16_rne.sv:64) |
| O1    | PO   | Signed   | 6     | I1 - $unsigned(3'b111) (raw16_to_bf16_rne.sv:59) |
| O2    | PO   | Signed   | 1     | $signed(1'b0) < T1116 (raw16_to_bf16_rne.sv:64) |
| O3    | PO   | Signed   | 1     | $signed(3'b010) < T1116 (raw16_to_bf16_rne.sv:64) |
| O4    | PO   | Signed   | 1     | $signed(3'b011) < T1116 (raw16_to_bf16_rne.sv:64) |
| O5    | PO   | Signed   | 1     | $signed(4'b0100) < T1116 (raw16_to_bf16_rne.sv:64) |
| O6    | PO   | Signed   | 1     | $signed(4'b0101) < T1116 (raw16_to_bf16_rne.sv:64) |
| O7    | PO   | Signed   | 1     | $signed(4'b0110) < T1116 (raw16_to_bf16_rne.sv:64) |
| O8    | PO   | Signed   | 1     | $signed(4'b0111) < T1116 (raw16_to_bf16_rne.sv:64) |
| O9    | PO   | Signed   | 1     | $signed(5'b01000) < T1116 (raw16_to_bf16_rne.sv:64) |
| O10   | PO   | Signed   | 1     | $signed(5'b01001) < T1116 (raw16_to_bf16_rne.sv:64) |
| O11   | PO   | Signed   | 1     | $signed(5'b01010) < T1116 (raw16_to_bf16_rne.sv:64) |
| O12   | PO   | Signed   | 1     | $signed(5'b01011) < T1116 (raw16_to_bf16_rne.sv:64) |
| O13   | PO   | Signed   | 1     | $signed(5'b01100) < T1116 (raw16_to_bf16_rne.sv:64) |
| O14   | PO   | Signed   | 1     | $signed(5'b01101) < T1116 (raw16_to_bf16_rne.sv:64) |
| O15   | PO   | Signed   | 1     | $signed(5'b01110) < T1116 (raw16_to_bf16_rne.sv:64) |
| O16   | PO   | Signed   | 1     | $signed(2'b01) < T1116 (raw16_to_bf16_rne.sv:64) |
==============================================================================

Datapath Report for DP_OP_2146J1_158_531
==============================================================================
| Cell                 | Contained Operations                                |
==============================================================================
| DP_OP_2146J1_158_531 | G_BF16_PACK[2].u_pack/add_51 (raw16_to_bf16_rne.sv:51) |
                    | G_BF16_PACK[2].u_pack/gt_52 (raw16_to_bf16_rne.sv:52) |
                     | G_BF16_PACK[2].u_pack/lt_54 (raw16_to_bf16_rne.sv:54) |
                     | G_BF16_PACK[2].u_pack/add_70 (raw16_to_bf16_rne.sv:70) |
==============================================================================

==============================================================================
|       |      | Data     |       |                                          |
| Var   | Type | Class    | Width | Expression                               |
==============================================================================
| I1    | PI   | Signed   | 11    |                                          |
| I2    | PI   | Unsigned | 4     |                                          |
| O1    | PO   | Signed   | 12    | I1 + I2 (raw16_to_bf16_rne.sv:51)        |
| O2    | PO   | Signed   | 1     | O1 > $signed(8'b01111111) (raw16_to_bf16_rne.sv:52) |
| O3    | PO   | Signed   | 1     | O1 < $signed(8'b10000010) (raw16_to_bf16_rne.sv:54) |
| O4    | PO   | Signed   | 13    | O1 + $unsigned(1'b1) (raw16_to_bf16_rne.sv:70) |
==============================================================================

Datapath Report for DP_OP_2147J1_159_1483
==============================================================================
| Cell                 | Contained Operations                                |
==============================================================================
| DP_OP_2147J1_159_1483 | G_BF16_PACK[2].u_pack/sub_59 (raw16_to_bf16_rne.sv:59) |
                   | G_BF16_PACK[2].u_pack/sub_64 (raw16_to_bf16_rne.sv:64) |
                    | G_BF16_PACK[2].u_pack/sub_64_I2 (raw16_to_bf16_rne.sv:64) |
                 | G_BF16_PACK[2].u_pack/lt_64 (raw16_to_bf16_rne.sv:64) |
                     | G_BF16_PACK[2].u_pack/lt_64_I3 (raw16_to_bf16_rne.sv:64) |
                  | G_BF16_PACK[2].u_pack/lt_64_I4 (raw16_to_bf16_rne.sv:64) |
                  | G_BF16_PACK[2].u_pack/lt_64_I5 (raw16_to_bf16_rne.sv:64) |
                  | G_BF16_PACK[2].u_pack/lt_64_I6 (raw16_to_bf16_rne.sv:64) |
                  | G_BF16_PACK[2].u_pack/lt_64_I7 (raw16_to_bf16_rne.sv:64) |
                  | G_BF16_PACK[2].u_pack/lt_64_I8 (raw16_to_bf16_rne.sv:64) |
                  | G_BF16_PACK[2].u_pack/lt_64_I9 (raw16_to_bf16_rne.sv:64) |
                  | G_BF16_PACK[2].u_pack/lt_64_I10 (raw16_to_bf16_rne.sv:64) |
                 | G_BF16_PACK[2].u_pack/lt_64_I11 (raw16_to_bf16_rne.sv:64) |
                 | G_BF16_PACK[2].u_pack/lt_64_I12 (raw16_to_bf16_rne.sv:64) |
                 | G_BF16_PACK[2].u_pack/lt_64_I13 (raw16_to_bf16_rne.sv:64) |
                 | G_BF16_PACK[2].u_pack/lt_64_I14 (raw16_to_bf16_rne.sv:64) |
                 | G_BF16_PACK[2].u_pack/lt_64_I15 (raw16_to_bf16_rne.sv:64) |
                 | G_BF16_PACK[2].u_pack/lt_64_I2 (raw16_to_bf16_rne.sv:64) |
==============================================================================

==============================================================================
|       |      | Data     |       |                                          |
| Var   | Type | Class    | Width | Expression                               |
==============================================================================
| I1    | PI   | Unsigned | 4     |                                          |
| T1192 | IFO  | Signed   | 7     | O1 - $unsigned(1'b1) (raw16_to_bf16_rne.sv:64) |
| O1    | PO   | Signed   | 6     | I1 - $unsigned(3'b111) (raw16_to_bf16_rne.sv:59) |
| O2    | PO   | Signed   | 1     | $signed(1'b0) < T1192 (raw16_to_bf16_rne.sv:64) |
| O3    | PO   | Signed   | 1     | $signed(3'b010) < T1192 (raw16_to_bf16_rne.sv:64) |
| O4    | PO   | Signed   | 1     | $signed(3'b011) < T1192 (raw16_to_bf16_rne.sv:64) |
| O5    | PO   | Signed   | 1     | $signed(4'b0100) < T1192 (raw16_to_bf16_rne.sv:64) |
| O6    | PO   | Signed   | 1     | $signed(4'b0101) < T1192 (raw16_to_bf16_rne.sv:64) |
| O7    | PO   | Signed   | 1     | $signed(4'b0110) < T1192 (raw16_to_bf16_rne.sv:64) |
| O8    | PO   | Signed   | 1     | $signed(4'b0111) < T1192 (raw16_to_bf16_rne.sv:64) |
| O9    | PO   | Signed   | 1     | $signed(5'b01000) < T1192 (raw16_to_bf16_rne.sv:64) |
| O10   | PO   | Signed   | 1     | $signed(5'b01001) < T1192 (raw16_to_bf16_rne.sv:64) |
| O11   | PO   | Signed   | 1     | $signed(5'b01010) < T1192 (raw16_to_bf16_rne.sv:64) |
| O12   | PO   | Signed   | 1     | $signed(5'b01011) < T1192 (raw16_to_bf16_rne.sv:64) |
| O13   | PO   | Signed   | 1     | $signed(5'b01100) < T1192 (raw16_to_bf16_rne.sv:64) |
| O14   | PO   | Signed   | 1     | $signed(5'b01101) < T1192 (raw16_to_bf16_rne.sv:64) |
| O15   | PO   | Signed   | 1     | $signed(5'b01110) < T1192 (raw16_to_bf16_rne.sv:64) |
| O16   | PO   | Signed   | 1     | $signed(2'b01) < T1192 (raw16_to_bf16_rne.sv:64) |
==============================================================================

Datapath Report for DP_OP_2148J1_160_531
==============================================================================
| Cell                 | Contained Operations                                |
==============================================================================
| DP_OP_2148J1_160_531 | G_BF16_PACK[1].u_pack/add_51 (raw16_to_bf16_rne.sv:51) |
                    | G_BF16_PACK[1].u_pack/gt_52 (raw16_to_bf16_rne.sv:52) |
                     | G_BF16_PACK[1].u_pack/lt_54 (raw16_to_bf16_rne.sv:54) |
                     | G_BF16_PACK[1].u_pack/add_70 (raw16_to_bf16_rne.sv:70) |
==============================================================================

==============================================================================
|       |      | Data     |       |                                          |
| Var   | Type | Class    | Width | Expression                               |
==============================================================================
| I1    | PI   | Signed   | 11    |                                          |
| I2    | PI   | Unsigned | 4     |                                          |
| O1    | PO   | Signed   | 12    | I1 + I2 (raw16_to_bf16_rne.sv:51)        |
| O2    | PO   | Signed   | 1     | O1 > $signed(8'b01111111) (raw16_to_bf16_rne.sv:52) |
| O3    | PO   | Signed   | 1     | O1 < $signed(8'b10000010) (raw16_to_bf16_rne.sv:54) |
| O4    | PO   | Signed   | 13    | O1 + $unsigned(1'b1) (raw16_to_bf16_rne.sv:70) |
==============================================================================

Datapath Report for DP_OP_2149J1_161_1483
==============================================================================
| Cell                 | Contained Operations                                |
==============================================================================
| DP_OP_2149J1_161_1483 | G_BF16_PACK[1].u_pack/sub_59 (raw16_to_bf16_rne.sv:59) |
                   | G_BF16_PACK[1].u_pack/sub_64 (raw16_to_bf16_rne.sv:64) |
                    | G_BF16_PACK[1].u_pack/sub_64_I2 (raw16_to_bf16_rne.sv:64) |
                 | G_BF16_PACK[1].u_pack/lt_64 (raw16_to_bf16_rne.sv:64) |
                     | G_BF16_PACK[1].u_pack/lt_64_I3 (raw16_to_bf16_rne.sv:64) |
                  | G_BF16_PACK[1].u_pack/lt_64_I4 (raw16_to_bf16_rne.sv:64) |
                  | G_BF16_PACK[1].u_pack/lt_64_I5 (raw16_to_bf16_rne.sv:64) |
                  | G_BF16_PACK[1].u_pack/lt_64_I6 (raw16_to_bf16_rne.sv:64) |
                  | G_BF16_PACK[1].u_pack/lt_64_I7 (raw16_to_bf16_rne.sv:64) |
                  | G_BF16_PACK[1].u_pack/lt_64_I8 (raw16_to_bf16_rne.sv:64) |
                  | G_BF16_PACK[1].u_pack/lt_64_I9 (raw16_to_bf16_rne.sv:64) |
                  | G_BF16_PACK[1].u_pack/lt_64_I10 (raw16_to_bf16_rne.sv:64) |
                 | G_BF16_PACK[1].u_pack/lt_64_I11 (raw16_to_bf16_rne.sv:64) |
                 | G_BF16_PACK[1].u_pack/lt_64_I12 (raw16_to_bf16_rne.sv:64) |
                 | G_BF16_PACK[1].u_pack/lt_64_I13 (raw16_to_bf16_rne.sv:64) |
                 | G_BF16_PACK[1].u_pack/lt_64_I14 (raw16_to_bf16_rne.sv:64) |
                 | G_BF16_PACK[1].u_pack/lt_64_I15 (raw16_to_bf16_rne.sv:64) |
                 | G_BF16_PACK[1].u_pack/lt_64_I2 (raw16_to_bf16_rne.sv:64) |
==============================================================================

==============================================================================
|       |      | Data     |       |                                          |
| Var   | Type | Class    | Width | Expression                               |
==============================================================================
| I1    | PI   | Unsigned | 4     |                                          |
| T1268 | IFO  | Signed   | 7     | O1 - $unsigned(1'b1) (raw16_to_bf16_rne.sv:64) |
| O1    | PO   | Signed   | 6     | I1 - $unsigned(3'b111) (raw16_to_bf16_rne.sv:59) |
| O2    | PO   | Signed   | 1     | $signed(1'b0) < T1268 (raw16_to_bf16_rne.sv:64) |
| O3    | PO   | Signed   | 1     | $signed(3'b010) < T1268 (raw16_to_bf16_rne.sv:64) |
| O4    | PO   | Signed   | 1     | $signed(3'b011) < T1268 (raw16_to_bf16_rne.sv:64) |
| O5    | PO   | Signed   | 1     | $signed(4'b0100) < T1268 (raw16_to_bf16_rne.sv:64) |
| O6    | PO   | Signed   | 1     | $signed(4'b0101) < T1268 (raw16_to_bf16_rne.sv:64) |
| O7    | PO   | Signed   | 1     | $signed(4'b0110) < T1268 (raw16_to_bf16_rne.sv:64) |
| O8    | PO   | Signed   | 1     | $signed(4'b0111) < T1268 (raw16_to_bf16_rne.sv:64) |
| O9    | PO   | Signed   | 1     | $signed(5'b01000) < T1268 (raw16_to_bf16_rne.sv:64) |
| O10   | PO   | Signed   | 1     | $signed(5'b01001) < T1268 (raw16_to_bf16_rne.sv:64) |
| O11   | PO   | Signed   | 1     | $signed(5'b01010) < T1268 (raw16_to_bf16_rne.sv:64) |
| O12   | PO   | Signed   | 1     | $signed(5'b01011) < T1268 (raw16_to_bf16_rne.sv:64) |
| O13   | PO   | Signed   | 1     | $signed(5'b01100) < T1268 (raw16_to_bf16_rne.sv:64) |
| O14   | PO   | Signed   | 1     | $signed(5'b01101) < T1268 (raw16_to_bf16_rne.sv:64) |
| O15   | PO   | Signed   | 1     | $signed(5'b01110) < T1268 (raw16_to_bf16_rne.sv:64) |
| O16   | PO   | Signed   | 1     | $signed(2'b01) < T1268 (raw16_to_bf16_rne.sv:64) |
==============================================================================


Datapath Extraction Report

Information: Operator associated with resources 'add_320_2 (fusion_mul16_v2_product_pipe.sv:320) add_320_4 (fusion_mul16_v2_product_pipe.sv:320) add_320_6 (fusion_mul16_v2_product_pipe.sv:320)' in design 'fusion_mul16_v2_product_pipe_1_0_1_0_0_0' breaks the datapath extraction because there is leakage due to truncation on its fanout to operator of resources 'sub_108_C324_rn (fusion_mul16_v2_pkg.sv:108)'.  (HDL-120)

Information: Operator associated with resources 'add_320_2_I2 (fusion_mul16_v2_product_pipe.sv:320) add_320_4_I2 (fusion_mul16_v2_product_pipe.sv:320) add_320_6_I2 (fusion_mul16_v2_product_pipe.sv:320)' in design 'fusion_mul16_v2_product_pipe_1_0_1_0_0_0' breaks the datapath extraction because there is leakage due to truncation on its fanout to operator of resources 'sub_108_C324_I2_rn (fusion_mul16_v2_pkg.sv:108)'.  (HDL-120)

Information: Operator associated with resources 'add_320_2_I3 (fusion_mul16_v2_product_pipe.sv:320) add_320_4_I3 (fusion_mul16_v2_product_pipe.sv:320) add_320_6_I3 (fusion_mul16_v2_product_pipe.sv:320)' in design 'fusion_mul16_v2_product_pipe_1_0_1_0_0_0' breaks the datapath extraction because there is leakage due to truncation on its fanout to operator of resources 'sub_108_C324_I3_rn (fusion_mul16_v2_pkg.sv:108)'.  (HDL-120)

Information: Operator associated with resources 'add_320_2_I4 (fusion_mul16_v2_product_pipe.sv:320) add_320_4_I4 (fusion_mul16_v2_product_pipe.sv:320) add_320_6_I4 (fusion_mul16_v2_product_pipe.sv:320)' in design 'fusion_mul16_v2_product_pipe_1_0_1_0_0_0' breaks the datapath extraction because there is leakage due to truncation on its fanout to operator of resources 'sub_108_C324_I4_rn (fusion_mul16_v2_pkg.sv:108)'.  (HDL-120)

Information: Operator associated with resources 'G_BF16_PACK[0].u_pack/add_67 (raw16_to_bf16_rne.sv:67)' in design 'fusion_mul16_v2_product_pipe_1_0_1_0_0_0' breaks the datapath extraction because there is leakage due to truncation on the fanout of its driver 'G_BF16_PACK[0].u_pack/srl_60 (raw16_to_bf16_rne.sv:60)'.  (HDL-120)

Information: Operator associated with resources 'G_BF16_PACK[15].u_pack/add_67 (raw16_to_bf16_rne.sv:67)' in design 'fusion_mul16_v2_product_pipe_1_0_1_0_0_0' breaks the datapath extraction because there is leakage due to truncation on the fanout of its driver 'G_BF16_PACK[15].u_pack/srl_60 (raw16_to_bf16_rne.sv:60)'.  (HDL-120)

Information: Operator associated with resources 'G_BF16_PACK[14].u_pack/add_67 (raw16_to_bf16_rne.sv:67)' in design 'fusion_mul16_v2_product_pipe_1_0_1_0_0_0' breaks the datapath extraction because there is leakage due to truncation on the fanout of its driver 'G_BF16_PACK[14].u_pack/srl_60 (raw16_to_bf16_rne.sv:60)'.  (HDL-120)

Information: Operator associated with resources 'G_BF16_PACK[13].u_pack/add_67 (raw16_to_bf16_rne.sv:67)' in design 'fusion_mul16_v2_product_pipe_1_0_1_0_0_0' breaks the datapath extraction because there is leakage due to truncation on the fanout of its driver 'G_BF16_PACK[13].u_pack/srl_60 (raw16_to_bf16_rne.sv:60)'.  (HDL-120)

Information: Operator associated with resources 'G_BF16_PACK[12].u_pack/add_67 (raw16_to_bf16_rne.sv:67)' in design 'fusion_mul16_v2_product_pipe_1_0_1_0_0_0' breaks the datapath extraction because there is leakage due to truncation on the fanout of its driver 'G_BF16_PACK[12].u_pack/srl_60 (raw16_to_bf16_rne.sv:60)'.  (HDL-120)

Information: Operator associated with resources 'G_BF16_PACK[11].u_pack/add_67 (raw16_to_bf16_rne.sv:67)' in design 'fusion_mul16_v2_product_pipe_1_0_1_0_0_0' breaks the datapath extraction because there is leakage due to truncation on the fanout of its driver 'G_BF16_PACK[11].u_pack/srl_60 (raw16_to_bf16_rne.sv:60)'.  (HDL-120)

Information: Operator associated with resources 'G_BF16_PACK[10].u_pack/add_67 (raw16_to_bf16_rne.sv:67)' in design 'fusion_mul16_v2_product_pipe_1_0_1_0_0_0' breaks the datapath extraction because there is leakage due to truncation on the fanout of its driver 'G_BF16_PACK[10].u_pack/srl_60 (raw16_to_bf16_rne.sv:60)'.  (HDL-120)

Information: Operator associated with resources 'G_BF16_PACK[9].u_pack/add_67 (raw16_to_bf16_rne.sv:67)' in design 'fusion_mul16_v2_product_pipe_1_0_1_0_0_0' breaks the datapath extraction because there is leakage due to truncation on the fanout of its driver 'G_BF16_PACK[9].u_pack/srl_60 (raw16_to_bf16_rne.sv:60)'.  (HDL-120)

Information: Operator associated with resources 'G_BF16_PACK[8].u_pack/add_67 (raw16_to_bf16_rne.sv:67)' in design 'fusion_mul16_v2_product_pipe_1_0_1_0_0_0' breaks the datapath extraction because there is leakage due to truncation on the fanout of its driver 'G_BF16_PACK[8].u_pack/srl_60 (raw16_to_bf16_rne.sv:60)'.  (HDL-120)

Information: Operator associated with resources 'G_BF16_PACK[7].u_pack/add_67 (raw16_to_bf16_rne.sv:67)' in design 'fusion_mul16_v2_product_pipe_1_0_1_0_0_0' breaks the datapath extraction because there is leakage due to truncation on the fanout of its driver 'G_BF16_PACK[7].u_pack/srl_60 (raw16_to_bf16_rne.sv:60)'.  (HDL-120)

Information: Operator associated with resources 'G_BF16_PACK[6].u_pack/add_67 (raw16_to_bf16_rne.sv:67)' in design 'fusion_mul16_v2_product_pipe_1_0_1_0_0_0' breaks the datapath extraction because there is leakage due to truncation on the fanout of its driver 'G_BF16_PACK[6].u_pack/srl_60 (raw16_to_bf16_rne.sv:60)'.  (HDL-120)

Information: Operator associated with resources 'G_BF16_PACK[5].u_pack/add_67 (raw16_to_bf16_rne.sv:67)' in design 'fusion_mul16_v2_product_pipe_1_0_1_0_0_0' breaks the datapath extraction because there is leakage due to truncation on the fanout of its driver 'G_BF16_PACK[5].u_pack/srl_60 (raw16_to_bf16_rne.sv:60)'.  (HDL-120)

Information: Operator associated with resources 'G_BF16_PACK[4].u_pack/add_67 (raw16_to_bf16_rne.sv:67)' in design 'fusion_mul16_v2_product_pipe_1_0_1_0_0_0' breaks the datapath extraction because there is leakage due to truncation on the fanout of its driver 'G_BF16_PACK[4].u_pack/srl_60 (raw16_to_bf16_rne.sv:60)'.  (HDL-120)

Information: Operator associated with resources 'G_BF16_PACK[3].u_pack/add_67 (raw16_to_bf16_rne.sv:67)' in design 'fusion_mul16_v2_product_pipe_1_0_1_0_0_0' breaks the datapath extraction because there is leakage due to truncation on the fanout of its driver 'G_BF16_PACK[3].u_pack/srl_60 (raw16_to_bf16_rne.sv:60)'.  (HDL-120)

Information: Operator associated with resources 'G_BF16_PACK[2].u_pack/add_67 (raw16_to_bf16_rne.sv:67)' in design 'fusion_mul16_v2_product_pipe_1_0_1_0_0_0' breaks the datapath extraction because there is leakage due to truncation on the fanout of its driver 'G_BF16_PACK[2].u_pack/srl_60 (raw16_to_bf16_rne.sv:60)'.  (HDL-120)

Information: Operator associated with resources 'G_BF16_PACK[1].u_pack/add_67 (raw16_to_bf16_rne.sv:67)' in design 'fusion_mul16_v2_product_pipe_1_0_1_0_0_0' breaks the datapath extraction because there is leakage due to truncation on the fanout of its driver 'G_BF16_PACK[1].u_pack/srl_60 (raw16_to_bf16_rne.sv:60)'.  (HDL-120)


Implementation Report
===============================================================================
|                    |                  | Current            | Set            |
| Cell               | Module           | Implementation     | Implementation |
===============================================================================
| sub_x_1            | DW01_sub         | apparch (area)     |                |
| sub_x_2            | DW01_sub         | apparch (area)     |                |
| sub_x_3            | DW01_sub         | apparch (area)     |                |
| sub_x_4            | DW01_sub         | apparch (area)     |                |
| sub_x_5            | DW01_sub         | apparch (area)     |                |
| sub_x_6            | DW01_sub         | apparch (area)     |                |
| sub_x_7            | DW01_sub         | apparch (area)     |                |
| sub_x_8            | DW01_sub         | apparch (area)     |                |
| sub_x_9            | DW01_sub         | apparch (area)     |                |
| sub_x_10           | DW01_sub         | apparch (area)     |                |
| sub_x_11           | DW01_sub         | apparch (area)     |                |
| sub_x_12           | DW01_sub         | apparch (area)     |                |
| sub_x_13           | DW01_sub         | apparch (area)     |                |
| sub_x_14           | DW01_sub         | apparch (area)     |                |
| sub_x_15           | DW01_sub         | apparch (area)     |                |
| sub_x_16           | DW01_sub         | apparch (area)     |                |
| sub_x_17           | DW01_sub         | apparch (area)     |                |
| sub_x_18           | DW01_sub         | apparch (area)     |                |
| sub_x_19           | DW01_sub         | apparch (area)     |                |
| sub_x_20           | DW01_sub         | apparch (area)     |                |
| sub_x_21           | DW01_sub         | apparch (area)     |                |
| sub_x_22           | DW01_sub         | apparch (area)     |                |
| sub_x_23           | DW01_sub         | apparch (area)     |                |
| sub_x_24           | DW01_sub         | apparch (area)     |                |
| sub_x_25           | DW01_sub         | apparch (area)     |                |
| sub_x_26           | DW01_sub         | apparch (area)     |                |
| sub_x_27           | DW01_sub         | apparch (area)     |                |
| sub_x_28           | DW01_sub         | apparch (area)     |                |
| sub_x_29           | DW01_sub         | apparch (area)     |                |
| sub_x_30           | DW01_sub         | apparch (area)     |                |
| sub_x_31           | DW01_sub         | apparch (area)     |                |
| sub_x_32           | DW01_sub         | apparch (area)     |                |
| sub_x_98           | DW01_sub         | apparch (area)     |                |
| ash_99             | DW_leftsh        | astr (area)        |                |
| gt_x_100           | DW_cmp           | apparch (area)     |                |
| add_x_101          | DW01_add         | apparch (area)     |                |
| sub_x_152          | DW01_sub         | apparch (area)     |                |
| ash_153            | DW_leftsh        | astr (area)        |                |
| gt_x_154           | DW_cmp           | apparch (area)     |                |
| add_x_155          | DW01_add         | apparch (area)     |                |
| sub_x_206          | DW01_sub         | apparch (area)     |                |
| ash_207            | DW_leftsh        | astr (area)        |                |
| gt_x_208           | DW_cmp           | apparch (area)     |                |
| add_x_209          | DW01_add         | apparch (area)     |                |
| sub_x_260          | DW01_sub         | apparch (area)     |                |
| ash_261            | DW_leftsh        | astr (area)        |                |
| gt_x_262           | DW_cmp           | apparch (area)     |                |
| add_x_263          | DW01_add         | apparch (area)     |                |
| sub_x_314          | DW01_sub         | apparch (area)     |                |
| ash_315            | DW_leftsh        | astr (area)        |                |
| gt_x_316           | DW_cmp           | apparch (area)     |                |
| add_x_317          | DW01_add         | apparch (area)     |                |
| sub_x_368          | DW01_sub         | apparch (area)     |                |
| ash_369            | DW_leftsh        | astr (area)        |                |
| gt_x_370           | DW_cmp           | apparch (area)     |                |
| add_x_371          | DW01_add         | apparch (area)     |                |
| sub_x_422          | DW01_sub         | apparch (area)     |                |
| ash_423            | DW_leftsh        | astr (area)        |                |
| gt_x_424           | DW_cmp           | apparch (area)     |                |
| add_x_425          | DW01_add         | apparch (area)     |                |
| sub_x_476          | DW01_sub         | apparch (area)     |                |
| ash_477            | DW_leftsh        | astr (area)        |                |
| gt_x_478           | DW_cmp           | apparch (area)     |                |
| add_x_479          | DW01_add         | apparch (area)     |                |
| sub_x_530          | DW01_sub         | apparch (area)     |                |
| ash_531            | DW_leftsh        | astr (area)        |                |
| gt_x_532           | DW_cmp           | apparch (area)     |                |
| add_x_533          | DW01_add         | apparch (area)     |                |
| sub_x_584          | DW01_sub         | apparch (area)     |                |
| ash_585            | DW_leftsh        | astr (area)        |                |
| gt_x_586           | DW_cmp           | apparch (area)     |                |
| add_x_587          | DW01_add         | apparch (area)     |                |
| sub_x_638          | DW01_sub         | apparch (area)     |                |
| ash_639            | DW_leftsh        | astr (area)        |                |
| gt_x_640           | DW_cmp           | apparch (area)     |                |
| add_x_641          | DW01_add         | apparch (area)     |                |
| sub_x_692          | DW01_sub         | apparch (area)     |                |
| ash_693            | DW_leftsh        | astr (area)        |                |
| gt_x_694           | DW_cmp           | apparch (area)     |                |
| add_x_695          | DW01_add         | apparch (area)     |                |
| sub_x_746          | DW01_sub         | apparch (area)     |                |
| ash_747            | DW_leftsh        | astr (area)        |                |
| gt_x_748           | DW_cmp           | apparch (area)     |                |
| add_x_749          | DW01_add         | apparch (area)     |                |
| sub_x_800          | DW01_sub         | apparch (area)     |                |
| ash_801            | DW_leftsh        | astr (area)        |                |
| gt_x_802           | DW_cmp           | apparch (area)     |                |
| add_x_803          | DW01_add         | apparch (area)     |                |
| sub_x_854          | DW01_sub         | apparch (area)     |                |
| ash_855            | DW_leftsh        | astr (area)        |                |
| gt_x_856           | DW_cmp           | apparch (area)     |                |
| add_x_857          | DW01_add         | apparch (area)     |                |
| sub_x_908          | DW01_sub         | apparch (area)     |                |
| ash_909            | DW_leftsh        | astr (area)        |                |
| gt_x_910           | DW_cmp           | apparch (area)     |                |
| add_x_911          | DW01_add         | apparch (area)     |                |
| G_BRICK[0].u_brick/u_dw_mult          |                    |                |
|                    | DW_mult_uns      | apparch (area)     |                |
|                    |                  | mult_arch: and     |                |
| G_BRICK[15].u_brick/u_dw_mult         |                    |                |
|                    | DW_mult_uns      | apparch (area)     |                |
|                    |                  | mult_arch: and     |                |
| G_BRICK[14].u_brick/u_dw_mult         |                    |                |
|                    | DW_mult_uns      | apparch (area)     |                |
|                    |                  | mult_arch: and     |                |
| G_BRICK[13].u_brick/u_dw_mult         |                    |                |
|                    | DW_mult_uns      | apparch (area)     |                |
|                    |                  | mult_arch: and     |                |
| G_BRICK[12].u_brick/u_dw_mult         |                    |                |
|                    | DW_mult_uns      | apparch (area)     |                |
|                    |                  | mult_arch: and     |                |
| G_BRICK[11].u_brick/u_dw_mult         |                    |                |
|                    | DW_mult_uns      | apparch (area)     |                |
|                    |                  | mult_arch: and     |                |
| G_BRICK[10].u_brick/u_dw_mult         |                    |                |
|                    | DW_mult_uns      | apparch (area)     |                |
|                    |                  | mult_arch: and     |                |
| G_BRICK[9].u_brick/u_dw_mult          |                    |                |
|                    | DW_mult_uns      | apparch (area)     |                |
|                    |                  | mult_arch: and     |                |
| G_BRICK[8].u_brick/u_dw_mult          |                    |                |
|                    | DW_mult_uns      | apparch (area)     |                |
|                    |                  | mult_arch: and     |                |
| G_BRICK[7].u_brick/u_dw_mult          |                    |                |
|                    | DW_mult_uns      | apparch (area)     |                |
|                    |                  | mult_arch: and     |                |
| G_BRICK[6].u_brick/u_dw_mult          |                    |                |
|                    | DW_mult_uns      | apparch (area)     |                |
|                    |                  | mult_arch: and     |                |
| G_BRICK[5].u_brick/u_dw_mult          |                    |                |
|                    | DW_mult_uns      | apparch (area)     |                |
|                    |                  | mult_arch: and     |                |
| G_BRICK[4].u_brick/u_dw_mult          |                    |                |
|                    | DW_mult_uns      | apparch (area)     |                |
|                    |                  | mult_arch: and     |                |
| G_BRICK[3].u_brick/u_dw_mult          |                    |                |
|                    | DW_mult_uns      | apparch (area)     |                |
|                    |                  | mult_arch: and     |                |
| G_BRICK[2].u_brick/u_dw_mult          |                    |                |
|                    | DW_mult_uns      | apparch (area)     |                |
|                    |                  | mult_arch: and     |                |
| G_BRICK[1].u_brick/u_dw_mult          |                    |                |
|                    | DW_mult_uns      | apparch (area)     |                |
|                    |                  | mult_arch: and     |                |
| DP_OP_2118J1_130_531                  |                    |                |
|                    | DP_OP_2118J1_130_531 | str (area)     |                |
| DP_OP_2120J1_132_531                  |                    |                |
|                    | DP_OP_2120J1_132_531 | str (area)     |                |
| DP_OP_2122J1_134_531                  |                    |                |
|                    | DP_OP_2122J1_134_531 | str (area)     |                |
| DP_OP_2124J1_136_531                  |                    |                |
|                    | DP_OP_2124J1_136_531 | str (area)     |                |
| DP_OP_2126J1_138_531                  |                    |                |
|                    | DP_OP_2126J1_138_531 | str (area)     |                |
| DP_OP_2128J1_140_531                  |                    |                |
|                    | DP_OP_2128J1_140_531 | str (area)     |                |
| DP_OP_2130J1_142_531                  |                    |                |
|                    | DP_OP_2130J1_142_531 | str (area)     |                |
| DP_OP_2132J1_144_531                  |                    |                |
|                    | DP_OP_2132J1_144_531 | str (area)     |                |
| DP_OP_2134J1_146_531                  |                    |                |
|                    | DP_OP_2134J1_146_531 | str (area)     |                |
| DP_OP_2136J1_148_531                  |                    |                |
|                    | DP_OP_2136J1_148_531 | str (area)     |                |
| DP_OP_2138J1_150_531                  |                    |                |
|                    | DP_OP_2138J1_150_531 | str (area)     |                |
| DP_OP_2140J1_152_531                  |                    |                |
|                    | DP_OP_2140J1_152_531 | str (area)     |                |
| DP_OP_2142J1_154_531                  |                    |                |
|                    | DP_OP_2142J1_154_531 | str (area)     |                |
| DP_OP_2144J1_156_531                  |                    |                |
|                    | DP_OP_2144J1_156_531 | str (area)     |                |
| DP_OP_2146J1_158_531                  |                    |                |
|                    | DP_OP_2146J1_158_531 | str (area)     |                |
| DP_OP_2148J1_160_531                  |                    |                |
|                    | DP_OP_2148J1_160_531 | str (area)     |                |
===============================================================================

1
