 
****************************************
Report : resources
Design : char_top
Version: X-2025.06-SP3
Date   : Wed Sep  2 15:12:30 2026
****************************************


No resource sharing information to report.

No implementations to report
 
****************************************
Design : fusion_mul16_v2_product_pipe_SUPPORT_FP81_SUPPORT_BF161_SUPPORT_I4_FP81_SUPPORT_I4_BF160_SUPPORT_I8_BF160_SUPPORT_SPECIALS0
****************************************

Resource Report for this hierarchy in file
        <FUSION_MUL16_V2_ROOT>/rtl/fusion_mul16_v2_product_pipe.sv
=============================================================================
| Cell           | Module         | Parameters | Contained Operations       |
=============================================================================
| sub_x_10       | DW01_sub       | width=8    | sub_51_C119_I5_rn (fusion_mul16_v2_pkg.sv:51) |
| sub_x_12       | DW01_sub       | width=8    | sub_51_C119_I6_rn (fusion_mul16_v2_pkg.sv:51) |
| sub_x_14       | DW01_sub       | width=8    | sub_51_C119_I7_rn (fusion_mul16_v2_pkg.sv:51) |
| sub_x_16       | DW01_sub       | width=8    | sub_51_C119_I8_rn (fusion_mul16_v2_pkg.sv:51) |
| sub_x_17       | DW01_sub       | width=8    | sub_51_C131_rn (fusion_mul16_v2_pkg.sv:51) |
| sub_x_18       | DW01_sub       | width=8    | sub_51_C131_I2_rn (fusion_mul16_v2_pkg.sv:51) |
| sub_x_19       | DW01_sub       | width=8    | sub_51_C131_I3_rn (fusion_mul16_v2_pkg.sv:51) |
| sub_x_20       | DW01_sub       | width=8    | sub_51_C131_I4_rn (fusion_mul16_v2_pkg.sv:51) |
| sub_x_21       | DW01_sub       | width=4    | sub_43_C181_I9_rn (fusion_mul16_v2_pkg.sv:43) |
| sub_x_22       | DW01_sub       | width=4    | sub_43_C181_I10_rn (fusion_mul16_v2_pkg.sv:43) |
| sub_x_23       | DW01_sub       | width=4    | sub_43_C181_I11_rn (fusion_mul16_v2_pkg.sv:43) |
| sub_x_24       | DW01_sub       | width=4    | sub_43_C181_I12_rn (fusion_mul16_v2_pkg.sv:43) |
| sub_x_25       | DW01_sub       | width=4    | sub_43_C181_I13_rn (fusion_mul16_v2_pkg.sv:43) |
| sub_x_26       | DW01_sub       | width=4    | sub_43_C181_I14_rn (fusion_mul16_v2_pkg.sv:43) |
| sub_x_27       | DW01_sub       | width=4    | sub_43_C181_I15_rn (fusion_mul16_v2_pkg.sv:43) |
| sub_x_28       | DW01_sub       | width=4    | sub_43_C181_I16_rn (fusion_mul16_v2_pkg.sv:43) |
| add_x_78       | DW01_add       | width=18   | add_316_2 (fusion_mul16_v2_product_pipe.sv:316) |
| add_x_79       | DW01_add       | width=18   | add_316_2_I2 (fusion_mul16_v2_product_pipe.sv:316) |
| add_x_80       | DW01_add       | width=18   | add_316_2_I3 (fusion_mul16_v2_product_pipe.sv:316) |
| add_x_81       | DW01_add       | width=18   | add_316_2_I4 (fusion_mul16_v2_product_pipe.sv:316) |
| sub_x_82       | DW01_sub       | width=17   | sub_108_C324_rn (fusion_mul16_v2_pkg.sv:108) |
| sub_x_83       | DW01_sub       | width=17   | sub_108_C324_I2_rn (fusion_mul16_v2_pkg.sv:108) |
| sub_x_84       | DW01_sub       | width=17   | sub_108_C324_I3_rn (fusion_mul16_v2_pkg.sv:108) |
| sub_x_85       | DW01_sub       | width=17   | sub_108_C324_I4_rn (fusion_mul16_v2_pkg.sv:108) |
| ashr_105       | DW_rightsh     | A_width=16 | G_BF16_PACK[0].u_pack/srl_60 (raw16_to_bf16_rne.sv:60) |
      | SH_width=32 |                           |
| add_x_106      | DW01_add       | width=9    | G_BF16_PACK[0].u_pack/add_67 (raw16_to_bf16_rne.sv:67) |
| sub_x_107      | DW01_sub       | width=6    | G_BF16_PACK[0].u_pack/sub_75 (raw16_to_bf16_rne.sv:75) |
| ash_108        | DW_leftsh      | A_width=7  | G_BF16_PACK[0].u_pack/sll_75 (raw16_to_bf16_rne.sv:75) |
      | SH_width=32 |                           |
| gt_x_109       | DW_cmp         | width=13   | G_BF16_PACK[0].u_pack/gt_78 (raw16_to_bf16_rne.sv:78) |
| add_x_110      | DW01_add       | width=8    | G_BF16_PACK[0].u_pack/add_81 (raw16_to_bf16_rne.sv:81) |
| ashr_159       | DW_rightsh     | A_width=16 | G_BF16_PACK[15].u_pack/srl_60 (raw16_to_bf16_rne.sv:60) |
     | SH_width=32 |                           |
| add_x_160      | DW01_add       | width=9    | G_BF16_PACK[15].u_pack/add_67 (raw16_to_bf16_rne.sv:67) |
| sub_x_161      | DW01_sub       | width=6    | G_BF16_PACK[15].u_pack/sub_75 (raw16_to_bf16_rne.sv:75) |
| ash_162        | DW_leftsh      | A_width=7  | G_BF16_PACK[15].u_pack/sll_75 (raw16_to_bf16_rne.sv:75) |
     | SH_width=32 |                           |
| gt_x_163       | DW_cmp         | width=13   | G_BF16_PACK[15].u_pack/gt_78 (raw16_to_bf16_rne.sv:78) |
| add_x_164      | DW01_add       | width=8    | G_BF16_PACK[15].u_pack/add_81 (raw16_to_bf16_rne.sv:81) |
| ashr_213       | DW_rightsh     | A_width=16 | G_BF16_PACK[14].u_pack/srl_60 (raw16_to_bf16_rne.sv:60) |
     | SH_width=32 |                           |
| add_x_214      | DW01_add       | width=9    | G_BF16_PACK[14].u_pack/add_67 (raw16_to_bf16_rne.sv:67) |
| sub_x_215      | DW01_sub       | width=6    | G_BF16_PACK[14].u_pack/sub_75 (raw16_to_bf16_rne.sv:75) |
| ash_216        | DW_leftsh      | A_width=7  | G_BF16_PACK[14].u_pack/sll_75 (raw16_to_bf16_rne.sv:75) |
     | SH_width=32 |                           |
| gt_x_217       | DW_cmp         | width=13   | G_BF16_PACK[14].u_pack/gt_78 (raw16_to_bf16_rne.sv:78) |
| add_x_218      | DW01_add       | width=8    | G_BF16_PACK[14].u_pack/add_81 (raw16_to_bf16_rne.sv:81) |
| ashr_267       | DW_rightsh     | A_width=16 | G_BF16_PACK[13].u_pack/srl_60 (raw16_to_bf16_rne.sv:60) |
     | SH_width=32 |                           |
| add_x_268      | DW01_add       | width=9    | G_BF16_PACK[13].u_pack/add_67 (raw16_to_bf16_rne.sv:67) |
| sub_x_269      | DW01_sub       | width=6    | G_BF16_PACK[13].u_pack/sub_75 (raw16_to_bf16_rne.sv:75) |
| ash_270        | DW_leftsh      | A_width=7  | G_BF16_PACK[13].u_pack/sll_75 (raw16_to_bf16_rne.sv:75) |
     | SH_width=32 |                           |
| gt_x_271       | DW_cmp         | width=13   | G_BF16_PACK[13].u_pack/gt_78 (raw16_to_bf16_rne.sv:78) |
| add_x_272      | DW01_add       | width=8    | G_BF16_PACK[13].u_pack/add_81 (raw16_to_bf16_rne.sv:81) |
| ashr_321       | DW_rightsh     | A_width=16 | G_BF16_PACK[12].u_pack/srl_60 (raw16_to_bf16_rne.sv:60) |
     | SH_width=32 |                           |
| add_x_322      | DW01_add       | width=9    | G_BF16_PACK[12].u_pack/add_67 (raw16_to_bf16_rne.sv:67) |
| sub_x_323      | DW01_sub       | width=6    | G_BF16_PACK[12].u_pack/sub_75 (raw16_to_bf16_rne.sv:75) |
| ash_324        | DW_leftsh      | A_width=7  | G_BF16_PACK[12].u_pack/sll_75 (raw16_to_bf16_rne.sv:75) |
     | SH_width=32 |                           |
| gt_x_325       | DW_cmp         | width=13   | G_BF16_PACK[12].u_pack/gt_78 (raw16_to_bf16_rne.sv:78) |
| add_x_326      | DW01_add       | width=8    | G_BF16_PACK[12].u_pack/add_81 (raw16_to_bf16_rne.sv:81) |
| ashr_375       | DW_rightsh     | A_width=16 | G_BF16_PACK[11].u_pack/srl_60 (raw16_to_bf16_rne.sv:60) |
     | SH_width=32 |                           |
| add_x_376      | DW01_add       | width=9    | G_BF16_PACK[11].u_pack/add_67 (raw16_to_bf16_rne.sv:67) |
| sub_x_377      | DW01_sub       | width=6    | G_BF16_PACK[11].u_pack/sub_75 (raw16_to_bf16_rne.sv:75) |
| ash_378        | DW_leftsh      | A_width=7  | G_BF16_PACK[11].u_pack/sll_75 (raw16_to_bf16_rne.sv:75) |
     | SH_width=32 |                           |
| gt_x_379       | DW_cmp         | width=13   | G_BF16_PACK[11].u_pack/gt_78 (raw16_to_bf16_rne.sv:78) |
| add_x_380      | DW01_add       | width=8    | G_BF16_PACK[11].u_pack/add_81 (raw16_to_bf16_rne.sv:81) |
| ashr_429       | DW_rightsh     | A_width=16 | G_BF16_PACK[10].u_pack/srl_60 (raw16_to_bf16_rne.sv:60) |
     | SH_width=32 |                           |
| add_x_430      | DW01_add       | width=9    | G_BF16_PACK[10].u_pack/add_67 (raw16_to_bf16_rne.sv:67) |
| sub_x_431      | DW01_sub       | width=6    | G_BF16_PACK[10].u_pack/sub_75 (raw16_to_bf16_rne.sv:75) |
| ash_432        | DW_leftsh      | A_width=7  | G_BF16_PACK[10].u_pack/sll_75 (raw16_to_bf16_rne.sv:75) |
     | SH_width=32 |                           |
| gt_x_433       | DW_cmp         | width=13   | G_BF16_PACK[10].u_pack/gt_78 (raw16_to_bf16_rne.sv:78) |
| add_x_434      | DW01_add       | width=8    | G_BF16_PACK[10].u_pack/add_81 (raw16_to_bf16_rne.sv:81) |
| ashr_483       | DW_rightsh     | A_width=16 | G_BF16_PACK[9].u_pack/srl_60 (raw16_to_bf16_rne.sv:60) |
      | SH_width=32 |                           |
| add_x_484      | DW01_add       | width=9    | G_BF16_PACK[9].u_pack/add_67 (raw16_to_bf16_rne.sv:67) |
| sub_x_485      | DW01_sub       | width=6    | G_BF16_PACK[9].u_pack/sub_75 (raw16_to_bf16_rne.sv:75) |
| ash_486        | DW_leftsh      | A_width=7  | G_BF16_PACK[9].u_pack/sll_75 (raw16_to_bf16_rne.sv:75) |
      | SH_width=32 |                           |
| gt_x_487       | DW_cmp         | width=13   | G_BF16_PACK[9].u_pack/gt_78 (raw16_to_bf16_rne.sv:78) |
| add_x_488      | DW01_add       | width=8    | G_BF16_PACK[9].u_pack/add_81 (raw16_to_bf16_rne.sv:81) |
| ashr_537       | DW_rightsh     | A_width=16 | G_BF16_PACK[8].u_pack/srl_60 (raw16_to_bf16_rne.sv:60) |
      | SH_width=32 |                           |
| add_x_538      | DW01_add       | width=9    | G_BF16_PACK[8].u_pack/add_67 (raw16_to_bf16_rne.sv:67) |
| sub_x_539      | DW01_sub       | width=6    | G_BF16_PACK[8].u_pack/sub_75 (raw16_to_bf16_rne.sv:75) |
| ash_540        | DW_leftsh      | A_width=7  | G_BF16_PACK[8].u_pack/sll_75 (raw16_to_bf16_rne.sv:75) |
      | SH_width=32 |                           |
| gt_x_541       | DW_cmp         | width=13   | G_BF16_PACK[8].u_pack/gt_78 (raw16_to_bf16_rne.sv:78) |
| add_x_542      | DW01_add       | width=8    | G_BF16_PACK[8].u_pack/add_81 (raw16_to_bf16_rne.sv:81) |
| ashr_591       | DW_rightsh     | A_width=16 | G_BF16_PACK[7].u_pack/srl_60 (raw16_to_bf16_rne.sv:60) |
      | SH_width=32 |                           |
| add_x_592      | DW01_add       | width=9    | G_BF16_PACK[7].u_pack/add_67 (raw16_to_bf16_rne.sv:67) |
| sub_x_593      | DW01_sub       | width=6    | G_BF16_PACK[7].u_pack/sub_75 (raw16_to_bf16_rne.sv:75) |
| ash_594        | DW_leftsh      | A_width=7  | G_BF16_PACK[7].u_pack/sll_75 (raw16_to_bf16_rne.sv:75) |
      | SH_width=32 |                           |
| gt_x_595       | DW_cmp         | width=13   | G_BF16_PACK[7].u_pack/gt_78 (raw16_to_bf16_rne.sv:78) |
| add_x_596      | DW01_add       | width=8    | G_BF16_PACK[7].u_pack/add_81 (raw16_to_bf16_rne.sv:81) |
| ashr_645       | DW_rightsh     | A_width=16 | G_BF16_PACK[6].u_pack/srl_60 (raw16_to_bf16_rne.sv:60) |
      | SH_width=32 |                           |
| add_x_646      | DW01_add       | width=9    | G_BF16_PACK[6].u_pack/add_67 (raw16_to_bf16_rne.sv:67) |
| sub_x_647      | DW01_sub       | width=6    | G_BF16_PACK[6].u_pack/sub_75 (raw16_to_bf16_rne.sv:75) |
| ash_648        | DW_leftsh      | A_width=7  | G_BF16_PACK[6].u_pack/sll_75 (raw16_to_bf16_rne.sv:75) |
      | SH_width=32 |                           |
| gt_x_649       | DW_cmp         | width=13   | G_BF16_PACK[6].u_pack/gt_78 (raw16_to_bf16_rne.sv:78) |
| add_x_650      | DW01_add       | width=8    | G_BF16_PACK[6].u_pack/add_81 (raw16_to_bf16_rne.sv:81) |
| ashr_699       | DW_rightsh     | A_width=16 | G_BF16_PACK[5].u_pack/srl_60 (raw16_to_bf16_rne.sv:60) |
      | SH_width=32 |                           |
| add_x_700      | DW01_add       | width=9    | G_BF16_PACK[5].u_pack/add_67 (raw16_to_bf16_rne.sv:67) |
| sub_x_701      | DW01_sub       | width=6    | G_BF16_PACK[5].u_pack/sub_75 (raw16_to_bf16_rne.sv:75) |
| ash_702        | DW_leftsh      | A_width=7  | G_BF16_PACK[5].u_pack/sll_75 (raw16_to_bf16_rne.sv:75) |
      | SH_width=32 |                           |
| gt_x_703       | DW_cmp         | width=13   | G_BF16_PACK[5].u_pack/gt_78 (raw16_to_bf16_rne.sv:78) |
| add_x_704      | DW01_add       | width=8    | G_BF16_PACK[5].u_pack/add_81 (raw16_to_bf16_rne.sv:81) |
| ashr_753       | DW_rightsh     | A_width=16 | G_BF16_PACK[4].u_pack/srl_60 (raw16_to_bf16_rne.sv:60) |
      | SH_width=32 |                           |
| add_x_754      | DW01_add       | width=9    | G_BF16_PACK[4].u_pack/add_67 (raw16_to_bf16_rne.sv:67) |
| sub_x_755      | DW01_sub       | width=6    | G_BF16_PACK[4].u_pack/sub_75 (raw16_to_bf16_rne.sv:75) |
| ash_756        | DW_leftsh      | A_width=7  | G_BF16_PACK[4].u_pack/sll_75 (raw16_to_bf16_rne.sv:75) |
      | SH_width=32 |                           |
| gt_x_757       | DW_cmp         | width=13   | G_BF16_PACK[4].u_pack/gt_78 (raw16_to_bf16_rne.sv:78) |
| add_x_758      | DW01_add       | width=8    | G_BF16_PACK[4].u_pack/add_81 (raw16_to_bf16_rne.sv:81) |
| ashr_807       | DW_rightsh     | A_width=16 | G_BF16_PACK[3].u_pack/srl_60 (raw16_to_bf16_rne.sv:60) |
      | SH_width=32 |                           |
| add_x_808      | DW01_add       | width=9    | G_BF16_PACK[3].u_pack/add_67 (raw16_to_bf16_rne.sv:67) |
| sub_x_809      | DW01_sub       | width=6    | G_BF16_PACK[3].u_pack/sub_75 (raw16_to_bf16_rne.sv:75) |
| ash_810        | DW_leftsh      | A_width=7  | G_BF16_PACK[3].u_pack/sll_75 (raw16_to_bf16_rne.sv:75) |
      | SH_width=32 |                           |
| gt_x_811       | DW_cmp         | width=13   | G_BF16_PACK[3].u_pack/gt_78 (raw16_to_bf16_rne.sv:78) |
| add_x_812      | DW01_add       | width=8    | G_BF16_PACK[3].u_pack/add_81 (raw16_to_bf16_rne.sv:81) |
| ashr_861       | DW_rightsh     | A_width=16 | G_BF16_PACK[2].u_pack/srl_60 (raw16_to_bf16_rne.sv:60) |
      | SH_width=32 |                           |
| add_x_862      | DW01_add       | width=9    | G_BF16_PACK[2].u_pack/add_67 (raw16_to_bf16_rne.sv:67) |
| sub_x_863      | DW01_sub       | width=6    | G_BF16_PACK[2].u_pack/sub_75 (raw16_to_bf16_rne.sv:75) |
| ash_864        | DW_leftsh      | A_width=7  | G_BF16_PACK[2].u_pack/sll_75 (raw16_to_bf16_rne.sv:75) |
      | SH_width=32 |                           |
| gt_x_865       | DW_cmp         | width=13   | G_BF16_PACK[2].u_pack/gt_78 (raw16_to_bf16_rne.sv:78) |
| add_x_866      | DW01_add       | width=8    | G_BF16_PACK[2].u_pack/add_81 (raw16_to_bf16_rne.sv:81) |
| ashr_915       | DW_rightsh     | A_width=16 | G_BF16_PACK[1].u_pack/srl_60 (raw16_to_bf16_rne.sv:60) |
      | SH_width=32 |                           |
| add_x_916      | DW01_add       | width=9    | G_BF16_PACK[1].u_pack/add_67 (raw16_to_bf16_rne.sv:67) |
| sub_x_917      | DW01_sub       | width=6    | G_BF16_PACK[1].u_pack/sub_75 (raw16_to_bf16_rne.sv:75) |
| ash_918        | DW_leftsh      | A_width=7  | G_BF16_PACK[1].u_pack/sll_75 (raw16_to_bf16_rne.sv:75) |
      | SH_width=32 |                           |
| gt_x_919       | DW_cmp         | width=13   | G_BF16_PACK[1].u_pack/gt_78 (raw16_to_bf16_rne.sv:78) |
| add_x_920      | DW01_add       | width=8    | G_BF16_PACK[1].u_pack/add_81 (raw16_to_bf16_rne.sv:81) |
| G_BRICK[0].u_brick/u_dw_mult    |            |                            |
|                | DW_mult_uns    | a_width=4  | G_BRICK[0].u_brick/u_dw_mult (mul4x4_brick.sv:7) |
            | b_width=4  |                            |
| G_BRICK[15].u_brick/u_dw_mult   |            |                            |
|                | DW_mult_uns    | a_width=4  | G_BRICK[15].u_brick/u_dw_mult (mul4x4_brick.sv:7) |
           | b_width=4  |                            |
| G_BRICK[14].u_brick/u_dw_mult   |            |                            |
|                | DW_mult_uns    | a_width=4  | G_BRICK[14].u_brick/u_dw_mult (mul4x4_brick.sv:7) |
           | b_width=4  |                            |
| G_BRICK[13].u_brick/u_dw_mult   |            |                            |
|                | DW_mult_uns    | a_width=4  | G_BRICK[13].u_brick/u_dw_mult (mul4x4_brick.sv:7) |
           | b_width=4  |                            |
| G_BRICK[12].u_brick/u_dw_mult   |            |                            |
|                | DW_mult_uns    | a_width=4  | G_BRICK[12].u_brick/u_dw_mult (mul4x4_brick.sv:7) |
           | b_width=4  |                            |
| G_BRICK[11].u_brick/u_dw_mult   |            |                            |
|                | DW_mult_uns    | a_width=4  | G_BRICK[11].u_brick/u_dw_mult (mul4x4_brick.sv:7) |
           | b_width=4  |                            |
| G_BRICK[10].u_brick/u_dw_mult   |            |                            |
|                | DW_mult_uns    | a_width=4  | G_BRICK[10].u_brick/u_dw_mult (mul4x4_brick.sv:7) |
           | b_width=4  |                            |
| G_BRICK[9].u_brick/u_dw_mult    |            |                            |
|                | DW_mult_uns    | a_width=4  | G_BRICK[9].u_brick/u_dw_mult (mul4x4_brick.sv:7) |
            | b_width=4  |                            |
| G_BRICK[8].u_brick/u_dw_mult    |            |                            |
|                | DW_mult_uns    | a_width=4  | G_BRICK[8].u_brick/u_dw_mult (mul4x4_brick.sv:7) |
            | b_width=4  |                            |
| G_BRICK[7].u_brick/u_dw_mult    |            |                            |
|                | DW_mult_uns    | a_width=4  | G_BRICK[7].u_brick/u_dw_mult (mul4x4_brick.sv:7) |
            | b_width=4  |                            |
| G_BRICK[6].u_brick/u_dw_mult    |            |                            |
|                | DW_mult_uns    | a_width=4  | G_BRICK[6].u_brick/u_dw_mult (mul4x4_brick.sv:7) |
            | b_width=4  |                            |
| G_BRICK[5].u_brick/u_dw_mult    |            |                            |
|                | DW_mult_uns    | a_width=4  | G_BRICK[5].u_brick/u_dw_mult (mul4x4_brick.sv:7) |
            | b_width=4  |                            |
| G_BRICK[4].u_brick/u_dw_mult    |            |                            |
|                | DW_mult_uns    | a_width=4  | G_BRICK[4].u_brick/u_dw_mult (mul4x4_brick.sv:7) |
            | b_width=4  |                            |
| G_BRICK[3].u_brick/u_dw_mult    |            |                            |
|                | DW_mult_uns    | a_width=4  | G_BRICK[3].u_brick/u_dw_mult (mul4x4_brick.sv:7) |
            | b_width=4  |                            |
| G_BRICK[2].u_brick/u_dw_mult    |            |                            |
|                | DW_mult_uns    | a_width=4  | G_BRICK[2].u_brick/u_dw_mult (mul4x4_brick.sv:7) |
            | b_width=4  |                            |
| G_BRICK[1].u_brick/u_dw_mult    |            |                            |
|                | DW_mult_uns    | a_width=4  | G_BRICK[1].u_brick/u_dw_mult (mul4x4_brick.sv:7) |
            | b_width=4  |                            |
| sub_x_2        | DW01_sub       | width=8    | sub_51_C119_rn (fusion_mul16_v2_pkg.sv:51) |
 |                |            | sub_51_C132_rn (fusion_mul16_v2_pkg.sv:51) |
| sub_x_4        | DW01_sub       | width=8    | sub_51_C119_I2_rn (fusion_mul16_v2_pkg.sv:51) |
               |            | sub_51_C132_I2_rn (fusion_mul16_v2_pkg.sv:51) |
| sub_x_6        | DW01_sub       | width=8    | sub_51_C119_I3_rn (fusion_mul16_v2_pkg.sv:51) |
               |            | sub_51_C132_I3_rn (fusion_mul16_v2_pkg.sv:51) |
| sub_x_8        | DW01_sub       | width=8    | sub_51_C119_I4_rn (fusion_mul16_v2_pkg.sv:51) |
               |            | sub_51_C132_I4_rn (fusion_mul16_v2_pkg.sv:51) |
| sub_x_1        | DW01_sub       | width=4    | sub_43_C118_rn (fusion_mul16_v2_pkg.sv:43) |
 |                |            | sub_43_C181_rn (fusion_mul16_v2_pkg.sv:43) |
| sub_x_3        | DW01_sub       | width=4    | sub_43_C118_I2_rn (fusion_mul16_v2_pkg.sv:43) |
               |            | sub_43_C181_I2_rn (fusion_mul16_v2_pkg.sv:43) |
| sub_x_5        | DW01_sub       | width=4    | sub_43_C118_I3_rn (fusion_mul16_v2_pkg.sv:43) |
               |            | sub_43_C181_I3_rn (fusion_mul16_v2_pkg.sv:43) |
| sub_x_7        | DW01_sub       | width=4    | sub_43_C118_I4_rn (fusion_mul16_v2_pkg.sv:43) |
               |            | sub_43_C181_I4_rn (fusion_mul16_v2_pkg.sv:43) |
| sub_x_9        | DW01_sub       | width=4    | sub_43_C118_I5_rn (fusion_mul16_v2_pkg.sv:43) |
               |            | sub_43_C181_I5_rn (fusion_mul16_v2_pkg.sv:43) |
| sub_x_11       | DW01_sub       | width=4    | sub_43_C118_I6_rn (fusion_mul16_v2_pkg.sv:43) |
               |            | sub_43_C181_I6_rn (fusion_mul16_v2_pkg.sv:43) |
| sub_x_13       | DW01_sub       | width=4    | sub_43_C118_I7_rn (fusion_mul16_v2_pkg.sv:43) |
               |            | sub_43_C181_I7_rn (fusion_mul16_v2_pkg.sv:43) |
| sub_x_15       | DW01_sub       | width=4    | sub_43_C118_I8_rn (fusion_mul16_v2_pkg.sv:43) |
               |            | sub_43_C181_I8_rn (fusion_mul16_v2_pkg.sv:43) |
| DP_OP_2399J1_122_8794           |            |                            |
|                | DP_OP_2399J1_122_8794 |     |                            |
| DP_OP_2400J1_123_8794           |            |                            |
|                | DP_OP_2400J1_123_8794 |     |                            |
| DP_OP_2401J1_124_8794           |            |                            |
|                | DP_OP_2401J1_124_8794 |     |                            |
| DP_OP_2402J1_125_8794           |            |                            |
|                | DP_OP_2402J1_125_8794 |     |                            |
| DP_OP_2403J1_126_8794           |            |                            |
|                | DP_OP_2403J1_126_8794 |     |                            |
| DP_OP_2404J1_127_8794           |            |                            |
|                | DP_OP_2404J1_127_8794 |     |                            |
| DP_OP_2405J1_128_8794           |            |                            |
|                | DP_OP_2405J1_128_8794 |     |                            |
| DP_OP_2406J1_129_8794           |            |                            |
|                | DP_OP_2406J1_129_8794 |     |                            |
| DP_OP_2407J1_130_8794           |            |                            |
|                | DP_OP_2407J1_130_8794 |     |                            |
| DP_OP_2408J1_131_8794           |            |                            |
|                | DP_OP_2408J1_131_8794 |     |                            |
| DP_OP_2409J1_132_8794           |            |                            |
|                | DP_OP_2409J1_132_8794 |     |                            |
| DP_OP_2410J1_133_8794           |            |                            |
|                | DP_OP_2410J1_133_8794 |     |                            |
| DP_OP_2411J1_134_8794           |            |                            |
|                | DP_OP_2411J1_134_8794 |     |                            |
| DP_OP_2412J1_135_8794           |            |                            |
|                | DP_OP_2412J1_135_8794 |     |                            |
| DP_OP_2413J1_136_8794           |            |                            |
|                | DP_OP_2413J1_136_8794 |     |                            |
| DP_OP_2414J1_137_8794           |            |                            |
|                | DP_OP_2414J1_137_8794 |     |                            |
| DP_OP_2415J1_138_1290           |            |                            |
|                | DP_OP_2415J1_138_1290 |     |                            |
| DP_OP_2416J1_139_1290           |            |                            |
|                | DP_OP_2416J1_139_1290 |     |                            |
| DP_OP_2417J1_140_1290           |            |                            |
|                | DP_OP_2417J1_140_1290 |     |                            |
| DP_OP_2418J1_141_1290           |            |                            |
|                | DP_OP_2418J1_141_1290 |     |                            |
| DP_OP_2419J1_142_7357           |            |                            |
|                | DP_OP_2419J1_142_7357 |     |                            |
| DP_OP_2420J1_143_8884           |            |                            |
|                | DP_OP_2420J1_143_8884 |     |                            |
| DP_OP_2421J1_144_7357           |            |                            |
|                | DP_OP_2421J1_144_7357 |     |                            |
| DP_OP_2422J1_145_8884           |            |                            |
|                | DP_OP_2422J1_145_8884 |     |                            |
| DP_OP_2423J1_146_7357           |            |                            |
|                | DP_OP_2423J1_146_7357 |     |                            |
| DP_OP_2424J1_147_8884           |            |                            |
|                | DP_OP_2424J1_147_8884 |     |                            |
| DP_OP_2425J1_148_7357           |            |                            |
|                | DP_OP_2425J1_148_7357 |     |                            |
| DP_OP_2426J1_149_8884           |            |                            |
|                | DP_OP_2426J1_149_8884 |     |                            |
| DP_OP_2427J1_150_825            |            |                            |
|                | DP_OP_2427J1_150_825 |      |                            |
| DP_OP_2428J1_151_5753           |            |                            |
|                | DP_OP_2428J1_151_5753 |     |                            |
| DP_OP_2429J1_152_825            |            |                            |
|                | DP_OP_2429J1_152_825 |      |                            |
| DP_OP_2430J1_153_5753           |            |                            |
|                | DP_OP_2430J1_153_5753 |     |                            |
| DP_OP_2431J1_154_825            |            |                            |
|                | DP_OP_2431J1_154_825 |      |                            |
| DP_OP_2432J1_155_5753           |            |                            |
|                | DP_OP_2432J1_155_5753 |     |                            |
| DP_OP_2433J1_156_825            |            |                            |
|                | DP_OP_2433J1_156_825 |      |                            |
| DP_OP_2434J1_157_5753           |            |                            |
|                | DP_OP_2434J1_157_5753 |     |                            |
| DP_OP_2435J1_158_825            |            |                            |
|                | DP_OP_2435J1_158_825 |      |                            |
| DP_OP_2436J1_159_5753           |            |                            |
|                | DP_OP_2436J1_159_5753 |     |                            |
| DP_OP_2437J1_160_825            |            |                            |
|                | DP_OP_2437J1_160_825 |      |                            |
| DP_OP_2438J1_161_5753           |            |                            |
|                | DP_OP_2438J1_161_5753 |     |                            |
| DP_OP_2439J1_162_825            |            |                            |
|                | DP_OP_2439J1_162_825 |      |                            |
| DP_OP_2440J1_163_5753           |            |                            |
|                | DP_OP_2440J1_163_5753 |     |                            |
| DP_OP_2441J1_164_825            |            |                            |
|                | DP_OP_2441J1_164_825 |      |                            |
| DP_OP_2442J1_165_5753           |            |                            |
|                | DP_OP_2442J1_165_5753 |     |                            |
| DP_OP_2443J1_166_825            |            |                            |
|                | DP_OP_2443J1_166_825 |      |                            |
| DP_OP_2444J1_167_5753           |            |                            |
|                | DP_OP_2444J1_167_5753 |     |                            |
| DP_OP_2445J1_168_825            |            |                            |
|                | DP_OP_2445J1_168_825 |      |                            |
| DP_OP_2446J1_169_5753           |            |                            |
|                | DP_OP_2446J1_169_5753 |     |                            |
| DP_OP_2447J1_170_825            |            |                            |
|                | DP_OP_2447J1_170_825 |      |                            |
| DP_OP_2448J1_171_5753           |            |                            |
|                | DP_OP_2448J1_171_5753 |     |                            |
| DP_OP_2449J1_172_825            |            |                            |
|                | DP_OP_2449J1_172_825 |      |                            |
| DP_OP_2450J1_173_5753           |            |                            |
|                | DP_OP_2450J1_173_5753 |     |                            |
| DP_OP_2451J1_174_825            |            |                            |
|                | DP_OP_2451J1_174_825 |      |                            |
| DP_OP_2452J1_175_5753           |            |                            |
|                | DP_OP_2452J1_175_5753 |     |                            |
| DP_OP_2453J1_176_825            |            |                            |
|                | DP_OP_2453J1_176_825 |      |                            |
| DP_OP_2454J1_177_5753           |            |                            |
|                | DP_OP_2454J1_177_5753 |     |                            |
| DP_OP_2455J1_178_825            |            |                            |
|                | DP_OP_2455J1_178_825 |      |                            |
| DP_OP_2456J1_179_5753           |            |                            |
|                | DP_OP_2456J1_179_5753 |     |                            |
| DP_OP_2457J1_180_825            |            |                            |
|                | DP_OP_2457J1_180_825 |      |                            |
| DP_OP_2458J1_181_5753           |            |                            |
|                | DP_OP_2458J1_181_5753 |     |                            |
=============================================================================

Datapath Report for DP_OP_2399J1_122_8794
==============================================================================
| Cell                 | Contained Operations                                |
==============================================================================
| DP_OP_2399J1_122_8794 | sub_72_C148_rn (fusion_mul16_v2_pkg.sv:72)         |
|                      | C7648 (fusion_mul16_v2_pkg.sv:67)                   |
|                      | add_153 (fusion_mul16_v2_product_pipe.sv:153)       |
|                      | C7649 (fusion_mul16_v2_pkg.sv:67)                   |
|                      | sub_72_C149_rn (fusion_mul16_v2_pkg.sv:72)          |
|                      | sub_72_C182_rn (fusion_mul16_v2_pkg.sv:72)          |
==============================================================================

==============================================================================
|       |      | Data     |       |                                          |
| Var   | Type | Class    | Width | Expression                               |
==============================================================================
| I1    | PI   | Unsigned | 4     |                                          |
| I2    | PI   | Unsigned | 1     |                                          |
| I3    | PI   | Unsigned | 1     |                                          |
| I4    | PI   | Unsigned | 1     |                                          |
| I5    | PI   | Unsigned | 1     |                                          |
| I6    | PI   | Unsigned | 4     |                                          |
| T24   | IFO  | Signed   | 6     | I1 - $unsigned(4'b1010) (fusion_mul16_v2_pkg.sv:72) |
| T140  | IFO  | Signed   | 6     | { I2, I3 } ? $signed(5'b10111) : T24 (fusion_mul16_v2_pkg.sv:67) |
| T141  | IFO  | Signed   | 6     | { I4, I5 } ? $signed(5'b10111) : O2 (fusion_mul16_v2_pkg.sv:67) |
| O1    | PO   | Signed   | 11    | T140 + T141 (fusion_mul16_v2_product_pipe.sv:153) |
| O2    | PO   | Signed   | 6     | I6 - $unsigned(4'b1010) (fusion_mul16_v2_pkg.sv:72) |
==============================================================================

Datapath Report for DP_OP_2400J1_123_8794
==============================================================================
| Cell                 | Contained Operations                                |
==============================================================================
| DP_OP_2400J1_123_8794 | sub_72_C148_I2_rn (fusion_mul16_v2_pkg.sv:72)      |
|                      | C7651 (fusion_mul16_v2_pkg.sv:67)                   |
|                      | add_153_I2 (fusion_mul16_v2_product_pipe.sv:153)    |
|                      | C7652 (fusion_mul16_v2_pkg.sv:67)                   |
|                      | sub_72_C149_I2_rn (fusion_mul16_v2_pkg.sv:72)       |
|                      | sub_72_C182_I2_rn (fusion_mul16_v2_pkg.sv:72)       |
==============================================================================

==============================================================================
|       |      | Data     |       |                                          |
| Var   | Type | Class    | Width | Expression                               |
==============================================================================
| I1    | PI   | Unsigned | 4     |                                          |
| I2    | PI   | Unsigned | 1     |                                          |
| I3    | PI   | Unsigned | 1     |                                          |
| I4    | PI   | Unsigned | 1     |                                          |
| I5    | PI   | Unsigned | 1     |                                          |
| I6    | PI   | Unsigned | 4     |                                          |
| T27   | IFO  | Signed   | 6     | I1 - $unsigned(4'b1010) (fusion_mul16_v2_pkg.sv:72) |
| T142  | IFO  | Signed   | 6     | { I2, I3 } ? $signed(5'b10111) : T27 (fusion_mul16_v2_pkg.sv:67) |
| T143  | IFO  | Signed   | 6     | { I4, I5 } ? $signed(5'b10111) : O2 (fusion_mul16_v2_pkg.sv:67) |
| O1    | PO   | Signed   | 11    | T142 + T143 (fusion_mul16_v2_product_pipe.sv:153) |
| O2    | PO   | Signed   | 6     | I6 - $unsigned(4'b1010) (fusion_mul16_v2_pkg.sv:72) |
==============================================================================

Datapath Report for DP_OP_2401J1_124_8794
==============================================================================
| Cell                 | Contained Operations                                |
==============================================================================
| DP_OP_2401J1_124_8794 | sub_72_C148_I3_rn (fusion_mul16_v2_pkg.sv:72)      |
|                      | C7654 (fusion_mul16_v2_pkg.sv:67)                   |
|                      | add_153_I3 (fusion_mul16_v2_product_pipe.sv:153)    |
|                      | C7655 (fusion_mul16_v2_pkg.sv:67)                   |
|                      | sub_72_C149_I3_rn (fusion_mul16_v2_pkg.sv:72)       |
|                      | sub_72_C182_I3_rn (fusion_mul16_v2_pkg.sv:72)       |
==============================================================================

==============================================================================
|       |      | Data     |       |                                          |
| Var   | Type | Class    | Width | Expression                               |
==============================================================================
| I1    | PI   | Unsigned | 4     |                                          |
| I2    | PI   | Unsigned | 1     |                                          |
| I3    | PI   | Unsigned | 1     |                                          |
| I4    | PI   | Unsigned | 1     |                                          |
| I5    | PI   | Unsigned | 1     |                                          |
| I6    | PI   | Unsigned | 4     |                                          |
| T30   | IFO  | Signed   | 6     | I1 - $unsigned(4'b1010) (fusion_mul16_v2_pkg.sv:72) |
| T144  | IFO  | Signed   | 6     | { I2, I3 } ? $signed(5'b10111) : T30 (fusion_mul16_v2_pkg.sv:67) |
| T145  | IFO  | Signed   | 6     | { I4, I5 } ? $signed(5'b10111) : O2 (fusion_mul16_v2_pkg.sv:67) |
| O1    | PO   | Signed   | 11    | T144 + T145 (fusion_mul16_v2_product_pipe.sv:153) |
| O2    | PO   | Signed   | 6     | I6 - $unsigned(4'b1010) (fusion_mul16_v2_pkg.sv:72) |
==============================================================================

Datapath Report for DP_OP_2402J1_125_8794
==============================================================================
| Cell                 | Contained Operations                                |
==============================================================================
| DP_OP_2402J1_125_8794 | sub_72_C148_I4_rn (fusion_mul16_v2_pkg.sv:72)      |
|                      | C7657 (fusion_mul16_v2_pkg.sv:67)                   |
|                      | add_153_I4 (fusion_mul16_v2_product_pipe.sv:153)    |
|                      | C7658 (fusion_mul16_v2_pkg.sv:67)                   |
|                      | sub_72_C149_I4_rn (fusion_mul16_v2_pkg.sv:72)       |
|                      | sub_72_C182_I4_rn (fusion_mul16_v2_pkg.sv:72)       |
==============================================================================

==============================================================================
|       |      | Data     |       |                                          |
| Var   | Type | Class    | Width | Expression                               |
==============================================================================
| I1    | PI   | Unsigned | 4     |                                          |
| I2    | PI   | Unsigned | 1     |                                          |
| I3    | PI   | Unsigned | 1     |                                          |
| I4    | PI   | Unsigned | 1     |                                          |
| I5    | PI   | Unsigned | 1     |                                          |
| I6    | PI   | Unsigned | 4     |                                          |
| T33   | IFO  | Signed   | 6     | I1 - $unsigned(4'b1010) (fusion_mul16_v2_pkg.sv:72) |
| T146  | IFO  | Signed   | 6     | { I2, I3 } ? $signed(5'b10111) : T33 (fusion_mul16_v2_pkg.sv:67) |
| T147  | IFO  | Signed   | 6     | { I4, I5 } ? $signed(5'b10111) : O2 (fusion_mul16_v2_pkg.sv:67) |
| O1    | PO   | Signed   | 11    | T146 + T147 (fusion_mul16_v2_product_pipe.sv:153) |
| O2    | PO   | Signed   | 6     | I6 - $unsigned(4'b1010) (fusion_mul16_v2_pkg.sv:72) |
==============================================================================

Datapath Report for DP_OP_2403J1_126_8794
==============================================================================
| Cell                 | Contained Operations                                |
==============================================================================
| DP_OP_2403J1_126_8794 | sub_72_C148_I5_rn (fusion_mul16_v2_pkg.sv:72)      |
|                      | C7660 (fusion_mul16_v2_pkg.sv:67)                   |
|                      | add_153_I5 (fusion_mul16_v2_product_pipe.sv:153)    |
|                      | C7661 (fusion_mul16_v2_pkg.sv:67)                   |
|                      | sub_72_C149_I5_rn (fusion_mul16_v2_pkg.sv:72)       |
|                      | sub_72_C182_I5_rn (fusion_mul16_v2_pkg.sv:72)       |
==============================================================================

==============================================================================
|       |      | Data     |       |                                          |
| Var   | Type | Class    | Width | Expression                               |
==============================================================================
| I1    | PI   | Unsigned | 4     |                                          |
| I2    | PI   | Unsigned | 1     |                                          |
| I3    | PI   | Unsigned | 1     |                                          |
| I4    | PI   | Unsigned | 1     |                                          |
| I5    | PI   | Unsigned | 1     |                                          |
| I6    | PI   | Unsigned | 4     |                                          |
| T36   | IFO  | Signed   | 6     | I1 - $unsigned(4'b1010) (fusion_mul16_v2_pkg.sv:72) |
| T148  | IFO  | Signed   | 6     | { I2, I3 } ? $signed(5'b10111) : T36 (fusion_mul16_v2_pkg.sv:67) |
| T149  | IFO  | Signed   | 6     | { I4, I5 } ? $signed(5'b10111) : O2 (fusion_mul16_v2_pkg.sv:67) |
| O1    | PO   | Signed   | 11    | T148 + T149 (fusion_mul16_v2_product_pipe.sv:153) |
| O2    | PO   | Signed   | 6     | I6 - $unsigned(4'b1010) (fusion_mul16_v2_pkg.sv:72) |
==============================================================================

Datapath Report for DP_OP_2404J1_127_8794
==============================================================================
| Cell                 | Contained Operations                                |
==============================================================================
| DP_OP_2404J1_127_8794 | sub_72_C148_I6_rn (fusion_mul16_v2_pkg.sv:72)      |
|                      | C7663 (fusion_mul16_v2_pkg.sv:67)                   |
|                      | add_153_I6 (fusion_mul16_v2_product_pipe.sv:153)    |
|                      | C7664 (fusion_mul16_v2_pkg.sv:67)                   |
|                      | sub_72_C149_I6_rn (fusion_mul16_v2_pkg.sv:72)       |
|                      | sub_72_C182_I6_rn (fusion_mul16_v2_pkg.sv:72)       |
==============================================================================

==============================================================================
|       |      | Data     |       |                                          |
| Var   | Type | Class    | Width | Expression                               |
==============================================================================
| I1    | PI   | Unsigned | 4     |                                          |
| I2    | PI   | Unsigned | 1     |                                          |
| I3    | PI   | Unsigned | 1     |                                          |
| I4    | PI   | Unsigned | 1     |                                          |
| I5    | PI   | Unsigned | 1     |                                          |
| I6    | PI   | Unsigned | 4     |                                          |
| T39   | IFO  | Signed   | 6     | I1 - $unsigned(4'b1010) (fusion_mul16_v2_pkg.sv:72) |
| T150  | IFO  | Signed   | 6     | { I2, I3 } ? $signed(5'b10111) : T39 (fusion_mul16_v2_pkg.sv:67) |
| T151  | IFO  | Signed   | 6     | { I4, I5 } ? $signed(5'b10111) : O2 (fusion_mul16_v2_pkg.sv:67) |
| O1    | PO   | Signed   | 11    | T150 + T151 (fusion_mul16_v2_product_pipe.sv:153) |
| O2    | PO   | Signed   | 6     | I6 - $unsigned(4'b1010) (fusion_mul16_v2_pkg.sv:72) |
==============================================================================

Datapath Report for DP_OP_2405J1_128_8794
==============================================================================
| Cell                 | Contained Operations                                |
==============================================================================
| DP_OP_2405J1_128_8794 | sub_72_C148_I7_rn (fusion_mul16_v2_pkg.sv:72)      |
|                      | C7666 (fusion_mul16_v2_pkg.sv:67)                   |
|                      | add_153_I7 (fusion_mul16_v2_product_pipe.sv:153)    |
|                      | C7667 (fusion_mul16_v2_pkg.sv:67)                   |
|                      | sub_72_C149_I7_rn (fusion_mul16_v2_pkg.sv:72)       |
|                      | sub_72_C182_I7_rn (fusion_mul16_v2_pkg.sv:72)       |
==============================================================================

==============================================================================
|       |      | Data     |       |                                          |
| Var   | Type | Class    | Width | Expression                               |
==============================================================================
| I1    | PI   | Unsigned | 4     |                                          |
| I2    | PI   | Unsigned | 1     |                                          |
| I3    | PI   | Unsigned | 1     |                                          |
| I4    | PI   | Unsigned | 1     |                                          |
| I5    | PI   | Unsigned | 1     |                                          |
| I6    | PI   | Unsigned | 4     |                                          |
| T42   | IFO  | Signed   | 6     | I1 - $unsigned(4'b1010) (fusion_mul16_v2_pkg.sv:72) |
| T152  | IFO  | Signed   | 6     | { I2, I3 } ? $signed(5'b10111) : T42 (fusion_mul16_v2_pkg.sv:67) |
| T153  | IFO  | Signed   | 6     | { I4, I5 } ? $signed(5'b10111) : O2 (fusion_mul16_v2_pkg.sv:67) |
| O1    | PO   | Signed   | 11    | T152 + T153 (fusion_mul16_v2_product_pipe.sv:153) |
| O2    | PO   | Signed   | 6     | I6 - $unsigned(4'b1010) (fusion_mul16_v2_pkg.sv:72) |
==============================================================================

Datapath Report for DP_OP_2406J1_129_8794
==============================================================================
| Cell                 | Contained Operations                                |
==============================================================================
| DP_OP_2406J1_129_8794 | sub_72_C148_I8_rn (fusion_mul16_v2_pkg.sv:72)      |
|                      | C7669 (fusion_mul16_v2_pkg.sv:67)                   |
|                      | add_153_I8 (fusion_mul16_v2_product_pipe.sv:153)    |
|                      | C7670 (fusion_mul16_v2_pkg.sv:67)                   |
|                      | sub_72_C149_I8_rn (fusion_mul16_v2_pkg.sv:72)       |
|                      | sub_72_C182_I8_rn (fusion_mul16_v2_pkg.sv:72)       |
==============================================================================

==============================================================================
|       |      | Data     |       |                                          |
| Var   | Type | Class    | Width | Expression                               |
==============================================================================
| I1    | PI   | Unsigned | 4     |                                          |
| I2    | PI   | Unsigned | 1     |                                          |
| I3    | PI   | Unsigned | 1     |                                          |
| I4    | PI   | Unsigned | 1     |                                          |
| I5    | PI   | Unsigned | 1     |                                          |
| I6    | PI   | Unsigned | 4     |                                          |
| T45   | IFO  | Signed   | 6     | I1 - $unsigned(4'b1010) (fusion_mul16_v2_pkg.sv:72) |
| T154  | IFO  | Signed   | 6     | { I2, I3 } ? $signed(5'b10111) : T45 (fusion_mul16_v2_pkg.sv:67) |
| T155  | IFO  | Signed   | 6     | { I4, I5 } ? $signed(5'b10111) : O2 (fusion_mul16_v2_pkg.sv:67) |
| O1    | PO   | Signed   | 11    | T154 + T155 (fusion_mul16_v2_product_pipe.sv:153) |
| O2    | PO   | Signed   | 6     | I6 - $unsigned(4'b1010) (fusion_mul16_v2_pkg.sv:72) |
==============================================================================

Datapath Report for DP_OP_2407J1_130_8794
==============================================================================
| Cell                 | Contained Operations                                |
==============================================================================
| DP_OP_2407J1_130_8794 | sub_72_C148_I9_rn (fusion_mul16_v2_pkg.sv:72)      |
|                      | C7672 (fusion_mul16_v2_pkg.sv:67)                   |
|                      | add_153_I9 (fusion_mul16_v2_product_pipe.sv:153)    |
|                      | C7673 (fusion_mul16_v2_pkg.sv:67)                   |
|                      | sub_72_C149_I9_rn (fusion_mul16_v2_pkg.sv:72)       |
|                      | sub_72_C182_I9_rn (fusion_mul16_v2_pkg.sv:72)       |
==============================================================================

==============================================================================
|       |      | Data     |       |                                          |
| Var   | Type | Class    | Width | Expression                               |
==============================================================================
| I1    | PI   | Unsigned | 4     |                                          |
| I2    | PI   | Unsigned | 1     |                                          |
| I3    | PI   | Unsigned | 1     |                                          |
| I4    | PI   | Unsigned | 1     |                                          |
| I5    | PI   | Unsigned | 1     |                                          |
| I6    | PI   | Unsigned | 4     |                                          |
| T48   | IFO  | Signed   | 6     | I1 - $unsigned(4'b1010) (fusion_mul16_v2_pkg.sv:72) |
| T156  | IFO  | Signed   | 6     | { I2, I3 } ? $signed(5'b10111) : T48 (fusion_mul16_v2_pkg.sv:67) |
| T157  | IFO  | Signed   | 6     | { I4, I5 } ? $signed(5'b10111) : O2 (fusion_mul16_v2_pkg.sv:67) |
| O1    | PO   | Signed   | 11    | T156 + T157 (fusion_mul16_v2_product_pipe.sv:153) |
| O2    | PO   | Signed   | 6     | I6 - $unsigned(4'b1010) (fusion_mul16_v2_pkg.sv:72) |
==============================================================================

Datapath Report for DP_OP_2408J1_131_8794
==============================================================================
| Cell                 | Contained Operations                                |
==============================================================================
| DP_OP_2408J1_131_8794 | sub_72_C148_I10_rn (fusion_mul16_v2_pkg.sv:72)     |
|                      | C7675 (fusion_mul16_v2_pkg.sv:67)                   |
|                      | add_153_I10 (fusion_mul16_v2_product_pipe.sv:153)   |
|                      | C7676 (fusion_mul16_v2_pkg.sv:67)                   |
|                      | sub_72_C149_I10_rn (fusion_mul16_v2_pkg.sv:72)      |
|                      | sub_72_C182_I10_rn (fusion_mul16_v2_pkg.sv:72)      |
==============================================================================

==============================================================================
|       |      | Data     |       |                                          |
| Var   | Type | Class    | Width | Expression                               |
==============================================================================
| I1    | PI   | Unsigned | 4     |                                          |
| I2    | PI   | Unsigned | 1     |                                          |
| I3    | PI   | Unsigned | 1     |                                          |
| I4    | PI   | Unsigned | 1     |                                          |
| I5    | PI   | Unsigned | 1     |                                          |
| I6    | PI   | Unsigned | 4     |                                          |
| T51   | IFO  | Signed   | 6     | I1 - $unsigned(4'b1010) (fusion_mul16_v2_pkg.sv:72) |
| T158  | IFO  | Signed   | 6     | { I2, I3 } ? $signed(5'b10111) : T51 (fusion_mul16_v2_pkg.sv:67) |
| T159  | IFO  | Signed   | 6     | { I4, I5 } ? $signed(5'b10111) : O2 (fusion_mul16_v2_pkg.sv:67) |
| O1    | PO   | Signed   | 11    | T158 + T159 (fusion_mul16_v2_product_pipe.sv:153) |
| O2    | PO   | Signed   | 6     | I6 - $unsigned(4'b1010) (fusion_mul16_v2_pkg.sv:72) |
==============================================================================

Datapath Report for DP_OP_2409J1_132_8794
==============================================================================
| Cell                 | Contained Operations                                |
==============================================================================
| DP_OP_2409J1_132_8794 | sub_72_C148_I11_rn (fusion_mul16_v2_pkg.sv:72)     |
|                      | C7678 (fusion_mul16_v2_pkg.sv:67)                   |
|                      | add_153_I11 (fusion_mul16_v2_product_pipe.sv:153)   |
|                      | C7679 (fusion_mul16_v2_pkg.sv:67)                   |
|                      | sub_72_C149_I11_rn (fusion_mul16_v2_pkg.sv:72)      |
|                      | sub_72_C182_I11_rn (fusion_mul16_v2_pkg.sv:72)      |
==============================================================================

==============================================================================
|       |      | Data     |       |                                          |
| Var   | Type | Class    | Width | Expression                               |
==============================================================================
| I1    | PI   | Unsigned | 4     |                                          |
| I2    | PI   | Unsigned | 1     |                                          |
| I3    | PI   | Unsigned | 1     |                                          |
| I4    | PI   | Unsigned | 1     |                                          |
| I5    | PI   | Unsigned | 1     |                                          |
| I6    | PI   | Unsigned | 4     |                                          |
| T54   | IFO  | Signed   | 6     | I1 - $unsigned(4'b1010) (fusion_mul16_v2_pkg.sv:72) |
| T160  | IFO  | Signed   | 6     | { I2, I3 } ? $signed(5'b10111) : T54 (fusion_mul16_v2_pkg.sv:67) |
| T161  | IFO  | Signed   | 6     | { I4, I5 } ? $signed(5'b10111) : O2 (fusion_mul16_v2_pkg.sv:67) |
| O1    | PO   | Signed   | 11    | T160 + T161 (fusion_mul16_v2_product_pipe.sv:153) |
| O2    | PO   | Signed   | 6     | I6 - $unsigned(4'b1010) (fusion_mul16_v2_pkg.sv:72) |
==============================================================================

Datapath Report for DP_OP_2410J1_133_8794
==============================================================================
| Cell                 | Contained Operations                                |
==============================================================================
| DP_OP_2410J1_133_8794 | sub_72_C148_I12_rn (fusion_mul16_v2_pkg.sv:72)     |
|                      | C7681 (fusion_mul16_v2_pkg.sv:67)                   |
|                      | add_153_I12 (fusion_mul16_v2_product_pipe.sv:153)   |
|                      | C7682 (fusion_mul16_v2_pkg.sv:67)                   |
|                      | sub_72_C149_I12_rn (fusion_mul16_v2_pkg.sv:72)      |
|                      | sub_72_C182_I12_rn (fusion_mul16_v2_pkg.sv:72)      |
==============================================================================

==============================================================================
|       |      | Data     |       |                                          |
| Var   | Type | Class    | Width | Expression                               |
==============================================================================
| I1    | PI   | Unsigned | 4     |                                          |
| I2    | PI   | Unsigned | 1     |                                          |
| I3    | PI   | Unsigned | 1     |                                          |
| I4    | PI   | Unsigned | 1     |                                          |
| I5    | PI   | Unsigned | 1     |                                          |
| I6    | PI   | Unsigned | 4     |                                          |
| T57   | IFO  | Signed   | 6     | I1 - $unsigned(4'b1010) (fusion_mul16_v2_pkg.sv:72) |
| T162  | IFO  | Signed   | 6     | { I2, I3 } ? $signed(5'b10111) : T57 (fusion_mul16_v2_pkg.sv:67) |
| T163  | IFO  | Signed   | 6     | { I4, I5 } ? $signed(5'b10111) : O2 (fusion_mul16_v2_pkg.sv:67) |
| O1    | PO   | Signed   | 11    | T162 + T163 (fusion_mul16_v2_product_pipe.sv:153) |
| O2    | PO   | Signed   | 6     | I6 - $unsigned(4'b1010) (fusion_mul16_v2_pkg.sv:72) |
==============================================================================

Datapath Report for DP_OP_2411J1_134_8794
==============================================================================
| Cell                 | Contained Operations                                |
==============================================================================
| DP_OP_2411J1_134_8794 | sub_72_C148_I13_rn (fusion_mul16_v2_pkg.sv:72)     |
|                      | C7684 (fusion_mul16_v2_pkg.sv:67)                   |
|                      | add_153_I13 (fusion_mul16_v2_product_pipe.sv:153)   |
|                      | C7685 (fusion_mul16_v2_pkg.sv:67)                   |
|                      | sub_72_C149_I13_rn (fusion_mul16_v2_pkg.sv:72)      |
|                      | sub_72_C182_I13_rn (fusion_mul16_v2_pkg.sv:72)      |
==============================================================================

==============================================================================
|       |      | Data     |       |                                          |
| Var   | Type | Class    | Width | Expression                               |
==============================================================================
| I1    | PI   | Unsigned | 4     |                                          |
| I2    | PI   | Unsigned | 1     |                                          |
| I3    | PI   | Unsigned | 1     |                                          |
| I4    | PI   | Unsigned | 1     |                                          |
| I5    | PI   | Unsigned | 1     |                                          |
| I6    | PI   | Unsigned | 4     |                                          |
| T60   | IFO  | Signed   | 6     | I1 - $unsigned(4'b1010) (fusion_mul16_v2_pkg.sv:72) |
| T164  | IFO  | Signed   | 6     | { I2, I3 } ? $signed(5'b10111) : T60 (fusion_mul16_v2_pkg.sv:67) |
| T165  | IFO  | Signed   | 6     | { I4, I5 } ? $signed(5'b10111) : O2 (fusion_mul16_v2_pkg.sv:67) |
| O1    | PO   | Signed   | 11    | T164 + T165 (fusion_mul16_v2_product_pipe.sv:153) |
| O2    | PO   | Signed   | 6     | I6 - $unsigned(4'b1010) (fusion_mul16_v2_pkg.sv:72) |
==============================================================================

Datapath Report for DP_OP_2412J1_135_8794
==============================================================================
| Cell                 | Contained Operations                                |
==============================================================================
| DP_OP_2412J1_135_8794 | sub_72_C148_I14_rn (fusion_mul16_v2_pkg.sv:72)     |
|                      | C7687 (fusion_mul16_v2_pkg.sv:67)                   |
|                      | add_153_I14 (fusion_mul16_v2_product_pipe.sv:153)   |
|                      | C7688 (fusion_mul16_v2_pkg.sv:67)                   |
|                      | sub_72_C149_I14_rn (fusion_mul16_v2_pkg.sv:72)      |
|                      | sub_72_C182_I14_rn (fusion_mul16_v2_pkg.sv:72)      |
==============================================================================

==============================================================================
|       |      | Data     |       |                                          |
| Var   | Type | Class    | Width | Expression                               |
==============================================================================
| I1    | PI   | Unsigned | 4     |                                          |
| I2    | PI   | Unsigned | 1     |                                          |
| I3    | PI   | Unsigned | 1     |                                          |
| I4    | PI   | Unsigned | 1     |                                          |
| I5    | PI   | Unsigned | 1     |                                          |
| I6    | PI   | Unsigned | 4     |                                          |
| T63   | IFO  | Signed   | 6     | I1 - $unsigned(4'b1010) (fusion_mul16_v2_pkg.sv:72) |
| T166  | IFO  | Signed   | 6     | { I2, I3 } ? $signed(5'b10111) : T63 (fusion_mul16_v2_pkg.sv:67) |
| T167  | IFO  | Signed   | 6     | { I4, I5 } ? $signed(5'b10111) : O2 (fusion_mul16_v2_pkg.sv:67) |
| O1    | PO   | Signed   | 11    | T166 + T167 (fusion_mul16_v2_product_pipe.sv:153) |
| O2    | PO   | Signed   | 6     | I6 - $unsigned(4'b1010) (fusion_mul16_v2_pkg.sv:72) |
==============================================================================

Datapath Report for DP_OP_2413J1_136_8794
==============================================================================
| Cell                 | Contained Operations                                |
==============================================================================
| DP_OP_2413J1_136_8794 | sub_72_C148_I15_rn (fusion_mul16_v2_pkg.sv:72)     |
|                      | C7690 (fusion_mul16_v2_pkg.sv:67)                   |
|                      | add_153_I15 (fusion_mul16_v2_product_pipe.sv:153)   |
|                      | C7691 (fusion_mul16_v2_pkg.sv:67)                   |
|                      | sub_72_C149_I15_rn (fusion_mul16_v2_pkg.sv:72)      |
|                      | sub_72_C182_I15_rn (fusion_mul16_v2_pkg.sv:72)      |
==============================================================================

==============================================================================
|       |      | Data     |       |                                          |
| Var   | Type | Class    | Width | Expression                               |
==============================================================================
| I1    | PI   | Unsigned | 4     |                                          |
| I2    | PI   | Unsigned | 1     |                                          |
| I3    | PI   | Unsigned | 1     |                                          |
| I4    | PI   | Unsigned | 1     |                                          |
| I5    | PI   | Unsigned | 1     |                                          |
| I6    | PI   | Unsigned | 4     |                                          |
| T66   | IFO  | Signed   | 6     | I1 - $unsigned(4'b1010) (fusion_mul16_v2_pkg.sv:72) |
| T168  | IFO  | Signed   | 6     | { I2, I3 } ? $signed(5'b10111) : T66 (fusion_mul16_v2_pkg.sv:67) |
| T169  | IFO  | Signed   | 6     | { I4, I5 } ? $signed(5'b10111) : O2 (fusion_mul16_v2_pkg.sv:67) |
| O1    | PO   | Signed   | 11    | T168 + T169 (fusion_mul16_v2_product_pipe.sv:153) |
| O2    | PO   | Signed   | 6     | I6 - $unsigned(4'b1010) (fusion_mul16_v2_pkg.sv:72) |
==============================================================================

Datapath Report for DP_OP_2414J1_137_8794
==============================================================================
| Cell                 | Contained Operations                                |
==============================================================================
| DP_OP_2414J1_137_8794 | sub_72_C148_I16_rn (fusion_mul16_v2_pkg.sv:72)     |
|                      | C7693 (fusion_mul16_v2_pkg.sv:67)                   |
|                      | add_153_I16 (fusion_mul16_v2_product_pipe.sv:153)   |
|                      | C7694 (fusion_mul16_v2_pkg.sv:67)                   |
|                      | sub_72_C149_I16_rn (fusion_mul16_v2_pkg.sv:72)      |
|                      | sub_72_C182_I16_rn (fusion_mul16_v2_pkg.sv:72)      |
==============================================================================

==============================================================================
|       |      | Data     |       |                                          |
| Var   | Type | Class    | Width | Expression                               |
==============================================================================
| I1    | PI   | Unsigned | 4     |                                          |
| I2    | PI   | Unsigned | 1     |                                          |
| I3    | PI   | Unsigned | 1     |                                          |
| I4    | PI   | Unsigned | 1     |                                          |
| I5    | PI   | Unsigned | 1     |                                          |
| I6    | PI   | Unsigned | 4     |                                          |
| T69   | IFO  | Signed   | 6     | I1 - $unsigned(4'b1010) (fusion_mul16_v2_pkg.sv:72) |
| T170  | IFO  | Signed   | 6     | { I2, I3 } ? $signed(5'b10111) : T69 (fusion_mul16_v2_pkg.sv:67) |
| T171  | IFO  | Signed   | 6     | { I4, I5 } ? $signed(5'b10111) : O2 (fusion_mul16_v2_pkg.sv:67) |
| O1    | PO   | Signed   | 11    | T170 + T171 (fusion_mul16_v2_product_pipe.sv:153) |
| O2    | PO   | Signed   | 6     | I6 - $unsigned(4'b1010) (fusion_mul16_v2_pkg.sv:72) |
==============================================================================

Datapath Report for DP_OP_2415J1_138_1290
==============================================================================
| Cell                 | Contained Operations                                |
==============================================================================
| DP_OP_2415J1_138_1290 | sub_95_C159_rn (fusion_mul16_v2_pkg.sv:95)         |
|                      | C7696 (fusion_mul16_v2_pkg.sv:90)                   |
|                      | add_171 (fusion_mul16_v2_product_pipe.sv:171)       |
|                      | C7698 (fusion_mul16_v2_pkg.sv:90)                   |
|                      | sub_95_C160_rn (fusion_mul16_v2_pkg.sv:95)          |
==============================================================================

==============================================================================
|       |      | Data     |       |                                          |
| Var   | Type | Class    | Width | Expression                               |
==============================================================================
| I1    | PI   | Unsigned | 8     |                                          |
| I2    | PI   | Unsigned | 1     |                                          |
| I3    | PI   | Unsigned | 1     |                                          |
| I4    | PI   | Unsigned | 1     |                                          |
| I5    | PI   | Unsigned | 1     |                                          |
| I6    | PI   | Unsigned | 8     |                                          |
| T72   | IFO  | Signed   | 10    | I1 - $unsigned(8'b10000110) (fusion_mul16_v2_pkg.sv:95) |
| T172  | IFO  | Signed   | 10    | { I2, I3 } ? $signed(9'b101111011) : T72 (fusion_mul16_v2_pkg.sv:90) |
| T73   | IFO  | Signed   | 10    | I6 - $unsigned(8'b10000110) (fusion_mul16_v2_pkg.sv:95) |
| T173  | IFO  | Signed   | 10    | { I4, I5 } ? $signed(9'b101111011) : T73 (fusion_mul16_v2_pkg.sv:90) |
| O1    | PO   | Signed   | 11    | T172 + T173 (fusion_mul16_v2_product_pipe.sv:171) |
==============================================================================

Datapath Report for DP_OP_2416J1_139_1290
==============================================================================
| Cell                 | Contained Operations                                |
==============================================================================
| DP_OP_2416J1_139_1290 | sub_95_C159_I2_rn (fusion_mul16_v2_pkg.sv:95)      |
|                      | C7700 (fusion_mul16_v2_pkg.sv:90)                   |
|                      | add_171_I2 (fusion_mul16_v2_product_pipe.sv:171)    |
|                      | C7702 (fusion_mul16_v2_pkg.sv:90)                   |
|                      | sub_95_C160_I2_rn (fusion_mul16_v2_pkg.sv:95)       |
==============================================================================

==============================================================================
|       |      | Data     |       |                                          |
| Var   | Type | Class    | Width | Expression                               |
==============================================================================
| I1    | PI   | Unsigned | 8     |                                          |
| I2    | PI   | Unsigned | 1     |                                          |
| I3    | PI   | Unsigned | 1     |                                          |
| I4    | PI   | Unsigned | 1     |                                          |
| I5    | PI   | Unsigned | 1     |                                          |
| I6    | PI   | Unsigned | 8     |                                          |
| T75   | IFO  | Signed   | 10    | I1 - $unsigned(8'b10000110) (fusion_mul16_v2_pkg.sv:95) |
| T174  | IFO  | Signed   | 10    | { I2, I3 } ? $signed(9'b101111011) : T75 (fusion_mul16_v2_pkg.sv:90) |
| T76   | IFO  | Signed   | 10    | I6 - $unsigned(8'b10000110) (fusion_mul16_v2_pkg.sv:95) |
| T175  | IFO  | Signed   | 10    | { I4, I5 } ? $signed(9'b101111011) : T76 (fusion_mul16_v2_pkg.sv:90) |
| O1    | PO   | Signed   | 11    | T174 + T175 (fusion_mul16_v2_product_pipe.sv:171) |
==============================================================================

Datapath Report for DP_OP_2417J1_140_1290
==============================================================================
| Cell                 | Contained Operations                                |
==============================================================================
| DP_OP_2417J1_140_1290 | sub_95_C159_I3_rn (fusion_mul16_v2_pkg.sv:95)      |
|                      | C7704 (fusion_mul16_v2_pkg.sv:90)                   |
|                      | add_171_I3 (fusion_mul16_v2_product_pipe.sv:171)    |
|                      | C7706 (fusion_mul16_v2_pkg.sv:90)                   |
|                      | sub_95_C160_I3_rn (fusion_mul16_v2_pkg.sv:95)       |
==============================================================================

==============================================================================
|       |      | Data     |       |                                          |
| Var   | Type | Class    | Width | Expression                               |
==============================================================================
| I1    | PI   | Unsigned | 8     |                                          |
| I2    | PI   | Unsigned | 1     |                                          |
| I3    | PI   | Unsigned | 1     |                                          |
| I4    | PI   | Unsigned | 1     |                                          |
| I5    | PI   | Unsigned | 1     |                                          |
| I6    | PI   | Unsigned | 8     |                                          |
| T78   | IFO  | Signed   | 10    | I1 - $unsigned(8'b10000110) (fusion_mul16_v2_pkg.sv:95) |
| T176  | IFO  | Signed   | 10    | { I2, I3 } ? $signed(9'b101111011) : T78 (fusion_mul16_v2_pkg.sv:90) |
| T79   | IFO  | Signed   | 10    | I6 - $unsigned(8'b10000110) (fusion_mul16_v2_pkg.sv:95) |
| T177  | IFO  | Signed   | 10    | { I4, I5 } ? $signed(9'b101111011) : T79 (fusion_mul16_v2_pkg.sv:90) |
| O1    | PO   | Signed   | 11    | T176 + T177 (fusion_mul16_v2_product_pipe.sv:171) |
==============================================================================

Datapath Report for DP_OP_2418J1_141_1290
==============================================================================
| Cell                 | Contained Operations                                |
==============================================================================
| DP_OP_2418J1_141_1290 | sub_95_C159_I4_rn (fusion_mul16_v2_pkg.sv:95)      |
|                      | C7708 (fusion_mul16_v2_pkg.sv:90)                   |
|                      | add_171_I4 (fusion_mul16_v2_product_pipe.sv:171)    |
|                      | C7710 (fusion_mul16_v2_pkg.sv:90)                   |
|                      | sub_95_C160_I4_rn (fusion_mul16_v2_pkg.sv:95)       |
==============================================================================

==============================================================================
|       |      | Data     |       |                                          |
| Var   | Type | Class    | Width | Expression                               |
==============================================================================
| I1    | PI   | Unsigned | 8     |                                          |
| I2    | PI   | Unsigned | 1     |                                          |
| I3    | PI   | Unsigned | 1     |                                          |
| I4    | PI   | Unsigned | 1     |                                          |
| I5    | PI   | Unsigned | 1     |                                          |
| I6    | PI   | Unsigned | 8     |                                          |
| T81   | IFO  | Signed   | 10    | I1 - $unsigned(8'b10000110) (fusion_mul16_v2_pkg.sv:95) |
| T178  | IFO  | Signed   | 10    | { I2, I3 } ? $signed(9'b101111011) : T81 (fusion_mul16_v2_pkg.sv:90) |
| T82   | IFO  | Signed   | 10    | I6 - $unsigned(8'b10000110) (fusion_mul16_v2_pkg.sv:95) |
| T179  | IFO  | Signed   | 10    | { I4, I5 } ? $signed(9'b101111011) : T82 (fusion_mul16_v2_pkg.sv:90) |
| O1    | PO   | Signed   | 11    | T178 + T179 (fusion_mul16_v2_product_pipe.sv:171) |
==============================================================================

Datapath Report for DP_OP_2419J1_142_7357
==============================================================================
| Cell                 | Contained Operations                                |
==============================================================================
| DP_OP_2419J1_142_7357 | add_311_2 (fusion_mul16_v2_product_pipe.sv:311)    |
|                      | add_320_2 (fusion_mul16_v2_product_pipe.sv:320)     |
|                      | add_320_4 (fusion_mul16_v2_product_pipe.sv:320)     |
|                      | add_320_6 (fusion_mul16_v2_product_pipe.sv:320)     |
|                      | add_339_2 (fusion_mul16_v2_product_pipe.sv:339)     |
|                      | add_339_4 (fusion_mul16_v2_product_pipe.sv:339)     |
|                      | add_339_6 (fusion_mul16_v2_product_pipe.sv:339)     |
|                      | sub_108_C313_rn (fusion_mul16_v2_pkg.sv:108)        |
==============================================================================

==============================================================================
|       |      | Data     |       |                                          |
| Var   | Type | Class    | Width | Expression                               |
==============================================================================
| I1    | PI   | Unsigned | 8     |                                          |
| I2    | PI   | Unsigned | 12    |                                          |
| I3    | PI   | Unsigned | 12    |                                          |
| I4    | PI   | Unsigned | 16    |                                          |
| O1    | PO   | Unsigned | 13    | I1 + I2 ( fusion_mul16_v2_product_pipe.sv:311 fusion_mul16_v2_product_pipe.sv:320 fusion_mul16_v2_product_pipe.sv:339 ) |
| O2    | PO   | Signed   | 15    | $signed(1'b0) - O1 (fusion_mul16_v2_pkg.sv:108) |
| O3    | PO   | Unsigned | 16    | I3 + I4 + O1 ( fusion_mul16_v2_product_pipe.sv:320 fusion_mul16_v2_product_pipe.sv:339 ) |
==============================================================================

Datapath Report for DP_OP_2420J1_143_8884
==============================================================================
| Cell                 | Contained Operations                                |
==============================================================================
| DP_OP_2420J1_143_8884 | add_311_2_I2 (fusion_mul16_v2_product_pipe.sv:311) |
|                      | sub_108_C313_I2_rn (fusion_mul16_v2_pkg.sv:108)     |
==============================================================================

==============================================================================
|       |      | Data     |       |                                          |
| Var   | Type | Class    | Width | Expression                               |
==============================================================================
| I1    | PI   | Unsigned | 8     |                                          |
| I2    | PI   | Unsigned | 12    |                                          |
| O1    | PO   | Unsigned | 13    | I1 + I2 (fusion_mul16_v2_product_pipe.sv:311) |
| O2    | PO   | Signed   | 15    | $signed(1'b0) - O1 (fusion_mul16_v2_pkg.sv:108) |
==============================================================================

Datapath Report for DP_OP_2421J1_144_7357
==============================================================================
| Cell                 | Contained Operations                                |
==============================================================================
| DP_OP_2421J1_144_7357 | add_311_2_I3 (fusion_mul16_v2_product_pipe.sv:311) |
|                      | add_320_2_I2 (fusion_mul16_v2_product_pipe.sv:320)  |
|                      | add_320_4_I2 (fusion_mul16_v2_product_pipe.sv:320)  |
|                      | add_320_6_I2 (fusion_mul16_v2_product_pipe.sv:320)  |
|                      | add_339_2_I2 (fusion_mul16_v2_product_pipe.sv:339)  |
|                      | add_339_4_I2 (fusion_mul16_v2_product_pipe.sv:339)  |
|                      | add_339_6_I2 (fusion_mul16_v2_product_pipe.sv:339)  |
|                      | sub_108_C313_I3_rn (fusion_mul16_v2_pkg.sv:108)     |
==============================================================================

==============================================================================
|       |      | Data     |       |                                          |
| Var   | Type | Class    | Width | Expression                               |
==============================================================================
| I1    | PI   | Unsigned | 8     |                                          |
| I2    | PI   | Unsigned | 12    |                                          |
| I3    | PI   | Unsigned | 12    |                                          |
| I4    | PI   | Unsigned | 16    |                                          |
| O1    | PO   | Unsigned | 13    | I1 + I2 ( fusion_mul16_v2_product_pipe.sv:311 fusion_mul16_v2_product_pipe.sv:320 fusion_mul16_v2_product_pipe.sv:339 ) |
| O2    | PO   | Signed   | 15    | $signed(1'b0) - O1 (fusion_mul16_v2_pkg.sv:108) |
| O3    | PO   | Unsigned | 16    | I3 + I4 + O1 ( fusion_mul16_v2_product_pipe.sv:320 fusion_mul16_v2_product_pipe.sv:339 ) |
==============================================================================

Datapath Report for DP_OP_2422J1_145_8884
==============================================================================
| Cell                 | Contained Operations                                |
==============================================================================
| DP_OP_2422J1_145_8884 | add_311_2_I4 (fusion_mul16_v2_product_pipe.sv:311) |
|                      | sub_108_C313_I4_rn (fusion_mul16_v2_pkg.sv:108)     |
==============================================================================

==============================================================================
|       |      | Data     |       |                                          |
| Var   | Type | Class    | Width | Expression                               |
==============================================================================
| I1    | PI   | Unsigned | 8     |                                          |
| I2    | PI   | Unsigned | 12    |                                          |
| O1    | PO   | Unsigned | 13    | I1 + I2 (fusion_mul16_v2_product_pipe.sv:311) |
| O2    | PO   | Signed   | 15    | $signed(1'b0) - O1 (fusion_mul16_v2_pkg.sv:108) |
==============================================================================

Datapath Report for DP_OP_2423J1_146_7357
==============================================================================
| Cell                 | Contained Operations                                |
==============================================================================
| DP_OP_2423J1_146_7357 | add_311_2_I5 (fusion_mul16_v2_product_pipe.sv:311) |
|                      | add_320_2_I3 (fusion_mul16_v2_product_pipe.sv:320)  |
|                      | add_320_4_I3 (fusion_mul16_v2_product_pipe.sv:320)  |
|                      | add_320_6_I3 (fusion_mul16_v2_product_pipe.sv:320)  |
|                      | add_339_2_I3 (fusion_mul16_v2_product_pipe.sv:339)  |
|                      | add_339_4_I3 (fusion_mul16_v2_product_pipe.sv:339)  |
|                      | add_339_6_I3 (fusion_mul16_v2_product_pipe.sv:339)  |
|                      | sub_108_C313_I5_rn (fusion_mul16_v2_pkg.sv:108)     |
==============================================================================

==============================================================================
|       |      | Data     |       |                                          |
| Var   | Type | Class    | Width | Expression                               |
==============================================================================
| I1    | PI   | Unsigned | 8     |                                          |
| I2    | PI   | Unsigned | 12    |                                          |
| I3    | PI   | Unsigned | 12    |                                          |
| I4    | PI   | Unsigned | 16    |                                          |
| O1    | PO   | Unsigned | 13    | I1 + I2 ( fusion_mul16_v2_product_pipe.sv:311 fusion_mul16_v2_product_pipe.sv:320 fusion_mul16_v2_product_pipe.sv:339 ) |
| O2    | PO   | Signed   | 15    | $signed(1'b0) - O1 (fusion_mul16_v2_pkg.sv:108) |
| O3    | PO   | Unsigned | 16    | I3 + I4 + O1 ( fusion_mul16_v2_product_pipe.sv:320 fusion_mul16_v2_product_pipe.sv:339 ) |
==============================================================================

Datapath Report for DP_OP_2424J1_147_8884
==============================================================================
| Cell                 | Contained Operations                                |
==============================================================================
| DP_OP_2424J1_147_8884 | add_311_2_I6 (fusion_mul16_v2_product_pipe.sv:311) |
|                      | sub_108_C313_I6_rn (fusion_mul16_v2_pkg.sv:108)     |
==============================================================================

==============================================================================
|       |      | Data     |       |                                          |
| Var   | Type | Class    | Width | Expression                               |
==============================================================================
| I1    | PI   | Unsigned | 8     |                                          |
| I2    | PI   | Unsigned | 12    |                                          |
| O1    | PO   | Unsigned | 13    | I1 + I2 (fusion_mul16_v2_product_pipe.sv:311) |
| O2    | PO   | Signed   | 15    | $signed(1'b0) - O1 (fusion_mul16_v2_pkg.sv:108) |
==============================================================================

Datapath Report for DP_OP_2425J1_148_7357
==============================================================================
| Cell                 | Contained Operations                                |
==============================================================================
| DP_OP_2425J1_148_7357 | add_311_2_I7 (fusion_mul16_v2_product_pipe.sv:311) |
|                      | add_320_2_I4 (fusion_mul16_v2_product_pipe.sv:320)  |
|                      | add_320_4_I4 (fusion_mul16_v2_product_pipe.sv:320)  |
|                      | add_320_6_I4 (fusion_mul16_v2_product_pipe.sv:320)  |
|                      | add_339_2_I4 (fusion_mul16_v2_product_pipe.sv:339)  |
|                      | add_339_4_I4 (fusion_mul16_v2_product_pipe.sv:339)  |
|                      | add_339_6_I4 (fusion_mul16_v2_product_pipe.sv:339)  |
|                      | sub_108_C313_I7_rn (fusion_mul16_v2_pkg.sv:108)     |
==============================================================================

==============================================================================
|       |      | Data     |       |                                          |
| Var   | Type | Class    | Width | Expression                               |
==============================================================================
| I1    | PI   | Unsigned | 8     |                                          |
| I2    | PI   | Unsigned | 12    |                                          |
| I3    | PI   | Unsigned | 12    |                                          |
| I4    | PI   | Unsigned | 16    |                                          |
| O1    | PO   | Unsigned | 13    | I1 + I2 ( fusion_mul16_v2_product_pipe.sv:311 fusion_mul16_v2_product_pipe.sv:320 fusion_mul16_v2_product_pipe.sv:339 ) |
| O2    | PO   | Signed   | 15    | $signed(1'b0) - O1 (fusion_mul16_v2_pkg.sv:108) |
| O3    | PO   | Unsigned | 16    | I3 + I4 + O1 ( fusion_mul16_v2_product_pipe.sv:320 fusion_mul16_v2_product_pipe.sv:339 ) |
==============================================================================

Datapath Report for DP_OP_2426J1_149_8884
==============================================================================
| Cell                 | Contained Operations                                |
==============================================================================
| DP_OP_2426J1_149_8884 | add_311_2_I8 (fusion_mul16_v2_product_pipe.sv:311) |
|                      | sub_108_C313_I8_rn (fusion_mul16_v2_pkg.sv:108)     |
==============================================================================

==============================================================================
|       |      | Data     |       |                                          |
| Var   | Type | Class    | Width | Expression                               |
==============================================================================
| I1    | PI   | Unsigned | 8     |                                          |
| I2    | PI   | Unsigned | 12    |                                          |
| O1    | PO   | Unsigned | 13    | I1 + I2 (fusion_mul16_v2_product_pipe.sv:311) |
| O2    | PO   | Signed   | 15    | $signed(1'b0) - O1 (fusion_mul16_v2_pkg.sv:108) |
==============================================================================

Datapath Report for DP_OP_2427J1_150_825
==============================================================================
| Cell                 | Contained Operations                                |
==============================================================================
| DP_OP_2427J1_150_825 | G_BF16_PACK[0].u_pack/add_51 (raw16_to_bf16_rne.sv:51) |
                    | G_BF16_PACK[0].u_pack/gt_52 (raw16_to_bf16_rne.sv:52) |
                     | G_BF16_PACK[0].u_pack/lt_54 (raw16_to_bf16_rne.sv:54) |
                     | G_BF16_PACK[0].u_pack/add_70 (raw16_to_bf16_rne.sv:70) |
==============================================================================

==============================================================================
|       |      | Data     |       |                                          |
| Var   | Type | Class    | Width | Expression                               |
==============================================================================
| I1    | PI   | Signed   | 11    |                                          |
| I2    | PI   | Unsigned | 4     |                                          |
| O1    | PO   | Signed   | 12    | I1 + I2 (raw16_to_bf16_rne.sv:51)        |
| O2    | PO   | Signed   | 1     | O1 > $signed(8'b01111111) (raw16_to_bf16_rne.sv:52) |
| O3    | PO   | Signed   | 1     | O1 < $signed(8'b10000010) (raw16_to_bf16_rne.sv:54) |
| O4    | PO   | Signed   | 13    | O1 + $unsigned(1'b1) (raw16_to_bf16_rne.sv:70) |
==============================================================================

Datapath Report for DP_OP_2428J1_151_5753
==============================================================================
| Cell                 | Contained Operations                                |
==============================================================================
| DP_OP_2428J1_151_5753 | G_BF16_PACK[0].u_pack/sub_59 (raw16_to_bf16_rne.sv:59) |
                   | G_BF16_PACK[0].u_pack/sub_64 (raw16_to_bf16_rne.sv:64) |
                    | G_BF16_PACK[0].u_pack/sub_64_I2 (raw16_to_bf16_rne.sv:64) |
                 | G_BF16_PACK[0].u_pack/lt_64 (raw16_to_bf16_rne.sv:64) |
                     | G_BF16_PACK[0].u_pack/lt_64_I3 (raw16_to_bf16_rne.sv:64) |
                  | G_BF16_PACK[0].u_pack/lt_64_I4 (raw16_to_bf16_rne.sv:64) |
                  | G_BF16_PACK[0].u_pack/lt_64_I5 (raw16_to_bf16_rne.sv:64) |
                  | G_BF16_PACK[0].u_pack/lt_64_I6 (raw16_to_bf16_rne.sv:64) |
                  | G_BF16_PACK[0].u_pack/lt_64_I7 (raw16_to_bf16_rne.sv:64) |
                  | G_BF16_PACK[0].u_pack/lt_64_I8 (raw16_to_bf16_rne.sv:64) |
                  | G_BF16_PACK[0].u_pack/lt_64_I9 (raw16_to_bf16_rne.sv:64) |
                  | G_BF16_PACK[0].u_pack/lt_64_I10 (raw16_to_bf16_rne.sv:64) |
                 | G_BF16_PACK[0].u_pack/lt_64_I11 (raw16_to_bf16_rne.sv:64) |
                 | G_BF16_PACK[0].u_pack/lt_64_I12 (raw16_to_bf16_rne.sv:64) |
                 | G_BF16_PACK[0].u_pack/lt_64_I13 (raw16_to_bf16_rne.sv:64) |
                 | G_BF16_PACK[0].u_pack/lt_64_I14 (raw16_to_bf16_rne.sv:64) |
                 | G_BF16_PACK[0].u_pack/lt_64_I15 (raw16_to_bf16_rne.sv:64) |
                 | G_BF16_PACK[0].u_pack/lt_64_I2 (raw16_to_bf16_rne.sv:64) |
==============================================================================

==============================================================================
|       |      | Data     |       |                                          |
| Var   | Type | Class    | Width | Expression                               |
==============================================================================
| I1    | PI   | Unsigned | 4     |                                          |
| T289  | IFO  | Signed   | 7     | O1 - $unsigned(1'b1) (raw16_to_bf16_rne.sv:64) |
| O1    | PO   | Signed   | 6     | I1 - $unsigned(3'b111) (raw16_to_bf16_rne.sv:59) |
| O2    | PO   | Signed   | 1     | $signed(1'b0) < T289 (raw16_to_bf16_rne.sv:64) |
| O3    | PO   | Signed   | 1     | $signed(3'b010) < T289 (raw16_to_bf16_rne.sv:64) |
| O4    | PO   | Signed   | 1     | $signed(3'b011) < T289 (raw16_to_bf16_rne.sv:64) |
| O5    | PO   | Signed   | 1     | $signed(4'b0100) < T289 (raw16_to_bf16_rne.sv:64) |
| O6    | PO   | Signed   | 1     | $signed(4'b0101) < T289 (raw16_to_bf16_rne.sv:64) |
| O7    | PO   | Signed   | 1     | $signed(4'b0110) < T289 (raw16_to_bf16_rne.sv:64) |
| O8    | PO   | Signed   | 1     | $signed(4'b0111) < T289 (raw16_to_bf16_rne.sv:64) |
| O9    | PO   | Signed   | 1     | $signed(5'b01000) < T289 (raw16_to_bf16_rne.sv:64) |
| O10   | PO   | Signed   | 1     | $signed(5'b01001) < T289 (raw16_to_bf16_rne.sv:64) |
| O11   | PO   | Signed   | 1     | $signed(5'b01010) < T289 (raw16_to_bf16_rne.sv:64) |
| O12   | PO   | Signed   | 1     | $signed(5'b01011) < T289 (raw16_to_bf16_rne.sv:64) |
| O13   | PO   | Signed   | 1     | $signed(5'b01100) < T289 (raw16_to_bf16_rne.sv:64) |
| O14   | PO   | Signed   | 1     | $signed(5'b01101) < T289 (raw16_to_bf16_rne.sv:64) |
| O15   | PO   | Signed   | 1     | $signed(5'b01110) < T289 (raw16_to_bf16_rne.sv:64) |
| O16   | PO   | Signed   | 1     | $signed(2'b01) < T289 (raw16_to_bf16_rne.sv:64) |
==============================================================================

Datapath Report for DP_OP_2429J1_152_825
==============================================================================
| Cell                 | Contained Operations                                |
==============================================================================
| DP_OP_2429J1_152_825 | G_BF16_PACK[15].u_pack/add_51 (raw16_to_bf16_rne.sv:51) |
                   | G_BF16_PACK[15].u_pack/gt_52 (raw16_to_bf16_rne.sv:52) |
                    | G_BF16_PACK[15].u_pack/lt_54 (raw16_to_bf16_rne.sv:54) |
                    | G_BF16_PACK[15].u_pack/add_70 (raw16_to_bf16_rne.sv:70) |
==============================================================================

==============================================================================
|       |      | Data     |       |                                          |
| Var   | Type | Class    | Width | Expression                               |
==============================================================================
| I1    | PI   | Signed   | 11    |                                          |
| I2    | PI   | Unsigned | 4     |                                          |
| O1    | PO   | Signed   | 12    | I1 + I2 (raw16_to_bf16_rne.sv:51)        |
| O2    | PO   | Signed   | 1     | O1 > $signed(8'b01111111) (raw16_to_bf16_rne.sv:52) |
| O3    | PO   | Signed   | 1     | O1 < $signed(8'b10000010) (raw16_to_bf16_rne.sv:54) |
| O4    | PO   | Signed   | 13    | O1 + $unsigned(1'b1) (raw16_to_bf16_rne.sv:70) |
==============================================================================

Datapath Report for DP_OP_2430J1_153_5753
==============================================================================
| Cell                 | Contained Operations                                |
==============================================================================
| DP_OP_2430J1_153_5753 | G_BF16_PACK[15].u_pack/sub_59 (raw16_to_bf16_rne.sv:59) |
                  | G_BF16_PACK[15].u_pack/sub_64 (raw16_to_bf16_rne.sv:64) |
                   | G_BF16_PACK[15].u_pack/sub_64_I2 (raw16_to_bf16_rne.sv:64) |
                | G_BF16_PACK[15].u_pack/lt_64 (raw16_to_bf16_rne.sv:64) |
                    | G_BF16_PACK[15].u_pack/lt_64_I3 (raw16_to_bf16_rne.sv:64) |
                 | G_BF16_PACK[15].u_pack/lt_64_I4 (raw16_to_bf16_rne.sv:64) |
                 | G_BF16_PACK[15].u_pack/lt_64_I5 (raw16_to_bf16_rne.sv:64) |
                 | G_BF16_PACK[15].u_pack/lt_64_I6 (raw16_to_bf16_rne.sv:64) |
                 | G_BF16_PACK[15].u_pack/lt_64_I7 (raw16_to_bf16_rne.sv:64) |
                 | G_BF16_PACK[15].u_pack/lt_64_I8 (raw16_to_bf16_rne.sv:64) |
                 | G_BF16_PACK[15].u_pack/lt_64_I9 (raw16_to_bf16_rne.sv:64) |
                 | G_BF16_PACK[15].u_pack/lt_64_I10 (raw16_to_bf16_rne.sv:64) |
                | G_BF16_PACK[15].u_pack/lt_64_I11 (raw16_to_bf16_rne.sv:64) |
                | G_BF16_PACK[15].u_pack/lt_64_I12 (raw16_to_bf16_rne.sv:64) |
                | G_BF16_PACK[15].u_pack/lt_64_I13 (raw16_to_bf16_rne.sv:64) |
                | G_BF16_PACK[15].u_pack/lt_64_I14 (raw16_to_bf16_rne.sv:64) |
                | G_BF16_PACK[15].u_pack/lt_64_I15 (raw16_to_bf16_rne.sv:64) |
                | G_BF16_PACK[15].u_pack/lt_64_I2 (raw16_to_bf16_rne.sv:64) |
==============================================================================

==============================================================================
|       |      | Data     |       |                                          |
| Var   | Type | Class    | Width | Expression                               |
==============================================================================
| I1    | PI   | Unsigned | 4     |                                          |
| T365  | IFO  | Signed   | 7     | O1 - $unsigned(1'b1) (raw16_to_bf16_rne.sv:64) |
| O1    | PO   | Signed   | 6     | I1 - $unsigned(3'b111) (raw16_to_bf16_rne.sv:59) |
| O2    | PO   | Signed   | 1     | $signed(1'b0) < T365 (raw16_to_bf16_rne.sv:64) |
| O3    | PO   | Signed   | 1     | $signed(3'b010) < T365 (raw16_to_bf16_rne.sv:64) |
| O4    | PO   | Signed   | 1     | $signed(3'b011) < T365 (raw16_to_bf16_rne.sv:64) |
| O5    | PO   | Signed   | 1     | $signed(4'b0100) < T365 (raw16_to_bf16_rne.sv:64) |
| O6    | PO   | Signed   | 1     | $signed(4'b0101) < T365 (raw16_to_bf16_rne.sv:64) |
| O7    | PO   | Signed   | 1     | $signed(4'b0110) < T365 (raw16_to_bf16_rne.sv:64) |
| O8    | PO   | Signed   | 1     | $signed(4'b0111) < T365 (raw16_to_bf16_rne.sv:64) |
| O9    | PO   | Signed   | 1     | $signed(5'b01000) < T365 (raw16_to_bf16_rne.sv:64) |
| O10   | PO   | Signed   | 1     | $signed(5'b01001) < T365 (raw16_to_bf16_rne.sv:64) |
| O11   | PO   | Signed   | 1     | $signed(5'b01010) < T365 (raw16_to_bf16_rne.sv:64) |
| O12   | PO   | Signed   | 1     | $signed(5'b01011) < T365 (raw16_to_bf16_rne.sv:64) |
| O13   | PO   | Signed   | 1     | $signed(5'b01100) < T365 (raw16_to_bf16_rne.sv:64) |
| O14   | PO   | Signed   | 1     | $signed(5'b01101) < T365 (raw16_to_bf16_rne.sv:64) |
| O15   | PO   | Signed   | 1     | $signed(5'b01110) < T365 (raw16_to_bf16_rne.sv:64) |
| O16   | PO   | Signed   | 1     | $signed(2'b01) < T365 (raw16_to_bf16_rne.sv:64) |
==============================================================================

Datapath Report for DP_OP_2431J1_154_825
==============================================================================
| Cell                 | Contained Operations                                |
==============================================================================
| DP_OP_2431J1_154_825 | G_BF16_PACK[14].u_pack/add_51 (raw16_to_bf16_rne.sv:51) |
                   | G_BF16_PACK[14].u_pack/gt_52 (raw16_to_bf16_rne.sv:52) |
                    | G_BF16_PACK[14].u_pack/lt_54 (raw16_to_bf16_rne.sv:54) |
                    | G_BF16_PACK[14].u_pack/add_70 (raw16_to_bf16_rne.sv:70) |
==============================================================================

==============================================================================
|       |      | Data     |       |                                          |
| Var   | Type | Class    | Width | Expression                               |
==============================================================================
| I1    | PI   | Signed   | 11    |                                          |
| I2    | PI   | Unsigned | 4     |                                          |
| O1    | PO   | Signed   | 12    | I1 + I2 (raw16_to_bf16_rne.sv:51)        |
| O2    | PO   | Signed   | 1     | O1 > $signed(8'b01111111) (raw16_to_bf16_rne.sv:52) |
| O3    | PO   | Signed   | 1     | O1 < $signed(8'b10000010) (raw16_to_bf16_rne.sv:54) |
| O4    | PO   | Signed   | 13    | O1 + $unsigned(1'b1) (raw16_to_bf16_rne.sv:70) |
==============================================================================

Datapath Report for DP_OP_2432J1_155_5753
==============================================================================
| Cell                 | Contained Operations                                |
==============================================================================
| DP_OP_2432J1_155_5753 | G_BF16_PACK[14].u_pack/sub_59 (raw16_to_bf16_rne.sv:59) |
                  | G_BF16_PACK[14].u_pack/sub_64 (raw16_to_bf16_rne.sv:64) |
                   | G_BF16_PACK[14].u_pack/sub_64_I2 (raw16_to_bf16_rne.sv:64) |
                | G_BF16_PACK[14].u_pack/lt_64 (raw16_to_bf16_rne.sv:64) |
                    | G_BF16_PACK[14].u_pack/lt_64_I3 (raw16_to_bf16_rne.sv:64) |
                 | G_BF16_PACK[14].u_pack/lt_64_I4 (raw16_to_bf16_rne.sv:64) |
                 | G_BF16_PACK[14].u_pack/lt_64_I5 (raw16_to_bf16_rne.sv:64) |
                 | G_BF16_PACK[14].u_pack/lt_64_I6 (raw16_to_bf16_rne.sv:64) |
                 | G_BF16_PACK[14].u_pack/lt_64_I7 (raw16_to_bf16_rne.sv:64) |
                 | G_BF16_PACK[14].u_pack/lt_64_I8 (raw16_to_bf16_rne.sv:64) |
                 | G_BF16_PACK[14].u_pack/lt_64_I9 (raw16_to_bf16_rne.sv:64) |
                 | G_BF16_PACK[14].u_pack/lt_64_I10 (raw16_to_bf16_rne.sv:64) |
                | G_BF16_PACK[14].u_pack/lt_64_I11 (raw16_to_bf16_rne.sv:64) |
                | G_BF16_PACK[14].u_pack/lt_64_I12 (raw16_to_bf16_rne.sv:64) |
                | G_BF16_PACK[14].u_pack/lt_64_I13 (raw16_to_bf16_rne.sv:64) |
                | G_BF16_PACK[14].u_pack/lt_64_I14 (raw16_to_bf16_rne.sv:64) |
                | G_BF16_PACK[14].u_pack/lt_64_I15 (raw16_to_bf16_rne.sv:64) |
                | G_BF16_PACK[14].u_pack/lt_64_I2 (raw16_to_bf16_rne.sv:64) |
==============================================================================

==============================================================================
|       |      | Data     |       |                                          |
| Var   | Type | Class    | Width | Expression                               |
==============================================================================
| I1    | PI   | Unsigned | 4     |                                          |
| T441  | IFO  | Signed   | 7     | O1 - $unsigned(1'b1) (raw16_to_bf16_rne.sv:64) |
| O1    | PO   | Signed   | 6     | I1 - $unsigned(3'b111) (raw16_to_bf16_rne.sv:59) |
| O2    | PO   | Signed   | 1     | $signed(1'b0) < T441 (raw16_to_bf16_rne.sv:64) |
| O3    | PO   | Signed   | 1     | $signed(3'b010) < T441 (raw16_to_bf16_rne.sv:64) |
| O4    | PO   | Signed   | 1     | $signed(3'b011) < T441 (raw16_to_bf16_rne.sv:64) |
| O5    | PO   | Signed   | 1     | $signed(4'b0100) < T441 (raw16_to_bf16_rne.sv:64) |
| O6    | PO   | Signed   | 1     | $signed(4'b0101) < T441 (raw16_to_bf16_rne.sv:64) |
| O7    | PO   | Signed   | 1     | $signed(4'b0110) < T441 (raw16_to_bf16_rne.sv:64) |
| O8    | PO   | Signed   | 1     | $signed(4'b0111) < T441 (raw16_to_bf16_rne.sv:64) |
| O9    | PO   | Signed   | 1     | $signed(5'b01000) < T441 (raw16_to_bf16_rne.sv:64) |
| O10   | PO   | Signed   | 1     | $signed(5'b01001) < T441 (raw16_to_bf16_rne.sv:64) |
| O11   | PO   | Signed   | 1     | $signed(5'b01010) < T441 (raw16_to_bf16_rne.sv:64) |
| O12   | PO   | Signed   | 1     | $signed(5'b01011) < T441 (raw16_to_bf16_rne.sv:64) |
| O13   | PO   | Signed   | 1     | $signed(5'b01100) < T441 (raw16_to_bf16_rne.sv:64) |
| O14   | PO   | Signed   | 1     | $signed(5'b01101) < T441 (raw16_to_bf16_rne.sv:64) |
| O15   | PO   | Signed   | 1     | $signed(5'b01110) < T441 (raw16_to_bf16_rne.sv:64) |
| O16   | PO   | Signed   | 1     | $signed(2'b01) < T441 (raw16_to_bf16_rne.sv:64) |
==============================================================================

Datapath Report for DP_OP_2433J1_156_825
==============================================================================
| Cell                 | Contained Operations                                |
==============================================================================
| DP_OP_2433J1_156_825 | G_BF16_PACK[13].u_pack/add_51 (raw16_to_bf16_rne.sv:51) |
                   | G_BF16_PACK[13].u_pack/gt_52 (raw16_to_bf16_rne.sv:52) |
                    | G_BF16_PACK[13].u_pack/lt_54 (raw16_to_bf16_rne.sv:54) |
                    | G_BF16_PACK[13].u_pack/add_70 (raw16_to_bf16_rne.sv:70) |
==============================================================================

==============================================================================
|       |      | Data     |       |                                          |
| Var   | Type | Class    | Width | Expression                               |
==============================================================================
| I1    | PI   | Signed   | 11    |                                          |
| I2    | PI   | Unsigned | 4     |                                          |
| O1    | PO   | Signed   | 12    | I1 + I2 (raw16_to_bf16_rne.sv:51)        |
| O2    | PO   | Signed   | 1     | O1 > $signed(8'b01111111) (raw16_to_bf16_rne.sv:52) |
| O3    | PO   | Signed   | 1     | O1 < $signed(8'b10000010) (raw16_to_bf16_rne.sv:54) |
| O4    | PO   | Signed   | 13    | O1 + $unsigned(1'b1) (raw16_to_bf16_rne.sv:70) |
==============================================================================

Datapath Report for DP_OP_2434J1_157_5753
==============================================================================
| Cell                 | Contained Operations                                |
==============================================================================
| DP_OP_2434J1_157_5753 | G_BF16_PACK[13].u_pack/sub_59 (raw16_to_bf16_rne.sv:59) |
                  | G_BF16_PACK[13].u_pack/sub_64 (raw16_to_bf16_rne.sv:64) |
                   | G_BF16_PACK[13].u_pack/sub_64_I2 (raw16_to_bf16_rne.sv:64) |
                | G_BF16_PACK[13].u_pack/lt_64 (raw16_to_bf16_rne.sv:64) |
                    | G_BF16_PACK[13].u_pack/lt_64_I3 (raw16_to_bf16_rne.sv:64) |
                 | G_BF16_PACK[13].u_pack/lt_64_I4 (raw16_to_bf16_rne.sv:64) |
                 | G_BF16_PACK[13].u_pack/lt_64_I5 (raw16_to_bf16_rne.sv:64) |
                 | G_BF16_PACK[13].u_pack/lt_64_I6 (raw16_to_bf16_rne.sv:64) |
                 | G_BF16_PACK[13].u_pack/lt_64_I7 (raw16_to_bf16_rne.sv:64) |
                 | G_BF16_PACK[13].u_pack/lt_64_I8 (raw16_to_bf16_rne.sv:64) |
                 | G_BF16_PACK[13].u_pack/lt_64_I9 (raw16_to_bf16_rne.sv:64) |
                 | G_BF16_PACK[13].u_pack/lt_64_I10 (raw16_to_bf16_rne.sv:64) |
                | G_BF16_PACK[13].u_pack/lt_64_I11 (raw16_to_bf16_rne.sv:64) |
                | G_BF16_PACK[13].u_pack/lt_64_I12 (raw16_to_bf16_rne.sv:64) |
                | G_BF16_PACK[13].u_pack/lt_64_I13 (raw16_to_bf16_rne.sv:64) |
                | G_BF16_PACK[13].u_pack/lt_64_I14 (raw16_to_bf16_rne.sv:64) |
                | G_BF16_PACK[13].u_pack/lt_64_I15 (raw16_to_bf16_rne.sv:64) |
                | G_BF16_PACK[13].u_pack/lt_64_I2 (raw16_to_bf16_rne.sv:64) |
==============================================================================

==============================================================================
|       |      | Data     |       |                                          |
| Var   | Type | Class    | Width | Expression                               |
==============================================================================
| I1    | PI   | Unsigned | 4     |                                          |
| T517  | IFO  | Signed   | 7     | O1 - $unsigned(1'b1) (raw16_to_bf16_rne.sv:64) |
| O1    | PO   | Signed   | 6     | I1 - $unsigned(3'b111) (raw16_to_bf16_rne.sv:59) |
| O2    | PO   | Signed   | 1     | $signed(1'b0) < T517 (raw16_to_bf16_rne.sv:64) |
| O3    | PO   | Signed   | 1     | $signed(3'b010) < T517 (raw16_to_bf16_rne.sv:64) |
| O4    | PO   | Signed   | 1     | $signed(3'b011) < T517 (raw16_to_bf16_rne.sv:64) |
| O5    | PO   | Signed   | 1     | $signed(4'b0100) < T517 (raw16_to_bf16_rne.sv:64) |
| O6    | PO   | Signed   | 1     | $signed(4'b0101) < T517 (raw16_to_bf16_rne.sv:64) |
| O7    | PO   | Signed   | 1     | $signed(4'b0110) < T517 (raw16_to_bf16_rne.sv:64) |
| O8    | PO   | Signed   | 1     | $signed(4'b0111) < T517 (raw16_to_bf16_rne.sv:64) |
| O9    | PO   | Signed   | 1     | $signed(5'b01000) < T517 (raw16_to_bf16_rne.sv:64) |
| O10   | PO   | Signed   | 1     | $signed(5'b01001) < T517 (raw16_to_bf16_rne.sv:64) |
| O11   | PO   | Signed   | 1     | $signed(5'b01010) < T517 (raw16_to_bf16_rne.sv:64) |
| O12   | PO   | Signed   | 1     | $signed(5'b01011) < T517 (raw16_to_bf16_rne.sv:64) |
| O13   | PO   | Signed   | 1     | $signed(5'b01100) < T517 (raw16_to_bf16_rne.sv:64) |
| O14   | PO   | Signed   | 1     | $signed(5'b01101) < T517 (raw16_to_bf16_rne.sv:64) |
| O15   | PO   | Signed   | 1     | $signed(5'b01110) < T517 (raw16_to_bf16_rne.sv:64) |
| O16   | PO   | Signed   | 1     | $signed(2'b01) < T517 (raw16_to_bf16_rne.sv:64) |
==============================================================================

Datapath Report for DP_OP_2435J1_158_825
==============================================================================
| Cell                 | Contained Operations                                |
==============================================================================
| DP_OP_2435J1_158_825 | G_BF16_PACK[12].u_pack/add_51 (raw16_to_bf16_rne.sv:51) |
                   | G_BF16_PACK[12].u_pack/gt_52 (raw16_to_bf16_rne.sv:52) |
                    | G_BF16_PACK[12].u_pack/lt_54 (raw16_to_bf16_rne.sv:54) |
                    | G_BF16_PACK[12].u_pack/add_70 (raw16_to_bf16_rne.sv:70) |
==============================================================================

==============================================================================
|       |      | Data     |       |                                          |
| Var   | Type | Class    | Width | Expression                               |
==============================================================================
| I1    | PI   | Signed   | 11    |                                          |
| I2    | PI   | Unsigned | 4     |                                          |
| O1    | PO   | Signed   | 12    | I1 + I2 (raw16_to_bf16_rne.sv:51)        |
| O2    | PO   | Signed   | 1     | O1 > $signed(8'b01111111) (raw16_to_bf16_rne.sv:52) |
| O3    | PO   | Signed   | 1     | O1 < $signed(8'b10000010) (raw16_to_bf16_rne.sv:54) |
| O4    | PO   | Signed   | 13    | O1 + $unsigned(1'b1) (raw16_to_bf16_rne.sv:70) |
==============================================================================

Datapath Report for DP_OP_2436J1_159_5753
==============================================================================
| Cell                 | Contained Operations                                |
==============================================================================
| DP_OP_2436J1_159_5753 | G_BF16_PACK[12].u_pack/sub_59 (raw16_to_bf16_rne.sv:59) |
                  | G_BF16_PACK[12].u_pack/sub_64 (raw16_to_bf16_rne.sv:64) |
                   | G_BF16_PACK[12].u_pack/sub_64_I2 (raw16_to_bf16_rne.sv:64) |
                | G_BF16_PACK[12].u_pack/lt_64 (raw16_to_bf16_rne.sv:64) |
                    | G_BF16_PACK[12].u_pack/lt_64_I3 (raw16_to_bf16_rne.sv:64) |
                 | G_BF16_PACK[12].u_pack/lt_64_I4 (raw16_to_bf16_rne.sv:64) |
                 | G_BF16_PACK[12].u_pack/lt_64_I5 (raw16_to_bf16_rne.sv:64) |
                 | G_BF16_PACK[12].u_pack/lt_64_I6 (raw16_to_bf16_rne.sv:64) |
                 | G_BF16_PACK[12].u_pack/lt_64_I7 (raw16_to_bf16_rne.sv:64) |
                 | G_BF16_PACK[12].u_pack/lt_64_I8 (raw16_to_bf16_rne.sv:64) |
                 | G_BF16_PACK[12].u_pack/lt_64_I9 (raw16_to_bf16_rne.sv:64) |
                 | G_BF16_PACK[12].u_pack/lt_64_I10 (raw16_to_bf16_rne.sv:64) |
                | G_BF16_PACK[12].u_pack/lt_64_I11 (raw16_to_bf16_rne.sv:64) |
                | G_BF16_PACK[12].u_pack/lt_64_I12 (raw16_to_bf16_rne.sv:64) |
                | G_BF16_PACK[12].u_pack/lt_64_I13 (raw16_to_bf16_rne.sv:64) |
                | G_BF16_PACK[12].u_pack/lt_64_I14 (raw16_to_bf16_rne.sv:64) |
                | G_BF16_PACK[12].u_pack/lt_64_I15 (raw16_to_bf16_rne.sv:64) |
                | G_BF16_PACK[12].u_pack/lt_64_I2 (raw16_to_bf16_rne.sv:64) |
==============================================================================

==============================================================================
|       |      | Data     |       |                                          |
| Var   | Type | Class    | Width | Expression                               |
==============================================================================
| I1    | PI   | Unsigned | 4     |                                          |
| T593  | IFO  | Signed   | 7     | O1 - $unsigned(1'b1) (raw16_to_bf16_rne.sv:64) |
| O1    | PO   | Signed   | 6     | I1 - $unsigned(3'b111) (raw16_to_bf16_rne.sv:59) |
| O2    | PO   | Signed   | 1     | $signed(1'b0) < T593 (raw16_to_bf16_rne.sv:64) |
| O3    | PO   | Signed   | 1     | $signed(3'b010) < T593 (raw16_to_bf16_rne.sv:64) |
| O4    | PO   | Signed   | 1     | $signed(3'b011) < T593 (raw16_to_bf16_rne.sv:64) |
| O5    | PO   | Signed   | 1     | $signed(4'b0100) < T593 (raw16_to_bf16_rne.sv:64) |
| O6    | PO   | Signed   | 1     | $signed(4'b0101) < T593 (raw16_to_bf16_rne.sv:64) |
| O7    | PO   | Signed   | 1     | $signed(4'b0110) < T593 (raw16_to_bf16_rne.sv:64) |
| O8    | PO   | Signed   | 1     | $signed(4'b0111) < T593 (raw16_to_bf16_rne.sv:64) |
| O9    | PO   | Signed   | 1     | $signed(5'b01000) < T593 (raw16_to_bf16_rne.sv:64) |
| O10   | PO   | Signed   | 1     | $signed(5'b01001) < T593 (raw16_to_bf16_rne.sv:64) |
| O11   | PO   | Signed   | 1     | $signed(5'b01010) < T593 (raw16_to_bf16_rne.sv:64) |
| O12   | PO   | Signed   | 1     | $signed(5'b01011) < T593 (raw16_to_bf16_rne.sv:64) |
| O13   | PO   | Signed   | 1     | $signed(5'b01100) < T593 (raw16_to_bf16_rne.sv:64) |
| O14   | PO   | Signed   | 1     | $signed(5'b01101) < T593 (raw16_to_bf16_rne.sv:64) |
| O15   | PO   | Signed   | 1     | $signed(5'b01110) < T593 (raw16_to_bf16_rne.sv:64) |
| O16   | PO   | Signed   | 1     | $signed(2'b01) < T593 (raw16_to_bf16_rne.sv:64) |
==============================================================================

Datapath Report for DP_OP_2437J1_160_825
==============================================================================
| Cell                 | Contained Operations                                |
==============================================================================
| DP_OP_2437J1_160_825 | G_BF16_PACK[11].u_pack/add_51 (raw16_to_bf16_rne.sv:51) |
                   | G_BF16_PACK[11].u_pack/gt_52 (raw16_to_bf16_rne.sv:52) |
                    | G_BF16_PACK[11].u_pack/lt_54 (raw16_to_bf16_rne.sv:54) |
                    | G_BF16_PACK[11].u_pack/add_70 (raw16_to_bf16_rne.sv:70) |
==============================================================================

==============================================================================
|       |      | Data     |       |                                          |
| Var   | Type | Class    | Width | Expression                               |
==============================================================================
| I1    | PI   | Signed   | 11    |                                          |
| I2    | PI   | Unsigned | 4     |                                          |
| O1    | PO   | Signed   | 12    | I1 + I2 (raw16_to_bf16_rne.sv:51)        |
| O2    | PO   | Signed   | 1     | O1 > $signed(8'b01111111) (raw16_to_bf16_rne.sv:52) |
| O3    | PO   | Signed   | 1     | O1 < $signed(8'b10000010) (raw16_to_bf16_rne.sv:54) |
| O4    | PO   | Signed   | 13    | O1 + $unsigned(1'b1) (raw16_to_bf16_rne.sv:70) |
==============================================================================

Datapath Report for DP_OP_2438J1_161_5753
==============================================================================
| Cell                 | Contained Operations                                |
==============================================================================
| DP_OP_2438J1_161_5753 | G_BF16_PACK[11].u_pack/sub_59 (raw16_to_bf16_rne.sv:59) |
                  | G_BF16_PACK[11].u_pack/sub_64 (raw16_to_bf16_rne.sv:64) |
                   | G_BF16_PACK[11].u_pack/sub_64_I2 (raw16_to_bf16_rne.sv:64) |
                | G_BF16_PACK[11].u_pack/lt_64 (raw16_to_bf16_rne.sv:64) |
                    | G_BF16_PACK[11].u_pack/lt_64_I3 (raw16_to_bf16_rne.sv:64) |
                 | G_BF16_PACK[11].u_pack/lt_64_I4 (raw16_to_bf16_rne.sv:64) |
                 | G_BF16_PACK[11].u_pack/lt_64_I5 (raw16_to_bf16_rne.sv:64) |
                 | G_BF16_PACK[11].u_pack/lt_64_I6 (raw16_to_bf16_rne.sv:64) |
                 | G_BF16_PACK[11].u_pack/lt_64_I7 (raw16_to_bf16_rne.sv:64) |
                 | G_BF16_PACK[11].u_pack/lt_64_I8 (raw16_to_bf16_rne.sv:64) |
                 | G_BF16_PACK[11].u_pack/lt_64_I9 (raw16_to_bf16_rne.sv:64) |
                 | G_BF16_PACK[11].u_pack/lt_64_I10 (raw16_to_bf16_rne.sv:64) |
                | G_BF16_PACK[11].u_pack/lt_64_I11 (raw16_to_bf16_rne.sv:64) |
                | G_BF16_PACK[11].u_pack/lt_64_I12 (raw16_to_bf16_rne.sv:64) |
                | G_BF16_PACK[11].u_pack/lt_64_I13 (raw16_to_bf16_rne.sv:64) |
                | G_BF16_PACK[11].u_pack/lt_64_I14 (raw16_to_bf16_rne.sv:64) |
                | G_BF16_PACK[11].u_pack/lt_64_I15 (raw16_to_bf16_rne.sv:64) |
                | G_BF16_PACK[11].u_pack/lt_64_I2 (raw16_to_bf16_rne.sv:64) |
==============================================================================

==============================================================================
|       |      | Data     |       |                                          |
| Var   | Type | Class    | Width | Expression                               |
==============================================================================
| I1    | PI   | Unsigned | 4     |                                          |
| T669  | IFO  | Signed   | 7     | O1 - $unsigned(1'b1) (raw16_to_bf16_rne.sv:64) |
| O1    | PO   | Signed   | 6     | I1 - $unsigned(3'b111) (raw16_to_bf16_rne.sv:59) |
| O2    | PO   | Signed   | 1     | $signed(1'b0) < T669 (raw16_to_bf16_rne.sv:64) |
| O3    | PO   | Signed   | 1     | $signed(3'b010) < T669 (raw16_to_bf16_rne.sv:64) |
| O4    | PO   | Signed   | 1     | $signed(3'b011) < T669 (raw16_to_bf16_rne.sv:64) |
| O5    | PO   | Signed   | 1     | $signed(4'b0100) < T669 (raw16_to_bf16_rne.sv:64) |
| O6    | PO   | Signed   | 1     | $signed(4'b0101) < T669 (raw16_to_bf16_rne.sv:64) |
| O7    | PO   | Signed   | 1     | $signed(4'b0110) < T669 (raw16_to_bf16_rne.sv:64) |
| O8    | PO   | Signed   | 1     | $signed(4'b0111) < T669 (raw16_to_bf16_rne.sv:64) |
| O9    | PO   | Signed   | 1     | $signed(5'b01000) < T669 (raw16_to_bf16_rne.sv:64) |
| O10   | PO   | Signed   | 1     | $signed(5'b01001) < T669 (raw16_to_bf16_rne.sv:64) |
| O11   | PO   | Signed   | 1     | $signed(5'b01010) < T669 (raw16_to_bf16_rne.sv:64) |
| O12   | PO   | Signed   | 1     | $signed(5'b01011) < T669 (raw16_to_bf16_rne.sv:64) |
| O13   | PO   | Signed   | 1     | $signed(5'b01100) < T669 (raw16_to_bf16_rne.sv:64) |
| O14   | PO   | Signed   | 1     | $signed(5'b01101) < T669 (raw16_to_bf16_rne.sv:64) |
| O15   | PO   | Signed   | 1     | $signed(5'b01110) < T669 (raw16_to_bf16_rne.sv:64) |
| O16   | PO   | Signed   | 1     | $signed(2'b01) < T669 (raw16_to_bf16_rne.sv:64) |
==============================================================================

Datapath Report for DP_OP_2439J1_162_825
==============================================================================
| Cell                 | Contained Operations                                |
==============================================================================
| DP_OP_2439J1_162_825 | G_BF16_PACK[10].u_pack/add_51 (raw16_to_bf16_rne.sv:51) |
                   | G_BF16_PACK[10].u_pack/gt_52 (raw16_to_bf16_rne.sv:52) |
                    | G_BF16_PACK[10].u_pack/lt_54 (raw16_to_bf16_rne.sv:54) |
                    | G_BF16_PACK[10].u_pack/add_70 (raw16_to_bf16_rne.sv:70) |
==============================================================================

==============================================================================
|       |      | Data     |       |                                          |
| Var   | Type | Class    | Width | Expression                               |
==============================================================================
| I1    | PI   | Signed   | 11    |                                          |
| I2    | PI   | Unsigned | 4     |                                          |
| O1    | PO   | Signed   | 12    | I1 + I2 (raw16_to_bf16_rne.sv:51)        |
| O2    | PO   | Signed   | 1     | O1 > $signed(8'b01111111) (raw16_to_bf16_rne.sv:52) |
| O3    | PO   | Signed   | 1     | O1 < $signed(8'b10000010) (raw16_to_bf16_rne.sv:54) |
| O4    | PO   | Signed   | 13    | O1 + $unsigned(1'b1) (raw16_to_bf16_rne.sv:70) |
==============================================================================

Datapath Report for DP_OP_2440J1_163_5753
==============================================================================
| Cell                 | Contained Operations                                |
==============================================================================
| DP_OP_2440J1_163_5753 | G_BF16_PACK[10].u_pack/sub_59 (raw16_to_bf16_rne.sv:59) |
                  | G_BF16_PACK[10].u_pack/sub_64 (raw16_to_bf16_rne.sv:64) |
                   | G_BF16_PACK[10].u_pack/sub_64_I2 (raw16_to_bf16_rne.sv:64) |
                | G_BF16_PACK[10].u_pack/lt_64 (raw16_to_bf16_rne.sv:64) |
                    | G_BF16_PACK[10].u_pack/lt_64_I3 (raw16_to_bf16_rne.sv:64) |
                 | G_BF16_PACK[10].u_pack/lt_64_I4 (raw16_to_bf16_rne.sv:64) |
                 | G_BF16_PACK[10].u_pack/lt_64_I5 (raw16_to_bf16_rne.sv:64) |
                 | G_BF16_PACK[10].u_pack/lt_64_I6 (raw16_to_bf16_rne.sv:64) |
                 | G_BF16_PACK[10].u_pack/lt_64_I7 (raw16_to_bf16_rne.sv:64) |
                 | G_BF16_PACK[10].u_pack/lt_64_I8 (raw16_to_bf16_rne.sv:64) |
                 | G_BF16_PACK[10].u_pack/lt_64_I9 (raw16_to_bf16_rne.sv:64) |
                 | G_BF16_PACK[10].u_pack/lt_64_I10 (raw16_to_bf16_rne.sv:64) |
                | G_BF16_PACK[10].u_pack/lt_64_I11 (raw16_to_bf16_rne.sv:64) |
                | G_BF16_PACK[10].u_pack/lt_64_I12 (raw16_to_bf16_rne.sv:64) |
                | G_BF16_PACK[10].u_pack/lt_64_I13 (raw16_to_bf16_rne.sv:64) |
                | G_BF16_PACK[10].u_pack/lt_64_I14 (raw16_to_bf16_rne.sv:64) |
                | G_BF16_PACK[10].u_pack/lt_64_I15 (raw16_to_bf16_rne.sv:64) |
                | G_BF16_PACK[10].u_pack/lt_64_I2 (raw16_to_bf16_rne.sv:64) |
==============================================================================

==============================================================================
|       |      | Data     |       |                                          |
| Var   | Type | Class    | Width | Expression                               |
==============================================================================
| I1    | PI   | Unsigned | 4     |                                          |
| T745  | IFO  | Signed   | 7     | O1 - $unsigned(1'b1) (raw16_to_bf16_rne.sv:64) |
| O1    | PO   | Signed   | 6     | I1 - $unsigned(3'b111) (raw16_to_bf16_rne.sv:59) |
| O2    | PO   | Signed   | 1     | $signed(1'b0) < T745 (raw16_to_bf16_rne.sv:64) |
| O3    | PO   | Signed   | 1     | $signed(3'b010) < T745 (raw16_to_bf16_rne.sv:64) |
| O4    | PO   | Signed   | 1     | $signed(3'b011) < T745 (raw16_to_bf16_rne.sv:64) |
| O5    | PO   | Signed   | 1     | $signed(4'b0100) < T745 (raw16_to_bf16_rne.sv:64) |
| O6    | PO   | Signed   | 1     | $signed(4'b0101) < T745 (raw16_to_bf16_rne.sv:64) |
| O7    | PO   | Signed   | 1     | $signed(4'b0110) < T745 (raw16_to_bf16_rne.sv:64) |
| O8    | PO   | Signed   | 1     | $signed(4'b0111) < T745 (raw16_to_bf16_rne.sv:64) |
| O9    | PO   | Signed   | 1     | $signed(5'b01000) < T745 (raw16_to_bf16_rne.sv:64) |
| O10   | PO   | Signed   | 1     | $signed(5'b01001) < T745 (raw16_to_bf16_rne.sv:64) |
| O11   | PO   | Signed   | 1     | $signed(5'b01010) < T745 (raw16_to_bf16_rne.sv:64) |
| O12   | PO   | Signed   | 1     | $signed(5'b01011) < T745 (raw16_to_bf16_rne.sv:64) |
| O13   | PO   | Signed   | 1     | $signed(5'b01100) < T745 (raw16_to_bf16_rne.sv:64) |
| O14   | PO   | Signed   | 1     | $signed(5'b01101) < T745 (raw16_to_bf16_rne.sv:64) |
| O15   | PO   | Signed   | 1     | $signed(5'b01110) < T745 (raw16_to_bf16_rne.sv:64) |
| O16   | PO   | Signed   | 1     | $signed(2'b01) < T745 (raw16_to_bf16_rne.sv:64) |
==============================================================================

Datapath Report for DP_OP_2441J1_164_825
==============================================================================
| Cell                 | Contained Operations                                |
==============================================================================
| DP_OP_2441J1_164_825 | G_BF16_PACK[9].u_pack/add_51 (raw16_to_bf16_rne.sv:51) |
                    | G_BF16_PACK[9].u_pack/gt_52 (raw16_to_bf16_rne.sv:52) |
                     | G_BF16_PACK[9].u_pack/lt_54 (raw16_to_bf16_rne.sv:54) |
                     | G_BF16_PACK[9].u_pack/add_70 (raw16_to_bf16_rne.sv:70) |
==============================================================================

==============================================================================
|       |      | Data     |       |                                          |
| Var   | Type | Class    | Width | Expression                               |
==============================================================================
| I1    | PI   | Signed   | 11    |                                          |
| I2    | PI   | Unsigned | 4     |                                          |
| O1    | PO   | Signed   | 12    | I1 + I2 (raw16_to_bf16_rne.sv:51)        |
| O2    | PO   | Signed   | 1     | O1 > $signed(8'b01111111) (raw16_to_bf16_rne.sv:52) |
| O3    | PO   | Signed   | 1     | O1 < $signed(8'b10000010) (raw16_to_bf16_rne.sv:54) |
| O4    | PO   | Signed   | 13    | O1 + $unsigned(1'b1) (raw16_to_bf16_rne.sv:70) |
==============================================================================

Datapath Report for DP_OP_2442J1_165_5753
==============================================================================
| Cell                 | Contained Operations                                |
==============================================================================
| DP_OP_2442J1_165_5753 | G_BF16_PACK[9].u_pack/sub_59 (raw16_to_bf16_rne.sv:59) |
                   | G_BF16_PACK[9].u_pack/sub_64 (raw16_to_bf16_rne.sv:64) |
                    | G_BF16_PACK[9].u_pack/sub_64_I2 (raw16_to_bf16_rne.sv:64) |
                 | G_BF16_PACK[9].u_pack/lt_64 (raw16_to_bf16_rne.sv:64) |
                     | G_BF16_PACK[9].u_pack/lt_64_I3 (raw16_to_bf16_rne.sv:64) |
                  | G_BF16_PACK[9].u_pack/lt_64_I4 (raw16_to_bf16_rne.sv:64) |
                  | G_BF16_PACK[9].u_pack/lt_64_I5 (raw16_to_bf16_rne.sv:64) |
                  | G_BF16_PACK[9].u_pack/lt_64_I6 (raw16_to_bf16_rne.sv:64) |
                  | G_BF16_PACK[9].u_pack/lt_64_I7 (raw16_to_bf16_rne.sv:64) |
                  | G_BF16_PACK[9].u_pack/lt_64_I8 (raw16_to_bf16_rne.sv:64) |
                  | G_BF16_PACK[9].u_pack/lt_64_I9 (raw16_to_bf16_rne.sv:64) |
                  | G_BF16_PACK[9].u_pack/lt_64_I10 (raw16_to_bf16_rne.sv:64) |
                 | G_BF16_PACK[9].u_pack/lt_64_I11 (raw16_to_bf16_rne.sv:64) |
                 | G_BF16_PACK[9].u_pack/lt_64_I12 (raw16_to_bf16_rne.sv:64) |
                 | G_BF16_PACK[9].u_pack/lt_64_I13 (raw16_to_bf16_rne.sv:64) |
                 | G_BF16_PACK[9].u_pack/lt_64_I14 (raw16_to_bf16_rne.sv:64) |
                 | G_BF16_PACK[9].u_pack/lt_64_I15 (raw16_to_bf16_rne.sv:64) |
                 | G_BF16_PACK[9].u_pack/lt_64_I2 (raw16_to_bf16_rne.sv:64) |
==============================================================================

==============================================================================
|       |      | Data     |       |                                          |
| Var   | Type | Class    | Width | Expression                               |
==============================================================================
| I1    | PI   | Unsigned | 4     |                                          |
| T821  | IFO  | Signed   | 7     | O1 - $unsigned(1'b1) (raw16_to_bf16_rne.sv:64) |
| O1    | PO   | Signed   | 6     | I1 - $unsigned(3'b111) (raw16_to_bf16_rne.sv:59) |
| O2    | PO   | Signed   | 1     | $signed(1'b0) < T821 (raw16_to_bf16_rne.sv:64) |
| O3    | PO   | Signed   | 1     | $signed(3'b010) < T821 (raw16_to_bf16_rne.sv:64) |
| O4    | PO   | Signed   | 1     | $signed(3'b011) < T821 (raw16_to_bf16_rne.sv:64) |
| O5    | PO   | Signed   | 1     | $signed(4'b0100) < T821 (raw16_to_bf16_rne.sv:64) |
| O6    | PO   | Signed   | 1     | $signed(4'b0101) < T821 (raw16_to_bf16_rne.sv:64) |
| O7    | PO   | Signed   | 1     | $signed(4'b0110) < T821 (raw16_to_bf16_rne.sv:64) |
| O8    | PO   | Signed   | 1     | $signed(4'b0111) < T821 (raw16_to_bf16_rne.sv:64) |
| O9    | PO   | Signed   | 1     | $signed(5'b01000) < T821 (raw16_to_bf16_rne.sv:64) |
| O10   | PO   | Signed   | 1     | $signed(5'b01001) < T821 (raw16_to_bf16_rne.sv:64) |
| O11   | PO   | Signed   | 1     | $signed(5'b01010) < T821 (raw16_to_bf16_rne.sv:64) |
| O12   | PO   | Signed   | 1     | $signed(5'b01011) < T821 (raw16_to_bf16_rne.sv:64) |
| O13   | PO   | Signed   | 1     | $signed(5'b01100) < T821 (raw16_to_bf16_rne.sv:64) |
| O14   | PO   | Signed   | 1     | $signed(5'b01101) < T821 (raw16_to_bf16_rne.sv:64) |
| O15   | PO   | Signed   | 1     | $signed(5'b01110) < T821 (raw16_to_bf16_rne.sv:64) |
| O16   | PO   | Signed   | 1     | $signed(2'b01) < T821 (raw16_to_bf16_rne.sv:64) |
==============================================================================

Datapath Report for DP_OP_2443J1_166_825
==============================================================================
| Cell                 | Contained Operations                                |
==============================================================================
| DP_OP_2443J1_166_825 | G_BF16_PACK[8].u_pack/add_51 (raw16_to_bf16_rne.sv:51) |
                    | G_BF16_PACK[8].u_pack/gt_52 (raw16_to_bf16_rne.sv:52) |
                     | G_BF16_PACK[8].u_pack/lt_54 (raw16_to_bf16_rne.sv:54) |
                     | G_BF16_PACK[8].u_pack/add_70 (raw16_to_bf16_rne.sv:70) |
==============================================================================

==============================================================================
|       |      | Data     |       |                                          |
| Var   | Type | Class    | Width | Expression                               |
==============================================================================
| I1    | PI   | Signed   | 11    |                                          |
| I2    | PI   | Unsigned | 4     |                                          |
| O1    | PO   | Signed   | 12    | I1 + I2 (raw16_to_bf16_rne.sv:51)        |
| O2    | PO   | Signed   | 1     | O1 > $signed(8'b01111111) (raw16_to_bf16_rne.sv:52) |
| O3    | PO   | Signed   | 1     | O1 < $signed(8'b10000010) (raw16_to_bf16_rne.sv:54) |
| O4    | PO   | Signed   | 13    | O1 + $unsigned(1'b1) (raw16_to_bf16_rne.sv:70) |
==============================================================================

Datapath Report for DP_OP_2444J1_167_5753
==============================================================================
| Cell                 | Contained Operations                                |
==============================================================================
| DP_OP_2444J1_167_5753 | G_BF16_PACK[8].u_pack/sub_59 (raw16_to_bf16_rne.sv:59) |
                   | G_BF16_PACK[8].u_pack/sub_64 (raw16_to_bf16_rne.sv:64) |
                    | G_BF16_PACK[8].u_pack/sub_64_I2 (raw16_to_bf16_rne.sv:64) |
                 | G_BF16_PACK[8].u_pack/lt_64 (raw16_to_bf16_rne.sv:64) |
                     | G_BF16_PACK[8].u_pack/lt_64_I3 (raw16_to_bf16_rne.sv:64) |
                  | G_BF16_PACK[8].u_pack/lt_64_I4 (raw16_to_bf16_rne.sv:64) |
                  | G_BF16_PACK[8].u_pack/lt_64_I5 (raw16_to_bf16_rne.sv:64) |
                  | G_BF16_PACK[8].u_pack/lt_64_I6 (raw16_to_bf16_rne.sv:64) |
                  | G_BF16_PACK[8].u_pack/lt_64_I7 (raw16_to_bf16_rne.sv:64) |
                  | G_BF16_PACK[8].u_pack/lt_64_I8 (raw16_to_bf16_rne.sv:64) |
                  | G_BF16_PACK[8].u_pack/lt_64_I9 (raw16_to_bf16_rne.sv:64) |
                  | G_BF16_PACK[8].u_pack/lt_64_I10 (raw16_to_bf16_rne.sv:64) |
                 | G_BF16_PACK[8].u_pack/lt_64_I11 (raw16_to_bf16_rne.sv:64) |
                 | G_BF16_PACK[8].u_pack/lt_64_I12 (raw16_to_bf16_rne.sv:64) |
                 | G_BF16_PACK[8].u_pack/lt_64_I13 (raw16_to_bf16_rne.sv:64) |
                 | G_BF16_PACK[8].u_pack/lt_64_I14 (raw16_to_bf16_rne.sv:64) |
                 | G_BF16_PACK[8].u_pack/lt_64_I15 (raw16_to_bf16_rne.sv:64) |
                 | G_BF16_PACK[8].u_pack/lt_64_I2 (raw16_to_bf16_rne.sv:64) |
==============================================================================

==============================================================================
|       |      | Data     |       |                                          |
| Var   | Type | Class    | Width | Expression                               |
==============================================================================
| I1    | PI   | Unsigned | 4     |                                          |
| T897  | IFO  | Signed   | 7     | O1 - $unsigned(1'b1) (raw16_to_bf16_rne.sv:64) |
| O1    | PO   | Signed   | 6     | I1 - $unsigned(3'b111) (raw16_to_bf16_rne.sv:59) |
| O2    | PO   | Signed   | 1     | $signed(1'b0) < T897 (raw16_to_bf16_rne.sv:64) |
| O3    | PO   | Signed   | 1     | $signed(3'b010) < T897 (raw16_to_bf16_rne.sv:64) |
| O4    | PO   | Signed   | 1     | $signed(3'b011) < T897 (raw16_to_bf16_rne.sv:64) |
| O5    | PO   | Signed   | 1     | $signed(4'b0100) < T897 (raw16_to_bf16_rne.sv:64) |
| O6    | PO   | Signed   | 1     | $signed(4'b0101) < T897 (raw16_to_bf16_rne.sv:64) |
| O7    | PO   | Signed   | 1     | $signed(4'b0110) < T897 (raw16_to_bf16_rne.sv:64) |
| O8    | PO   | Signed   | 1     | $signed(4'b0111) < T897 (raw16_to_bf16_rne.sv:64) |
| O9    | PO   | Signed   | 1     | $signed(5'b01000) < T897 (raw16_to_bf16_rne.sv:64) |
| O10   | PO   | Signed   | 1     | $signed(5'b01001) < T897 (raw16_to_bf16_rne.sv:64) |
| O11   | PO   | Signed   | 1     | $signed(5'b01010) < T897 (raw16_to_bf16_rne.sv:64) |
| O12   | PO   | Signed   | 1     | $signed(5'b01011) < T897 (raw16_to_bf16_rne.sv:64) |
| O13   | PO   | Signed   | 1     | $signed(5'b01100) < T897 (raw16_to_bf16_rne.sv:64) |
| O14   | PO   | Signed   | 1     | $signed(5'b01101) < T897 (raw16_to_bf16_rne.sv:64) |
| O15   | PO   | Signed   | 1     | $signed(5'b01110) < T897 (raw16_to_bf16_rne.sv:64) |
| O16   | PO   | Signed   | 1     | $signed(2'b01) < T897 (raw16_to_bf16_rne.sv:64) |
==============================================================================

Datapath Report for DP_OP_2445J1_168_825
==============================================================================
| Cell                 | Contained Operations                                |
==============================================================================
| DP_OP_2445J1_168_825 | G_BF16_PACK[7].u_pack/add_51 (raw16_to_bf16_rne.sv:51) |
                    | G_BF16_PACK[7].u_pack/gt_52 (raw16_to_bf16_rne.sv:52) |
                     | G_BF16_PACK[7].u_pack/lt_54 (raw16_to_bf16_rne.sv:54) |
                     | G_BF16_PACK[7].u_pack/add_70 (raw16_to_bf16_rne.sv:70) |
==============================================================================

==============================================================================
|       |      | Data     |       |                                          |
| Var   | Type | Class    | Width | Expression                               |
==============================================================================
| I1    | PI   | Signed   | 11    |                                          |
| I2    | PI   | Unsigned | 4     |                                          |
| O1    | PO   | Signed   | 12    | I1 + I2 (raw16_to_bf16_rne.sv:51)        |
| O2    | PO   | Signed   | 1     | O1 > $signed(8'b01111111) (raw16_to_bf16_rne.sv:52) |
| O3    | PO   | Signed   | 1     | O1 < $signed(8'b10000010) (raw16_to_bf16_rne.sv:54) |
| O4    | PO   | Signed   | 13    | O1 + $unsigned(1'b1) (raw16_to_bf16_rne.sv:70) |
==============================================================================

Datapath Report for DP_OP_2446J1_169_5753
==============================================================================
| Cell                 | Contained Operations                                |
==============================================================================
| DP_OP_2446J1_169_5753 | G_BF16_PACK[7].u_pack/sub_59 (raw16_to_bf16_rne.sv:59) |
                   | G_BF16_PACK[7].u_pack/sub_64 (raw16_to_bf16_rne.sv:64) |
                    | G_BF16_PACK[7].u_pack/sub_64_I2 (raw16_to_bf16_rne.sv:64) |
                 | G_BF16_PACK[7].u_pack/lt_64 (raw16_to_bf16_rne.sv:64) |
                     | G_BF16_PACK[7].u_pack/lt_64_I3 (raw16_to_bf16_rne.sv:64) |
                  | G_BF16_PACK[7].u_pack/lt_64_I4 (raw16_to_bf16_rne.sv:64) |
                  | G_BF16_PACK[7].u_pack/lt_64_I5 (raw16_to_bf16_rne.sv:64) |
                  | G_BF16_PACK[7].u_pack/lt_64_I6 (raw16_to_bf16_rne.sv:64) |
                  | G_BF16_PACK[7].u_pack/lt_64_I7 (raw16_to_bf16_rne.sv:64) |
                  | G_BF16_PACK[7].u_pack/lt_64_I8 (raw16_to_bf16_rne.sv:64) |
                  | G_BF16_PACK[7].u_pack/lt_64_I9 (raw16_to_bf16_rne.sv:64) |
                  | G_BF16_PACK[7].u_pack/lt_64_I10 (raw16_to_bf16_rne.sv:64) |
                 | G_BF16_PACK[7].u_pack/lt_64_I11 (raw16_to_bf16_rne.sv:64) |
                 | G_BF16_PACK[7].u_pack/lt_64_I12 (raw16_to_bf16_rne.sv:64) |
                 | G_BF16_PACK[7].u_pack/lt_64_I13 (raw16_to_bf16_rne.sv:64) |
                 | G_BF16_PACK[7].u_pack/lt_64_I14 (raw16_to_bf16_rne.sv:64) |
                 | G_BF16_PACK[7].u_pack/lt_64_I15 (raw16_to_bf16_rne.sv:64) |
                 | G_BF16_PACK[7].u_pack/lt_64_I2 (raw16_to_bf16_rne.sv:64) |
==============================================================================

==============================================================================
|       |      | Data     |       |                                          |
| Var   | Type | Class    | Width | Expression                               |
==============================================================================
| I1    | PI   | Unsigned | 4     |                                          |
| T973  | IFO  | Signed   | 7     | O1 - $unsigned(1'b1) (raw16_to_bf16_rne.sv:64) |
| O1    | PO   | Signed   | 6     | I1 - $unsigned(3'b111) (raw16_to_bf16_rne.sv:59) |
| O2    | PO   | Signed   | 1     | $signed(1'b0) < T973 (raw16_to_bf16_rne.sv:64) |
| O3    | PO   | Signed   | 1     | $signed(3'b010) < T973 (raw16_to_bf16_rne.sv:64) |
| O4    | PO   | Signed   | 1     | $signed(3'b011) < T973 (raw16_to_bf16_rne.sv:64) |
| O5    | PO   | Signed   | 1     | $signed(4'b0100) < T973 (raw16_to_bf16_rne.sv:64) |
| O6    | PO   | Signed   | 1     | $signed(4'b0101) < T973 (raw16_to_bf16_rne.sv:64) |
| O7    | PO   | Signed   | 1     | $signed(4'b0110) < T973 (raw16_to_bf16_rne.sv:64) |
| O8    | PO   | Signed   | 1     | $signed(4'b0111) < T973 (raw16_to_bf16_rne.sv:64) |
| O9    | PO   | Signed   | 1     | $signed(5'b01000) < T973 (raw16_to_bf16_rne.sv:64) |
| O10   | PO   | Signed   | 1     | $signed(5'b01001) < T973 (raw16_to_bf16_rne.sv:64) |
| O11   | PO   | Signed   | 1     | $signed(5'b01010) < T973 (raw16_to_bf16_rne.sv:64) |
| O12   | PO   | Signed   | 1     | $signed(5'b01011) < T973 (raw16_to_bf16_rne.sv:64) |
| O13   | PO   | Signed   | 1     | $signed(5'b01100) < T973 (raw16_to_bf16_rne.sv:64) |
| O14   | PO   | Signed   | 1     | $signed(5'b01101) < T973 (raw16_to_bf16_rne.sv:64) |
| O15   | PO   | Signed   | 1     | $signed(5'b01110) < T973 (raw16_to_bf16_rne.sv:64) |
| O16   | PO   | Signed   | 1     | $signed(2'b01) < T973 (raw16_to_bf16_rne.sv:64) |
==============================================================================

Datapath Report for DP_OP_2447J1_170_825
==============================================================================
| Cell                 | Contained Operations                                |
==============================================================================
| DP_OP_2447J1_170_825 | G_BF16_PACK[6].u_pack/add_51 (raw16_to_bf16_rne.sv:51) |
                    | G_BF16_PACK[6].u_pack/gt_52 (raw16_to_bf16_rne.sv:52) |
                     | G_BF16_PACK[6].u_pack/lt_54 (raw16_to_bf16_rne.sv:54) |
                     | G_BF16_PACK[6].u_pack/add_70 (raw16_to_bf16_rne.sv:70) |
==============================================================================

==============================================================================
|       |      | Data     |       |                                          |
| Var   | Type | Class    | Width | Expression                               |
==============================================================================
| I1    | PI   | Signed   | 11    |                                          |
| I2    | PI   | Unsigned | 4     |                                          |
| O1    | PO   | Signed   | 12    | I1 + I2 (raw16_to_bf16_rne.sv:51)        |
| O2    | PO   | Signed   | 1     | O1 > $signed(8'b01111111) (raw16_to_bf16_rne.sv:52) |
| O3    | PO   | Signed   | 1     | O1 < $signed(8'b10000010) (raw16_to_bf16_rne.sv:54) |
| O4    | PO   | Signed   | 13    | O1 + $unsigned(1'b1) (raw16_to_bf16_rne.sv:70) |
==============================================================================

Datapath Report for DP_OP_2448J1_171_5753
==============================================================================
| Cell                 | Contained Operations                                |
==============================================================================
| DP_OP_2448J1_171_5753 | G_BF16_PACK[6].u_pack/sub_59 (raw16_to_bf16_rne.sv:59) |
                   | G_BF16_PACK[6].u_pack/sub_64 (raw16_to_bf16_rne.sv:64) |
                    | G_BF16_PACK[6].u_pack/sub_64_I2 (raw16_to_bf16_rne.sv:64) |
                 | G_BF16_PACK[6].u_pack/lt_64 (raw16_to_bf16_rne.sv:64) |
                     | G_BF16_PACK[6].u_pack/lt_64_I3 (raw16_to_bf16_rne.sv:64) |
                  | G_BF16_PACK[6].u_pack/lt_64_I4 (raw16_to_bf16_rne.sv:64) |
                  | G_BF16_PACK[6].u_pack/lt_64_I5 (raw16_to_bf16_rne.sv:64) |
                  | G_BF16_PACK[6].u_pack/lt_64_I6 (raw16_to_bf16_rne.sv:64) |
                  | G_BF16_PACK[6].u_pack/lt_64_I7 (raw16_to_bf16_rne.sv:64) |
                  | G_BF16_PACK[6].u_pack/lt_64_I8 (raw16_to_bf16_rne.sv:64) |
                  | G_BF16_PACK[6].u_pack/lt_64_I9 (raw16_to_bf16_rne.sv:64) |
                  | G_BF16_PACK[6].u_pack/lt_64_I10 (raw16_to_bf16_rne.sv:64) |
                 | G_BF16_PACK[6].u_pack/lt_64_I11 (raw16_to_bf16_rne.sv:64) |
                 | G_BF16_PACK[6].u_pack/lt_64_I12 (raw16_to_bf16_rne.sv:64) |
                 | G_BF16_PACK[6].u_pack/lt_64_I13 (raw16_to_bf16_rne.sv:64) |
                 | G_BF16_PACK[6].u_pack/lt_64_I14 (raw16_to_bf16_rne.sv:64) |
                 | G_BF16_PACK[6].u_pack/lt_64_I15 (raw16_to_bf16_rne.sv:64) |
                 | G_BF16_PACK[6].u_pack/lt_64_I2 (raw16_to_bf16_rne.sv:64) |
==============================================================================

==============================================================================
|       |      | Data     |       |                                          |
| Var   | Type | Class    | Width | Expression                               |
==============================================================================
| I1    | PI   | Unsigned | 4     |                                          |
| T1049 | IFO  | Signed   | 7     | O1 - $unsigned(1'b1) (raw16_to_bf16_rne.sv:64) |
| O1    | PO   | Signed   | 6     | I1 - $unsigned(3'b111) (raw16_to_bf16_rne.sv:59) |
| O2    | PO   | Signed   | 1     | $signed(1'b0) < T1049 (raw16_to_bf16_rne.sv:64) |
| O3    | PO   | Signed   | 1     | $signed(3'b010) < T1049 (raw16_to_bf16_rne.sv:64) |
| O4    | PO   | Signed   | 1     | $signed(3'b011) < T1049 (raw16_to_bf16_rne.sv:64) |
| O5    | PO   | Signed   | 1     | $signed(4'b0100) < T1049 (raw16_to_bf16_rne.sv:64) |
| O6    | PO   | Signed   | 1     | $signed(4'b0101) < T1049 (raw16_to_bf16_rne.sv:64) |
| O7    | PO   | Signed   | 1     | $signed(4'b0110) < T1049 (raw16_to_bf16_rne.sv:64) |
| O8    | PO   | Signed   | 1     | $signed(4'b0111) < T1049 (raw16_to_bf16_rne.sv:64) |
| O9    | PO   | Signed   | 1     | $signed(5'b01000) < T1049 (raw16_to_bf16_rne.sv:64) |
| O10   | PO   | Signed   | 1     | $signed(5'b01001) < T1049 (raw16_to_bf16_rne.sv:64) |
| O11   | PO   | Signed   | 1     | $signed(5'b01010) < T1049 (raw16_to_bf16_rne.sv:64) |
| O12   | PO   | Signed   | 1     | $signed(5'b01011) < T1049 (raw16_to_bf16_rne.sv:64) |
| O13   | PO   | Signed   | 1     | $signed(5'b01100) < T1049 (raw16_to_bf16_rne.sv:64) |
| O14   | PO   | Signed   | 1     | $signed(5'b01101) < T1049 (raw16_to_bf16_rne.sv:64) |
| O15   | PO   | Signed   | 1     | $signed(5'b01110) < T1049 (raw16_to_bf16_rne.sv:64) |
| O16   | PO   | Signed   | 1     | $signed(2'b01) < T1049 (raw16_to_bf16_rne.sv:64) |
==============================================================================

Datapath Report for DP_OP_2449J1_172_825
==============================================================================
| Cell                 | Contained Operations                                |
==============================================================================
| DP_OP_2449J1_172_825 | G_BF16_PACK[5].u_pack/add_51 (raw16_to_bf16_rne.sv:51) |
                    | G_BF16_PACK[5].u_pack/gt_52 (raw16_to_bf16_rne.sv:52) |
                     | G_BF16_PACK[5].u_pack/lt_54 (raw16_to_bf16_rne.sv:54) |
                     | G_BF16_PACK[5].u_pack/add_70 (raw16_to_bf16_rne.sv:70) |
==============================================================================

==============================================================================
|       |      | Data     |       |                                          |
| Var   | Type | Class    | Width | Expression                               |
==============================================================================
| I1    | PI   | Signed   | 11    |                                          |
| I2    | PI   | Unsigned | 4     |                                          |
| O1    | PO   | Signed   | 12    | I1 + I2 (raw16_to_bf16_rne.sv:51)        |
| O2    | PO   | Signed   | 1     | O1 > $signed(8'b01111111) (raw16_to_bf16_rne.sv:52) |
| O3    | PO   | Signed   | 1     | O1 < $signed(8'b10000010) (raw16_to_bf16_rne.sv:54) |
| O4    | PO   | Signed   | 13    | O1 + $unsigned(1'b1) (raw16_to_bf16_rne.sv:70) |
==============================================================================

Datapath Report for DP_OP_2450J1_173_5753
==============================================================================
| Cell                 | Contained Operations                                |
==============================================================================
| DP_OP_2450J1_173_5753 | G_BF16_PACK[5].u_pack/sub_59 (raw16_to_bf16_rne.sv:59) |
                   | G_BF16_PACK[5].u_pack/sub_64 (raw16_to_bf16_rne.sv:64) |
                    | G_BF16_PACK[5].u_pack/sub_64_I2 (raw16_to_bf16_rne.sv:64) |
                 | G_BF16_PACK[5].u_pack/lt_64 (raw16_to_bf16_rne.sv:64) |
                     | G_BF16_PACK[5].u_pack/lt_64_I3 (raw16_to_bf16_rne.sv:64) |
                  | G_BF16_PACK[5].u_pack/lt_64_I4 (raw16_to_bf16_rne.sv:64) |
                  | G_BF16_PACK[5].u_pack/lt_64_I5 (raw16_to_bf16_rne.sv:64) |
                  | G_BF16_PACK[5].u_pack/lt_64_I6 (raw16_to_bf16_rne.sv:64) |
                  | G_BF16_PACK[5].u_pack/lt_64_I7 (raw16_to_bf16_rne.sv:64) |
                  | G_BF16_PACK[5].u_pack/lt_64_I8 (raw16_to_bf16_rne.sv:64) |
                  | G_BF16_PACK[5].u_pack/lt_64_I9 (raw16_to_bf16_rne.sv:64) |
                  | G_BF16_PACK[5].u_pack/lt_64_I10 (raw16_to_bf16_rne.sv:64) |
                 | G_BF16_PACK[5].u_pack/lt_64_I11 (raw16_to_bf16_rne.sv:64) |
                 | G_BF16_PACK[5].u_pack/lt_64_I12 (raw16_to_bf16_rne.sv:64) |
                 | G_BF16_PACK[5].u_pack/lt_64_I13 (raw16_to_bf16_rne.sv:64) |
                 | G_BF16_PACK[5].u_pack/lt_64_I14 (raw16_to_bf16_rne.sv:64) |
                 | G_BF16_PACK[5].u_pack/lt_64_I15 (raw16_to_bf16_rne.sv:64) |
                 | G_BF16_PACK[5].u_pack/lt_64_I2 (raw16_to_bf16_rne.sv:64) |
==============================================================================

==============================================================================
|       |      | Data     |       |                                          |
| Var   | Type | Class    | Width | Expression                               |
==============================================================================
| I1    | PI   | Unsigned | 4     |                                          |
| T1125 | IFO  | Signed   | 7     | O1 - $unsigned(1'b1) (raw16_to_bf16_rne.sv:64) |
| O1    | PO   | Signed   | 6     | I1 - $unsigned(3'b111) (raw16_to_bf16_rne.sv:59) |
| O2    | PO   | Signed   | 1     | $signed(1'b0) < T1125 (raw16_to_bf16_rne.sv:64) |
| O3    | PO   | Signed   | 1     | $signed(3'b010) < T1125 (raw16_to_bf16_rne.sv:64) |
| O4    | PO   | Signed   | 1     | $signed(3'b011) < T1125 (raw16_to_bf16_rne.sv:64) |
| O5    | PO   | Signed   | 1     | $signed(4'b0100) < T1125 (raw16_to_bf16_rne.sv:64) |
| O6    | PO   | Signed   | 1     | $signed(4'b0101) < T1125 (raw16_to_bf16_rne.sv:64) |
| O7    | PO   | Signed   | 1     | $signed(4'b0110) < T1125 (raw16_to_bf16_rne.sv:64) |
| O8    | PO   | Signed   | 1     | $signed(4'b0111) < T1125 (raw16_to_bf16_rne.sv:64) |
| O9    | PO   | Signed   | 1     | $signed(5'b01000) < T1125 (raw16_to_bf16_rne.sv:64) |
| O10   | PO   | Signed   | 1     | $signed(5'b01001) < T1125 (raw16_to_bf16_rne.sv:64) |
| O11   | PO   | Signed   | 1     | $signed(5'b01010) < T1125 (raw16_to_bf16_rne.sv:64) |
| O12   | PO   | Signed   | 1     | $signed(5'b01011) < T1125 (raw16_to_bf16_rne.sv:64) |
| O13   | PO   | Signed   | 1     | $signed(5'b01100) < T1125 (raw16_to_bf16_rne.sv:64) |
| O14   | PO   | Signed   | 1     | $signed(5'b01101) < T1125 (raw16_to_bf16_rne.sv:64) |
| O15   | PO   | Signed   | 1     | $signed(5'b01110) < T1125 (raw16_to_bf16_rne.sv:64) |
| O16   | PO   | Signed   | 1     | $signed(2'b01) < T1125 (raw16_to_bf16_rne.sv:64) |
==============================================================================

Datapath Report for DP_OP_2451J1_174_825
==============================================================================
| Cell                 | Contained Operations                                |
==============================================================================
| DP_OP_2451J1_174_825 | G_BF16_PACK[4].u_pack/add_51 (raw16_to_bf16_rne.sv:51) |
                    | G_BF16_PACK[4].u_pack/gt_52 (raw16_to_bf16_rne.sv:52) |
                     | G_BF16_PACK[4].u_pack/lt_54 (raw16_to_bf16_rne.sv:54) |
                     | G_BF16_PACK[4].u_pack/add_70 (raw16_to_bf16_rne.sv:70) |
==============================================================================

==============================================================================
|       |      | Data     |       |                                          |
| Var   | Type | Class    | Width | Expression                               |
==============================================================================
| I1    | PI   | Signed   | 11    |                                          |
| I2    | PI   | Unsigned | 4     |                                          |
| O1    | PO   | Signed   | 12    | I1 + I2 (raw16_to_bf16_rne.sv:51)        |
| O2    | PO   | Signed   | 1     | O1 > $signed(8'b01111111) (raw16_to_bf16_rne.sv:52) |
| O3    | PO   | Signed   | 1     | O1 < $signed(8'b10000010) (raw16_to_bf16_rne.sv:54) |
| O4    | PO   | Signed   | 13    | O1 + $unsigned(1'b1) (raw16_to_bf16_rne.sv:70) |
==============================================================================

Datapath Report for DP_OP_2452J1_175_5753
==============================================================================
| Cell                 | Contained Operations                                |
==============================================================================
| DP_OP_2452J1_175_5753 | G_BF16_PACK[4].u_pack/sub_59 (raw16_to_bf16_rne.sv:59) |
                   | G_BF16_PACK[4].u_pack/sub_64 (raw16_to_bf16_rne.sv:64) |
                    | G_BF16_PACK[4].u_pack/sub_64_I2 (raw16_to_bf16_rne.sv:64) |
                 | G_BF16_PACK[4].u_pack/lt_64 (raw16_to_bf16_rne.sv:64) |
                     | G_BF16_PACK[4].u_pack/lt_64_I3 (raw16_to_bf16_rne.sv:64) |
                  | G_BF16_PACK[4].u_pack/lt_64_I4 (raw16_to_bf16_rne.sv:64) |
                  | G_BF16_PACK[4].u_pack/lt_64_I5 (raw16_to_bf16_rne.sv:64) |
                  | G_BF16_PACK[4].u_pack/lt_64_I6 (raw16_to_bf16_rne.sv:64) |
                  | G_BF16_PACK[4].u_pack/lt_64_I7 (raw16_to_bf16_rne.sv:64) |
                  | G_BF16_PACK[4].u_pack/lt_64_I8 (raw16_to_bf16_rne.sv:64) |
                  | G_BF16_PACK[4].u_pack/lt_64_I9 (raw16_to_bf16_rne.sv:64) |
                  | G_BF16_PACK[4].u_pack/lt_64_I10 (raw16_to_bf16_rne.sv:64) |
                 | G_BF16_PACK[4].u_pack/lt_64_I11 (raw16_to_bf16_rne.sv:64) |
                 | G_BF16_PACK[4].u_pack/lt_64_I12 (raw16_to_bf16_rne.sv:64) |
                 | G_BF16_PACK[4].u_pack/lt_64_I13 (raw16_to_bf16_rne.sv:64) |
                 | G_BF16_PACK[4].u_pack/lt_64_I14 (raw16_to_bf16_rne.sv:64) |
                 | G_BF16_PACK[4].u_pack/lt_64_I15 (raw16_to_bf16_rne.sv:64) |
                 | G_BF16_PACK[4].u_pack/lt_64_I2 (raw16_to_bf16_rne.sv:64) |
==============================================================================

==============================================================================
|       |      | Data     |       |                                          |
| Var   | Type | Class    | Width | Expression                               |
==============================================================================
| I1    | PI   | Unsigned | 4     |                                          |
| T1201 | IFO  | Signed   | 7     | O1 - $unsigned(1'b1) (raw16_to_bf16_rne.sv:64) |
| O1    | PO   | Signed   | 6     | I1 - $unsigned(3'b111) (raw16_to_bf16_rne.sv:59) |
| O2    | PO   | Signed   | 1     | $signed(1'b0) < T1201 (raw16_to_bf16_rne.sv:64) |
| O3    | PO   | Signed   | 1     | $signed(3'b010) < T1201 (raw16_to_bf16_rne.sv:64) |
| O4    | PO   | Signed   | 1     | $signed(3'b011) < T1201 (raw16_to_bf16_rne.sv:64) |
| O5    | PO   | Signed   | 1     | $signed(4'b0100) < T1201 (raw16_to_bf16_rne.sv:64) |
| O6    | PO   | Signed   | 1     | $signed(4'b0101) < T1201 (raw16_to_bf16_rne.sv:64) |
| O7    | PO   | Signed   | 1     | $signed(4'b0110) < T1201 (raw16_to_bf16_rne.sv:64) |
| O8    | PO   | Signed   | 1     | $signed(4'b0111) < T1201 (raw16_to_bf16_rne.sv:64) |
| O9    | PO   | Signed   | 1     | $signed(5'b01000) < T1201 (raw16_to_bf16_rne.sv:64) |
| O10   | PO   | Signed   | 1     | $signed(5'b01001) < T1201 (raw16_to_bf16_rne.sv:64) |
| O11   | PO   | Signed   | 1     | $signed(5'b01010) < T1201 (raw16_to_bf16_rne.sv:64) |
| O12   | PO   | Signed   | 1     | $signed(5'b01011) < T1201 (raw16_to_bf16_rne.sv:64) |
| O13   | PO   | Signed   | 1     | $signed(5'b01100) < T1201 (raw16_to_bf16_rne.sv:64) |
| O14   | PO   | Signed   | 1     | $signed(5'b01101) < T1201 (raw16_to_bf16_rne.sv:64) |
| O15   | PO   | Signed   | 1     | $signed(5'b01110) < T1201 (raw16_to_bf16_rne.sv:64) |
| O16   | PO   | Signed   | 1     | $signed(2'b01) < T1201 (raw16_to_bf16_rne.sv:64) |
==============================================================================

Datapath Report for DP_OP_2453J1_176_825
==============================================================================
| Cell                 | Contained Operations                                |
==============================================================================
| DP_OP_2453J1_176_825 | G_BF16_PACK[3].u_pack/add_51 (raw16_to_bf16_rne.sv:51) |
                    | G_BF16_PACK[3].u_pack/gt_52 (raw16_to_bf16_rne.sv:52) |
                     | G_BF16_PACK[3].u_pack/lt_54 (raw16_to_bf16_rne.sv:54) |
                     | G_BF16_PACK[3].u_pack/add_70 (raw16_to_bf16_rne.sv:70) |
==============================================================================

==============================================================================
|       |      | Data     |       |                                          |
| Var   | Type | Class    | Width | Expression                               |
==============================================================================
| I1    | PI   | Signed   | 11    |                                          |
| I2    | PI   | Unsigned | 4     |                                          |
| O1    | PO   | Signed   | 12    | I1 + I2 (raw16_to_bf16_rne.sv:51)        |
| O2    | PO   | Signed   | 1     | O1 > $signed(8'b01111111) (raw16_to_bf16_rne.sv:52) |
| O3    | PO   | Signed   | 1     | O1 < $signed(8'b10000010) (raw16_to_bf16_rne.sv:54) |
| O4    | PO   | Signed   | 13    | O1 + $unsigned(1'b1) (raw16_to_bf16_rne.sv:70) |
==============================================================================

Datapath Report for DP_OP_2454J1_177_5753
==============================================================================
| Cell                 | Contained Operations                                |
==============================================================================
| DP_OP_2454J1_177_5753 | G_BF16_PACK[3].u_pack/sub_59 (raw16_to_bf16_rne.sv:59) |
                   | G_BF16_PACK[3].u_pack/sub_64 (raw16_to_bf16_rne.sv:64) |
                    | G_BF16_PACK[3].u_pack/sub_64_I2 (raw16_to_bf16_rne.sv:64) |
                 | G_BF16_PACK[3].u_pack/lt_64 (raw16_to_bf16_rne.sv:64) |
                     | G_BF16_PACK[3].u_pack/lt_64_I3 (raw16_to_bf16_rne.sv:64) |
                  | G_BF16_PACK[3].u_pack/lt_64_I4 (raw16_to_bf16_rne.sv:64) |
                  | G_BF16_PACK[3].u_pack/lt_64_I5 (raw16_to_bf16_rne.sv:64) |
                  | G_BF16_PACK[3].u_pack/lt_64_I6 (raw16_to_bf16_rne.sv:64) |
                  | G_BF16_PACK[3].u_pack/lt_64_I7 (raw16_to_bf16_rne.sv:64) |
                  | G_BF16_PACK[3].u_pack/lt_64_I8 (raw16_to_bf16_rne.sv:64) |
                  | G_BF16_PACK[3].u_pack/lt_64_I9 (raw16_to_bf16_rne.sv:64) |
                  | G_BF16_PACK[3].u_pack/lt_64_I10 (raw16_to_bf16_rne.sv:64) |
                 | G_BF16_PACK[3].u_pack/lt_64_I11 (raw16_to_bf16_rne.sv:64) |
                 | G_BF16_PACK[3].u_pack/lt_64_I12 (raw16_to_bf16_rne.sv:64) |
                 | G_BF16_PACK[3].u_pack/lt_64_I13 (raw16_to_bf16_rne.sv:64) |
                 | G_BF16_PACK[3].u_pack/lt_64_I14 (raw16_to_bf16_rne.sv:64) |
                 | G_BF16_PACK[3].u_pack/lt_64_I15 (raw16_to_bf16_rne.sv:64) |
                 | G_BF16_PACK[3].u_pack/lt_64_I2 (raw16_to_bf16_rne.sv:64) |
==============================================================================

==============================================================================
|       |      | Data     |       |                                          |
| Var   | Type | Class    | Width | Expression                               |
==============================================================================
| I1    | PI   | Unsigned | 4     |                                          |
| T1277 | IFO  | Signed   | 7     | O1 - $unsigned(1'b1) (raw16_to_bf16_rne.sv:64) |
| O1    | PO   | Signed   | 6     | I1 - $unsigned(3'b111) (raw16_to_bf16_rne.sv:59) |
| O2    | PO   | Signed   | 1     | $signed(1'b0) < T1277 (raw16_to_bf16_rne.sv:64) |
| O3    | PO   | Signed   | 1     | $signed(3'b010) < T1277 (raw16_to_bf16_rne.sv:64) |
| O4    | PO   | Signed   | 1     | $signed(3'b011) < T1277 (raw16_to_bf16_rne.sv:64) |
| O5    | PO   | Signed   | 1     | $signed(4'b0100) < T1277 (raw16_to_bf16_rne.sv:64) |
| O6    | PO   | Signed   | 1     | $signed(4'b0101) < T1277 (raw16_to_bf16_rne.sv:64) |
| O7    | PO   | Signed   | 1     | $signed(4'b0110) < T1277 (raw16_to_bf16_rne.sv:64) |
| O8    | PO   | Signed   | 1     | $signed(4'b0111) < T1277 (raw16_to_bf16_rne.sv:64) |
| O9    | PO   | Signed   | 1     | $signed(5'b01000) < T1277 (raw16_to_bf16_rne.sv:64) |
| O10   | PO   | Signed   | 1     | $signed(5'b01001) < T1277 (raw16_to_bf16_rne.sv:64) |
| O11   | PO   | Signed   | 1     | $signed(5'b01010) < T1277 (raw16_to_bf16_rne.sv:64) |
| O12   | PO   | Signed   | 1     | $signed(5'b01011) < T1277 (raw16_to_bf16_rne.sv:64) |
| O13   | PO   | Signed   | 1     | $signed(5'b01100) < T1277 (raw16_to_bf16_rne.sv:64) |
| O14   | PO   | Signed   | 1     | $signed(5'b01101) < T1277 (raw16_to_bf16_rne.sv:64) |
| O15   | PO   | Signed   | 1     | $signed(5'b01110) < T1277 (raw16_to_bf16_rne.sv:64) |
| O16   | PO   | Signed   | 1     | $signed(2'b01) < T1277 (raw16_to_bf16_rne.sv:64) |
==============================================================================

Datapath Report for DP_OP_2455J1_178_825
==============================================================================
| Cell                 | Contained Operations                                |
==============================================================================
| DP_OP_2455J1_178_825 | G_BF16_PACK[2].u_pack/add_51 (raw16_to_bf16_rne.sv:51) |
                    | G_BF16_PACK[2].u_pack/gt_52 (raw16_to_bf16_rne.sv:52) |
                     | G_BF16_PACK[2].u_pack/lt_54 (raw16_to_bf16_rne.sv:54) |
                     | G_BF16_PACK[2].u_pack/add_70 (raw16_to_bf16_rne.sv:70) |
==============================================================================

==============================================================================
|       |      | Data     |       |                                          |
| Var   | Type | Class    | Width | Expression                               |
==============================================================================
| I1    | PI   | Signed   | 11    |                                          |
| I2    | PI   | Unsigned | 4     |                                          |
| O1    | PO   | Signed   | 12    | I1 + I2 (raw16_to_bf16_rne.sv:51)        |
| O2    | PO   | Signed   | 1     | O1 > $signed(8'b01111111) (raw16_to_bf16_rne.sv:52) |
| O3    | PO   | Signed   | 1     | O1 < $signed(8'b10000010) (raw16_to_bf16_rne.sv:54) |
| O4    | PO   | Signed   | 13    | O1 + $unsigned(1'b1) (raw16_to_bf16_rne.sv:70) |
==============================================================================

Datapath Report for DP_OP_2456J1_179_5753
==============================================================================
| Cell                 | Contained Operations                                |
==============================================================================
| DP_OP_2456J1_179_5753 | G_BF16_PACK[2].u_pack/sub_59 (raw16_to_bf16_rne.sv:59) |
                   | G_BF16_PACK[2].u_pack/sub_64 (raw16_to_bf16_rne.sv:64) |
                    | G_BF16_PACK[2].u_pack/sub_64_I2 (raw16_to_bf16_rne.sv:64) |
                 | G_BF16_PACK[2].u_pack/lt_64 (raw16_to_bf16_rne.sv:64) |
                     | G_BF16_PACK[2].u_pack/lt_64_I3 (raw16_to_bf16_rne.sv:64) |
                  | G_BF16_PACK[2].u_pack/lt_64_I4 (raw16_to_bf16_rne.sv:64) |
                  | G_BF16_PACK[2].u_pack/lt_64_I5 (raw16_to_bf16_rne.sv:64) |
                  | G_BF16_PACK[2].u_pack/lt_64_I6 (raw16_to_bf16_rne.sv:64) |
                  | G_BF16_PACK[2].u_pack/lt_64_I7 (raw16_to_bf16_rne.sv:64) |
                  | G_BF16_PACK[2].u_pack/lt_64_I8 (raw16_to_bf16_rne.sv:64) |
                  | G_BF16_PACK[2].u_pack/lt_64_I9 (raw16_to_bf16_rne.sv:64) |
                  | G_BF16_PACK[2].u_pack/lt_64_I10 (raw16_to_bf16_rne.sv:64) |
                 | G_BF16_PACK[2].u_pack/lt_64_I11 (raw16_to_bf16_rne.sv:64) |
                 | G_BF16_PACK[2].u_pack/lt_64_I12 (raw16_to_bf16_rne.sv:64) |
                 | G_BF16_PACK[2].u_pack/lt_64_I13 (raw16_to_bf16_rne.sv:64) |
                 | G_BF16_PACK[2].u_pack/lt_64_I14 (raw16_to_bf16_rne.sv:64) |
                 | G_BF16_PACK[2].u_pack/lt_64_I15 (raw16_to_bf16_rne.sv:64) |
                 | G_BF16_PACK[2].u_pack/lt_64_I2 (raw16_to_bf16_rne.sv:64) |
==============================================================================

==============================================================================
|       |      | Data     |       |                                          |
| Var   | Type | Class    | Width | Expression                               |
==============================================================================
| I1    | PI   | Unsigned | 4     |                                          |
| T1353 | IFO  | Signed   | 7     | O1 - $unsigned(1'b1) (raw16_to_bf16_rne.sv:64) |
| O1    | PO   | Signed   | 6     | I1 - $unsigned(3'b111) (raw16_to_bf16_rne.sv:59) |
| O2    | PO   | Signed   | 1     | $signed(1'b0) < T1353 (raw16_to_bf16_rne.sv:64) |
| O3    | PO   | Signed   | 1     | $signed(3'b010) < T1353 (raw16_to_bf16_rne.sv:64) |
| O4    | PO   | Signed   | 1     | $signed(3'b011) < T1353 (raw16_to_bf16_rne.sv:64) |
| O5    | PO   | Signed   | 1     | $signed(4'b0100) < T1353 (raw16_to_bf16_rne.sv:64) |
| O6    | PO   | Signed   | 1     | $signed(4'b0101) < T1353 (raw16_to_bf16_rne.sv:64) |
| O7    | PO   | Signed   | 1     | $signed(4'b0110) < T1353 (raw16_to_bf16_rne.sv:64) |
| O8    | PO   | Signed   | 1     | $signed(4'b0111) < T1353 (raw16_to_bf16_rne.sv:64) |
| O9    | PO   | Signed   | 1     | $signed(5'b01000) < T1353 (raw16_to_bf16_rne.sv:64) |
| O10   | PO   | Signed   | 1     | $signed(5'b01001) < T1353 (raw16_to_bf16_rne.sv:64) |
| O11   | PO   | Signed   | 1     | $signed(5'b01010) < T1353 (raw16_to_bf16_rne.sv:64) |
| O12   | PO   | Signed   | 1     | $signed(5'b01011) < T1353 (raw16_to_bf16_rne.sv:64) |
| O13   | PO   | Signed   | 1     | $signed(5'b01100) < T1353 (raw16_to_bf16_rne.sv:64) |
| O14   | PO   | Signed   | 1     | $signed(5'b01101) < T1353 (raw16_to_bf16_rne.sv:64) |
| O15   | PO   | Signed   | 1     | $signed(5'b01110) < T1353 (raw16_to_bf16_rne.sv:64) |
| O16   | PO   | Signed   | 1     | $signed(2'b01) < T1353 (raw16_to_bf16_rne.sv:64) |
==============================================================================

Datapath Report for DP_OP_2457J1_180_825
==============================================================================
| Cell                 | Contained Operations                                |
==============================================================================
| DP_OP_2457J1_180_825 | G_BF16_PACK[1].u_pack/add_51 (raw16_to_bf16_rne.sv:51) |
                    | G_BF16_PACK[1].u_pack/gt_52 (raw16_to_bf16_rne.sv:52) |
                     | G_BF16_PACK[1].u_pack/lt_54 (raw16_to_bf16_rne.sv:54) |
                     | G_BF16_PACK[1].u_pack/add_70 (raw16_to_bf16_rne.sv:70) |
==============================================================================

==============================================================================
|       |      | Data     |       |                                          |
| Var   | Type | Class    | Width | Expression                               |
==============================================================================
| I1    | PI   | Signed   | 11    |                                          |
| I2    | PI   | Unsigned | 4     |                                          |
| O1    | PO   | Signed   | 12    | I1 + I2 (raw16_to_bf16_rne.sv:51)        |
| O2    | PO   | Signed   | 1     | O1 > $signed(8'b01111111) (raw16_to_bf16_rne.sv:52) |
| O3    | PO   | Signed   | 1     | O1 < $signed(8'b10000010) (raw16_to_bf16_rne.sv:54) |
| O4    | PO   | Signed   | 13    | O1 + $unsigned(1'b1) (raw16_to_bf16_rne.sv:70) |
==============================================================================

Datapath Report for DP_OP_2458J1_181_5753
==============================================================================
| Cell                 | Contained Operations                                |
==============================================================================
| DP_OP_2458J1_181_5753 | G_BF16_PACK[1].u_pack/sub_59 (raw16_to_bf16_rne.sv:59) |
                   | G_BF16_PACK[1].u_pack/sub_64 (raw16_to_bf16_rne.sv:64) |
                    | G_BF16_PACK[1].u_pack/sub_64_I2 (raw16_to_bf16_rne.sv:64) |
                 | G_BF16_PACK[1].u_pack/lt_64 (raw16_to_bf16_rne.sv:64) |
                     | G_BF16_PACK[1].u_pack/lt_64_I3 (raw16_to_bf16_rne.sv:64) |
                  | G_BF16_PACK[1].u_pack/lt_64_I4 (raw16_to_bf16_rne.sv:64) |
                  | G_BF16_PACK[1].u_pack/lt_64_I5 (raw16_to_bf16_rne.sv:64) |
                  | G_BF16_PACK[1].u_pack/lt_64_I6 (raw16_to_bf16_rne.sv:64) |
                  | G_BF16_PACK[1].u_pack/lt_64_I7 (raw16_to_bf16_rne.sv:64) |
                  | G_BF16_PACK[1].u_pack/lt_64_I8 (raw16_to_bf16_rne.sv:64) |
                  | G_BF16_PACK[1].u_pack/lt_64_I9 (raw16_to_bf16_rne.sv:64) |
                  | G_BF16_PACK[1].u_pack/lt_64_I10 (raw16_to_bf16_rne.sv:64) |
                 | G_BF16_PACK[1].u_pack/lt_64_I11 (raw16_to_bf16_rne.sv:64) |
                 | G_BF16_PACK[1].u_pack/lt_64_I12 (raw16_to_bf16_rne.sv:64) |
                 | G_BF16_PACK[1].u_pack/lt_64_I13 (raw16_to_bf16_rne.sv:64) |
                 | G_BF16_PACK[1].u_pack/lt_64_I14 (raw16_to_bf16_rne.sv:64) |
                 | G_BF16_PACK[1].u_pack/lt_64_I15 (raw16_to_bf16_rne.sv:64) |
                 | G_BF16_PACK[1].u_pack/lt_64_I2 (raw16_to_bf16_rne.sv:64) |
==============================================================================

==============================================================================
|       |      | Data     |       |                                          |
| Var   | Type | Class    | Width | Expression                               |
==============================================================================
| I1    | PI   | Unsigned | 4     |                                          |
| T1429 | IFO  | Signed   | 7     | O1 - $unsigned(1'b1) (raw16_to_bf16_rne.sv:64) |
| O1    | PO   | Signed   | 6     | I1 - $unsigned(3'b111) (raw16_to_bf16_rne.sv:59) |
| O2    | PO   | Signed   | 1     | $signed(1'b0) < T1429 (raw16_to_bf16_rne.sv:64) |
| O3    | PO   | Signed   | 1     | $signed(3'b010) < T1429 (raw16_to_bf16_rne.sv:64) |
| O4    | PO   | Signed   | 1     | $signed(3'b011) < T1429 (raw16_to_bf16_rne.sv:64) |
| O5    | PO   | Signed   | 1     | $signed(4'b0100) < T1429 (raw16_to_bf16_rne.sv:64) |
| O6    | PO   | Signed   | 1     | $signed(4'b0101) < T1429 (raw16_to_bf16_rne.sv:64) |
| O7    | PO   | Signed   | 1     | $signed(4'b0110) < T1429 (raw16_to_bf16_rne.sv:64) |
| O8    | PO   | Signed   | 1     | $signed(4'b0111) < T1429 (raw16_to_bf16_rne.sv:64) |
| O9    | PO   | Signed   | 1     | $signed(5'b01000) < T1429 (raw16_to_bf16_rne.sv:64) |
| O10   | PO   | Signed   | 1     | $signed(5'b01001) < T1429 (raw16_to_bf16_rne.sv:64) |
| O11   | PO   | Signed   | 1     | $signed(5'b01010) < T1429 (raw16_to_bf16_rne.sv:64) |
| O12   | PO   | Signed   | 1     | $signed(5'b01011) < T1429 (raw16_to_bf16_rne.sv:64) |
| O13   | PO   | Signed   | 1     | $signed(5'b01100) < T1429 (raw16_to_bf16_rne.sv:64) |
| O14   | PO   | Signed   | 1     | $signed(5'b01101) < T1429 (raw16_to_bf16_rne.sv:64) |
| O15   | PO   | Signed   | 1     | $signed(5'b01110) < T1429 (raw16_to_bf16_rne.sv:64) |
| O16   | PO   | Signed   | 1     | $signed(2'b01) < T1429 (raw16_to_bf16_rne.sv:64) |
==============================================================================


Datapath Extraction Report

Information: Operator associated with resources 'add_320_2 (fusion_mul16_v2_product_pipe.sv:320) add_320_4 (fusion_mul16_v2_product_pipe.sv:320) add_320_6 (fusion_mul16_v2_product_pipe.sv:320) add_339_2 (fusion_mul16_v2_product_pipe.sv:339) add_339_4 (fusion_mul16_v2_product_pipe.sv:339) add_339_6 (fusion_mul16_v2_product_pipe.sv:339)' in design 'fusion_mul16_v2_product_pipe_SUPPORT_FP81_SUPPORT_BF161_SUPPORT_I4_FP81_SUPPORT_I4_BF160_SUPPORT_I8_BF160_SUPPORT_SPECIALS0' breaks the datapath extraction because there is leakage due to truncation on its fanout to operator of resources 'sub_108_C324_rn (fusion_mul16_v2_pkg.sv:108)'.  (HDL-120)

Information: Operator associated with resources 'add_320_2_I2 (fusion_mul16_v2_product_pipe.sv:320) add_320_4_I2 (fusion_mul16_v2_product_pipe.sv:320) add_320_6_I2 (fusion_mul16_v2_product_pipe.sv:320) add_339_2_I2 (fusion_mul16_v2_product_pipe.sv:339) add_339_4_I2 (fusion_mul16_v2_product_pipe.sv:339) add_339_6_I2 (fusion_mul16_v2_product_pipe.sv:339)' in design 'fusion_mul16_v2_product_pipe_SUPPORT_FP81_SUPPORT_BF161_SUPPORT_I4_FP81_SUPPORT_I4_BF160_SUPPORT_I8_BF160_SUPPORT_SPECIALS0' breaks the datapath extraction because there is leakage due to truncation on its fanout to operator of resources 'sub_108_C324_I2_rn (fusion_mul16_v2_pkg.sv:108)'.  (HDL-120)

Information: Operator associated with resources 'add_320_2_I3 (fusion_mul16_v2_product_pipe.sv:320) add_320_4_I3 (fusion_mul16_v2_product_pipe.sv:320) add_320_6_I3 (fusion_mul16_v2_product_pipe.sv:320) add_339_2_I3 (fusion_mul16_v2_product_pipe.sv:339) add_339_4_I3 (fusion_mul16_v2_product_pipe.sv:339) add_339_6_I3 (fusion_mul16_v2_product_pipe.sv:339)' in design 'fusion_mul16_v2_product_pipe_SUPPORT_FP81_SUPPORT_BF161_SUPPORT_I4_FP81_SUPPORT_I4_BF160_SUPPORT_I8_BF160_SUPPORT_SPECIALS0' breaks the datapath extraction because there is leakage due to truncation on its fanout to operator of resources 'sub_108_C324_I3_rn (fusion_mul16_v2_pkg.sv:108)'.  (HDL-120)

Information: Operator associated with resources 'add_320_2_I4 (fusion_mul16_v2_product_pipe.sv:320) add_320_4_I4 (fusion_mul16_v2_product_pipe.sv:320) add_320_6_I4 (fusion_mul16_v2_product_pipe.sv:320) add_339_2_I4 (fusion_mul16_v2_product_pipe.sv:339) add_339_4_I4 (fusion_mul16_v2_product_pipe.sv:339) add_339_6_I4 (fusion_mul16_v2_product_pipe.sv:339)' in design 'fusion_mul16_v2_product_pipe_SUPPORT_FP81_SUPPORT_BF161_SUPPORT_I4_FP81_SUPPORT_I4_BF160_SUPPORT_I8_BF160_SUPPORT_SPECIALS0' breaks the datapath extraction because there is leakage due to truncation on its fanout to operator of resources 'sub_108_C324_I4_rn (fusion_mul16_v2_pkg.sv:108)'.  (HDL-120)

Information: Operator associated with resources 'G_BF16_PACK[0].u_pack/add_67 (raw16_to_bf16_rne.sv:67)' in design 'fusion_mul16_v2_product_pipe_SUPPORT_FP81_SUPPORT_BF161_SUPPORT_I4_FP81_SUPPORT_I4_BF160_SUPPORT_I8_BF160_SUPPORT_SPECIALS0' breaks the datapath extraction because there is leakage due to truncation on the fanout of its driver 'G_BF16_PACK[0].u_pack/srl_60 (raw16_to_bf16_rne.sv:60)'.  (HDL-120)

Information: Operator associated with resources 'G_BF16_PACK[15].u_pack/add_67 (raw16_to_bf16_rne.sv:67)' in design 'fusion_mul16_v2_product_pipe_SUPPORT_FP81_SUPPORT_BF161_SUPPORT_I4_FP81_SUPPORT_I4_BF160_SUPPORT_I8_BF160_SUPPORT_SPECIALS0' breaks the datapath extraction because there is leakage due to truncation on the fanout of its driver 'G_BF16_PACK[15].u_pack/srl_60 (raw16_to_bf16_rne.sv:60)'.  (HDL-120)

Information: Operator associated with resources 'G_BF16_PACK[14].u_pack/add_67 (raw16_to_bf16_rne.sv:67)' in design 'fusion_mul16_v2_product_pipe_SUPPORT_FP81_SUPPORT_BF161_SUPPORT_I4_FP81_SUPPORT_I4_BF160_SUPPORT_I8_BF160_SUPPORT_SPECIALS0' breaks the datapath extraction because there is leakage due to truncation on the fanout of its driver 'G_BF16_PACK[14].u_pack/srl_60 (raw16_to_bf16_rne.sv:60)'.  (HDL-120)

Information: Operator associated with resources 'G_BF16_PACK[13].u_pack/add_67 (raw16_to_bf16_rne.sv:67)' in design 'fusion_mul16_v2_product_pipe_SUPPORT_FP81_SUPPORT_BF161_SUPPORT_I4_FP81_SUPPORT_I4_BF160_SUPPORT_I8_BF160_SUPPORT_SPECIALS0' breaks the datapath extraction because there is leakage due to truncation on the fanout of its driver 'G_BF16_PACK[13].u_pack/srl_60 (raw16_to_bf16_rne.sv:60)'.  (HDL-120)

Information: Operator associated with resources 'G_BF16_PACK[12].u_pack/add_67 (raw16_to_bf16_rne.sv:67)' in design 'fusion_mul16_v2_product_pipe_SUPPORT_FP81_SUPPORT_BF161_SUPPORT_I4_FP81_SUPPORT_I4_BF160_SUPPORT_I8_BF160_SUPPORT_SPECIALS0' breaks the datapath extraction because there is leakage due to truncation on the fanout of its driver 'G_BF16_PACK[12].u_pack/srl_60 (raw16_to_bf16_rne.sv:60)'.  (HDL-120)

Information: Operator associated with resources 'G_BF16_PACK[11].u_pack/add_67 (raw16_to_bf16_rne.sv:67)' in design 'fusion_mul16_v2_product_pipe_SUPPORT_FP81_SUPPORT_BF161_SUPPORT_I4_FP81_SUPPORT_I4_BF160_SUPPORT_I8_BF160_SUPPORT_SPECIALS0' breaks the datapath extraction because there is leakage due to truncation on the fanout of its driver 'G_BF16_PACK[11].u_pack/srl_60 (raw16_to_bf16_rne.sv:60)'.  (HDL-120)

Information: Operator associated with resources 'G_BF16_PACK[10].u_pack/add_67 (raw16_to_bf16_rne.sv:67)' in design 'fusion_mul16_v2_product_pipe_SUPPORT_FP81_SUPPORT_BF161_SUPPORT_I4_FP81_SUPPORT_I4_BF160_SUPPORT_I8_BF160_SUPPORT_SPECIALS0' breaks the datapath extraction because there is leakage due to truncation on the fanout of its driver 'G_BF16_PACK[10].u_pack/srl_60 (raw16_to_bf16_rne.sv:60)'.  (HDL-120)

Information: Operator associated with resources 'G_BF16_PACK[9].u_pack/add_67 (raw16_to_bf16_rne.sv:67)' in design 'fusion_mul16_v2_product_pipe_SUPPORT_FP81_SUPPORT_BF161_SUPPORT_I4_FP81_SUPPORT_I4_BF160_SUPPORT_I8_BF160_SUPPORT_SPECIALS0' breaks the datapath extraction because there is leakage due to truncation on the fanout of its driver 'G_BF16_PACK[9].u_pack/srl_60 (raw16_to_bf16_rne.sv:60)'.  (HDL-120)

Information: Operator associated with resources 'G_BF16_PACK[8].u_pack/add_67 (raw16_to_bf16_rne.sv:67)' in design 'fusion_mul16_v2_product_pipe_SUPPORT_FP81_SUPPORT_BF161_SUPPORT_I4_FP81_SUPPORT_I4_BF160_SUPPORT_I8_BF160_SUPPORT_SPECIALS0' breaks the datapath extraction because there is leakage due to truncation on the fanout of its driver 'G_BF16_PACK[8].u_pack/srl_60 (raw16_to_bf16_rne.sv:60)'.  (HDL-120)

Information: Operator associated with resources 'G_BF16_PACK[7].u_pack/add_67 (raw16_to_bf16_rne.sv:67)' in design 'fusion_mul16_v2_product_pipe_SUPPORT_FP81_SUPPORT_BF161_SUPPORT_I4_FP81_SUPPORT_I4_BF160_SUPPORT_I8_BF160_SUPPORT_SPECIALS0' breaks the datapath extraction because there is leakage due to truncation on the fanout of its driver 'G_BF16_PACK[7].u_pack/srl_60 (raw16_to_bf16_rne.sv:60)'.  (HDL-120)

Information: Operator associated with resources 'G_BF16_PACK[6].u_pack/add_67 (raw16_to_bf16_rne.sv:67)' in design 'fusion_mul16_v2_product_pipe_SUPPORT_FP81_SUPPORT_BF161_SUPPORT_I4_FP81_SUPPORT_I4_BF160_SUPPORT_I8_BF160_SUPPORT_SPECIALS0' breaks the datapath extraction because there is leakage due to truncation on the fanout of its driver 'G_BF16_PACK[6].u_pack/srl_60 (raw16_to_bf16_rne.sv:60)'.  (HDL-120)

Information: Operator associated with resources 'G_BF16_PACK[5].u_pack/add_67 (raw16_to_bf16_rne.sv:67)' in design 'fusion_mul16_v2_product_pipe_SUPPORT_FP81_SUPPORT_BF161_SUPPORT_I4_FP81_SUPPORT_I4_BF160_SUPPORT_I8_BF160_SUPPORT_SPECIALS0' breaks the datapath extraction because there is leakage due to truncation on the fanout of its driver 'G_BF16_PACK[5].u_pack/srl_60 (raw16_to_bf16_rne.sv:60)'.  (HDL-120)

Information: Operator associated with resources 'G_BF16_PACK[4].u_pack/add_67 (raw16_to_bf16_rne.sv:67)' in design 'fusion_mul16_v2_product_pipe_SUPPORT_FP81_SUPPORT_BF161_SUPPORT_I4_FP81_SUPPORT_I4_BF160_SUPPORT_I8_BF160_SUPPORT_SPECIALS0' breaks the datapath extraction because there is leakage due to truncation on the fanout of its driver 'G_BF16_PACK[4].u_pack/srl_60 (raw16_to_bf16_rne.sv:60)'.  (HDL-120)

Information: Operator associated with resources 'G_BF16_PACK[3].u_pack/add_67 (raw16_to_bf16_rne.sv:67)' in design 'fusion_mul16_v2_product_pipe_SUPPORT_FP81_SUPPORT_BF161_SUPPORT_I4_FP81_SUPPORT_I4_BF160_SUPPORT_I8_BF160_SUPPORT_SPECIALS0' breaks the datapath extraction because there is leakage due to truncation on the fanout of its driver 'G_BF16_PACK[3].u_pack/srl_60 (raw16_to_bf16_rne.sv:60)'.  (HDL-120)

Information: Operator associated with resources 'G_BF16_PACK[2].u_pack/add_67 (raw16_to_bf16_rne.sv:67)' in design 'fusion_mul16_v2_product_pipe_SUPPORT_FP81_SUPPORT_BF161_SUPPORT_I4_FP81_SUPPORT_I4_BF160_SUPPORT_I8_BF160_SUPPORT_SPECIALS0' breaks the datapath extraction because there is leakage due to truncation on the fanout of its driver 'G_BF16_PACK[2].u_pack/srl_60 (raw16_to_bf16_rne.sv:60)'.  (HDL-120)

Information: Operator associated with resources 'G_BF16_PACK[1].u_pack/add_67 (raw16_to_bf16_rne.sv:67)' in design 'fusion_mul16_v2_product_pipe_SUPPORT_FP81_SUPPORT_BF161_SUPPORT_I4_FP81_SUPPORT_I4_BF160_SUPPORT_I8_BF160_SUPPORT_SPECIALS0' breaks the datapath extraction because there is leakage due to truncation on the fanout of its driver 'G_BF16_PACK[1].u_pack/srl_60 (raw16_to_bf16_rne.sv:60)'.  (HDL-120)


Implementation Report
===============================================================================
|                    |                  | Current            | Set            |
| Cell               | Module           | Implementation     | Implementation |
===============================================================================
| sub_x_10           | DW01_sub         | apparch (area)     |                |
| sub_x_12           | DW01_sub         | apparch (area)     |                |
| sub_x_14           | DW01_sub         | apparch (area)     |                |
| sub_x_16           | DW01_sub         | apparch (area)     |                |
| sub_x_17           | DW01_sub         | apparch (area)     |                |
| sub_x_18           | DW01_sub         | apparch (area)     |                |
| sub_x_19           | DW01_sub         | apparch (area)     |                |
| sub_x_20           | DW01_sub         | apparch (area)     |                |
| sub_x_21           | DW01_sub         | apparch (area)     |                |
| sub_x_22           | DW01_sub         | apparch (area)     |                |
| sub_x_23           | DW01_sub         | apparch (area)     |                |
| sub_x_24           | DW01_sub         | apparch (area)     |                |
| sub_x_25           | DW01_sub         | apparch (area)     |                |
| sub_x_26           | DW01_sub         | apparch (area)     |                |
| sub_x_27           | DW01_sub         | apparch (area)     |                |
| sub_x_28           | DW01_sub         | apparch (area)     |                |
| add_x_78           | DW01_add         | apparch (area)     |                |
| add_x_79           | DW01_add         | apparch (area)     |                |
| add_x_80           | DW01_add         | apparch (area)     |                |
| add_x_81           | DW01_add         | apparch (area)     |                |
| sub_x_82           | DW01_sub         | apparch (area)     |                |
| sub_x_83           | DW01_sub         | apparch (area)     |                |
| sub_x_84           | DW01_sub         | apparch (area)     |                |
| sub_x_85           | DW01_sub         | apparch (area)     |                |
| ashr_105           | DW_rightsh       | astr (area)        |                |
| add_x_106          | DW01_add         | apparch (area)     |                |
| sub_x_107          | DW01_sub         | apparch (area)     |                |
| ash_108            | DW_leftsh        | astr (area)        |                |
| gt_x_109           | DW_cmp           | apparch (area)     |                |
| add_x_110          | DW01_add         | apparch (area)     |                |
| sub_x_161          | DW01_sub         | apparch (area)     |                |
| ash_162            | DW_leftsh        | astr (area)        |                |
| gt_x_163           | DW_cmp           | apparch (area)     |                |
| add_x_164          | DW01_add         | apparch (area)     |                |
| sub_x_215          | DW01_sub         | apparch (area)     |                |
| ash_216            | DW_leftsh        | astr (area)        |                |
| gt_x_217           | DW_cmp           | apparch (area)     |                |
| add_x_218          | DW01_add         | apparch (area)     |                |
| sub_x_269          | DW01_sub         | apparch (area)     |                |
| ash_270            | DW_leftsh        | astr (area)        |                |
| gt_x_271           | DW_cmp           | apparch (area)     |                |
| add_x_272          | DW01_add         | apparch (area)     |                |
| ashr_321           | DW_rightsh       | astr (area)        |                |
| add_x_322          | DW01_add         | apparch (area)     |                |
| sub_x_323          | DW01_sub         | apparch (area)     |                |
| ash_324            | DW_leftsh        | astr (area)        |                |
| gt_x_325           | DW_cmp           | apparch (area)     |                |
| add_x_326          | DW01_add         | apparch (area)     |                |
| sub_x_377          | DW01_sub         | apparch (area)     |                |
| ash_378            | DW_leftsh        | astr (area)        |                |
| gt_x_379           | DW_cmp           | apparch (area)     |                |
| add_x_380          | DW01_add         | apparch (area)     |                |
| sub_x_431          | DW01_sub         | apparch (area)     |                |
| ash_432            | DW_leftsh        | astr (area)        |                |
| gt_x_433           | DW_cmp           | apparch (area)     |                |
| add_x_434          | DW01_add         | apparch (area)     |                |
| sub_x_485          | DW01_sub         | apparch (area)     |                |
| ash_486            | DW_leftsh        | astr (area)        |                |
| gt_x_487           | DW_cmp           | apparch (area)     |                |
| add_x_488          | DW01_add         | apparch (area)     |                |
| ashr_537           | DW_rightsh       | astr (area)        |                |
| add_x_538          | DW01_add         | apparch (area)     |                |
| sub_x_539          | DW01_sub         | apparch (area)     |                |
| ash_540            | DW_leftsh        | astr (area)        |                |
| gt_x_541           | DW_cmp           | apparch (area)     |                |
| add_x_542          | DW01_add         | apparch (area)     |                |
| sub_x_593          | DW01_sub         | apparch (area)     |                |
| ash_594            | DW_leftsh        | astr (area)        |                |
| gt_x_595           | DW_cmp           | apparch (area)     |                |
| add_x_596          | DW01_add         | apparch (area)     |                |
| sub_x_647          | DW01_sub         | apparch (area)     |                |
| ash_648            | DW_leftsh        | astr (area)        |                |
| gt_x_649           | DW_cmp           | apparch (area)     |                |
| add_x_650          | DW01_add         | apparch (area)     |                |
| sub_x_701          | DW01_sub         | apparch (area)     |                |
| ash_702            | DW_leftsh        | astr (area)        |                |
| gt_x_703           | DW_cmp           | apparch (area)     |                |
| add_x_704          | DW01_add         | apparch (area)     |                |
| ashr_753           | DW_rightsh       | astr (area)        |                |
| add_x_754          | DW01_add         | apparch (area)     |                |
| sub_x_755          | DW01_sub         | apparch (area)     |                |
| ash_756            | DW_leftsh        | astr (area)        |                |
| gt_x_757           | DW_cmp           | apparch (area)     |                |
| add_x_758          | DW01_add         | apparch (area)     |                |
| sub_x_809          | DW01_sub         | apparch (area)     |                |
| ash_810            | DW_leftsh        | astr (area)        |                |
| gt_x_811           | DW_cmp           | apparch (area)     |                |
| add_x_812          | DW01_add         | apparch (area)     |                |
| sub_x_863          | DW01_sub         | apparch (area)     |                |
| ash_864            | DW_leftsh        | astr (area)        |                |
| gt_x_865           | DW_cmp           | apparch (area)     |                |
| add_x_866          | DW01_add         | apparch (area)     |                |
| sub_x_917          | DW01_sub         | apparch (area)     |                |
| ash_918            | DW_leftsh        | astr (area)        |                |
| gt_x_919           | DW_cmp           | apparch (area)     |                |
| add_x_920          | DW01_add         | apparch (area)     |                |
| G_BRICK[0].u_brick/u_dw_mult          |                    |                |
|                    | DW_mult_uns      | apparch (area)     |                |
|                    |                  | mult_arch: and     |                |
| G_BRICK[15].u_brick/u_dw_mult         |                    |                |
|                    | DW_mult_uns      | apparch (area)     |                |
|                    |                  | mult_arch: and     |                |
| G_BRICK[14].u_brick/u_dw_mult         |                    |                |
|                    | DW_mult_uns      | apparch (area)     |                |
|                    |                  | mult_arch: and     |                |
| G_BRICK[13].u_brick/u_dw_mult         |                    |                |
|                    | DW_mult_uns      | apparch (area)     |                |
|                    |                  | mult_arch: and     |                |
| G_BRICK[12].u_brick/u_dw_mult         |                    |                |
|                    | DW_mult_uns      | apparch (area)     |                |
|                    |                  | mult_arch: and     |                |
| G_BRICK[11].u_brick/u_dw_mult         |                    |                |
|                    | DW_mult_uns      | apparch (area)     |                |
|                    |                  | mult_arch: and     |                |
| G_BRICK[10].u_brick/u_dw_mult         |                    |                |
|                    | DW_mult_uns      | apparch (area)     |                |
|                    |                  | mult_arch: and     |                |
| G_BRICK[9].u_brick/u_dw_mult          |                    |                |
|                    | DW_mult_uns      | apparch (area)     |                |
|                    |                  | mult_arch: and     |                |
| G_BRICK[8].u_brick/u_dw_mult          |                    |                |
|                    | DW_mult_uns      | apparch (area)     |                |
|                    |                  | mult_arch: and     |                |
| G_BRICK[7].u_brick/u_dw_mult          |                    |                |
|                    | DW_mult_uns      | apparch (area)     |                |
|                    |                  | mult_arch: and     |                |
| G_BRICK[6].u_brick/u_dw_mult          |                    |                |
|                    | DW_mult_uns      | apparch (area)     |                |
|                    |                  | mult_arch: and     |                |
| G_BRICK[5].u_brick/u_dw_mult          |                    |                |
|                    | DW_mult_uns      | apparch (area)     |                |
|                    |                  | mult_arch: and     |                |
| G_BRICK[4].u_brick/u_dw_mult          |                    |                |
|                    | DW_mult_uns      | apparch (area)     |                |
|                    |                  | mult_arch: and     |                |
| G_BRICK[3].u_brick/u_dw_mult          |                    |                |
|                    | DW_mult_uns      | apparch (area)     |                |
|                    |                  | mult_arch: and     |                |
| G_BRICK[2].u_brick/u_dw_mult          |                    |                |
|                    | DW_mult_uns      | apparch (area)     |                |
|                    |                  | mult_arch: and     |                |
| G_BRICK[1].u_brick/u_dw_mult          |                    |                |
|                    | DW_mult_uns      | apparch (area)     |                |
|                    |                  | mult_arch: and     |                |
| sub_x_2            | DW01_sub         | apparch (area)     |                |
| sub_x_4            | DW01_sub         | apparch (area)     |                |
| sub_x_6            | DW01_sub         | apparch (area)     |                |
| sub_x_8            | DW01_sub         | apparch (area)     |                |
| sub_x_1            | DW01_sub         | apparch (area)     |                |
| sub_x_3            | DW01_sub         | apparch (area)     |                |
| sub_x_5            | DW01_sub         | apparch (area)     |                |
| sub_x_7            | DW01_sub         | apparch (area)     |                |
| sub_x_9            | DW01_sub         | apparch (area)     |                |
| sub_x_11           | DW01_sub         | apparch (area)     |                |
| sub_x_13           | DW01_sub         | apparch (area)     |                |
| sub_x_15           | DW01_sub         | apparch (area)     |                |
| DP_OP_2399J1_122_8794                 |                    |                |
|                    | DP_OP_2399J1_122_8794 | str (area)    |                |
| DP_OP_2400J1_123_8794                 |                    |                |
|                    | DP_OP_2400J1_123_8794 | str (area)    |                |
| DP_OP_2401J1_124_8794                 |                    |                |
|                    | DP_OP_2401J1_124_8794 | str (area)    |                |
| DP_OP_2402J1_125_8794                 |                    |                |
|                    | DP_OP_2402J1_125_8794 | str (area)    |                |
| DP_OP_2403J1_126_8794                 |                    |                |
|                    | DP_OP_2403J1_126_8794 | str (area)    |                |
| DP_OP_2404J1_127_8794                 |                    |                |
|                    | DP_OP_2404J1_127_8794 | str (area)    |                |
| DP_OP_2405J1_128_8794                 |                    |                |
|                    | DP_OP_2405J1_128_8794 | str (area)    |                |
| DP_OP_2406J1_129_8794                 |                    |                |
|                    | DP_OP_2406J1_129_8794 | str (area)    |                |
| DP_OP_2407J1_130_8794                 |                    |                |
|                    | DP_OP_2407J1_130_8794 | str (area)    |                |
| DP_OP_2408J1_131_8794                 |                    |                |
|                    | DP_OP_2408J1_131_8794 | str (area)    |                |
| DP_OP_2409J1_132_8794                 |                    |                |
|                    | DP_OP_2409J1_132_8794 | str (area)    |                |
| DP_OP_2410J1_133_8794                 |                    |                |
|                    | DP_OP_2410J1_133_8794 | str (area)    |                |
| DP_OP_2411J1_134_8794                 |                    |                |
|                    | DP_OP_2411J1_134_8794 | str (area)    |                |
| DP_OP_2412J1_135_8794                 |                    |                |
|                    | DP_OP_2412J1_135_8794 | str (area)    |                |
| DP_OP_2413J1_136_8794                 |                    |                |
|                    | DP_OP_2413J1_136_8794 | str (area)    |                |
| DP_OP_2414J1_137_8794                 |                    |                |
|                    | DP_OP_2414J1_137_8794 | str (area)    |                |
| DP_OP_2415J1_138_1290                 |                    |                |
|                    | DP_OP_2415J1_138_1290 | str (area)    |                |
| DP_OP_2416J1_139_1290                 |                    |                |
|                    | DP_OP_2416J1_139_1290 | str (area)    |                |
| DP_OP_2417J1_140_1290                 |                    |                |
|                    | DP_OP_2417J1_140_1290 | str (area)    |                |
| DP_OP_2418J1_141_1290                 |                    |                |
|                    | DP_OP_2418J1_141_1290 | str (area)    |                |
| DP_OP_2419J1_142_7357                 |                    |                |
|                    | DP_OP_2419J1_142_7357 | str (area)    |                |
| DP_OP_2420J1_143_8884                 |                    |                |
|                    | DP_OP_2420J1_143_8884 | str (area)    |                |
| DP_OP_2421J1_144_7357                 |                    |                |
|                    | DP_OP_2421J1_144_7357 | str (area)    |                |
| DP_OP_2422J1_145_8884                 |                    |                |
|                    | DP_OP_2422J1_145_8884 | str (area)    |                |
| DP_OP_2423J1_146_7357                 |                    |                |
|                    | DP_OP_2423J1_146_7357 | str (area)    |                |
| DP_OP_2424J1_147_8884                 |                    |                |
|                    | DP_OP_2424J1_147_8884 | str (area)    |                |
| DP_OP_2425J1_148_7357                 |                    |                |
|                    | DP_OP_2425J1_148_7357 | str (area)    |                |
| DP_OP_2426J1_149_8884                 |                    |                |
|                    | DP_OP_2426J1_149_8884 | str (area)    |                |
| DP_OP_2427J1_150_825                  |                    |                |
|                    | DP_OP_2427J1_150_825 | str (area)     |                |
| DP_OP_2428J1_151_5753                 |                    |                |
|                    | DP_OP_2428J1_151_5753 | str (area)    |                |
| DP_OP_2429J1_152_825                  |                    |                |
|                    | DP_OP_2429J1_152_825 | str (area)     |                |
| DP_OP_2431J1_154_825                  |                    |                |
|                    | DP_OP_2431J1_154_825 | str (area)     |                |
| DP_OP_2433J1_156_825                  |                    |                |
|                    | DP_OP_2433J1_156_825 | str (area)     |                |
| DP_OP_2435J1_158_825                  |                    |                |
|                    | DP_OP_2435J1_158_825 | str (area)     |                |
| DP_OP_2436J1_159_5753                 |                    |                |
|                    | DP_OP_2436J1_159_5753 | str (area)    |                |
| DP_OP_2437J1_160_825                  |                    |                |
|                    | DP_OP_2437J1_160_825 | str (area)     |                |
| DP_OP_2439J1_162_825                  |                    |                |
|                    | DP_OP_2439J1_162_825 | str (area)     |                |
| DP_OP_2441J1_164_825                  |                    |                |
|                    | DP_OP_2441J1_164_825 | str (area)     |                |
| DP_OP_2443J1_166_825                  |                    |                |
|                    | DP_OP_2443J1_166_825 | str (area)     |                |
| DP_OP_2444J1_167_5753                 |                    |                |
|                    | DP_OP_2444J1_167_5753 | str (area)    |                |
| DP_OP_2445J1_168_825                  |                    |                |
|                    | DP_OP_2445J1_168_825 | str (area)     |                |
| DP_OP_2447J1_170_825                  |                    |                |
|                    | DP_OP_2447J1_170_825 | str (area)     |                |
| DP_OP_2449J1_172_825                  |                    |                |
|                    | DP_OP_2449J1_172_825 | str (area)     |                |
| DP_OP_2451J1_174_825                  |                    |                |
|                    | DP_OP_2451J1_174_825 | str (area)     |                |
| DP_OP_2452J1_175_5753                 |                    |                |
|                    | DP_OP_2452J1_175_5753 | str (area)    |                |
| DP_OP_2453J1_176_825                  |                    |                |
|                    | DP_OP_2453J1_176_825 | str (area)     |                |
| DP_OP_2455J1_178_825                  |                    |                |
|                    | DP_OP_2455J1_178_825 | str (area)     |                |
| DP_OP_2457J1_180_825                  |                    |                |
|                    | DP_OP_2457J1_180_825 | str (area)     |                |
===============================================================================

1
