 
****************************************
Report : timing
        -path full
        -delay max
        -nworst 5
        -nets
        -max_paths 20
        -transition_time
        -capacitance
Design : char_top
Version: X-2025.06-SP3
Date   : Sun Aug 30 21:31:34 2026
****************************************

Operating Conditions: tt_typical_max_0p80v_25c   Library: sc6p5mcpp140z_cln22ul_base_svt_c35_tt_typical_max_0p80v_25c
Wire Load Model Mode: top

  Startpoint: w_i[2] (input port clocked by clk)
  Endpoint: u_dut/product_q_reg[31]
            (rising edge-triggered flip-flop clocked by clk)
  Path Group: clk
  Path Type: max

  Des/Clust/Port     Wire Load Model       Library
  ------------------------------------------------
  char_top           Zero                  sc6p5mcpp140z_cln22ul_base_svt_c35_tt_typical_max_0p80v_25c

  Point                                       Fanout       Cap     Trans      Incr       Path
  ----------------------------------------------------------------------------------------------
  clock clk (rise edge)                                                       0.00       0.00
  clock network delay (ideal)                                                 0.00       0.00
  input external delay                                                        0.10       0.10 r
  w_i[2] (in)                                                       0.05      0.00       0.10 r
  w_i[2] (net)                                  2         0.00                0.00       0.10 r
  U71/Y (XNOR2_X2M_A6P5PP140ZTS_C35)                                0.09      0.07       0.17 r
  n268 (net)                                   19         0.01                0.00       0.17 r
  U74/Y (NAND2_X1M_A6P5PP140ZTS_C35)                                0.03      0.02       0.20 f
  n49 (net)                                     1         0.00                0.00       0.20 f
  U69/Y (BUFH_X1M_A6P5PP140ZTS_C35)                                 0.07      0.06       0.25 f
  n262 (net)                                   17         0.01                0.00       0.25 f
  U339/Y (OAI22_X1M_A6P5PP140ZTS_C35)                               0.05      0.04       0.29 r
  n260 (net)                                    1         0.00                0.00       0.29 r
  U343/S (ADDH_X1M_A6P5PP140ZTS_C35)                                0.01      0.05       0.35 f
  n273 (net)                                    2         0.00                0.00       0.35 f
  U347/Y (OR2_X1M_A6P5PP140ZTS_C35)                                 0.01      0.03       0.37 f
  n649 (net)                                    2         0.00                0.00       0.37 f
  U362/Y (AOI21_X0P5M_A6P5PP140ZTS_C35)                             0.04      0.03       0.40 r
  n736 (net)                                    2         0.00                0.00       0.40 r
  U364/Y (OAI21_X0P5M_A6P5PP140ZTS_C35)                             0.03      0.03       0.43 f
  n731 (net)                                    2         0.00                0.00       0.43 f
  U367/Y (AOI21_X0P5M_A6P5PP140ZTS_C35)                             0.04      0.04       0.48 r
  n727 (net)                                    2         0.00                0.00       0.48 r
  U369/Y (OAI21_X0P5M_A6P5PP140ZTS_C35)                             0.03      0.03       0.51 f
  n646 (net)                                    2         0.00                0.00       0.51 f
  U62/Y (AOI21_X1M_A6P5PP140ZTS_C35)                                0.03      0.04       0.54 r
  n721 (net)                                    2         0.00                0.00       0.54 r
  U381/Y (OAI21_X0P5M_A6P5PP140ZTS_C35)                             0.02      0.02       0.57 f
  n641 (net)                                    2         0.00                0.00       0.57 f
  U384/Y (AOI21_X0P5M_A6P5PP140ZTS_C35)                             0.03      0.03       0.60 r
  n636 (net)                                    2         0.00                0.00       0.60 r
  U407/Y (OAI21_X0P5M_A6P5PP140ZTS_C35)                             0.02      0.02       0.62 f
  n632 (net)                                    2         0.00                0.00       0.62 f
  U419/Y (AOI21_X0P5M_A6P5PP140ZTS_C35)                             0.05      0.04       0.66 r
  n622 (net)                                    2         0.00                0.00       0.66 r
  U426/Y (OAI21_X2M_A6P5PP140ZTS_C35)                               0.02      0.03       0.69 f
  n601 (net)                                    2         0.00                0.00       0.69 f
  U504/Y (AOI21_X2M_A6P5PP140ZTS_C35)                               0.03      0.03       0.71 r
  n680 (net)                                    2         0.00                0.00       0.71 r
  U520/Y (OAI21_X2M_A6P5PP140ZTS_C35)                               0.02      0.02       0.73 f
  n596 (net)                                    2         0.00                0.00       0.73 f
  U534/Y (AOI21_X2M_A6P5PP140ZTS_C35)                               0.03      0.03       0.76 r
  n675 (net)                                    2         0.00                0.00       0.76 r
  U547/Y (OAI21_X2M_A6P5PP140ZTS_C35)                               0.02      0.02       0.78 f
  n592 (net)                                    2         0.00                0.00       0.78 f
  U558/Y (AOI21_X2M_A6P5PP140ZTS_C35)                               0.03      0.03       0.81 r
  n670 (net)                                    2         0.00                0.00       0.81 r
  U568/Y (OAI21_X2M_A6P5PP140ZTS_C35)                               0.02      0.02       0.83 f
  n588 (net)                                    2         0.00                0.00       0.83 f
  U576/Y (AOI21_X3M_A6P5PP140ZTS_C35)                               0.02      0.02       0.85 r
  n585 (net)                                    2         0.00                0.00       0.85 r
  U60/Y (OAI21_X1M_A6P5PP140ZTS_C35)                                0.03      0.02       0.88 f
  n661 (net)                                    2         0.00                0.00       0.88 f
  U640/Y (AO21B_X1M_A6P5PP140ZTS_C35)                               0.01      0.02       0.89 r
  n666 (net)                                    1         0.00                0.00       0.89 r
  U64/Y (AND2_X1M_A6P5PP140ZTS_C35)                                 0.01      0.02       0.91 r
  n47 (net)                                     1         0.00                0.00       0.91 r
  u_dut/product_q_reg[31]/D (DFFRPQA_X1M_A6P5PP140ZTS_C35)          0.01      0.00       0.91 r
  data arrival time                                                                      0.91

  clock clk (rise edge)                                                       1.00       1.00
  clock network delay (ideal)                                                 0.00       1.00
  clock uncertainty                                                          -0.05       0.95
  u_dut/product_q_reg[31]/CK (DFFRPQA_X1M_A6P5PP140ZTS_C35)                   0.00       0.95 r
  library setup time                                                         -0.03       0.92
  data required time                                                                     0.92
  ----------------------------------------------------------------------------------------------
  data required time                                                                     0.92
  data arrival time                                                                     -0.91
  ----------------------------------------------------------------------------------------------
  slack (MET)                                                                            0.00


  Startpoint: w_i[2] (input port clocked by clk)
  Endpoint: u_dut/product_q_reg[31]
            (rising edge-triggered flip-flop clocked by clk)
  Path Group: clk
  Path Type: max

  Des/Clust/Port     Wire Load Model       Library
  ------------------------------------------------
  char_top           Zero                  sc6p5mcpp140z_cln22ul_base_svt_c35_tt_typical_max_0p80v_25c

  Point                                       Fanout       Cap     Trans      Incr       Path
  ----------------------------------------------------------------------------------------------
  clock clk (rise edge)                                                       0.00       0.00
  clock network delay (ideal)                                                 0.00       0.00
  input external delay                                                        0.10       0.10 r
  w_i[2] (in)                                                       0.05      0.00       0.10 r
  w_i[2] (net)                                  2         0.00                0.00       0.10 r
  U71/Y (XNOR2_X2M_A6P5PP140ZTS_C35)                                0.09      0.07       0.17 r
  n268 (net)                                   19         0.01                0.00       0.17 r
  U74/Y (NAND2_X1M_A6P5PP140ZTS_C35)                                0.03      0.02       0.20 f
  n49 (net)                                     1         0.00                0.00       0.20 f
  U69/Y (BUFH_X1M_A6P5PP140ZTS_C35)                                 0.07      0.06       0.25 f
  n262 (net)                                   17         0.01                0.00       0.25 f
  U339/Y (OAI22_X1M_A6P5PP140ZTS_C35)                               0.05      0.04       0.29 r
  n260 (net)                                    1         0.00                0.00       0.29 r
  U343/S (ADDH_X1M_A6P5PP140ZTS_C35)                                0.01      0.05       0.35 f
  n273 (net)                                    2         0.00                0.00       0.35 f
  U347/Y (OR2_X1M_A6P5PP140ZTS_C35)                                 0.01      0.03       0.37 f
  n649 (net)                                    2         0.00                0.00       0.37 f
  U362/Y (AOI21_X0P5M_A6P5PP140ZTS_C35)                             0.04      0.03       0.40 r
  n736 (net)                                    2         0.00                0.00       0.40 r
  U364/Y (OAI21_X0P5M_A6P5PP140ZTS_C35)                             0.03      0.03       0.43 f
  n731 (net)                                    2         0.00                0.00       0.43 f
  U367/Y (AOI21_X0P5M_A6P5PP140ZTS_C35)                             0.04      0.04       0.48 r
  n727 (net)                                    2         0.00                0.00       0.48 r
  U369/Y (OAI21_X0P5M_A6P5PP140ZTS_C35)                             0.03      0.03       0.51 f
  n646 (net)                                    2         0.00                0.00       0.51 f
  U62/Y (AOI21_X1M_A6P5PP140ZTS_C35)                                0.03      0.04       0.54 r
  n721 (net)                                    2         0.00                0.00       0.54 r
  U381/Y (OAI21_X0P5M_A6P5PP140ZTS_C35)                             0.02      0.02       0.57 f
  n641 (net)                                    2         0.00                0.00       0.57 f
  U384/Y (AOI21_X0P5M_A6P5PP140ZTS_C35)                             0.03      0.03       0.60 r
  n636 (net)                                    2         0.00                0.00       0.60 r
  U407/Y (OAI21_X0P5M_A6P5PP140ZTS_C35)                             0.02      0.02       0.62 f
  n632 (net)                                    2         0.00                0.00       0.62 f
  U419/Y (AOI21_X0P5M_A6P5PP140ZTS_C35)                             0.05      0.04       0.66 r
  n622 (net)                                    2         0.00                0.00       0.66 r
  U426/Y (OAI21_X2M_A6P5PP140ZTS_C35)                               0.02      0.03       0.69 f
  n601 (net)                                    2         0.00                0.00       0.69 f
  U504/Y (AOI21_X2M_A6P5PP140ZTS_C35)                               0.03      0.03       0.71 r
  n680 (net)                                    2         0.00                0.00       0.71 r
  U520/Y (OAI21_X2M_A6P5PP140ZTS_C35)                               0.02      0.02       0.73 f
  n596 (net)                                    2         0.00                0.00       0.73 f
  U534/Y (AOI21_X2M_A6P5PP140ZTS_C35)                               0.03      0.03       0.76 r
  n675 (net)                                    2         0.00                0.00       0.76 r
  U547/Y (OAI21_X2M_A6P5PP140ZTS_C35)                               0.02      0.02       0.78 f
  n592 (net)                                    2         0.00                0.00       0.78 f
  U558/Y (AOI21_X2M_A6P5PP140ZTS_C35)                               0.03      0.03       0.81 r
  n670 (net)                                    2         0.00                0.00       0.81 r
  U568/Y (OAI21_X2M_A6P5PP140ZTS_C35)                               0.02      0.02       0.83 f
  n588 (net)                                    2         0.00                0.00       0.83 f
  U576/Y (AOI21_X3M_A6P5PP140ZTS_C35)                               0.02      0.02       0.85 r
  n585 (net)                                    2         0.00                0.00       0.85 r
  U60/Y (OAI21_X1M_A6P5PP140ZTS_C35)                                0.03      0.02       0.88 f
  n661 (net)                                    2         0.00                0.00       0.88 f
  U640/Y (AO21B_X1M_A6P5PP140ZTS_C35)                               0.01      0.02       0.89 r
  n666 (net)                                    1         0.00                0.00       0.89 r
  U64/Y (AND2_X1M_A6P5PP140ZTS_C35)                                 0.01      0.02       0.91 r
  n47 (net)                                     1         0.00                0.00       0.91 r
  u_dut/product_q_reg[31]/D (DFFRPQA_X1M_A6P5PP140ZTS_C35)          0.01      0.00       0.91 r
  data arrival time                                                                      0.91

  clock clk (rise edge)                                                       1.00       1.00
  clock network delay (ideal)                                                 0.00       1.00
  clock uncertainty                                                          -0.05       0.95
  u_dut/product_q_reg[31]/CK (DFFRPQA_X1M_A6P5PP140ZTS_C35)                   0.00       0.95 r
  library setup time                                                         -0.03       0.92
  data required time                                                                     0.92
  ----------------------------------------------------------------------------------------------
  data required time                                                                     0.92
  data arrival time                                                                     -0.91
  ----------------------------------------------------------------------------------------------
  slack (MET)                                                                            0.00


  Startpoint: w_i[2] (input port clocked by clk)
  Endpoint: u_dut/product_q_reg[31]
            (rising edge-triggered flip-flop clocked by clk)
  Path Group: clk
  Path Type: max

  Des/Clust/Port     Wire Load Model       Library
  ------------------------------------------------
  char_top           Zero                  sc6p5mcpp140z_cln22ul_base_svt_c35_tt_typical_max_0p80v_25c

  Point                                       Fanout       Cap     Trans      Incr       Path
  ----------------------------------------------------------------------------------------------
  clock clk (rise edge)                                                       0.00       0.00
  clock network delay (ideal)                                                 0.00       0.00
  input external delay                                                        0.10       0.10 r
  w_i[2] (in)                                                       0.05      0.00       0.10 r
  w_i[2] (net)                                  2         0.00                0.00       0.10 r
  U71/Y (XNOR2_X2M_A6P5PP140ZTS_C35)                                0.09      0.07       0.17 r
  n268 (net)                                   19         0.01                0.00       0.17 r
  U74/Y (NAND2_X1M_A6P5PP140ZTS_C35)                                0.03      0.02       0.20 f
  n49 (net)                                     1         0.00                0.00       0.20 f
  U69/Y (BUFH_X1M_A6P5PP140ZTS_C35)                                 0.07      0.06       0.25 f
  n262 (net)                                   17         0.01                0.00       0.25 f
  U339/Y (OAI22_X1M_A6P5PP140ZTS_C35)                               0.05      0.04       0.29 r
  n260 (net)                                    1         0.00                0.00       0.29 r
  U343/S (ADDH_X1M_A6P5PP140ZTS_C35)                                0.01      0.05       0.35 f
  n273 (net)                                    2         0.00                0.00       0.35 f
  U347/Y (OR2_X1M_A6P5PP140ZTS_C35)                                 0.01      0.03       0.37 f
  n649 (net)                                    2         0.00                0.00       0.37 f
  U362/Y (AOI21_X0P5M_A6P5PP140ZTS_C35)                             0.04      0.03       0.40 r
  n736 (net)                                    2         0.00                0.00       0.40 r
  U364/Y (OAI21_X0P5M_A6P5PP140ZTS_C35)                             0.03      0.03       0.43 f
  n731 (net)                                    2         0.00                0.00       0.43 f
  U367/Y (AOI21_X0P5M_A6P5PP140ZTS_C35)                             0.04      0.04       0.48 r
  n727 (net)                                    2         0.00                0.00       0.48 r
  U369/Y (OAI21_X0P5M_A6P5PP140ZTS_C35)                             0.03      0.03       0.51 f
  n646 (net)                                    2         0.00                0.00       0.51 f
  U62/Y (AOI21_X1M_A6P5PP140ZTS_C35)                                0.03      0.04       0.54 r
  n721 (net)                                    2         0.00                0.00       0.54 r
  U381/Y (OAI21_X0P5M_A6P5PP140ZTS_C35)                             0.02      0.02       0.57 f
  n641 (net)                                    2         0.00                0.00       0.57 f
  U384/Y (AOI21_X0P5M_A6P5PP140ZTS_C35)                             0.03      0.03       0.60 r
  n636 (net)                                    2         0.00                0.00       0.60 r
  U407/Y (OAI21_X0P5M_A6P5PP140ZTS_C35)                             0.02      0.02       0.62 f
  n632 (net)                                    2         0.00                0.00       0.62 f
  U419/Y (AOI21_X0P5M_A6P5PP140ZTS_C35)                             0.05      0.04       0.66 r
  n622 (net)                                    2         0.00                0.00       0.66 r
  U426/Y (OAI21_X2M_A6P5PP140ZTS_C35)                               0.02      0.03       0.69 f
  n601 (net)                                    2         0.00                0.00       0.69 f
  U504/Y (AOI21_X2M_A6P5PP140ZTS_C35)                               0.03      0.03       0.71 r
  n680 (net)                                    2         0.00                0.00       0.71 r
  U520/Y (OAI21_X2M_A6P5PP140ZTS_C35)                               0.02      0.02       0.73 f
  n596 (net)                                    2         0.00                0.00       0.73 f
  U534/Y (AOI21_X2M_A6P5PP140ZTS_C35)                               0.03      0.03       0.76 r
  n675 (net)                                    2         0.00                0.00       0.76 r
  U547/Y (OAI21_X2M_A6P5PP140ZTS_C35)                               0.02      0.02       0.78 f
  n592 (net)                                    2         0.00                0.00       0.78 f
  U558/Y (AOI21_X2M_A6P5PP140ZTS_C35)                               0.03      0.03       0.81 r
  n670 (net)                                    2         0.00                0.00       0.81 r
  U568/Y (OAI21_X2M_A6P5PP140ZTS_C35)                               0.02      0.02       0.83 f
  n588 (net)                                    2         0.00                0.00       0.83 f
  U576/Y (AOI21_X3M_A6P5PP140ZTS_C35)                               0.02      0.02       0.85 r
  n585 (net)                                    2         0.00                0.00       0.85 r
  U60/Y (OAI21_X1M_A6P5PP140ZTS_C35)                                0.03      0.02       0.88 f
  n661 (net)                                    2         0.00                0.00       0.88 f
  U640/Y (AO21B_X1M_A6P5PP140ZTS_C35)                               0.01      0.02       0.89 r
  n666 (net)                                    1         0.00                0.00       0.89 r
  U64/Y (AND2_X1M_A6P5PP140ZTS_C35)                                 0.01      0.02       0.91 r
  n47 (net)                                     1         0.00                0.00       0.91 r
  u_dut/product_q_reg[31]/D (DFFRPQA_X1M_A6P5PP140ZTS_C35)          0.01      0.00       0.91 r
  data arrival time                                                                      0.91

  clock clk (rise edge)                                                       1.00       1.00
  clock network delay (ideal)                                                 0.00       1.00
  clock uncertainty                                                          -0.05       0.95
  u_dut/product_q_reg[31]/CK (DFFRPQA_X1M_A6P5PP140ZTS_C35)                   0.00       0.95 r
  library setup time                                                         -0.03       0.92
  data required time                                                                     0.92
  ----------------------------------------------------------------------------------------------
  data required time                                                                     0.92
  data arrival time                                                                     -0.91
  ----------------------------------------------------------------------------------------------
  slack (MET)                                                                            0.00


  Startpoint: w_i[2] (input port clocked by clk)
  Endpoint: u_dut/product_q_reg[31]
            (rising edge-triggered flip-flop clocked by clk)
  Path Group: clk
  Path Type: max

  Des/Clust/Port     Wire Load Model       Library
  ------------------------------------------------
  char_top           Zero                  sc6p5mcpp140z_cln22ul_base_svt_c35_tt_typical_max_0p80v_25c

  Point                                       Fanout       Cap     Trans      Incr       Path
  ----------------------------------------------------------------------------------------------
  clock clk (rise edge)                                                       0.00       0.00
  clock network delay (ideal)                                                 0.00       0.00
  input external delay                                                        0.10       0.10 r
  w_i[2] (in)                                                       0.05      0.00       0.10 r
  w_i[2] (net)                                  2         0.00                0.00       0.10 r
  U71/Y (XNOR2_X2M_A6P5PP140ZTS_C35)                                0.09      0.07       0.17 r
  n268 (net)                                   19         0.01                0.00       0.17 r
  U74/Y (NAND2_X1M_A6P5PP140ZTS_C35)                                0.03      0.02       0.20 f
  n49 (net)                                     1         0.00                0.00       0.20 f
  U69/Y (BUFH_X1M_A6P5PP140ZTS_C35)                                 0.07      0.06       0.25 f
  n262 (net)                                   17         0.01                0.00       0.25 f
  U339/Y (OAI22_X1M_A6P5PP140ZTS_C35)                               0.05      0.04       0.29 r
  n260 (net)                                    1         0.00                0.00       0.29 r
  U343/S (ADDH_X1M_A6P5PP140ZTS_C35)                                0.01      0.05       0.35 f
  n273 (net)                                    2         0.00                0.00       0.35 f
  U347/Y (OR2_X1M_A6P5PP140ZTS_C35)                                 0.01      0.03       0.37 f
  n649 (net)                                    2         0.00                0.00       0.37 f
  U362/Y (AOI21_X0P5M_A6P5PP140ZTS_C35)                             0.04      0.03       0.40 r
  n736 (net)                                    2         0.00                0.00       0.40 r
  U364/Y (OAI21_X0P5M_A6P5PP140ZTS_C35)                             0.03      0.03       0.43 f
  n731 (net)                                    2         0.00                0.00       0.43 f
  U367/Y (AOI21_X0P5M_A6P5PP140ZTS_C35)                             0.04      0.04       0.48 r
  n727 (net)                                    2         0.00                0.00       0.48 r
  U369/Y (OAI21_X0P5M_A6P5PP140ZTS_C35)                             0.03      0.03       0.51 f
  n646 (net)                                    2         0.00                0.00       0.51 f
  U62/Y (AOI21_X1M_A6P5PP140ZTS_C35)                                0.03      0.04       0.54 r
  n721 (net)                                    2         0.00                0.00       0.54 r
  U381/Y (OAI21_X0P5M_A6P5PP140ZTS_C35)                             0.02      0.02       0.57 f
  n641 (net)                                    2         0.00                0.00       0.57 f
  U384/Y (AOI21_X0P5M_A6P5PP140ZTS_C35)                             0.03      0.03       0.60 r
  n636 (net)                                    2         0.00                0.00       0.60 r
  U407/Y (OAI21_X0P5M_A6P5PP140ZTS_C35)                             0.02      0.02       0.62 f
  n632 (net)                                    2         0.00                0.00       0.62 f
  U419/Y (AOI21_X0P5M_A6P5PP140ZTS_C35)                             0.05      0.04       0.66 r
  n622 (net)                                    2         0.00                0.00       0.66 r
  U426/Y (OAI21_X2M_A6P5PP140ZTS_C35)                               0.02      0.03       0.69 f
  n601 (net)                                    2         0.00                0.00       0.69 f
  U504/Y (AOI21_X2M_A6P5PP140ZTS_C35)                               0.03      0.03       0.71 r
  n680 (net)                                    2         0.00                0.00       0.71 r
  U520/Y (OAI21_X2M_A6P5PP140ZTS_C35)                               0.02      0.02       0.73 f
  n596 (net)                                    2         0.00                0.00       0.73 f
  U534/Y (AOI21_X2M_A6P5PP140ZTS_C35)                               0.03      0.03       0.76 r
  n675 (net)                                    2         0.00                0.00       0.76 r
  U547/Y (OAI21_X2M_A6P5PP140ZTS_C35)                               0.02      0.02       0.78 f
  n592 (net)                                    2         0.00                0.00       0.78 f
  U558/Y (AOI21_X2M_A6P5PP140ZTS_C35)                               0.03      0.03       0.81 r
  n670 (net)                                    2         0.00                0.00       0.81 r
  U568/Y (OAI21_X2M_A6P5PP140ZTS_C35)                               0.02      0.02       0.83 f
  n588 (net)                                    2         0.00                0.00       0.83 f
  U576/Y (AOI21_X3M_A6P5PP140ZTS_C35)                               0.02      0.02       0.85 r
  n585 (net)                                    2         0.00                0.00       0.85 r
  U60/Y (OAI21_X1M_A6P5PP140ZTS_C35)                                0.03      0.02       0.88 f
  n661 (net)                                    2         0.00                0.00       0.88 f
  U640/Y (AO21B_X1M_A6P5PP140ZTS_C35)                               0.01      0.02       0.89 r
  n666 (net)                                    1         0.00                0.00       0.89 r
  U64/Y (AND2_X1M_A6P5PP140ZTS_C35)                                 0.01      0.02       0.91 r
  n47 (net)                                     1         0.00                0.00       0.91 r
  u_dut/product_q_reg[31]/D (DFFRPQA_X1M_A6P5PP140ZTS_C35)          0.01      0.00       0.91 r
  data arrival time                                                                      0.91

  clock clk (rise edge)                                                       1.00       1.00
  clock network delay (ideal)                                                 0.00       1.00
  clock uncertainty                                                          -0.05       0.95
  u_dut/product_q_reg[31]/CK (DFFRPQA_X1M_A6P5PP140ZTS_C35)                   0.00       0.95 r
  library setup time                                                         -0.03       0.92
  data required time                                                                     0.92
  ----------------------------------------------------------------------------------------------
  data required time                                                                     0.92
  data arrival time                                                                     -0.91
  ----------------------------------------------------------------------------------------------
  slack (MET)                                                                            0.00


  Startpoint: w_i[2] (input port clocked by clk)
  Endpoint: u_dut/product_q_reg[31]
            (rising edge-triggered flip-flop clocked by clk)
  Path Group: clk
  Path Type: max

  Des/Clust/Port     Wire Load Model       Library
  ------------------------------------------------
  char_top           Zero                  sc6p5mcpp140z_cln22ul_base_svt_c35_tt_typical_max_0p80v_25c

  Point                                       Fanout       Cap     Trans      Incr       Path
  ----------------------------------------------------------------------------------------------
  clock clk (rise edge)                                                       0.00       0.00
  clock network delay (ideal)                                                 0.00       0.00
  input external delay                                                        0.10       0.10 r
  w_i[2] (in)                                                       0.05      0.00       0.10 r
  w_i[2] (net)                                  2         0.00                0.00       0.10 r
  U71/Y (XNOR2_X2M_A6P5PP140ZTS_C35)                                0.09      0.07       0.17 r
  n268 (net)                                   19         0.01                0.00       0.17 r
  U74/Y (NAND2_X1M_A6P5PP140ZTS_C35)                                0.03      0.02       0.20 f
  n49 (net)                                     1         0.00                0.00       0.20 f
  U69/Y (BUFH_X1M_A6P5PP140ZTS_C35)                                 0.07      0.06       0.25 f
  n262 (net)                                   17         0.01                0.00       0.25 f
  U339/Y (OAI22_X1M_A6P5PP140ZTS_C35)                               0.05      0.04       0.29 r
  n260 (net)                                    1         0.00                0.00       0.29 r
  U343/S (ADDH_X1M_A6P5PP140ZTS_C35)                                0.01      0.05       0.35 f
  n273 (net)                                    2         0.00                0.00       0.35 f
  U347/Y (OR2_X1M_A6P5PP140ZTS_C35)                                 0.01      0.03       0.37 f
  n649 (net)                                    2         0.00                0.00       0.37 f
  U362/Y (AOI21_X0P5M_A6P5PP140ZTS_C35)                             0.04      0.03       0.40 r
  n736 (net)                                    2         0.00                0.00       0.40 r
  U364/Y (OAI21_X0P5M_A6P5PP140ZTS_C35)                             0.03      0.03       0.43 f
  n731 (net)                                    2         0.00                0.00       0.43 f
  U367/Y (AOI21_X0P5M_A6P5PP140ZTS_C35)                             0.04      0.04       0.48 r
  n727 (net)                                    2         0.00                0.00       0.48 r
  U369/Y (OAI21_X0P5M_A6P5PP140ZTS_C35)                             0.03      0.03       0.51 f
  n646 (net)                                    2         0.00                0.00       0.51 f
  U62/Y (AOI21_X1M_A6P5PP140ZTS_C35)                                0.03      0.04       0.54 r
  n721 (net)                                    2         0.00                0.00       0.54 r
  U381/Y (OAI21_X0P5M_A6P5PP140ZTS_C35)                             0.02      0.02       0.57 f
  n641 (net)                                    2         0.00                0.00       0.57 f
  U384/Y (AOI21_X0P5M_A6P5PP140ZTS_C35)                             0.03      0.03       0.60 r
  n636 (net)                                    2         0.00                0.00       0.60 r
  U407/Y (OAI21_X0P5M_A6P5PP140ZTS_C35)                             0.02      0.02       0.62 f
  n632 (net)                                    2         0.00                0.00       0.62 f
  U419/Y (AOI21_X0P5M_A6P5PP140ZTS_C35)                             0.05      0.04       0.66 r
  n622 (net)                                    2         0.00                0.00       0.66 r
  U426/Y (OAI21_X2M_A6P5PP140ZTS_C35)                               0.02      0.03       0.69 f
  n601 (net)                                    2         0.00                0.00       0.69 f
  U504/Y (AOI21_X2M_A6P5PP140ZTS_C35)                               0.03      0.03       0.71 r
  n680 (net)                                    2         0.00                0.00       0.71 r
  U520/Y (OAI21_X2M_A6P5PP140ZTS_C35)                               0.02      0.02       0.73 f
  n596 (net)                                    2         0.00                0.00       0.73 f
  U534/Y (AOI21_X2M_A6P5PP140ZTS_C35)                               0.03      0.03       0.76 r
  n675 (net)                                    2         0.00                0.00       0.76 r
  U547/Y (OAI21_X2M_A6P5PP140ZTS_C35)                               0.02      0.02       0.78 f
  n592 (net)                                    2         0.00                0.00       0.78 f
  U558/Y (AOI21_X2M_A6P5PP140ZTS_C35)                               0.03      0.03       0.81 r
  n670 (net)                                    2         0.00                0.00       0.81 r
  U568/Y (OAI21_X2M_A6P5PP140ZTS_C35)                               0.02      0.02       0.83 f
  n588 (net)                                    2         0.00                0.00       0.83 f
  U576/Y (AOI21_X3M_A6P5PP140ZTS_C35)                               0.02      0.02       0.85 r
  n585 (net)                                    2         0.00                0.00       0.85 r
  U60/Y (OAI21_X1M_A6P5PP140ZTS_C35)                                0.03      0.02       0.88 f
  n661 (net)                                    2         0.00                0.00       0.88 f
  U640/Y (AO21B_X1M_A6P5PP140ZTS_C35)                               0.01      0.02       0.89 r
  n666 (net)                                    1         0.00                0.00       0.89 r
  U64/Y (AND2_X1M_A6P5PP140ZTS_C35)                                 0.01      0.02       0.91 r
  n47 (net)                                     1         0.00                0.00       0.91 r
  u_dut/product_q_reg[31]/D (DFFRPQA_X1M_A6P5PP140ZTS_C35)          0.01      0.00       0.91 r
  data arrival time                                                                      0.91

  clock clk (rise edge)                                                       1.00       1.00
  clock network delay (ideal)                                                 0.00       1.00
  clock uncertainty                                                          -0.05       0.95
  u_dut/product_q_reg[31]/CK (DFFRPQA_X1M_A6P5PP140ZTS_C35)                   0.00       0.95 r
  library setup time                                                         -0.03       0.92
  data required time                                                                     0.92
  ----------------------------------------------------------------------------------------------
  data required time                                                                     0.92
  data arrival time                                                                     -0.91
  ----------------------------------------------------------------------------------------------
  slack (MET)                                                                            0.00


  Startpoint: w_i[2] (input port clocked by clk)
  Endpoint: u_dut/product_q_reg[30]
            (rising edge-triggered flip-flop clocked by clk)
  Path Group: clk
  Path Type: max

  Des/Clust/Port     Wire Load Model       Library
  ------------------------------------------------
  char_top           Zero                  sc6p5mcpp140z_cln22ul_base_svt_c35_tt_typical_max_0p80v_25c

  Point                                       Fanout       Cap     Trans      Incr       Path
  ----------------------------------------------------------------------------------------------
  clock clk (rise edge)                                                       0.00       0.00
  clock network delay (ideal)                                                 0.00       0.00
  input external delay                                                        0.10       0.10 r
  w_i[2] (in)                                                       0.05      0.00       0.10 r
  w_i[2] (net)                                  2         0.00                0.00       0.10 r
  U71/Y (XNOR2_X2M_A6P5PP140ZTS_C35)                                0.09      0.07       0.17 r
  n268 (net)                                   19         0.01                0.00       0.17 r
  U74/Y (NAND2_X1M_A6P5PP140ZTS_C35)                                0.03      0.02       0.20 f
  n49 (net)                                     1         0.00                0.00       0.20 f
  U69/Y (BUFH_X1M_A6P5PP140ZTS_C35)                                 0.07      0.06       0.25 f
  n262 (net)                                   17         0.01                0.00       0.25 f
  U339/Y (OAI22_X1M_A6P5PP140ZTS_C35)                               0.05      0.04       0.29 r
  n260 (net)                                    1         0.00                0.00       0.29 r
  U343/S (ADDH_X1M_A6P5PP140ZTS_C35)                                0.01      0.05       0.35 f
  n273 (net)                                    2         0.00                0.00       0.35 f
  U347/Y (OR2_X1M_A6P5PP140ZTS_C35)                                 0.01      0.03       0.37 f
  n649 (net)                                    2         0.00                0.00       0.37 f
  U362/Y (AOI21_X0P5M_A6P5PP140ZTS_C35)                             0.04      0.03       0.40 r
  n736 (net)                                    2         0.00                0.00       0.40 r
  U364/Y (OAI21_X0P5M_A6P5PP140ZTS_C35)                             0.03      0.03       0.43 f
  n731 (net)                                    2         0.00                0.00       0.43 f
  U367/Y (AOI21_X0P5M_A6P5PP140ZTS_C35)                             0.04      0.04       0.48 r
  n727 (net)                                    2         0.00                0.00       0.48 r
  U369/Y (OAI21_X0P5M_A6P5PP140ZTS_C35)                             0.03      0.03       0.51 f
  n646 (net)                                    2         0.00                0.00       0.51 f
  U62/Y (AOI21_X1M_A6P5PP140ZTS_C35)                                0.03      0.04       0.54 r
  n721 (net)                                    2         0.00                0.00       0.54 r
  U381/Y (OAI21_X0P5M_A6P5PP140ZTS_C35)                             0.02      0.02       0.57 f
  n641 (net)                                    2         0.00                0.00       0.57 f
  U384/Y (AOI21_X0P5M_A6P5PP140ZTS_C35)                             0.03      0.03       0.60 r
  n636 (net)                                    2         0.00                0.00       0.60 r
  U407/Y (OAI21_X0P5M_A6P5PP140ZTS_C35)                             0.02      0.02       0.62 f
  n632 (net)                                    2         0.00                0.00       0.62 f
  U419/Y (AOI21_X0P5M_A6P5PP140ZTS_C35)                             0.05      0.04       0.66 r
  n622 (net)                                    2         0.00                0.00       0.66 r
  U426/Y (OAI21_X2M_A6P5PP140ZTS_C35)                               0.02      0.03       0.69 f
  n601 (net)                                    2         0.00                0.00       0.69 f
  U504/Y (AOI21_X2M_A6P5PP140ZTS_C35)                               0.03      0.03       0.71 r
  n680 (net)                                    2         0.00                0.00       0.71 r
  U520/Y (OAI21_X2M_A6P5PP140ZTS_C35)                               0.02      0.02       0.73 f
  n596 (net)                                    2         0.00                0.00       0.73 f
  U534/Y (AOI21_X2M_A6P5PP140ZTS_C35)                               0.03      0.03       0.76 r
  n675 (net)                                    2         0.00                0.00       0.76 r
  U547/Y (OAI21_X2M_A6P5PP140ZTS_C35)                               0.02      0.02       0.78 f
  n592 (net)                                    2         0.00                0.00       0.78 f
  U558/Y (AOI21_X2M_A6P5PP140ZTS_C35)                               0.03      0.03       0.81 r
  n670 (net)                                    2         0.00                0.00       0.81 r
  U568/Y (OAI21_X2M_A6P5PP140ZTS_C35)                               0.02      0.02       0.83 f
  n588 (net)                                    2         0.00                0.00       0.83 f
  U576/Y (AOI21_X3M_A6P5PP140ZTS_C35)                               0.02      0.02       0.85 r
  n585 (net)                                    2         0.00                0.00       0.85 r
  U60/Y (OAI21_X1M_A6P5PP140ZTS_C35)                                0.03      0.02       0.88 f
  n661 (net)                                    2         0.00                0.00       0.88 f
  U585/Y (XNOR2_X0P5M_A6P5PP140ZTS_C35)                             0.02      0.03       0.91 f
  u_dut/product_comb[30] (net)                  1         0.00                0.00       0.91 f
  u_dut/product_q_reg[30]/D (DFFRPQA_X1M_A6P5PP140ZTS_C35)          0.02      0.00       0.91 f
  data arrival time                                                                      0.91

  clock clk (rise edge)                                                       1.00       1.00
  clock network delay (ideal)                                                 0.00       1.00
  clock uncertainty                                                          -0.05       0.95
  u_dut/product_q_reg[30]/CK (DFFRPQA_X1M_A6P5PP140ZTS_C35)                   0.00       0.95 r
  library setup time                                                         -0.04       0.91
  data required time                                                                     0.91
  ----------------------------------------------------------------------------------------------
  data required time                                                                     0.91
  data arrival time                                                                     -0.91
  ----------------------------------------------------------------------------------------------
  slack (MET)                                                                            0.00


  Startpoint: w_i[2] (input port clocked by clk)
  Endpoint: u_dut/product_q_reg[30]
            (rising edge-triggered flip-flop clocked by clk)
  Path Group: clk
  Path Type: max

  Des/Clust/Port     Wire Load Model       Library
  ------------------------------------------------
  char_top           Zero                  sc6p5mcpp140z_cln22ul_base_svt_c35_tt_typical_max_0p80v_25c

  Point                                       Fanout       Cap     Trans      Incr       Path
  ----------------------------------------------------------------------------------------------
  clock clk (rise edge)                                                       0.00       0.00
  clock network delay (ideal)                                                 0.00       0.00
  input external delay                                                        0.10       0.10 r
  w_i[2] (in)                                                       0.05      0.00       0.10 r
  w_i[2] (net)                                  2         0.00                0.00       0.10 r
  U71/Y (XNOR2_X2M_A6P5PP140ZTS_C35)                                0.09      0.07       0.17 r
  n268 (net)                                   19         0.01                0.00       0.17 r
  U74/Y (NAND2_X1M_A6P5PP140ZTS_C35)                                0.03      0.02       0.20 f
  n49 (net)                                     1         0.00                0.00       0.20 f
  U69/Y (BUFH_X1M_A6P5PP140ZTS_C35)                                 0.07      0.06       0.25 f
  n262 (net)                                   17         0.01                0.00       0.25 f
  U339/Y (OAI22_X1M_A6P5PP140ZTS_C35)                               0.05      0.04       0.29 r
  n260 (net)                                    1         0.00                0.00       0.29 r
  U343/S (ADDH_X1M_A6P5PP140ZTS_C35)                                0.01      0.05       0.35 f
  n273 (net)                                    2         0.00                0.00       0.35 f
  U347/Y (OR2_X1M_A6P5PP140ZTS_C35)                                 0.01      0.03       0.37 f
  n649 (net)                                    2         0.00                0.00       0.37 f
  U362/Y (AOI21_X0P5M_A6P5PP140ZTS_C35)                             0.04      0.03       0.40 r
  n736 (net)                                    2         0.00                0.00       0.40 r
  U364/Y (OAI21_X0P5M_A6P5PP140ZTS_C35)                             0.03      0.03       0.43 f
  n731 (net)                                    2         0.00                0.00       0.43 f
  U367/Y (AOI21_X0P5M_A6P5PP140ZTS_C35)                             0.04      0.04       0.48 r
  n727 (net)                                    2         0.00                0.00       0.48 r
  U369/Y (OAI21_X0P5M_A6P5PP140ZTS_C35)                             0.03      0.03       0.51 f
  n646 (net)                                    2         0.00                0.00       0.51 f
  U62/Y (AOI21_X1M_A6P5PP140ZTS_C35)                                0.03      0.04       0.54 r
  n721 (net)                                    2         0.00                0.00       0.54 r
  U381/Y (OAI21_X0P5M_A6P5PP140ZTS_C35)                             0.02      0.02       0.57 f
  n641 (net)                                    2         0.00                0.00       0.57 f
  U384/Y (AOI21_X0P5M_A6P5PP140ZTS_C35)                             0.03      0.03       0.60 r
  n636 (net)                                    2         0.00                0.00       0.60 r
  U407/Y (OAI21_X0P5M_A6P5PP140ZTS_C35)                             0.02      0.02       0.62 f
  n632 (net)                                    2         0.00                0.00       0.62 f
  U419/Y (AOI21_X0P5M_A6P5PP140ZTS_C35)                             0.05      0.04       0.66 r
  n622 (net)                                    2         0.00                0.00       0.66 r
  U426/Y (OAI21_X2M_A6P5PP140ZTS_C35)                               0.02      0.03       0.69 f
  n601 (net)                                    2         0.00                0.00       0.69 f
  U504/Y (AOI21_X2M_A6P5PP140ZTS_C35)                               0.03      0.03       0.71 r
  n680 (net)                                    2         0.00                0.00       0.71 r
  U520/Y (OAI21_X2M_A6P5PP140ZTS_C35)                               0.02      0.02       0.73 f
  n596 (net)                                    2         0.00                0.00       0.73 f
  U534/Y (AOI21_X2M_A6P5PP140ZTS_C35)                               0.03      0.03       0.76 r
  n675 (net)                                    2         0.00                0.00       0.76 r
  U547/Y (OAI21_X2M_A6P5PP140ZTS_C35)                               0.02      0.02       0.78 f
  n592 (net)                                    2         0.00                0.00       0.78 f
  U558/Y (AOI21_X2M_A6P5PP140ZTS_C35)                               0.03      0.03       0.81 r
  n670 (net)                                    2         0.00                0.00       0.81 r
  U568/Y (OAI21_X2M_A6P5PP140ZTS_C35)                               0.02      0.02       0.83 f
  n588 (net)                                    2         0.00                0.00       0.83 f
  U576/Y (AOI21_X3M_A6P5PP140ZTS_C35)                               0.02      0.02       0.85 r
  n585 (net)                                    2         0.00                0.00       0.85 r
  U60/Y (OAI21_X1M_A6P5PP140ZTS_C35)                                0.03      0.02       0.88 f
  n661 (net)                                    2         0.00                0.00       0.88 f
  U585/Y (XNOR2_X0P5M_A6P5PP140ZTS_C35)                             0.02      0.03       0.91 f
  u_dut/product_comb[30] (net)                  1         0.00                0.00       0.91 f
  u_dut/product_q_reg[30]/D (DFFRPQA_X1M_A6P5PP140ZTS_C35)          0.02      0.00       0.91 f
  data arrival time                                                                      0.91

  clock clk (rise edge)                                                       1.00       1.00
  clock network delay (ideal)                                                 0.00       1.00
  clock uncertainty                                                          -0.05       0.95
  u_dut/product_q_reg[30]/CK (DFFRPQA_X1M_A6P5PP140ZTS_C35)                   0.00       0.95 r
  library setup time                                                         -0.04       0.91
  data required time                                                                     0.91
  ----------------------------------------------------------------------------------------------
  data required time                                                                     0.91
  data arrival time                                                                     -0.91
  ----------------------------------------------------------------------------------------------
  slack (MET)                                                                            0.00


  Startpoint: w_i[2] (input port clocked by clk)
  Endpoint: u_dut/product_q_reg[30]
            (rising edge-triggered flip-flop clocked by clk)
  Path Group: clk
  Path Type: max

  Des/Clust/Port     Wire Load Model       Library
  ------------------------------------------------
  char_top           Zero                  sc6p5mcpp140z_cln22ul_base_svt_c35_tt_typical_max_0p80v_25c

  Point                                       Fanout       Cap     Trans      Incr       Path
  ----------------------------------------------------------------------------------------------
  clock clk (rise edge)                                                       0.00       0.00
  clock network delay (ideal)                                                 0.00       0.00
  input external delay                                                        0.10       0.10 r
  w_i[2] (in)                                                       0.05      0.00       0.10 r
  w_i[2] (net)                                  2         0.00                0.00       0.10 r
  U71/Y (XNOR2_X2M_A6P5PP140ZTS_C35)                                0.09      0.07       0.17 r
  n268 (net)                                   19         0.01                0.00       0.17 r
  U74/Y (NAND2_X1M_A6P5PP140ZTS_C35)                                0.03      0.02       0.20 f
  n49 (net)                                     1         0.00                0.00       0.20 f
  U69/Y (BUFH_X1M_A6P5PP140ZTS_C35)                                 0.07      0.06       0.25 f
  n262 (net)                                   17         0.01                0.00       0.25 f
  U339/Y (OAI22_X1M_A6P5PP140ZTS_C35)                               0.05      0.04       0.29 r
  n260 (net)                                    1         0.00                0.00       0.29 r
  U343/S (ADDH_X1M_A6P5PP140ZTS_C35)                                0.01      0.05       0.35 f
  n273 (net)                                    2         0.00                0.00       0.35 f
  U347/Y (OR2_X1M_A6P5PP140ZTS_C35)                                 0.01      0.03       0.37 f
  n649 (net)                                    2         0.00                0.00       0.37 f
  U362/Y (AOI21_X0P5M_A6P5PP140ZTS_C35)                             0.04      0.03       0.40 r
  n736 (net)                                    2         0.00                0.00       0.40 r
  U364/Y (OAI21_X0P5M_A6P5PP140ZTS_C35)                             0.03      0.03       0.43 f
  n731 (net)                                    2         0.00                0.00       0.43 f
  U367/Y (AOI21_X0P5M_A6P5PP140ZTS_C35)                             0.04      0.04       0.48 r
  n727 (net)                                    2         0.00                0.00       0.48 r
  U369/Y (OAI21_X0P5M_A6P5PP140ZTS_C35)                             0.03      0.03       0.51 f
  n646 (net)                                    2         0.00                0.00       0.51 f
  U62/Y (AOI21_X1M_A6P5PP140ZTS_C35)                                0.03      0.04       0.54 r
  n721 (net)                                    2         0.00                0.00       0.54 r
  U381/Y (OAI21_X0P5M_A6P5PP140ZTS_C35)                             0.02      0.02       0.57 f
  n641 (net)                                    2         0.00                0.00       0.57 f
  U384/Y (AOI21_X0P5M_A6P5PP140ZTS_C35)                             0.03      0.03       0.60 r
  n636 (net)                                    2         0.00                0.00       0.60 r
  U407/Y (OAI21_X0P5M_A6P5PP140ZTS_C35)                             0.02      0.02       0.62 f
  n632 (net)                                    2         0.00                0.00       0.62 f
  U419/Y (AOI21_X0P5M_A6P5PP140ZTS_C35)                             0.05      0.04       0.66 r
  n622 (net)                                    2         0.00                0.00       0.66 r
  U426/Y (OAI21_X2M_A6P5PP140ZTS_C35)                               0.02      0.03       0.69 f
  n601 (net)                                    2         0.00                0.00       0.69 f
  U504/Y (AOI21_X2M_A6P5PP140ZTS_C35)                               0.03      0.03       0.71 r
  n680 (net)                                    2         0.00                0.00       0.71 r
  U520/Y (OAI21_X2M_A6P5PP140ZTS_C35)                               0.02      0.02       0.73 f
  n596 (net)                                    2         0.00                0.00       0.73 f
  U534/Y (AOI21_X2M_A6P5PP140ZTS_C35)                               0.03      0.03       0.76 r
  n675 (net)                                    2         0.00                0.00       0.76 r
  U547/Y (OAI21_X2M_A6P5PP140ZTS_C35)                               0.02      0.02       0.78 f
  n592 (net)                                    2         0.00                0.00       0.78 f
  U558/Y (AOI21_X2M_A6P5PP140ZTS_C35)                               0.03      0.03       0.81 r
  n670 (net)                                    2         0.00                0.00       0.81 r
  U568/Y (OAI21_X2M_A6P5PP140ZTS_C35)                               0.02      0.02       0.83 f
  n588 (net)                                    2         0.00                0.00       0.83 f
  U576/Y (AOI21_X3M_A6P5PP140ZTS_C35)                               0.02      0.02       0.85 r
  n585 (net)                                    2         0.00                0.00       0.85 r
  U60/Y (OAI21_X1M_A6P5PP140ZTS_C35)                                0.03      0.02       0.88 f
  n661 (net)                                    2         0.00                0.00       0.88 f
  U585/Y (XNOR2_X0P5M_A6P5PP140ZTS_C35)                             0.02      0.03       0.91 f
  u_dut/product_comb[30] (net)                  1         0.00                0.00       0.91 f
  u_dut/product_q_reg[30]/D (DFFRPQA_X1M_A6P5PP140ZTS_C35)          0.02      0.00       0.91 f
  data arrival time                                                                      0.91

  clock clk (rise edge)                                                       1.00       1.00
  clock network delay (ideal)                                                 0.00       1.00
  clock uncertainty                                                          -0.05       0.95
  u_dut/product_q_reg[30]/CK (DFFRPQA_X1M_A6P5PP140ZTS_C35)                   0.00       0.95 r
  library setup time                                                         -0.04       0.91
  data required time                                                                     0.91
  ----------------------------------------------------------------------------------------------
  data required time                                                                     0.91
  data arrival time                                                                     -0.91
  ----------------------------------------------------------------------------------------------
  slack (MET)                                                                            0.00


  Startpoint: u_dut/acc_o_reg[0]
              (rising edge-triggered flip-flop clocked by clk)
  Endpoint: u_dut/acc_o_reg[38]
            (rising edge-triggered flip-flop clocked by clk)
  Path Group: clk
  Path Type: max

  Des/Clust/Port     Wire Load Model       Library
  ------------------------------------------------
  char_top           Zero                  sc6p5mcpp140z_cln22ul_base_svt_c35_tt_typical_max_0p80v_25c

  Point                                       Fanout       Cap     Trans      Incr       Path
  ----------------------------------------------------------------------------------------------
  clock clk (rise edge)                                                       0.00       0.00
  clock network delay (ideal)                                                 0.00       0.00
  u_dut/acc_o_reg[0]/CK (DFFRPQA_X2M_A6P5PP140ZTS_C35)              0.00      0.00       0.00 r
  u_dut/acc_o_reg[0]/Q (DFFRPQA_X2M_A6P5PP140ZTS_C35)               0.03      0.07       0.07 r
  signature_o[0] (net)                          4         0.01                0.00       0.07 r
  U689/Y (NAND2_X1M_A6P5PP140ZTS_C35)                               0.03      0.02       0.09 f
  n853 (net)                                    3         0.00                0.00       0.09 f
  U691/Y (OAI21_X0P5M_A6P5PP140ZTS_C35)                             0.04      0.04       0.13 r
  n896 (net)                                    2         0.00                0.00       0.13 r
  U695/Y (AOI21_X0P5M_A6P5PP140ZTS_C35)                             0.03      0.02       0.15 f
  n798 (net)                                    2         0.00                0.00       0.15 f
  U57/Y (OAI21_X1M_A6P5PP140ZTS_C35)                                0.03      0.03       0.18 r
  n764 (net)                                    2         0.00                0.00       0.18 r
  U749/Y (AOI21_X0P5M_A6P5PP140ZTS_C35)                             0.03      0.02       0.20 f
  n789 (net)                                    2         0.00                0.00       0.20 f
  U759/Y (OAI21_X0P5M_A6P5PP140ZTS_C35)                             0.04      0.04       0.24 r
  n850 (net)                                    2         0.00                0.00       0.24 r
  U763/Y (AOI21_X0P5M_A6P5PP140ZTS_C35)                             0.04      0.03       0.27 f
  n807 (net)                                    2         0.00                0.00       0.27 f
  U766/Y (OAI21_X2M_A6P5PP140ZTS_C35)                               0.03      0.03       0.30 r
  n836 (net)                                    2         0.00                0.00       0.30 r
  U770/Y (AOI21_X0P5M_A6P5PP140ZTS_C35)                             0.03      0.02       0.33 f
  n831 (net)                                    2         0.00                0.00       0.33 f
  U824/Y (OAI21_X0P5M_A6P5PP140ZTS_C35)                             0.04      0.04       0.37 r
  n859 (net)                                    2         0.00                0.00       0.37 r
  U845/Y (AOI21_X0P5M_A6P5PP140ZTS_C35)                             0.04      0.03       0.40 f
  n872 (net)                                    2         0.00                0.00       0.40 f
  U848/Y (OAI21_X2M_A6P5PP140ZTS_C35)                               0.03      0.03       0.43 r
  n866 (net)                                    2         0.00                0.00       0.43 r
  U856/Y (AOI21_X0P5M_A6P5PP140ZTS_C35)                             0.03      0.02       0.45 f
  n935 (net)                                    2         0.00                0.00       0.45 f
  U903/Y (OAI21_X0P5M_A6P5PP140ZTS_C35)                             0.04      0.04       0.49 r
  n942 (net)                                    2         0.00                0.00       0.49 r
  U911/Y (AOI21_X0P5M_A6P5PP140ZTS_C35)                             0.03      0.03       0.52 f
  n947 (net)                                    2         0.00                0.00       0.52 f
  U70/Y (OAI21_X0P5M_A6P5PP140ZTS_C35)                              0.04      0.04       0.56 r
  n954 (net)                                    2         0.00                0.00       0.56 r
  U924/Y (AOI21_X0P5M_A6P5PP140ZTS_C35)                             0.03      0.03       0.59 f
  n959 (net)                                    2         0.00                0.00       0.59 f
  U930/Y (OAI21_X0P5M_A6P5PP140ZTS_C35)                             0.04      0.04       0.63 r
  n966 (net)                                    2         0.00                0.00       0.63 r
  U938/Y (AOI21_X0P5M_A6P5PP140ZTS_C35)                             0.04      0.03       0.66 f
  n971 (net)                                    2         0.00                0.00       0.66 f
  U944/Y (OAI21_X2M_A6P5PP140ZTS_C35)                               0.03      0.03       0.69 r
  n978 (net)                                    2         0.00                0.00       0.69 r
  U952/Y (AOI21_X0P5M_A6P5PP140ZTS_C35)                             0.03      0.02       0.72 f
  n983 (net)                                    2         0.00                0.00       0.72 f
  U958/Y (OAI21_X0P5M_A6P5PP140ZTS_C35)                             0.04      0.04       0.75 r
  n990 (net)                                    2         0.00                0.00       0.75 r
  U966/Y (AOI21_X0P5M_A6P5PP140ZTS_C35)                             0.04      0.03       0.79 f
  n995 (net)                                    2         0.00                0.00       0.79 f
  U972/Y (OAI21_X2M_A6P5PP140ZTS_C35)                               0.03      0.03       0.82 r
  n1001 (net)                                   2         0.00                0.00       0.82 r
  U977/Y (AO12_X1M_A6P5PP140ZTS_C35)                                0.01      0.03       0.85 r
  n1002 (net)                                   1         0.00                0.00       0.85 r
  U978/Y (XOR2_X0P5M_A6P5PP140ZTS_C35)                              0.03      0.03       0.88 r
  n1005 (net)                                   1         0.00                0.00       0.88 r
  U979/Y (AO22_X1M_A6P5PP140ZTS_C35)                                0.02      0.03       0.91 r
  n3 (net)                                      1         0.00                0.00       0.91 r
  u_dut/acc_o_reg[38]/D (DFFRPQA_X1M_A6P5PP140ZTS_C35)              0.02      0.00       0.91 r
  data arrival time                                                                      0.91

  clock clk (rise edge)                                                       1.00       1.00
  clock network delay (ideal)                                                 0.00       1.00
  clock uncertainty                                                          -0.05       0.95
  u_dut/acc_o_reg[38]/CK (DFFRPQA_X1M_A6P5PP140ZTS_C35)                       0.00       0.95 r
  library setup time                                                         -0.04       0.91
  data required time                                                                     0.91
  ----------------------------------------------------------------------------------------------
  data required time                                                                     0.91
  data arrival time                                                                     -0.91
  ----------------------------------------------------------------------------------------------
  slack (MET)                                                                            0.00


  Startpoint: u_dut/acc_o_reg[0]
              (rising edge-triggered flip-flop clocked by clk)
  Endpoint: u_dut/acc_o_reg[38]
            (rising edge-triggered flip-flop clocked by clk)
  Path Group: clk
  Path Type: max

  Des/Clust/Port     Wire Load Model       Library
  ------------------------------------------------
  char_top           Zero                  sc6p5mcpp140z_cln22ul_base_svt_c35_tt_typical_max_0p80v_25c

  Point                                       Fanout       Cap     Trans      Incr       Path
  ----------------------------------------------------------------------------------------------
  clock clk (rise edge)                                                       0.00       0.00
  clock network delay (ideal)                                                 0.00       0.00
  u_dut/acc_o_reg[0]/CK (DFFRPQA_X2M_A6P5PP140ZTS_C35)              0.00      0.00       0.00 r
  u_dut/acc_o_reg[0]/Q (DFFRPQA_X2M_A6P5PP140ZTS_C35)               0.03      0.07       0.07 r
  signature_o[0] (net)                          4         0.01                0.00       0.07 r
  U689/Y (NAND2_X1M_A6P5PP140ZTS_C35)                               0.03      0.02       0.09 f
  n853 (net)                                    3         0.00                0.00       0.09 f
  U691/Y (OAI21_X0P5M_A6P5PP140ZTS_C35)                             0.04      0.04       0.13 r
  n896 (net)                                    2         0.00                0.00       0.13 r
  U695/Y (AOI21_X0P5M_A6P5PP140ZTS_C35)                             0.03      0.02       0.15 f
  n798 (net)                                    2         0.00                0.00       0.15 f
  U57/Y (OAI21_X1M_A6P5PP140ZTS_C35)                                0.03      0.03       0.18 r
  n764 (net)                                    2         0.00                0.00       0.18 r
  U749/Y (AOI21_X0P5M_A6P5PP140ZTS_C35)                             0.03      0.02       0.20 f
  n789 (net)                                    2         0.00                0.00       0.20 f
  U759/Y (OAI21_X0P5M_A6P5PP140ZTS_C35)                             0.04      0.04       0.24 r
  n850 (net)                                    2         0.00                0.00       0.24 r
  U763/Y (AOI21_X0P5M_A6P5PP140ZTS_C35)                             0.04      0.03       0.27 f
  n807 (net)                                    2         0.00                0.00       0.27 f
  U766/Y (OAI21_X2M_A6P5PP140ZTS_C35)                               0.03      0.03       0.30 r
  n836 (net)                                    2         0.00                0.00       0.30 r
  U770/Y (AOI21_X0P5M_A6P5PP140ZTS_C35)                             0.03      0.02       0.33 f
  n831 (net)                                    2         0.00                0.00       0.33 f
  U824/Y (OAI21_X0P5M_A6P5PP140ZTS_C35)                             0.04      0.04       0.37 r
  n859 (net)                                    2         0.00                0.00       0.37 r
  U845/Y (AOI21_X0P5M_A6P5PP140ZTS_C35)                             0.04      0.03       0.40 f
  n872 (net)                                    2         0.00                0.00       0.40 f
  U848/Y (OAI21_X2M_A6P5PP140ZTS_C35)                               0.03      0.03       0.43 r
  n866 (net)                                    2         0.00                0.00       0.43 r
  U856/Y (AOI21_X0P5M_A6P5PP140ZTS_C35)                             0.03      0.02       0.45 f
  n935 (net)                                    2         0.00                0.00       0.45 f
  U903/Y (OAI21_X0P5M_A6P5PP140ZTS_C35)                             0.04      0.04       0.49 r
  n942 (net)                                    2         0.00                0.00       0.49 r
  U911/Y (AOI21_X0P5M_A6P5PP140ZTS_C35)                             0.03      0.03       0.52 f
  n947 (net)                                    2         0.00                0.00       0.52 f
  U70/Y (OAI21_X0P5M_A6P5PP140ZTS_C35)                              0.04      0.04       0.56 r
  n954 (net)                                    2         0.00                0.00       0.56 r
  U924/Y (AOI21_X0P5M_A6P5PP140ZTS_C35)                             0.03      0.03       0.59 f
  n959 (net)                                    2         0.00                0.00       0.59 f
  U930/Y (OAI21_X0P5M_A6P5PP140ZTS_C35)                             0.04      0.04       0.63 r
  n966 (net)                                    2         0.00                0.00       0.63 r
  U938/Y (AOI21_X0P5M_A6P5PP140ZTS_C35)                             0.04      0.03       0.66 f
  n971 (net)                                    2         0.00                0.00       0.66 f
  U944/Y (OAI21_X2M_A6P5PP140ZTS_C35)                               0.03      0.03       0.69 r
  n978 (net)                                    2         0.00                0.00       0.69 r
  U952/Y (AOI21_X0P5M_A6P5PP140ZTS_C35)                             0.03      0.02       0.72 f
  n983 (net)                                    2         0.00                0.00       0.72 f
  U958/Y (OAI21_X0P5M_A6P5PP140ZTS_C35)                             0.04      0.04       0.75 r
  n990 (net)                                    2         0.00                0.00       0.75 r
  U966/Y (AOI21_X0P5M_A6P5PP140ZTS_C35)                             0.04      0.03       0.79 f
  n995 (net)                                    2         0.00                0.00       0.79 f
  U972/Y (OAI21_X2M_A6P5PP140ZTS_C35)                               0.03      0.03       0.82 r
  n1001 (net)                                   2         0.00                0.00       0.82 r
  U977/Y (AO12_X1M_A6P5PP140ZTS_C35)                                0.01      0.03       0.85 r
  n1002 (net)                                   1         0.00                0.00       0.85 r
  U978/Y (XOR2_X0P5M_A6P5PP140ZTS_C35)                              0.03      0.03       0.88 r
  n1005 (net)                                   1         0.00                0.00       0.88 r
  U979/Y (AO22_X1M_A6P5PP140ZTS_C35)                                0.02      0.03       0.91 r
  n3 (net)                                      1         0.00                0.00       0.91 r
  u_dut/acc_o_reg[38]/D (DFFRPQA_X1M_A6P5PP140ZTS_C35)              0.02      0.00       0.91 r
  data arrival time                                                                      0.91

  clock clk (rise edge)                                                       1.00       1.00
  clock network delay (ideal)                                                 0.00       1.00
  clock uncertainty                                                          -0.05       0.95
  u_dut/acc_o_reg[38]/CK (DFFRPQA_X1M_A6P5PP140ZTS_C35)                       0.00       0.95 r
  library setup time                                                         -0.04       0.91
  data required time                                                                     0.91
  ----------------------------------------------------------------------------------------------
  data required time                                                                     0.91
  data arrival time                                                                     -0.91
  ----------------------------------------------------------------------------------------------
  slack (MET)                                                                            0.01


  Startpoint: u_dut/acc_o_reg[0]
              (rising edge-triggered flip-flop clocked by clk)
  Endpoint: u_dut/acc_o_reg[38]
            (rising edge-triggered flip-flop clocked by clk)
  Path Group: clk
  Path Type: max

  Des/Clust/Port     Wire Load Model       Library
  ------------------------------------------------
  char_top           Zero                  sc6p5mcpp140z_cln22ul_base_svt_c35_tt_typical_max_0p80v_25c

  Point                                       Fanout       Cap     Trans      Incr       Path
  ----------------------------------------------------------------------------------------------
  clock clk (rise edge)                                                       0.00       0.00
  clock network delay (ideal)                                                 0.00       0.00
  u_dut/acc_o_reg[0]/CK (DFFRPQA_X2M_A6P5PP140ZTS_C35)              0.00      0.00       0.00 r
  u_dut/acc_o_reg[0]/Q (DFFRPQA_X2M_A6P5PP140ZTS_C35)               0.03      0.07       0.07 r
  signature_o[0] (net)                          4         0.01                0.00       0.07 r
  U689/Y (NAND2_X1M_A6P5PP140ZTS_C35)                               0.03      0.02       0.09 f
  n853 (net)                                    3         0.00                0.00       0.09 f
  U691/Y (OAI21_X0P5M_A6P5PP140ZTS_C35)                             0.04      0.04       0.13 r
  n896 (net)                                    2         0.00                0.00       0.13 r
  U695/Y (AOI21_X0P5M_A6P5PP140ZTS_C35)                             0.03      0.02       0.15 f
  n798 (net)                                    2         0.00                0.00       0.15 f
  U57/Y (OAI21_X1M_A6P5PP140ZTS_C35)                                0.03      0.03       0.18 r
  n764 (net)                                    2         0.00                0.00       0.18 r
  U749/Y (AOI21_X0P5M_A6P5PP140ZTS_C35)                             0.03      0.02       0.20 f
  n789 (net)                                    2         0.00                0.00       0.20 f
  U759/Y (OAI21_X0P5M_A6P5PP140ZTS_C35)                             0.04      0.04       0.24 r
  n850 (net)                                    2         0.00                0.00       0.24 r
  U763/Y (AOI21_X0P5M_A6P5PP140ZTS_C35)                             0.04      0.03       0.27 f
  n807 (net)                                    2         0.00                0.00       0.27 f
  U766/Y (OAI21_X2M_A6P5PP140ZTS_C35)                               0.03      0.03       0.30 r
  n836 (net)                                    2         0.00                0.00       0.30 r
  U770/Y (AOI21_X0P5M_A6P5PP140ZTS_C35)                             0.03      0.02       0.33 f
  n831 (net)                                    2         0.00                0.00       0.33 f
  U824/Y (OAI21_X0P5M_A6P5PP140ZTS_C35)                             0.04      0.04       0.37 r
  n859 (net)                                    2         0.00                0.00       0.37 r
  U845/Y (AOI21_X0P5M_A6P5PP140ZTS_C35)                             0.04      0.03       0.40 f
  n872 (net)                                    2         0.00                0.00       0.40 f
  U848/Y (OAI21_X2M_A6P5PP140ZTS_C35)                               0.03      0.03       0.43 r
  n866 (net)                                    2         0.00                0.00       0.43 r
  U856/Y (AOI21_X0P5M_A6P5PP140ZTS_C35)                             0.03      0.02       0.45 f
  n935 (net)                                    2         0.00                0.00       0.45 f
  U903/Y (OAI21_X0P5M_A6P5PP140ZTS_C35)                             0.04      0.04       0.49 r
  n942 (net)                                    2         0.00                0.00       0.49 r
  U911/Y (AOI21_X0P5M_A6P5PP140ZTS_C35)                             0.03      0.03       0.52 f
  n947 (net)                                    2         0.00                0.00       0.52 f
  U70/Y (OAI21_X0P5M_A6P5PP140ZTS_C35)                              0.04      0.04       0.56 r
  n954 (net)                                    2         0.00                0.00       0.56 r
  U924/Y (AOI21_X0P5M_A6P5PP140ZTS_C35)                             0.03      0.03       0.59 f
  n959 (net)                                    2         0.00                0.00       0.59 f
  U930/Y (OAI21_X0P5M_A6P5PP140ZTS_C35)                             0.04      0.04       0.63 r
  n966 (net)                                    2         0.00                0.00       0.63 r
  U938/Y (AOI21_X0P5M_A6P5PP140ZTS_C35)                             0.04      0.03       0.66 f
  n971 (net)                                    2         0.00                0.00       0.66 f
  U944/Y (OAI21_X2M_A6P5PP140ZTS_C35)                               0.03      0.03       0.69 r
  n978 (net)                                    2         0.00                0.00       0.69 r
  U952/Y (AOI21_X0P5M_A6P5PP140ZTS_C35)                             0.03      0.02       0.72 f
  n983 (net)                                    2         0.00                0.00       0.72 f
  U958/Y (OAI21_X0P5M_A6P5PP140ZTS_C35)                             0.04      0.04       0.75 r
  n990 (net)                                    2         0.00                0.00       0.75 r
  U966/Y (AOI21_X0P5M_A6P5PP140ZTS_C35)                             0.04      0.03       0.79 f
  n995 (net)                                    2         0.00                0.00       0.79 f
  U972/Y (OAI21_X2M_A6P5PP140ZTS_C35)                               0.03      0.03       0.82 r
  n1001 (net)                                   2         0.00                0.00       0.82 r
  U977/Y (AO12_X1M_A6P5PP140ZTS_C35)                                0.01      0.03       0.85 r
  n1002 (net)                                   1         0.00                0.00       0.85 r
  U978/Y (XOR2_X0P5M_A6P5PP140ZTS_C35)                              0.03      0.03       0.88 r
  n1005 (net)                                   1         0.00                0.00       0.88 r
  U979/Y (AO22_X1M_A6P5PP140ZTS_C35)                                0.02      0.03       0.91 r
  n3 (net)                                      1         0.00                0.00       0.91 r
  u_dut/acc_o_reg[38]/D (DFFRPQA_X1M_A6P5PP140ZTS_C35)              0.02      0.00       0.91 r
  data arrival time                                                                      0.91

  clock clk (rise edge)                                                       1.00       1.00
  clock network delay (ideal)                                                 0.00       1.00
  clock uncertainty                                                          -0.05       0.95
  u_dut/acc_o_reg[38]/CK (DFFRPQA_X1M_A6P5PP140ZTS_C35)                       0.00       0.95 r
  library setup time                                                         -0.04       0.91
  data required time                                                                     0.91
  ----------------------------------------------------------------------------------------------
  data required time                                                                     0.91
  data arrival time                                                                     -0.91
  ----------------------------------------------------------------------------------------------
  slack (MET)                                                                            0.01


  Startpoint: w_i[2] (input port clocked by clk)
  Endpoint: u_dut/product_q_reg[30]
            (rising edge-triggered flip-flop clocked by clk)
  Path Group: clk
  Path Type: max

  Des/Clust/Port     Wire Load Model       Library
  ------------------------------------------------
  char_top           Zero                  sc6p5mcpp140z_cln22ul_base_svt_c35_tt_typical_max_0p80v_25c

  Point                                       Fanout       Cap     Trans      Incr       Path
  ----------------------------------------------------------------------------------------------
  clock clk (rise edge)                                                       0.00       0.00
  clock network delay (ideal)                                                 0.00       0.00
  input external delay                                                        0.10       0.10 r
  w_i[2] (in)                                                       0.05      0.00       0.10 r
  w_i[2] (net)                                  2         0.00                0.00       0.10 r
  U71/Y (XNOR2_X2M_A6P5PP140ZTS_C35)                                0.09      0.07       0.17 r
  n268 (net)                                   19         0.01                0.00       0.17 r
  U74/Y (NAND2_X1M_A6P5PP140ZTS_C35)                                0.03      0.02       0.20 f
  n49 (net)                                     1         0.00                0.00       0.20 f
  U69/Y (BUFH_X1M_A6P5PP140ZTS_C35)                                 0.07      0.06       0.25 f
  n262 (net)                                   17         0.01                0.00       0.25 f
  U339/Y (OAI22_X1M_A6P5PP140ZTS_C35)                               0.05      0.04       0.29 r
  n260 (net)                                    1         0.00                0.00       0.29 r
  U343/S (ADDH_X1M_A6P5PP140ZTS_C35)                                0.01      0.05       0.35 f
  n273 (net)                                    2         0.00                0.00       0.35 f
  U360/Y (NAND2_X1A_A6P5PP140ZTS_C35)                               0.02      0.01       0.36 r
  n648 (net)                                    2         0.00                0.00       0.36 r
  U361/Y (INV_X1M_A6P5PP140ZTS_C35)                                 0.01      0.01       0.37 f
  n274 (net)                                    1         0.00                0.00       0.37 f
  U362/Y (AOI21_X0P5M_A6P5PP140ZTS_C35)                             0.04      0.03       0.40 r
  n736 (net)                                    2         0.00                0.00       0.40 r
  U364/Y (OAI21_X0P5M_A6P5PP140ZTS_C35)                             0.03      0.03       0.43 f
  n731 (net)                                    2         0.00                0.00       0.43 f
  U367/Y (AOI21_X0P5M_A6P5PP140ZTS_C35)                             0.04      0.04       0.47 r
  n727 (net)                                    2         0.00                0.00       0.47 r
  U369/Y (OAI21_X0P5M_A6P5PP140ZTS_C35)                             0.03      0.03       0.50 f
  n646 (net)                                    2         0.00                0.00       0.50 f
  U62/Y (AOI21_X1M_A6P5PP140ZTS_C35)                                0.03      0.04       0.54 r
  n721 (net)                                    2         0.00                0.00       0.54 r
  U381/Y (OAI21_X0P5M_A6P5PP140ZTS_C35)                             0.02      0.02       0.56 f
  n641 (net)                                    2         0.00                0.00       0.56 f
  U384/Y (AOI21_X0P5M_A6P5PP140ZTS_C35)                             0.03      0.03       0.60 r
  n636 (net)                                    2         0.00                0.00       0.60 r
  U407/Y (OAI21_X0P5M_A6P5PP140ZTS_C35)                             0.02      0.02       0.62 f
  n632 (net)                                    2         0.00                0.00       0.62 f
  U419/Y (AOI21_X0P5M_A6P5PP140ZTS_C35)                             0.05      0.04       0.66 r
  n622 (net)                                    2         0.00                0.00       0.66 r
  U426/Y (OAI21_X2M_A6P5PP140ZTS_C35)                               0.02      0.03       0.68 f
  n601 (net)                                    2         0.00                0.00       0.68 f
  U504/Y (AOI21_X2M_A6P5PP140ZTS_C35)                               0.03      0.03       0.71 r
  n680 (net)                                    2         0.00                0.00       0.71 r
  U520/Y (OAI21_X2M_A6P5PP140ZTS_C35)                               0.02      0.02       0.73 f
  n596 (net)                                    2         0.00                0.00       0.73 f
  U534/Y (AOI21_X2M_A6P5PP140ZTS_C35)                               0.03      0.03       0.76 r
  n675 (net)                                    2         0.00                0.00       0.76 r
  U547/Y (OAI21_X2M_A6P5PP140ZTS_C35)                               0.02      0.02       0.78 f
  n592 (net)                                    2         0.00                0.00       0.78 f
  U558/Y (AOI21_X2M_A6P5PP140ZTS_C35)                               0.03      0.03       0.80 r
  n670 (net)                                    2         0.00                0.00       0.80 r
  U568/Y (OAI21_X2M_A6P5PP140ZTS_C35)                               0.02      0.02       0.83 f
  n588 (net)                                    2         0.00                0.00       0.83 f
  U576/Y (AOI21_X3M_A6P5PP140ZTS_C35)                               0.02      0.02       0.85 r
  n585 (net)                                    2         0.00                0.00       0.85 r
  U60/Y (OAI21_X1M_A6P5PP140ZTS_C35)                                0.03      0.02       0.87 f
  n661 (net)                                    2         0.00                0.00       0.87 f
  U585/Y (XNOR2_X0P5M_A6P5PP140ZTS_C35)                             0.02      0.03       0.90 f
  u_dut/product_comb[30] (net)                  1         0.00                0.00       0.90 f
  u_dut/product_q_reg[30]/D (DFFRPQA_X1M_A6P5PP140ZTS_C35)          0.02      0.00       0.90 f
  data arrival time                                                                      0.90

  clock clk (rise edge)                                                       1.00       1.00
  clock network delay (ideal)                                                 0.00       1.00
  clock uncertainty                                                          -0.05       0.95
  u_dut/product_q_reg[30]/CK (DFFRPQA_X1M_A6P5PP140ZTS_C35)                   0.00       0.95 r
  library setup time                                                         -0.04       0.91
  data required time                                                                     0.91
  ----------------------------------------------------------------------------------------------
  data required time                                                                     0.91
  data arrival time                                                                     -0.90
  ----------------------------------------------------------------------------------------------
  slack (MET)                                                                            0.01


  Startpoint: w_i[2] (input port clocked by clk)
  Endpoint: u_dut/product_q_reg[30]
            (rising edge-triggered flip-flop clocked by clk)
  Path Group: clk
  Path Type: max

  Des/Clust/Port     Wire Load Model       Library
  ------------------------------------------------
  char_top           Zero                  sc6p5mcpp140z_cln22ul_base_svt_c35_tt_typical_max_0p80v_25c

  Point                                       Fanout       Cap     Trans      Incr       Path
  ----------------------------------------------------------------------------------------------
  clock clk (rise edge)                                                       0.00       0.00
  clock network delay (ideal)                                                 0.00       0.00
  input external delay                                                        0.10       0.10 r
  w_i[2] (in)                                                       0.05      0.00       0.10 r
  w_i[2] (net)                                  2         0.00                0.00       0.10 r
  U71/Y (XNOR2_X2M_A6P5PP140ZTS_C35)                                0.09      0.07       0.17 r
  n268 (net)                                   19         0.01                0.00       0.17 r
  U74/Y (NAND2_X1M_A6P5PP140ZTS_C35)                                0.03      0.02       0.20 f
  n49 (net)                                     1         0.00                0.00       0.20 f
  U69/Y (BUFH_X1M_A6P5PP140ZTS_C35)                                 0.07      0.06       0.25 f
  n262 (net)                                   17         0.01                0.00       0.25 f
  U339/Y (OAI22_X1M_A6P5PP140ZTS_C35)                               0.05      0.04       0.29 r
  n260 (net)                                    1         0.00                0.00       0.29 r
  U343/S (ADDH_X1M_A6P5PP140ZTS_C35)                                0.01      0.05       0.35 f
  n273 (net)                                    2         0.00                0.00       0.35 f
  U360/Y (NAND2_X1A_A6P5PP140ZTS_C35)                               0.02      0.01       0.36 r
  n648 (net)                                    2         0.00                0.00       0.36 r
  U361/Y (INV_X1M_A6P5PP140ZTS_C35)                                 0.01      0.01       0.37 f
  n274 (net)                                    1         0.00                0.00       0.37 f
  U362/Y (AOI21_X0P5M_A6P5PP140ZTS_C35)                             0.04      0.03       0.40 r
  n736 (net)                                    2         0.00                0.00       0.40 r
  U364/Y (OAI21_X0P5M_A6P5PP140ZTS_C35)                             0.03      0.03       0.43 f
  n731 (net)                                    2         0.00                0.00       0.43 f
  U367/Y (AOI21_X0P5M_A6P5PP140ZTS_C35)                             0.04      0.04       0.47 r
  n727 (net)                                    2         0.00                0.00       0.47 r
  U369/Y (OAI21_X0P5M_A6P5PP140ZTS_C35)                             0.03      0.03       0.50 f
  n646 (net)                                    2         0.00                0.00       0.50 f
  U62/Y (AOI21_X1M_A6P5PP140ZTS_C35)                                0.03      0.04       0.54 r
  n721 (net)                                    2         0.00                0.00       0.54 r
  U381/Y (OAI21_X0P5M_A6P5PP140ZTS_C35)                             0.02      0.02       0.56 f
  n641 (net)                                    2         0.00                0.00       0.56 f
  U384/Y (AOI21_X0P5M_A6P5PP140ZTS_C35)                             0.03      0.03       0.60 r
  n636 (net)                                    2         0.00                0.00       0.60 r
  U407/Y (OAI21_X0P5M_A6P5PP140ZTS_C35)                             0.02      0.02       0.62 f
  n632 (net)                                    2         0.00                0.00       0.62 f
  U419/Y (AOI21_X0P5M_A6P5PP140ZTS_C35)                             0.05      0.04       0.66 r
  n622 (net)                                    2         0.00                0.00       0.66 r
  U426/Y (OAI21_X2M_A6P5PP140ZTS_C35)                               0.02      0.03       0.68 f
  n601 (net)                                    2         0.00                0.00       0.68 f
  U504/Y (AOI21_X2M_A6P5PP140ZTS_C35)                               0.03      0.03       0.71 r
  n680 (net)                                    2         0.00                0.00       0.71 r
  U520/Y (OAI21_X2M_A6P5PP140ZTS_C35)                               0.02      0.02       0.73 f
  n596 (net)                                    2         0.00                0.00       0.73 f
  U534/Y (AOI21_X2M_A6P5PP140ZTS_C35)                               0.03      0.03       0.76 r
  n675 (net)                                    2         0.00                0.00       0.76 r
  U547/Y (OAI21_X2M_A6P5PP140ZTS_C35)                               0.02      0.02       0.78 f
  n592 (net)                                    2         0.00                0.00       0.78 f
  U558/Y (AOI21_X2M_A6P5PP140ZTS_C35)                               0.03      0.03       0.80 r
  n670 (net)                                    2         0.00                0.00       0.80 r
  U568/Y (OAI21_X2M_A6P5PP140ZTS_C35)                               0.02      0.02       0.83 f
  n588 (net)                                    2         0.00                0.00       0.83 f
  U576/Y (AOI21_X3M_A6P5PP140ZTS_C35)                               0.02      0.02       0.85 r
  n585 (net)                                    2         0.00                0.00       0.85 r
  U60/Y (OAI21_X1M_A6P5PP140ZTS_C35)                                0.03      0.02       0.87 f
  n661 (net)                                    2         0.00                0.00       0.87 f
  U585/Y (XNOR2_X0P5M_A6P5PP140ZTS_C35)                             0.02      0.03       0.90 f
  u_dut/product_comb[30] (net)                  1         0.00                0.00       0.90 f
  u_dut/product_q_reg[30]/D (DFFRPQA_X1M_A6P5PP140ZTS_C35)          0.02      0.00       0.90 f
  data arrival time                                                                      0.90

  clock clk (rise edge)                                                       1.00       1.00
  clock network delay (ideal)                                                 0.00       1.00
  clock uncertainty                                                          -0.05       0.95
  u_dut/product_q_reg[30]/CK (DFFRPQA_X1M_A6P5PP140ZTS_C35)                   0.00       0.95 r
  library setup time                                                         -0.04       0.91
  data required time                                                                     0.91
  ----------------------------------------------------------------------------------------------
  data required time                                                                     0.91
  data arrival time                                                                     -0.90
  ----------------------------------------------------------------------------------------------
  slack (MET)                                                                            0.01


  Startpoint: u_dut/acc_o_reg[13]
              (rising edge-triggered flip-flop clocked by clk)
  Endpoint: u_dut/acc_o_reg[38]
            (rising edge-triggered flip-flop clocked by clk)
  Path Group: clk
  Path Type: max

  Des/Clust/Port     Wire Load Model       Library
  ------------------------------------------------
  char_top           Zero                  sc6p5mcpp140z_cln22ul_base_svt_c35_tt_typical_max_0p80v_25c

  Point                                       Fanout       Cap     Trans      Incr       Path
  ----------------------------------------------------------------------------------------------
  clock clk (rise edge)                                                       0.00       0.00
  clock network delay (ideal)                                                 0.00       0.00
  u_dut/acc_o_reg[13]/CK (DFFRPQA_X1M_A6P5PP140ZTS_C35)             0.00      0.00       0.00 r
  u_dut/acc_o_reg[13]/Q (DFFRPQA_X1M_A6P5PP140ZTS_C35)              0.05      0.06       0.06 f
  signature_o[13] (net)                         4         0.01                0.00       0.06 f
  U733/Y (NOR2_X1A_A6P5PP140ZTS_C35)                                0.04      0.04       0.10 r
  n875 (net)                                    3         0.00                0.00       0.10 r
  U744/Y (OAI21_X1M_A6P5PP140ZTS_C35)                               0.02      0.03       0.13 f
  n778 (net)                                    2         0.00                0.00       0.13 f
  U748/Y (AOI21_X0P5M_A6P5PP140ZTS_C35)                             0.02      0.03       0.15 r
  n760 (net)                                    1         0.00                0.00       0.15 r
  U50/Y (OAI21_X1M_A6P5PP140ZTS_C35)                                0.02      0.02       0.17 f
  n762 (net)                                    1         0.00                0.00       0.17 f
  U749/Y (AOI21_X0P5M_A6P5PP140ZTS_C35)                             0.03      0.03       0.20 r
  n789 (net)                                    2         0.00                0.00       0.20 r
  U759/Y (OAI21_X0P5M_A6P5PP140ZTS_C35)                             0.03      0.03       0.23 f
  n850 (net)                                    2         0.00                0.00       0.23 f
  U763/Y (AOI21_X0P5M_A6P5PP140ZTS_C35)                             0.06      0.04       0.27 r
  n807 (net)                                    2         0.00                0.00       0.27 r
  U766/Y (OAI21_X2M_A6P5PP140ZTS_C35)                               0.02      0.02       0.30 f
  n836 (net)                                    2         0.00                0.00       0.30 f
  U770/Y (AOI21_X0P5M_A6P5PP140ZTS_C35)                             0.04      0.03       0.33 r
  n831 (net)                                    2         0.00                0.00       0.33 r
  U824/Y (OAI21_X0P5M_A6P5PP140ZTS_C35)                             0.03      0.03       0.35 f
  n859 (net)                                    2         0.00                0.00       0.35 f
  U845/Y (AOI21_X0P5M_A6P5PP140ZTS_C35)                             0.06      0.04       0.40 r
  n872 (net)                                    2         0.00                0.00       0.40 r
  U848/Y (OAI21_X2M_A6P5PP140ZTS_C35)                               0.02      0.02       0.42 f
  n866 (net)                                    2         0.00                0.00       0.42 f
  U856/Y (AOI21_X0P5M_A6P5PP140ZTS_C35)                             0.04      0.03       0.46 r
  n935 (net)                                    2         0.00                0.00       0.46 r
  U903/Y (OAI21_X0P5M_A6P5PP140ZTS_C35)                             0.03      0.03       0.48 f
  n942 (net)                                    2         0.00                0.00       0.48 f
  U911/Y (AOI21_X0P5M_A6P5PP140ZTS_C35)                             0.04      0.04       0.52 r
  n947 (net)                                    2         0.00                0.00       0.52 r
  U70/Y (OAI21_X0P5M_A6P5PP140ZTS_C35)                              0.03      0.03       0.55 f
  n954 (net)                                    2         0.00                0.00       0.55 f
  U924/Y (AOI21_X0P5M_A6P5PP140ZTS_C35)                             0.04      0.04       0.58 r
  n959 (net)                                    2         0.00                0.00       0.58 r
  U930/Y (OAI21_X0P5M_A6P5PP140ZTS_C35)                             0.03      0.03       0.61 f
  n966 (net)                                    2         0.00                0.00       0.61 f
  U938/Y (AOI21_X0P5M_A6P5PP140ZTS_C35)                             0.06      0.04       0.65 r
  n971 (net)                                    2         0.00                0.00       0.65 r
  U944/Y (OAI21_X2M_A6P5PP140ZTS_C35)                               0.02      0.02       0.68 f
  n978 (net)                                    2         0.00                0.00       0.68 f
  U952/Y (AOI21_X0P5M_A6P5PP140ZTS_C35)                             0.04      0.03       0.71 r
  n983 (net)                                    2         0.00                0.00       0.71 r
  U958/Y (OAI21_X0P5M_A6P5PP140ZTS_C35)                             0.03      0.03       0.74 f
  n990 (net)                                    2         0.00                0.00       0.74 f
  U966/Y (AOI21_X0P5M_A6P5PP140ZTS_C35)                             0.06      0.04       0.78 r
  n995 (net)                                    2         0.00                0.00       0.78 r
  U972/Y (OAI21_X2M_A6P5PP140ZTS_C35)                               0.02      0.02       0.81 f
  n1001 (net)                                   2         0.00                0.00       0.81 f
  U977/Y (AO12_X1M_A6P5PP140ZTS_C35)                                0.01      0.03       0.84 f
  n1002 (net)                                   1         0.00                0.00       0.84 f
  U978/Y (XOR2_X0P5M_A6P5PP140ZTS_C35)                              0.02      0.03       0.87 f
  n1005 (net)                                   1         0.00                0.00       0.87 f
  U979/Y (AO22_X1M_A6P5PP140ZTS_C35)                                0.02      0.04       0.90 f
  n3 (net)                                      1         0.00                0.00       0.90 f
  u_dut/acc_o_reg[38]/D (DFFRPQA_X1M_A6P5PP140ZTS_C35)              0.02      0.00       0.90 f
  data arrival time                                                                      0.90

  clock clk (rise edge)                                                       1.00       1.00
  clock network delay (ideal)                                                 0.00       1.00
  clock uncertainty                                                          -0.05       0.95
  u_dut/acc_o_reg[38]/CK (DFFRPQA_X1M_A6P5PP140ZTS_C35)                       0.00       0.95 r
  library setup time                                                         -0.04       0.91
  data required time                                                                     0.91
  ----------------------------------------------------------------------------------------------
  data required time                                                                     0.91
  data arrival time                                                                     -0.90
  ----------------------------------------------------------------------------------------------
  slack (MET)                                                                            0.01


  Startpoint: u_dut/acc_o_reg[13]
              (rising edge-triggered flip-flop clocked by clk)
  Endpoint: u_dut/acc_o_reg[38]
            (rising edge-triggered flip-flop clocked by clk)
  Path Group: clk
  Path Type: max

  Des/Clust/Port     Wire Load Model       Library
  ------------------------------------------------
  char_top           Zero                  sc6p5mcpp140z_cln22ul_base_svt_c35_tt_typical_max_0p80v_25c

  Point                                       Fanout       Cap     Trans      Incr       Path
  ----------------------------------------------------------------------------------------------
  clock clk (rise edge)                                                       0.00       0.00
  clock network delay (ideal)                                                 0.00       0.00
  u_dut/acc_o_reg[13]/CK (DFFRPQA_X1M_A6P5PP140ZTS_C35)             0.00      0.00       0.00 r
  u_dut/acc_o_reg[13]/Q (DFFRPQA_X1M_A6P5PP140ZTS_C35)              0.05      0.06       0.06 f
  signature_o[13] (net)                         4         0.01                0.00       0.06 f
  U733/Y (NOR2_X1A_A6P5PP140ZTS_C35)                                0.04      0.04       0.10 r
  n875 (net)                                    3         0.00                0.00       0.10 r
  U744/Y (OAI21_X1M_A6P5PP140ZTS_C35)                               0.02      0.03       0.13 f
  n778 (net)                                    2         0.00                0.00       0.13 f
  U748/Y (AOI21_X0P5M_A6P5PP140ZTS_C35)                             0.02      0.03       0.15 r
  n760 (net)                                    1         0.00                0.00       0.15 r
  U50/Y (OAI21_X1M_A6P5PP140ZTS_C35)                                0.02      0.02       0.17 f
  n762 (net)                                    1         0.00                0.00       0.17 f
  U749/Y (AOI21_X0P5M_A6P5PP140ZTS_C35)                             0.03      0.03       0.20 r
  n789 (net)                                    2         0.00                0.00       0.20 r
  U759/Y (OAI21_X0P5M_A6P5PP140ZTS_C35)                             0.03      0.03       0.22 f
  n850 (net)                                    2         0.00                0.00       0.22 f
  U763/Y (AOI21_X0P5M_A6P5PP140ZTS_C35)                             0.06      0.04       0.27 r
  n807 (net)                                    2         0.00                0.00       0.27 r
  U766/Y (OAI21_X2M_A6P5PP140ZTS_C35)                               0.02      0.02       0.29 f
  n836 (net)                                    2         0.00                0.00       0.29 f
  U770/Y (AOI21_X0P5M_A6P5PP140ZTS_C35)                             0.04      0.03       0.33 r
  n831 (net)                                    2         0.00                0.00       0.33 r
  U824/Y (OAI21_X0P5M_A6P5PP140ZTS_C35)                             0.03      0.03       0.35 f
  n859 (net)                                    2         0.00                0.00       0.35 f
  U845/Y (AOI21_X0P5M_A6P5PP140ZTS_C35)                             0.06      0.04       0.40 r
  n872 (net)                                    2         0.00                0.00       0.40 r
  U848/Y (OAI21_X2M_A6P5PP140ZTS_C35)                               0.02      0.02       0.42 f
  n866 (net)                                    2         0.00                0.00       0.42 f
  U856/Y (AOI21_X0P5M_A6P5PP140ZTS_C35)                             0.04      0.03       0.45 r
  n935 (net)                                    2         0.00                0.00       0.45 r
  U903/Y (OAI21_X0P5M_A6P5PP140ZTS_C35)                             0.03      0.03       0.48 f
  n942 (net)                                    2         0.00                0.00       0.48 f
  U911/Y (AOI21_X0P5M_A6P5PP140ZTS_C35)                             0.04      0.04       0.52 r
  n947 (net)                                    2         0.00                0.00       0.52 r
  U70/Y (OAI21_X0P5M_A6P5PP140ZTS_C35)                              0.03      0.03       0.54 f
  n954 (net)                                    2         0.00                0.00       0.54 f
  U924/Y (AOI21_X0P5M_A6P5PP140ZTS_C35)                             0.04      0.04       0.58 r
  n959 (net)                                    2         0.00                0.00       0.58 r
  U930/Y (OAI21_X0P5M_A6P5PP140ZTS_C35)                             0.03      0.03       0.61 f
  n966 (net)                                    2         0.00                0.00       0.61 f
  U938/Y (AOI21_X0P5M_A6P5PP140ZTS_C35)                             0.06      0.04       0.65 r
  n971 (net)                                    2         0.00                0.00       0.65 r
  U944/Y (OAI21_X2M_A6P5PP140ZTS_C35)                               0.02      0.02       0.68 f
  n978 (net)                                    2         0.00                0.00       0.68 f
  U952/Y (AOI21_X0P5M_A6P5PP140ZTS_C35)                             0.04      0.03       0.71 r
  n983 (net)                                    2         0.00                0.00       0.71 r
  U958/Y (OAI21_X0P5M_A6P5PP140ZTS_C35)                             0.03      0.03       0.74 f
  n990 (net)                                    2         0.00                0.00       0.74 f
  U966/Y (AOI21_X0P5M_A6P5PP140ZTS_C35)                             0.06      0.04       0.78 r
  n995 (net)                                    2         0.00                0.00       0.78 r
  U972/Y (OAI21_X2M_A6P5PP140ZTS_C35)                               0.02      0.02       0.80 f
  n1001 (net)                                   2         0.00                0.00       0.80 f
  U977/Y (AO12_X1M_A6P5PP140ZTS_C35)                                0.01      0.03       0.84 f
  n1002 (net)                                   1         0.00                0.00       0.84 f
  U978/Y (XOR2_X0P5M_A6P5PP140ZTS_C35)                              0.02      0.03       0.87 f
  n1005 (net)                                   1         0.00                0.00       0.87 f
  U979/Y (AO22_X1M_A6P5PP140ZTS_C35)                                0.02      0.04       0.90 f
  n3 (net)                                      1         0.00                0.00       0.90 f
  u_dut/acc_o_reg[38]/D (DFFRPQA_X1M_A6P5PP140ZTS_C35)              0.02      0.00       0.90 f
  data arrival time                                                                      0.90

  clock clk (rise edge)                                                       1.00       1.00
  clock network delay (ideal)                                                 0.00       1.00
  clock uncertainty                                                          -0.05       0.95
  u_dut/acc_o_reg[38]/CK (DFFRPQA_X1M_A6P5PP140ZTS_C35)                       0.00       0.95 r
  library setup time                                                         -0.04       0.91
  data required time                                                                     0.91
  ----------------------------------------------------------------------------------------------
  data required time                                                                     0.91
  data arrival time                                                                     -0.90
  ----------------------------------------------------------------------------------------------
  slack (MET)                                                                            0.01


  Startpoint: w_i[2] (input port clocked by clk)
  Endpoint: u_dut/product_q_reg[29]
            (rising edge-triggered flip-flop clocked by clk)
  Path Group: clk
  Path Type: max

  Des/Clust/Port     Wire Load Model       Library
  ------------------------------------------------
  char_top           Zero                  sc6p5mcpp140z_cln22ul_base_svt_c35_tt_typical_max_0p80v_25c

  Point                                       Fanout       Cap     Trans      Incr       Path
  ----------------------------------------------------------------------------------------------
  clock clk (rise edge)                                                       0.00       0.00
  clock network delay (ideal)                                                 0.00       0.00
  input external delay                                                        0.10       0.10 r
  w_i[2] (in)                                                       0.05      0.00       0.10 r
  w_i[2] (net)                                  2         0.00                0.00       0.10 r
  U71/Y (XNOR2_X2M_A6P5PP140ZTS_C35)                                0.09      0.07       0.17 r
  n268 (net)                                   19         0.01                0.00       0.17 r
  U74/Y (NAND2_X1M_A6P5PP140ZTS_C35)                                0.03      0.02       0.20 f
  n49 (net)                                     1         0.00                0.00       0.20 f
  U69/Y (BUFH_X1M_A6P5PP140ZTS_C35)                                 0.07      0.06       0.25 f
  n262 (net)                                   17         0.01                0.00       0.25 f
  U339/Y (OAI22_X1M_A6P5PP140ZTS_C35)                               0.05      0.04       0.29 r
  n260 (net)                                    1         0.00                0.00       0.29 r
  U343/S (ADDH_X1M_A6P5PP140ZTS_C35)                                0.01      0.05       0.35 f
  n273 (net)                                    2         0.00                0.00       0.35 f
  U347/Y (OR2_X1M_A6P5PP140ZTS_C35)                                 0.01      0.03       0.37 f
  n649 (net)                                    2         0.00                0.00       0.37 f
  U362/Y (AOI21_X0P5M_A6P5PP140ZTS_C35)                             0.04      0.03       0.40 r
  n736 (net)                                    2         0.00                0.00       0.40 r
  U364/Y (OAI21_X0P5M_A6P5PP140ZTS_C35)                             0.03      0.03       0.43 f
  n731 (net)                                    2         0.00                0.00       0.43 f
  U367/Y (AOI21_X0P5M_A6P5PP140ZTS_C35)                             0.04      0.04       0.48 r
  n727 (net)                                    2         0.00                0.00       0.48 r
  U369/Y (OAI21_X0P5M_A6P5PP140ZTS_C35)                             0.03      0.03       0.51 f
  n646 (net)                                    2         0.00                0.00       0.51 f
  U62/Y (AOI21_X1M_A6P5PP140ZTS_C35)                                0.03      0.04       0.54 r
  n721 (net)                                    2         0.00                0.00       0.54 r
  U381/Y (OAI21_X0P5M_A6P5PP140ZTS_C35)                             0.02      0.02       0.57 f
  n641 (net)                                    2         0.00                0.00       0.57 f
  U384/Y (AOI21_X0P5M_A6P5PP140ZTS_C35)                             0.03      0.03       0.60 r
  n636 (net)                                    2         0.00                0.00       0.60 r
  U407/Y (OAI21_X0P5M_A6P5PP140ZTS_C35)                             0.02      0.02       0.62 f
  n632 (net)                                    2         0.00                0.00       0.62 f
  U419/Y (AOI21_X0P5M_A6P5PP140ZTS_C35)                             0.05      0.04       0.66 r
  n622 (net)                                    2         0.00                0.00       0.66 r
  U426/Y (OAI21_X2M_A6P5PP140ZTS_C35)                               0.02      0.03       0.69 f
  n601 (net)                                    2         0.00                0.00       0.69 f
  U504/Y (AOI21_X2M_A6P5PP140ZTS_C35)                               0.03      0.03       0.71 r
  n680 (net)                                    2         0.00                0.00       0.71 r
  U520/Y (OAI21_X2M_A6P5PP140ZTS_C35)                               0.02      0.02       0.73 f
  n596 (net)                                    2         0.00                0.00       0.73 f
  U534/Y (AOI21_X2M_A6P5PP140ZTS_C35)                               0.03      0.03       0.76 r
  n675 (net)                                    2         0.00                0.00       0.76 r
  U547/Y (OAI21_X2M_A6P5PP140ZTS_C35)                               0.02      0.02       0.78 f
  n592 (net)                                    2         0.00                0.00       0.78 f
  U558/Y (AOI21_X2M_A6P5PP140ZTS_C35)                               0.03      0.03       0.81 r
  n670 (net)                                    2         0.00                0.00       0.81 r
  U568/Y (OAI21_X2M_A6P5PP140ZTS_C35)                               0.02      0.02       0.83 f
  n588 (net)                                    2         0.00                0.00       0.83 f
  U576/Y (AOI21_X3M_A6P5PP140ZTS_C35)                               0.02      0.02       0.85 r
  n585 (net)                                    2         0.00                0.00       0.85 r
  U587/Y (XOR2_X0P5M_A6P5PP140ZTS_C35)                              0.02      0.03       0.88 r
  u_dut/product_comb[29] (net)                  1         0.00                0.00       0.88 r
  u_dut/product_q_reg[29]/D (DFFRPQA_X1M_A6P5PP140ZTS_C35)          0.02      0.00       0.88 r
  data arrival time                                                                      0.88

  clock clk (rise edge)                                                       1.00       1.00
  clock network delay (ideal)                                                 0.00       1.00
  clock uncertainty                                                          -0.05       0.95
  u_dut/product_q_reg[29]/CK (DFFRPQA_X1M_A6P5PP140ZTS_C35)                   0.00       0.95 r
  library setup time                                                         -0.04       0.91
  data required time                                                                     0.91
  ----------------------------------------------------------------------------------------------
  data required time                                                                     0.91
  data arrival time                                                                     -0.88
  ----------------------------------------------------------------------------------------------
  slack (MET)                                                                            0.03


  Startpoint: w_i[2] (input port clocked by clk)
  Endpoint: u_dut/product_q_reg[29]
            (rising edge-triggered flip-flop clocked by clk)
  Path Group: clk
  Path Type: max

  Des/Clust/Port     Wire Load Model       Library
  ------------------------------------------------
  char_top           Zero                  sc6p5mcpp140z_cln22ul_base_svt_c35_tt_typical_max_0p80v_25c

  Point                                       Fanout       Cap     Trans      Incr       Path
  ----------------------------------------------------------------------------------------------
  clock clk (rise edge)                                                       0.00       0.00
  clock network delay (ideal)                                                 0.00       0.00
  input external delay                                                        0.10       0.10 r
  w_i[2] (in)                                                       0.05      0.00       0.10 r
  w_i[2] (net)                                  2         0.00                0.00       0.10 r
  U71/Y (XNOR2_X2M_A6P5PP140ZTS_C35)                                0.09      0.07       0.17 r
  n268 (net)                                   19         0.01                0.00       0.17 r
  U74/Y (NAND2_X1M_A6P5PP140ZTS_C35)                                0.03      0.02       0.20 f
  n49 (net)                                     1         0.00                0.00       0.20 f
  U69/Y (BUFH_X1M_A6P5PP140ZTS_C35)                                 0.07      0.06       0.25 f
  n262 (net)                                   17         0.01                0.00       0.25 f
  U339/Y (OAI22_X1M_A6P5PP140ZTS_C35)                               0.05      0.04       0.29 r
  n260 (net)                                    1         0.00                0.00       0.29 r
  U343/S (ADDH_X1M_A6P5PP140ZTS_C35)                                0.01      0.05       0.35 f
  n273 (net)                                    2         0.00                0.00       0.35 f
  U347/Y (OR2_X1M_A6P5PP140ZTS_C35)                                 0.01      0.03       0.37 f
  n649 (net)                                    2         0.00                0.00       0.37 f
  U362/Y (AOI21_X0P5M_A6P5PP140ZTS_C35)                             0.04      0.03       0.40 r
  n736 (net)                                    2         0.00                0.00       0.40 r
  U364/Y (OAI21_X0P5M_A6P5PP140ZTS_C35)                             0.03      0.03       0.43 f
  n731 (net)                                    2         0.00                0.00       0.43 f
  U367/Y (AOI21_X0P5M_A6P5PP140ZTS_C35)                             0.04      0.04       0.48 r
  n727 (net)                                    2         0.00                0.00       0.48 r
  U369/Y (OAI21_X0P5M_A6P5PP140ZTS_C35)                             0.03      0.03       0.51 f
  n646 (net)                                    2         0.00                0.00       0.51 f
  U62/Y (AOI21_X1M_A6P5PP140ZTS_C35)                                0.03      0.04       0.54 r
  n721 (net)                                    2         0.00                0.00       0.54 r
  U381/Y (OAI21_X0P5M_A6P5PP140ZTS_C35)                             0.02      0.02       0.57 f
  n641 (net)                                    2         0.00                0.00       0.57 f
  U384/Y (AOI21_X0P5M_A6P5PP140ZTS_C35)                             0.03      0.03       0.60 r
  n636 (net)                                    2         0.00                0.00       0.60 r
  U407/Y (OAI21_X0P5M_A6P5PP140ZTS_C35)                             0.02      0.02       0.62 f
  n632 (net)                                    2         0.00                0.00       0.62 f
  U419/Y (AOI21_X0P5M_A6P5PP140ZTS_C35)                             0.05      0.04       0.66 r
  n622 (net)                                    2         0.00                0.00       0.66 r
  U426/Y (OAI21_X2M_A6P5PP140ZTS_C35)                               0.02      0.03       0.69 f
  n601 (net)                                    2         0.00                0.00       0.69 f
  U504/Y (AOI21_X2M_A6P5PP140ZTS_C35)                               0.03      0.03       0.71 r
  n680 (net)                                    2         0.00                0.00       0.71 r
  U520/Y (OAI21_X2M_A6P5PP140ZTS_C35)                               0.02      0.02       0.73 f
  n596 (net)                                    2         0.00                0.00       0.73 f
  U534/Y (AOI21_X2M_A6P5PP140ZTS_C35)                               0.03      0.03       0.76 r
  n675 (net)                                    2         0.00                0.00       0.76 r
  U547/Y (OAI21_X2M_A6P5PP140ZTS_C35)                               0.02      0.02       0.78 f
  n592 (net)                                    2         0.00                0.00       0.78 f
  U558/Y (AOI21_X2M_A6P5PP140ZTS_C35)                               0.03      0.03       0.81 r
  n670 (net)                                    2         0.00                0.00       0.81 r
  U568/Y (OAI21_X2M_A6P5PP140ZTS_C35)                               0.02      0.02       0.83 f
  n588 (net)                                    2         0.00                0.00       0.83 f
  U576/Y (AOI21_X3M_A6P5PP140ZTS_C35)                               0.02      0.02       0.85 r
  n585 (net)                                    2         0.00                0.00       0.85 r
  U587/Y (XOR2_X0P5M_A6P5PP140ZTS_C35)                              0.02      0.03       0.88 r
  u_dut/product_comb[29] (net)                  1         0.00                0.00       0.88 r
  u_dut/product_q_reg[29]/D (DFFRPQA_X1M_A6P5PP140ZTS_C35)          0.02      0.00       0.88 r
  data arrival time                                                                      0.88

  clock clk (rise edge)                                                       1.00       1.00
  clock network delay (ideal)                                                 0.00       1.00
  clock uncertainty                                                          -0.05       0.95
  u_dut/product_q_reg[29]/CK (DFFRPQA_X1M_A6P5PP140ZTS_C35)                   0.00       0.95 r
  library setup time                                                         -0.04       0.91
  data required time                                                                     0.91
  ----------------------------------------------------------------------------------------------
  data required time                                                                     0.91
  data arrival time                                                                     -0.88
  ----------------------------------------------------------------------------------------------
  slack (MET)                                                                            0.03


  Startpoint: w_i[2] (input port clocked by clk)
  Endpoint: u_dut/product_q_reg[29]
            (rising edge-triggered flip-flop clocked by clk)
  Path Group: clk
  Path Type: max

  Des/Clust/Port     Wire Load Model       Library
  ------------------------------------------------
  char_top           Zero                  sc6p5mcpp140z_cln22ul_base_svt_c35_tt_typical_max_0p80v_25c

  Point                                       Fanout       Cap     Trans      Incr       Path
  ----------------------------------------------------------------------------------------------
  clock clk (rise edge)                                                       0.00       0.00
  clock network delay (ideal)                                                 0.00       0.00
  input external delay                                                        0.10       0.10 r
  w_i[2] (in)                                                       0.05      0.00       0.10 r
  w_i[2] (net)                                  2         0.00                0.00       0.10 r
  U71/Y (XNOR2_X2M_A6P5PP140ZTS_C35)                                0.09      0.07       0.17 r
  n268 (net)                                   19         0.01                0.00       0.17 r
  U74/Y (NAND2_X1M_A6P5PP140ZTS_C35)                                0.03      0.02       0.20 f
  n49 (net)                                     1         0.00                0.00       0.20 f
  U69/Y (BUFH_X1M_A6P5PP140ZTS_C35)                                 0.07      0.06       0.25 f
  n262 (net)                                   17         0.01                0.00       0.25 f
  U339/Y (OAI22_X1M_A6P5PP140ZTS_C35)                               0.05      0.04       0.29 r
  n260 (net)                                    1         0.00                0.00       0.29 r
  U343/S (ADDH_X1M_A6P5PP140ZTS_C35)                                0.01      0.05       0.35 f
  n273 (net)                                    2         0.00                0.00       0.35 f
  U347/Y (OR2_X1M_A6P5PP140ZTS_C35)                                 0.01      0.03       0.37 f
  n649 (net)                                    2         0.00                0.00       0.37 f
  U362/Y (AOI21_X0P5M_A6P5PP140ZTS_C35)                             0.04      0.03       0.40 r
  n736 (net)                                    2         0.00                0.00       0.40 r
  U364/Y (OAI21_X0P5M_A6P5PP140ZTS_C35)                             0.03      0.03       0.43 f
  n731 (net)                                    2         0.00                0.00       0.43 f
  U367/Y (AOI21_X0P5M_A6P5PP140ZTS_C35)                             0.04      0.04       0.48 r
  n727 (net)                                    2         0.00                0.00       0.48 r
  U369/Y (OAI21_X0P5M_A6P5PP140ZTS_C35)                             0.03      0.03       0.51 f
  n646 (net)                                    2         0.00                0.00       0.51 f
  U62/Y (AOI21_X1M_A6P5PP140ZTS_C35)                                0.03      0.04       0.54 r
  n721 (net)                                    2         0.00                0.00       0.54 r
  U381/Y (OAI21_X0P5M_A6P5PP140ZTS_C35)                             0.02      0.02       0.57 f
  n641 (net)                                    2         0.00                0.00       0.57 f
  U384/Y (AOI21_X0P5M_A6P5PP140ZTS_C35)                             0.03      0.03       0.60 r
  n636 (net)                                    2         0.00                0.00       0.60 r
  U407/Y (OAI21_X0P5M_A6P5PP140ZTS_C35)                             0.02      0.02       0.62 f
  n632 (net)                                    2         0.00                0.00       0.62 f
  U419/Y (AOI21_X0P5M_A6P5PP140ZTS_C35)                             0.05      0.04       0.66 r
  n622 (net)                                    2         0.00                0.00       0.66 r
  U426/Y (OAI21_X2M_A6P5PP140ZTS_C35)                               0.02      0.03       0.69 f
  n601 (net)                                    2         0.00                0.00       0.69 f
  U504/Y (AOI21_X2M_A6P5PP140ZTS_C35)                               0.03      0.03       0.71 r
  n680 (net)                                    2         0.00                0.00       0.71 r
  U520/Y (OAI21_X2M_A6P5PP140ZTS_C35)                               0.02      0.02       0.73 f
  n596 (net)                                    2         0.00                0.00       0.73 f
  U534/Y (AOI21_X2M_A6P5PP140ZTS_C35)                               0.03      0.03       0.76 r
  n675 (net)                                    2         0.00                0.00       0.76 r
  U547/Y (OAI21_X2M_A6P5PP140ZTS_C35)                               0.02      0.02       0.78 f
  n592 (net)                                    2         0.00                0.00       0.78 f
  U558/Y (AOI21_X2M_A6P5PP140ZTS_C35)                               0.03      0.03       0.81 r
  n670 (net)                                    2         0.00                0.00       0.81 r
  U568/Y (OAI21_X2M_A6P5PP140ZTS_C35)                               0.02      0.02       0.83 f
  n588 (net)                                    2         0.00                0.00       0.83 f
  U576/Y (AOI21_X3M_A6P5PP140ZTS_C35)                               0.02      0.02       0.85 r
  n585 (net)                                    2         0.00                0.00       0.85 r
  U587/Y (XOR2_X0P5M_A6P5PP140ZTS_C35)                              0.02      0.03       0.88 r
  u_dut/product_comb[29] (net)                  1         0.00                0.00       0.88 r
  u_dut/product_q_reg[29]/D (DFFRPQA_X1M_A6P5PP140ZTS_C35)          0.02      0.00       0.88 r
  data arrival time                                                                      0.88

  clock clk (rise edge)                                                       1.00       1.00
  clock network delay (ideal)                                                 0.00       1.00
  clock uncertainty                                                          -0.05       0.95
  u_dut/product_q_reg[29]/CK (DFFRPQA_X1M_A6P5PP140ZTS_C35)                   0.00       0.95 r
  library setup time                                                         -0.04       0.91
  data required time                                                                     0.91
  ----------------------------------------------------------------------------------------------
  data required time                                                                     0.91
  data arrival time                                                                     -0.88
  ----------------------------------------------------------------------------------------------
  slack (MET)                                                                            0.03


  Startpoint: u_dut/acc_o_reg[0]
              (rising edge-triggered flip-flop clocked by clk)
  Endpoint: u_dut/acc_o_reg[37]
            (rising edge-triggered flip-flop clocked by clk)
  Path Group: clk
  Path Type: max

  Des/Clust/Port     Wire Load Model       Library
  ------------------------------------------------
  char_top           Zero                  sc6p5mcpp140z_cln22ul_base_svt_c35_tt_typical_max_0p80v_25c

  Point                                       Fanout       Cap     Trans      Incr       Path
  ----------------------------------------------------------------------------------------------
  clock clk (rise edge)                                                       0.00       0.00
  clock network delay (ideal)                                                 0.00       0.00
  u_dut/acc_o_reg[0]/CK (DFFRPQA_X2M_A6P5PP140ZTS_C35)              0.00      0.00       0.00 r
  u_dut/acc_o_reg[0]/Q (DFFRPQA_X2M_A6P5PP140ZTS_C35)               0.03      0.07       0.07 r
  signature_o[0] (net)                          4         0.01                0.00       0.07 r
  U689/Y (NAND2_X1M_A6P5PP140ZTS_C35)                               0.03      0.02       0.09 f
  n853 (net)                                    3         0.00                0.00       0.09 f
  U691/Y (OAI21_X0P5M_A6P5PP140ZTS_C35)                             0.04      0.04       0.13 r
  n896 (net)                                    2         0.00                0.00       0.13 r
  U695/Y (AOI21_X0P5M_A6P5PP140ZTS_C35)                             0.03      0.02       0.15 f
  n798 (net)                                    2         0.00                0.00       0.15 f
  U57/Y (OAI21_X1M_A6P5PP140ZTS_C35)                                0.03      0.03       0.18 r
  n764 (net)                                    2         0.00                0.00       0.18 r
  U749/Y (AOI21_X0P5M_A6P5PP140ZTS_C35)                             0.03      0.02       0.20 f
  n789 (net)                                    2         0.00                0.00       0.20 f
  U759/Y (OAI21_X0P5M_A6P5PP140ZTS_C35)                             0.04      0.04       0.24 r
  n850 (net)                                    2         0.00                0.00       0.24 r
  U763/Y (AOI21_X0P5M_A6P5PP140ZTS_C35)                             0.04      0.03       0.27 f
  n807 (net)                                    2         0.00                0.00       0.27 f
  U766/Y (OAI21_X2M_A6P5PP140ZTS_C35)                               0.03      0.03       0.30 r
  n836 (net)                                    2         0.00                0.00       0.30 r
  U770/Y (AOI21_X0P5M_A6P5PP140ZTS_C35)                             0.03      0.02       0.33 f
  n831 (net)                                    2         0.00                0.00       0.33 f
  U824/Y (OAI21_X0P5M_A6P5PP140ZTS_C35)                             0.04      0.04       0.37 r
  n859 (net)                                    2         0.00                0.00       0.37 r
  U845/Y (AOI21_X0P5M_A6P5PP140ZTS_C35)                             0.04      0.03       0.40 f
  n872 (net)                                    2         0.00                0.00       0.40 f
  U848/Y (OAI21_X2M_A6P5PP140ZTS_C35)                               0.03      0.03       0.43 r
  n866 (net)                                    2         0.00                0.00       0.43 r
  U856/Y (AOI21_X0P5M_A6P5PP140ZTS_C35)                             0.03      0.02       0.45 f
  n935 (net)                                    2         0.00                0.00       0.45 f
  U903/Y (OAI21_X0P5M_A6P5PP140ZTS_C35)                             0.04      0.04       0.49 r
  n942 (net)                                    2         0.00                0.00       0.49 r
  U911/Y (AOI21_X0P5M_A6P5PP140ZTS_C35)                             0.03      0.03       0.52 f
  n947 (net)                                    2         0.00                0.00       0.52 f
  U70/Y (OAI21_X0P5M_A6P5PP140ZTS_C35)                              0.04      0.04       0.56 r
  n954 (net)                                    2         0.00                0.00       0.56 r
  U924/Y (AOI21_X0P5M_A6P5PP140ZTS_C35)                             0.03      0.03       0.59 f
  n959 (net)                                    2         0.00                0.00       0.59 f
  U930/Y (OAI21_X0P5M_A6P5PP140ZTS_C35)                             0.04      0.04       0.63 r
  n966 (net)                                    2         0.00                0.00       0.63 r
  U938/Y (AOI21_X0P5M_A6P5PP140ZTS_C35)                             0.04      0.03       0.66 f
  n971 (net)                                    2         0.00                0.00       0.66 f
  U944/Y (OAI21_X2M_A6P5PP140ZTS_C35)                               0.03      0.03       0.69 r
  n978 (net)                                    2         0.00                0.00       0.69 r
  U952/Y (AOI21_X0P5M_A6P5PP140ZTS_C35)                             0.03      0.02       0.72 f
  n983 (net)                                    2         0.00                0.00       0.72 f
  U958/Y (OAI21_X0P5M_A6P5PP140ZTS_C35)                             0.04      0.04       0.75 r
  n990 (net)                                    2         0.00                0.00       0.75 r
  U966/Y (AOI21_X0P5M_A6P5PP140ZTS_C35)                             0.04      0.03       0.79 f
  n995 (net)                                    2         0.00                0.00       0.79 f
  U972/Y (OAI21_X2M_A6P5PP140ZTS_C35)                               0.03      0.03       0.82 r
  n1001 (net)                                   2         0.00                0.00       0.82 r
  U973/Y (XNOR2_X0P5M_A6P5PP140ZTS_C35)                             0.02      0.03       0.85 r
  n997 (net)                                    1         0.00                0.00       0.85 r
  U974/Y (AO22_X1M_A6P5PP140ZTS_C35)                                0.02      0.03       0.88 r
  n5 (net)                                      1         0.00                0.00       0.88 r
  u_dut/acc_o_reg[37]/D (DFFRPQA_X1M_A6P5PP140ZTS_C35)              0.02      0.00       0.88 r
  data arrival time                                                                      0.88

  clock clk (rise edge)                                                       1.00       1.00
  clock network delay (ideal)                                                 0.00       1.00
  clock uncertainty                                                          -0.05       0.95
  u_dut/acc_o_reg[37]/CK (DFFRPQA_X1M_A6P5PP140ZTS_C35)                       0.00       0.95 r
  library setup time                                                         -0.04       0.91
  data required time                                                                     0.91
  ----------------------------------------------------------------------------------------------
  data required time                                                                     0.91
  data arrival time                                                                     -0.88
  ----------------------------------------------------------------------------------------------
  slack (MET)                                                                            0.03


  Startpoint: u_dut/acc_o_reg[0]
              (rising edge-triggered flip-flop clocked by clk)
  Endpoint: u_dut/acc_o_reg[37]
            (rising edge-triggered flip-flop clocked by clk)
  Path Group: clk
  Path Type: max

  Des/Clust/Port     Wire Load Model       Library
  ------------------------------------------------
  char_top           Zero                  sc6p5mcpp140z_cln22ul_base_svt_c35_tt_typical_max_0p80v_25c

  Point                                       Fanout       Cap     Trans      Incr       Path
  ----------------------------------------------------------------------------------------------
  clock clk (rise edge)                                                       0.00       0.00
  clock network delay (ideal)                                                 0.00       0.00
  u_dut/acc_o_reg[0]/CK (DFFRPQA_X2M_A6P5PP140ZTS_C35)              0.00      0.00       0.00 r
  u_dut/acc_o_reg[0]/Q (DFFRPQA_X2M_A6P5PP140ZTS_C35)               0.03      0.07       0.07 r
  signature_o[0] (net)                          4         0.01                0.00       0.07 r
  U689/Y (NAND2_X1M_A6P5PP140ZTS_C35)                               0.03      0.02       0.09 f
  n853 (net)                                    3         0.00                0.00       0.09 f
  U691/Y (OAI21_X0P5M_A6P5PP140ZTS_C35)                             0.04      0.04       0.13 r
  n896 (net)                                    2         0.00                0.00       0.13 r
  U695/Y (AOI21_X0P5M_A6P5PP140ZTS_C35)                             0.03      0.02       0.15 f
  n798 (net)                                    2         0.00                0.00       0.15 f
  U57/Y (OAI21_X1M_A6P5PP140ZTS_C35)                                0.03      0.03       0.18 r
  n764 (net)                                    2         0.00                0.00       0.18 r
  U749/Y (AOI21_X0P5M_A6P5PP140ZTS_C35)                             0.03      0.02       0.20 f
  n789 (net)                                    2         0.00                0.00       0.20 f
  U759/Y (OAI21_X0P5M_A6P5PP140ZTS_C35)                             0.04      0.04       0.24 r
  n850 (net)                                    2         0.00                0.00       0.24 r
  U763/Y (AOI21_X0P5M_A6P5PP140ZTS_C35)                             0.04      0.03       0.27 f
  n807 (net)                                    2         0.00                0.00       0.27 f
  U766/Y (OAI21_X2M_A6P5PP140ZTS_C35)                               0.03      0.03       0.30 r
  n836 (net)                                    2         0.00                0.00       0.30 r
  U770/Y (AOI21_X0P5M_A6P5PP140ZTS_C35)                             0.03      0.02       0.33 f
  n831 (net)                                    2         0.00                0.00       0.33 f
  U824/Y (OAI21_X0P5M_A6P5PP140ZTS_C35)                             0.04      0.04       0.37 r
  n859 (net)                                    2         0.00                0.00       0.37 r
  U845/Y (AOI21_X0P5M_A6P5PP140ZTS_C35)                             0.04      0.03       0.40 f
  n872 (net)                                    2         0.00                0.00       0.40 f
  U848/Y (OAI21_X2M_A6P5PP140ZTS_C35)                               0.03      0.03       0.43 r
  n866 (net)                                    2         0.00                0.00       0.43 r
  U856/Y (AOI21_X0P5M_A6P5PP140ZTS_C35)                             0.03      0.02       0.45 f
  n935 (net)                                    2         0.00                0.00       0.45 f
  U903/Y (OAI21_X0P5M_A6P5PP140ZTS_C35)                             0.04      0.04       0.49 r
  n942 (net)                                    2         0.00                0.00       0.49 r
  U911/Y (AOI21_X0P5M_A6P5PP140ZTS_C35)                             0.03      0.03       0.52 f
  n947 (net)                                    2         0.00                0.00       0.52 f
  U70/Y (OAI21_X0P5M_A6P5PP140ZTS_C35)                              0.04      0.04       0.56 r
  n954 (net)                                    2         0.00                0.00       0.56 r
  U924/Y (AOI21_X0P5M_A6P5PP140ZTS_C35)                             0.03      0.03       0.59 f
  n959 (net)                                    2         0.00                0.00       0.59 f
  U930/Y (OAI21_X0P5M_A6P5PP140ZTS_C35)                             0.04      0.04       0.63 r
  n966 (net)                                    2         0.00                0.00       0.63 r
  U938/Y (AOI21_X0P5M_A6P5PP140ZTS_C35)                             0.04      0.03       0.66 f
  n971 (net)                                    2         0.00                0.00       0.66 f
  U944/Y (OAI21_X2M_A6P5PP140ZTS_C35)                               0.03      0.03       0.69 r
  n978 (net)                                    2         0.00                0.00       0.69 r
  U952/Y (AOI21_X0P5M_A6P5PP140ZTS_C35)                             0.03      0.02       0.72 f
  n983 (net)                                    2         0.00                0.00       0.72 f
  U958/Y (OAI21_X0P5M_A6P5PP140ZTS_C35)                             0.04      0.04       0.75 r
  n990 (net)                                    2         0.00                0.00       0.75 r
  U966/Y (AOI21_X0P5M_A6P5PP140ZTS_C35)                             0.04      0.03       0.79 f
  n995 (net)                                    2         0.00                0.00       0.79 f
  U972/Y (OAI21_X2M_A6P5PP140ZTS_C35)                               0.03      0.03       0.82 r
  n1001 (net)                                   2         0.00                0.00       0.82 r
  U973/Y (XNOR2_X0P5M_A6P5PP140ZTS_C35)                             0.02      0.03       0.85 r
  n997 (net)                                    1         0.00                0.00       0.85 r
  U974/Y (AO22_X1M_A6P5PP140ZTS_C35)                                0.02      0.03       0.88 r
  n5 (net)                                      1         0.00                0.00       0.88 r
  u_dut/acc_o_reg[37]/D (DFFRPQA_X1M_A6P5PP140ZTS_C35)              0.02      0.00       0.88 r
  data arrival time                                                                      0.88

  clock clk (rise edge)                                                       1.00       1.00
  clock network delay (ideal)                                                 0.00       1.00
  clock uncertainty                                                          -0.05       0.95
  u_dut/acc_o_reg[37]/CK (DFFRPQA_X1M_A6P5PP140ZTS_C35)                       0.00       0.95 r
  library setup time                                                         -0.04       0.91
  data required time                                                                     0.91
  ----------------------------------------------------------------------------------------------
  data required time                                                                     0.91
  data arrival time                                                                     -0.88
  ----------------------------------------------------------------------------------------------
  slack (MET)                                                                            0.03


1
