family_rank,family,source_block_mmd,variant_index,variant,source_node_id,source_layer_name,class,execution_owner_v5,execution_owner_v6,macro_op_v5,sequence_filename_v5,sequence_filename_v6,status,status_v6
1,Qwen2 / Qwen2.5 Dense,01_qwen2_qwen2_5_dense.mmd,1,Dense decoder block,f01v01_n019,X,input,ActivationReadDmaCore,ActivationReadDmaCore,OP_K_PROJ,01_qwen2_qwen2_5_dense_owner_timing_sequence_v5.mmd,01_qwen2_qwen2_5_dense_owner_timing_sequence_v6.mmd,existing_atlas_repo_grounded,mapped_from_single_block_atlas
1,Qwen2 / Qwen2.5 Dense,01_qwen2_qwen2_5_dense.mmd,1,Dense decoder block,f01v01_n020,RMSNorm 1,other,NormCore,NormCore,OP_K_PROJ,01_qwen2_qwen2_5_dense_owner_timing_sequence_v5.mmd,01_qwen2_qwen2_5_dense_owner_timing_sequence_v6.mmd,existing_atlas_repo_grounded,mapped_from_single_block_atlas
1,Qwen2 / Qwen2.5 Dense,01_qwen2_qwen2_5_dense.mmd,1,Dense decoder block,f01v01_n022,K Proj,mac,SharedMatrixCore,SharedMatrixCore,OP_K_PROJ,01_qwen2_qwen2_5_dense_owner_timing_sequence_v5.mmd,01_qwen2_qwen2_5_dense_owner_timing_sequence_v6.mmd,existing_atlas_repo_grounded,mapped_from_single_block_atlas
1,Qwen2 / Qwen2.5 Dense,01_qwen2_qwen2_5_dense.mmd,1,Dense decoder block,f01v01_n025,RoPE,other,ElementwiseTransformCore,ElementwiseTransformCore,OP_K_PROJ,01_qwen2_qwen2_5_dense_owner_timing_sequence_v5.mmd,01_qwen2_qwen2_5_dense_owner_timing_sequence_v6.mmd,existing_atlas_repo_grounded,mapped_from_single_block_atlas
1,Qwen2 / Qwen2.5 Dense,01_qwen2_qwen2_5_dense.mmd,1,Dense decoder block,f01v01_n027,K cache,state,KVStateCore,KVStateCore,OP_K_PROJ,01_qwen2_qwen2_5_dense_owner_timing_sequence_v5.mmd,01_qwen2_qwen2_5_dense_owner_timing_sequence_v6.mmd,existing_atlas_repo_grounded,mapped_from_single_block_atlas
1,Qwen2 / Qwen2.5 Dense,01_qwen2_qwen2_5_dense.mmd,1,Dense decoder block,f01v01_n024,V Proj,mac,SharedMatrixCore,SharedMatrixCore,OP_V_PROJ,01_qwen2_qwen2_5_dense_owner_timing_sequence_v5.mmd,01_qwen2_qwen2_5_dense_owner_timing_sequence_v6.mmd,existing_atlas_repo_grounded,mapped_from_single_block_atlas
1,Qwen2 / Qwen2.5 Dense,01_qwen2_qwen2_5_dense.mmd,1,Dense decoder block,f01v01_n028,V cache,state,KVStateCore,KVStateCore,OP_V_PROJ,01_qwen2_qwen2_5_dense_owner_timing_sequence_v5.mmd,01_qwen2_qwen2_5_dense_owner_timing_sequence_v6.mmd,existing_atlas_repo_grounded,mapped_from_single_block_atlas
1,Qwen2 / Qwen2.5 Dense,01_qwen2_qwen2_5_dense.mmd,1,Dense decoder block,f01v01_n023,Q Proj,mac,SharedMatrixCore,SharedMatrixCore,OP_Q_ATTN_OPROJ,01_qwen2_qwen2_5_dense_owner_timing_sequence_v5.mmd,01_qwen2_qwen2_5_dense_owner_timing_sequence_v6.mmd,existing_atlas_repo_grounded,mapped_from_single_block_atlas
1,Qwen2 / Qwen2.5 Dense,01_qwen2_qwen2_5_dense.mmd,1,Dense decoder block,f01v01_n026,RoPE,other,ElementwiseTransformCore,ElementwiseTransformCore,OP_Q_ATTN_OPROJ,01_qwen2_qwen2_5_dense_owner_timing_sequence_v5.mmd,01_qwen2_qwen2_5_dense_owner_timing_sequence_v6.mmd,existing_atlas_repo_grounded,mapped_from_single_block_atlas
1,Qwen2 / Qwen2.5 Dense,01_qwen2_qwen2_5_dense.mmd,1,Dense decoder block,f01v01_n029,K head repeat ×6,other,SequenceCore,SequenceCore,OP_Q_ATTN_OPROJ,01_qwen2_qwen2_5_dense_owner_timing_sequence_v5.mmd,01_qwen2_qwen2_5_dense_owner_timing_sequence_v6.mmd,existing_atlas_repo_grounded,mapped_from_single_block_atlas
1,Qwen2 / Qwen2.5 Dense,01_qwen2_qwen2_5_dense.mmd,1,Dense decoder block,f01v01_n030,V head repeat ×6,other,SequenceCore,SequenceCore,OP_Q_ATTN_OPROJ,01_qwen2_qwen2_5_dense_owner_timing_sequence_v5.mmd,01_qwen2_qwen2_5_dense_owner_timing_sequence_v6.mmd,existing_atlas_repo_grounded,mapped_from_single_block_atlas
1,Qwen2 / Qwen2.5 Dense,01_qwen2_qwen2_5_dense.mmd,1,Dense decoder block,f01v01_n031,Q × Kᵀ,mac,SequenceCore,SequenceCore,OP_Q_ATTN_OPROJ,01_qwen2_qwen2_5_dense_owner_timing_sequence_v5.mmd,01_qwen2_qwen2_5_dense_owner_timing_sequence_v6.mmd,existing_atlas_repo_grounded,mapped_from_single_block_atlas
1,Qwen2 / Qwen2.5 Dense,01_qwen2_qwen2_5_dense.mmd,1,Dense decoder block,f01v01_n032,Softmax FP32,other,SequenceCore,SequenceCore,OP_Q_ATTN_OPROJ,01_qwen2_qwen2_5_dense_owner_timing_sequence_v5.mmd,01_qwen2_qwen2_5_dense_owner_timing_sequence_v6.mmd,existing_atlas_repo_grounded,mapped_from_single_block_atlas
1,Qwen2 / Qwen2.5 Dense,01_qwen2_qwen2_5_dense.mmd,1,Dense decoder block,f01v01_n033,P × V,mac,SequenceCore,SequenceCore,OP_Q_ATTN_OPROJ,01_qwen2_qwen2_5_dense_owner_timing_sequence_v5.mmd,01_qwen2_qwen2_5_dense_owner_timing_sequence_v6.mmd,existing_atlas_repo_grounded,mapped_from_single_block_atlas
1,Qwen2 / Qwen2.5 Dense,01_qwen2_qwen2_5_dense.mmd,1,Dense decoder block,f01v01_n034,O Proj,mac,SharedMatrixCore,SharedMatrixCore,OP_Q_ATTN_OPROJ,01_qwen2_qwen2_5_dense_owner_timing_sequence_v5.mmd,01_qwen2_qwen2_5_dense_owner_timing_sequence_v6.mmd,existing_atlas_repo_grounded,mapped_from_single_block_atlas
1,Qwen2 / Qwen2.5 Dense,01_qwen2_qwen2_5_dense.mmd,1,Dense decoder block,f01v01_n035,+,plus,OutputCommitCore,OutputCommitCore,OP_Q_ATTN_OPROJ,01_qwen2_qwen2_5_dense_owner_timing_sequence_v5.mmd,01_qwen2_qwen2_5_dense_owner_timing_sequence_v6.mmd,existing_atlas_repo_grounded,mapped_from_single_block_atlas
1,Qwen2 / Qwen2.5 Dense,01_qwen2_qwen2_5_dense.mmd,1,Dense decoder block,f01v01_n036,X + Attention,output,OutputCommitCore,OutputCommitCore,OP_Q_ATTN_OPROJ,01_qwen2_qwen2_5_dense_owner_timing_sequence_v5.mmd,01_qwen2_qwen2_5_dense_owner_timing_sequence_v6.mmd,existing_atlas_repo_grounded,mapped_from_single_block_atlas
1,Qwen2 / Qwen2.5 Dense,01_qwen2_qwen2_5_dense.mmd,1,Dense decoder block,f01v01_n037,RMSNorm 2,other,NormCore,NormCore,OP_FFN,01_qwen2_qwen2_5_dense_owner_timing_sequence_v5.mmd,01_qwen2_qwen2_5_dense_owner_timing_sequence_v6.mmd,existing_atlas_repo_grounded,mapped_from_single_block_atlas
1,Qwen2 / Qwen2.5 Dense,01_qwen2_qwen2_5_dense.mmd,1,Dense decoder block,f01v01_n039,gate_proj,mac,SharedMatrixCore,SharedMatrixCore,OP_FFN,01_qwen2_qwen2_5_dense_owner_timing_sequence_v5.mmd,01_qwen2_qwen2_5_dense_owner_timing_sequence_v6.mmd,existing_atlas_repo_grounded,mapped_from_single_block_atlas
1,Qwen2 / Qwen2.5 Dense,01_qwen2_qwen2_5_dense.mmd,1,Dense decoder block,f01v01_n040,up_proj,mac,SharedMatrixCore,SharedMatrixCore,OP_FFN,01_qwen2_qwen2_5_dense_owner_timing_sequence_v5.mmd,01_qwen2_qwen2_5_dense_owner_timing_sequence_v6.mmd,existing_atlas_repo_grounded,mapped_from_single_block_atlas
1,Qwen2 / Qwen2.5 Dense,01_qwen2_qwen2_5_dense.mmd,1,Dense decoder block,f01v01_n041,SiLU,other,FeedForwardCore,SharedMatrixCore,OP_FFN,01_qwen2_qwen2_5_dense_owner_timing_sequence_v5.mmd,01_qwen2_qwen2_5_dense_owner_timing_sequence_v6.mmd,existing_atlas_repo_grounded,current_fused_MlpSiluLane32Core
1,Qwen2 / Qwen2.5 Dense,01_qwen2_qwen2_5_dense.mmd,1,Dense decoder block,f01v01_n042,Elementwise gate,other,FeedForwardCore,SharedMatrixCore,OP_FFN,01_qwen2_qwen2_5_dense_owner_timing_sequence_v5.mmd,01_qwen2_qwen2_5_dense_owner_timing_sequence_v6.mmd,existing_atlas_repo_grounded,current_fused_MlpSiluLane32Core
1,Qwen2 / Qwen2.5 Dense,01_qwen2_qwen2_5_dense.mmd,1,Dense decoder block,f01v01_n043,down_proj,mac,SharedMatrixCore,SharedMatrixCore,OP_FFN,01_qwen2_qwen2_5_dense_owner_timing_sequence_v5.mmd,01_qwen2_qwen2_5_dense_owner_timing_sequence_v6.mmd,existing_atlas_repo_grounded,mapped_from_single_block_atlas
1,Qwen2 / Qwen2.5 Dense,01_qwen2_qwen2_5_dense.mmd,1,Dense decoder block,f01v01_n044,+,plus,OutputCommitCore,OutputCommitCore,OP_FFN,01_qwen2_qwen2_5_dense_owner_timing_sequence_v5.mmd,01_qwen2_qwen2_5_dense_owner_timing_sequence_v6.mmd,existing_atlas_repo_grounded,mapped_from_single_block_atlas
1,Qwen2 / Qwen2.5 Dense,01_qwen2_qwen2_5_dense.mmd,1,Dense decoder block,f01v01_n045,Block output,output,OutputCommitCore,OutputCommitCore,OP_FFN,01_qwen2_qwen2_5_dense_owner_timing_sequence_v5.mmd,01_qwen2_qwen2_5_dense_owner_timing_sequence_v6.mmd,existing_atlas_repo_grounded,mapped_from_single_block_atlas
2,Qwen3 Dense,02_qwen3_dense.mmd,1,Dense decoder block with Q/K head RMSNorm,f02v01_n019,X,input,ActivationReadDmaCore,ActivationReadDmaCore,OP_K_PROJ,02_qwen3_dense_owner_timing_sequence_v5.mmd,02_qwen3_dense_owner_timing_sequence_v6.mmd,existing_atlas_repo_grounded,mapped_from_single_block_atlas
2,Qwen3 Dense,02_qwen3_dense.mmd,1,Dense decoder block with Q/K head RMSNorm,f02v01_n020,RMSNorm 1,other,NormCore,NormCore,OP_K_PROJ,02_qwen3_dense_owner_timing_sequence_v5.mmd,02_qwen3_dense_owner_timing_sequence_v6.mmd,existing_atlas_repo_grounded,mapped_from_single_block_atlas
2,Qwen3 Dense,02_qwen3_dense.mmd,1,Dense decoder block with Q/K head RMSNorm,f02v01_n022,K Proj,mac,SharedMatrixCore,SharedMatrixCore,OP_K_PROJ,02_qwen3_dense_owner_timing_sequence_v5.mmd,02_qwen3_dense_owner_timing_sequence_v6.mmd,existing_atlas_repo_grounded,mapped_from_single_block_atlas
2,Qwen3 Dense,02_qwen3_dense.mmd,1,Dense decoder block with Q/K head RMSNorm,f02v01_n025,K Head RMSNorm,other,NormCore,NormCore,OP_K_PROJ,02_qwen3_dense_owner_timing_sequence_v5.mmd,02_qwen3_dense_owner_timing_sequence_v6.mmd,existing_atlas_repo_grounded,mapped_from_single_block_atlas
2,Qwen3 Dense,02_qwen3_dense.mmd,1,Dense decoder block with Q/K head RMSNorm,f02v01_n027,RoPE,other,ElementwiseTransformCore,ElementwiseTransformCore,OP_K_PROJ,02_qwen3_dense_owner_timing_sequence_v5.mmd,02_qwen3_dense_owner_timing_sequence_v6.mmd,existing_atlas_repo_grounded,mapped_from_single_block_atlas
2,Qwen3 Dense,02_qwen3_dense.mmd,1,Dense decoder block with Q/K head RMSNorm,f02v01_n029,K cache,state,KVStateCore,KVStateCore,OP_K_PROJ,02_qwen3_dense_owner_timing_sequence_v5.mmd,02_qwen3_dense_owner_timing_sequence_v6.mmd,existing_atlas_repo_grounded,mapped_from_single_block_atlas
2,Qwen3 Dense,02_qwen3_dense.mmd,1,Dense decoder block with Q/K head RMSNorm,f02v01_n024,V Proj,mac,SharedMatrixCore,SharedMatrixCore,OP_V_PROJ,02_qwen3_dense_owner_timing_sequence_v5.mmd,02_qwen3_dense_owner_timing_sequence_v6.mmd,existing_atlas_repo_grounded,mapped_from_single_block_atlas
2,Qwen3 Dense,02_qwen3_dense.mmd,1,Dense decoder block with Q/K head RMSNorm,f02v01_n030,V cache,state,KVStateCore,KVStateCore,OP_V_PROJ,02_qwen3_dense_owner_timing_sequence_v5.mmd,02_qwen3_dense_owner_timing_sequence_v6.mmd,existing_atlas_repo_grounded,mapped_from_single_block_atlas
2,Qwen3 Dense,02_qwen3_dense.mmd,1,Dense decoder block with Q/K head RMSNorm,f02v01_n023,Q Proj,mac,SharedMatrixCore,SharedMatrixCore,OP_Q_PROJ,02_qwen3_dense_owner_timing_sequence_v5.mmd,02_qwen3_dense_owner_timing_sequence_v6.mmd,existing_atlas_repo_grounded,mapped_from_single_block_atlas
2,Qwen3 Dense,02_qwen3_dense.mmd,1,Dense decoder block with Q/K head RMSNorm,f02v01_n026,Q Head RMSNorm,other,NormCore,NormCore,OP_Q_PROJ,02_qwen3_dense_owner_timing_sequence_v5.mmd,02_qwen3_dense_owner_timing_sequence_v6.mmd,existing_atlas_repo_grounded,mapped_from_single_block_atlas
2,Qwen3 Dense,02_qwen3_dense.mmd,1,Dense decoder block with Q/K head RMSNorm,f02v01_n028,RoPE,other,ElementwiseTransformCore,ElementwiseTransformCore,OP_Q_PROJ,02_qwen3_dense_owner_timing_sequence_v5.mmd,02_qwen3_dense_owner_timing_sequence_v6.mmd,existing_atlas_repo_grounded,mapped_from_single_block_atlas
2,Qwen3 Dense,02_qwen3_dense.mmd,1,Dense decoder block with Q/K head RMSNorm,f02v01_n031,K head repeat ×2,other,SequenceCore,SequenceCore,OP_ATTENTION_OPROJ,02_qwen3_dense_owner_timing_sequence_v5.mmd,02_qwen3_dense_owner_timing_sequence_v6.mmd,existing_atlas_repo_grounded,mapped_from_single_block_atlas
2,Qwen3 Dense,02_qwen3_dense.mmd,1,Dense decoder block with Q/K head RMSNorm,f02v01_n032,V head repeat ×2,other,SequenceCore,SequenceCore,OP_ATTENTION_OPROJ,02_qwen3_dense_owner_timing_sequence_v5.mmd,02_qwen3_dense_owner_timing_sequence_v6.mmd,existing_atlas_repo_grounded,mapped_from_single_block_atlas
2,Qwen3 Dense,02_qwen3_dense.mmd,1,Dense decoder block with Q/K head RMSNorm,f02v01_n033,Q × Kᵀ,mac,SequenceCore,SequenceCore,OP_ATTENTION_OPROJ,02_qwen3_dense_owner_timing_sequence_v5.mmd,02_qwen3_dense_owner_timing_sequence_v6.mmd,existing_atlas_repo_grounded,mapped_from_single_block_atlas
2,Qwen3 Dense,02_qwen3_dense.mmd,1,Dense decoder block with Q/K head RMSNorm,f02v01_n034,Softmax FP32,other,SequenceCore,SequenceCore,OP_ATTENTION_OPROJ,02_qwen3_dense_owner_timing_sequence_v5.mmd,02_qwen3_dense_owner_timing_sequence_v6.mmd,existing_atlas_repo_grounded,mapped_from_single_block_atlas
2,Qwen3 Dense,02_qwen3_dense.mmd,1,Dense decoder block with Q/K head RMSNorm,f02v01_n035,P × V,mac,SequenceCore,SequenceCore,OP_ATTENTION_OPROJ,02_qwen3_dense_owner_timing_sequence_v5.mmd,02_qwen3_dense_owner_timing_sequence_v6.mmd,existing_atlas_repo_grounded,mapped_from_single_block_atlas
2,Qwen3 Dense,02_qwen3_dense.mmd,1,Dense decoder block with Q/K head RMSNorm,f02v01_n036,O Proj,mac,SharedMatrixCore,SharedMatrixCore,OP_ATTENTION_OPROJ,02_qwen3_dense_owner_timing_sequence_v5.mmd,02_qwen3_dense_owner_timing_sequence_v6.mmd,existing_atlas_repo_grounded,mapped_from_single_block_atlas
2,Qwen3 Dense,02_qwen3_dense.mmd,1,Dense decoder block with Q/K head RMSNorm,f02v01_n037,+,plus,OutputCommitCore,OutputCommitCore,OP_ATTENTION_OPROJ,02_qwen3_dense_owner_timing_sequence_v5.mmd,02_qwen3_dense_owner_timing_sequence_v6.mmd,existing_atlas_repo_grounded,mapped_from_single_block_atlas
2,Qwen3 Dense,02_qwen3_dense.mmd,1,Dense decoder block with Q/K head RMSNorm,f02v01_n038,X + Attention,output,OutputCommitCore,OutputCommitCore,OP_ATTENTION_OPROJ,02_qwen3_dense_owner_timing_sequence_v5.mmd,02_qwen3_dense_owner_timing_sequence_v6.mmd,existing_atlas_repo_grounded,mapped_from_single_block_atlas
2,Qwen3 Dense,02_qwen3_dense.mmd,1,Dense decoder block with Q/K head RMSNorm,f02v01_n039,RMSNorm 2,other,NormCore,NormCore,OP_FFN,02_qwen3_dense_owner_timing_sequence_v5.mmd,02_qwen3_dense_owner_timing_sequence_v6.mmd,existing_atlas_repo_grounded,mapped_from_single_block_atlas
2,Qwen3 Dense,02_qwen3_dense.mmd,1,Dense decoder block with Q/K head RMSNorm,f02v01_n041,gate_proj,mac,SharedMatrixCore,SharedMatrixCore,OP_FFN,02_qwen3_dense_owner_timing_sequence_v5.mmd,02_qwen3_dense_owner_timing_sequence_v6.mmd,existing_atlas_repo_grounded,mapped_from_single_block_atlas
2,Qwen3 Dense,02_qwen3_dense.mmd,1,Dense decoder block with Q/K head RMSNorm,f02v01_n042,up_proj,mac,SharedMatrixCore,SharedMatrixCore,OP_FFN,02_qwen3_dense_owner_timing_sequence_v5.mmd,02_qwen3_dense_owner_timing_sequence_v6.mmd,existing_atlas_repo_grounded,mapped_from_single_block_atlas
2,Qwen3 Dense,02_qwen3_dense.mmd,1,Dense decoder block with Q/K head RMSNorm,f02v01_n043,SiLU,other,FeedForwardCore,SharedMatrixCore,OP_FFN,02_qwen3_dense_owner_timing_sequence_v5.mmd,02_qwen3_dense_owner_timing_sequence_v6.mmd,existing_atlas_repo_grounded,current_fused_MlpSiluLane32Core
2,Qwen3 Dense,02_qwen3_dense.mmd,1,Dense decoder block with Q/K head RMSNorm,f02v01_n044,Elementwise gate,other,FeedForwardCore,SharedMatrixCore,OP_FFN,02_qwen3_dense_owner_timing_sequence_v5.mmd,02_qwen3_dense_owner_timing_sequence_v6.mmd,existing_atlas_repo_grounded,current_fused_MlpSiluLane32Core
2,Qwen3 Dense,02_qwen3_dense.mmd,1,Dense decoder block with Q/K head RMSNorm,f02v01_n045,down_proj,mac,SharedMatrixCore,SharedMatrixCore,OP_FFN,02_qwen3_dense_owner_timing_sequence_v5.mmd,02_qwen3_dense_owner_timing_sequence_v6.mmd,existing_atlas_repo_grounded,mapped_from_single_block_atlas
2,Qwen3 Dense,02_qwen3_dense.mmd,1,Dense decoder block with Q/K head RMSNorm,f02v01_n046,+,plus,OutputCommitCore,OutputCommitCore,OP_FFN,02_qwen3_dense_owner_timing_sequence_v5.mmd,02_qwen3_dense_owner_timing_sequence_v6.mmd,existing_atlas_repo_grounded,mapped_from_single_block_atlas
2,Qwen3 Dense,02_qwen3_dense.mmd,1,Dense decoder block with Q/K head RMSNorm,f02v01_n047,Block output,output,OutputCommitCore,OutputCommitCore,OP_FFN,02_qwen3_dense_owner_timing_sequence_v5.mmd,02_qwen3_dense_owner_timing_sequence_v6.mmd,existing_atlas_repo_grounded,mapped_from_single_block_atlas
3,Llama / Yi / SmolLM Dense,03_llama_yi_smollm_dense.mmd,1,Pre-norm GQA / SwiGLU block,f03v01_n019,X,input,ActivationReadDmaCore,ActivationReadDmaCore,OP_K_PROJ,03_llama_yi_smollm_dense_owner_timing_sequence_v5.mmd,03_llama_yi_smollm_dense_owner_timing_sequence_v6.mmd,existing_atlas_repo_grounded,mapped_from_single_block_atlas
3,Llama / Yi / SmolLM Dense,03_llama_yi_smollm_dense.mmd,1,Pre-norm GQA / SwiGLU block,f03v01_n020,RMSNorm 1,other,NormCore,NormCore,OP_K_PROJ,03_llama_yi_smollm_dense_owner_timing_sequence_v5.mmd,03_llama_yi_smollm_dense_owner_timing_sequence_v6.mmd,existing_atlas_repo_grounded,mapped_from_single_block_atlas
3,Llama / Yi / SmolLM Dense,03_llama_yi_smollm_dense.mmd,1,Pre-norm GQA / SwiGLU block,f03v01_n022,K Proj,mac,SharedMatrixCore,SharedMatrixCore,OP_K_PROJ,03_llama_yi_smollm_dense_owner_timing_sequence_v5.mmd,03_llama_yi_smollm_dense_owner_timing_sequence_v6.mmd,existing_atlas_repo_grounded,mapped_from_single_block_atlas
3,Llama / Yi / SmolLM Dense,03_llama_yi_smollm_dense.mmd,1,Pre-norm GQA / SwiGLU block,f03v01_n025,RoPE,other,ElementwiseTransformCore,ElementwiseTransformCore,OP_K_PROJ,03_llama_yi_smollm_dense_owner_timing_sequence_v5.mmd,03_llama_yi_smollm_dense_owner_timing_sequence_v6.mmd,existing_atlas_repo_grounded,mapped_from_single_block_atlas
3,Llama / Yi / SmolLM Dense,03_llama_yi_smollm_dense.mmd,1,Pre-norm GQA / SwiGLU block,f03v01_n027,K cache,state,KVStateCore,KVStateCore,OP_K_PROJ,03_llama_yi_smollm_dense_owner_timing_sequence_v5.mmd,03_llama_yi_smollm_dense_owner_timing_sequence_v6.mmd,existing_atlas_repo_grounded,mapped_from_single_block_atlas
3,Llama / Yi / SmolLM Dense,03_llama_yi_smollm_dense.mmd,1,Pre-norm GQA / SwiGLU block,f03v01_n024,V Proj,mac,SharedMatrixCore,SharedMatrixCore,OP_V_PROJ,03_llama_yi_smollm_dense_owner_timing_sequence_v5.mmd,03_llama_yi_smollm_dense_owner_timing_sequence_v6.mmd,existing_atlas_repo_grounded,mapped_from_single_block_atlas
3,Llama / Yi / SmolLM Dense,03_llama_yi_smollm_dense.mmd,1,Pre-norm GQA / SwiGLU block,f03v01_n028,V cache,state,KVStateCore,KVStateCore,OP_V_PROJ,03_llama_yi_smollm_dense_owner_timing_sequence_v5.mmd,03_llama_yi_smollm_dense_owner_timing_sequence_v6.mmd,existing_atlas_repo_grounded,mapped_from_single_block_atlas
3,Llama / Yi / SmolLM Dense,03_llama_yi_smollm_dense.mmd,1,Pre-norm GQA / SwiGLU block,f03v01_n023,Q Proj,mac,SharedMatrixCore,SharedMatrixCore,OP_Q_PROJ,03_llama_yi_smollm_dense_owner_timing_sequence_v5.mmd,03_llama_yi_smollm_dense_owner_timing_sequence_v6.mmd,existing_atlas_repo_grounded,mapped_from_single_block_atlas
3,Llama / Yi / SmolLM Dense,03_llama_yi_smollm_dense.mmd,1,Pre-norm GQA / SwiGLU block,f03v01_n026,RoPE,other,ElementwiseTransformCore,ElementwiseTransformCore,OP_Q_PROJ,03_llama_yi_smollm_dense_owner_timing_sequence_v5.mmd,03_llama_yi_smollm_dense_owner_timing_sequence_v6.mmd,existing_atlas_repo_grounded,mapped_from_single_block_atlas
3,Llama / Yi / SmolLM Dense,03_llama_yi_smollm_dense.mmd,1,Pre-norm GQA / SwiGLU block,f03v01_n029,K head repeat ×4,other,SequenceCore,SequenceCore,OP_ATTENTION_OPROJ,03_llama_yi_smollm_dense_owner_timing_sequence_v5.mmd,03_llama_yi_smollm_dense_owner_timing_sequence_v6.mmd,existing_atlas_repo_grounded,mapped_from_single_block_atlas
3,Llama / Yi / SmolLM Dense,03_llama_yi_smollm_dense.mmd,1,Pre-norm GQA / SwiGLU block,f03v01_n030,V head repeat ×4,other,SequenceCore,SequenceCore,OP_ATTENTION_OPROJ,03_llama_yi_smollm_dense_owner_timing_sequence_v5.mmd,03_llama_yi_smollm_dense_owner_timing_sequence_v6.mmd,existing_atlas_repo_grounded,mapped_from_single_block_atlas
3,Llama / Yi / SmolLM Dense,03_llama_yi_smollm_dense.mmd,1,Pre-norm GQA / SwiGLU block,f03v01_n031,Q × Kᵀ,mac,SequenceCore,SequenceCore,OP_ATTENTION_OPROJ,03_llama_yi_smollm_dense_owner_timing_sequence_v5.mmd,03_llama_yi_smollm_dense_owner_timing_sequence_v6.mmd,existing_atlas_repo_grounded,mapped_from_single_block_atlas
3,Llama / Yi / SmolLM Dense,03_llama_yi_smollm_dense.mmd,1,Pre-norm GQA / SwiGLU block,f03v01_n032,Softmax FP32,other,SequenceCore,SequenceCore,OP_ATTENTION_OPROJ,03_llama_yi_smollm_dense_owner_timing_sequence_v5.mmd,03_llama_yi_smollm_dense_owner_timing_sequence_v6.mmd,existing_atlas_repo_grounded,mapped_from_single_block_atlas
3,Llama / Yi / SmolLM Dense,03_llama_yi_smollm_dense.mmd,1,Pre-norm GQA / SwiGLU block,f03v01_n033,P × V,mac,SequenceCore,SequenceCore,OP_ATTENTION_OPROJ,03_llama_yi_smollm_dense_owner_timing_sequence_v5.mmd,03_llama_yi_smollm_dense_owner_timing_sequence_v6.mmd,existing_atlas_repo_grounded,mapped_from_single_block_atlas
3,Llama / Yi / SmolLM Dense,03_llama_yi_smollm_dense.mmd,1,Pre-norm GQA / SwiGLU block,f03v01_n034,O Proj,mac,SharedMatrixCore,SharedMatrixCore,OP_ATTENTION_OPROJ,03_llama_yi_smollm_dense_owner_timing_sequence_v5.mmd,03_llama_yi_smollm_dense_owner_timing_sequence_v6.mmd,existing_atlas_repo_grounded,mapped_from_single_block_atlas
3,Llama / Yi / SmolLM Dense,03_llama_yi_smollm_dense.mmd,1,Pre-norm GQA / SwiGLU block,f03v01_n035,+,plus,OutputCommitCore,OutputCommitCore,OP_ATTENTION_OPROJ,03_llama_yi_smollm_dense_owner_timing_sequence_v5.mmd,03_llama_yi_smollm_dense_owner_timing_sequence_v6.mmd,existing_atlas_repo_grounded,mapped_from_single_block_atlas
3,Llama / Yi / SmolLM Dense,03_llama_yi_smollm_dense.mmd,1,Pre-norm GQA / SwiGLU block,f03v01_n036,X + Attention,output,OutputCommitCore,OutputCommitCore,OP_ATTENTION_OPROJ,03_llama_yi_smollm_dense_owner_timing_sequence_v5.mmd,03_llama_yi_smollm_dense_owner_timing_sequence_v6.mmd,existing_atlas_repo_grounded,mapped_from_single_block_atlas
3,Llama / Yi / SmolLM Dense,03_llama_yi_smollm_dense.mmd,1,Pre-norm GQA / SwiGLU block,f03v01_n037,RMSNorm 2,other,NormCore,NormCore,OP_FFN,03_llama_yi_smollm_dense_owner_timing_sequence_v5.mmd,03_llama_yi_smollm_dense_owner_timing_sequence_v6.mmd,existing_atlas_repo_grounded,mapped_from_single_block_atlas
3,Llama / Yi / SmolLM Dense,03_llama_yi_smollm_dense.mmd,1,Pre-norm GQA / SwiGLU block,f03v01_n039,gate_proj,mac,SharedMatrixCore,SharedMatrixCore,OP_FFN,03_llama_yi_smollm_dense_owner_timing_sequence_v5.mmd,03_llama_yi_smollm_dense_owner_timing_sequence_v6.mmd,existing_atlas_repo_grounded,mapped_from_single_block_atlas
3,Llama / Yi / SmolLM Dense,03_llama_yi_smollm_dense.mmd,1,Pre-norm GQA / SwiGLU block,f03v01_n040,up_proj,mac,SharedMatrixCore,SharedMatrixCore,OP_FFN,03_llama_yi_smollm_dense_owner_timing_sequence_v5.mmd,03_llama_yi_smollm_dense_owner_timing_sequence_v6.mmd,existing_atlas_repo_grounded,mapped_from_single_block_atlas
3,Llama / Yi / SmolLM Dense,03_llama_yi_smollm_dense.mmd,1,Pre-norm GQA / SwiGLU block,f03v01_n041,SiLU,other,FeedForwardCore,SharedMatrixCore,OP_FFN,03_llama_yi_smollm_dense_owner_timing_sequence_v5.mmd,03_llama_yi_smollm_dense_owner_timing_sequence_v6.mmd,existing_atlas_repo_grounded,current_fused_MlpSiluLane32Core
3,Llama / Yi / SmolLM Dense,03_llama_yi_smollm_dense.mmd,1,Pre-norm GQA / SwiGLU block,f03v01_n042,Elementwise gate,other,FeedForwardCore,SharedMatrixCore,OP_FFN,03_llama_yi_smollm_dense_owner_timing_sequence_v5.mmd,03_llama_yi_smollm_dense_owner_timing_sequence_v6.mmd,existing_atlas_repo_grounded,current_fused_MlpSiluLane32Core
3,Llama / Yi / SmolLM Dense,03_llama_yi_smollm_dense.mmd,1,Pre-norm GQA / SwiGLU block,f03v01_n043,down_proj,mac,SharedMatrixCore,SharedMatrixCore,OP_FFN,03_llama_yi_smollm_dense_owner_timing_sequence_v5.mmd,03_llama_yi_smollm_dense_owner_timing_sequence_v6.mmd,existing_atlas_repo_grounded,mapped_from_single_block_atlas
3,Llama / Yi / SmolLM Dense,03_llama_yi_smollm_dense.mmd,1,Pre-norm GQA / SwiGLU block,f03v01_n044,+,plus,OutputCommitCore,OutputCommitCore,OP_FFN,03_llama_yi_smollm_dense_owner_timing_sequence_v5.mmd,03_llama_yi_smollm_dense_owner_timing_sequence_v6.mmd,existing_atlas_repo_grounded,mapped_from_single_block_atlas
3,Llama / Yi / SmolLM Dense,03_llama_yi_smollm_dense.mmd,1,Pre-norm GQA / SwiGLU block,f03v01_n045,Block output,output,OutputCommitCore,OutputCommitCore,OP_FFN,03_llama_yi_smollm_dense_owner_timing_sequence_v5.mmd,03_llama_yi_smollm_dense_owner_timing_sequence_v6.mmd,existing_atlas_repo_grounded,mapped_from_single_block_atlas
4,Qwen3.5 / Qwen3.6 Hybrid MoE,04_qwen3_5_qwen3_6_hybrid_moe.mmd,1,GDN + routed/shared MoE block,f04v01_n019,X,input,ActivationReadDmaCore,ActivationReadDmaCore,OP_GDN_MIXER,04a_qwen3_5_qwen3_6_hybrid_moe_gdn_owner_timing_sequence_v5.mmd,04a_qwen3_5_qwen3_6_hybrid_moe_gdn_owner_timing_sequence_v6.mmd,existing_atlas_repo_grounded,mapped_from_single_block_atlas
4,Qwen3.5 / Qwen3.6 Hybrid MoE,04_qwen3_5_qwen3_6_hybrid_moe.mmd,1,GDN + routed/shared MoE block,f04v01_n020,RMSNorm 1,other,NormCore,NormCore,OP_GDN_MIXER,04a_qwen3_5_qwen3_6_hybrid_moe_gdn_owner_timing_sequence_v5.mmd,04a_qwen3_5_qwen3_6_hybrid_moe_gdn_owner_timing_sequence_v6.mmd,existing_atlas_repo_grounded,mapped_from_single_block_atlas
4,Qwen3.5 / Qwen3.6 Hybrid MoE,04_qwen3_5_qwen3_6_hybrid_moe.mmd,1,GDN + routed/shared MoE block,f04v01_n022,in_proj_qkv,mac,SharedMatrixCore,SharedMatrixCore,OP_GDN_MIXER,04a_qwen3_5_qwen3_6_hybrid_moe_gdn_owner_timing_sequence_v5.mmd,04a_qwen3_5_qwen3_6_hybrid_moe_gdn_owner_timing_sequence_v6.mmd,existing_atlas_repo_grounded,mapped_from_single_block_atlas
4,Qwen3.5 / Qwen3.6 Hybrid MoE,04_qwen3_5_qwen3_6_hybrid_moe.mmd,1,GDN + routed/shared MoE block,f04v01_n023,in_proj_z,mac,SharedMatrixCore,SharedMatrixCore,OP_GDN_MIXER,04a_qwen3_5_qwen3_6_hybrid_moe_gdn_owner_timing_sequence_v5.mmd,04a_qwen3_5_qwen3_6_hybrid_moe_gdn_owner_timing_sequence_v6.mmd,existing_atlas_repo_grounded,mapped_from_single_block_atlas
4,Qwen3.5 / Qwen3.6 Hybrid MoE,04_qwen3_5_qwen3_6_hybrid_moe.mmd,1,GDN + routed/shared MoE block,f04v01_n024,in_proj_a,mac,SharedMatrixCore,SharedMatrixCore,OP_GDN_MIXER,04a_qwen3_5_qwen3_6_hybrid_moe_gdn_owner_timing_sequence_v5.mmd,04a_qwen3_5_qwen3_6_hybrid_moe_gdn_owner_timing_sequence_v6.mmd,existing_atlas_repo_grounded,mapped_from_single_block_atlas
4,Qwen3.5 / Qwen3.6 Hybrid MoE,04_qwen3_5_qwen3_6_hybrid_moe.mmd,1,GDN + routed/shared MoE block,f04v01_n025,in_proj_b,mac,SharedMatrixCore,SharedMatrixCore,OP_GDN_MIXER,04a_qwen3_5_qwen3_6_hybrid_moe_gdn_owner_timing_sequence_v5.mmd,04a_qwen3_5_qwen3_6_hybrid_moe_gdn_owner_timing_sequence_v6.mmd,existing_atlas_repo_grounded,mapped_from_single_block_atlas
4,Qwen3.5 / Qwen3.6 Hybrid MoE,04_qwen3_5_qwen3_6_hybrid_moe.mmd,1,GDN + routed/shared MoE block,f04v01_n026,Depthwise Conv1D,other,SharedMatrixCore,SharedMatrixCore,OP_GDN_MIXER,04a_qwen3_5_qwen3_6_hybrid_moe_gdn_owner_timing_sequence_v5.mmd,04a_qwen3_5_qwen3_6_hybrid_moe_gdn_owner_timing_sequence_v6.mmd,existing_atlas_repo_grounded,mapped_from_single_block_atlas
4,Qwen3.5 / Qwen3.6 Hybrid MoE,04_qwen3_5_qwen3_6_hybrid_moe.mmd,1,GDN + routed/shared MoE block,f04v01_n027,SiLU,other,ElementwiseTransformCore,ElementwiseTransformCore,OP_GDN_MIXER,04a_qwen3_5_qwen3_6_hybrid_moe_gdn_owner_timing_sequence_v5.mmd,04a_qwen3_5_qwen3_6_hybrid_moe_gdn_owner_timing_sequence_v6.mmd,existing_atlas_repo_grounded,mapped_from_single_block_atlas
4,Qwen3.5 / Qwen3.6 Hybrid MoE,04_qwen3_5_qwen3_6_hybrid_moe.mmd,1,GDN + routed/shared MoE block,f04v01_n028,Split Q / K / V,other,ElementwiseTransformCore,ElementwiseTransformCore,OP_GDN_MIXER,04a_qwen3_5_qwen3_6_hybrid_moe_gdn_owner_timing_sequence_v5.mmd,04a_qwen3_5_qwen3_6_hybrid_moe_gdn_owner_timing_sequence_v6.mmd,existing_atlas_repo_grounded,mapped_from_single_block_atlas
4,Qwen3.5 / Qwen3.6 Hybrid MoE,04_qwen3_5_qwen3_6_hybrid_moe.mmd,1,GDN + routed/shared MoE block,f04v01_n029,Q reshape,other,ElementwiseTransformCore,ElementwiseTransformCore,OP_GDN_MIXER,04a_qwen3_5_qwen3_6_hybrid_moe_gdn_owner_timing_sequence_v5.mmd,04a_qwen3_5_qwen3_6_hybrid_moe_gdn_owner_timing_sequence_v6.mmd,existing_atlas_repo_grounded,mapped_from_single_block_atlas
4,Qwen3.5 / Qwen3.6 Hybrid MoE,04_qwen3_5_qwen3_6_hybrid_moe.mmd,1,GDN + routed/shared MoE block,f04v01_n030,K reshape,other,ElementwiseTransformCore,ElementwiseTransformCore,OP_GDN_MIXER,04a_qwen3_5_qwen3_6_hybrid_moe_gdn_owner_timing_sequence_v5.mmd,04a_qwen3_5_qwen3_6_hybrid_moe_gdn_owner_timing_sequence_v6.mmd,existing_atlas_repo_grounded,mapped_from_single_block_atlas
4,Qwen3.5 / Qwen3.6 Hybrid MoE,04_qwen3_5_qwen3_6_hybrid_moe.mmd,1,GDN + routed/shared MoE block,f04v01_n031,V reshape,other,ElementwiseTransformCore,ElementwiseTransformCore,OP_GDN_MIXER,04a_qwen3_5_qwen3_6_hybrid_moe_gdn_owner_timing_sequence_v5.mmd,04a_qwen3_5_qwen3_6_hybrid_moe_gdn_owner_timing_sequence_v6.mmd,existing_atlas_repo_grounded,mapped_from_single_block_atlas
4,Qwen3.5 / Qwen3.6 Hybrid MoE,04_qwen3_5_qwen3_6_hybrid_moe.mmd,1,GDN + routed/shared MoE block,f04v01_n032,Q L2Norm,other,ElementwiseTransformCore,NormCore,OP_GDN_MIXER,04a_qwen3_5_qwen3_6_hybrid_moe_gdn_owner_timing_sequence_v5.mmd,04a_qwen3_5_qwen3_6_hybrid_moe_gdn_owner_timing_sequence_v6.mmd,existing_atlas_repo_grounded,current_GDN_shared_Norm_service
4,Qwen3.5 / Qwen3.6 Hybrid MoE,04_qwen3_5_qwen3_6_hybrid_moe.mmd,1,GDN + routed/shared MoE block,f04v01_n033,K L2Norm,other,ElementwiseTransformCore,NormCore,OP_GDN_MIXER,04a_qwen3_5_qwen3_6_hybrid_moe_gdn_owner_timing_sequence_v5.mmd,04a_qwen3_5_qwen3_6_hybrid_moe_gdn_owner_timing_sequence_v6.mmd,existing_atlas_repo_grounded,current_GDN_shared_Norm_service
4,Qwen3.5 / Qwen3.6 Hybrid MoE,04_qwen3_5_qwen3_6_hybrid_moe.mmd,1,GDN + routed/shared MoE block,f04v01_n034,Decay preactivation,other,ElementwiseTransformCore,ElementwiseTransformCore,OP_GDN_MIXER,04a_qwen3_5_qwen3_6_hybrid_moe_gdn_owner_timing_sequence_v5.mmd,04a_qwen3_5_qwen3_6_hybrid_moe_gdn_owner_timing_sequence_v6.mmd,existing_atlas_repo_grounded,mapped_from_single_block_atlas
4,Qwen3.5 / Qwen3.6 Hybrid MoE,04_qwen3_5_qwen3_6_hybrid_moe.mmd,1,GDN + routed/shared MoE block,f04v01_n035,Decay factor,other,ElementwiseTransformCore,ElementwiseTransformCore,OP_GDN_MIXER,04a_qwen3_5_qwen3_6_hybrid_moe_gdn_owner_timing_sequence_v5.mmd,04a_qwen3_5_qwen3_6_hybrid_moe_gdn_owner_timing_sequence_v6.mmd,existing_atlas_repo_grounded,mapped_from_single_block_atlas
4,Qwen3.5 / Qwen3.6 Hybrid MoE,04_qwen3_5_qwen3_6_hybrid_moe.mmd,1,GDN + routed/shared MoE block,f04v01_n036,Update gate,other,ElementwiseTransformCore,ElementwiseTransformCore,OP_GDN_MIXER,04a_qwen3_5_qwen3_6_hybrid_moe_gdn_owner_timing_sequence_v5.mmd,04a_qwen3_5_qwen3_6_hybrid_moe_gdn_owner_timing_sequence_v6.mmd,existing_atlas_repo_grounded,mapped_from_single_block_atlas
4,Qwen3.5 / Qwen3.6 Hybrid MoE,04_qwen3_5_qwen3_6_hybrid_moe.mmd,1,GDN + routed/shared MoE block,f04v01_n037,Chunk partition,other,SequenceCore,SequenceCore,OP_GDN_MIXER,04a_qwen3_5_qwen3_6_hybrid_moe_gdn_owner_timing_sequence_v5.mmd,04a_qwen3_5_qwen3_6_hybrid_moe_gdn_owner_timing_sequence_v6.mmd,existing_atlas_repo_grounded,mapped_from_single_block_atlas
4,Qwen3.5 / Qwen3.6 Hybrid MoE,04_qwen3_5_qwen3_6_hybrid_moe.mmd,1,GDN + routed/shared MoE block,f04v01_n038,Decay matrix Γ,other,SequenceCore,SequenceCore,OP_GDN_MIXER,04a_qwen3_5_qwen3_6_hybrid_moe_gdn_owner_timing_sequence_v5.mmd,04a_qwen3_5_qwen3_6_hybrid_moe_gdn_owner_timing_sequence_v6.mmd,existing_atlas_repo_grounded,mapped_from_single_block_atlas
4,Qwen3.5 / Qwen3.6 Hybrid MoE,04_qwen3_5_qwen3_6_hybrid_moe.mmd,1,GDN + routed/shared MoE block,f04v01_n039,K Kᵀ,mac,SequenceCore,SequenceCore,OP_GDN_MIXER,04a_qwen3_5_qwen3_6_hybrid_moe_gdn_owner_timing_sequence_v5.mmd,04a_qwen3_5_qwen3_6_hybrid_moe_gdn_owner_timing_sequence_v6.mmd,existing_atlas_repo_grounded,mapped_from_single_block_atlas
4,Qwen3.5 / Qwen3.6 Hybrid MoE,04_qwen3_5_qwen3_6_hybrid_moe.mmd,1,GDN + routed/shared MoE block,f04v01_n040,Build strict-lower L,other,SequenceCore,SequenceCore,OP_GDN_MIXER,04a_qwen3_5_qwen3_6_hybrid_moe_gdn_owner_timing_sequence_v5.mmd,04a_qwen3_5_qwen3_6_hybrid_moe_gdn_owner_timing_sequence_v6.mmd,existing_atlas_repo_grounded,mapped_from_single_block_atlas
4,Qwen3.5 / Qwen3.6 Hybrid MoE,04_qwen3_5_qwen3_6_hybrid_moe.mmd,1,GDN + routed/shared MoE block,f04v01_n041,Triangular solve,other,SequenceCore,SequenceCore,OP_GDN_MIXER,04a_qwen3_5_qwen3_6_hybrid_moe_gdn_owner_timing_sequence_v5.mmd,04a_qwen3_5_qwen3_6_hybrid_moe_gdn_owner_timing_sequence_v6.mmd,existing_atlas_repo_grounded,mapped_from_single_block_atlas
4,Qwen3.5 / Qwen3.6 Hybrid MoE,04_qwen3_5_qwen3_6_hybrid_moe.mmd,1,GDN + routed/shared MoE block,f04v01_n042,Q Kᵀ,mac,SequenceCore,SequenceCore,OP_GDN_MIXER,04a_qwen3_5_qwen3_6_hybrid_moe_gdn_owner_timing_sequence_v5.mmd,04a_qwen3_5_qwen3_6_hybrid_moe_gdn_owner_timing_sequence_v6.mmd,existing_atlas_repo_grounded,mapped_from_single_block_atlas
4,Qwen3.5 / Qwen3.6 Hybrid MoE,04_qwen3_5_qwen3_6_hybrid_moe.mmd,1,GDN + routed/shared MoE block,f04v01_n043,Intra-chunk output,mac,SequenceCore,SequenceCore,OP_GDN_MIXER,04a_qwen3_5_qwen3_6_hybrid_moe_gdn_owner_timing_sequence_v5.mmd,04a_qwen3_5_qwen3_6_hybrid_moe_gdn_owner_timing_sequence_v6.mmd,existing_atlas_repo_grounded,mapped_from_single_block_atlas
4,Qwen3.5 / Qwen3.6 Hybrid MoE,04_qwen3_5_qwen3_6_hybrid_moe.mmd,1,GDN + routed/shared MoE block,f04v01_n044,State read,mac,SequenceCore,SequenceCore,OP_GDN_MIXER,04a_qwen3_5_qwen3_6_hybrid_moe_gdn_owner_timing_sequence_v5.mmd,04a_qwen3_5_qwen3_6_hybrid_moe_gdn_owner_timing_sequence_v6.mmd,existing_atlas_repo_grounded,mapped_from_single_block_atlas
4,Qwen3.5 / Qwen3.6 Hybrid MoE,04_qwen3_5_qwen3_6_hybrid_moe.mmd,1,GDN + routed/shared MoE block,f04v01_n045,Output combine,other,SequenceCore,SequenceCore,OP_GDN_MIXER,04a_qwen3_5_qwen3_6_hybrid_moe_gdn_owner_timing_sequence_v5.mmd,04a_qwen3_5_qwen3_6_hybrid_moe_gdn_owner_timing_sequence_v6.mmd,existing_atlas_repo_grounded,mapped_from_single_block_atlas
4,Qwen3.5 / Qwen3.6 Hybrid MoE,04_qwen3_5_qwen3_6_hybrid_moe.mmd,1,GDN + routed/shared MoE block,f04v01_n046,Kᵀ U,mac,SequenceCore,SequenceCore,OP_GDN_MIXER,04a_qwen3_5_qwen3_6_hybrid_moe_gdn_owner_timing_sequence_v5.mmd,04a_qwen3_5_qwen3_6_hybrid_moe_gdn_owner_timing_sequence_v6.mmd,existing_atlas_repo_grounded,mapped_from_single_block_atlas
4,Qwen3.5 / Qwen3.6 Hybrid MoE,04_qwen3_5_qwen3_6_hybrid_moe.mmd,1,GDN + routed/shared MoE block,f04v01_n047,State decay,other,SequenceCore,SequenceCore,OP_GDN_MIXER,04a_qwen3_5_qwen3_6_hybrid_moe_gdn_owner_timing_sequence_v5.mmd,04a_qwen3_5_qwen3_6_hybrid_moe_gdn_owner_timing_sequence_v6.mmd,existing_atlas_repo_grounded,mapped_from_single_block_atlas
4,Qwen3.5 / Qwen3.6 Hybrid MoE,04_qwen3_5_qwen3_6_hybrid_moe.mmd,1,GDN + routed/shared MoE block,f04v01_n048,+,plus,SequenceCore,SequenceCore,OP_GDN_MIXER,04a_qwen3_5_qwen3_6_hybrid_moe_gdn_owner_timing_sequence_v5.mmd,04a_qwen3_5_qwen3_6_hybrid_moe_gdn_owner_timing_sequence_v6.mmd,existing_atlas_repo_grounded,mapped_from_single_block_atlas
4,Qwen3.5 / Qwen3.6 Hybrid MoE,04_qwen3_5_qwen3_6_hybrid_moe.mmd,1,GDN + routed/shared MoE block,f04v01_n049,Recurrent state S,state,KVStateCore,KVStateCore,OP_GDN_MIXER,04a_qwen3_5_qwen3_6_hybrid_moe_gdn_owner_timing_sequence_v5.mmd,04a_qwen3_5_qwen3_6_hybrid_moe_gdn_owner_timing_sequence_v6.mmd,existing_atlas_repo_grounded,mapped_from_single_block_atlas
4,Qwen3.5 / Qwen3.6 Hybrid MoE,04_qwen3_5_qwen3_6_hybrid_moe.mmd,1,GDN + routed/shared MoE block,f04v01_n050,RMSNormGated,other,NormCore,NormCore,OP_GDN_MIXER,04a_qwen3_5_qwen3_6_hybrid_moe_gdn_owner_timing_sequence_v5.mmd,04a_qwen3_5_qwen3_6_hybrid_moe_gdn_owner_timing_sequence_v6.mmd,existing_atlas_repo_grounded,mapped_from_single_block_atlas
4,Qwen3.5 / Qwen3.6 Hybrid MoE,04_qwen3_5_qwen3_6_hybrid_moe.mmd,1,GDN + routed/shared MoE block,f04v01_n051,out_proj,mac,SharedMatrixCore,SharedMatrixCore,OP_GDN_MIXER,04a_qwen3_5_qwen3_6_hybrid_moe_gdn_owner_timing_sequence_v5.mmd,04a_qwen3_5_qwen3_6_hybrid_moe_gdn_owner_timing_sequence_v6.mmd,existing_atlas_repo_grounded,mapped_from_single_block_atlas
4,Qwen3.5 / Qwen3.6 Hybrid MoE,04_qwen3_5_qwen3_6_hybrid_moe.mmd,1,GDN + routed/shared MoE block,f04v01_n052,+,plus,OutputCommitCore,OutputCommitCore,OP_GDN_MIXER,04a_qwen3_5_qwen3_6_hybrid_moe_gdn_owner_timing_sequence_v5.mmd,04a_qwen3_5_qwen3_6_hybrid_moe_gdn_owner_timing_sequence_v6.mmd,existing_atlas_repo_grounded,mapped_from_single_block_atlas
4,Qwen3.5 / Qwen3.6 Hybrid MoE,04_qwen3_5_qwen3_6_hybrid_moe.mmd,1,GDN + routed/shared MoE block,f04v01_n053,X + GDN,output,OutputCommitCore,OutputCommitCore,OP_GDN_MIXER,04a_qwen3_5_qwen3_6_hybrid_moe_gdn_owner_timing_sequence_v5.mmd,04a_qwen3_5_qwen3_6_hybrid_moe_gdn_owner_timing_sequence_v6.mmd,existing_atlas_repo_grounded,mapped_from_single_block_atlas
4,Qwen3.5 / Qwen3.6 Hybrid MoE,04_qwen3_5_qwen3_6_hybrid_moe.mmd,1,GDN + routed/shared MoE block,f04v01_n054,RMSNorm 2,other,NormCore,NormCore,OP_MOE,04a_qwen3_5_qwen3_6_hybrid_moe_gdn_owner_timing_sequence_v5.mmd,04a_qwen3_5_qwen3_6_hybrid_moe_gdn_owner_timing_sequence_v6.mmd,existing_atlas_repo_grounded,mapped_from_single_block_atlas
4,Qwen3.5 / Qwen3.6 Hybrid MoE,04_qwen3_5_qwen3_6_hybrid_moe.mmd,1,GDN + routed/shared MoE block,f04v01_n056,Router projection,mac,SharedMatrixCore,SharedMatrixCore,OP_MOE,04a_qwen3_5_qwen3_6_hybrid_moe_gdn_owner_timing_sequence_v5.mmd,04a_qwen3_5_qwen3_6_hybrid_moe_gdn_owner_timing_sequence_v6.mmd,existing_atlas_repo_grounded,mapped_from_single_block_atlas
4,Qwen3.5 / Qwen3.6 Hybrid MoE,04_qwen3_5_qwen3_6_hybrid_moe.mmd,1,GDN + routed/shared MoE block,f04v01_n057,Router scoring,other,FeedForwardCore,FeedForwardCore,OP_MOE,04a_qwen3_5_qwen3_6_hybrid_moe_gdn_owner_timing_sequence_v5.mmd,04a_qwen3_5_qwen3_6_hybrid_moe_gdn_owner_timing_sequence_v6.mmd,existing_atlas_repo_grounded,mapped_from_single_block_atlas
4,Qwen3.5 / Qwen3.6 Hybrid MoE,04_qwen3_5_qwen3_6_hybrid_moe.mmd,1,GDN + routed/shared MoE block,f04v01_n058,Top-8 + renorm,other,FeedForwardCore,FeedForwardCore,OP_MOE,04a_qwen3_5_qwen3_6_hybrid_moe_gdn_owner_timing_sequence_v5.mmd,04a_qwen3_5_qwen3_6_hybrid_moe_gdn_owner_timing_sequence_v6.mmd,existing_atlas_repo_grounded,mapped_from_single_block_atlas
4,Qwen3.5 / Qwen3.6 Hybrid MoE,04_qwen3_5_qwen3_6_hybrid_moe.mmd,1,GDN + routed/shared MoE block,f04v01_n059,Dispatch / gather,other,FeedForwardCore,FeedForwardCore,OP_MOE,04a_qwen3_5_qwen3_6_hybrid_moe_gdn_owner_timing_sequence_v5.mmd,04a_qwen3_5_qwen3_6_hybrid_moe_gdn_owner_timing_sequence_v6.mmd,existing_atlas_repo_grounded,mapped_from_single_block_atlas
4,Qwen3.5 / Qwen3.6 Hybrid MoE,04_qwen3_5_qwen3_6_hybrid_moe.mmd,1,GDN + routed/shared MoE block,f04v01_n060,gate_proj,mac,SharedMatrixCore,SharedMatrixCore,OP_MOE,04a_qwen3_5_qwen3_6_hybrid_moe_gdn_owner_timing_sequence_v5.mmd,04a_qwen3_5_qwen3_6_hybrid_moe_gdn_owner_timing_sequence_v6.mmd,existing_atlas_repo_grounded,mapped_from_single_block_atlas
4,Qwen3.5 / Qwen3.6 Hybrid MoE,04_qwen3_5_qwen3_6_hybrid_moe.mmd,1,GDN + routed/shared MoE block,f04v01_n061,up_proj,mac,SharedMatrixCore,SharedMatrixCore,OP_MOE,04a_qwen3_5_qwen3_6_hybrid_moe_gdn_owner_timing_sequence_v5.mmd,04a_qwen3_5_qwen3_6_hybrid_moe_gdn_owner_timing_sequence_v6.mmd,existing_atlas_repo_grounded,mapped_from_single_block_atlas
4,Qwen3.5 / Qwen3.6 Hybrid MoE,04_qwen3_5_qwen3_6_hybrid_moe.mmd,1,GDN + routed/shared MoE block,f04v01_n062,SiLU,other,FeedForwardCore,FeedForwardCore,OP_MOE,04a_qwen3_5_qwen3_6_hybrid_moe_gdn_owner_timing_sequence_v5.mmd,04a_qwen3_5_qwen3_6_hybrid_moe_gdn_owner_timing_sequence_v6.mmd,existing_atlas_repo_grounded,mapped_from_single_block_atlas
4,Qwen3.5 / Qwen3.6 Hybrid MoE,04_qwen3_5_qwen3_6_hybrid_moe.mmd,1,GDN + routed/shared MoE block,f04v01_n063,Elementwise gate,other,FeedForwardCore,FeedForwardCore,OP_MOE,04a_qwen3_5_qwen3_6_hybrid_moe_gdn_owner_timing_sequence_v5.mmd,04a_qwen3_5_qwen3_6_hybrid_moe_gdn_owner_timing_sequence_v6.mmd,existing_atlas_repo_grounded,mapped_from_single_block_atlas
4,Qwen3.5 / Qwen3.6 Hybrid MoE,04_qwen3_5_qwen3_6_hybrid_moe.mmd,1,GDN + routed/shared MoE block,f04v01_n064,down_proj,mac,SharedMatrixCore,SharedMatrixCore,OP_MOE,04a_qwen3_5_qwen3_6_hybrid_moe_gdn_owner_timing_sequence_v5.mmd,04a_qwen3_5_qwen3_6_hybrid_moe_gdn_owner_timing_sequence_v6.mmd,existing_atlas_repo_grounded,mapped_from_single_block_atlas
4,Qwen3.5 / Qwen3.6 Hybrid MoE,04_qwen3_5_qwen3_6_hybrid_moe.mmd,1,GDN + routed/shared MoE block,f04v01_n065,Expert weighting,other,FeedForwardCore,FeedForwardCore,OP_MOE,04a_qwen3_5_qwen3_6_hybrid_moe_gdn_owner_timing_sequence_v5.mmd,04a_qwen3_5_qwen3_6_hybrid_moe_gdn_owner_timing_sequence_v6.mmd,existing_atlas_repo_grounded,mapped_from_single_block_atlas
4,Qwen3.5 / Qwen3.6 Hybrid MoE,04_qwen3_5_qwen3_6_hybrid_moe.mmd,1,GDN + routed/shared MoE block,f04v01_n066,Scatter / weighted reduce,other,FeedForwardCore,FeedForwardCore,OP_MOE,04a_qwen3_5_qwen3_6_hybrid_moe_gdn_owner_timing_sequence_v5.mmd,04a_qwen3_5_qwen3_6_hybrid_moe_gdn_owner_timing_sequence_v6.mmd,existing_atlas_repo_grounded,mapped_from_single_block_atlas
4,Qwen3.5 / Qwen3.6 Hybrid MoE,04_qwen3_5_qwen3_6_hybrid_moe.mmd,1,GDN + routed/shared MoE block,f04v01_n067,gate_proj,mac,SharedMatrixCore,SharedMatrixCore,OP_MOE,04a_qwen3_5_qwen3_6_hybrid_moe_gdn_owner_timing_sequence_v5.mmd,04a_qwen3_5_qwen3_6_hybrid_moe_gdn_owner_timing_sequence_v6.mmd,existing_atlas_repo_grounded,mapped_from_single_block_atlas
4,Qwen3.5 / Qwen3.6 Hybrid MoE,04_qwen3_5_qwen3_6_hybrid_moe.mmd,1,GDN + routed/shared MoE block,f04v01_n068,up_proj,mac,SharedMatrixCore,SharedMatrixCore,OP_MOE,04a_qwen3_5_qwen3_6_hybrid_moe_gdn_owner_timing_sequence_v5.mmd,04a_qwen3_5_qwen3_6_hybrid_moe_gdn_owner_timing_sequence_v6.mmd,existing_atlas_repo_grounded,mapped_from_single_block_atlas
4,Qwen3.5 / Qwen3.6 Hybrid MoE,04_qwen3_5_qwen3_6_hybrid_moe.mmd,1,GDN + routed/shared MoE block,f04v01_n069,SiLU,other,FeedForwardCore,FeedForwardCore,OP_MOE,04a_qwen3_5_qwen3_6_hybrid_moe_gdn_owner_timing_sequence_v5.mmd,04a_qwen3_5_qwen3_6_hybrid_moe_gdn_owner_timing_sequence_v6.mmd,existing_atlas_repo_grounded,mapped_from_single_block_atlas
4,Qwen3.5 / Qwen3.6 Hybrid MoE,04_qwen3_5_qwen3_6_hybrid_moe.mmd,1,GDN + routed/shared MoE block,f04v01_n070,Elementwise gate,other,FeedForwardCore,FeedForwardCore,OP_MOE,04a_qwen3_5_qwen3_6_hybrid_moe_gdn_owner_timing_sequence_v5.mmd,04a_qwen3_5_qwen3_6_hybrid_moe_gdn_owner_timing_sequence_v6.mmd,existing_atlas_repo_grounded,mapped_from_single_block_atlas
4,Qwen3.5 / Qwen3.6 Hybrid MoE,04_qwen3_5_qwen3_6_hybrid_moe.mmd,1,GDN + routed/shared MoE block,f04v01_n071,down_proj,mac,SharedMatrixCore,SharedMatrixCore,OP_MOE,04a_qwen3_5_qwen3_6_hybrid_moe_gdn_owner_timing_sequence_v5.mmd,04a_qwen3_5_qwen3_6_hybrid_moe_gdn_owner_timing_sequence_v6.mmd,existing_atlas_repo_grounded,mapped_from_single_block_atlas
4,Qwen3.5 / Qwen3.6 Hybrid MoE,04_qwen3_5_qwen3_6_hybrid_moe.mmd,1,GDN + routed/shared MoE block,f04v01_n072,Shared gate projection,mac,SharedMatrixCore,SharedMatrixCore,OP_MOE,04a_qwen3_5_qwen3_6_hybrid_moe_gdn_owner_timing_sequence_v5.mmd,04a_qwen3_5_qwen3_6_hybrid_moe_gdn_owner_timing_sequence_v6.mmd,existing_atlas_repo_grounded,mapped_from_single_block_atlas
4,Qwen3.5 / Qwen3.6 Hybrid MoE,04_qwen3_5_qwen3_6_hybrid_moe.mmd,1,GDN + routed/shared MoE block,f04v01_n073,Sigmoid,other,FeedForwardCore,FeedForwardCore,OP_MOE,04a_qwen3_5_qwen3_6_hybrid_moe_gdn_owner_timing_sequence_v5.mmd,04a_qwen3_5_qwen3_6_hybrid_moe_gdn_owner_timing_sequence_v6.mmd,existing_atlas_repo_grounded,mapped_from_single_block_atlas
4,Qwen3.5 / Qwen3.6 Hybrid MoE,04_qwen3_5_qwen3_6_hybrid_moe.mmd,1,GDN + routed/shared MoE block,f04v01_n074,Shared gating,other,FeedForwardCore,FeedForwardCore,OP_MOE,04a_qwen3_5_qwen3_6_hybrid_moe_gdn_owner_timing_sequence_v5.mmd,04a_qwen3_5_qwen3_6_hybrid_moe_gdn_owner_timing_sequence_v6.mmd,existing_atlas_repo_grounded,mapped_from_single_block_atlas
4,Qwen3.5 / Qwen3.6 Hybrid MoE,04_qwen3_5_qwen3_6_hybrid_moe.mmd,1,GDN + routed/shared MoE block,f04v01_n075,+,plus,OutputCommitCore,OutputCommitCore,OP_MOE,04a_qwen3_5_qwen3_6_hybrid_moe_gdn_owner_timing_sequence_v5.mmd,04a_qwen3_5_qwen3_6_hybrid_moe_gdn_owner_timing_sequence_v6.mmd,existing_atlas_repo_grounded,mapped_from_single_block_atlas
4,Qwen3.5 / Qwen3.6 Hybrid MoE,04_qwen3_5_qwen3_6_hybrid_moe.mmd,1,GDN + routed/shared MoE block,f04v01_n076,+,plus,OutputCommitCore,OutputCommitCore,OP_MOE,04a_qwen3_5_qwen3_6_hybrid_moe_gdn_owner_timing_sequence_v5.mmd,04a_qwen3_5_qwen3_6_hybrid_moe_gdn_owner_timing_sequence_v6.mmd,existing_atlas_repo_grounded,mapped_from_single_block_atlas
4,Qwen3.5 / Qwen3.6 Hybrid MoE,04_qwen3_5_qwen3_6_hybrid_moe.mmd,1,GDN + routed/shared MoE block,f04v01_n077,Block output,output,OutputCommitCore,OutputCommitCore,OP_MOE,04a_qwen3_5_qwen3_6_hybrid_moe_gdn_owner_timing_sequence_v5.mmd,04a_qwen3_5_qwen3_6_hybrid_moe_gdn_owner_timing_sequence_v6.mmd,existing_atlas_repo_grounded,mapped_from_single_block_atlas
4,Qwen3.5 / Qwen3.6 Hybrid MoE,04_qwen3_5_qwen3_6_hybrid_moe.mmd,2,Gated full-attention + routed/shared MoE block,f04v02_n019,X,input,ActivationReadDmaCore,ActivationReadDmaCore,OP_K_PROJ,04b_qwen3_5_qwen3_6_hybrid_moe_full_attention_owner_timing_sequence_v5.mmd,04b_qwen3_5_qwen3_6_hybrid_moe_full_attention_owner_timing_sequence_v6.mmd,existing_atlas_repo_grounded,mapped_from_single_block_atlas
4,Qwen3.5 / Qwen3.6 Hybrid MoE,04_qwen3_5_qwen3_6_hybrid_moe.mmd,2,Gated full-attention + routed/shared MoE block,f04v02_n020,RMSNorm 1,other,NormCore,NormCore,OP_K_PROJ,04b_qwen3_5_qwen3_6_hybrid_moe_full_attention_owner_timing_sequence_v5.mmd,04b_qwen3_5_qwen3_6_hybrid_moe_full_attention_owner_timing_sequence_v6.mmd,existing_atlas_repo_grounded,mapped_from_single_block_atlas
4,Qwen3.5 / Qwen3.6 Hybrid MoE,04_qwen3_5_qwen3_6_hybrid_moe.mmd,2,Gated full-attention + routed/shared MoE block,f04v02_n022,K Proj,mac,SharedMatrixCore,SharedMatrixCore,OP_K_PROJ,04b_qwen3_5_qwen3_6_hybrid_moe_full_attention_owner_timing_sequence_v5.mmd,04b_qwen3_5_qwen3_6_hybrid_moe_full_attention_owner_timing_sequence_v6.mmd,existing_atlas_repo_grounded,mapped_from_single_block_atlas
4,Qwen3.5 / Qwen3.6 Hybrid MoE,04_qwen3_5_qwen3_6_hybrid_moe.mmd,2,Gated full-attention + routed/shared MoE block,f04v02_n025,K Head RMSNorm,other,NormCore,NormCore,OP_K_PROJ,04b_qwen3_5_qwen3_6_hybrid_moe_full_attention_owner_timing_sequence_v5.mmd,04b_qwen3_5_qwen3_6_hybrid_moe_full_attention_owner_timing_sequence_v6.mmd,existing_atlas_repo_grounded,mapped_from_single_block_atlas
4,Qwen3.5 / Qwen3.6 Hybrid MoE,04_qwen3_5_qwen3_6_hybrid_moe.mmd,2,Gated full-attention + routed/shared MoE block,f04v02_n027,Partial RoPE,other,ElementwiseTransformCore,ElementwiseTransformCore,OP_K_PROJ,04b_qwen3_5_qwen3_6_hybrid_moe_full_attention_owner_timing_sequence_v5.mmd,04b_qwen3_5_qwen3_6_hybrid_moe_full_attention_owner_timing_sequence_v6.mmd,existing_atlas_repo_grounded,mapped_from_single_block_atlas
4,Qwen3.5 / Qwen3.6 Hybrid MoE,04_qwen3_5_qwen3_6_hybrid_moe.mmd,2,Gated full-attention + routed/shared MoE block,f04v02_n029,K cache,state,KVStateCore,KVStateCore,OP_K_PROJ,04b_qwen3_5_qwen3_6_hybrid_moe_full_attention_owner_timing_sequence_v5.mmd,04b_qwen3_5_qwen3_6_hybrid_moe_full_attention_owner_timing_sequence_v6.mmd,existing_atlas_repo_grounded,mapped_from_single_block_atlas
4,Qwen3.5 / Qwen3.6 Hybrid MoE,04_qwen3_5_qwen3_6_hybrid_moe.mmd,2,Gated full-attention + routed/shared MoE block,f04v02_n024,V Proj,mac,SharedMatrixCore,SharedMatrixCore,OP_V_PROJ,04b_qwen3_5_qwen3_6_hybrid_moe_full_attention_owner_timing_sequence_v5.mmd,04b_qwen3_5_qwen3_6_hybrid_moe_full_attention_owner_timing_sequence_v6.mmd,existing_atlas_repo_grounded,mapped_from_single_block_atlas
4,Qwen3.5 / Qwen3.6 Hybrid MoE,04_qwen3_5_qwen3_6_hybrid_moe.mmd,2,Gated full-attention + routed/shared MoE block,f04v02_n030,V cache,state,KVStateCore,KVStateCore,OP_V_PROJ,04b_qwen3_5_qwen3_6_hybrid_moe_full_attention_owner_timing_sequence_v5.mmd,04b_qwen3_5_qwen3_6_hybrid_moe_full_attention_owner_timing_sequence_v6.mmd,existing_atlas_repo_grounded,mapped_from_single_block_atlas
4,Qwen3.5 / Qwen3.6 Hybrid MoE,04_qwen3_5_qwen3_6_hybrid_moe.mmd,2,Gated full-attention + routed/shared MoE block,f04v02_n023,Q Proj + gate,mac,SharedMatrixCore,SharedMatrixCore,OP_Q_PROJ,04b_qwen3_5_qwen3_6_hybrid_moe_full_attention_owner_timing_sequence_v5.mmd,04b_qwen3_5_qwen3_6_hybrid_moe_full_attention_owner_timing_sequence_v6.mmd,existing_atlas_repo_grounded,mapped_from_single_block_atlas
4,Qwen3.5 / Qwen3.6 Hybrid MoE,04_qwen3_5_qwen3_6_hybrid_moe.mmd,2,Gated full-attention + routed/shared MoE block,f04v02_n026,Q Head RMSNorm,other,NormCore,NormCore,OP_Q_PROJ,04b_qwen3_5_qwen3_6_hybrid_moe_full_attention_owner_timing_sequence_v5.mmd,04b_qwen3_5_qwen3_6_hybrid_moe_full_attention_owner_timing_sequence_v6.mmd,existing_atlas_repo_grounded,mapped_from_single_block_atlas
4,Qwen3.5 / Qwen3.6 Hybrid MoE,04_qwen3_5_qwen3_6_hybrid_moe.mmd,2,Gated full-attention + routed/shared MoE block,f04v02_n028,Partial RoPE,other,ElementwiseTransformCore,ElementwiseTransformCore,OP_Q_PROJ,04b_qwen3_5_qwen3_6_hybrid_moe_full_attention_owner_timing_sequence_v5.mmd,04b_qwen3_5_qwen3_6_hybrid_moe_full_attention_owner_timing_sequence_v6.mmd,existing_atlas_repo_grounded,mapped_from_single_block_atlas
4,Qwen3.5 / Qwen3.6 Hybrid MoE,04_qwen3_5_qwen3_6_hybrid_moe.mmd,2,Gated full-attention + routed/shared MoE block,f04v02_n031,K head repeat ×8,other,SequenceCore,SequenceCore,OP_ATTENTION_OPROJ,04b_qwen3_5_qwen3_6_hybrid_moe_full_attention_owner_timing_sequence_v5.mmd,04b_qwen3_5_qwen3_6_hybrid_moe_full_attention_owner_timing_sequence_v6.mmd,existing_atlas_repo_grounded,mapped_from_single_block_atlas
4,Qwen3.5 / Qwen3.6 Hybrid MoE,04_qwen3_5_qwen3_6_hybrid_moe.mmd,2,Gated full-attention + routed/shared MoE block,f04v02_n032,V head repeat ×8,other,SequenceCore,SequenceCore,OP_ATTENTION_OPROJ,04b_qwen3_5_qwen3_6_hybrid_moe_full_attention_owner_timing_sequence_v5.mmd,04b_qwen3_5_qwen3_6_hybrid_moe_full_attention_owner_timing_sequence_v6.mmd,existing_atlas_repo_grounded,mapped_from_single_block_atlas
4,Qwen3.5 / Qwen3.6 Hybrid MoE,04_qwen3_5_qwen3_6_hybrid_moe.mmd,2,Gated full-attention + routed/shared MoE block,f04v02_n033,Q × Kᵀ,mac,SequenceCore,SequenceCore,OP_ATTENTION_OPROJ,04b_qwen3_5_qwen3_6_hybrid_moe_full_attention_owner_timing_sequence_v5.mmd,04b_qwen3_5_qwen3_6_hybrid_moe_full_attention_owner_timing_sequence_v6.mmd,existing_atlas_repo_grounded,mapped_from_single_block_atlas
4,Qwen3.5 / Qwen3.6 Hybrid MoE,04_qwen3_5_qwen3_6_hybrid_moe.mmd,2,Gated full-attention + routed/shared MoE block,f04v02_n034,Softmax FP32,other,SequenceCore,SequenceCore,OP_ATTENTION_OPROJ,04b_qwen3_5_qwen3_6_hybrid_moe_full_attention_owner_timing_sequence_v5.mmd,04b_qwen3_5_qwen3_6_hybrid_moe_full_attention_owner_timing_sequence_v6.mmd,existing_atlas_repo_grounded,mapped_from_single_block_atlas
4,Qwen3.5 / Qwen3.6 Hybrid MoE,04_qwen3_5_qwen3_6_hybrid_moe.mmd,2,Gated full-attention + routed/shared MoE block,f04v02_n035,P × V,mac,SequenceCore,SequenceCore,OP_ATTENTION_OPROJ,04b_qwen3_5_qwen3_6_hybrid_moe_full_attention_owner_timing_sequence_v5.mmd,04b_qwen3_5_qwen3_6_hybrid_moe_full_attention_owner_timing_sequence_v6.mmd,existing_atlas_repo_grounded,mapped_from_single_block_atlas
4,Qwen3.5 / Qwen3.6 Hybrid MoE,04_qwen3_5_qwen3_6_hybrid_moe.mmd,2,Gated full-attention + routed/shared MoE block,f04v02_n036,Q-gate sigmoid,other,ElementwiseTransformCore,SequenceCore,OP_ATTENTION_OPROJ,04b_qwen3_5_qwen3_6_hybrid_moe_full_attention_owner_timing_sequence_v5.mmd,04b_qwen3_5_qwen3_6_hybrid_moe_full_attention_owner_timing_sequence_v6.mmd,existing_atlas_repo_grounded,AttentionOutputGateCore_in_Sequence
4,Qwen3.5 / Qwen3.6 Hybrid MoE,04_qwen3_5_qwen3_6_hybrid_moe.mmd,2,Gated full-attention + routed/shared MoE block,f04v02_n037,Context gating,other,ElementwiseTransformCore,SequenceCore,OP_ATTENTION_OPROJ,04b_qwen3_5_qwen3_6_hybrid_moe_full_attention_owner_timing_sequence_v5.mmd,04b_qwen3_5_qwen3_6_hybrid_moe_full_attention_owner_timing_sequence_v6.mmd,existing_atlas_repo_grounded,AttentionOutputGateCore_in_Sequence
4,Qwen3.5 / Qwen3.6 Hybrid MoE,04_qwen3_5_qwen3_6_hybrid_moe.mmd,2,Gated full-attention + routed/shared MoE block,f04v02_n038,O Proj,mac,SharedMatrixCore,SharedMatrixCore,OP_ATTENTION_OPROJ,04b_qwen3_5_qwen3_6_hybrid_moe_full_attention_owner_timing_sequence_v5.mmd,04b_qwen3_5_qwen3_6_hybrid_moe_full_attention_owner_timing_sequence_v6.mmd,existing_atlas_repo_grounded,mapped_from_single_block_atlas
4,Qwen3.5 / Qwen3.6 Hybrid MoE,04_qwen3_5_qwen3_6_hybrid_moe.mmd,2,Gated full-attention + routed/shared MoE block,f04v02_n039,+,plus,OutputCommitCore,OutputCommitCore,OP_ATTENTION_OPROJ,04b_qwen3_5_qwen3_6_hybrid_moe_full_attention_owner_timing_sequence_v5.mmd,04b_qwen3_5_qwen3_6_hybrid_moe_full_attention_owner_timing_sequence_v6.mmd,existing_atlas_repo_grounded,mapped_from_single_block_atlas
4,Qwen3.5 / Qwen3.6 Hybrid MoE,04_qwen3_5_qwen3_6_hybrid_moe.mmd,2,Gated full-attention + routed/shared MoE block,f04v02_n040,X + Attention,output,OutputCommitCore,OutputCommitCore,OP_ATTENTION_OPROJ,04b_qwen3_5_qwen3_6_hybrid_moe_full_attention_owner_timing_sequence_v5.mmd,04b_qwen3_5_qwen3_6_hybrid_moe_full_attention_owner_timing_sequence_v6.mmd,existing_atlas_repo_grounded,mapped_from_single_block_atlas
4,Qwen3.5 / Qwen3.6 Hybrid MoE,04_qwen3_5_qwen3_6_hybrid_moe.mmd,2,Gated full-attention + routed/shared MoE block,f04v02_n041,RMSNorm 2,other,NormCore,NormCore,OP_MOE,04b_qwen3_5_qwen3_6_hybrid_moe_full_attention_owner_timing_sequence_v5.mmd,04b_qwen3_5_qwen3_6_hybrid_moe_full_attention_owner_timing_sequence_v6.mmd,existing_atlas_repo_grounded,mapped_from_single_block_atlas
4,Qwen3.5 / Qwen3.6 Hybrid MoE,04_qwen3_5_qwen3_6_hybrid_moe.mmd,2,Gated full-attention + routed/shared MoE block,f04v02_n043,Router projection,mac,SharedMatrixCore,SharedMatrixCore,OP_MOE,04b_qwen3_5_qwen3_6_hybrid_moe_full_attention_owner_timing_sequence_v5.mmd,04b_qwen3_5_qwen3_6_hybrid_moe_full_attention_owner_timing_sequence_v6.mmd,existing_atlas_repo_grounded,mapped_from_single_block_atlas
4,Qwen3.5 / Qwen3.6 Hybrid MoE,04_qwen3_5_qwen3_6_hybrid_moe.mmd,2,Gated full-attention + routed/shared MoE block,f04v02_n044,Router scoring,other,FeedForwardCore,FeedForwardCore,OP_MOE,04b_qwen3_5_qwen3_6_hybrid_moe_full_attention_owner_timing_sequence_v5.mmd,04b_qwen3_5_qwen3_6_hybrid_moe_full_attention_owner_timing_sequence_v6.mmd,existing_atlas_repo_grounded,mapped_from_single_block_atlas
4,Qwen3.5 / Qwen3.6 Hybrid MoE,04_qwen3_5_qwen3_6_hybrid_moe.mmd,2,Gated full-attention + routed/shared MoE block,f04v02_n045,Top-8 + renorm,other,FeedForwardCore,FeedForwardCore,OP_MOE,04b_qwen3_5_qwen3_6_hybrid_moe_full_attention_owner_timing_sequence_v5.mmd,04b_qwen3_5_qwen3_6_hybrid_moe_full_attention_owner_timing_sequence_v6.mmd,existing_atlas_repo_grounded,mapped_from_single_block_atlas
4,Qwen3.5 / Qwen3.6 Hybrid MoE,04_qwen3_5_qwen3_6_hybrid_moe.mmd,2,Gated full-attention + routed/shared MoE block,f04v02_n046,Dispatch / gather,other,FeedForwardCore,FeedForwardCore,OP_MOE,04b_qwen3_5_qwen3_6_hybrid_moe_full_attention_owner_timing_sequence_v5.mmd,04b_qwen3_5_qwen3_6_hybrid_moe_full_attention_owner_timing_sequence_v6.mmd,existing_atlas_repo_grounded,mapped_from_single_block_atlas
4,Qwen3.5 / Qwen3.6 Hybrid MoE,04_qwen3_5_qwen3_6_hybrid_moe.mmd,2,Gated full-attention + routed/shared MoE block,f04v02_n047,gate_proj,mac,SharedMatrixCore,SharedMatrixCore,OP_MOE,04b_qwen3_5_qwen3_6_hybrid_moe_full_attention_owner_timing_sequence_v5.mmd,04b_qwen3_5_qwen3_6_hybrid_moe_full_attention_owner_timing_sequence_v6.mmd,existing_atlas_repo_grounded,mapped_from_single_block_atlas
4,Qwen3.5 / Qwen3.6 Hybrid MoE,04_qwen3_5_qwen3_6_hybrid_moe.mmd,2,Gated full-attention + routed/shared MoE block,f04v02_n048,up_proj,mac,SharedMatrixCore,SharedMatrixCore,OP_MOE,04b_qwen3_5_qwen3_6_hybrid_moe_full_attention_owner_timing_sequence_v5.mmd,04b_qwen3_5_qwen3_6_hybrid_moe_full_attention_owner_timing_sequence_v6.mmd,existing_atlas_repo_grounded,mapped_from_single_block_atlas
4,Qwen3.5 / Qwen3.6 Hybrid MoE,04_qwen3_5_qwen3_6_hybrid_moe.mmd,2,Gated full-attention + routed/shared MoE block,f04v02_n049,SiLU,other,FeedForwardCore,FeedForwardCore,OP_MOE,04b_qwen3_5_qwen3_6_hybrid_moe_full_attention_owner_timing_sequence_v5.mmd,04b_qwen3_5_qwen3_6_hybrid_moe_full_attention_owner_timing_sequence_v6.mmd,existing_atlas_repo_grounded,mapped_from_single_block_atlas
4,Qwen3.5 / Qwen3.6 Hybrid MoE,04_qwen3_5_qwen3_6_hybrid_moe.mmd,2,Gated full-attention + routed/shared MoE block,f04v02_n050,Elementwise gate,other,FeedForwardCore,FeedForwardCore,OP_MOE,04b_qwen3_5_qwen3_6_hybrid_moe_full_attention_owner_timing_sequence_v5.mmd,04b_qwen3_5_qwen3_6_hybrid_moe_full_attention_owner_timing_sequence_v6.mmd,existing_atlas_repo_grounded,mapped_from_single_block_atlas
4,Qwen3.5 / Qwen3.6 Hybrid MoE,04_qwen3_5_qwen3_6_hybrid_moe.mmd,2,Gated full-attention + routed/shared MoE block,f04v02_n051,down_proj,mac,SharedMatrixCore,SharedMatrixCore,OP_MOE,04b_qwen3_5_qwen3_6_hybrid_moe_full_attention_owner_timing_sequence_v5.mmd,04b_qwen3_5_qwen3_6_hybrid_moe_full_attention_owner_timing_sequence_v6.mmd,existing_atlas_repo_grounded,mapped_from_single_block_atlas
4,Qwen3.5 / Qwen3.6 Hybrid MoE,04_qwen3_5_qwen3_6_hybrid_moe.mmd,2,Gated full-attention + routed/shared MoE block,f04v02_n052,Expert weighting,other,FeedForwardCore,FeedForwardCore,OP_MOE,04b_qwen3_5_qwen3_6_hybrid_moe_full_attention_owner_timing_sequence_v5.mmd,04b_qwen3_5_qwen3_6_hybrid_moe_full_attention_owner_timing_sequence_v6.mmd,existing_atlas_repo_grounded,mapped_from_single_block_atlas
4,Qwen3.5 / Qwen3.6 Hybrid MoE,04_qwen3_5_qwen3_6_hybrid_moe.mmd,2,Gated full-attention + routed/shared MoE block,f04v02_n053,Scatter / weighted reduce,other,FeedForwardCore,FeedForwardCore,OP_MOE,04b_qwen3_5_qwen3_6_hybrid_moe_full_attention_owner_timing_sequence_v5.mmd,04b_qwen3_5_qwen3_6_hybrid_moe_full_attention_owner_timing_sequence_v6.mmd,existing_atlas_repo_grounded,mapped_from_single_block_atlas
4,Qwen3.5 / Qwen3.6 Hybrid MoE,04_qwen3_5_qwen3_6_hybrid_moe.mmd,2,Gated full-attention + routed/shared MoE block,f04v02_n054,gate_proj,mac,SharedMatrixCore,SharedMatrixCore,OP_MOE,04b_qwen3_5_qwen3_6_hybrid_moe_full_attention_owner_timing_sequence_v5.mmd,04b_qwen3_5_qwen3_6_hybrid_moe_full_attention_owner_timing_sequence_v6.mmd,existing_atlas_repo_grounded,mapped_from_single_block_atlas
4,Qwen3.5 / Qwen3.6 Hybrid MoE,04_qwen3_5_qwen3_6_hybrid_moe.mmd,2,Gated full-attention + routed/shared MoE block,f04v02_n055,up_proj,mac,SharedMatrixCore,SharedMatrixCore,OP_MOE,04b_qwen3_5_qwen3_6_hybrid_moe_full_attention_owner_timing_sequence_v5.mmd,04b_qwen3_5_qwen3_6_hybrid_moe_full_attention_owner_timing_sequence_v6.mmd,existing_atlas_repo_grounded,mapped_from_single_block_atlas
4,Qwen3.5 / Qwen3.6 Hybrid MoE,04_qwen3_5_qwen3_6_hybrid_moe.mmd,2,Gated full-attention + routed/shared MoE block,f04v02_n056,SiLU,other,FeedForwardCore,FeedForwardCore,OP_MOE,04b_qwen3_5_qwen3_6_hybrid_moe_full_attention_owner_timing_sequence_v5.mmd,04b_qwen3_5_qwen3_6_hybrid_moe_full_attention_owner_timing_sequence_v6.mmd,existing_atlas_repo_grounded,mapped_from_single_block_atlas
4,Qwen3.5 / Qwen3.6 Hybrid MoE,04_qwen3_5_qwen3_6_hybrid_moe.mmd,2,Gated full-attention + routed/shared MoE block,f04v02_n057,Elementwise gate,other,FeedForwardCore,FeedForwardCore,OP_MOE,04b_qwen3_5_qwen3_6_hybrid_moe_full_attention_owner_timing_sequence_v5.mmd,04b_qwen3_5_qwen3_6_hybrid_moe_full_attention_owner_timing_sequence_v6.mmd,existing_atlas_repo_grounded,mapped_from_single_block_atlas
4,Qwen3.5 / Qwen3.6 Hybrid MoE,04_qwen3_5_qwen3_6_hybrid_moe.mmd,2,Gated full-attention + routed/shared MoE block,f04v02_n058,down_proj,mac,SharedMatrixCore,SharedMatrixCore,OP_MOE,04b_qwen3_5_qwen3_6_hybrid_moe_full_attention_owner_timing_sequence_v5.mmd,04b_qwen3_5_qwen3_6_hybrid_moe_full_attention_owner_timing_sequence_v6.mmd,existing_atlas_repo_grounded,mapped_from_single_block_atlas
4,Qwen3.5 / Qwen3.6 Hybrid MoE,04_qwen3_5_qwen3_6_hybrid_moe.mmd,2,Gated full-attention + routed/shared MoE block,f04v02_n059,Shared gate projection,mac,SharedMatrixCore,SharedMatrixCore,OP_MOE,04b_qwen3_5_qwen3_6_hybrid_moe_full_attention_owner_timing_sequence_v5.mmd,04b_qwen3_5_qwen3_6_hybrid_moe_full_attention_owner_timing_sequence_v6.mmd,existing_atlas_repo_grounded,mapped_from_single_block_atlas
4,Qwen3.5 / Qwen3.6 Hybrid MoE,04_qwen3_5_qwen3_6_hybrid_moe.mmd,2,Gated full-attention + routed/shared MoE block,f04v02_n060,Sigmoid,other,FeedForwardCore,FeedForwardCore,OP_MOE,04b_qwen3_5_qwen3_6_hybrid_moe_full_attention_owner_timing_sequence_v5.mmd,04b_qwen3_5_qwen3_6_hybrid_moe_full_attention_owner_timing_sequence_v6.mmd,existing_atlas_repo_grounded,mapped_from_single_block_atlas
4,Qwen3.5 / Qwen3.6 Hybrid MoE,04_qwen3_5_qwen3_6_hybrid_moe.mmd,2,Gated full-attention + routed/shared MoE block,f04v02_n061,Shared gating,other,FeedForwardCore,FeedForwardCore,OP_MOE,04b_qwen3_5_qwen3_6_hybrid_moe_full_attention_owner_timing_sequence_v5.mmd,04b_qwen3_5_qwen3_6_hybrid_moe_full_attention_owner_timing_sequence_v6.mmd,existing_atlas_repo_grounded,mapped_from_single_block_atlas
4,Qwen3.5 / Qwen3.6 Hybrid MoE,04_qwen3_5_qwen3_6_hybrid_moe.mmd,2,Gated full-attention + routed/shared MoE block,f04v02_n062,+,plus,OutputCommitCore,OutputCommitCore,OP_MOE,04b_qwen3_5_qwen3_6_hybrid_moe_full_attention_owner_timing_sequence_v5.mmd,04b_qwen3_5_qwen3_6_hybrid_moe_full_attention_owner_timing_sequence_v6.mmd,existing_atlas_repo_grounded,mapped_from_single_block_atlas
4,Qwen3.5 / Qwen3.6 Hybrid MoE,04_qwen3_5_qwen3_6_hybrid_moe.mmd,2,Gated full-attention + routed/shared MoE block,f04v02_n063,+,plus,OutputCommitCore,OutputCommitCore,OP_MOE,04b_qwen3_5_qwen3_6_hybrid_moe_full_attention_owner_timing_sequence_v5.mmd,04b_qwen3_5_qwen3_6_hybrid_moe_full_attention_owner_timing_sequence_v6.mmd,existing_atlas_repo_grounded,mapped_from_single_block_atlas
4,Qwen3.5 / Qwen3.6 Hybrid MoE,04_qwen3_5_qwen3_6_hybrid_moe.mmd,2,Gated full-attention + routed/shared MoE block,f04v02_n064,Block output,output,OutputCommitCore,OutputCommitCore,OP_MOE,04b_qwen3_5_qwen3_6_hybrid_moe_full_attention_owner_timing_sequence_v5.mmd,04b_qwen3_5_qwen3_6_hybrid_moe_full_attention_owner_timing_sequence_v6.mmd,existing_atlas_repo_grounded,mapped_from_single_block_atlas
5,Qwen3 MoE,05_qwen3_moe.mmd,1,Full GQA + routed MoE block,f05v01_n019,X,input,ActivationReadDmaCore,ActivationReadDmaCore,OP_K_PROJ,05_qwen3_moe_owner_timing_sequence_v5.mmd,05_qwen3_moe_owner_timing_sequence_v6.mmd,existing_atlas_repo_grounded,mapped_from_single_block_atlas
5,Qwen3 MoE,05_qwen3_moe.mmd,1,Full GQA + routed MoE block,f05v01_n020,RMSNorm 1,other,NormCore,NormCore,OP_K_PROJ,05_qwen3_moe_owner_timing_sequence_v5.mmd,05_qwen3_moe_owner_timing_sequence_v6.mmd,existing_atlas_repo_grounded,mapped_from_single_block_atlas
5,Qwen3 MoE,05_qwen3_moe.mmd,1,Full GQA + routed MoE block,f05v01_n022,K Proj,mac,SharedMatrixCore,SharedMatrixCore,OP_K_PROJ,05_qwen3_moe_owner_timing_sequence_v5.mmd,05_qwen3_moe_owner_timing_sequence_v6.mmd,existing_atlas_repo_grounded,mapped_from_single_block_atlas
5,Qwen3 MoE,05_qwen3_moe.mmd,1,Full GQA + routed MoE block,f05v01_n025,K Head RMSNorm,other,NormCore,NormCore,OP_K_PROJ,05_qwen3_moe_owner_timing_sequence_v5.mmd,05_qwen3_moe_owner_timing_sequence_v6.mmd,existing_atlas_repo_grounded,mapped_from_single_block_atlas
5,Qwen3 MoE,05_qwen3_moe.mmd,1,Full GQA + routed MoE block,f05v01_n027,RoPE,other,ElementwiseTransformCore,ElementwiseTransformCore,OP_K_PROJ,05_qwen3_moe_owner_timing_sequence_v5.mmd,05_qwen3_moe_owner_timing_sequence_v6.mmd,existing_atlas_repo_grounded,mapped_from_single_block_atlas
5,Qwen3 MoE,05_qwen3_moe.mmd,1,Full GQA + routed MoE block,f05v01_n029,K cache,state,KVStateCore,KVStateCore,OP_K_PROJ,05_qwen3_moe_owner_timing_sequence_v5.mmd,05_qwen3_moe_owner_timing_sequence_v6.mmd,existing_atlas_repo_grounded,mapped_from_single_block_atlas
5,Qwen3 MoE,05_qwen3_moe.mmd,1,Full GQA + routed MoE block,f05v01_n024,V Proj,mac,SharedMatrixCore,SharedMatrixCore,OP_V_PROJ,05_qwen3_moe_owner_timing_sequence_v5.mmd,05_qwen3_moe_owner_timing_sequence_v6.mmd,existing_atlas_repo_grounded,mapped_from_single_block_atlas
5,Qwen3 MoE,05_qwen3_moe.mmd,1,Full GQA + routed MoE block,f05v01_n030,V cache,state,KVStateCore,KVStateCore,OP_V_PROJ,05_qwen3_moe_owner_timing_sequence_v5.mmd,05_qwen3_moe_owner_timing_sequence_v6.mmd,existing_atlas_repo_grounded,mapped_from_single_block_atlas
5,Qwen3 MoE,05_qwen3_moe.mmd,1,Full GQA + routed MoE block,f05v01_n023,Q Proj,mac,SharedMatrixCore,SharedMatrixCore,OP_Q_PROJ,05_qwen3_moe_owner_timing_sequence_v5.mmd,05_qwen3_moe_owner_timing_sequence_v6.mmd,existing_atlas_repo_grounded,mapped_from_single_block_atlas
5,Qwen3 MoE,05_qwen3_moe.mmd,1,Full GQA + routed MoE block,f05v01_n026,Q Head RMSNorm,other,NormCore,NormCore,OP_Q_PROJ,05_qwen3_moe_owner_timing_sequence_v5.mmd,05_qwen3_moe_owner_timing_sequence_v6.mmd,existing_atlas_repo_grounded,mapped_from_single_block_atlas
5,Qwen3 MoE,05_qwen3_moe.mmd,1,Full GQA + routed MoE block,f05v01_n028,RoPE,other,ElementwiseTransformCore,ElementwiseTransformCore,OP_Q_PROJ,05_qwen3_moe_owner_timing_sequence_v5.mmd,05_qwen3_moe_owner_timing_sequence_v6.mmd,existing_atlas_repo_grounded,mapped_from_single_block_atlas
5,Qwen3 MoE,05_qwen3_moe.mmd,1,Full GQA + routed MoE block,f05v01_n031,K head repeat ×2,other,SequenceCore,SequenceCore,OP_ATTENTION_OPROJ,05_qwen3_moe_owner_timing_sequence_v5.mmd,05_qwen3_moe_owner_timing_sequence_v6.mmd,existing_atlas_repo_grounded,mapped_from_single_block_atlas
5,Qwen3 MoE,05_qwen3_moe.mmd,1,Full GQA + routed MoE block,f05v01_n032,V head repeat ×2,other,SequenceCore,SequenceCore,OP_ATTENTION_OPROJ,05_qwen3_moe_owner_timing_sequence_v5.mmd,05_qwen3_moe_owner_timing_sequence_v6.mmd,existing_atlas_repo_grounded,mapped_from_single_block_atlas
5,Qwen3 MoE,05_qwen3_moe.mmd,1,Full GQA + routed MoE block,f05v01_n033,Q × Kᵀ,mac,SequenceCore,SequenceCore,OP_ATTENTION_OPROJ,05_qwen3_moe_owner_timing_sequence_v5.mmd,05_qwen3_moe_owner_timing_sequence_v6.mmd,existing_atlas_repo_grounded,mapped_from_single_block_atlas
5,Qwen3 MoE,05_qwen3_moe.mmd,1,Full GQA + routed MoE block,f05v01_n034,Softmax FP32,other,SequenceCore,SequenceCore,OP_ATTENTION_OPROJ,05_qwen3_moe_owner_timing_sequence_v5.mmd,05_qwen3_moe_owner_timing_sequence_v6.mmd,existing_atlas_repo_grounded,mapped_from_single_block_atlas
5,Qwen3 MoE,05_qwen3_moe.mmd,1,Full GQA + routed MoE block,f05v01_n035,P × V,mac,SequenceCore,SequenceCore,OP_ATTENTION_OPROJ,05_qwen3_moe_owner_timing_sequence_v5.mmd,05_qwen3_moe_owner_timing_sequence_v6.mmd,existing_atlas_repo_grounded,mapped_from_single_block_atlas
5,Qwen3 MoE,05_qwen3_moe.mmd,1,Full GQA + routed MoE block,f05v01_n036,O Proj,mac,SharedMatrixCore,SharedMatrixCore,OP_ATTENTION_OPROJ,05_qwen3_moe_owner_timing_sequence_v5.mmd,05_qwen3_moe_owner_timing_sequence_v6.mmd,existing_atlas_repo_grounded,mapped_from_single_block_atlas
5,Qwen3 MoE,05_qwen3_moe.mmd,1,Full GQA + routed MoE block,f05v01_n037,+,plus,OutputCommitCore,OutputCommitCore,OP_ATTENTION_OPROJ,05_qwen3_moe_owner_timing_sequence_v5.mmd,05_qwen3_moe_owner_timing_sequence_v6.mmd,existing_atlas_repo_grounded,mapped_from_single_block_atlas
5,Qwen3 MoE,05_qwen3_moe.mmd,1,Full GQA + routed MoE block,f05v01_n038,X + Attention,output,OutputCommitCore,OutputCommitCore,OP_ATTENTION_OPROJ,05_qwen3_moe_owner_timing_sequence_v5.mmd,05_qwen3_moe_owner_timing_sequence_v6.mmd,existing_atlas_repo_grounded,mapped_from_single_block_atlas
5,Qwen3 MoE,05_qwen3_moe.mmd,1,Full GQA + routed MoE block,f05v01_n039,RMSNorm 2,other,NormCore,NormCore,OP_MOE,05_qwen3_moe_owner_timing_sequence_v5.mmd,05_qwen3_moe_owner_timing_sequence_v6.mmd,existing_atlas_repo_grounded,mapped_from_single_block_atlas
5,Qwen3 MoE,05_qwen3_moe.mmd,1,Full GQA + routed MoE block,f05v01_n041,Router projection,mac,SharedMatrixCore,SharedMatrixCore,OP_MOE,05_qwen3_moe_owner_timing_sequence_v5.mmd,05_qwen3_moe_owner_timing_sequence_v6.mmd,existing_atlas_repo_grounded,mapped_from_single_block_atlas
5,Qwen3 MoE,05_qwen3_moe.mmd,1,Full GQA + routed MoE block,f05v01_n042,Router scoring,other,FeedForwardCore,FeedForwardCore,OP_MOE,05_qwen3_moe_owner_timing_sequence_v5.mmd,05_qwen3_moe_owner_timing_sequence_v6.mmd,existing_atlas_repo_grounded,mapped_from_single_block_atlas
5,Qwen3 MoE,05_qwen3_moe.mmd,1,Full GQA + routed MoE block,f05v01_n043,Top-8 + renorm,other,FeedForwardCore,FeedForwardCore,OP_MOE,05_qwen3_moe_owner_timing_sequence_v5.mmd,05_qwen3_moe_owner_timing_sequence_v6.mmd,existing_atlas_repo_grounded,mapped_from_single_block_atlas
5,Qwen3 MoE,05_qwen3_moe.mmd,1,Full GQA + routed MoE block,f05v01_n044,Dispatch / gather,other,FeedForwardCore,FeedForwardCore,OP_MOE,05_qwen3_moe_owner_timing_sequence_v5.mmd,05_qwen3_moe_owner_timing_sequence_v6.mmd,existing_atlas_repo_grounded,mapped_from_single_block_atlas
5,Qwen3 MoE,05_qwen3_moe.mmd,1,Full GQA + routed MoE block,f05v01_n045,gate_proj,mac,SharedMatrixCore,SharedMatrixCore,OP_MOE,05_qwen3_moe_owner_timing_sequence_v5.mmd,05_qwen3_moe_owner_timing_sequence_v6.mmd,existing_atlas_repo_grounded,mapped_from_single_block_atlas
5,Qwen3 MoE,05_qwen3_moe.mmd,1,Full GQA + routed MoE block,f05v01_n046,up_proj,mac,SharedMatrixCore,SharedMatrixCore,OP_MOE,05_qwen3_moe_owner_timing_sequence_v5.mmd,05_qwen3_moe_owner_timing_sequence_v6.mmd,existing_atlas_repo_grounded,mapped_from_single_block_atlas
5,Qwen3 MoE,05_qwen3_moe.mmd,1,Full GQA + routed MoE block,f05v01_n047,SiLU,other,FeedForwardCore,FeedForwardCore,OP_MOE,05_qwen3_moe_owner_timing_sequence_v5.mmd,05_qwen3_moe_owner_timing_sequence_v6.mmd,existing_atlas_repo_grounded,mapped_from_single_block_atlas
5,Qwen3 MoE,05_qwen3_moe.mmd,1,Full GQA + routed MoE block,f05v01_n048,Elementwise gate,other,FeedForwardCore,FeedForwardCore,OP_MOE,05_qwen3_moe_owner_timing_sequence_v5.mmd,05_qwen3_moe_owner_timing_sequence_v6.mmd,existing_atlas_repo_grounded,mapped_from_single_block_atlas
5,Qwen3 MoE,05_qwen3_moe.mmd,1,Full GQA + routed MoE block,f05v01_n049,down_proj,mac,SharedMatrixCore,SharedMatrixCore,OP_MOE,05_qwen3_moe_owner_timing_sequence_v5.mmd,05_qwen3_moe_owner_timing_sequence_v6.mmd,existing_atlas_repo_grounded,mapped_from_single_block_atlas
5,Qwen3 MoE,05_qwen3_moe.mmd,1,Full GQA + routed MoE block,f05v01_n050,Expert weighting,other,FeedForwardCore,FeedForwardCore,OP_MOE,05_qwen3_moe_owner_timing_sequence_v5.mmd,05_qwen3_moe_owner_timing_sequence_v6.mmd,existing_atlas_repo_grounded,mapped_from_single_block_atlas
5,Qwen3 MoE,05_qwen3_moe.mmd,1,Full GQA + routed MoE block,f05v01_n051,Scatter / weighted reduce,other,FeedForwardCore,FeedForwardCore,OP_MOE,05_qwen3_moe_owner_timing_sequence_v5.mmd,05_qwen3_moe_owner_timing_sequence_v6.mmd,existing_atlas_repo_grounded,mapped_from_single_block_atlas
5,Qwen3 MoE,05_qwen3_moe.mmd,1,Full GQA + routed MoE block,f05v01_n052,+,plus,OutputCommitCore,OutputCommitCore,OP_MOE,05_qwen3_moe_owner_timing_sequence_v5.mmd,05_qwen3_moe_owner_timing_sequence_v6.mmd,existing_atlas_repo_grounded,mapped_from_single_block_atlas
5,Qwen3 MoE,05_qwen3_moe.mmd,1,Full GQA + routed MoE block,f05v01_n053,Block output,output,OutputCommitCore,OutputCommitCore,OP_MOE,05_qwen3_moe_owner_timing_sequence_v5.mmd,05_qwen3_moe_owner_timing_sequence_v6.mmd,existing_atlas_repo_grounded,mapped_from_single_block_atlas
6,GPT-2 Dense,06_gpt2_dense.mmd,1,GPT-2 pre-LN dense block,f06v01_n019,X,input,ActivationReadDmaCore,ActivationReadDmaCore,OP_INPUT_POSITION,06_gpt2_dense_owner_timing_sequence_v5.mmd,06_gpt2_dense_owner_timing_sequence_v6.mmd,existing_atlas_repo_grounded,mapped_from_single_block_atlas
6,GPT-2 Dense,06_gpt2_dense.mmd,1,GPT-2 pre-LN dense block,f06v01_n020,Learned absolute position,other,ElementwiseTransformCore,ElementwiseTransformCore,OP_INPUT_POSITION,06_gpt2_dense_owner_timing_sequence_v5.mmd,06_gpt2_dense_owner_timing_sequence_v6.mmd,existing_atlas_repo_grounded,mapped_from_single_block_atlas
6,GPT-2 Dense,06_gpt2_dense.mmd,1,GPT-2 pre-LN dense block,f06v01_n021,LayerNorm 1,other,NormCore,NormCore,OP_QKV_PROJ,06_gpt2_dense_owner_timing_sequence_v5.mmd,06_gpt2_dense_owner_timing_sequence_v6.mmd,existing_atlas_repo_grounded,mapped_from_single_block_atlas
6,GPT-2 Dense,06_gpt2_dense.mmd,1,GPT-2 pre-LN dense block,f06v01_n023,Combined QKV Proj,mac,SharedMatrixCore,SharedMatrixCore,OP_QKV_PROJ,06_gpt2_dense_owner_timing_sequence_v5.mmd,06_gpt2_dense_owner_timing_sequence_v6.mmd,existing_atlas_repo_grounded,mapped_from_single_block_atlas
6,GPT-2 Dense,06_gpt2_dense.mmd,1,GPT-2 pre-LN dense block,f06v01_n024,Split heads,other,ElementwiseTransformCore,ElementwiseTransformCore,OP_QKV_PROJ,06_gpt2_dense_owner_timing_sequence_v5.mmd,06_gpt2_dense_owner_timing_sequence_v6.mmd,existing_atlas_repo_grounded,mapped_from_single_block_atlas
6,GPT-2 Dense,06_gpt2_dense.mmd,1,GPT-2 pre-LN dense block,f06v01_n025,Q × Kᵀ,mac,SequenceCore,SequenceCore,OP_ATTENTION_OPROJ,06_gpt2_dense_owner_timing_sequence_v5.mmd,06_gpt2_dense_owner_timing_sequence_v6.mmd,existing_atlas_repo_grounded,mapped_from_single_block_atlas
6,GPT-2 Dense,06_gpt2_dense.mmd,1,GPT-2 pre-LN dense block,f06v01_n026,Softmax FP32,other,SequenceCore,SequenceCore,OP_ATTENTION_OPROJ,06_gpt2_dense_owner_timing_sequence_v5.mmd,06_gpt2_dense_owner_timing_sequence_v6.mmd,existing_atlas_repo_grounded,mapped_from_single_block_atlas
6,GPT-2 Dense,06_gpt2_dense.mmd,1,GPT-2 pre-LN dense block,f06v01_n027,P × V,mac,SequenceCore,SequenceCore,OP_ATTENTION_OPROJ,06_gpt2_dense_owner_timing_sequence_v5.mmd,06_gpt2_dense_owner_timing_sequence_v6.mmd,existing_atlas_repo_grounded,mapped_from_single_block_atlas
6,GPT-2 Dense,06_gpt2_dense.mmd,1,GPT-2 pre-LN dense block,f06v01_n028,Output Proj,mac,SharedMatrixCore,SharedMatrixCore,OP_ATTENTION_OPROJ,06_gpt2_dense_owner_timing_sequence_v5.mmd,06_gpt2_dense_owner_timing_sequence_v6.mmd,existing_atlas_repo_grounded,mapped_from_single_block_atlas
6,GPT-2 Dense,06_gpt2_dense.mmd,1,GPT-2 pre-LN dense block,f06v01_n029,+,plus,OutputCommitCore,OutputCommitCore,OP_ATTENTION_OPROJ,06_gpt2_dense_owner_timing_sequence_v5.mmd,06_gpt2_dense_owner_timing_sequence_v6.mmd,existing_atlas_repo_grounded,mapped_from_single_block_atlas
6,GPT-2 Dense,06_gpt2_dense.mmd,1,GPT-2 pre-LN dense block,f06v01_n030,X + Attention,output,OutputCommitCore,OutputCommitCore,OP_ATTENTION_OPROJ,06_gpt2_dense_owner_timing_sequence_v5.mmd,06_gpt2_dense_owner_timing_sequence_v6.mmd,existing_atlas_repo_grounded,mapped_from_single_block_atlas
6,GPT-2 Dense,06_gpt2_dense.mmd,1,GPT-2 pre-LN dense block,f06v01_n031,LayerNorm 2,other,NormCore,NormCore,OP_FFN,06_gpt2_dense_owner_timing_sequence_v5.mmd,06_gpt2_dense_owner_timing_sequence_v6.mmd,existing_atlas_repo_grounded,mapped_from_single_block_atlas
6,GPT-2 Dense,06_gpt2_dense.mmd,1,GPT-2 pre-LN dense block,f06v01_n033,fc1,mac,SharedMatrixCore,SharedMatrixCore,OP_FFN,06_gpt2_dense_owner_timing_sequence_v5.mmd,06_gpt2_dense_owner_timing_sequence_v6.mmd,existing_atlas_repo_grounded,mapped_from_single_block_atlas
6,GPT-2 Dense,06_gpt2_dense.mmd,1,GPT-2 pre-LN dense block,f06v01_n034,GELU,other,FeedForwardCore,FeedForwardCore,OP_FFN,06_gpt2_dense_owner_timing_sequence_v5.mmd,06_gpt2_dense_owner_timing_sequence_v6.mmd,existing_atlas_repo_grounded,mapped_from_single_block_atlas
6,GPT-2 Dense,06_gpt2_dense.mmd,1,GPT-2 pre-LN dense block,f06v01_n035,fc2,mac,SharedMatrixCore,SharedMatrixCore,OP_FFN,06_gpt2_dense_owner_timing_sequence_v5.mmd,06_gpt2_dense_owner_timing_sequence_v6.mmd,existing_atlas_repo_grounded,mapped_from_single_block_atlas
6,GPT-2 Dense,06_gpt2_dense.mmd,1,GPT-2 pre-LN dense block,f06v01_n036,+,plus,OutputCommitCore,OutputCommitCore,OP_FFN,06_gpt2_dense_owner_timing_sequence_v5.mmd,06_gpt2_dense_owner_timing_sequence_v6.mmd,existing_atlas_repo_grounded,mapped_from_single_block_atlas
6,GPT-2 Dense,06_gpt2_dense.mmd,1,GPT-2 pre-LN dense block,f06v01_n037,Block output,output,OutputCommitCore,OutputCommitCore,OP_FFN,06_gpt2_dense_owner_timing_sequence_v5.mmd,06_gpt2_dense_owner_timing_sequence_v6.mmd,existing_atlas_repo_grounded,mapped_from_single_block_atlas
7,OPT Dense,07_opt_dense.mmd,1,OPT pre-LN dense block,f07v01_n019,X,input,ActivationReadDmaCore,ActivationReadDmaCore,OP_INPUT_POSITION,07_opt_dense_owner_timing_sequence_v5.mmd,07_opt_dense_owner_timing_sequence_v6.mmd,existing_atlas_repo_grounded,mapped_from_single_block_atlas
7,OPT Dense,07_opt_dense.mmd,1,OPT pre-LN dense block,f07v01_n020,Learned absolute position,other,ElementwiseTransformCore,ElementwiseTransformCore,OP_INPUT_POSITION,07_opt_dense_owner_timing_sequence_v5.mmd,07_opt_dense_owner_timing_sequence_v6.mmd,existing_atlas_repo_grounded,mapped_from_single_block_atlas
7,OPT Dense,07_opt_dense.mmd,1,OPT pre-LN dense block,f07v01_n021,LayerNorm 1,other,NormCore,NormCore,OP_K_PROJ,07_opt_dense_owner_timing_sequence_v5.mmd,07_opt_dense_owner_timing_sequence_v6.mmd,existing_atlas_repo_grounded,mapped_from_single_block_atlas
7,OPT Dense,07_opt_dense.mmd,1,OPT pre-LN dense block,f07v01_n024,K Proj,mac,SharedMatrixCore,SharedMatrixCore,OP_K_PROJ,07_opt_dense_owner_timing_sequence_v5.mmd,07_opt_dense_owner_timing_sequence_v6.mmd,existing_atlas_repo_grounded,mapped_from_single_block_atlas
7,OPT Dense,07_opt_dense.mmd,1,OPT pre-LN dense block,f07v01_n025,V Proj,mac,SharedMatrixCore,SharedMatrixCore,OP_V_PROJ,07_opt_dense_owner_timing_sequence_v5.mmd,07_opt_dense_owner_timing_sequence_v6.mmd,existing_atlas_repo_grounded,mapped_from_single_block_atlas
7,OPT Dense,07_opt_dense.mmd,1,OPT pre-LN dense block,f07v01_n023,Q Proj,mac,SharedMatrixCore,SharedMatrixCore,OP_Q_PROJ,07_opt_dense_owner_timing_sequence_v5.mmd,07_opt_dense_owner_timing_sequence_v6.mmd,existing_atlas_repo_grounded,mapped_from_single_block_atlas
7,OPT Dense,07_opt_dense.mmd,1,OPT pre-LN dense block,f07v01_n026,Q × Kᵀ,mac,SequenceCore,SequenceCore,OP_ATTENTION_OPROJ,07_opt_dense_owner_timing_sequence_v5.mmd,07_opt_dense_owner_timing_sequence_v6.mmd,existing_atlas_repo_grounded,mapped_from_single_block_atlas
7,OPT Dense,07_opt_dense.mmd,1,OPT pre-LN dense block,f07v01_n027,Softmax FP32,other,SequenceCore,SequenceCore,OP_ATTENTION_OPROJ,07_opt_dense_owner_timing_sequence_v5.mmd,07_opt_dense_owner_timing_sequence_v6.mmd,existing_atlas_repo_grounded,mapped_from_single_block_atlas
7,OPT Dense,07_opt_dense.mmd,1,OPT pre-LN dense block,f07v01_n028,P × V,mac,SequenceCore,SequenceCore,OP_ATTENTION_OPROJ,07_opt_dense_owner_timing_sequence_v5.mmd,07_opt_dense_owner_timing_sequence_v6.mmd,existing_atlas_repo_grounded,mapped_from_single_block_atlas
7,OPT Dense,07_opt_dense.mmd,1,OPT pre-LN dense block,f07v01_n029,Output Proj,mac,SharedMatrixCore,SharedMatrixCore,OP_ATTENTION_OPROJ,07_opt_dense_owner_timing_sequence_v5.mmd,07_opt_dense_owner_timing_sequence_v6.mmd,existing_atlas_repo_grounded,mapped_from_single_block_atlas
7,OPT Dense,07_opt_dense.mmd,1,OPT pre-LN dense block,f07v01_n030,+,plus,OutputCommitCore,OutputCommitCore,OP_ATTENTION_OPROJ,07_opt_dense_owner_timing_sequence_v5.mmd,07_opt_dense_owner_timing_sequence_v6.mmd,existing_atlas_repo_grounded,mapped_from_single_block_atlas
7,OPT Dense,07_opt_dense.mmd,1,OPT pre-LN dense block,f07v01_n031,X + Attention,output,OutputCommitCore,OutputCommitCore,OP_ATTENTION_OPROJ,07_opt_dense_owner_timing_sequence_v5.mmd,07_opt_dense_owner_timing_sequence_v6.mmd,existing_atlas_repo_grounded,mapped_from_single_block_atlas
7,OPT Dense,07_opt_dense.mmd,1,OPT pre-LN dense block,f07v01_n032,LayerNorm 2,other,NormCore,NormCore,OP_FFN,07_opt_dense_owner_timing_sequence_v5.mmd,07_opt_dense_owner_timing_sequence_v6.mmd,existing_atlas_repo_grounded,mapped_from_single_block_atlas
7,OPT Dense,07_opt_dense.mmd,1,OPT pre-LN dense block,f07v01_n034,fc1,mac,SharedMatrixCore,SharedMatrixCore,OP_FFN,07_opt_dense_owner_timing_sequence_v5.mmd,07_opt_dense_owner_timing_sequence_v6.mmd,existing_atlas_repo_grounded,mapped_from_single_block_atlas
7,OPT Dense,07_opt_dense.mmd,1,OPT pre-LN dense block,f07v01_n035,ReLU,other,FeedForwardCore,FeedForwardCore,OP_FFN,07_opt_dense_owner_timing_sequence_v5.mmd,07_opt_dense_owner_timing_sequence_v6.mmd,existing_atlas_repo_grounded,mapped_from_single_block_atlas
7,OPT Dense,07_opt_dense.mmd,1,OPT pre-LN dense block,f07v01_n036,fc2,mac,SharedMatrixCore,SharedMatrixCore,OP_FFN,07_opt_dense_owner_timing_sequence_v5.mmd,07_opt_dense_owner_timing_sequence_v6.mmd,existing_atlas_repo_grounded,mapped_from_single_block_atlas
7,OPT Dense,07_opt_dense.mmd,1,OPT pre-LN dense block,f07v01_n037,+,plus,OutputCommitCore,OutputCommitCore,OP_FFN,07_opt_dense_owner_timing_sequence_v5.mmd,07_opt_dense_owner_timing_sequence_v6.mmd,existing_atlas_repo_grounded,mapped_from_single_block_atlas
7,OPT Dense,07_opt_dense.mmd,1,OPT pre-LN dense block,f07v01_n038,Block output,output,OutputCommitCore,OutputCommitCore,OP_FFN,07_opt_dense_owner_timing_sequence_v5.mmd,07_opt_dense_owner_timing_sequence_v6.mmd,existing_atlas_repo_grounded,mapped_from_single_block_atlas
8,Qwen3.5 / Qwen3.6 Hybrid Dense,08_qwen3_5_qwen3_6_hybrid_dense.mmd,1,GDN + dense SwiGLU block,f08v01_n019,X,input,ActivationReadDmaCore,ActivationReadDmaCore,OP_GDN_MIXER,08a_qwen3_5_qwen3_6_hybrid_dense_gdn_owner_timing_sequence_v5.mmd,08a_qwen3_5_qwen3_6_hybrid_dense_gdn_owner_timing_sequence_v6.mmd,existing_atlas_repo_grounded,mapped_from_single_block_atlas
8,Qwen3.5 / Qwen3.6 Hybrid Dense,08_qwen3_5_qwen3_6_hybrid_dense.mmd,1,GDN + dense SwiGLU block,f08v01_n020,RMSNorm 1,other,NormCore,NormCore,OP_GDN_MIXER,08a_qwen3_5_qwen3_6_hybrid_dense_gdn_owner_timing_sequence_v5.mmd,08a_qwen3_5_qwen3_6_hybrid_dense_gdn_owner_timing_sequence_v6.mmd,existing_atlas_repo_grounded,mapped_from_single_block_atlas
8,Qwen3.5 / Qwen3.6 Hybrid Dense,08_qwen3_5_qwen3_6_hybrid_dense.mmd,1,GDN + dense SwiGLU block,f08v01_n022,in_proj_qkv,mac,SharedMatrixCore,SharedMatrixCore,OP_GDN_MIXER,08a_qwen3_5_qwen3_6_hybrid_dense_gdn_owner_timing_sequence_v5.mmd,08a_qwen3_5_qwen3_6_hybrid_dense_gdn_owner_timing_sequence_v6.mmd,existing_atlas_repo_grounded,mapped_from_single_block_atlas
8,Qwen3.5 / Qwen3.6 Hybrid Dense,08_qwen3_5_qwen3_6_hybrid_dense.mmd,1,GDN + dense SwiGLU block,f08v01_n023,in_proj_z,mac,SharedMatrixCore,SharedMatrixCore,OP_GDN_MIXER,08a_qwen3_5_qwen3_6_hybrid_dense_gdn_owner_timing_sequence_v5.mmd,08a_qwen3_5_qwen3_6_hybrid_dense_gdn_owner_timing_sequence_v6.mmd,existing_atlas_repo_grounded,mapped_from_single_block_atlas
8,Qwen3.5 / Qwen3.6 Hybrid Dense,08_qwen3_5_qwen3_6_hybrid_dense.mmd,1,GDN + dense SwiGLU block,f08v01_n024,in_proj_a,mac,SharedMatrixCore,SharedMatrixCore,OP_GDN_MIXER,08a_qwen3_5_qwen3_6_hybrid_dense_gdn_owner_timing_sequence_v5.mmd,08a_qwen3_5_qwen3_6_hybrid_dense_gdn_owner_timing_sequence_v6.mmd,existing_atlas_repo_grounded,mapped_from_single_block_atlas
8,Qwen3.5 / Qwen3.6 Hybrid Dense,08_qwen3_5_qwen3_6_hybrid_dense.mmd,1,GDN + dense SwiGLU block,f08v01_n025,in_proj_b,mac,SharedMatrixCore,SharedMatrixCore,OP_GDN_MIXER,08a_qwen3_5_qwen3_6_hybrid_dense_gdn_owner_timing_sequence_v5.mmd,08a_qwen3_5_qwen3_6_hybrid_dense_gdn_owner_timing_sequence_v6.mmd,existing_atlas_repo_grounded,mapped_from_single_block_atlas
8,Qwen3.5 / Qwen3.6 Hybrid Dense,08_qwen3_5_qwen3_6_hybrid_dense.mmd,1,GDN + dense SwiGLU block,f08v01_n026,Depthwise Conv1D,other,SharedMatrixCore,SharedMatrixCore,OP_GDN_MIXER,08a_qwen3_5_qwen3_6_hybrid_dense_gdn_owner_timing_sequence_v5.mmd,08a_qwen3_5_qwen3_6_hybrid_dense_gdn_owner_timing_sequence_v6.mmd,existing_atlas_repo_grounded,mapped_from_single_block_atlas
8,Qwen3.5 / Qwen3.6 Hybrid Dense,08_qwen3_5_qwen3_6_hybrid_dense.mmd,1,GDN + dense SwiGLU block,f08v01_n027,SiLU,other,ElementwiseTransformCore,ElementwiseTransformCore,OP_GDN_MIXER,08a_qwen3_5_qwen3_6_hybrid_dense_gdn_owner_timing_sequence_v5.mmd,08a_qwen3_5_qwen3_6_hybrid_dense_gdn_owner_timing_sequence_v6.mmd,existing_atlas_repo_grounded,mapped_from_single_block_atlas
8,Qwen3.5 / Qwen3.6 Hybrid Dense,08_qwen3_5_qwen3_6_hybrid_dense.mmd,1,GDN + dense SwiGLU block,f08v01_n028,Split Q / K / V,other,ElementwiseTransformCore,ElementwiseTransformCore,OP_GDN_MIXER,08a_qwen3_5_qwen3_6_hybrid_dense_gdn_owner_timing_sequence_v5.mmd,08a_qwen3_5_qwen3_6_hybrid_dense_gdn_owner_timing_sequence_v6.mmd,existing_atlas_repo_grounded,mapped_from_single_block_atlas
8,Qwen3.5 / Qwen3.6 Hybrid Dense,08_qwen3_5_qwen3_6_hybrid_dense.mmd,1,GDN + dense SwiGLU block,f08v01_n029,Q reshape,other,ElementwiseTransformCore,ElementwiseTransformCore,OP_GDN_MIXER,08a_qwen3_5_qwen3_6_hybrid_dense_gdn_owner_timing_sequence_v5.mmd,08a_qwen3_5_qwen3_6_hybrid_dense_gdn_owner_timing_sequence_v6.mmd,existing_atlas_repo_grounded,mapped_from_single_block_atlas
8,Qwen3.5 / Qwen3.6 Hybrid Dense,08_qwen3_5_qwen3_6_hybrid_dense.mmd,1,GDN + dense SwiGLU block,f08v01_n030,K reshape,other,ElementwiseTransformCore,ElementwiseTransformCore,OP_GDN_MIXER,08a_qwen3_5_qwen3_6_hybrid_dense_gdn_owner_timing_sequence_v5.mmd,08a_qwen3_5_qwen3_6_hybrid_dense_gdn_owner_timing_sequence_v6.mmd,existing_atlas_repo_grounded,mapped_from_single_block_atlas
8,Qwen3.5 / Qwen3.6 Hybrid Dense,08_qwen3_5_qwen3_6_hybrid_dense.mmd,1,GDN + dense SwiGLU block,f08v01_n031,V reshape,other,ElementwiseTransformCore,ElementwiseTransformCore,OP_GDN_MIXER,08a_qwen3_5_qwen3_6_hybrid_dense_gdn_owner_timing_sequence_v5.mmd,08a_qwen3_5_qwen3_6_hybrid_dense_gdn_owner_timing_sequence_v6.mmd,existing_atlas_repo_grounded,mapped_from_single_block_atlas
8,Qwen3.5 / Qwen3.6 Hybrid Dense,08_qwen3_5_qwen3_6_hybrid_dense.mmd,1,GDN + dense SwiGLU block,f08v01_n032,Q L2Norm,other,ElementwiseTransformCore,NormCore,OP_GDN_MIXER,08a_qwen3_5_qwen3_6_hybrid_dense_gdn_owner_timing_sequence_v5.mmd,08a_qwen3_5_qwen3_6_hybrid_dense_gdn_owner_timing_sequence_v6.mmd,existing_atlas_repo_grounded,current_GDN_shared_Norm_service
8,Qwen3.5 / Qwen3.6 Hybrid Dense,08_qwen3_5_qwen3_6_hybrid_dense.mmd,1,GDN + dense SwiGLU block,f08v01_n033,K L2Norm,other,ElementwiseTransformCore,NormCore,OP_GDN_MIXER,08a_qwen3_5_qwen3_6_hybrid_dense_gdn_owner_timing_sequence_v5.mmd,08a_qwen3_5_qwen3_6_hybrid_dense_gdn_owner_timing_sequence_v6.mmd,existing_atlas_repo_grounded,current_GDN_shared_Norm_service
8,Qwen3.5 / Qwen3.6 Hybrid Dense,08_qwen3_5_qwen3_6_hybrid_dense.mmd,1,GDN + dense SwiGLU block,f08v01_n034,Decay preactivation,other,ElementwiseTransformCore,ElementwiseTransformCore,OP_GDN_MIXER,08a_qwen3_5_qwen3_6_hybrid_dense_gdn_owner_timing_sequence_v5.mmd,08a_qwen3_5_qwen3_6_hybrid_dense_gdn_owner_timing_sequence_v6.mmd,existing_atlas_repo_grounded,mapped_from_single_block_atlas
8,Qwen3.5 / Qwen3.6 Hybrid Dense,08_qwen3_5_qwen3_6_hybrid_dense.mmd,1,GDN + dense SwiGLU block,f08v01_n035,Decay factor,other,ElementwiseTransformCore,ElementwiseTransformCore,OP_GDN_MIXER,08a_qwen3_5_qwen3_6_hybrid_dense_gdn_owner_timing_sequence_v5.mmd,08a_qwen3_5_qwen3_6_hybrid_dense_gdn_owner_timing_sequence_v6.mmd,existing_atlas_repo_grounded,mapped_from_single_block_atlas
8,Qwen3.5 / Qwen3.6 Hybrid Dense,08_qwen3_5_qwen3_6_hybrid_dense.mmd,1,GDN + dense SwiGLU block,f08v01_n036,Update gate,other,ElementwiseTransformCore,ElementwiseTransformCore,OP_GDN_MIXER,08a_qwen3_5_qwen3_6_hybrid_dense_gdn_owner_timing_sequence_v5.mmd,08a_qwen3_5_qwen3_6_hybrid_dense_gdn_owner_timing_sequence_v6.mmd,existing_atlas_repo_grounded,mapped_from_single_block_atlas
8,Qwen3.5 / Qwen3.6 Hybrid Dense,08_qwen3_5_qwen3_6_hybrid_dense.mmd,1,GDN + dense SwiGLU block,f08v01_n037,Chunk partition,other,SequenceCore,SequenceCore,OP_GDN_MIXER,08a_qwen3_5_qwen3_6_hybrid_dense_gdn_owner_timing_sequence_v5.mmd,08a_qwen3_5_qwen3_6_hybrid_dense_gdn_owner_timing_sequence_v6.mmd,existing_atlas_repo_grounded,mapped_from_single_block_atlas
8,Qwen3.5 / Qwen3.6 Hybrid Dense,08_qwen3_5_qwen3_6_hybrid_dense.mmd,1,GDN + dense SwiGLU block,f08v01_n038,Decay matrix Γ,other,SequenceCore,SequenceCore,OP_GDN_MIXER,08a_qwen3_5_qwen3_6_hybrid_dense_gdn_owner_timing_sequence_v5.mmd,08a_qwen3_5_qwen3_6_hybrid_dense_gdn_owner_timing_sequence_v6.mmd,existing_atlas_repo_grounded,mapped_from_single_block_atlas
8,Qwen3.5 / Qwen3.6 Hybrid Dense,08_qwen3_5_qwen3_6_hybrid_dense.mmd,1,GDN + dense SwiGLU block,f08v01_n039,K Kᵀ,mac,SequenceCore,SequenceCore,OP_GDN_MIXER,08a_qwen3_5_qwen3_6_hybrid_dense_gdn_owner_timing_sequence_v5.mmd,08a_qwen3_5_qwen3_6_hybrid_dense_gdn_owner_timing_sequence_v6.mmd,existing_atlas_repo_grounded,mapped_from_single_block_atlas
8,Qwen3.5 / Qwen3.6 Hybrid Dense,08_qwen3_5_qwen3_6_hybrid_dense.mmd,1,GDN + dense SwiGLU block,f08v01_n040,Build strict-lower L,other,SequenceCore,SequenceCore,OP_GDN_MIXER,08a_qwen3_5_qwen3_6_hybrid_dense_gdn_owner_timing_sequence_v5.mmd,08a_qwen3_5_qwen3_6_hybrid_dense_gdn_owner_timing_sequence_v6.mmd,existing_atlas_repo_grounded,mapped_from_single_block_atlas
8,Qwen3.5 / Qwen3.6 Hybrid Dense,08_qwen3_5_qwen3_6_hybrid_dense.mmd,1,GDN + dense SwiGLU block,f08v01_n041,Triangular solve,other,SequenceCore,SequenceCore,OP_GDN_MIXER,08a_qwen3_5_qwen3_6_hybrid_dense_gdn_owner_timing_sequence_v5.mmd,08a_qwen3_5_qwen3_6_hybrid_dense_gdn_owner_timing_sequence_v6.mmd,existing_atlas_repo_grounded,mapped_from_single_block_atlas
8,Qwen3.5 / Qwen3.6 Hybrid Dense,08_qwen3_5_qwen3_6_hybrid_dense.mmd,1,GDN + dense SwiGLU block,f08v01_n042,Q Kᵀ,mac,SequenceCore,SequenceCore,OP_GDN_MIXER,08a_qwen3_5_qwen3_6_hybrid_dense_gdn_owner_timing_sequence_v5.mmd,08a_qwen3_5_qwen3_6_hybrid_dense_gdn_owner_timing_sequence_v6.mmd,existing_atlas_repo_grounded,mapped_from_single_block_atlas
8,Qwen3.5 / Qwen3.6 Hybrid Dense,08_qwen3_5_qwen3_6_hybrid_dense.mmd,1,GDN + dense SwiGLU block,f08v01_n043,Intra-chunk output,mac,SequenceCore,SequenceCore,OP_GDN_MIXER,08a_qwen3_5_qwen3_6_hybrid_dense_gdn_owner_timing_sequence_v5.mmd,08a_qwen3_5_qwen3_6_hybrid_dense_gdn_owner_timing_sequence_v6.mmd,existing_atlas_repo_grounded,mapped_from_single_block_atlas
8,Qwen3.5 / Qwen3.6 Hybrid Dense,08_qwen3_5_qwen3_6_hybrid_dense.mmd,1,GDN + dense SwiGLU block,f08v01_n044,State read,mac,SequenceCore,SequenceCore,OP_GDN_MIXER,08a_qwen3_5_qwen3_6_hybrid_dense_gdn_owner_timing_sequence_v5.mmd,08a_qwen3_5_qwen3_6_hybrid_dense_gdn_owner_timing_sequence_v6.mmd,existing_atlas_repo_grounded,mapped_from_single_block_atlas
8,Qwen3.5 / Qwen3.6 Hybrid Dense,08_qwen3_5_qwen3_6_hybrid_dense.mmd,1,GDN + dense SwiGLU block,f08v01_n045,Output combine,other,SequenceCore,SequenceCore,OP_GDN_MIXER,08a_qwen3_5_qwen3_6_hybrid_dense_gdn_owner_timing_sequence_v5.mmd,08a_qwen3_5_qwen3_6_hybrid_dense_gdn_owner_timing_sequence_v6.mmd,existing_atlas_repo_grounded,mapped_from_single_block_atlas
8,Qwen3.5 / Qwen3.6 Hybrid Dense,08_qwen3_5_qwen3_6_hybrid_dense.mmd,1,GDN + dense SwiGLU block,f08v01_n046,Kᵀ U,mac,SequenceCore,SequenceCore,OP_GDN_MIXER,08a_qwen3_5_qwen3_6_hybrid_dense_gdn_owner_timing_sequence_v5.mmd,08a_qwen3_5_qwen3_6_hybrid_dense_gdn_owner_timing_sequence_v6.mmd,existing_atlas_repo_grounded,mapped_from_single_block_atlas
8,Qwen3.5 / Qwen3.6 Hybrid Dense,08_qwen3_5_qwen3_6_hybrid_dense.mmd,1,GDN + dense SwiGLU block,f08v01_n047,State decay,other,SequenceCore,SequenceCore,OP_GDN_MIXER,08a_qwen3_5_qwen3_6_hybrid_dense_gdn_owner_timing_sequence_v5.mmd,08a_qwen3_5_qwen3_6_hybrid_dense_gdn_owner_timing_sequence_v6.mmd,existing_atlas_repo_grounded,mapped_from_single_block_atlas
8,Qwen3.5 / Qwen3.6 Hybrid Dense,08_qwen3_5_qwen3_6_hybrid_dense.mmd,1,GDN + dense SwiGLU block,f08v01_n048,+,plus,SequenceCore,SequenceCore,OP_GDN_MIXER,08a_qwen3_5_qwen3_6_hybrid_dense_gdn_owner_timing_sequence_v5.mmd,08a_qwen3_5_qwen3_6_hybrid_dense_gdn_owner_timing_sequence_v6.mmd,existing_atlas_repo_grounded,mapped_from_single_block_atlas
8,Qwen3.5 / Qwen3.6 Hybrid Dense,08_qwen3_5_qwen3_6_hybrid_dense.mmd,1,GDN + dense SwiGLU block,f08v01_n049,Recurrent state S,state,KVStateCore,KVStateCore,OP_GDN_MIXER,08a_qwen3_5_qwen3_6_hybrid_dense_gdn_owner_timing_sequence_v5.mmd,08a_qwen3_5_qwen3_6_hybrid_dense_gdn_owner_timing_sequence_v6.mmd,existing_atlas_repo_grounded,mapped_from_single_block_atlas
8,Qwen3.5 / Qwen3.6 Hybrid Dense,08_qwen3_5_qwen3_6_hybrid_dense.mmd,1,GDN + dense SwiGLU block,f08v01_n050,RMSNormGated,other,NormCore,NormCore,OP_GDN_MIXER,08a_qwen3_5_qwen3_6_hybrid_dense_gdn_owner_timing_sequence_v5.mmd,08a_qwen3_5_qwen3_6_hybrid_dense_gdn_owner_timing_sequence_v6.mmd,existing_atlas_repo_grounded,mapped_from_single_block_atlas
8,Qwen3.5 / Qwen3.6 Hybrid Dense,08_qwen3_5_qwen3_6_hybrid_dense.mmd,1,GDN + dense SwiGLU block,f08v01_n051,out_proj,mac,SharedMatrixCore,SharedMatrixCore,OP_GDN_MIXER,08a_qwen3_5_qwen3_6_hybrid_dense_gdn_owner_timing_sequence_v5.mmd,08a_qwen3_5_qwen3_6_hybrid_dense_gdn_owner_timing_sequence_v6.mmd,existing_atlas_repo_grounded,mapped_from_single_block_atlas
8,Qwen3.5 / Qwen3.6 Hybrid Dense,08_qwen3_5_qwen3_6_hybrid_dense.mmd,1,GDN + dense SwiGLU block,f08v01_n052,+,plus,OutputCommitCore,OutputCommitCore,OP_GDN_MIXER,08a_qwen3_5_qwen3_6_hybrid_dense_gdn_owner_timing_sequence_v5.mmd,08a_qwen3_5_qwen3_6_hybrid_dense_gdn_owner_timing_sequence_v6.mmd,existing_atlas_repo_grounded,mapped_from_single_block_atlas
8,Qwen3.5 / Qwen3.6 Hybrid Dense,08_qwen3_5_qwen3_6_hybrid_dense.mmd,1,GDN + dense SwiGLU block,f08v01_n053,X + GDN,output,OutputCommitCore,OutputCommitCore,OP_GDN_MIXER,08a_qwen3_5_qwen3_6_hybrid_dense_gdn_owner_timing_sequence_v5.mmd,08a_qwen3_5_qwen3_6_hybrid_dense_gdn_owner_timing_sequence_v6.mmd,existing_atlas_repo_grounded,mapped_from_single_block_atlas
8,Qwen3.5 / Qwen3.6 Hybrid Dense,08_qwen3_5_qwen3_6_hybrid_dense.mmd,1,GDN + dense SwiGLU block,f08v01_n054,RMSNorm 2,other,NormCore,NormCore,OP_FFN,08a_qwen3_5_qwen3_6_hybrid_dense_gdn_owner_timing_sequence_v5.mmd,08a_qwen3_5_qwen3_6_hybrid_dense_gdn_owner_timing_sequence_v6.mmd,existing_atlas_repo_grounded,mapped_from_single_block_atlas
8,Qwen3.5 / Qwen3.6 Hybrid Dense,08_qwen3_5_qwen3_6_hybrid_dense.mmd,1,GDN + dense SwiGLU block,f08v01_n056,gate_proj,mac,SharedMatrixCore,SharedMatrixCore,OP_FFN,08a_qwen3_5_qwen3_6_hybrid_dense_gdn_owner_timing_sequence_v5.mmd,08a_qwen3_5_qwen3_6_hybrid_dense_gdn_owner_timing_sequence_v6.mmd,existing_atlas_repo_grounded,mapped_from_single_block_atlas
8,Qwen3.5 / Qwen3.6 Hybrid Dense,08_qwen3_5_qwen3_6_hybrid_dense.mmd,1,GDN + dense SwiGLU block,f08v01_n057,up_proj,mac,SharedMatrixCore,SharedMatrixCore,OP_FFN,08a_qwen3_5_qwen3_6_hybrid_dense_gdn_owner_timing_sequence_v5.mmd,08a_qwen3_5_qwen3_6_hybrid_dense_gdn_owner_timing_sequence_v6.mmd,existing_atlas_repo_grounded,mapped_from_single_block_atlas
8,Qwen3.5 / Qwen3.6 Hybrid Dense,08_qwen3_5_qwen3_6_hybrid_dense.mmd,1,GDN + dense SwiGLU block,f08v01_n058,SiLU,other,FeedForwardCore,SharedMatrixCore,OP_FFN,08a_qwen3_5_qwen3_6_hybrid_dense_gdn_owner_timing_sequence_v5.mmd,08a_qwen3_5_qwen3_6_hybrid_dense_gdn_owner_timing_sequence_v6.mmd,existing_atlas_repo_grounded,current_fused_MlpSiluLane32Core
8,Qwen3.5 / Qwen3.6 Hybrid Dense,08_qwen3_5_qwen3_6_hybrid_dense.mmd,1,GDN + dense SwiGLU block,f08v01_n059,Elementwise gate,other,FeedForwardCore,SharedMatrixCore,OP_FFN,08a_qwen3_5_qwen3_6_hybrid_dense_gdn_owner_timing_sequence_v5.mmd,08a_qwen3_5_qwen3_6_hybrid_dense_gdn_owner_timing_sequence_v6.mmd,existing_atlas_repo_grounded,current_fused_MlpSiluLane32Core
8,Qwen3.5 / Qwen3.6 Hybrid Dense,08_qwen3_5_qwen3_6_hybrid_dense.mmd,1,GDN + dense SwiGLU block,f08v01_n060,down_proj,mac,SharedMatrixCore,SharedMatrixCore,OP_FFN,08a_qwen3_5_qwen3_6_hybrid_dense_gdn_owner_timing_sequence_v5.mmd,08a_qwen3_5_qwen3_6_hybrid_dense_gdn_owner_timing_sequence_v6.mmd,existing_atlas_repo_grounded,mapped_from_single_block_atlas
8,Qwen3.5 / Qwen3.6 Hybrid Dense,08_qwen3_5_qwen3_6_hybrid_dense.mmd,1,GDN + dense SwiGLU block,f08v01_n061,+,plus,OutputCommitCore,OutputCommitCore,OP_FFN,08a_qwen3_5_qwen3_6_hybrid_dense_gdn_owner_timing_sequence_v5.mmd,08a_qwen3_5_qwen3_6_hybrid_dense_gdn_owner_timing_sequence_v6.mmd,existing_atlas_repo_grounded,mapped_from_single_block_atlas
8,Qwen3.5 / Qwen3.6 Hybrid Dense,08_qwen3_5_qwen3_6_hybrid_dense.mmd,1,GDN + dense SwiGLU block,f08v01_n062,Block output,output,OutputCommitCore,OutputCommitCore,OP_FFN,08a_qwen3_5_qwen3_6_hybrid_dense_gdn_owner_timing_sequence_v5.mmd,08a_qwen3_5_qwen3_6_hybrid_dense_gdn_owner_timing_sequence_v6.mmd,existing_atlas_repo_grounded,mapped_from_single_block_atlas
8,Qwen3.5 / Qwen3.6 Hybrid Dense,08_qwen3_5_qwen3_6_hybrid_dense.mmd,2,Gated full-attention + dense SwiGLU block,f08v02_n019,X,input,ActivationReadDmaCore,ActivationReadDmaCore,OP_K_PROJ,08b_qwen3_5_qwen3_6_hybrid_dense_full_attention_owner_timing_sequence_v5.mmd,08b_qwen3_5_qwen3_6_hybrid_dense_full_attention_owner_timing_sequence_v6.mmd,existing_atlas_repo_grounded,mapped_from_single_block_atlas
8,Qwen3.5 / Qwen3.6 Hybrid Dense,08_qwen3_5_qwen3_6_hybrid_dense.mmd,2,Gated full-attention + dense SwiGLU block,f08v02_n020,RMSNorm 1,other,NormCore,NormCore,OP_K_PROJ,08b_qwen3_5_qwen3_6_hybrid_dense_full_attention_owner_timing_sequence_v5.mmd,08b_qwen3_5_qwen3_6_hybrid_dense_full_attention_owner_timing_sequence_v6.mmd,existing_atlas_repo_grounded,mapped_from_single_block_atlas
8,Qwen3.5 / Qwen3.6 Hybrid Dense,08_qwen3_5_qwen3_6_hybrid_dense.mmd,2,Gated full-attention + dense SwiGLU block,f08v02_n022,K Proj,mac,SharedMatrixCore,SharedMatrixCore,OP_K_PROJ,08b_qwen3_5_qwen3_6_hybrid_dense_full_attention_owner_timing_sequence_v5.mmd,08b_qwen3_5_qwen3_6_hybrid_dense_full_attention_owner_timing_sequence_v6.mmd,existing_atlas_repo_grounded,mapped_from_single_block_atlas
8,Qwen3.5 / Qwen3.6 Hybrid Dense,08_qwen3_5_qwen3_6_hybrid_dense.mmd,2,Gated full-attention + dense SwiGLU block,f08v02_n025,K Head RMSNorm,other,NormCore,NormCore,OP_K_PROJ,08b_qwen3_5_qwen3_6_hybrid_dense_full_attention_owner_timing_sequence_v5.mmd,08b_qwen3_5_qwen3_6_hybrid_dense_full_attention_owner_timing_sequence_v6.mmd,existing_atlas_repo_grounded,mapped_from_single_block_atlas
8,Qwen3.5 / Qwen3.6 Hybrid Dense,08_qwen3_5_qwen3_6_hybrid_dense.mmd,2,Gated full-attention + dense SwiGLU block,f08v02_n027,Partial RoPE,other,ElementwiseTransformCore,ElementwiseTransformCore,OP_K_PROJ,08b_qwen3_5_qwen3_6_hybrid_dense_full_attention_owner_timing_sequence_v5.mmd,08b_qwen3_5_qwen3_6_hybrid_dense_full_attention_owner_timing_sequence_v6.mmd,existing_atlas_repo_grounded,mapped_from_single_block_atlas
8,Qwen3.5 / Qwen3.6 Hybrid Dense,08_qwen3_5_qwen3_6_hybrid_dense.mmd,2,Gated full-attention + dense SwiGLU block,f08v02_n029,K cache,state,KVStateCore,KVStateCore,OP_K_PROJ,08b_qwen3_5_qwen3_6_hybrid_dense_full_attention_owner_timing_sequence_v5.mmd,08b_qwen3_5_qwen3_6_hybrid_dense_full_attention_owner_timing_sequence_v6.mmd,existing_atlas_repo_grounded,mapped_from_single_block_atlas
8,Qwen3.5 / Qwen3.6 Hybrid Dense,08_qwen3_5_qwen3_6_hybrid_dense.mmd,2,Gated full-attention + dense SwiGLU block,f08v02_n024,V Proj,mac,SharedMatrixCore,SharedMatrixCore,OP_V_PROJ,08b_qwen3_5_qwen3_6_hybrid_dense_full_attention_owner_timing_sequence_v5.mmd,08b_qwen3_5_qwen3_6_hybrid_dense_full_attention_owner_timing_sequence_v6.mmd,existing_atlas_repo_grounded,mapped_from_single_block_atlas
8,Qwen3.5 / Qwen3.6 Hybrid Dense,08_qwen3_5_qwen3_6_hybrid_dense.mmd,2,Gated full-attention + dense SwiGLU block,f08v02_n030,V cache,state,KVStateCore,KVStateCore,OP_V_PROJ,08b_qwen3_5_qwen3_6_hybrid_dense_full_attention_owner_timing_sequence_v5.mmd,08b_qwen3_5_qwen3_6_hybrid_dense_full_attention_owner_timing_sequence_v6.mmd,existing_atlas_repo_grounded,mapped_from_single_block_atlas
8,Qwen3.5 / Qwen3.6 Hybrid Dense,08_qwen3_5_qwen3_6_hybrid_dense.mmd,2,Gated full-attention + dense SwiGLU block,f08v02_n023,Q Proj + gate,mac,SharedMatrixCore,SharedMatrixCore,OP_Q_PROJ,08b_qwen3_5_qwen3_6_hybrid_dense_full_attention_owner_timing_sequence_v5.mmd,08b_qwen3_5_qwen3_6_hybrid_dense_full_attention_owner_timing_sequence_v6.mmd,existing_atlas_repo_grounded,mapped_from_single_block_atlas
8,Qwen3.5 / Qwen3.6 Hybrid Dense,08_qwen3_5_qwen3_6_hybrid_dense.mmd,2,Gated full-attention + dense SwiGLU block,f08v02_n026,Q Head RMSNorm,other,NormCore,NormCore,OP_Q_PROJ,08b_qwen3_5_qwen3_6_hybrid_dense_full_attention_owner_timing_sequence_v5.mmd,08b_qwen3_5_qwen3_6_hybrid_dense_full_attention_owner_timing_sequence_v6.mmd,existing_atlas_repo_grounded,mapped_from_single_block_atlas
8,Qwen3.5 / Qwen3.6 Hybrid Dense,08_qwen3_5_qwen3_6_hybrid_dense.mmd,2,Gated full-attention + dense SwiGLU block,f08v02_n028,Partial RoPE,other,ElementwiseTransformCore,ElementwiseTransformCore,OP_Q_PROJ,08b_qwen3_5_qwen3_6_hybrid_dense_full_attention_owner_timing_sequence_v5.mmd,08b_qwen3_5_qwen3_6_hybrid_dense_full_attention_owner_timing_sequence_v6.mmd,existing_atlas_repo_grounded,mapped_from_single_block_atlas
8,Qwen3.5 / Qwen3.6 Hybrid Dense,08_qwen3_5_qwen3_6_hybrid_dense.mmd,2,Gated full-attention + dense SwiGLU block,f08v02_n031,K head repeat ×4,other,SequenceCore,SequenceCore,OP_ATTENTION_OPROJ,08b_qwen3_5_qwen3_6_hybrid_dense_full_attention_owner_timing_sequence_v5.mmd,08b_qwen3_5_qwen3_6_hybrid_dense_full_attention_owner_timing_sequence_v6.mmd,existing_atlas_repo_grounded,mapped_from_single_block_atlas
8,Qwen3.5 / Qwen3.6 Hybrid Dense,08_qwen3_5_qwen3_6_hybrid_dense.mmd,2,Gated full-attention + dense SwiGLU block,f08v02_n032,V head repeat ×4,other,SequenceCore,SequenceCore,OP_ATTENTION_OPROJ,08b_qwen3_5_qwen3_6_hybrid_dense_full_attention_owner_timing_sequence_v5.mmd,08b_qwen3_5_qwen3_6_hybrid_dense_full_attention_owner_timing_sequence_v6.mmd,existing_atlas_repo_grounded,mapped_from_single_block_atlas
8,Qwen3.5 / Qwen3.6 Hybrid Dense,08_qwen3_5_qwen3_6_hybrid_dense.mmd,2,Gated full-attention + dense SwiGLU block,f08v02_n033,Q × Kᵀ,mac,SequenceCore,SequenceCore,OP_ATTENTION_OPROJ,08b_qwen3_5_qwen3_6_hybrid_dense_full_attention_owner_timing_sequence_v5.mmd,08b_qwen3_5_qwen3_6_hybrid_dense_full_attention_owner_timing_sequence_v6.mmd,existing_atlas_repo_grounded,mapped_from_single_block_atlas
8,Qwen3.5 / Qwen3.6 Hybrid Dense,08_qwen3_5_qwen3_6_hybrid_dense.mmd,2,Gated full-attention + dense SwiGLU block,f08v02_n034,Softmax FP32,other,SequenceCore,SequenceCore,OP_ATTENTION_OPROJ,08b_qwen3_5_qwen3_6_hybrid_dense_full_attention_owner_timing_sequence_v5.mmd,08b_qwen3_5_qwen3_6_hybrid_dense_full_attention_owner_timing_sequence_v6.mmd,existing_atlas_repo_grounded,mapped_from_single_block_atlas
8,Qwen3.5 / Qwen3.6 Hybrid Dense,08_qwen3_5_qwen3_6_hybrid_dense.mmd,2,Gated full-attention + dense SwiGLU block,f08v02_n035,P × V,mac,SequenceCore,SequenceCore,OP_ATTENTION_OPROJ,08b_qwen3_5_qwen3_6_hybrid_dense_full_attention_owner_timing_sequence_v5.mmd,08b_qwen3_5_qwen3_6_hybrid_dense_full_attention_owner_timing_sequence_v6.mmd,existing_atlas_repo_grounded,mapped_from_single_block_atlas
8,Qwen3.5 / Qwen3.6 Hybrid Dense,08_qwen3_5_qwen3_6_hybrid_dense.mmd,2,Gated full-attention + dense SwiGLU block,f08v02_n036,Q-gate sigmoid,other,ElementwiseTransformCore,SequenceCore,OP_ATTENTION_OPROJ,08b_qwen3_5_qwen3_6_hybrid_dense_full_attention_owner_timing_sequence_v5.mmd,08b_qwen3_5_qwen3_6_hybrid_dense_full_attention_owner_timing_sequence_v6.mmd,existing_atlas_repo_grounded,AttentionOutputGateCore_in_Sequence
8,Qwen3.5 / Qwen3.6 Hybrid Dense,08_qwen3_5_qwen3_6_hybrid_dense.mmd,2,Gated full-attention + dense SwiGLU block,f08v02_n037,Context gating,other,ElementwiseTransformCore,SequenceCore,OP_ATTENTION_OPROJ,08b_qwen3_5_qwen3_6_hybrid_dense_full_attention_owner_timing_sequence_v5.mmd,08b_qwen3_5_qwen3_6_hybrid_dense_full_attention_owner_timing_sequence_v6.mmd,existing_atlas_repo_grounded,AttentionOutputGateCore_in_Sequence
8,Qwen3.5 / Qwen3.6 Hybrid Dense,08_qwen3_5_qwen3_6_hybrid_dense.mmd,2,Gated full-attention + dense SwiGLU block,f08v02_n038,O Proj,mac,SharedMatrixCore,SharedMatrixCore,OP_ATTENTION_OPROJ,08b_qwen3_5_qwen3_6_hybrid_dense_full_attention_owner_timing_sequence_v5.mmd,08b_qwen3_5_qwen3_6_hybrid_dense_full_attention_owner_timing_sequence_v6.mmd,existing_atlas_repo_grounded,mapped_from_single_block_atlas
8,Qwen3.5 / Qwen3.6 Hybrid Dense,08_qwen3_5_qwen3_6_hybrid_dense.mmd,2,Gated full-attention + dense SwiGLU block,f08v02_n039,+,plus,OutputCommitCore,OutputCommitCore,OP_ATTENTION_OPROJ,08b_qwen3_5_qwen3_6_hybrid_dense_full_attention_owner_timing_sequence_v5.mmd,08b_qwen3_5_qwen3_6_hybrid_dense_full_attention_owner_timing_sequence_v6.mmd,existing_atlas_repo_grounded,mapped_from_single_block_atlas
8,Qwen3.5 / Qwen3.6 Hybrid Dense,08_qwen3_5_qwen3_6_hybrid_dense.mmd,2,Gated full-attention + dense SwiGLU block,f08v02_n040,X + Attention,output,OutputCommitCore,OutputCommitCore,OP_ATTENTION_OPROJ,08b_qwen3_5_qwen3_6_hybrid_dense_full_attention_owner_timing_sequence_v5.mmd,08b_qwen3_5_qwen3_6_hybrid_dense_full_attention_owner_timing_sequence_v6.mmd,existing_atlas_repo_grounded,mapped_from_single_block_atlas
8,Qwen3.5 / Qwen3.6 Hybrid Dense,08_qwen3_5_qwen3_6_hybrid_dense.mmd,2,Gated full-attention + dense SwiGLU block,f08v02_n041,RMSNorm 2,other,NormCore,NormCore,OP_FFN,08b_qwen3_5_qwen3_6_hybrid_dense_full_attention_owner_timing_sequence_v5.mmd,08b_qwen3_5_qwen3_6_hybrid_dense_full_attention_owner_timing_sequence_v6.mmd,existing_atlas_repo_grounded,mapped_from_single_block_atlas
8,Qwen3.5 / Qwen3.6 Hybrid Dense,08_qwen3_5_qwen3_6_hybrid_dense.mmd,2,Gated full-attention + dense SwiGLU block,f08v02_n043,gate_proj,mac,SharedMatrixCore,SharedMatrixCore,OP_FFN,08b_qwen3_5_qwen3_6_hybrid_dense_full_attention_owner_timing_sequence_v5.mmd,08b_qwen3_5_qwen3_6_hybrid_dense_full_attention_owner_timing_sequence_v6.mmd,existing_atlas_repo_grounded,mapped_from_single_block_atlas
8,Qwen3.5 / Qwen3.6 Hybrid Dense,08_qwen3_5_qwen3_6_hybrid_dense.mmd,2,Gated full-attention + dense SwiGLU block,f08v02_n044,up_proj,mac,SharedMatrixCore,SharedMatrixCore,OP_FFN,08b_qwen3_5_qwen3_6_hybrid_dense_full_attention_owner_timing_sequence_v5.mmd,08b_qwen3_5_qwen3_6_hybrid_dense_full_attention_owner_timing_sequence_v6.mmd,existing_atlas_repo_grounded,mapped_from_single_block_atlas
8,Qwen3.5 / Qwen3.6 Hybrid Dense,08_qwen3_5_qwen3_6_hybrid_dense.mmd,2,Gated full-attention + dense SwiGLU block,f08v02_n045,SiLU,other,FeedForwardCore,SharedMatrixCore,OP_FFN,08b_qwen3_5_qwen3_6_hybrid_dense_full_attention_owner_timing_sequence_v5.mmd,08b_qwen3_5_qwen3_6_hybrid_dense_full_attention_owner_timing_sequence_v6.mmd,existing_atlas_repo_grounded,current_fused_MlpSiluLane32Core
8,Qwen3.5 / Qwen3.6 Hybrid Dense,08_qwen3_5_qwen3_6_hybrid_dense.mmd,2,Gated full-attention + dense SwiGLU block,f08v02_n046,Elementwise gate,other,FeedForwardCore,SharedMatrixCore,OP_FFN,08b_qwen3_5_qwen3_6_hybrid_dense_full_attention_owner_timing_sequence_v5.mmd,08b_qwen3_5_qwen3_6_hybrid_dense_full_attention_owner_timing_sequence_v6.mmd,existing_atlas_repo_grounded,current_fused_MlpSiluLane32Core
8,Qwen3.5 / Qwen3.6 Hybrid Dense,08_qwen3_5_qwen3_6_hybrid_dense.mmd,2,Gated full-attention + dense SwiGLU block,f08v02_n047,down_proj,mac,SharedMatrixCore,SharedMatrixCore,OP_FFN,08b_qwen3_5_qwen3_6_hybrid_dense_full_attention_owner_timing_sequence_v5.mmd,08b_qwen3_5_qwen3_6_hybrid_dense_full_attention_owner_timing_sequence_v6.mmd,existing_atlas_repo_grounded,mapped_from_single_block_atlas
8,Qwen3.5 / Qwen3.6 Hybrid Dense,08_qwen3_5_qwen3_6_hybrid_dense.mmd,2,Gated full-attention + dense SwiGLU block,f08v02_n048,+,plus,OutputCommitCore,OutputCommitCore,OP_FFN,08b_qwen3_5_qwen3_6_hybrid_dense_full_attention_owner_timing_sequence_v5.mmd,08b_qwen3_5_qwen3_6_hybrid_dense_full_attention_owner_timing_sequence_v6.mmd,existing_atlas_repo_grounded,mapped_from_single_block_atlas
8,Qwen3.5 / Qwen3.6 Hybrid Dense,08_qwen3_5_qwen3_6_hybrid_dense.mmd,2,Gated full-attention + dense SwiGLU block,f08v02_n049,Block output,output,OutputCommitCore,OutputCommitCore,OP_FFN,08b_qwen3_5_qwen3_6_hybrid_dense_full_attention_owner_timing_sequence_v5.mmd,08b_qwen3_5_qwen3_6_hybrid_dense_full_attention_owner_timing_sequence_v6.mmd,existing_atlas_repo_grounded,mapped_from_single_block_atlas
9,GPT-OSS MoE,09_gpt_oss_moe.mmd,1,Sliding-window attention + Top-4 MoE block,f09v01_n019,X,input,ActivationReadDmaCore,ActivationReadDmaCore,OP_K_PROJ,09_gpt_oss_moe_owner_timing_sequence_v5.mmd,09_gpt_oss_moe_owner_timing_sequence_v6.mmd,existing_atlas_repo_grounded,mapped_from_single_block_atlas
9,GPT-OSS MoE,09_gpt_oss_moe.mmd,1,Sliding-window attention + Top-4 MoE block,f09v01_n020,RMSNorm 1,other,NormCore,NormCore,OP_K_PROJ,09_gpt_oss_moe_owner_timing_sequence_v5.mmd,09_gpt_oss_moe_owner_timing_sequence_v6.mmd,existing_atlas_repo_grounded,mapped_from_single_block_atlas
9,GPT-OSS MoE,09_gpt_oss_moe.mmd,1,Sliding-window attention + Top-4 MoE block,f09v01_n022,K Proj,mac,SharedMatrixCore,SharedMatrixCore,OP_K_PROJ,09_gpt_oss_moe_owner_timing_sequence_v5.mmd,09_gpt_oss_moe_owner_timing_sequence_v6.mmd,existing_atlas_repo_grounded,mapped_from_single_block_atlas
9,GPT-OSS MoE,09_gpt_oss_moe.mmd,1,Sliding-window attention + Top-4 MoE block,f09v01_n025,RoPE,other,ElementwiseTransformCore,ElementwiseTransformCore,OP_K_PROJ,09_gpt_oss_moe_owner_timing_sequence_v5.mmd,09_gpt_oss_moe_owner_timing_sequence_v6.mmd,existing_atlas_repo_grounded,mapped_from_single_block_atlas
9,GPT-OSS MoE,09_gpt_oss_moe.mmd,1,Sliding-window attention + Top-4 MoE block,f09v01_n027,K cache,state,KVStateCore,KVStateCore,OP_K_PROJ,09_gpt_oss_moe_owner_timing_sequence_v5.mmd,09_gpt_oss_moe_owner_timing_sequence_v6.mmd,existing_atlas_repo_grounded,mapped_from_single_block_atlas
9,GPT-OSS MoE,09_gpt_oss_moe.mmd,1,Sliding-window attention + Top-4 MoE block,f09v01_n024,V Proj,mac,SharedMatrixCore,SharedMatrixCore,OP_V_PROJ,09_gpt_oss_moe_owner_timing_sequence_v5.mmd,09_gpt_oss_moe_owner_timing_sequence_v6.mmd,existing_atlas_repo_grounded,mapped_from_single_block_atlas
9,GPT-OSS MoE,09_gpt_oss_moe.mmd,1,Sliding-window attention + Top-4 MoE block,f09v01_n028,V cache,state,KVStateCore,KVStateCore,OP_V_PROJ,09_gpt_oss_moe_owner_timing_sequence_v5.mmd,09_gpt_oss_moe_owner_timing_sequence_v6.mmd,existing_atlas_repo_grounded,mapped_from_single_block_atlas
9,GPT-OSS MoE,09_gpt_oss_moe.mmd,1,Sliding-window attention + Top-4 MoE block,f09v01_n023,Q Proj,mac,SharedMatrixCore,SharedMatrixCore,OP_Q_PROJ,09_gpt_oss_moe_owner_timing_sequence_v5.mmd,09_gpt_oss_moe_owner_timing_sequence_v6.mmd,existing_atlas_repo_grounded,mapped_from_single_block_atlas
9,GPT-OSS MoE,09_gpt_oss_moe.mmd,1,Sliding-window attention + Top-4 MoE block,f09v01_n026,RoPE,other,ElementwiseTransformCore,ElementwiseTransformCore,OP_Q_PROJ,09_gpt_oss_moe_owner_timing_sequence_v5.mmd,09_gpt_oss_moe_owner_timing_sequence_v6.mmd,existing_atlas_repo_grounded,mapped_from_single_block_atlas
9,GPT-OSS MoE,09_gpt_oss_moe.mmd,1,Sliding-window attention + Top-4 MoE block,f09v01_n029,K head repeat ×8,other,SequenceCore,SequenceCore,OP_ATTENTION_OPROJ,09_gpt_oss_moe_owner_timing_sequence_v5.mmd,09_gpt_oss_moe_owner_timing_sequence_v6.mmd,existing_atlas_repo_grounded,mapped_from_single_block_atlas
9,GPT-OSS MoE,09_gpt_oss_moe.mmd,1,Sliding-window attention + Top-4 MoE block,f09v01_n030,V head repeat ×8,other,SequenceCore,SequenceCore,OP_ATTENTION_OPROJ,09_gpt_oss_moe_owner_timing_sequence_v5.mmd,09_gpt_oss_moe_owner_timing_sequence_v6.mmd,existing_atlas_repo_grounded,mapped_from_single_block_atlas
9,GPT-OSS MoE,09_gpt_oss_moe.mmd,1,Sliding-window attention + Top-4 MoE block,f09v01_n031,Q × Kᵀ,mac,SequenceCore,SequenceCore,OP_ATTENTION_OPROJ,09_gpt_oss_moe_owner_timing_sequence_v5.mmd,09_gpt_oss_moe_owner_timing_sequence_v6.mmd,existing_atlas_repo_grounded,mapped_from_single_block_atlas
9,GPT-OSS MoE,09_gpt_oss_moe.mmd,1,Sliding-window attention + Top-4 MoE block,f09v01_n032,Softmax FP32 + sink,other,SequenceCore,SequenceCore,OP_ATTENTION_OPROJ,09_gpt_oss_moe_owner_timing_sequence_v5.mmd,09_gpt_oss_moe_owner_timing_sequence_v6.mmd,existing_atlas_repo_grounded,mapped_from_single_block_atlas
9,GPT-OSS MoE,09_gpt_oss_moe.mmd,1,Sliding-window attention + Top-4 MoE block,f09v01_n033,P × V,mac,SequenceCore,SequenceCore,OP_ATTENTION_OPROJ,09_gpt_oss_moe_owner_timing_sequence_v5.mmd,09_gpt_oss_moe_owner_timing_sequence_v6.mmd,existing_atlas_repo_grounded,mapped_from_single_block_atlas
9,GPT-OSS MoE,09_gpt_oss_moe.mmd,1,Sliding-window attention + Top-4 MoE block,f09v01_n034,O Proj,mac,SharedMatrixCore,SharedMatrixCore,OP_ATTENTION_OPROJ,09_gpt_oss_moe_owner_timing_sequence_v5.mmd,09_gpt_oss_moe_owner_timing_sequence_v6.mmd,existing_atlas_repo_grounded,mapped_from_single_block_atlas
9,GPT-OSS MoE,09_gpt_oss_moe.mmd,1,Sliding-window attention + Top-4 MoE block,f09v01_n035,+,plus,OutputCommitCore,OutputCommitCore,OP_ATTENTION_OPROJ,09_gpt_oss_moe_owner_timing_sequence_v5.mmd,09_gpt_oss_moe_owner_timing_sequence_v6.mmd,existing_atlas_repo_grounded,mapped_from_single_block_atlas
9,GPT-OSS MoE,09_gpt_oss_moe.mmd,1,Sliding-window attention + Top-4 MoE block,f09v01_n036,X + Attention,output,OutputCommitCore,OutputCommitCore,OP_ATTENTION_OPROJ,09_gpt_oss_moe_owner_timing_sequence_v5.mmd,09_gpt_oss_moe_owner_timing_sequence_v6.mmd,existing_atlas_repo_grounded,mapped_from_single_block_atlas
9,GPT-OSS MoE,09_gpt_oss_moe.mmd,1,Sliding-window attention + Top-4 MoE block,f09v01_n037,RMSNorm 2,other,NormCore,NormCore,OP_MOE,09_gpt_oss_moe_owner_timing_sequence_v5.mmd,09_gpt_oss_moe_owner_timing_sequence_v6.mmd,existing_atlas_repo_grounded,mapped_from_single_block_atlas
9,GPT-OSS MoE,09_gpt_oss_moe.mmd,1,Sliding-window attention + Top-4 MoE block,f09v01_n039,Router projection,mac,SharedMatrixCore,SharedMatrixCore,OP_MOE,09_gpt_oss_moe_owner_timing_sequence_v5.mmd,09_gpt_oss_moe_owner_timing_sequence_v6.mmd,existing_atlas_repo_grounded,mapped_from_single_block_atlas
9,GPT-OSS MoE,09_gpt_oss_moe.mmd,1,Sliding-window attention + Top-4 MoE block,f09v01_n040,Router scoring,other,FeedForwardCore,FeedForwardCore,OP_MOE,09_gpt_oss_moe_owner_timing_sequence_v5.mmd,09_gpt_oss_moe_owner_timing_sequence_v6.mmd,existing_atlas_repo_grounded,mapped_from_single_block_atlas
9,GPT-OSS MoE,09_gpt_oss_moe.mmd,1,Sliding-window attention + Top-4 MoE block,f09v01_n041,Top-4 + renorm,other,FeedForwardCore,FeedForwardCore,OP_MOE,09_gpt_oss_moe_owner_timing_sequence_v5.mmd,09_gpt_oss_moe_owner_timing_sequence_v6.mmd,existing_atlas_repo_grounded,mapped_from_single_block_atlas
9,GPT-OSS MoE,09_gpt_oss_moe.mmd,1,Sliding-window attention + Top-4 MoE block,f09v01_n042,Dispatch / gather,other,FeedForwardCore,FeedForwardCore,OP_MOE,09_gpt_oss_moe_owner_timing_sequence_v5.mmd,09_gpt_oss_moe_owner_timing_sequence_v6.mmd,existing_atlas_repo_grounded,mapped_from_single_block_atlas
9,GPT-OSS MoE,09_gpt_oss_moe.mmd,1,Sliding-window attention + Top-4 MoE block,f09v01_n043,gate_proj,mac,SharedMatrixCore,SharedMatrixCore,OP_MOE,09_gpt_oss_moe_owner_timing_sequence_v5.mmd,09_gpt_oss_moe_owner_timing_sequence_v6.mmd,existing_atlas_repo_grounded,mapped_from_single_block_atlas
9,GPT-OSS MoE,09_gpt_oss_moe.mmd,1,Sliding-window attention + Top-4 MoE block,f09v01_n044,up_proj,mac,SharedMatrixCore,SharedMatrixCore,OP_MOE,09_gpt_oss_moe_owner_timing_sequence_v5.mmd,09_gpt_oss_moe_owner_timing_sequence_v6.mmd,existing_atlas_repo_grounded,mapped_from_single_block_atlas
9,GPT-OSS MoE,09_gpt_oss_moe.mmd,1,Sliding-window attention + Top-4 MoE block,f09v01_n045,SiLU,other,FeedForwardCore,FeedForwardCore,OP_MOE,09_gpt_oss_moe_owner_timing_sequence_v5.mmd,09_gpt_oss_moe_owner_timing_sequence_v6.mmd,existing_atlas_repo_grounded,mapped_from_single_block_atlas
9,GPT-OSS MoE,09_gpt_oss_moe.mmd,1,Sliding-window attention + Top-4 MoE block,f09v01_n046,Elementwise gate,other,FeedForwardCore,FeedForwardCore,OP_MOE,09_gpt_oss_moe_owner_timing_sequence_v5.mmd,09_gpt_oss_moe_owner_timing_sequence_v6.mmd,existing_atlas_repo_grounded,mapped_from_single_block_atlas
9,GPT-OSS MoE,09_gpt_oss_moe.mmd,1,Sliding-window attention + Top-4 MoE block,f09v01_n047,down_proj,mac,SharedMatrixCore,SharedMatrixCore,OP_MOE,09_gpt_oss_moe_owner_timing_sequence_v5.mmd,09_gpt_oss_moe_owner_timing_sequence_v6.mmd,existing_atlas_repo_grounded,mapped_from_single_block_atlas
9,GPT-OSS MoE,09_gpt_oss_moe.mmd,1,Sliding-window attention + Top-4 MoE block,f09v01_n048,Expert weighting,other,FeedForwardCore,FeedForwardCore,OP_MOE,09_gpt_oss_moe_owner_timing_sequence_v5.mmd,09_gpt_oss_moe_owner_timing_sequence_v6.mmd,existing_atlas_repo_grounded,mapped_from_single_block_atlas
9,GPT-OSS MoE,09_gpt_oss_moe.mmd,1,Sliding-window attention + Top-4 MoE block,f09v01_n049,Scatter / weighted reduce,other,FeedForwardCore,FeedForwardCore,OP_MOE,09_gpt_oss_moe_owner_timing_sequence_v5.mmd,09_gpt_oss_moe_owner_timing_sequence_v6.mmd,existing_atlas_repo_grounded,mapped_from_single_block_atlas
9,GPT-OSS MoE,09_gpt_oss_moe.mmd,1,Sliding-window attention + Top-4 MoE block,f09v01_n050,+,plus,OutputCommitCore,OutputCommitCore,OP_MOE,09_gpt_oss_moe_owner_timing_sequence_v5.mmd,09_gpt_oss_moe_owner_timing_sequence_v6.mmd,existing_atlas_repo_grounded,mapped_from_single_block_atlas
9,GPT-OSS MoE,09_gpt_oss_moe.mmd,1,Sliding-window attention + Top-4 MoE block,f09v01_n051,Block output,output,OutputCommitCore,OutputCommitCore,OP_MOE,09_gpt_oss_moe_owner_timing_sequence_v5.mmd,09_gpt_oss_moe_owner_timing_sequence_v6.mmd,existing_atlas_repo_grounded,mapped_from_single_block_atlas
9,GPT-OSS MoE,09_gpt_oss_moe.mmd,2,Full attention + Top-4 MoE block,f09v02_n019,X,input,ActivationReadDmaCore,ActivationReadDmaCore,OP_K_PROJ,09_gpt_oss_moe_owner_timing_sequence_v5.mmd,09_gpt_oss_moe_owner_timing_sequence_v6.mmd,existing_atlas_repo_grounded,mapped_from_single_block_atlas
9,GPT-OSS MoE,09_gpt_oss_moe.mmd,2,Full attention + Top-4 MoE block,f09v02_n020,RMSNorm 1,other,NormCore,NormCore,OP_K_PROJ,09_gpt_oss_moe_owner_timing_sequence_v5.mmd,09_gpt_oss_moe_owner_timing_sequence_v6.mmd,existing_atlas_repo_grounded,mapped_from_single_block_atlas
9,GPT-OSS MoE,09_gpt_oss_moe.mmd,2,Full attention + Top-4 MoE block,f09v02_n022,K Proj,mac,SharedMatrixCore,SharedMatrixCore,OP_K_PROJ,09_gpt_oss_moe_owner_timing_sequence_v5.mmd,09_gpt_oss_moe_owner_timing_sequence_v6.mmd,existing_atlas_repo_grounded,mapped_from_single_block_atlas
9,GPT-OSS MoE,09_gpt_oss_moe.mmd,2,Full attention + Top-4 MoE block,f09v02_n025,RoPE,other,ElementwiseTransformCore,ElementwiseTransformCore,OP_K_PROJ,09_gpt_oss_moe_owner_timing_sequence_v5.mmd,09_gpt_oss_moe_owner_timing_sequence_v6.mmd,existing_atlas_repo_grounded,mapped_from_single_block_atlas
9,GPT-OSS MoE,09_gpt_oss_moe.mmd,2,Full attention + Top-4 MoE block,f09v02_n027,K cache,state,KVStateCore,KVStateCore,OP_K_PROJ,09_gpt_oss_moe_owner_timing_sequence_v5.mmd,09_gpt_oss_moe_owner_timing_sequence_v6.mmd,existing_atlas_repo_grounded,mapped_from_single_block_atlas
9,GPT-OSS MoE,09_gpt_oss_moe.mmd,2,Full attention + Top-4 MoE block,f09v02_n024,V Proj,mac,SharedMatrixCore,SharedMatrixCore,OP_V_PROJ,09_gpt_oss_moe_owner_timing_sequence_v5.mmd,09_gpt_oss_moe_owner_timing_sequence_v6.mmd,existing_atlas_repo_grounded,mapped_from_single_block_atlas
9,GPT-OSS MoE,09_gpt_oss_moe.mmd,2,Full attention + Top-4 MoE block,f09v02_n028,V cache,state,KVStateCore,KVStateCore,OP_V_PROJ,09_gpt_oss_moe_owner_timing_sequence_v5.mmd,09_gpt_oss_moe_owner_timing_sequence_v6.mmd,existing_atlas_repo_grounded,mapped_from_single_block_atlas
9,GPT-OSS MoE,09_gpt_oss_moe.mmd,2,Full attention + Top-4 MoE block,f09v02_n023,Q Proj,mac,SharedMatrixCore,SharedMatrixCore,OP_Q_PROJ,09_gpt_oss_moe_owner_timing_sequence_v5.mmd,09_gpt_oss_moe_owner_timing_sequence_v6.mmd,existing_atlas_repo_grounded,mapped_from_single_block_atlas
9,GPT-OSS MoE,09_gpt_oss_moe.mmd,2,Full attention + Top-4 MoE block,f09v02_n026,RoPE,other,ElementwiseTransformCore,ElementwiseTransformCore,OP_Q_PROJ,09_gpt_oss_moe_owner_timing_sequence_v5.mmd,09_gpt_oss_moe_owner_timing_sequence_v6.mmd,existing_atlas_repo_grounded,mapped_from_single_block_atlas
9,GPT-OSS MoE,09_gpt_oss_moe.mmd,2,Full attention + Top-4 MoE block,f09v02_n029,K head repeat ×8,other,SequenceCore,SequenceCore,OP_ATTENTION_OPROJ,09_gpt_oss_moe_owner_timing_sequence_v5.mmd,09_gpt_oss_moe_owner_timing_sequence_v6.mmd,existing_atlas_repo_grounded,mapped_from_single_block_atlas
9,GPT-OSS MoE,09_gpt_oss_moe.mmd,2,Full attention + Top-4 MoE block,f09v02_n030,V head repeat ×8,other,SequenceCore,SequenceCore,OP_ATTENTION_OPROJ,09_gpt_oss_moe_owner_timing_sequence_v5.mmd,09_gpt_oss_moe_owner_timing_sequence_v6.mmd,existing_atlas_repo_grounded,mapped_from_single_block_atlas
9,GPT-OSS MoE,09_gpt_oss_moe.mmd,2,Full attention + Top-4 MoE block,f09v02_n031,Q × Kᵀ,mac,SequenceCore,SequenceCore,OP_ATTENTION_OPROJ,09_gpt_oss_moe_owner_timing_sequence_v5.mmd,09_gpt_oss_moe_owner_timing_sequence_v6.mmd,existing_atlas_repo_grounded,mapped_from_single_block_atlas
9,GPT-OSS MoE,09_gpt_oss_moe.mmd,2,Full attention + Top-4 MoE block,f09v02_n032,Softmax FP32 + sink,other,SequenceCore,SequenceCore,OP_ATTENTION_OPROJ,09_gpt_oss_moe_owner_timing_sequence_v5.mmd,09_gpt_oss_moe_owner_timing_sequence_v6.mmd,existing_atlas_repo_grounded,mapped_from_single_block_atlas
9,GPT-OSS MoE,09_gpt_oss_moe.mmd,2,Full attention + Top-4 MoE block,f09v02_n033,P × V,mac,SequenceCore,SequenceCore,OP_ATTENTION_OPROJ,09_gpt_oss_moe_owner_timing_sequence_v5.mmd,09_gpt_oss_moe_owner_timing_sequence_v6.mmd,existing_atlas_repo_grounded,mapped_from_single_block_atlas
9,GPT-OSS MoE,09_gpt_oss_moe.mmd,2,Full attention + Top-4 MoE block,f09v02_n034,O Proj,mac,SharedMatrixCore,SharedMatrixCore,OP_ATTENTION_OPROJ,09_gpt_oss_moe_owner_timing_sequence_v5.mmd,09_gpt_oss_moe_owner_timing_sequence_v6.mmd,existing_atlas_repo_grounded,mapped_from_single_block_atlas
9,GPT-OSS MoE,09_gpt_oss_moe.mmd,2,Full attention + Top-4 MoE block,f09v02_n035,+,plus,OutputCommitCore,OutputCommitCore,OP_ATTENTION_OPROJ,09_gpt_oss_moe_owner_timing_sequence_v5.mmd,09_gpt_oss_moe_owner_timing_sequence_v6.mmd,existing_atlas_repo_grounded,mapped_from_single_block_atlas
9,GPT-OSS MoE,09_gpt_oss_moe.mmd,2,Full attention + Top-4 MoE block,f09v02_n036,X + Attention,output,OutputCommitCore,OutputCommitCore,OP_ATTENTION_OPROJ,09_gpt_oss_moe_owner_timing_sequence_v5.mmd,09_gpt_oss_moe_owner_timing_sequence_v6.mmd,existing_atlas_repo_grounded,mapped_from_single_block_atlas
9,GPT-OSS MoE,09_gpt_oss_moe.mmd,2,Full attention + Top-4 MoE block,f09v02_n037,RMSNorm 2,other,NormCore,NormCore,OP_MOE,09_gpt_oss_moe_owner_timing_sequence_v5.mmd,09_gpt_oss_moe_owner_timing_sequence_v6.mmd,existing_atlas_repo_grounded,mapped_from_single_block_atlas
9,GPT-OSS MoE,09_gpt_oss_moe.mmd,2,Full attention + Top-4 MoE block,f09v02_n039,Router projection,mac,SharedMatrixCore,SharedMatrixCore,OP_MOE,09_gpt_oss_moe_owner_timing_sequence_v5.mmd,09_gpt_oss_moe_owner_timing_sequence_v6.mmd,existing_atlas_repo_grounded,mapped_from_single_block_atlas
9,GPT-OSS MoE,09_gpt_oss_moe.mmd,2,Full attention + Top-4 MoE block,f09v02_n040,Router scoring,other,FeedForwardCore,FeedForwardCore,OP_MOE,09_gpt_oss_moe_owner_timing_sequence_v5.mmd,09_gpt_oss_moe_owner_timing_sequence_v6.mmd,existing_atlas_repo_grounded,mapped_from_single_block_atlas
9,GPT-OSS MoE,09_gpt_oss_moe.mmd,2,Full attention + Top-4 MoE block,f09v02_n041,Top-4 + renorm,other,FeedForwardCore,FeedForwardCore,OP_MOE,09_gpt_oss_moe_owner_timing_sequence_v5.mmd,09_gpt_oss_moe_owner_timing_sequence_v6.mmd,existing_atlas_repo_grounded,mapped_from_single_block_atlas
9,GPT-OSS MoE,09_gpt_oss_moe.mmd,2,Full attention + Top-4 MoE block,f09v02_n042,Dispatch / gather,other,FeedForwardCore,FeedForwardCore,OP_MOE,09_gpt_oss_moe_owner_timing_sequence_v5.mmd,09_gpt_oss_moe_owner_timing_sequence_v6.mmd,existing_atlas_repo_grounded,mapped_from_single_block_atlas
9,GPT-OSS MoE,09_gpt_oss_moe.mmd,2,Full attention + Top-4 MoE block,f09v02_n043,gate_proj,mac,SharedMatrixCore,SharedMatrixCore,OP_MOE,09_gpt_oss_moe_owner_timing_sequence_v5.mmd,09_gpt_oss_moe_owner_timing_sequence_v6.mmd,existing_atlas_repo_grounded,mapped_from_single_block_atlas
9,GPT-OSS MoE,09_gpt_oss_moe.mmd,2,Full attention + Top-4 MoE block,f09v02_n044,up_proj,mac,SharedMatrixCore,SharedMatrixCore,OP_MOE,09_gpt_oss_moe_owner_timing_sequence_v5.mmd,09_gpt_oss_moe_owner_timing_sequence_v6.mmd,existing_atlas_repo_grounded,mapped_from_single_block_atlas
9,GPT-OSS MoE,09_gpt_oss_moe.mmd,2,Full attention + Top-4 MoE block,f09v02_n045,SiLU,other,FeedForwardCore,FeedForwardCore,OP_MOE,09_gpt_oss_moe_owner_timing_sequence_v5.mmd,09_gpt_oss_moe_owner_timing_sequence_v6.mmd,existing_atlas_repo_grounded,mapped_from_single_block_atlas
9,GPT-OSS MoE,09_gpt_oss_moe.mmd,2,Full attention + Top-4 MoE block,f09v02_n046,Elementwise gate,other,FeedForwardCore,FeedForwardCore,OP_MOE,09_gpt_oss_moe_owner_timing_sequence_v5.mmd,09_gpt_oss_moe_owner_timing_sequence_v6.mmd,existing_atlas_repo_grounded,mapped_from_single_block_atlas
9,GPT-OSS MoE,09_gpt_oss_moe.mmd,2,Full attention + Top-4 MoE block,f09v02_n047,down_proj,mac,SharedMatrixCore,SharedMatrixCore,OP_MOE,09_gpt_oss_moe_owner_timing_sequence_v5.mmd,09_gpt_oss_moe_owner_timing_sequence_v6.mmd,existing_atlas_repo_grounded,mapped_from_single_block_atlas
9,GPT-OSS MoE,09_gpt_oss_moe.mmd,2,Full attention + Top-4 MoE block,f09v02_n048,Expert weighting,other,FeedForwardCore,FeedForwardCore,OP_MOE,09_gpt_oss_moe_owner_timing_sequence_v5.mmd,09_gpt_oss_moe_owner_timing_sequence_v6.mmd,existing_atlas_repo_grounded,mapped_from_single_block_atlas
9,GPT-OSS MoE,09_gpt_oss_moe.mmd,2,Full attention + Top-4 MoE block,f09v02_n049,Scatter / weighted reduce,other,FeedForwardCore,FeedForwardCore,OP_MOE,09_gpt_oss_moe_owner_timing_sequence_v5.mmd,09_gpt_oss_moe_owner_timing_sequence_v6.mmd,existing_atlas_repo_grounded,mapped_from_single_block_atlas
9,GPT-OSS MoE,09_gpt_oss_moe.mmd,2,Full attention + Top-4 MoE block,f09v02_n050,+,plus,OutputCommitCore,OutputCommitCore,OP_MOE,09_gpt_oss_moe_owner_timing_sequence_v5.mmd,09_gpt_oss_moe_owner_timing_sequence_v6.mmd,existing_atlas_repo_grounded,mapped_from_single_block_atlas
9,GPT-OSS MoE,09_gpt_oss_moe.mmd,2,Full attention + Top-4 MoE block,f09v02_n051,Block output,output,OutputCommitCore,OutputCommitCore,OP_MOE,09_gpt_oss_moe_owner_timing_sequence_v5.mmd,09_gpt_oss_moe_owner_timing_sequence_v6.mmd,existing_atlas_repo_grounded,mapped_from_single_block_atlas
10,Gemma 4 Dense,10_gemma4_dense.mmd,1,Sliding-window GeGLU block,f10v01_n019,X,input,ActivationReadDmaCore,ActivationReadDmaCore,OP_KV_SHARED_PROJ,10_gemma4_dense_owner_timing_sequence_v5.mmd,10_gemma4_dense_owner_timing_sequence_v6.mmd,existing_atlas_repo_grounded,mapped_from_single_block_atlas
10,Gemma 4 Dense,10_gemma4_dense.mmd,1,Sliding-window GeGLU block,f10v01_n020,Pre-Attention RMSNorm,other,NormCore,NormCore,OP_KV_SHARED_PROJ,10_gemma4_dense_owner_timing_sequence_v5.mmd,10_gemma4_dense_owner_timing_sequence_v6.mmd,existing_atlas_repo_grounded,mapped_from_single_block_atlas
10,Gemma 4 Dense,10_gemma4_dense.mmd,1,Sliding-window GeGLU block,f10v01_n022,K=V shared Proj,mac,SharedMatrixCore,SharedMatrixCore,OP_KV_SHARED_PROJ,10_gemma4_dense_owner_timing_sequence_v5.mmd,10_gemma4_dense_owner_timing_sequence_v6.mmd,existing_atlas_repo_grounded,mapped_from_single_block_atlas
10,Gemma 4 Dense,10_gemma4_dense.mmd,1,Sliding-window GeGLU block,f10v01_n024,K Head RMSNorm,other,NormCore,NormCore,OP_KV_SHARED_PROJ,10_gemma4_dense_owner_timing_sequence_v5.mmd,10_gemma4_dense_owner_timing_sequence_v6.mmd,existing_atlas_repo_grounded,mapped_from_single_block_atlas
10,Gemma 4 Dense,10_gemma4_dense.mmd,1,Sliding-window GeGLU block,f10v01_n026,RoPE,other,ElementwiseTransformCore,ElementwiseTransformCore,OP_KV_SHARED_PROJ,10_gemma4_dense_owner_timing_sequence_v5.mmd,10_gemma4_dense_owner_timing_sequence_v6.mmd,existing_atlas_repo_grounded,mapped_from_single_block_atlas
10,Gemma 4 Dense,10_gemma4_dense.mmd,1,Sliding-window GeGLU block,f10v01_n028,K cache,state,KVStateCore,KVStateCore,OP_KV_SHARED_PROJ,10_gemma4_dense_owner_timing_sequence_v5.mmd,10_gemma4_dense_owner_timing_sequence_v6.mmd,existing_atlas_repo_grounded,mapped_from_single_block_atlas
10,Gemma 4 Dense,10_gemma4_dense.mmd,1,Sliding-window GeGLU block,f10v01_n029,V cache,state,KVStateCore,KVStateCore,OP_KV_SHARED_PROJ,10_gemma4_dense_owner_timing_sequence_v5.mmd,10_gemma4_dense_owner_timing_sequence_v6.mmd,existing_atlas_repo_grounded,mapped_from_single_block_atlas
10,Gemma 4 Dense,10_gemma4_dense.mmd,1,Sliding-window GeGLU block,f10v01_n023,Q Proj,mac,SharedMatrixCore,SharedMatrixCore,OP_Q_PROJ,10_gemma4_dense_owner_timing_sequence_v5.mmd,10_gemma4_dense_owner_timing_sequence_v6.mmd,existing_atlas_repo_grounded,mapped_from_single_block_atlas
10,Gemma 4 Dense,10_gemma4_dense.mmd,1,Sliding-window GeGLU block,f10v01_n025,Q Head RMSNorm,other,NormCore,NormCore,OP_Q_PROJ,10_gemma4_dense_owner_timing_sequence_v5.mmd,10_gemma4_dense_owner_timing_sequence_v6.mmd,existing_atlas_repo_grounded,mapped_from_single_block_atlas
10,Gemma 4 Dense,10_gemma4_dense.mmd,1,Sliding-window GeGLU block,f10v01_n027,RoPE,other,ElementwiseTransformCore,ElementwiseTransformCore,OP_Q_PROJ,10_gemma4_dense_owner_timing_sequence_v5.mmd,10_gemma4_dense_owner_timing_sequence_v6.mmd,existing_atlas_repo_grounded,mapped_from_single_block_atlas
10,Gemma 4 Dense,10_gemma4_dense.mmd,1,Sliding-window GeGLU block,f10v01_n030,K head repeat ×2,other,SequenceCore,SequenceCore,OP_ATTENTION_OPROJ,10_gemma4_dense_owner_timing_sequence_v5.mmd,10_gemma4_dense_owner_timing_sequence_v6.mmd,existing_atlas_repo_grounded,mapped_from_single_block_atlas
10,Gemma 4 Dense,10_gemma4_dense.mmd,1,Sliding-window GeGLU block,f10v01_n031,V head repeat ×2,other,SequenceCore,SequenceCore,OP_ATTENTION_OPROJ,10_gemma4_dense_owner_timing_sequence_v5.mmd,10_gemma4_dense_owner_timing_sequence_v6.mmd,existing_atlas_repo_grounded,mapped_from_single_block_atlas
10,Gemma 4 Dense,10_gemma4_dense.mmd,1,Sliding-window GeGLU block,f10v01_n032,Q × Kᵀ,mac,SequenceCore,SequenceCore,OP_ATTENTION_OPROJ,10_gemma4_dense_owner_timing_sequence_v5.mmd,10_gemma4_dense_owner_timing_sequence_v6.mmd,existing_atlas_repo_grounded,mapped_from_single_block_atlas
10,Gemma 4 Dense,10_gemma4_dense.mmd,1,Sliding-window GeGLU block,f10v01_n033,Softmax FP32,other,SequenceCore,SequenceCore,OP_ATTENTION_OPROJ,10_gemma4_dense_owner_timing_sequence_v5.mmd,10_gemma4_dense_owner_timing_sequence_v6.mmd,existing_atlas_repo_grounded,mapped_from_single_block_atlas
10,Gemma 4 Dense,10_gemma4_dense.mmd,1,Sliding-window GeGLU block,f10v01_n034,P × V,mac,SequenceCore,SequenceCore,OP_ATTENTION_OPROJ,10_gemma4_dense_owner_timing_sequence_v5.mmd,10_gemma4_dense_owner_timing_sequence_v6.mmd,existing_atlas_repo_grounded,mapped_from_single_block_atlas
10,Gemma 4 Dense,10_gemma4_dense.mmd,1,Sliding-window GeGLU block,f10v01_n035,O Proj,mac,SharedMatrixCore,SharedMatrixCore,OP_ATTENTION_OPROJ,10_gemma4_dense_owner_timing_sequence_v5.mmd,10_gemma4_dense_owner_timing_sequence_v6.mmd,existing_atlas_repo_grounded,mapped_from_single_block_atlas
10,Gemma 4 Dense,10_gemma4_dense.mmd,1,Sliding-window GeGLU block,f10v01_n036,Post-Attention RMSNorm,other,NormCore,NormCore,OP_ATTENTION_OPROJ,10_gemma4_dense_owner_timing_sequence_v5.mmd,10_gemma4_dense_owner_timing_sequence_v6.mmd,existing_atlas_repo_grounded,mapped_from_single_block_atlas
10,Gemma 4 Dense,10_gemma4_dense.mmd,1,Sliding-window GeGLU block,f10v01_n037,+,plus,OutputCommitCore,OutputCommitCore,OP_ATTENTION_OPROJ,10_gemma4_dense_owner_timing_sequence_v5.mmd,10_gemma4_dense_owner_timing_sequence_v6.mmd,existing_atlas_repo_grounded,mapped_from_single_block_atlas
10,Gemma 4 Dense,10_gemma4_dense.mmd,1,Sliding-window GeGLU block,f10v01_n038,X + Attention,output,OutputCommitCore,OutputCommitCore,OP_ATTENTION_OPROJ,10_gemma4_dense_owner_timing_sequence_v5.mmd,10_gemma4_dense_owner_timing_sequence_v6.mmd,existing_atlas_repo_grounded,mapped_from_single_block_atlas
10,Gemma 4 Dense,10_gemma4_dense.mmd,1,Sliding-window GeGLU block,f10v01_n039,Pre-FFN RMSNorm,other,NormCore,NormCore,OP_FFN,10_gemma4_dense_owner_timing_sequence_v5.mmd,10_gemma4_dense_owner_timing_sequence_v6.mmd,existing_atlas_repo_grounded,mapped_from_single_block_atlas
10,Gemma 4 Dense,10_gemma4_dense.mmd,1,Sliding-window GeGLU block,f10v01_n041,gate_proj,mac,SharedMatrixCore,SharedMatrixCore,OP_FFN,10_gemma4_dense_owner_timing_sequence_v5.mmd,10_gemma4_dense_owner_timing_sequence_v6.mmd,existing_atlas_repo_grounded,mapped_from_single_block_atlas
10,Gemma 4 Dense,10_gemma4_dense.mmd,1,Sliding-window GeGLU block,f10v01_n042,up_proj,mac,SharedMatrixCore,SharedMatrixCore,OP_FFN,10_gemma4_dense_owner_timing_sequence_v5.mmd,10_gemma4_dense_owner_timing_sequence_v6.mmd,existing_atlas_repo_grounded,mapped_from_single_block_atlas
10,Gemma 4 Dense,10_gemma4_dense.mmd,1,Sliding-window GeGLU block,f10v01_n043,GELU-tanh,other,FeedForwardCore,FeedForwardCore,OP_FFN,10_gemma4_dense_owner_timing_sequence_v5.mmd,10_gemma4_dense_owner_timing_sequence_v6.mmd,existing_atlas_repo_grounded,mapped_from_single_block_atlas
10,Gemma 4 Dense,10_gemma4_dense.mmd,1,Sliding-window GeGLU block,f10v01_n044,Elementwise gate,other,FeedForwardCore,SharedMatrixCore,OP_FFN,10_gemma4_dense_owner_timing_sequence_v5.mmd,10_gemma4_dense_owner_timing_sequence_v6.mmd,existing_atlas_repo_grounded,current_fused_MlpSiluLane32Core
10,Gemma 4 Dense,10_gemma4_dense.mmd,1,Sliding-window GeGLU block,f10v01_n045,down_proj,mac,SharedMatrixCore,SharedMatrixCore,OP_FFN,10_gemma4_dense_owner_timing_sequence_v5.mmd,10_gemma4_dense_owner_timing_sequence_v6.mmd,existing_atlas_repo_grounded,mapped_from_single_block_atlas
10,Gemma 4 Dense,10_gemma4_dense.mmd,1,Sliding-window GeGLU block,f10v01_n046,Post-FFN RMSNorm,other,NormCore,NormCore,OP_FFN,10_gemma4_dense_owner_timing_sequence_v5.mmd,10_gemma4_dense_owner_timing_sequence_v6.mmd,existing_atlas_repo_grounded,mapped_from_single_block_atlas
10,Gemma 4 Dense,10_gemma4_dense.mmd,1,Sliding-window GeGLU block,f10v01_n047,+,plus,OutputCommitCore,OutputCommitCore,OP_FFN,10_gemma4_dense_owner_timing_sequence_v5.mmd,10_gemma4_dense_owner_timing_sequence_v6.mmd,existing_atlas_repo_grounded,mapped_from_single_block_atlas
10,Gemma 4 Dense,10_gemma4_dense.mmd,1,Sliding-window GeGLU block,f10v01_n048,Block output,output,OutputCommitCore,OutputCommitCore,OP_FFN,10_gemma4_dense_owner_timing_sequence_v5.mmd,10_gemma4_dense_owner_timing_sequence_v6.mmd,existing_atlas_repo_grounded,mapped_from_single_block_atlas
10,Gemma 4 Dense,10_gemma4_dense.mmd,2,Full-attention GeGLU block,f10v02_n019,X,input,ActivationReadDmaCore,ActivationReadDmaCore,OP_KV_SHARED_PROJ,10_gemma4_dense_owner_timing_sequence_v5.mmd,10_gemma4_dense_owner_timing_sequence_v6.mmd,existing_atlas_repo_grounded,mapped_from_single_block_atlas
10,Gemma 4 Dense,10_gemma4_dense.mmd,2,Full-attention GeGLU block,f10v02_n020,Pre-Attention RMSNorm,other,NormCore,NormCore,OP_KV_SHARED_PROJ,10_gemma4_dense_owner_timing_sequence_v5.mmd,10_gemma4_dense_owner_timing_sequence_v6.mmd,existing_atlas_repo_grounded,mapped_from_single_block_atlas
10,Gemma 4 Dense,10_gemma4_dense.mmd,2,Full-attention GeGLU block,f10v02_n022,K=V shared Proj,mac,SharedMatrixCore,SharedMatrixCore,OP_KV_SHARED_PROJ,10_gemma4_dense_owner_timing_sequence_v5.mmd,10_gemma4_dense_owner_timing_sequence_v6.mmd,existing_atlas_repo_grounded,mapped_from_single_block_atlas
10,Gemma 4 Dense,10_gemma4_dense.mmd,2,Full-attention GeGLU block,f10v02_n024,K Head RMSNorm,other,NormCore,NormCore,OP_KV_SHARED_PROJ,10_gemma4_dense_owner_timing_sequence_v5.mmd,10_gemma4_dense_owner_timing_sequence_v6.mmd,existing_atlas_repo_grounded,mapped_from_single_block_atlas
10,Gemma 4 Dense,10_gemma4_dense.mmd,2,Full-attention GeGLU block,f10v02_n026,Partial RoPE,other,ElementwiseTransformCore,ElementwiseTransformCore,OP_KV_SHARED_PROJ,10_gemma4_dense_owner_timing_sequence_v5.mmd,10_gemma4_dense_owner_timing_sequence_v6.mmd,existing_atlas_repo_grounded,mapped_from_single_block_atlas
10,Gemma 4 Dense,10_gemma4_dense.mmd,2,Full-attention GeGLU block,f10v02_n028,K cache,state,KVStateCore,KVStateCore,OP_KV_SHARED_PROJ,10_gemma4_dense_owner_timing_sequence_v5.mmd,10_gemma4_dense_owner_timing_sequence_v6.mmd,existing_atlas_repo_grounded,mapped_from_single_block_atlas
10,Gemma 4 Dense,10_gemma4_dense.mmd,2,Full-attention GeGLU block,f10v02_n029,V cache,state,KVStateCore,KVStateCore,OP_KV_SHARED_PROJ,10_gemma4_dense_owner_timing_sequence_v5.mmd,10_gemma4_dense_owner_timing_sequence_v6.mmd,existing_atlas_repo_grounded,mapped_from_single_block_atlas
10,Gemma 4 Dense,10_gemma4_dense.mmd,2,Full-attention GeGLU block,f10v02_n023,Q Proj,mac,SharedMatrixCore,SharedMatrixCore,OP_Q_PROJ,10_gemma4_dense_owner_timing_sequence_v5.mmd,10_gemma4_dense_owner_timing_sequence_v6.mmd,existing_atlas_repo_grounded,mapped_from_single_block_atlas
10,Gemma 4 Dense,10_gemma4_dense.mmd,2,Full-attention GeGLU block,f10v02_n025,Q Head RMSNorm,other,NormCore,NormCore,OP_Q_PROJ,10_gemma4_dense_owner_timing_sequence_v5.mmd,10_gemma4_dense_owner_timing_sequence_v6.mmd,existing_atlas_repo_grounded,mapped_from_single_block_atlas
10,Gemma 4 Dense,10_gemma4_dense.mmd,2,Full-attention GeGLU block,f10v02_n027,Partial RoPE,other,ElementwiseTransformCore,ElementwiseTransformCore,OP_Q_PROJ,10_gemma4_dense_owner_timing_sequence_v5.mmd,10_gemma4_dense_owner_timing_sequence_v6.mmd,existing_atlas_repo_grounded,mapped_from_single_block_atlas
10,Gemma 4 Dense,10_gemma4_dense.mmd,2,Full-attention GeGLU block,f10v02_n030,K head repeat ×2,other,SequenceCore,SequenceCore,OP_ATTENTION_OPROJ,10_gemma4_dense_owner_timing_sequence_v5.mmd,10_gemma4_dense_owner_timing_sequence_v6.mmd,existing_atlas_repo_grounded,mapped_from_single_block_atlas
10,Gemma 4 Dense,10_gemma4_dense.mmd,2,Full-attention GeGLU block,f10v02_n031,V head repeat ×2,other,SequenceCore,SequenceCore,OP_ATTENTION_OPROJ,10_gemma4_dense_owner_timing_sequence_v5.mmd,10_gemma4_dense_owner_timing_sequence_v6.mmd,existing_atlas_repo_grounded,mapped_from_single_block_atlas
10,Gemma 4 Dense,10_gemma4_dense.mmd,2,Full-attention GeGLU block,f10v02_n032,Q × Kᵀ,mac,SequenceCore,SequenceCore,OP_ATTENTION_OPROJ,10_gemma4_dense_owner_timing_sequence_v5.mmd,10_gemma4_dense_owner_timing_sequence_v6.mmd,existing_atlas_repo_grounded,mapped_from_single_block_atlas
10,Gemma 4 Dense,10_gemma4_dense.mmd,2,Full-attention GeGLU block,f10v02_n033,Softmax FP32,other,SequenceCore,SequenceCore,OP_ATTENTION_OPROJ,10_gemma4_dense_owner_timing_sequence_v5.mmd,10_gemma4_dense_owner_timing_sequence_v6.mmd,existing_atlas_repo_grounded,mapped_from_single_block_atlas
10,Gemma 4 Dense,10_gemma4_dense.mmd,2,Full-attention GeGLU block,f10v02_n034,P × V,mac,SequenceCore,SequenceCore,OP_ATTENTION_OPROJ,10_gemma4_dense_owner_timing_sequence_v5.mmd,10_gemma4_dense_owner_timing_sequence_v6.mmd,existing_atlas_repo_grounded,mapped_from_single_block_atlas
10,Gemma 4 Dense,10_gemma4_dense.mmd,2,Full-attention GeGLU block,f10v02_n035,O Proj,mac,SharedMatrixCore,SharedMatrixCore,OP_ATTENTION_OPROJ,10_gemma4_dense_owner_timing_sequence_v5.mmd,10_gemma4_dense_owner_timing_sequence_v6.mmd,existing_atlas_repo_grounded,mapped_from_single_block_atlas
10,Gemma 4 Dense,10_gemma4_dense.mmd,2,Full-attention GeGLU block,f10v02_n036,Post-Attention RMSNorm,other,NormCore,NormCore,OP_ATTENTION_OPROJ,10_gemma4_dense_owner_timing_sequence_v5.mmd,10_gemma4_dense_owner_timing_sequence_v6.mmd,existing_atlas_repo_grounded,mapped_from_single_block_atlas
10,Gemma 4 Dense,10_gemma4_dense.mmd,2,Full-attention GeGLU block,f10v02_n037,+,plus,OutputCommitCore,OutputCommitCore,OP_ATTENTION_OPROJ,10_gemma4_dense_owner_timing_sequence_v5.mmd,10_gemma4_dense_owner_timing_sequence_v6.mmd,existing_atlas_repo_grounded,mapped_from_single_block_atlas
10,Gemma 4 Dense,10_gemma4_dense.mmd,2,Full-attention GeGLU block,f10v02_n038,X + Attention,output,OutputCommitCore,OutputCommitCore,OP_ATTENTION_OPROJ,10_gemma4_dense_owner_timing_sequence_v5.mmd,10_gemma4_dense_owner_timing_sequence_v6.mmd,existing_atlas_repo_grounded,mapped_from_single_block_atlas
10,Gemma 4 Dense,10_gemma4_dense.mmd,2,Full-attention GeGLU block,f10v02_n039,Pre-FFN RMSNorm,other,NormCore,NormCore,OP_FFN,10_gemma4_dense_owner_timing_sequence_v5.mmd,10_gemma4_dense_owner_timing_sequence_v6.mmd,existing_atlas_repo_grounded,mapped_from_single_block_atlas
10,Gemma 4 Dense,10_gemma4_dense.mmd,2,Full-attention GeGLU block,f10v02_n041,gate_proj,mac,SharedMatrixCore,SharedMatrixCore,OP_FFN,10_gemma4_dense_owner_timing_sequence_v5.mmd,10_gemma4_dense_owner_timing_sequence_v6.mmd,existing_atlas_repo_grounded,mapped_from_single_block_atlas
10,Gemma 4 Dense,10_gemma4_dense.mmd,2,Full-attention GeGLU block,f10v02_n042,up_proj,mac,SharedMatrixCore,SharedMatrixCore,OP_FFN,10_gemma4_dense_owner_timing_sequence_v5.mmd,10_gemma4_dense_owner_timing_sequence_v6.mmd,existing_atlas_repo_grounded,mapped_from_single_block_atlas
10,Gemma 4 Dense,10_gemma4_dense.mmd,2,Full-attention GeGLU block,f10v02_n043,GELU-tanh,other,FeedForwardCore,FeedForwardCore,OP_FFN,10_gemma4_dense_owner_timing_sequence_v5.mmd,10_gemma4_dense_owner_timing_sequence_v6.mmd,existing_atlas_repo_grounded,mapped_from_single_block_atlas
10,Gemma 4 Dense,10_gemma4_dense.mmd,2,Full-attention GeGLU block,f10v02_n044,Elementwise gate,other,FeedForwardCore,SharedMatrixCore,OP_FFN,10_gemma4_dense_owner_timing_sequence_v5.mmd,10_gemma4_dense_owner_timing_sequence_v6.mmd,existing_atlas_repo_grounded,current_fused_MlpSiluLane32Core
10,Gemma 4 Dense,10_gemma4_dense.mmd,2,Full-attention GeGLU block,f10v02_n045,down_proj,mac,SharedMatrixCore,SharedMatrixCore,OP_FFN,10_gemma4_dense_owner_timing_sequence_v5.mmd,10_gemma4_dense_owner_timing_sequence_v6.mmd,existing_atlas_repo_grounded,mapped_from_single_block_atlas
10,Gemma 4 Dense,10_gemma4_dense.mmd,2,Full-attention GeGLU block,f10v02_n046,Post-FFN RMSNorm,other,NormCore,NormCore,OP_FFN,10_gemma4_dense_owner_timing_sequence_v5.mmd,10_gemma4_dense_owner_timing_sequence_v6.mmd,existing_atlas_repo_grounded,mapped_from_single_block_atlas
10,Gemma 4 Dense,10_gemma4_dense.mmd,2,Full-attention GeGLU block,f10v02_n047,+,plus,OutputCommitCore,OutputCommitCore,OP_FFN,10_gemma4_dense_owner_timing_sequence_v5.mmd,10_gemma4_dense_owner_timing_sequence_v6.mmd,existing_atlas_repo_grounded,mapped_from_single_block_atlas
10,Gemma 4 Dense,10_gemma4_dense.mmd,2,Full-attention GeGLU block,f10v02_n048,Block output,output,OutputCommitCore,OutputCommitCore,OP_FFN,10_gemma4_dense_owner_timing_sequence_v5.mmd,10_gemma4_dense_owner_timing_sequence_v6.mmd,existing_atlas_repo_grounded,mapped_from_single_block_atlas
11,GLM DSA MoE,11_glm_dsa_moe.mmd,1,DSA / MLA sparse attention + routed/shared MoE block,f11v01_n019,X,input,ActivationReadDmaCore,ActivationReadDmaCore,OP_Q_LATENT_PROJ,11_glm_dsa_moe_owner_timing_sequence_v5.mmd,11_glm_dsa_moe_owner_timing_sequence_v6.mmd,existing_atlas_repo_grounded,mapped_from_single_block_atlas
11,GLM DSA MoE,11_glm_dsa_moe.mmd,1,DSA / MLA sparse attention + routed/shared MoE block,f11v01_n020,RMSNorm 1,other,NormCore,NormCore,OP_Q_LATENT_PROJ,11_glm_dsa_moe_owner_timing_sequence_v5.mmd,11_glm_dsa_moe_owner_timing_sequence_v6.mmd,existing_atlas_repo_grounded,mapped_from_single_block_atlas
11,GLM DSA MoE,11_glm_dsa_moe.mmd,1,DSA / MLA sparse attention + routed/shared MoE block,f11v01_n022,Q down-proj,mac,SharedMatrixCore,SharedMatrixCore,OP_Q_LATENT_PROJ,11_glm_dsa_moe_owner_timing_sequence_v5.mmd,11_glm_dsa_moe_owner_timing_sequence_v6.mmd,existing_atlas_repo_grounded,mapped_from_single_block_atlas
11,GLM DSA MoE,11_glm_dsa_moe.mmd,1,DSA / MLA sparse attention + routed/shared MoE block,f11v01_n024,Q low-rank RMSNorm,other,NormCore,NormCore,OP_Q_LATENT_PROJ,11_glm_dsa_moe_owner_timing_sequence_v5.mmd,11_glm_dsa_moe_owner_timing_sequence_v6.mmd,existing_atlas_repo_grounded,mapped_from_single_block_atlas
11,GLM DSA MoE,11_glm_dsa_moe.mmd,1,DSA / MLA sparse attention + routed/shared MoE block,f11v01_n026,Q up-proj,mac,SharedMatrixCore,SharedMatrixCore,OP_Q_LATENT_PROJ,11_glm_dsa_moe_owner_timing_sequence_v5.mmd,11_glm_dsa_moe_owner_timing_sequence_v6.mmd,existing_atlas_repo_grounded,mapped_from_single_block_atlas
11,GLM DSA MoE,11_glm_dsa_moe.mmd,1,DSA / MLA sparse attention + routed/shared MoE block,f11v01_n028,Split Q,other,ElementwiseTransformCore,ElementwiseTransformCore,OP_Q_LATENT_PROJ,11_glm_dsa_moe_owner_timing_sequence_v5.mmd,11_glm_dsa_moe_owner_timing_sequence_v6.mmd,existing_atlas_repo_grounded,mapped_from_single_block_atlas
11,GLM DSA MoE,11_glm_dsa_moe.mmd,1,DSA / MLA sparse attention + routed/shared MoE block,f11v01_n023,KV compression,mac,SharedMatrixCore,SharedMatrixCore,OP_KV_LATENT_PROJ,11_glm_dsa_moe_owner_timing_sequence_v5.mmd,11_glm_dsa_moe_owner_timing_sequence_v6.mmd,existing_atlas_repo_grounded,mapped_from_single_block_atlas
11,GLM DSA MoE,11_glm_dsa_moe.mmd,1,DSA / MLA sparse attention + routed/shared MoE block,f11v01_n025,KV latent RMSNorm,other,NormCore,NormCore,OP_KV_LATENT_PROJ,11_glm_dsa_moe_owner_timing_sequence_v5.mmd,11_glm_dsa_moe_owner_timing_sequence_v6.mmd,existing_atlas_repo_grounded,mapped_from_single_block_atlas
11,GLM DSA MoE,11_glm_dsa_moe.mmd,1,DSA / MLA sparse attention + routed/shared MoE block,f11v01_n027,KV up-proj,mac,SharedMatrixCore,SharedMatrixCore,OP_KV_LATENT_PROJ,11_glm_dsa_moe_owner_timing_sequence_v5.mmd,11_glm_dsa_moe_owner_timing_sequence_v6.mmd,existing_atlas_repo_grounded,mapped_from_single_block_atlas
11,GLM DSA MoE,11_glm_dsa_moe.mmd,1,DSA / MLA sparse attention + routed/shared MoE block,f11v01_n029,Split KV,other,ElementwiseTransformCore,ElementwiseTransformCore,OP_KV_LATENT_PROJ,11_glm_dsa_moe_owner_timing_sequence_v5.mmd,11_glm_dsa_moe_owner_timing_sequence_v6.mmd,existing_atlas_repo_grounded,mapped_from_single_block_atlas
11,GLM DSA MoE,11_glm_dsa_moe.mmd,1,DSA / MLA sparse attention + routed/shared MoE block,f11v01_n030,RoPE,other,ElementwiseTransformCore,ElementwiseTransformCore,OP_KV_LATENT_PROJ,11_glm_dsa_moe_owner_timing_sequence_v5.mmd,11_glm_dsa_moe_owner_timing_sequence_v6.mmd,existing_atlas_repo_grounded,mapped_from_single_block_atlas
11,GLM DSA MoE,11_glm_dsa_moe.mmd,1,DSA / MLA sparse attention + routed/shared MoE block,f11v01_n031,Indexer Q projection,mac,SharedMatrixCore,SharedMatrixCore,OP_DSA_INDEXER,11_glm_dsa_moe_owner_timing_sequence_v5.mmd,11_glm_dsa_moe_owner_timing_sequence_v6.mmd,existing_atlas_repo_grounded,mapped_from_single_block_atlas
11,GLM DSA MoE,11_glm_dsa_moe.mmd,1,DSA / MLA sparse attention + routed/shared MoE block,f11v01_n032,Indexer K projection,mac,SharedMatrixCore,SharedMatrixCore,OP_DSA_INDEXER,11_glm_dsa_moe_owner_timing_sequence_v5.mmd,11_glm_dsa_moe_owner_timing_sequence_v6.mmd,existing_atlas_repo_grounded,mapped_from_single_block_atlas
11,GLM DSA MoE,11_glm_dsa_moe.mmd,1,DSA / MLA sparse attention + routed/shared MoE block,f11v01_n033,Indexer Q × Kᵀ,mac,SequenceCore,SequenceCore,OP_DSA_INDEXER,11_glm_dsa_moe_owner_timing_sequence_v5.mmd,11_glm_dsa_moe_owner_timing_sequence_v6.mmd,existing_atlas_repo_grounded,mapped_from_single_block_atlas
11,GLM DSA MoE,11_glm_dsa_moe.mmd,1,DSA / MLA sparse attention + routed/shared MoE block,f11v01_n034,Top-2048 select,other,SequenceCore,SequenceCore,OP_DSA_INDEXER,11_glm_dsa_moe_owner_timing_sequence_v5.mmd,11_glm_dsa_moe_owner_timing_sequence_v6.mmd,existing_atlas_repo_grounded,mapped_from_single_block_atlas
11,GLM DSA MoE,11_glm_dsa_moe.mmd,1,DSA / MLA sparse attention + routed/shared MoE block,f11v01_n035,Sparse gather,other,ActivationTileBufferCore,ActivationTileBufferCore,OP_DSA_INDEXER,11_glm_dsa_moe_owner_timing_sequence_v5.mmd,11_glm_dsa_moe_owner_timing_sequence_v6.mmd,existing_atlas_repo_grounded,mapped_from_single_block_atlas
11,GLM DSA MoE,11_glm_dsa_moe.mmd,1,DSA / MLA sparse attention + routed/shared MoE block,f11v01_n036,Selected Q × Kᵀ,mac,SequenceCore,SequenceCore,OP_LATENT_ATTENTION_OPROJ,11_glm_dsa_moe_owner_timing_sequence_v5.mmd,11_glm_dsa_moe_owner_timing_sequence_v6.mmd,existing_atlas_repo_grounded,mapped_from_single_block_atlas
11,GLM DSA MoE,11_glm_dsa_moe.mmd,1,DSA / MLA sparse attention + routed/shared MoE block,f11v01_n037,Softmax FP32,other,SequenceCore,SequenceCore,OP_LATENT_ATTENTION_OPROJ,11_glm_dsa_moe_owner_timing_sequence_v5.mmd,11_glm_dsa_moe_owner_timing_sequence_v6.mmd,existing_atlas_repo_grounded,mapped_from_single_block_atlas
11,GLM DSA MoE,11_glm_dsa_moe.mmd,1,DSA / MLA sparse attention + routed/shared MoE block,f11v01_n038,P × V,mac,SequenceCore,SequenceCore,OP_LATENT_ATTENTION_OPROJ,11_glm_dsa_moe_owner_timing_sequence_v5.mmd,11_glm_dsa_moe_owner_timing_sequence_v6.mmd,existing_atlas_repo_grounded,mapped_from_single_block_atlas
11,GLM DSA MoE,11_glm_dsa_moe.mmd,1,DSA / MLA sparse attention + routed/shared MoE block,f11v01_n039,O Proj,mac,SharedMatrixCore,SharedMatrixCore,OP_LATENT_ATTENTION_OPROJ,11_glm_dsa_moe_owner_timing_sequence_v5.mmd,11_glm_dsa_moe_owner_timing_sequence_v6.mmd,existing_atlas_repo_grounded,mapped_from_single_block_atlas
11,GLM DSA MoE,11_glm_dsa_moe.mmd,1,DSA / MLA sparse attention + routed/shared MoE block,f11v01_n040,+,plus,OutputCommitCore,OutputCommitCore,OP_LATENT_ATTENTION_OPROJ,11_glm_dsa_moe_owner_timing_sequence_v5.mmd,11_glm_dsa_moe_owner_timing_sequence_v6.mmd,existing_atlas_repo_grounded,mapped_from_single_block_atlas
11,GLM DSA MoE,11_glm_dsa_moe.mmd,1,DSA / MLA sparse attention + routed/shared MoE block,f11v01_n041,X + DSA/MLA,output,OutputCommitCore,OutputCommitCore,OP_LATENT_ATTENTION_OPROJ,11_glm_dsa_moe_owner_timing_sequence_v5.mmd,11_glm_dsa_moe_owner_timing_sequence_v6.mmd,existing_atlas_repo_grounded,mapped_from_single_block_atlas
11,GLM DSA MoE,11_glm_dsa_moe.mmd,1,DSA / MLA sparse attention + routed/shared MoE block,f11v01_n042,RMSNorm 2,other,NormCore,NormCore,OP_MOE,11_glm_dsa_moe_owner_timing_sequence_v5.mmd,11_glm_dsa_moe_owner_timing_sequence_v6.mmd,existing_atlas_repo_grounded,mapped_from_single_block_atlas
11,GLM DSA MoE,11_glm_dsa_moe.mmd,1,DSA / MLA sparse attention + routed/shared MoE block,f11v01_n044,Router projection,mac,SharedMatrixCore,SharedMatrixCore,OP_MOE,11_glm_dsa_moe_owner_timing_sequence_v5.mmd,11_glm_dsa_moe_owner_timing_sequence_v6.mmd,existing_atlas_repo_grounded,mapped_from_single_block_atlas
11,GLM DSA MoE,11_glm_dsa_moe.mmd,1,DSA / MLA sparse attention + routed/shared MoE block,f11v01_n045,Router scoring,other,FeedForwardCore,FeedForwardCore,OP_MOE,11_glm_dsa_moe_owner_timing_sequence_v5.mmd,11_glm_dsa_moe_owner_timing_sequence_v6.mmd,existing_atlas_repo_grounded,mapped_from_single_block_atlas
11,GLM DSA MoE,11_glm_dsa_moe.mmd,1,DSA / MLA sparse attention + routed/shared MoE block,f11v01_n046,Top-8 + renorm,other,FeedForwardCore,FeedForwardCore,OP_MOE,11_glm_dsa_moe_owner_timing_sequence_v5.mmd,11_glm_dsa_moe_owner_timing_sequence_v6.mmd,existing_atlas_repo_grounded,mapped_from_single_block_atlas
11,GLM DSA MoE,11_glm_dsa_moe.mmd,1,DSA / MLA sparse attention + routed/shared MoE block,f11v01_n047,Dispatch / gather,other,FeedForwardCore,FeedForwardCore,OP_MOE,11_glm_dsa_moe_owner_timing_sequence_v5.mmd,11_glm_dsa_moe_owner_timing_sequence_v6.mmd,existing_atlas_repo_grounded,mapped_from_single_block_atlas
11,GLM DSA MoE,11_glm_dsa_moe.mmd,1,DSA / MLA sparse attention + routed/shared MoE block,f11v01_n048,gate_proj,mac,SharedMatrixCore,SharedMatrixCore,OP_MOE,11_glm_dsa_moe_owner_timing_sequence_v5.mmd,11_glm_dsa_moe_owner_timing_sequence_v6.mmd,existing_atlas_repo_grounded,mapped_from_single_block_atlas
11,GLM DSA MoE,11_glm_dsa_moe.mmd,1,DSA / MLA sparse attention + routed/shared MoE block,f11v01_n049,up_proj,mac,SharedMatrixCore,SharedMatrixCore,OP_MOE,11_glm_dsa_moe_owner_timing_sequence_v5.mmd,11_glm_dsa_moe_owner_timing_sequence_v6.mmd,existing_atlas_repo_grounded,mapped_from_single_block_atlas
11,GLM DSA MoE,11_glm_dsa_moe.mmd,1,DSA / MLA sparse attention + routed/shared MoE block,f11v01_n050,SiLU,other,FeedForwardCore,FeedForwardCore,OP_MOE,11_glm_dsa_moe_owner_timing_sequence_v5.mmd,11_glm_dsa_moe_owner_timing_sequence_v6.mmd,existing_atlas_repo_grounded,mapped_from_single_block_atlas
11,GLM DSA MoE,11_glm_dsa_moe.mmd,1,DSA / MLA sparse attention + routed/shared MoE block,f11v01_n051,Elementwise gate,other,FeedForwardCore,FeedForwardCore,OP_MOE,11_glm_dsa_moe_owner_timing_sequence_v5.mmd,11_glm_dsa_moe_owner_timing_sequence_v6.mmd,existing_atlas_repo_grounded,mapped_from_single_block_atlas
11,GLM DSA MoE,11_glm_dsa_moe.mmd,1,DSA / MLA sparse attention + routed/shared MoE block,f11v01_n052,down_proj,mac,SharedMatrixCore,SharedMatrixCore,OP_MOE,11_glm_dsa_moe_owner_timing_sequence_v5.mmd,11_glm_dsa_moe_owner_timing_sequence_v6.mmd,existing_atlas_repo_grounded,mapped_from_single_block_atlas
11,GLM DSA MoE,11_glm_dsa_moe.mmd,1,DSA / MLA sparse attention + routed/shared MoE block,f11v01_n053,Expert weighting,other,FeedForwardCore,FeedForwardCore,OP_MOE,11_glm_dsa_moe_owner_timing_sequence_v5.mmd,11_glm_dsa_moe_owner_timing_sequence_v6.mmd,existing_atlas_repo_grounded,mapped_from_single_block_atlas
11,GLM DSA MoE,11_glm_dsa_moe.mmd,1,DSA / MLA sparse attention + routed/shared MoE block,f11v01_n054,Scatter / weighted reduce,other,FeedForwardCore,FeedForwardCore,OP_MOE,11_glm_dsa_moe_owner_timing_sequence_v5.mmd,11_glm_dsa_moe_owner_timing_sequence_v6.mmd,existing_atlas_repo_grounded,mapped_from_single_block_atlas
11,GLM DSA MoE,11_glm_dsa_moe.mmd,1,DSA / MLA sparse attention + routed/shared MoE block,f11v01_n055,gate_proj,mac,SharedMatrixCore,SharedMatrixCore,OP_MOE,11_glm_dsa_moe_owner_timing_sequence_v5.mmd,11_glm_dsa_moe_owner_timing_sequence_v6.mmd,existing_atlas_repo_grounded,mapped_from_single_block_atlas
11,GLM DSA MoE,11_glm_dsa_moe.mmd,1,DSA / MLA sparse attention + routed/shared MoE block,f11v01_n056,up_proj,mac,SharedMatrixCore,SharedMatrixCore,OP_MOE,11_glm_dsa_moe_owner_timing_sequence_v5.mmd,11_glm_dsa_moe_owner_timing_sequence_v6.mmd,existing_atlas_repo_grounded,mapped_from_single_block_atlas
11,GLM DSA MoE,11_glm_dsa_moe.mmd,1,DSA / MLA sparse attention + routed/shared MoE block,f11v01_n057,SiLU,other,FeedForwardCore,FeedForwardCore,OP_MOE,11_glm_dsa_moe_owner_timing_sequence_v5.mmd,11_glm_dsa_moe_owner_timing_sequence_v6.mmd,existing_atlas_repo_grounded,mapped_from_single_block_atlas
11,GLM DSA MoE,11_glm_dsa_moe.mmd,1,DSA / MLA sparse attention + routed/shared MoE block,f11v01_n058,Elementwise gate,other,FeedForwardCore,FeedForwardCore,OP_MOE,11_glm_dsa_moe_owner_timing_sequence_v5.mmd,11_glm_dsa_moe_owner_timing_sequence_v6.mmd,existing_atlas_repo_grounded,mapped_from_single_block_atlas
11,GLM DSA MoE,11_glm_dsa_moe.mmd,1,DSA / MLA sparse attention + routed/shared MoE block,f11v01_n059,down_proj,mac,SharedMatrixCore,SharedMatrixCore,OP_MOE,11_glm_dsa_moe_owner_timing_sequence_v5.mmd,11_glm_dsa_moe_owner_timing_sequence_v6.mmd,existing_atlas_repo_grounded,mapped_from_single_block_atlas
11,GLM DSA MoE,11_glm_dsa_moe.mmd,1,DSA / MLA sparse attention + routed/shared MoE block,f11v01_n060,Shared gate projection,mac,SharedMatrixCore,SharedMatrixCore,OP_MOE,11_glm_dsa_moe_owner_timing_sequence_v5.mmd,11_glm_dsa_moe_owner_timing_sequence_v6.mmd,existing_atlas_repo_grounded,mapped_from_single_block_atlas
11,GLM DSA MoE,11_glm_dsa_moe.mmd,1,DSA / MLA sparse attention + routed/shared MoE block,f11v01_n061,Sigmoid,other,FeedForwardCore,FeedForwardCore,OP_MOE,11_glm_dsa_moe_owner_timing_sequence_v5.mmd,11_glm_dsa_moe_owner_timing_sequence_v6.mmd,existing_atlas_repo_grounded,mapped_from_single_block_atlas
11,GLM DSA MoE,11_glm_dsa_moe.mmd,1,DSA / MLA sparse attention + routed/shared MoE block,f11v01_n062,Shared gating,other,FeedForwardCore,FeedForwardCore,OP_MOE,11_glm_dsa_moe_owner_timing_sequence_v5.mmd,11_glm_dsa_moe_owner_timing_sequence_v6.mmd,existing_atlas_repo_grounded,mapped_from_single_block_atlas
11,GLM DSA MoE,11_glm_dsa_moe.mmd,1,DSA / MLA sparse attention + routed/shared MoE block,f11v01_n063,+,plus,OutputCommitCore,OutputCommitCore,OP_MOE,11_glm_dsa_moe_owner_timing_sequence_v5.mmd,11_glm_dsa_moe_owner_timing_sequence_v6.mmd,existing_atlas_repo_grounded,mapped_from_single_block_atlas
11,GLM DSA MoE,11_glm_dsa_moe.mmd,1,DSA / MLA sparse attention + routed/shared MoE block,f11v01_n064,+,plus,OutputCommitCore,OutputCommitCore,OP_MOE,11_glm_dsa_moe_owner_timing_sequence_v5.mmd,11_glm_dsa_moe_owner_timing_sequence_v6.mmd,existing_atlas_repo_grounded,mapped_from_single_block_atlas
11,GLM DSA MoE,11_glm_dsa_moe.mmd,1,DSA / MLA sparse attention + routed/shared MoE block,f11v01_n065,Block output,output,OutputCommitCore,OutputCommitCore,OP_MOE,11_glm_dsa_moe_owner_timing_sequence_v5.mmd,11_glm_dsa_moe_owner_timing_sequence_v6.mmd,existing_atlas_repo_grounded,mapped_from_single_block_atlas
12,DeepSeek V4 Hybrid MoE,12_deepseek_v4_hybrid_moe.mmd,1,Sliding-only + mHC + MoE block,f12v01_n019,X,input,ActivationReadDmaCore,ActivationReadDmaCore,OP_MHC_INPUT,12_deepseek_v4_hybrid_moe_owner_timing_sequence_v5.mmd,12_deepseek_v4_hybrid_moe_owner_timing_sequence_v6.mmd,existing_atlas_repo_grounded,mapped_from_single_block_atlas
12,DeepSeek V4 Hybrid MoE,12_deepseek_v4_hybrid_moe.mmd,1,Sliding-only + mHC + MoE block,f12v01_n020,mHC Sinkhorn matrix,other,ElementwiseTransformCore,ElementwiseTransformCore,OP_MHC_INPUT,12_deepseek_v4_hybrid_moe_owner_timing_sequence_v5.mmd,12_deepseek_v4_hybrid_moe_owner_timing_sequence_v6.mmd,existing_atlas_repo_grounded,mapped_from_single_block_atlas
12,DeepSeek V4 Hybrid MoE,12_deepseek_v4_hybrid_moe.mmd,1,Sliding-only + mHC + MoE block,f12v01_n021,mHC input mixing,other,ElementwiseTransformCore,ElementwiseTransformCore,OP_MHC_INPUT,12_deepseek_v4_hybrid_moe_owner_timing_sequence_v5.mmd,12_deepseek_v4_hybrid_moe_owner_timing_sequence_v6.mmd,existing_atlas_repo_grounded,mapped_from_single_block_atlas
12,DeepSeek V4 Hybrid MoE,12_deepseek_v4_hybrid_moe.mmd,1,Sliding-only + mHC + MoE block,f12v01_n022,RMSNorm 1,other,NormCore,NormCore,OP_Q_LORA_PROJ,12_deepseek_v4_hybrid_moe_owner_timing_sequence_v5.mmd,12_deepseek_v4_hybrid_moe_owner_timing_sequence_v6.mmd,existing_atlas_repo_grounded,mapped_from_single_block_atlas
12,DeepSeek V4 Hybrid MoE,12_deepseek_v4_hybrid_moe.mmd,1,Sliding-only + mHC + MoE block,f12v01_n024,Q LoRA A,mac,SharedMatrixCore,SharedMatrixCore,OP_Q_LORA_PROJ,12_deepseek_v4_hybrid_moe_owner_timing_sequence_v5.mmd,12_deepseek_v4_hybrid_moe_owner_timing_sequence_v6.mmd,existing_atlas_repo_grounded,mapped_from_single_block_atlas
12,DeepSeek V4 Hybrid MoE,12_deepseek_v4_hybrid_moe.mmd,1,Sliding-only + mHC + MoE block,f12v01_n026,Q LoRA RMSNorm,other,NormCore,NormCore,OP_Q_LORA_PROJ,12_deepseek_v4_hybrid_moe_owner_timing_sequence_v5.mmd,12_deepseek_v4_hybrid_moe_owner_timing_sequence_v6.mmd,existing_atlas_repo_grounded,mapped_from_single_block_atlas
12,DeepSeek V4 Hybrid MoE,12_deepseek_v4_hybrid_moe.mmd,1,Sliding-only + mHC + MoE block,f12v01_n027,Partial RoPE split,other,ElementwiseTransformCore,ElementwiseTransformCore,OP_Q_LORA_PROJ,12_deepseek_v4_hybrid_moe_owner_timing_sequence_v5.mmd,12_deepseek_v4_hybrid_moe_owner_timing_sequence_v6.mmd,existing_atlas_repo_grounded,mapped_from_single_block_atlas
12,DeepSeek V4 Hybrid MoE,12_deepseek_v4_hybrid_moe.mmd,1,Sliding-only + mHC + MoE block,f12v01_n028,Q LoRA B,mac,SharedMatrixCore,SharedMatrixCore,OP_Q_LORA_PROJ,12_deepseek_v4_hybrid_moe_owner_timing_sequence_v5.mmd,12_deepseek_v4_hybrid_moe_owner_timing_sequence_v6.mmd,existing_atlas_repo_grounded,mapped_from_single_block_atlas
12,DeepSeek V4 Hybrid MoE,12_deepseek_v4_hybrid_moe.mmd,1,Sliding-only + mHC + MoE block,f12v01_n029,YaRN RoPE,other,ElementwiseTransformCore,ElementwiseTransformCore,OP_Q_LORA_PROJ,12_deepseek_v4_hybrid_moe_owner_timing_sequence_v5.mmd,12_deepseek_v4_hybrid_moe_owner_timing_sequence_v6.mmd,existing_atlas_repo_grounded,mapped_from_single_block_atlas
12,DeepSeek V4 Hybrid MoE,12_deepseek_v4_hybrid_moe.mmd,1,Sliding-only + mHC + MoE block,f12v01_n025,Shared K=V projection,mac,SharedMatrixCore,SharedMatrixCore,OP_SHARED_KV_PROJ,12_deepseek_v4_hybrid_moe_owner_timing_sequence_v5.mmd,12_deepseek_v4_hybrid_moe_owner_timing_sequence_v6.mmd,existing_atlas_repo_grounded,mapped_from_single_block_atlas
12,DeepSeek V4 Hybrid MoE,12_deepseek_v4_hybrid_moe.mmd,1,Sliding-only + mHC + MoE block,f12v01_n030,Sliding Q × Kᵀ,mac,SequenceCore,SequenceCore,OP_LOCAL_ATTENTION,12_deepseek_v4_hybrid_moe_owner_timing_sequence_v5.mmd,12_deepseek_v4_hybrid_moe_owner_timing_sequence_v6.mmd,existing_atlas_repo_grounded,mapped_from_single_block_atlas
12,DeepSeek V4 Hybrid MoE,12_deepseek_v4_hybrid_moe.mmd,1,Sliding-only + mHC + MoE block,f12v01_n031,Local Softmax,other,SequenceCore,SequenceCore,OP_LOCAL_ATTENTION,12_deepseek_v4_hybrid_moe_owner_timing_sequence_v5.mmd,12_deepseek_v4_hybrid_moe_owner_timing_sequence_v6.mmd,existing_atlas_repo_grounded,mapped_from_single_block_atlas
12,DeepSeek V4 Hybrid MoE,12_deepseek_v4_hybrid_moe.mmd,1,Sliding-only + mHC + MoE block,f12v01_n032,Local P × V,mac,SequenceCore,SequenceCore,OP_LOCAL_ATTENTION,12_deepseek_v4_hybrid_moe_owner_timing_sequence_v5.mmd,12_deepseek_v4_hybrid_moe_owner_timing_sequence_v6.mmd,existing_atlas_repo_grounded,mapped_from_single_block_atlas
12,DeepSeek V4 Hybrid MoE,12_deepseek_v4_hybrid_moe.mmd,1,Sliding-only + mHC + MoE block,f12v01_n033,Attention sink,other,SequenceCore,SequenceCore,OP_MHC_TAIL_COMMIT,12_deepseek_v4_hybrid_moe_owner_timing_sequence_v5.mmd,12_deepseek_v4_hybrid_moe_owner_timing_sequence_v6.mmd,existing_atlas_repo_grounded,mapped_from_single_block_atlas
12,DeepSeek V4 Hybrid MoE,12_deepseek_v4_hybrid_moe.mmd,1,Sliding-only + mHC + MoE block,f12v01_n037,+,plus,OutputCommitCore,OutputCommitCore,OP_MHC_TAIL_COMMIT,12_deepseek_v4_hybrid_moe_owner_timing_sequence_v5.mmd,12_deepseek_v4_hybrid_moe_owner_timing_sequence_v6.mmd,existing_atlas_repo_grounded,mapped_from_single_block_atlas
12,DeepSeek V4 Hybrid MoE,12_deepseek_v4_hybrid_moe.mmd,1,Sliding-only + mHC + MoE block,f12v01_n034,Grouped O low-rank A,mac,SharedMatrixCore,SharedMatrixCore,OP_MHC_TAIL_COMMIT,12_deepseek_v4_hybrid_moe_owner_timing_sequence_v5.mmd,12_deepseek_v4_hybrid_moe_owner_timing_sequence_v6.mmd,existing_atlas_repo_grounded,mapped_from_single_block_atlas
12,DeepSeek V4 Hybrid MoE,12_deepseek_v4_hybrid_moe.mmd,1,Sliding-only + mHC + MoE block,f12v01_n035,O low-rank B,mac,SharedMatrixCore,SharedMatrixCore,OP_MHC_TAIL_COMMIT,12_deepseek_v4_hybrid_moe_owner_timing_sequence_v5.mmd,12_deepseek_v4_hybrid_moe_owner_timing_sequence_v6.mmd,existing_atlas_repo_grounded,mapped_from_single_block_atlas
12,DeepSeek V4 Hybrid MoE,12_deepseek_v4_hybrid_moe.mmd,1,Sliding-only + mHC + MoE block,f12v01_n036,mHC output mixing,other,ElementwiseTransformCore,ElementwiseTransformCore,OP_MHC_TAIL_COMMIT,12_deepseek_v4_hybrid_moe_owner_timing_sequence_v5.mmd,12_deepseek_v4_hybrid_moe_owner_timing_sequence_v6.mmd,existing_atlas_repo_grounded,mapped_from_single_block_atlas
12,DeepSeek V4 Hybrid MoE,12_deepseek_v4_hybrid_moe.mmd,1,Sliding-only + mHC + MoE block,f12v01_n060,+,plus,OutputCommitCore,OutputCommitCore,OP_MHC_TAIL_COMMIT,12_deepseek_v4_hybrid_moe_owner_timing_sequence_v5.mmd,12_deepseek_v4_hybrid_moe_owner_timing_sequence_v6.mmd,existing_atlas_repo_grounded,mapped_from_single_block_atlas
12,DeepSeek V4 Hybrid MoE,12_deepseek_v4_hybrid_moe.mmd,1,Sliding-only + mHC + MoE block,f12v01_n038,4 streams + Attention,output,OutputCommitCore,OutputCommitCore,OP_MHC_TAIL_COMMIT,12_deepseek_v4_hybrid_moe_owner_timing_sequence_v5.mmd,12_deepseek_v4_hybrid_moe_owner_timing_sequence_v6.mmd,existing_atlas_repo_grounded,mapped_from_single_block_atlas
12,DeepSeek V4 Hybrid MoE,12_deepseek_v4_hybrid_moe.mmd,1,Sliding-only + mHC + MoE block,f12v01_n039,RMSNorm 2,other,NormCore,NormCore,OP_MOE,12_deepseek_v4_hybrid_moe_owner_timing_sequence_v5.mmd,12_deepseek_v4_hybrid_moe_owner_timing_sequence_v6.mmd,existing_atlas_repo_grounded,mapped_from_single_block_atlas
12,DeepSeek V4 Hybrid MoE,12_deepseek_v4_hybrid_moe.mmd,1,Sliding-only + mHC + MoE block,f12v01_n041,Router projection,mac,SharedMatrixCore,SharedMatrixCore,OP_MOE,12_deepseek_v4_hybrid_moe_owner_timing_sequence_v5.mmd,12_deepseek_v4_hybrid_moe_owner_timing_sequence_v6.mmd,existing_atlas_repo_grounded,mapped_from_single_block_atlas
12,DeepSeek V4 Hybrid MoE,12_deepseek_v4_hybrid_moe.mmd,1,Sliding-only + mHC + MoE block,f12v01_n042,Router scoring,other,FeedForwardCore,FeedForwardCore,OP_MOE,12_deepseek_v4_hybrid_moe_owner_timing_sequence_v5.mmd,12_deepseek_v4_hybrid_moe_owner_timing_sequence_v6.mmd,existing_atlas_repo_grounded,mapped_from_single_block_atlas
12,DeepSeek V4 Hybrid MoE,12_deepseek_v4_hybrid_moe.mmd,1,Sliding-only + mHC + MoE block,f12v01_n043,Top-6 + renorm,other,FeedForwardCore,FeedForwardCore,OP_MOE,12_deepseek_v4_hybrid_moe_owner_timing_sequence_v5.mmd,12_deepseek_v4_hybrid_moe_owner_timing_sequence_v6.mmd,existing_atlas_repo_grounded,mapped_from_single_block_atlas
12,DeepSeek V4 Hybrid MoE,12_deepseek_v4_hybrid_moe.mmd,1,Sliding-only + mHC + MoE block,f12v01_n044,Dispatch / gather,other,FeedForwardCore,FeedForwardCore,OP_MOE,12_deepseek_v4_hybrid_moe_owner_timing_sequence_v5.mmd,12_deepseek_v4_hybrid_moe_owner_timing_sequence_v6.mmd,existing_atlas_repo_grounded,mapped_from_single_block_atlas
12,DeepSeek V4 Hybrid MoE,12_deepseek_v4_hybrid_moe.mmd,1,Sliding-only + mHC + MoE block,f12v01_n045,gate_proj,mac,SharedMatrixCore,SharedMatrixCore,OP_MOE,12_deepseek_v4_hybrid_moe_owner_timing_sequence_v5.mmd,12_deepseek_v4_hybrid_moe_owner_timing_sequence_v6.mmd,existing_atlas_repo_grounded,mapped_from_single_block_atlas
12,DeepSeek V4 Hybrid MoE,12_deepseek_v4_hybrid_moe.mmd,1,Sliding-only + mHC + MoE block,f12v01_n046,up_proj,mac,SharedMatrixCore,SharedMatrixCore,OP_MOE,12_deepseek_v4_hybrid_moe_owner_timing_sequence_v5.mmd,12_deepseek_v4_hybrid_moe_owner_timing_sequence_v6.mmd,existing_atlas_repo_grounded,mapped_from_single_block_atlas
12,DeepSeek V4 Hybrid MoE,12_deepseek_v4_hybrid_moe.mmd,1,Sliding-only + mHC + MoE block,f12v01_n047,SiLU,other,FeedForwardCore,FeedForwardCore,OP_MOE,12_deepseek_v4_hybrid_moe_owner_timing_sequence_v5.mmd,12_deepseek_v4_hybrid_moe_owner_timing_sequence_v6.mmd,existing_atlas_repo_grounded,mapped_from_single_block_atlas
12,DeepSeek V4 Hybrid MoE,12_deepseek_v4_hybrid_moe.mmd,1,Sliding-only + mHC + MoE block,f12v01_n048,Elementwise gate,other,FeedForwardCore,FeedForwardCore,OP_MOE,12_deepseek_v4_hybrid_moe_owner_timing_sequence_v5.mmd,12_deepseek_v4_hybrid_moe_owner_timing_sequence_v6.mmd,existing_atlas_repo_grounded,mapped_from_single_block_atlas
12,DeepSeek V4 Hybrid MoE,12_deepseek_v4_hybrid_moe.mmd,1,Sliding-only + mHC + MoE block,f12v01_n049,down_proj,mac,SharedMatrixCore,SharedMatrixCore,OP_MOE,12_deepseek_v4_hybrid_moe_owner_timing_sequence_v5.mmd,12_deepseek_v4_hybrid_moe_owner_timing_sequence_v6.mmd,existing_atlas_repo_grounded,mapped_from_single_block_atlas
12,DeepSeek V4 Hybrid MoE,12_deepseek_v4_hybrid_moe.mmd,1,Sliding-only + mHC + MoE block,f12v01_n050,Expert weighting,other,FeedForwardCore,FeedForwardCore,OP_MOE,12_deepseek_v4_hybrid_moe_owner_timing_sequence_v5.mmd,12_deepseek_v4_hybrid_moe_owner_timing_sequence_v6.mmd,existing_atlas_repo_grounded,mapped_from_single_block_atlas
12,DeepSeek V4 Hybrid MoE,12_deepseek_v4_hybrid_moe.mmd,1,Sliding-only + mHC + MoE block,f12v01_n051,Scatter / weighted reduce,other,FeedForwardCore,FeedForwardCore,OP_MOE,12_deepseek_v4_hybrid_moe_owner_timing_sequence_v5.mmd,12_deepseek_v4_hybrid_moe_owner_timing_sequence_v6.mmd,existing_atlas_repo_grounded,mapped_from_single_block_atlas
12,DeepSeek V4 Hybrid MoE,12_deepseek_v4_hybrid_moe.mmd,1,Sliding-only + mHC + MoE block,f12v01_n052,gate_proj,mac,SharedMatrixCore,SharedMatrixCore,OP_MOE,12_deepseek_v4_hybrid_moe_owner_timing_sequence_v5.mmd,12_deepseek_v4_hybrid_moe_owner_timing_sequence_v6.mmd,existing_atlas_repo_grounded,mapped_from_single_block_atlas
12,DeepSeek V4 Hybrid MoE,12_deepseek_v4_hybrid_moe.mmd,1,Sliding-only + mHC + MoE block,f12v01_n053,up_proj,mac,SharedMatrixCore,SharedMatrixCore,OP_MOE,12_deepseek_v4_hybrid_moe_owner_timing_sequence_v5.mmd,12_deepseek_v4_hybrid_moe_owner_timing_sequence_v6.mmd,existing_atlas_repo_grounded,mapped_from_single_block_atlas
12,DeepSeek V4 Hybrid MoE,12_deepseek_v4_hybrid_moe.mmd,1,Sliding-only + mHC + MoE block,f12v01_n054,SiLU,other,FeedForwardCore,FeedForwardCore,OP_MOE,12_deepseek_v4_hybrid_moe_owner_timing_sequence_v5.mmd,12_deepseek_v4_hybrid_moe_owner_timing_sequence_v6.mmd,existing_atlas_repo_grounded,mapped_from_single_block_atlas
12,DeepSeek V4 Hybrid MoE,12_deepseek_v4_hybrid_moe.mmd,1,Sliding-only + mHC + MoE block,f12v01_n055,Elementwise gate,other,FeedForwardCore,FeedForwardCore,OP_MOE,12_deepseek_v4_hybrid_moe_owner_timing_sequence_v5.mmd,12_deepseek_v4_hybrid_moe_owner_timing_sequence_v6.mmd,existing_atlas_repo_grounded,mapped_from_single_block_atlas
12,DeepSeek V4 Hybrid MoE,12_deepseek_v4_hybrid_moe.mmd,1,Sliding-only + mHC + MoE block,f12v01_n056,down_proj,mac,SharedMatrixCore,SharedMatrixCore,OP_MOE,12_deepseek_v4_hybrid_moe_owner_timing_sequence_v5.mmd,12_deepseek_v4_hybrid_moe_owner_timing_sequence_v6.mmd,existing_atlas_repo_grounded,mapped_from_single_block_atlas
12,DeepSeek V4 Hybrid MoE,12_deepseek_v4_hybrid_moe.mmd,1,Sliding-only + mHC + MoE block,f12v01_n057,Shared gate projection,mac,SharedMatrixCore,SharedMatrixCore,OP_MOE,12_deepseek_v4_hybrid_moe_owner_timing_sequence_v5.mmd,12_deepseek_v4_hybrid_moe_owner_timing_sequence_v6.mmd,existing_atlas_repo_grounded,mapped_from_single_block_atlas
12,DeepSeek V4 Hybrid MoE,12_deepseek_v4_hybrid_moe.mmd,1,Sliding-only + mHC + MoE block,f12v01_n058,Sigmoid,other,FeedForwardCore,FeedForwardCore,OP_MOE,12_deepseek_v4_hybrid_moe_owner_timing_sequence_v5.mmd,12_deepseek_v4_hybrid_moe_owner_timing_sequence_v6.mmd,existing_atlas_repo_grounded,mapped_from_single_block_atlas
12,DeepSeek V4 Hybrid MoE,12_deepseek_v4_hybrid_moe.mmd,1,Sliding-only + mHC + MoE block,f12v01_n059,Shared gating,other,FeedForwardCore,FeedForwardCore,OP_MOE,12_deepseek_v4_hybrid_moe_owner_timing_sequence_v5.mmd,12_deepseek_v4_hybrid_moe_owner_timing_sequence_v6.mmd,existing_atlas_repo_grounded,mapped_from_single_block_atlas
12,DeepSeek V4 Hybrid MoE,12_deepseek_v4_hybrid_moe.mmd,1,Sliding-only + mHC + MoE block,f12v01_n061,+,plus,OutputCommitCore,OutputCommitCore,OP_MOE,12_deepseek_v4_hybrid_moe_owner_timing_sequence_v5.mmd,12_deepseek_v4_hybrid_moe_owner_timing_sequence_v6.mmd,existing_atlas_repo_grounded,mapped_from_single_block_atlas
12,DeepSeek V4 Hybrid MoE,12_deepseek_v4_hybrid_moe.mmd,1,Sliding-only + mHC + MoE block,f12v01_n062,Block output,output,OutputCommitCore,OutputCommitCore,OP_MOE,12_deepseek_v4_hybrid_moe_owner_timing_sequence_v5.mmd,12_deepseek_v4_hybrid_moe_owner_timing_sequence_v6.mmd,existing_atlas_repo_grounded,mapped_from_single_block_atlas
12,DeepSeek V4 Hybrid MoE,12_deepseek_v4_hybrid_moe.mmd,2,Compressed Sparse Attention + mHC + MoE block,f12v02_n019,X,input,ActivationReadDmaCore,ActivationReadDmaCore,OP_MHC_INPUT,12_deepseek_v4_hybrid_moe_owner_timing_sequence_v5.mmd,12_deepseek_v4_hybrid_moe_owner_timing_sequence_v6.mmd,existing_atlas_repo_grounded,mapped_from_single_block_atlas
12,DeepSeek V4 Hybrid MoE,12_deepseek_v4_hybrid_moe.mmd,2,Compressed Sparse Attention + mHC + MoE block,f12v02_n020,mHC Sinkhorn matrix,other,ElementwiseTransformCore,ElementwiseTransformCore,OP_MHC_INPUT,12_deepseek_v4_hybrid_moe_owner_timing_sequence_v5.mmd,12_deepseek_v4_hybrid_moe_owner_timing_sequence_v6.mmd,existing_atlas_repo_grounded,mapped_from_single_block_atlas
12,DeepSeek V4 Hybrid MoE,12_deepseek_v4_hybrid_moe.mmd,2,Compressed Sparse Attention + mHC + MoE block,f12v02_n021,mHC input mixing,other,ElementwiseTransformCore,ElementwiseTransformCore,OP_MHC_INPUT,12_deepseek_v4_hybrid_moe_owner_timing_sequence_v5.mmd,12_deepseek_v4_hybrid_moe_owner_timing_sequence_v6.mmd,existing_atlas_repo_grounded,mapped_from_single_block_atlas
12,DeepSeek V4 Hybrid MoE,12_deepseek_v4_hybrid_moe.mmd,2,Compressed Sparse Attention + mHC + MoE block,f12v02_n022,RMSNorm 1,other,NormCore,NormCore,OP_Q_LORA_PROJ,12_deepseek_v4_hybrid_moe_owner_timing_sequence_v5.mmd,12_deepseek_v4_hybrid_moe_owner_timing_sequence_v6.mmd,existing_atlas_repo_grounded,mapped_from_single_block_atlas
12,DeepSeek V4 Hybrid MoE,12_deepseek_v4_hybrid_moe.mmd,2,Compressed Sparse Attention + mHC + MoE block,f12v02_n024,Q LoRA A,mac,SharedMatrixCore,SharedMatrixCore,OP_Q_LORA_PROJ,12_deepseek_v4_hybrid_moe_owner_timing_sequence_v5.mmd,12_deepseek_v4_hybrid_moe_owner_timing_sequence_v6.mmd,existing_atlas_repo_grounded,mapped_from_single_block_atlas
12,DeepSeek V4 Hybrid MoE,12_deepseek_v4_hybrid_moe.mmd,2,Compressed Sparse Attention + mHC + MoE block,f12v02_n026,Q LoRA RMSNorm,other,NormCore,NormCore,OP_Q_LORA_PROJ,12_deepseek_v4_hybrid_moe_owner_timing_sequence_v5.mmd,12_deepseek_v4_hybrid_moe_owner_timing_sequence_v6.mmd,existing_atlas_repo_grounded,mapped_from_single_block_atlas
12,DeepSeek V4 Hybrid MoE,12_deepseek_v4_hybrid_moe.mmd,2,Compressed Sparse Attention + mHC + MoE block,f12v02_n027,Partial RoPE split,other,ElementwiseTransformCore,ElementwiseTransformCore,OP_Q_LORA_PROJ,12_deepseek_v4_hybrid_moe_owner_timing_sequence_v5.mmd,12_deepseek_v4_hybrid_moe_owner_timing_sequence_v6.mmd,existing_atlas_repo_grounded,mapped_from_single_block_atlas
12,DeepSeek V4 Hybrid MoE,12_deepseek_v4_hybrid_moe.mmd,2,Compressed Sparse Attention + mHC + MoE block,f12v02_n028,Q LoRA B,mac,SharedMatrixCore,SharedMatrixCore,OP_Q_LORA_PROJ,12_deepseek_v4_hybrid_moe_owner_timing_sequence_v5.mmd,12_deepseek_v4_hybrid_moe_owner_timing_sequence_v6.mmd,existing_atlas_repo_grounded,mapped_from_single_block_atlas
12,DeepSeek V4 Hybrid MoE,12_deepseek_v4_hybrid_moe.mmd,2,Compressed Sparse Attention + mHC + MoE block,f12v02_n029,YaRN RoPE,other,ElementwiseTransformCore,ElementwiseTransformCore,OP_Q_LORA_PROJ,12_deepseek_v4_hybrid_moe_owner_timing_sequence_v5.mmd,12_deepseek_v4_hybrid_moe_owner_timing_sequence_v6.mmd,existing_atlas_repo_grounded,mapped_from_single_block_atlas
12,DeepSeek V4 Hybrid MoE,12_deepseek_v4_hybrid_moe.mmd,2,Compressed Sparse Attention + mHC + MoE block,f12v02_n025,Shared K=V projection,mac,SharedMatrixCore,SharedMatrixCore,OP_SHARED_KV_PROJ,12_deepseek_v4_hybrid_moe_owner_timing_sequence_v5.mmd,12_deepseek_v4_hybrid_moe_owner_timing_sequence_v6.mmd,existing_atlas_repo_grounded,mapped_from_single_block_atlas
12,DeepSeek V4 Hybrid MoE,12_deepseek_v4_hybrid_moe.mmd,2,Compressed Sparse Attention + mHC + MoE block,f12v02_n030,Sliding Q × Kᵀ,mac,SequenceCore,SequenceCore,OP_LOCAL_ATTENTION,12_deepseek_v4_hybrid_moe_owner_timing_sequence_v5.mmd,12_deepseek_v4_hybrid_moe_owner_timing_sequence_v6.mmd,existing_atlas_repo_grounded,mapped_from_single_block_atlas
12,DeepSeek V4 Hybrid MoE,12_deepseek_v4_hybrid_moe.mmd,2,Compressed Sparse Attention + mHC + MoE block,f12v02_n031,Local Softmax,other,SequenceCore,SequenceCore,OP_LOCAL_ATTENTION,12_deepseek_v4_hybrid_moe_owner_timing_sequence_v5.mmd,12_deepseek_v4_hybrid_moe_owner_timing_sequence_v6.mmd,existing_atlas_repo_grounded,mapped_from_single_block_atlas
12,DeepSeek V4 Hybrid MoE,12_deepseek_v4_hybrid_moe.mmd,2,Compressed Sparse Attention + mHC + MoE block,f12v02_n032,Local P × V,mac,SequenceCore,SequenceCore,OP_LOCAL_ATTENTION,12_deepseek_v4_hybrid_moe_owner_timing_sequence_v5.mmd,12_deepseek_v4_hybrid_moe_owner_timing_sequence_v6.mmd,existing_atlas_repo_grounded,mapped_from_single_block_atlas
12,DeepSeek V4 Hybrid MoE,12_deepseek_v4_hybrid_moe.mmd,2,Compressed Sparse Attention + mHC + MoE block,f12v02_n033,Block KV compressor,mac,SharedMatrixCore,SharedMatrixCore,OP_CSA_INDEX,12_deepseek_v4_hybrid_moe_owner_timing_sequence_v5.mmd,12_deepseek_v4_hybrid_moe_owner_timing_sequence_v6.mmd,existing_atlas_repo_grounded,mapped_from_single_block_atlas
12,DeepSeek V4 Hybrid MoE,12_deepseek_v4_hybrid_moe.mmd,2,Compressed Sparse Attention + mHC + MoE block,f12v02_n034,Lightning indexer,mac,SharedMatrixCore,SharedMatrixCore,OP_CSA_INDEX,12_deepseek_v4_hybrid_moe_owner_timing_sequence_v5.mmd,12_deepseek_v4_hybrid_moe_owner_timing_sequence_v6.mmd,existing_atlas_repo_grounded,mapped_from_single_block_atlas
12,DeepSeek V4 Hybrid MoE,12_deepseek_v4_hybrid_moe.mmd,2,Compressed Sparse Attention + mHC + MoE block,f12v02_n035,Top-512 blocks,other,SequenceCore,SequenceCore,OP_CSA_INDEX,12_deepseek_v4_hybrid_moe_owner_timing_sequence_v5.mmd,12_deepseek_v4_hybrid_moe_owner_timing_sequence_v6.mmd,existing_atlas_repo_grounded,mapped_from_single_block_atlas
12,DeepSeek V4 Hybrid MoE,12_deepseek_v4_hybrid_moe.mmd,2,Compressed Sparse Attention + mHC + MoE block,f12v02_n036,Sparse Q × Kᵀ,mac,SequenceCore,SequenceCore,OP_CSA_INDEX,12_deepseek_v4_hybrid_moe_owner_timing_sequence_v5.mmd,12_deepseek_v4_hybrid_moe_owner_timing_sequence_v6.mmd,existing_atlas_repo_grounded,mapped_from_single_block_atlas
12,DeepSeek V4 Hybrid MoE,12_deepseek_v4_hybrid_moe.mmd,2,Compressed Sparse Attention + mHC + MoE block,f12v02_n037,Sparse Softmax,other,SequenceCore,SequenceCore,OP_CSA_INDEX,12_deepseek_v4_hybrid_moe_owner_timing_sequence_v5.mmd,12_deepseek_v4_hybrid_moe_owner_timing_sequence_v6.mmd,existing_atlas_repo_grounded,mapped_from_single_block_atlas
12,DeepSeek V4 Hybrid MoE,12_deepseek_v4_hybrid_moe.mmd,2,Compressed Sparse Attention + mHC + MoE block,f12v02_n038,Sparse P × V,mac,SequenceCore,SequenceCore,OP_CSA_INDEX,12_deepseek_v4_hybrid_moe_owner_timing_sequence_v5.mmd,12_deepseek_v4_hybrid_moe_owner_timing_sequence_v6.mmd,existing_atlas_repo_grounded,mapped_from_single_block_atlas
12,DeepSeek V4 Hybrid MoE,12_deepseek_v4_hybrid_moe.mmd,2,Compressed Sparse Attention + mHC + MoE block,f12v02_n039,Attention sink,other,SequenceCore,SequenceCore,OP_MHC_TAIL_COMMIT,12_deepseek_v4_hybrid_moe_owner_timing_sequence_v5.mmd,12_deepseek_v4_hybrid_moe_owner_timing_sequence_v6.mmd,existing_atlas_repo_grounded,mapped_from_single_block_atlas
12,DeepSeek V4 Hybrid MoE,12_deepseek_v4_hybrid_moe.mmd,2,Compressed Sparse Attention + mHC + MoE block,f12v02_n040,+,plus,SequenceCore,SequenceCore,OP_MHC_TAIL_COMMIT,12_deepseek_v4_hybrid_moe_owner_timing_sequence_v5.mmd,12_deepseek_v4_hybrid_moe_owner_timing_sequence_v6.mmd,existing_atlas_repo_grounded,mapped_from_single_block_atlas
12,DeepSeek V4 Hybrid MoE,12_deepseek_v4_hybrid_moe.mmd,2,Compressed Sparse Attention + mHC + MoE block,f12v02_n041,Grouped O low-rank A,mac,SharedMatrixCore,SharedMatrixCore,OP_MHC_TAIL_COMMIT,12_deepseek_v4_hybrid_moe_owner_timing_sequence_v5.mmd,12_deepseek_v4_hybrid_moe_owner_timing_sequence_v6.mmd,existing_atlas_repo_grounded,mapped_from_single_block_atlas
12,DeepSeek V4 Hybrid MoE,12_deepseek_v4_hybrid_moe.mmd,2,Compressed Sparse Attention + mHC + MoE block,f12v02_n042,O low-rank B,mac,SharedMatrixCore,SharedMatrixCore,OP_MHC_TAIL_COMMIT,12_deepseek_v4_hybrid_moe_owner_timing_sequence_v5.mmd,12_deepseek_v4_hybrid_moe_owner_timing_sequence_v6.mmd,existing_atlas_repo_grounded,mapped_from_single_block_atlas
12,DeepSeek V4 Hybrid MoE,12_deepseek_v4_hybrid_moe.mmd,2,Compressed Sparse Attention + mHC + MoE block,f12v02_n043,mHC output mixing,other,ElementwiseTransformCore,ElementwiseTransformCore,OP_MHC_TAIL_COMMIT,12_deepseek_v4_hybrid_moe_owner_timing_sequence_v5.mmd,12_deepseek_v4_hybrid_moe_owner_timing_sequence_v6.mmd,existing_atlas_repo_grounded,mapped_from_single_block_atlas
12,DeepSeek V4 Hybrid MoE,12_deepseek_v4_hybrid_moe.mmd,2,Compressed Sparse Attention + mHC + MoE block,f12v02_n044,+,plus,OutputCommitCore,OutputCommitCore,OP_MHC_TAIL_COMMIT,12_deepseek_v4_hybrid_moe_owner_timing_sequence_v5.mmd,12_deepseek_v4_hybrid_moe_owner_timing_sequence_v6.mmd,existing_atlas_repo_grounded,mapped_from_single_block_atlas
12,DeepSeek V4 Hybrid MoE,12_deepseek_v4_hybrid_moe.mmd,2,Compressed Sparse Attention + mHC + MoE block,f12v02_n045,4 streams + CSA,output,OutputCommitCore,OutputCommitCore,OP_MHC_TAIL_COMMIT,12_deepseek_v4_hybrid_moe_owner_timing_sequence_v5.mmd,12_deepseek_v4_hybrid_moe_owner_timing_sequence_v6.mmd,existing_atlas_repo_grounded,mapped_from_single_block_atlas
12,DeepSeek V4 Hybrid MoE,12_deepseek_v4_hybrid_moe.mmd,2,Compressed Sparse Attention + mHC + MoE block,f12v02_n046,RMSNorm 2,other,NormCore,NormCore,OP_MOE,12_deepseek_v4_hybrid_moe_owner_timing_sequence_v5.mmd,12_deepseek_v4_hybrid_moe_owner_timing_sequence_v6.mmd,existing_atlas_repo_grounded,mapped_from_single_block_atlas
12,DeepSeek V4 Hybrid MoE,12_deepseek_v4_hybrid_moe.mmd,2,Compressed Sparse Attention + mHC + MoE block,f12v02_n048,Router projection,mac,SharedMatrixCore,SharedMatrixCore,OP_MOE,12_deepseek_v4_hybrid_moe_owner_timing_sequence_v5.mmd,12_deepseek_v4_hybrid_moe_owner_timing_sequence_v6.mmd,existing_atlas_repo_grounded,mapped_from_single_block_atlas
12,DeepSeek V4 Hybrid MoE,12_deepseek_v4_hybrid_moe.mmd,2,Compressed Sparse Attention + mHC + MoE block,f12v02_n049,Router scoring,other,FeedForwardCore,FeedForwardCore,OP_MOE,12_deepseek_v4_hybrid_moe_owner_timing_sequence_v5.mmd,12_deepseek_v4_hybrid_moe_owner_timing_sequence_v6.mmd,existing_atlas_repo_grounded,mapped_from_single_block_atlas
12,DeepSeek V4 Hybrid MoE,12_deepseek_v4_hybrid_moe.mmd,2,Compressed Sparse Attention + mHC + MoE block,f12v02_n050,Top-6 + renorm,other,FeedForwardCore,FeedForwardCore,OP_MOE,12_deepseek_v4_hybrid_moe_owner_timing_sequence_v5.mmd,12_deepseek_v4_hybrid_moe_owner_timing_sequence_v6.mmd,existing_atlas_repo_grounded,mapped_from_single_block_atlas
12,DeepSeek V4 Hybrid MoE,12_deepseek_v4_hybrid_moe.mmd,2,Compressed Sparse Attention + mHC + MoE block,f12v02_n051,Dispatch / gather,other,FeedForwardCore,FeedForwardCore,OP_MOE,12_deepseek_v4_hybrid_moe_owner_timing_sequence_v5.mmd,12_deepseek_v4_hybrid_moe_owner_timing_sequence_v6.mmd,existing_atlas_repo_grounded,mapped_from_single_block_atlas
12,DeepSeek V4 Hybrid MoE,12_deepseek_v4_hybrid_moe.mmd,2,Compressed Sparse Attention + mHC + MoE block,f12v02_n052,gate_proj,mac,SharedMatrixCore,SharedMatrixCore,OP_MOE,12_deepseek_v4_hybrid_moe_owner_timing_sequence_v5.mmd,12_deepseek_v4_hybrid_moe_owner_timing_sequence_v6.mmd,existing_atlas_repo_grounded,mapped_from_single_block_atlas
12,DeepSeek V4 Hybrid MoE,12_deepseek_v4_hybrid_moe.mmd,2,Compressed Sparse Attention + mHC + MoE block,f12v02_n053,up_proj,mac,SharedMatrixCore,SharedMatrixCore,OP_MOE,12_deepseek_v4_hybrid_moe_owner_timing_sequence_v5.mmd,12_deepseek_v4_hybrid_moe_owner_timing_sequence_v6.mmd,existing_atlas_repo_grounded,mapped_from_single_block_atlas
12,DeepSeek V4 Hybrid MoE,12_deepseek_v4_hybrid_moe.mmd,2,Compressed Sparse Attention + mHC + MoE block,f12v02_n054,SiLU,other,FeedForwardCore,FeedForwardCore,OP_MOE,12_deepseek_v4_hybrid_moe_owner_timing_sequence_v5.mmd,12_deepseek_v4_hybrid_moe_owner_timing_sequence_v6.mmd,existing_atlas_repo_grounded,mapped_from_single_block_atlas
12,DeepSeek V4 Hybrid MoE,12_deepseek_v4_hybrid_moe.mmd,2,Compressed Sparse Attention + mHC + MoE block,f12v02_n055,Elementwise gate,other,FeedForwardCore,FeedForwardCore,OP_MOE,12_deepseek_v4_hybrid_moe_owner_timing_sequence_v5.mmd,12_deepseek_v4_hybrid_moe_owner_timing_sequence_v6.mmd,existing_atlas_repo_grounded,mapped_from_single_block_atlas
12,DeepSeek V4 Hybrid MoE,12_deepseek_v4_hybrid_moe.mmd,2,Compressed Sparse Attention + mHC + MoE block,f12v02_n056,down_proj,mac,SharedMatrixCore,SharedMatrixCore,OP_MOE,12_deepseek_v4_hybrid_moe_owner_timing_sequence_v5.mmd,12_deepseek_v4_hybrid_moe_owner_timing_sequence_v6.mmd,existing_atlas_repo_grounded,mapped_from_single_block_atlas
12,DeepSeek V4 Hybrid MoE,12_deepseek_v4_hybrid_moe.mmd,2,Compressed Sparse Attention + mHC + MoE block,f12v02_n057,Expert weighting,other,FeedForwardCore,FeedForwardCore,OP_MOE,12_deepseek_v4_hybrid_moe_owner_timing_sequence_v5.mmd,12_deepseek_v4_hybrid_moe_owner_timing_sequence_v6.mmd,existing_atlas_repo_grounded,mapped_from_single_block_atlas
12,DeepSeek V4 Hybrid MoE,12_deepseek_v4_hybrid_moe.mmd,2,Compressed Sparse Attention + mHC + MoE block,f12v02_n058,Scatter / weighted reduce,other,FeedForwardCore,FeedForwardCore,OP_MOE,12_deepseek_v4_hybrid_moe_owner_timing_sequence_v5.mmd,12_deepseek_v4_hybrid_moe_owner_timing_sequence_v6.mmd,existing_atlas_repo_grounded,mapped_from_single_block_atlas
12,DeepSeek V4 Hybrid MoE,12_deepseek_v4_hybrid_moe.mmd,2,Compressed Sparse Attention + mHC + MoE block,f12v02_n059,gate_proj,mac,SharedMatrixCore,SharedMatrixCore,OP_MOE,12_deepseek_v4_hybrid_moe_owner_timing_sequence_v5.mmd,12_deepseek_v4_hybrid_moe_owner_timing_sequence_v6.mmd,existing_atlas_repo_grounded,mapped_from_single_block_atlas
12,DeepSeek V4 Hybrid MoE,12_deepseek_v4_hybrid_moe.mmd,2,Compressed Sparse Attention + mHC + MoE block,f12v02_n060,up_proj,mac,SharedMatrixCore,SharedMatrixCore,OP_MOE,12_deepseek_v4_hybrid_moe_owner_timing_sequence_v5.mmd,12_deepseek_v4_hybrid_moe_owner_timing_sequence_v6.mmd,existing_atlas_repo_grounded,mapped_from_single_block_atlas
12,DeepSeek V4 Hybrid MoE,12_deepseek_v4_hybrid_moe.mmd,2,Compressed Sparse Attention + mHC + MoE block,f12v02_n061,SiLU,other,FeedForwardCore,FeedForwardCore,OP_MOE,12_deepseek_v4_hybrid_moe_owner_timing_sequence_v5.mmd,12_deepseek_v4_hybrid_moe_owner_timing_sequence_v6.mmd,existing_atlas_repo_grounded,mapped_from_single_block_atlas
12,DeepSeek V4 Hybrid MoE,12_deepseek_v4_hybrid_moe.mmd,2,Compressed Sparse Attention + mHC + MoE block,f12v02_n062,Elementwise gate,other,FeedForwardCore,FeedForwardCore,OP_MOE,12_deepseek_v4_hybrid_moe_owner_timing_sequence_v5.mmd,12_deepseek_v4_hybrid_moe_owner_timing_sequence_v6.mmd,existing_atlas_repo_grounded,mapped_from_single_block_atlas
12,DeepSeek V4 Hybrid MoE,12_deepseek_v4_hybrid_moe.mmd,2,Compressed Sparse Attention + mHC + MoE block,f12v02_n063,down_proj,mac,SharedMatrixCore,SharedMatrixCore,OP_MOE,12_deepseek_v4_hybrid_moe_owner_timing_sequence_v5.mmd,12_deepseek_v4_hybrid_moe_owner_timing_sequence_v6.mmd,existing_atlas_repo_grounded,mapped_from_single_block_atlas
12,DeepSeek V4 Hybrid MoE,12_deepseek_v4_hybrid_moe.mmd,2,Compressed Sparse Attention + mHC + MoE block,f12v02_n064,Shared gate projection,mac,SharedMatrixCore,SharedMatrixCore,OP_MOE,12_deepseek_v4_hybrid_moe_owner_timing_sequence_v5.mmd,12_deepseek_v4_hybrid_moe_owner_timing_sequence_v6.mmd,existing_atlas_repo_grounded,mapped_from_single_block_atlas
12,DeepSeek V4 Hybrid MoE,12_deepseek_v4_hybrid_moe.mmd,2,Compressed Sparse Attention + mHC + MoE block,f12v02_n065,Sigmoid,other,FeedForwardCore,FeedForwardCore,OP_MOE,12_deepseek_v4_hybrid_moe_owner_timing_sequence_v5.mmd,12_deepseek_v4_hybrid_moe_owner_timing_sequence_v6.mmd,existing_atlas_repo_grounded,mapped_from_single_block_atlas
12,DeepSeek V4 Hybrid MoE,12_deepseek_v4_hybrid_moe.mmd,2,Compressed Sparse Attention + mHC + MoE block,f12v02_n066,Shared gating,other,FeedForwardCore,FeedForwardCore,OP_MOE,12_deepseek_v4_hybrid_moe_owner_timing_sequence_v5.mmd,12_deepseek_v4_hybrid_moe_owner_timing_sequence_v6.mmd,existing_atlas_repo_grounded,mapped_from_single_block_atlas
12,DeepSeek V4 Hybrid MoE,12_deepseek_v4_hybrid_moe.mmd,2,Compressed Sparse Attention + mHC + MoE block,f12v02_n067,+,plus,OutputCommitCore,OutputCommitCore,OP_MOE,12_deepseek_v4_hybrid_moe_owner_timing_sequence_v5.mmd,12_deepseek_v4_hybrid_moe_owner_timing_sequence_v6.mmd,existing_atlas_repo_grounded,mapped_from_single_block_atlas
12,DeepSeek V4 Hybrid MoE,12_deepseek_v4_hybrid_moe.mmd,2,Compressed Sparse Attention + mHC + MoE block,f12v02_n068,+,plus,OutputCommitCore,OutputCommitCore,OP_MOE,12_deepseek_v4_hybrid_moe_owner_timing_sequence_v5.mmd,12_deepseek_v4_hybrid_moe_owner_timing_sequence_v6.mmd,existing_atlas_repo_grounded,mapped_from_single_block_atlas
12,DeepSeek V4 Hybrid MoE,12_deepseek_v4_hybrid_moe.mmd,2,Compressed Sparse Attention + mHC + MoE block,f12v02_n069,Block output,output,OutputCommitCore,OutputCommitCore,OP_MOE,12_deepseek_v4_hybrid_moe_owner_timing_sequence_v5.mmd,12_deepseek_v4_hybrid_moe_owner_timing_sequence_v6.mmd,existing_atlas_repo_grounded,mapped_from_single_block_atlas
12,DeepSeek V4 Hybrid MoE,12_deepseek_v4_hybrid_moe.mmd,3,Hierarchical Compressed Attention + mHC + MoE block,f12v03_n019,X,input,ActivationReadDmaCore,ActivationReadDmaCore,OP_MHC_INPUT,12_deepseek_v4_hybrid_moe_owner_timing_sequence_v5.mmd,12_deepseek_v4_hybrid_moe_owner_timing_sequence_v6.mmd,existing_atlas_repo_grounded,mapped_from_single_block_atlas
12,DeepSeek V4 Hybrid MoE,12_deepseek_v4_hybrid_moe.mmd,3,Hierarchical Compressed Attention + mHC + MoE block,f12v03_n020,mHC Sinkhorn matrix,other,ElementwiseTransformCore,ElementwiseTransformCore,OP_MHC_INPUT,12_deepseek_v4_hybrid_moe_owner_timing_sequence_v5.mmd,12_deepseek_v4_hybrid_moe_owner_timing_sequence_v6.mmd,existing_atlas_repo_grounded,mapped_from_single_block_atlas
12,DeepSeek V4 Hybrid MoE,12_deepseek_v4_hybrid_moe.mmd,3,Hierarchical Compressed Attention + mHC + MoE block,f12v03_n021,mHC input mixing,other,ElementwiseTransformCore,ElementwiseTransformCore,OP_MHC_INPUT,12_deepseek_v4_hybrid_moe_owner_timing_sequence_v5.mmd,12_deepseek_v4_hybrid_moe_owner_timing_sequence_v6.mmd,existing_atlas_repo_grounded,mapped_from_single_block_atlas
12,DeepSeek V4 Hybrid MoE,12_deepseek_v4_hybrid_moe.mmd,3,Hierarchical Compressed Attention + mHC + MoE block,f12v03_n022,RMSNorm 1,other,NormCore,NormCore,OP_Q_LORA_PROJ,12_deepseek_v4_hybrid_moe_owner_timing_sequence_v5.mmd,12_deepseek_v4_hybrid_moe_owner_timing_sequence_v6.mmd,existing_atlas_repo_grounded,mapped_from_single_block_atlas
12,DeepSeek V4 Hybrid MoE,12_deepseek_v4_hybrid_moe.mmd,3,Hierarchical Compressed Attention + mHC + MoE block,f12v03_n024,Q LoRA A,mac,SharedMatrixCore,SharedMatrixCore,OP_Q_LORA_PROJ,12_deepseek_v4_hybrid_moe_owner_timing_sequence_v5.mmd,12_deepseek_v4_hybrid_moe_owner_timing_sequence_v6.mmd,existing_atlas_repo_grounded,mapped_from_single_block_atlas
12,DeepSeek V4 Hybrid MoE,12_deepseek_v4_hybrid_moe.mmd,3,Hierarchical Compressed Attention + mHC + MoE block,f12v03_n026,Q LoRA RMSNorm,other,NormCore,NormCore,OP_Q_LORA_PROJ,12_deepseek_v4_hybrid_moe_owner_timing_sequence_v5.mmd,12_deepseek_v4_hybrid_moe_owner_timing_sequence_v6.mmd,existing_atlas_repo_grounded,mapped_from_single_block_atlas
12,DeepSeek V4 Hybrid MoE,12_deepseek_v4_hybrid_moe.mmd,3,Hierarchical Compressed Attention + mHC + MoE block,f12v03_n027,Partial RoPE split,other,ElementwiseTransformCore,ElementwiseTransformCore,OP_Q_LORA_PROJ,12_deepseek_v4_hybrid_moe_owner_timing_sequence_v5.mmd,12_deepseek_v4_hybrid_moe_owner_timing_sequence_v6.mmd,existing_atlas_repo_grounded,mapped_from_single_block_atlas
12,DeepSeek V4 Hybrid MoE,12_deepseek_v4_hybrid_moe.mmd,3,Hierarchical Compressed Attention + mHC + MoE block,f12v03_n028,Q LoRA B,mac,SharedMatrixCore,SharedMatrixCore,OP_Q_LORA_PROJ,12_deepseek_v4_hybrid_moe_owner_timing_sequence_v5.mmd,12_deepseek_v4_hybrid_moe_owner_timing_sequence_v6.mmd,existing_atlas_repo_grounded,mapped_from_single_block_atlas
12,DeepSeek V4 Hybrid MoE,12_deepseek_v4_hybrid_moe.mmd,3,Hierarchical Compressed Attention + mHC + MoE block,f12v03_n029,YaRN RoPE,other,ElementwiseTransformCore,ElementwiseTransformCore,OP_Q_LORA_PROJ,12_deepseek_v4_hybrid_moe_owner_timing_sequence_v5.mmd,12_deepseek_v4_hybrid_moe_owner_timing_sequence_v6.mmd,existing_atlas_repo_grounded,mapped_from_single_block_atlas
12,DeepSeek V4 Hybrid MoE,12_deepseek_v4_hybrid_moe.mmd,3,Hierarchical Compressed Attention + mHC + MoE block,f12v03_n025,Shared K=V projection,mac,SharedMatrixCore,SharedMatrixCore,OP_SHARED_KV_PROJ,12_deepseek_v4_hybrid_moe_owner_timing_sequence_v5.mmd,12_deepseek_v4_hybrid_moe_owner_timing_sequence_v6.mmd,existing_atlas_repo_grounded,mapped_from_single_block_atlas
12,DeepSeek V4 Hybrid MoE,12_deepseek_v4_hybrid_moe.mmd,3,Hierarchical Compressed Attention + mHC + MoE block,f12v03_n030,Sliding Q × Kᵀ,mac,SequenceCore,SequenceCore,OP_LOCAL_ATTENTION,12_deepseek_v4_hybrid_moe_owner_timing_sequence_v5.mmd,12_deepseek_v4_hybrid_moe_owner_timing_sequence_v6.mmd,existing_atlas_repo_grounded,mapped_from_single_block_atlas
12,DeepSeek V4 Hybrid MoE,12_deepseek_v4_hybrid_moe.mmd,3,Hierarchical Compressed Attention + mHC + MoE block,f12v03_n031,Local Softmax,other,SequenceCore,SequenceCore,OP_LOCAL_ATTENTION,12_deepseek_v4_hybrid_moe_owner_timing_sequence_v5.mmd,12_deepseek_v4_hybrid_moe_owner_timing_sequence_v6.mmd,existing_atlas_repo_grounded,mapped_from_single_block_atlas
12,DeepSeek V4 Hybrid MoE,12_deepseek_v4_hybrid_moe.mmd,3,Hierarchical Compressed Attention + mHC + MoE block,f12v03_n032,Local P × V,mac,SequenceCore,SequenceCore,OP_LOCAL_ATTENTION,12_deepseek_v4_hybrid_moe_owner_timing_sequence_v5.mmd,12_deepseek_v4_hybrid_moe_owner_timing_sequence_v6.mmd,existing_atlas_repo_grounded,mapped_from_single_block_atlas
12,DeepSeek V4 Hybrid MoE,12_deepseek_v4_hybrid_moe.mmd,3,Hierarchical Compressed Attention + mHC + MoE block,f12v03_n033,Hierarchical compressor L1,mac,SharedMatrixCore,SharedMatrixCore,OP_HCA_COMPRESS,12_deepseek_v4_hybrid_moe_owner_timing_sequence_v5.mmd,12_deepseek_v4_hybrid_moe_owner_timing_sequence_v6.mmd,existing_atlas_repo_grounded,mapped_from_single_block_atlas
12,DeepSeek V4 Hybrid MoE,12_deepseek_v4_hybrid_moe.mmd,3,Hierarchical Compressed Attention + mHC + MoE block,f12v03_n034,Hierarchical compressor L2,mac,SharedMatrixCore,SharedMatrixCore,OP_HCA_COMPRESS,12_deepseek_v4_hybrid_moe_owner_timing_sequence_v5.mmd,12_deepseek_v4_hybrid_moe_owner_timing_sequence_v6.mmd,existing_atlas_repo_grounded,mapped_from_single_block_atlas
12,DeepSeek V4 Hybrid MoE,12_deepseek_v4_hybrid_moe.mmd,3,Hierarchical Compressed Attention + mHC + MoE block,f12v03_n035,Q × compressed Kᵀ,mac,SequenceCore,SequenceCore,OP_HCA_COMPRESS,12_deepseek_v4_hybrid_moe_owner_timing_sequence_v5.mmd,12_deepseek_v4_hybrid_moe_owner_timing_sequence_v6.mmd,existing_atlas_repo_grounded,mapped_from_single_block_atlas
12,DeepSeek V4 Hybrid MoE,12_deepseek_v4_hybrid_moe.mmd,3,Hierarchical Compressed Attention + mHC + MoE block,f12v03_n036,Compressed Softmax,other,SequenceCore,SequenceCore,OP_HCA_COMPRESS,12_deepseek_v4_hybrid_moe_owner_timing_sequence_v5.mmd,12_deepseek_v4_hybrid_moe_owner_timing_sequence_v6.mmd,existing_atlas_repo_grounded,mapped_from_single_block_atlas
12,DeepSeek V4 Hybrid MoE,12_deepseek_v4_hybrid_moe.mmd,3,Hierarchical Compressed Attention + mHC + MoE block,f12v03_n037,P × compressed V,mac,SequenceCore,SequenceCore,OP_HCA_COMPRESS,12_deepseek_v4_hybrid_moe_owner_timing_sequence_v5.mmd,12_deepseek_v4_hybrid_moe_owner_timing_sequence_v6.mmd,existing_atlas_repo_grounded,mapped_from_single_block_atlas
12,DeepSeek V4 Hybrid MoE,12_deepseek_v4_hybrid_moe.mmd,3,Hierarchical Compressed Attention + mHC + MoE block,f12v03_n038,Attention sink,other,SequenceCore,SequenceCore,OP_MHC_TAIL_COMMIT,12_deepseek_v4_hybrid_moe_owner_timing_sequence_v5.mmd,12_deepseek_v4_hybrid_moe_owner_timing_sequence_v6.mmd,existing_atlas_repo_grounded,mapped_from_single_block_atlas
12,DeepSeek V4 Hybrid MoE,12_deepseek_v4_hybrid_moe.mmd,3,Hierarchical Compressed Attention + mHC + MoE block,f12v03_n039,+,plus,SequenceCore,SequenceCore,OP_MHC_TAIL_COMMIT,12_deepseek_v4_hybrid_moe_owner_timing_sequence_v5.mmd,12_deepseek_v4_hybrid_moe_owner_timing_sequence_v6.mmd,existing_atlas_repo_grounded,mapped_from_single_block_atlas
12,DeepSeek V4 Hybrid MoE,12_deepseek_v4_hybrid_moe.mmd,3,Hierarchical Compressed Attention + mHC + MoE block,f12v03_n040,Grouped O low-rank A,mac,SharedMatrixCore,SharedMatrixCore,OP_MHC_TAIL_COMMIT,12_deepseek_v4_hybrid_moe_owner_timing_sequence_v5.mmd,12_deepseek_v4_hybrid_moe_owner_timing_sequence_v6.mmd,existing_atlas_repo_grounded,mapped_from_single_block_atlas
12,DeepSeek V4 Hybrid MoE,12_deepseek_v4_hybrid_moe.mmd,3,Hierarchical Compressed Attention + mHC + MoE block,f12v03_n041,O low-rank B,mac,SharedMatrixCore,SharedMatrixCore,OP_MHC_TAIL_COMMIT,12_deepseek_v4_hybrid_moe_owner_timing_sequence_v5.mmd,12_deepseek_v4_hybrid_moe_owner_timing_sequence_v6.mmd,existing_atlas_repo_grounded,mapped_from_single_block_atlas
12,DeepSeek V4 Hybrid MoE,12_deepseek_v4_hybrid_moe.mmd,3,Hierarchical Compressed Attention + mHC + MoE block,f12v03_n042,mHC output mixing,other,ElementwiseTransformCore,ElementwiseTransformCore,OP_MHC_TAIL_COMMIT,12_deepseek_v4_hybrid_moe_owner_timing_sequence_v5.mmd,12_deepseek_v4_hybrid_moe_owner_timing_sequence_v6.mmd,existing_atlas_repo_grounded,mapped_from_single_block_atlas
12,DeepSeek V4 Hybrid MoE,12_deepseek_v4_hybrid_moe.mmd,3,Hierarchical Compressed Attention + mHC + MoE block,f12v03_n043,+,plus,OutputCommitCore,OutputCommitCore,OP_MHC_TAIL_COMMIT,12_deepseek_v4_hybrid_moe_owner_timing_sequence_v5.mmd,12_deepseek_v4_hybrid_moe_owner_timing_sequence_v6.mmd,existing_atlas_repo_grounded,mapped_from_single_block_atlas
12,DeepSeek V4 Hybrid MoE,12_deepseek_v4_hybrid_moe.mmd,3,Hierarchical Compressed Attention + mHC + MoE block,f12v03_n044,4 streams + HCA,output,OutputCommitCore,OutputCommitCore,OP_MHC_TAIL_COMMIT,12_deepseek_v4_hybrid_moe_owner_timing_sequence_v5.mmd,12_deepseek_v4_hybrid_moe_owner_timing_sequence_v6.mmd,existing_atlas_repo_grounded,mapped_from_single_block_atlas
12,DeepSeek V4 Hybrid MoE,12_deepseek_v4_hybrid_moe.mmd,3,Hierarchical Compressed Attention + mHC + MoE block,f12v03_n045,RMSNorm 2,other,NormCore,NormCore,OP_MOE,12_deepseek_v4_hybrid_moe_owner_timing_sequence_v5.mmd,12_deepseek_v4_hybrid_moe_owner_timing_sequence_v6.mmd,existing_atlas_repo_grounded,mapped_from_single_block_atlas
12,DeepSeek V4 Hybrid MoE,12_deepseek_v4_hybrid_moe.mmd,3,Hierarchical Compressed Attention + mHC + MoE block,f12v03_n047,Router projection,mac,SharedMatrixCore,SharedMatrixCore,OP_MOE,12_deepseek_v4_hybrid_moe_owner_timing_sequence_v5.mmd,12_deepseek_v4_hybrid_moe_owner_timing_sequence_v6.mmd,existing_atlas_repo_grounded,mapped_from_single_block_atlas
12,DeepSeek V4 Hybrid MoE,12_deepseek_v4_hybrid_moe.mmd,3,Hierarchical Compressed Attention + mHC + MoE block,f12v03_n048,Router scoring,other,FeedForwardCore,FeedForwardCore,OP_MOE,12_deepseek_v4_hybrid_moe_owner_timing_sequence_v5.mmd,12_deepseek_v4_hybrid_moe_owner_timing_sequence_v6.mmd,existing_atlas_repo_grounded,mapped_from_single_block_atlas
12,DeepSeek V4 Hybrid MoE,12_deepseek_v4_hybrid_moe.mmd,3,Hierarchical Compressed Attention + mHC + MoE block,f12v03_n049,Top-6 + renorm,other,FeedForwardCore,FeedForwardCore,OP_MOE,12_deepseek_v4_hybrid_moe_owner_timing_sequence_v5.mmd,12_deepseek_v4_hybrid_moe_owner_timing_sequence_v6.mmd,existing_atlas_repo_grounded,mapped_from_single_block_atlas
12,DeepSeek V4 Hybrid MoE,12_deepseek_v4_hybrid_moe.mmd,3,Hierarchical Compressed Attention + mHC + MoE block,f12v03_n050,Dispatch / gather,other,FeedForwardCore,FeedForwardCore,OP_MOE,12_deepseek_v4_hybrid_moe_owner_timing_sequence_v5.mmd,12_deepseek_v4_hybrid_moe_owner_timing_sequence_v6.mmd,existing_atlas_repo_grounded,mapped_from_single_block_atlas
12,DeepSeek V4 Hybrid MoE,12_deepseek_v4_hybrid_moe.mmd,3,Hierarchical Compressed Attention + mHC + MoE block,f12v03_n051,gate_proj,mac,SharedMatrixCore,SharedMatrixCore,OP_MOE,12_deepseek_v4_hybrid_moe_owner_timing_sequence_v5.mmd,12_deepseek_v4_hybrid_moe_owner_timing_sequence_v6.mmd,existing_atlas_repo_grounded,mapped_from_single_block_atlas
12,DeepSeek V4 Hybrid MoE,12_deepseek_v4_hybrid_moe.mmd,3,Hierarchical Compressed Attention + mHC + MoE block,f12v03_n052,up_proj,mac,SharedMatrixCore,SharedMatrixCore,OP_MOE,12_deepseek_v4_hybrid_moe_owner_timing_sequence_v5.mmd,12_deepseek_v4_hybrid_moe_owner_timing_sequence_v6.mmd,existing_atlas_repo_grounded,mapped_from_single_block_atlas
12,DeepSeek V4 Hybrid MoE,12_deepseek_v4_hybrid_moe.mmd,3,Hierarchical Compressed Attention + mHC + MoE block,f12v03_n053,SiLU,other,FeedForwardCore,FeedForwardCore,OP_MOE,12_deepseek_v4_hybrid_moe_owner_timing_sequence_v5.mmd,12_deepseek_v4_hybrid_moe_owner_timing_sequence_v6.mmd,existing_atlas_repo_grounded,mapped_from_single_block_atlas
12,DeepSeek V4 Hybrid MoE,12_deepseek_v4_hybrid_moe.mmd,3,Hierarchical Compressed Attention + mHC + MoE block,f12v03_n054,Elementwise gate,other,FeedForwardCore,FeedForwardCore,OP_MOE,12_deepseek_v4_hybrid_moe_owner_timing_sequence_v5.mmd,12_deepseek_v4_hybrid_moe_owner_timing_sequence_v6.mmd,existing_atlas_repo_grounded,mapped_from_single_block_atlas
12,DeepSeek V4 Hybrid MoE,12_deepseek_v4_hybrid_moe.mmd,3,Hierarchical Compressed Attention + mHC + MoE block,f12v03_n055,down_proj,mac,SharedMatrixCore,SharedMatrixCore,OP_MOE,12_deepseek_v4_hybrid_moe_owner_timing_sequence_v5.mmd,12_deepseek_v4_hybrid_moe_owner_timing_sequence_v6.mmd,existing_atlas_repo_grounded,mapped_from_single_block_atlas
12,DeepSeek V4 Hybrid MoE,12_deepseek_v4_hybrid_moe.mmd,3,Hierarchical Compressed Attention + mHC + MoE block,f12v03_n056,Expert weighting,other,FeedForwardCore,FeedForwardCore,OP_MOE,12_deepseek_v4_hybrid_moe_owner_timing_sequence_v5.mmd,12_deepseek_v4_hybrid_moe_owner_timing_sequence_v6.mmd,existing_atlas_repo_grounded,mapped_from_single_block_atlas
12,DeepSeek V4 Hybrid MoE,12_deepseek_v4_hybrid_moe.mmd,3,Hierarchical Compressed Attention + mHC + MoE block,f12v03_n057,Scatter / weighted reduce,other,FeedForwardCore,FeedForwardCore,OP_MOE,12_deepseek_v4_hybrid_moe_owner_timing_sequence_v5.mmd,12_deepseek_v4_hybrid_moe_owner_timing_sequence_v6.mmd,existing_atlas_repo_grounded,mapped_from_single_block_atlas
12,DeepSeek V4 Hybrid MoE,12_deepseek_v4_hybrid_moe.mmd,3,Hierarchical Compressed Attention + mHC + MoE block,f12v03_n058,gate_proj,mac,SharedMatrixCore,SharedMatrixCore,OP_MOE,12_deepseek_v4_hybrid_moe_owner_timing_sequence_v5.mmd,12_deepseek_v4_hybrid_moe_owner_timing_sequence_v6.mmd,existing_atlas_repo_grounded,mapped_from_single_block_atlas
12,DeepSeek V4 Hybrid MoE,12_deepseek_v4_hybrid_moe.mmd,3,Hierarchical Compressed Attention + mHC + MoE block,f12v03_n059,up_proj,mac,SharedMatrixCore,SharedMatrixCore,OP_MOE,12_deepseek_v4_hybrid_moe_owner_timing_sequence_v5.mmd,12_deepseek_v4_hybrid_moe_owner_timing_sequence_v6.mmd,existing_atlas_repo_grounded,mapped_from_single_block_atlas
12,DeepSeek V4 Hybrid MoE,12_deepseek_v4_hybrid_moe.mmd,3,Hierarchical Compressed Attention + mHC + MoE block,f12v03_n060,SiLU,other,FeedForwardCore,FeedForwardCore,OP_MOE,12_deepseek_v4_hybrid_moe_owner_timing_sequence_v5.mmd,12_deepseek_v4_hybrid_moe_owner_timing_sequence_v6.mmd,existing_atlas_repo_grounded,mapped_from_single_block_atlas
12,DeepSeek V4 Hybrid MoE,12_deepseek_v4_hybrid_moe.mmd,3,Hierarchical Compressed Attention + mHC + MoE block,f12v03_n061,Elementwise gate,other,FeedForwardCore,FeedForwardCore,OP_MOE,12_deepseek_v4_hybrid_moe_owner_timing_sequence_v5.mmd,12_deepseek_v4_hybrid_moe_owner_timing_sequence_v6.mmd,existing_atlas_repo_grounded,mapped_from_single_block_atlas
12,DeepSeek V4 Hybrid MoE,12_deepseek_v4_hybrid_moe.mmd,3,Hierarchical Compressed Attention + mHC + MoE block,f12v03_n062,down_proj,mac,SharedMatrixCore,SharedMatrixCore,OP_MOE,12_deepseek_v4_hybrid_moe_owner_timing_sequence_v5.mmd,12_deepseek_v4_hybrid_moe_owner_timing_sequence_v6.mmd,existing_atlas_repo_grounded,mapped_from_single_block_atlas
12,DeepSeek V4 Hybrid MoE,12_deepseek_v4_hybrid_moe.mmd,3,Hierarchical Compressed Attention + mHC + MoE block,f12v03_n063,Shared gate projection,mac,SharedMatrixCore,SharedMatrixCore,OP_MOE,12_deepseek_v4_hybrid_moe_owner_timing_sequence_v5.mmd,12_deepseek_v4_hybrid_moe_owner_timing_sequence_v6.mmd,existing_atlas_repo_grounded,mapped_from_single_block_atlas
12,DeepSeek V4 Hybrid MoE,12_deepseek_v4_hybrid_moe.mmd,3,Hierarchical Compressed Attention + mHC + MoE block,f12v03_n064,Sigmoid,other,FeedForwardCore,FeedForwardCore,OP_MOE,12_deepseek_v4_hybrid_moe_owner_timing_sequence_v5.mmd,12_deepseek_v4_hybrid_moe_owner_timing_sequence_v6.mmd,existing_atlas_repo_grounded,mapped_from_single_block_atlas
12,DeepSeek V4 Hybrid MoE,12_deepseek_v4_hybrid_moe.mmd,3,Hierarchical Compressed Attention + mHC + MoE block,f12v03_n065,Shared gating,other,FeedForwardCore,FeedForwardCore,OP_MOE,12_deepseek_v4_hybrid_moe_owner_timing_sequence_v5.mmd,12_deepseek_v4_hybrid_moe_owner_timing_sequence_v6.mmd,existing_atlas_repo_grounded,mapped_from_single_block_atlas
12,DeepSeek V4 Hybrid MoE,12_deepseek_v4_hybrid_moe.mmd,3,Hierarchical Compressed Attention + mHC + MoE block,f12v03_n066,+,plus,OutputCommitCore,OutputCommitCore,OP_MOE,12_deepseek_v4_hybrid_moe_owner_timing_sequence_v5.mmd,12_deepseek_v4_hybrid_moe_owner_timing_sequence_v6.mmd,existing_atlas_repo_grounded,mapped_from_single_block_atlas
12,DeepSeek V4 Hybrid MoE,12_deepseek_v4_hybrid_moe.mmd,3,Hierarchical Compressed Attention + mHC + MoE block,f12v03_n067,+,plus,OutputCommitCore,OutputCommitCore,OP_MOE,12_deepseek_v4_hybrid_moe_owner_timing_sequence_v5.mmd,12_deepseek_v4_hybrid_moe_owner_timing_sequence_v6.mmd,existing_atlas_repo_grounded,mapped_from_single_block_atlas
12,DeepSeek V4 Hybrid MoE,12_deepseek_v4_hybrid_moe.mmd,3,Hierarchical Compressed Attention + mHC + MoE block,f12v03_n068,Block output,output,OutputCommitCore,OutputCommitCore,OP_MOE,12_deepseek_v4_hybrid_moe_owner_timing_sequence_v5.mmd,12_deepseek_v4_hybrid_moe_owner_timing_sequence_v6.mmd,existing_atlas_repo_grounded,mapped_from_single_block_atlas
13,Gemma 3 Dense,13_gemma3_dense.mmd,1,Local sliding-attention GeGLU block,f13v01_n019,X,input,ActivationReadDmaCore,ActivationReadDmaCore,OP_K_PROJ,13_gemma3_dense_owner_timing_sequence_v5.mmd,13_gemma3_dense_owner_timing_sequence_v6.mmd,existing_atlas_repo_grounded,mapped_from_single_block_atlas
13,Gemma 3 Dense,13_gemma3_dense.mmd,1,Local sliding-attention GeGLU block,f13v01_n020,Pre-Attention RMSNorm,other,NormCore,NormCore,OP_K_PROJ,13_gemma3_dense_owner_timing_sequence_v5.mmd,13_gemma3_dense_owner_timing_sequence_v6.mmd,existing_atlas_repo_grounded,mapped_from_single_block_atlas
13,Gemma 3 Dense,13_gemma3_dense.mmd,1,Local sliding-attention GeGLU block,f13v01_n022,K Proj,mac,SharedMatrixCore,SharedMatrixCore,OP_K_PROJ,13_gemma3_dense_owner_timing_sequence_v5.mmd,13_gemma3_dense_owner_timing_sequence_v6.mmd,existing_atlas_repo_grounded,mapped_from_single_block_atlas
13,Gemma 3 Dense,13_gemma3_dense.mmd,1,Local sliding-attention GeGLU block,f13v01_n025,K Head RMSNorm,other,NormCore,NormCore,OP_K_PROJ,13_gemma3_dense_owner_timing_sequence_v5.mmd,13_gemma3_dense_owner_timing_sequence_v6.mmd,existing_atlas_repo_grounded,mapped_from_single_block_atlas
13,Gemma 3 Dense,13_gemma3_dense.mmd,1,Local sliding-attention GeGLU block,f13v01_n027,Local RoPE,other,ElementwiseTransformCore,ElementwiseTransformCore,OP_K_PROJ,13_gemma3_dense_owner_timing_sequence_v5.mmd,13_gemma3_dense_owner_timing_sequence_v6.mmd,existing_atlas_repo_grounded,mapped_from_single_block_atlas
13,Gemma 3 Dense,13_gemma3_dense.mmd,1,Local sliding-attention GeGLU block,f13v01_n029,K cache,state,KVStateCore,KVStateCore,OP_K_PROJ,13_gemma3_dense_owner_timing_sequence_v5.mmd,13_gemma3_dense_owner_timing_sequence_v6.mmd,existing_atlas_repo_grounded,mapped_from_single_block_atlas
13,Gemma 3 Dense,13_gemma3_dense.mmd,1,Local sliding-attention GeGLU block,f13v01_n024,V Proj,mac,SharedMatrixCore,SharedMatrixCore,OP_V_PROJ,13_gemma3_dense_owner_timing_sequence_v5.mmd,13_gemma3_dense_owner_timing_sequence_v6.mmd,existing_atlas_repo_grounded,mapped_from_single_block_atlas
13,Gemma 3 Dense,13_gemma3_dense.mmd,1,Local sliding-attention GeGLU block,f13v01_n030,V cache,state,KVStateCore,KVStateCore,OP_V_PROJ,13_gemma3_dense_owner_timing_sequence_v5.mmd,13_gemma3_dense_owner_timing_sequence_v6.mmd,existing_atlas_repo_grounded,mapped_from_single_block_atlas
13,Gemma 3 Dense,13_gemma3_dense.mmd,1,Local sliding-attention GeGLU block,f13v01_n023,Q Proj,mac,SharedMatrixCore,SharedMatrixCore,OP_Q_PROJ,13_gemma3_dense_owner_timing_sequence_v5.mmd,13_gemma3_dense_owner_timing_sequence_v6.mmd,existing_atlas_repo_grounded,mapped_from_single_block_atlas
13,Gemma 3 Dense,13_gemma3_dense.mmd,1,Local sliding-attention GeGLU block,f13v01_n026,Q Head RMSNorm,other,NormCore,NormCore,OP_Q_PROJ,13_gemma3_dense_owner_timing_sequence_v5.mmd,13_gemma3_dense_owner_timing_sequence_v6.mmd,existing_atlas_repo_grounded,mapped_from_single_block_atlas
13,Gemma 3 Dense,13_gemma3_dense.mmd,1,Local sliding-attention GeGLU block,f13v01_n028,Local RoPE,other,ElementwiseTransformCore,ElementwiseTransformCore,OP_Q_PROJ,13_gemma3_dense_owner_timing_sequence_v5.mmd,13_gemma3_dense_owner_timing_sequence_v6.mmd,existing_atlas_repo_grounded,mapped_from_single_block_atlas
13,Gemma 3 Dense,13_gemma3_dense.mmd,1,Local sliding-attention GeGLU block,f13v01_n031,K head repeat ×2,other,SequenceCore,SequenceCore,OP_ATTENTION_OPROJ,13_gemma3_dense_owner_timing_sequence_v5.mmd,13_gemma3_dense_owner_timing_sequence_v6.mmd,existing_atlas_repo_grounded,mapped_from_single_block_atlas
13,Gemma 3 Dense,13_gemma3_dense.mmd,1,Local sliding-attention GeGLU block,f13v01_n032,V head repeat ×2,other,SequenceCore,SequenceCore,OP_ATTENTION_OPROJ,13_gemma3_dense_owner_timing_sequence_v5.mmd,13_gemma3_dense_owner_timing_sequence_v6.mmd,existing_atlas_repo_grounded,mapped_from_single_block_atlas
13,Gemma 3 Dense,13_gemma3_dense.mmd,1,Local sliding-attention GeGLU block,f13v01_n033,Q × Kᵀ,mac,SequenceCore,SequenceCore,OP_ATTENTION_OPROJ,13_gemma3_dense_owner_timing_sequence_v5.mmd,13_gemma3_dense_owner_timing_sequence_v6.mmd,existing_atlas_repo_grounded,mapped_from_single_block_atlas
13,Gemma 3 Dense,13_gemma3_dense.mmd,1,Local sliding-attention GeGLU block,f13v01_n034,Softmax FP32,other,SequenceCore,SequenceCore,OP_ATTENTION_OPROJ,13_gemma3_dense_owner_timing_sequence_v5.mmd,13_gemma3_dense_owner_timing_sequence_v6.mmd,existing_atlas_repo_grounded,mapped_from_single_block_atlas
13,Gemma 3 Dense,13_gemma3_dense.mmd,1,Local sliding-attention GeGLU block,f13v01_n035,P × V,mac,SequenceCore,SequenceCore,OP_ATTENTION_OPROJ,13_gemma3_dense_owner_timing_sequence_v5.mmd,13_gemma3_dense_owner_timing_sequence_v6.mmd,existing_atlas_repo_grounded,mapped_from_single_block_atlas
13,Gemma 3 Dense,13_gemma3_dense.mmd,1,Local sliding-attention GeGLU block,f13v01_n036,O Proj,mac,SharedMatrixCore,SharedMatrixCore,OP_ATTENTION_OPROJ,13_gemma3_dense_owner_timing_sequence_v5.mmd,13_gemma3_dense_owner_timing_sequence_v6.mmd,existing_atlas_repo_grounded,mapped_from_single_block_atlas
13,Gemma 3 Dense,13_gemma3_dense.mmd,1,Local sliding-attention GeGLU block,f13v01_n037,Post-Attention RMSNorm,other,NormCore,NormCore,OP_ATTENTION_OPROJ,13_gemma3_dense_owner_timing_sequence_v5.mmd,13_gemma3_dense_owner_timing_sequence_v6.mmd,existing_atlas_repo_grounded,mapped_from_single_block_atlas
13,Gemma 3 Dense,13_gemma3_dense.mmd,1,Local sliding-attention GeGLU block,f13v01_n038,+,plus,OutputCommitCore,OutputCommitCore,OP_ATTENTION_OPROJ,13_gemma3_dense_owner_timing_sequence_v5.mmd,13_gemma3_dense_owner_timing_sequence_v6.mmd,existing_atlas_repo_grounded,mapped_from_single_block_atlas
13,Gemma 3 Dense,13_gemma3_dense.mmd,1,Local sliding-attention GeGLU block,f13v01_n039,X + Attention,output,OutputCommitCore,OutputCommitCore,OP_ATTENTION_OPROJ,13_gemma3_dense_owner_timing_sequence_v5.mmd,13_gemma3_dense_owner_timing_sequence_v6.mmd,existing_atlas_repo_grounded,mapped_from_single_block_atlas
13,Gemma 3 Dense,13_gemma3_dense.mmd,1,Local sliding-attention GeGLU block,f13v01_n040,Pre-FFN RMSNorm,other,NormCore,NormCore,OP_FFN,13_gemma3_dense_owner_timing_sequence_v5.mmd,13_gemma3_dense_owner_timing_sequence_v6.mmd,existing_atlas_repo_grounded,mapped_from_single_block_atlas
13,Gemma 3 Dense,13_gemma3_dense.mmd,1,Local sliding-attention GeGLU block,f13v01_n042,gate_proj,mac,SharedMatrixCore,SharedMatrixCore,OP_FFN,13_gemma3_dense_owner_timing_sequence_v5.mmd,13_gemma3_dense_owner_timing_sequence_v6.mmd,existing_atlas_repo_grounded,mapped_from_single_block_atlas
13,Gemma 3 Dense,13_gemma3_dense.mmd,1,Local sliding-attention GeGLU block,f13v01_n043,up_proj,mac,SharedMatrixCore,SharedMatrixCore,OP_FFN,13_gemma3_dense_owner_timing_sequence_v5.mmd,13_gemma3_dense_owner_timing_sequence_v6.mmd,existing_atlas_repo_grounded,mapped_from_single_block_atlas
13,Gemma 3 Dense,13_gemma3_dense.mmd,1,Local sliding-attention GeGLU block,f13v01_n044,GELU-tanh,other,FeedForwardCore,FeedForwardCore,OP_FFN,13_gemma3_dense_owner_timing_sequence_v5.mmd,13_gemma3_dense_owner_timing_sequence_v6.mmd,existing_atlas_repo_grounded,mapped_from_single_block_atlas
13,Gemma 3 Dense,13_gemma3_dense.mmd,1,Local sliding-attention GeGLU block,f13v01_n045,Elementwise gate,other,FeedForwardCore,SharedMatrixCore,OP_FFN,13_gemma3_dense_owner_timing_sequence_v5.mmd,13_gemma3_dense_owner_timing_sequence_v6.mmd,existing_atlas_repo_grounded,current_fused_MlpSiluLane32Core
13,Gemma 3 Dense,13_gemma3_dense.mmd,1,Local sliding-attention GeGLU block,f13v01_n046,down_proj,mac,SharedMatrixCore,SharedMatrixCore,OP_FFN,13_gemma3_dense_owner_timing_sequence_v5.mmd,13_gemma3_dense_owner_timing_sequence_v6.mmd,existing_atlas_repo_grounded,mapped_from_single_block_atlas
13,Gemma 3 Dense,13_gemma3_dense.mmd,1,Local sliding-attention GeGLU block,f13v01_n047,Post-FFN RMSNorm,other,NormCore,NormCore,OP_FFN,13_gemma3_dense_owner_timing_sequence_v5.mmd,13_gemma3_dense_owner_timing_sequence_v6.mmd,existing_atlas_repo_grounded,mapped_from_single_block_atlas
13,Gemma 3 Dense,13_gemma3_dense.mmd,1,Local sliding-attention GeGLU block,f13v01_n048,+,plus,OutputCommitCore,OutputCommitCore,OP_FFN,13_gemma3_dense_owner_timing_sequence_v5.mmd,13_gemma3_dense_owner_timing_sequence_v6.mmd,existing_atlas_repo_grounded,mapped_from_single_block_atlas
13,Gemma 3 Dense,13_gemma3_dense.mmd,1,Local sliding-attention GeGLU block,f13v01_n049,Block output,output,OutputCommitCore,OutputCommitCore,OP_FFN,13_gemma3_dense_owner_timing_sequence_v5.mmd,13_gemma3_dense_owner_timing_sequence_v6.mmd,existing_atlas_repo_grounded,mapped_from_single_block_atlas
13,Gemma 3 Dense,13_gemma3_dense.mmd,2,Global full-attention GeGLU block,f13v02_n019,X,input,ActivationReadDmaCore,ActivationReadDmaCore,OP_K_PROJ,13_gemma3_dense_owner_timing_sequence_v5.mmd,13_gemma3_dense_owner_timing_sequence_v6.mmd,existing_atlas_repo_grounded,mapped_from_single_block_atlas
13,Gemma 3 Dense,13_gemma3_dense.mmd,2,Global full-attention GeGLU block,f13v02_n020,Pre-Attention RMSNorm,other,NormCore,NormCore,OP_K_PROJ,13_gemma3_dense_owner_timing_sequence_v5.mmd,13_gemma3_dense_owner_timing_sequence_v6.mmd,existing_atlas_repo_grounded,mapped_from_single_block_atlas
13,Gemma 3 Dense,13_gemma3_dense.mmd,2,Global full-attention GeGLU block,f13v02_n022,K Proj,mac,SharedMatrixCore,SharedMatrixCore,OP_K_PROJ,13_gemma3_dense_owner_timing_sequence_v5.mmd,13_gemma3_dense_owner_timing_sequence_v6.mmd,existing_atlas_repo_grounded,mapped_from_single_block_atlas
13,Gemma 3 Dense,13_gemma3_dense.mmd,2,Global full-attention GeGLU block,f13v02_n025,K Head RMSNorm,other,NormCore,NormCore,OP_K_PROJ,13_gemma3_dense_owner_timing_sequence_v5.mmd,13_gemma3_dense_owner_timing_sequence_v6.mmd,existing_atlas_repo_grounded,mapped_from_single_block_atlas
13,Gemma 3 Dense,13_gemma3_dense.mmd,2,Global full-attention GeGLU block,f13v02_n027,Global RoPE,other,ElementwiseTransformCore,ElementwiseTransformCore,OP_K_PROJ,13_gemma3_dense_owner_timing_sequence_v5.mmd,13_gemma3_dense_owner_timing_sequence_v6.mmd,existing_atlas_repo_grounded,mapped_from_single_block_atlas
13,Gemma 3 Dense,13_gemma3_dense.mmd,2,Global full-attention GeGLU block,f13v02_n029,K cache,state,KVStateCore,KVStateCore,OP_K_PROJ,13_gemma3_dense_owner_timing_sequence_v5.mmd,13_gemma3_dense_owner_timing_sequence_v6.mmd,existing_atlas_repo_grounded,mapped_from_single_block_atlas
13,Gemma 3 Dense,13_gemma3_dense.mmd,2,Global full-attention GeGLU block,f13v02_n024,V Proj,mac,SharedMatrixCore,SharedMatrixCore,OP_V_PROJ,13_gemma3_dense_owner_timing_sequence_v5.mmd,13_gemma3_dense_owner_timing_sequence_v6.mmd,existing_atlas_repo_grounded,mapped_from_single_block_atlas
13,Gemma 3 Dense,13_gemma3_dense.mmd,2,Global full-attention GeGLU block,f13v02_n030,V cache,state,KVStateCore,KVStateCore,OP_V_PROJ,13_gemma3_dense_owner_timing_sequence_v5.mmd,13_gemma3_dense_owner_timing_sequence_v6.mmd,existing_atlas_repo_grounded,mapped_from_single_block_atlas
13,Gemma 3 Dense,13_gemma3_dense.mmd,2,Global full-attention GeGLU block,f13v02_n023,Q Proj,mac,SharedMatrixCore,SharedMatrixCore,OP_Q_PROJ,13_gemma3_dense_owner_timing_sequence_v5.mmd,13_gemma3_dense_owner_timing_sequence_v6.mmd,existing_atlas_repo_grounded,mapped_from_single_block_atlas
13,Gemma 3 Dense,13_gemma3_dense.mmd,2,Global full-attention GeGLU block,f13v02_n026,Q Head RMSNorm,other,NormCore,NormCore,OP_Q_PROJ,13_gemma3_dense_owner_timing_sequence_v5.mmd,13_gemma3_dense_owner_timing_sequence_v6.mmd,existing_atlas_repo_grounded,mapped_from_single_block_atlas
13,Gemma 3 Dense,13_gemma3_dense.mmd,2,Global full-attention GeGLU block,f13v02_n028,Global RoPE,other,ElementwiseTransformCore,ElementwiseTransformCore,OP_Q_PROJ,13_gemma3_dense_owner_timing_sequence_v5.mmd,13_gemma3_dense_owner_timing_sequence_v6.mmd,existing_atlas_repo_grounded,mapped_from_single_block_atlas
13,Gemma 3 Dense,13_gemma3_dense.mmd,2,Global full-attention GeGLU block,f13v02_n031,K head repeat ×2,other,SequenceCore,SequenceCore,OP_ATTENTION_OPROJ,13_gemma3_dense_owner_timing_sequence_v5.mmd,13_gemma3_dense_owner_timing_sequence_v6.mmd,existing_atlas_repo_grounded,mapped_from_single_block_atlas
13,Gemma 3 Dense,13_gemma3_dense.mmd,2,Global full-attention GeGLU block,f13v02_n032,V head repeat ×2,other,SequenceCore,SequenceCore,OP_ATTENTION_OPROJ,13_gemma3_dense_owner_timing_sequence_v5.mmd,13_gemma3_dense_owner_timing_sequence_v6.mmd,existing_atlas_repo_grounded,mapped_from_single_block_atlas
13,Gemma 3 Dense,13_gemma3_dense.mmd,2,Global full-attention GeGLU block,f13v02_n033,Q × Kᵀ,mac,SequenceCore,SequenceCore,OP_ATTENTION_OPROJ,13_gemma3_dense_owner_timing_sequence_v5.mmd,13_gemma3_dense_owner_timing_sequence_v6.mmd,existing_atlas_repo_grounded,mapped_from_single_block_atlas
13,Gemma 3 Dense,13_gemma3_dense.mmd,2,Global full-attention GeGLU block,f13v02_n034,Softmax FP32,other,SequenceCore,SequenceCore,OP_ATTENTION_OPROJ,13_gemma3_dense_owner_timing_sequence_v5.mmd,13_gemma3_dense_owner_timing_sequence_v6.mmd,existing_atlas_repo_grounded,mapped_from_single_block_atlas
13,Gemma 3 Dense,13_gemma3_dense.mmd,2,Global full-attention GeGLU block,f13v02_n035,P × V,mac,SequenceCore,SequenceCore,OP_ATTENTION_OPROJ,13_gemma3_dense_owner_timing_sequence_v5.mmd,13_gemma3_dense_owner_timing_sequence_v6.mmd,existing_atlas_repo_grounded,mapped_from_single_block_atlas
13,Gemma 3 Dense,13_gemma3_dense.mmd,2,Global full-attention GeGLU block,f13v02_n036,O Proj,mac,SharedMatrixCore,SharedMatrixCore,OP_ATTENTION_OPROJ,13_gemma3_dense_owner_timing_sequence_v5.mmd,13_gemma3_dense_owner_timing_sequence_v6.mmd,existing_atlas_repo_grounded,mapped_from_single_block_atlas
13,Gemma 3 Dense,13_gemma3_dense.mmd,2,Global full-attention GeGLU block,f13v02_n037,Post-Attention RMSNorm,other,NormCore,NormCore,OP_ATTENTION_OPROJ,13_gemma3_dense_owner_timing_sequence_v5.mmd,13_gemma3_dense_owner_timing_sequence_v6.mmd,existing_atlas_repo_grounded,mapped_from_single_block_atlas
13,Gemma 3 Dense,13_gemma3_dense.mmd,2,Global full-attention GeGLU block,f13v02_n038,+,plus,OutputCommitCore,OutputCommitCore,OP_ATTENTION_OPROJ,13_gemma3_dense_owner_timing_sequence_v5.mmd,13_gemma3_dense_owner_timing_sequence_v6.mmd,existing_atlas_repo_grounded,mapped_from_single_block_atlas
13,Gemma 3 Dense,13_gemma3_dense.mmd,2,Global full-attention GeGLU block,f13v02_n039,X + Attention,output,OutputCommitCore,OutputCommitCore,OP_ATTENTION_OPROJ,13_gemma3_dense_owner_timing_sequence_v5.mmd,13_gemma3_dense_owner_timing_sequence_v6.mmd,existing_atlas_repo_grounded,mapped_from_single_block_atlas
13,Gemma 3 Dense,13_gemma3_dense.mmd,2,Global full-attention GeGLU block,f13v02_n040,Pre-FFN RMSNorm,other,NormCore,NormCore,OP_FFN,13_gemma3_dense_owner_timing_sequence_v5.mmd,13_gemma3_dense_owner_timing_sequence_v6.mmd,existing_atlas_repo_grounded,mapped_from_single_block_atlas
13,Gemma 3 Dense,13_gemma3_dense.mmd,2,Global full-attention GeGLU block,f13v02_n042,gate_proj,mac,SharedMatrixCore,SharedMatrixCore,OP_FFN,13_gemma3_dense_owner_timing_sequence_v5.mmd,13_gemma3_dense_owner_timing_sequence_v6.mmd,existing_atlas_repo_grounded,mapped_from_single_block_atlas
13,Gemma 3 Dense,13_gemma3_dense.mmd,2,Global full-attention GeGLU block,f13v02_n043,up_proj,mac,SharedMatrixCore,SharedMatrixCore,OP_FFN,13_gemma3_dense_owner_timing_sequence_v5.mmd,13_gemma3_dense_owner_timing_sequence_v6.mmd,existing_atlas_repo_grounded,mapped_from_single_block_atlas
13,Gemma 3 Dense,13_gemma3_dense.mmd,2,Global full-attention GeGLU block,f13v02_n044,GELU-tanh,other,FeedForwardCore,FeedForwardCore,OP_FFN,13_gemma3_dense_owner_timing_sequence_v5.mmd,13_gemma3_dense_owner_timing_sequence_v6.mmd,existing_atlas_repo_grounded,mapped_from_single_block_atlas
13,Gemma 3 Dense,13_gemma3_dense.mmd,2,Global full-attention GeGLU block,f13v02_n045,Elementwise gate,other,FeedForwardCore,SharedMatrixCore,OP_FFN,13_gemma3_dense_owner_timing_sequence_v5.mmd,13_gemma3_dense_owner_timing_sequence_v6.mmd,existing_atlas_repo_grounded,current_fused_MlpSiluLane32Core
13,Gemma 3 Dense,13_gemma3_dense.mmd,2,Global full-attention GeGLU block,f13v02_n046,down_proj,mac,SharedMatrixCore,SharedMatrixCore,OP_FFN,13_gemma3_dense_owner_timing_sequence_v5.mmd,13_gemma3_dense_owner_timing_sequence_v6.mmd,existing_atlas_repo_grounded,mapped_from_single_block_atlas
13,Gemma 3 Dense,13_gemma3_dense.mmd,2,Global full-attention GeGLU block,f13v02_n047,Post-FFN RMSNorm,other,NormCore,NormCore,OP_FFN,13_gemma3_dense_owner_timing_sequence_v5.mmd,13_gemma3_dense_owner_timing_sequence_v6.mmd,existing_atlas_repo_grounded,mapped_from_single_block_atlas
13,Gemma 3 Dense,13_gemma3_dense.mmd,2,Global full-attention GeGLU block,f13v02_n048,+,plus,OutputCommitCore,OutputCommitCore,OP_FFN,13_gemma3_dense_owner_timing_sequence_v5.mmd,13_gemma3_dense_owner_timing_sequence_v6.mmd,existing_atlas_repo_grounded,mapped_from_single_block_atlas
13,Gemma 3 Dense,13_gemma3_dense.mmd,2,Global full-attention GeGLU block,f13v02_n049,Block output,output,OutputCommitCore,OutputCommitCore,OP_FFN,13_gemma3_dense_owner_timing_sequence_v5.mmd,13_gemma3_dense_owner_timing_sequence_v6.mmd,existing_atlas_repo_grounded,mapped_from_single_block_atlas
14,DeepSeek V3 / R1 MLA MoE,14_deepseek_v3_r1_mla_moe.mmd,1,MLA + routed/shared MoE block,f14v01_n019,X,input,ActivationReadDmaCore,ActivationReadDmaCore,OP_Q_LATENT_PROJ,14_deepseek_v3_r1_mla_moe_owner_timing_sequence_v5.mmd,14_deepseek_v3_r1_mla_moe_owner_timing_sequence_v6.mmd,existing_atlas_repo_grounded,mapped_from_single_block_atlas
14,DeepSeek V3 / R1 MLA MoE,14_deepseek_v3_r1_mla_moe.mmd,1,MLA + routed/shared MoE block,f14v01_n020,RMSNorm 1,other,NormCore,NormCore,OP_Q_LATENT_PROJ,14_deepseek_v3_r1_mla_moe_owner_timing_sequence_v5.mmd,14_deepseek_v3_r1_mla_moe_owner_timing_sequence_v6.mmd,existing_atlas_repo_grounded,mapped_from_single_block_atlas
14,DeepSeek V3 / R1 MLA MoE,14_deepseek_v3_r1_mla_moe.mmd,1,MLA + routed/shared MoE block,f14v01_n022,Q low-rank A,mac,SharedMatrixCore,SharedMatrixCore,OP_Q_LATENT_PROJ,14_deepseek_v3_r1_mla_moe_owner_timing_sequence_v5.mmd,14_deepseek_v3_r1_mla_moe_owner_timing_sequence_v6.mmd,existing_atlas_repo_grounded,mapped_from_single_block_atlas
14,DeepSeek V3 / R1 MLA MoE,14_deepseek_v3_r1_mla_moe.mmd,1,MLA + routed/shared MoE block,f14v01_n024,Q LoRA RMSNorm,other,NormCore,NormCore,OP_Q_LATENT_PROJ,14_deepseek_v3_r1_mla_moe_owner_timing_sequence_v5.mmd,14_deepseek_v3_r1_mla_moe_owner_timing_sequence_v6.mmd,existing_atlas_repo_grounded,mapped_from_single_block_atlas
14,DeepSeek V3 / R1 MLA MoE,14_deepseek_v3_r1_mla_moe.mmd,1,MLA + routed/shared MoE block,f14v01_n026,Q low-rank B,mac,SharedMatrixCore,SharedMatrixCore,OP_Q_LATENT_PROJ,14_deepseek_v3_r1_mla_moe_owner_timing_sequence_v5.mmd,14_deepseek_v3_r1_mla_moe_owner_timing_sequence_v6.mmd,existing_atlas_repo_grounded,mapped_from_single_block_atlas
14,DeepSeek V3 / R1 MLA MoE,14_deepseek_v3_r1_mla_moe.mmd,1,MLA + routed/shared MoE block,f14v01_n028,Split Q,other,ElementwiseTransformCore,ElementwiseTransformCore,OP_Q_LATENT_PROJ,14_deepseek_v3_r1_mla_moe_owner_timing_sequence_v5.mmd,14_deepseek_v3_r1_mla_moe_owner_timing_sequence_v6.mmd,existing_atlas_repo_grounded,mapped_from_single_block_atlas
14,DeepSeek V3 / R1 MLA MoE,14_deepseek_v3_r1_mla_moe.mmd,1,MLA + routed/shared MoE block,f14v01_n023,KV compression,mac,SharedMatrixCore,SharedMatrixCore,OP_KV_LATENT_PROJ,14_deepseek_v3_r1_mla_moe_owner_timing_sequence_v5.mmd,14_deepseek_v3_r1_mla_moe_owner_timing_sequence_v6.mmd,existing_atlas_repo_grounded,mapped_from_single_block_atlas
14,DeepSeek V3 / R1 MLA MoE,14_deepseek_v3_r1_mla_moe.mmd,1,MLA + routed/shared MoE block,f14v01_n025,KV latent RMSNorm,other,NormCore,NormCore,OP_KV_LATENT_PROJ,14_deepseek_v3_r1_mla_moe_owner_timing_sequence_v5.mmd,14_deepseek_v3_r1_mla_moe_owner_timing_sequence_v6.mmd,existing_atlas_repo_grounded,mapped_from_single_block_atlas
14,DeepSeek V3 / R1 MLA MoE,14_deepseek_v3_r1_mla_moe.mmd,1,MLA + routed/shared MoE block,f14v01_n027,KV expansion,mac,SharedMatrixCore,SharedMatrixCore,OP_KV_LATENT_PROJ,14_deepseek_v3_r1_mla_moe_owner_timing_sequence_v5.mmd,14_deepseek_v3_r1_mla_moe_owner_timing_sequence_v6.mmd,existing_atlas_repo_grounded,mapped_from_single_block_atlas
14,DeepSeek V3 / R1 MLA MoE,14_deepseek_v3_r1_mla_moe.mmd,1,MLA + routed/shared MoE block,f14v01_n029,Split KV,other,ElementwiseTransformCore,ElementwiseTransformCore,OP_KV_LATENT_PROJ,14_deepseek_v3_r1_mla_moe_owner_timing_sequence_v5.mmd,14_deepseek_v3_r1_mla_moe_owner_timing_sequence_v6.mmd,existing_atlas_repo_grounded,mapped_from_single_block_atlas
14,DeepSeek V3 / R1 MLA MoE,14_deepseek_v3_r1_mla_moe.mmd,1,MLA + routed/shared MoE block,f14v01_n030,YaRN RoPE,other,ElementwiseTransformCore,ElementwiseTransformCore,OP_KV_LATENT_PROJ,14_deepseek_v3_r1_mla_moe_owner_timing_sequence_v5.mmd,14_deepseek_v3_r1_mla_moe_owner_timing_sequence_v6.mmd,existing_atlas_repo_grounded,mapped_from_single_block_atlas
14,DeepSeek V3 / R1 MLA MoE,14_deepseek_v3_r1_mla_moe.mmd,1,MLA + routed/shared MoE block,f14v01_n031,MLA Q × Kᵀ,mac,SequenceCore,SequenceCore,OP_LATENT_ATTENTION_OPROJ,14_deepseek_v3_r1_mla_moe_owner_timing_sequence_v5.mmd,14_deepseek_v3_r1_mla_moe_owner_timing_sequence_v6.mmd,existing_atlas_repo_grounded,mapped_from_single_block_atlas
14,DeepSeek V3 / R1 MLA MoE,14_deepseek_v3_r1_mla_moe.mmd,1,MLA + routed/shared MoE block,f14v01_n032,Softmax FP32,other,SequenceCore,SequenceCore,OP_LATENT_ATTENTION_OPROJ,14_deepseek_v3_r1_mla_moe_owner_timing_sequence_v5.mmd,14_deepseek_v3_r1_mla_moe_owner_timing_sequence_v6.mmd,existing_atlas_repo_grounded,mapped_from_single_block_atlas
14,DeepSeek V3 / R1 MLA MoE,14_deepseek_v3_r1_mla_moe.mmd,1,MLA + routed/shared MoE block,f14v01_n033,P × V,mac,SequenceCore,SequenceCore,OP_LATENT_ATTENTION_OPROJ,14_deepseek_v3_r1_mla_moe_owner_timing_sequence_v5.mmd,14_deepseek_v3_r1_mla_moe_owner_timing_sequence_v6.mmd,existing_atlas_repo_grounded,mapped_from_single_block_atlas
14,DeepSeek V3 / R1 MLA MoE,14_deepseek_v3_r1_mla_moe.mmd,1,MLA + routed/shared MoE block,f14v01_n034,O Proj,mac,SharedMatrixCore,SharedMatrixCore,OP_LATENT_ATTENTION_OPROJ,14_deepseek_v3_r1_mla_moe_owner_timing_sequence_v5.mmd,14_deepseek_v3_r1_mla_moe_owner_timing_sequence_v6.mmd,existing_atlas_repo_grounded,mapped_from_single_block_atlas
14,DeepSeek V3 / R1 MLA MoE,14_deepseek_v3_r1_mla_moe.mmd,1,MLA + routed/shared MoE block,f14v01_n035,+,plus,OutputCommitCore,OutputCommitCore,OP_LATENT_ATTENTION_OPROJ,14_deepseek_v3_r1_mla_moe_owner_timing_sequence_v5.mmd,14_deepseek_v3_r1_mla_moe_owner_timing_sequence_v6.mmd,existing_atlas_repo_grounded,mapped_from_single_block_atlas
14,DeepSeek V3 / R1 MLA MoE,14_deepseek_v3_r1_mla_moe.mmd,1,MLA + routed/shared MoE block,f14v01_n036,X + MLA,output,OutputCommitCore,OutputCommitCore,OP_LATENT_ATTENTION_OPROJ,14_deepseek_v3_r1_mla_moe_owner_timing_sequence_v5.mmd,14_deepseek_v3_r1_mla_moe_owner_timing_sequence_v6.mmd,existing_atlas_repo_grounded,mapped_from_single_block_atlas
14,DeepSeek V3 / R1 MLA MoE,14_deepseek_v3_r1_mla_moe.mmd,1,MLA + routed/shared MoE block,f14v01_n037,RMSNorm 2,other,NormCore,NormCore,OP_MOE,14_deepseek_v3_r1_mla_moe_owner_timing_sequence_v5.mmd,14_deepseek_v3_r1_mla_moe_owner_timing_sequence_v6.mmd,existing_atlas_repo_grounded,mapped_from_single_block_atlas
14,DeepSeek V3 / R1 MLA MoE,14_deepseek_v3_r1_mla_moe.mmd,1,MLA + routed/shared MoE block,f14v01_n039,Router projection,mac,SharedMatrixCore,SharedMatrixCore,OP_MOE,14_deepseek_v3_r1_mla_moe_owner_timing_sequence_v5.mmd,14_deepseek_v3_r1_mla_moe_owner_timing_sequence_v6.mmd,existing_atlas_repo_grounded,mapped_from_single_block_atlas
14,DeepSeek V3 / R1 MLA MoE,14_deepseek_v3_r1_mla_moe.mmd,1,MLA + routed/shared MoE block,f14v01_n040,Router scoring,other,FeedForwardCore,FeedForwardCore,OP_MOE,14_deepseek_v3_r1_mla_moe_owner_timing_sequence_v5.mmd,14_deepseek_v3_r1_mla_moe_owner_timing_sequence_v6.mmd,existing_atlas_repo_grounded,mapped_from_single_block_atlas
14,DeepSeek V3 / R1 MLA MoE,14_deepseek_v3_r1_mla_moe.mmd,1,MLA + routed/shared MoE block,f14v01_n041,Top-8 + renorm,other,FeedForwardCore,FeedForwardCore,OP_MOE,14_deepseek_v3_r1_mla_moe_owner_timing_sequence_v5.mmd,14_deepseek_v3_r1_mla_moe_owner_timing_sequence_v6.mmd,existing_atlas_repo_grounded,mapped_from_single_block_atlas
14,DeepSeek V3 / R1 MLA MoE,14_deepseek_v3_r1_mla_moe.mmd,1,MLA + routed/shared MoE block,f14v01_n042,Dispatch / gather,other,FeedForwardCore,FeedForwardCore,OP_MOE,14_deepseek_v3_r1_mla_moe_owner_timing_sequence_v5.mmd,14_deepseek_v3_r1_mla_moe_owner_timing_sequence_v6.mmd,existing_atlas_repo_grounded,mapped_from_single_block_atlas
14,DeepSeek V3 / R1 MLA MoE,14_deepseek_v3_r1_mla_moe.mmd,1,MLA + routed/shared MoE block,f14v01_n043,gate_proj,mac,SharedMatrixCore,SharedMatrixCore,OP_MOE,14_deepseek_v3_r1_mla_moe_owner_timing_sequence_v5.mmd,14_deepseek_v3_r1_mla_moe_owner_timing_sequence_v6.mmd,existing_atlas_repo_grounded,mapped_from_single_block_atlas
14,DeepSeek V3 / R1 MLA MoE,14_deepseek_v3_r1_mla_moe.mmd,1,MLA + routed/shared MoE block,f14v01_n044,up_proj,mac,SharedMatrixCore,SharedMatrixCore,OP_MOE,14_deepseek_v3_r1_mla_moe_owner_timing_sequence_v5.mmd,14_deepseek_v3_r1_mla_moe_owner_timing_sequence_v6.mmd,existing_atlas_repo_grounded,mapped_from_single_block_atlas
14,DeepSeek V3 / R1 MLA MoE,14_deepseek_v3_r1_mla_moe.mmd,1,MLA + routed/shared MoE block,f14v01_n045,SiLU,other,FeedForwardCore,FeedForwardCore,OP_MOE,14_deepseek_v3_r1_mla_moe_owner_timing_sequence_v5.mmd,14_deepseek_v3_r1_mla_moe_owner_timing_sequence_v6.mmd,existing_atlas_repo_grounded,mapped_from_single_block_atlas
14,DeepSeek V3 / R1 MLA MoE,14_deepseek_v3_r1_mla_moe.mmd,1,MLA + routed/shared MoE block,f14v01_n046,Elementwise gate,other,FeedForwardCore,FeedForwardCore,OP_MOE,14_deepseek_v3_r1_mla_moe_owner_timing_sequence_v5.mmd,14_deepseek_v3_r1_mla_moe_owner_timing_sequence_v6.mmd,existing_atlas_repo_grounded,mapped_from_single_block_atlas
14,DeepSeek V3 / R1 MLA MoE,14_deepseek_v3_r1_mla_moe.mmd,1,MLA + routed/shared MoE block,f14v01_n047,down_proj,mac,SharedMatrixCore,SharedMatrixCore,OP_MOE,14_deepseek_v3_r1_mla_moe_owner_timing_sequence_v5.mmd,14_deepseek_v3_r1_mla_moe_owner_timing_sequence_v6.mmd,existing_atlas_repo_grounded,mapped_from_single_block_atlas
14,DeepSeek V3 / R1 MLA MoE,14_deepseek_v3_r1_mla_moe.mmd,1,MLA + routed/shared MoE block,f14v01_n048,Expert weighting,other,FeedForwardCore,FeedForwardCore,OP_MOE,14_deepseek_v3_r1_mla_moe_owner_timing_sequence_v5.mmd,14_deepseek_v3_r1_mla_moe_owner_timing_sequence_v6.mmd,existing_atlas_repo_grounded,mapped_from_single_block_atlas
14,DeepSeek V3 / R1 MLA MoE,14_deepseek_v3_r1_mla_moe.mmd,1,MLA + routed/shared MoE block,f14v01_n049,Scatter / weighted reduce,other,FeedForwardCore,FeedForwardCore,OP_MOE,14_deepseek_v3_r1_mla_moe_owner_timing_sequence_v5.mmd,14_deepseek_v3_r1_mla_moe_owner_timing_sequence_v6.mmd,existing_atlas_repo_grounded,mapped_from_single_block_atlas
14,DeepSeek V3 / R1 MLA MoE,14_deepseek_v3_r1_mla_moe.mmd,1,MLA + routed/shared MoE block,f14v01_n050,gate_proj,mac,SharedMatrixCore,SharedMatrixCore,OP_MOE,14_deepseek_v3_r1_mla_moe_owner_timing_sequence_v5.mmd,14_deepseek_v3_r1_mla_moe_owner_timing_sequence_v6.mmd,existing_atlas_repo_grounded,mapped_from_single_block_atlas
14,DeepSeek V3 / R1 MLA MoE,14_deepseek_v3_r1_mla_moe.mmd,1,MLA + routed/shared MoE block,f14v01_n051,up_proj,mac,SharedMatrixCore,SharedMatrixCore,OP_MOE,14_deepseek_v3_r1_mla_moe_owner_timing_sequence_v5.mmd,14_deepseek_v3_r1_mla_moe_owner_timing_sequence_v6.mmd,existing_atlas_repo_grounded,mapped_from_single_block_atlas
14,DeepSeek V3 / R1 MLA MoE,14_deepseek_v3_r1_mla_moe.mmd,1,MLA + routed/shared MoE block,f14v01_n052,SiLU,other,FeedForwardCore,FeedForwardCore,OP_MOE,14_deepseek_v3_r1_mla_moe_owner_timing_sequence_v5.mmd,14_deepseek_v3_r1_mla_moe_owner_timing_sequence_v6.mmd,existing_atlas_repo_grounded,mapped_from_single_block_atlas
14,DeepSeek V3 / R1 MLA MoE,14_deepseek_v3_r1_mla_moe.mmd,1,MLA + routed/shared MoE block,f14v01_n053,Elementwise gate,other,FeedForwardCore,FeedForwardCore,OP_MOE,14_deepseek_v3_r1_mla_moe_owner_timing_sequence_v5.mmd,14_deepseek_v3_r1_mla_moe_owner_timing_sequence_v6.mmd,existing_atlas_repo_grounded,mapped_from_single_block_atlas
14,DeepSeek V3 / R1 MLA MoE,14_deepseek_v3_r1_mla_moe.mmd,1,MLA + routed/shared MoE block,f14v01_n054,down_proj,mac,SharedMatrixCore,SharedMatrixCore,OP_MOE,14_deepseek_v3_r1_mla_moe_owner_timing_sequence_v5.mmd,14_deepseek_v3_r1_mla_moe_owner_timing_sequence_v6.mmd,existing_atlas_repo_grounded,mapped_from_single_block_atlas
14,DeepSeek V3 / R1 MLA MoE,14_deepseek_v3_r1_mla_moe.mmd,1,MLA + routed/shared MoE block,f14v01_n055,Shared gate projection,mac,SharedMatrixCore,SharedMatrixCore,OP_MOE,14_deepseek_v3_r1_mla_moe_owner_timing_sequence_v5.mmd,14_deepseek_v3_r1_mla_moe_owner_timing_sequence_v6.mmd,existing_atlas_repo_grounded,mapped_from_single_block_atlas
14,DeepSeek V3 / R1 MLA MoE,14_deepseek_v3_r1_mla_moe.mmd,1,MLA + routed/shared MoE block,f14v01_n056,Sigmoid,other,FeedForwardCore,FeedForwardCore,OP_MOE,14_deepseek_v3_r1_mla_moe_owner_timing_sequence_v5.mmd,14_deepseek_v3_r1_mla_moe_owner_timing_sequence_v6.mmd,existing_atlas_repo_grounded,mapped_from_single_block_atlas
14,DeepSeek V3 / R1 MLA MoE,14_deepseek_v3_r1_mla_moe.mmd,1,MLA + routed/shared MoE block,f14v01_n057,Shared gating,other,FeedForwardCore,FeedForwardCore,OP_MOE,14_deepseek_v3_r1_mla_moe_owner_timing_sequence_v5.mmd,14_deepseek_v3_r1_mla_moe_owner_timing_sequence_v6.mmd,existing_atlas_repo_grounded,mapped_from_single_block_atlas
14,DeepSeek V3 / R1 MLA MoE,14_deepseek_v3_r1_mla_moe.mmd,1,MLA + routed/shared MoE block,f14v01_n058,+,plus,OutputCommitCore,OutputCommitCore,OP_MOE,14_deepseek_v3_r1_mla_moe_owner_timing_sequence_v5.mmd,14_deepseek_v3_r1_mla_moe_owner_timing_sequence_v6.mmd,existing_atlas_repo_grounded,mapped_from_single_block_atlas
14,DeepSeek V3 / R1 MLA MoE,14_deepseek_v3_r1_mla_moe.mmd,1,MLA + routed/shared MoE block,f14v01_n059,+,plus,OutputCommitCore,OutputCommitCore,OP_MOE,14_deepseek_v3_r1_mla_moe_owner_timing_sequence_v5.mmd,14_deepseek_v3_r1_mla_moe_owner_timing_sequence_v6.mmd,existing_atlas_repo_grounded,mapped_from_single_block_atlas
14,DeepSeek V3 / R1 MLA MoE,14_deepseek_v3_r1_mla_moe.mmd,1,MLA + routed/shared MoE block,f14v01_n060,Block output,output,OutputCommitCore,OutputCommitCore,OP_MOE,14_deepseek_v3_r1_mla_moe_owner_timing_sequence_v5.mmd,14_deepseek_v3_r1_mla_moe_owner_timing_sequence_v6.mmd,existing_atlas_repo_grounded,mapped_from_single_block_atlas
15,GPT-NeoX / Pythia Dense,15_gpt_neox_pythia_dense.mmd,1,Parallel residual RoPE MHA + GELU block,f15v01_n019,X,input,ActivationReadDmaCore,ActivationReadDmaCore,OP_K_PROJ,15_gpt_neox_pythia_dense_owner_timing_sequence_v5.mmd,15_gpt_neox_pythia_dense_owner_timing_sequence_v6.mmd,existing_atlas_repo_grounded,mapped_from_single_block_atlas
15,GPT-NeoX / Pythia Dense,15_gpt_neox_pythia_dense.mmd,1,Parallel residual RoPE MHA + GELU block,f15v01_n020,LayerNorm (attn),other,NormCore,NormCore,OP_K_PROJ,15_gpt_neox_pythia_dense_owner_timing_sequence_v5.mmd,15_gpt_neox_pythia_dense_owner_timing_sequence_v6.mmd,existing_atlas_repo_grounded,mapped_from_single_block_atlas
15,GPT-NeoX / Pythia Dense,15_gpt_neox_pythia_dense.mmd,1,Parallel residual RoPE MHA + GELU block,f15v01_n024,K Proj,mac,SharedMatrixCore,SharedMatrixCore,OP_K_PROJ,15_gpt_neox_pythia_dense_owner_timing_sequence_v5.mmd,15_gpt_neox_pythia_dense_owner_timing_sequence_v6.mmd,existing_atlas_repo_grounded,mapped_from_single_block_atlas
15,GPT-NeoX / Pythia Dense,15_gpt_neox_pythia_dense.mmd,1,Parallel residual RoPE MHA + GELU block,f15v01_n027,RoPE,other,ElementwiseTransformCore,ElementwiseTransformCore,OP_K_PROJ,15_gpt_neox_pythia_dense_owner_timing_sequence_v5.mmd,15_gpt_neox_pythia_dense_owner_timing_sequence_v6.mmd,existing_atlas_repo_grounded,mapped_from_single_block_atlas
15,GPT-NeoX / Pythia Dense,15_gpt_neox_pythia_dense.mmd,1,Parallel residual RoPE MHA + GELU block,f15v01_n026,V Proj,mac,SharedMatrixCore,SharedMatrixCore,OP_V_PROJ,15_gpt_neox_pythia_dense_owner_timing_sequence_v5.mmd,15_gpt_neox_pythia_dense_owner_timing_sequence_v6.mmd,existing_atlas_repo_grounded,mapped_from_single_block_atlas
15,GPT-NeoX / Pythia Dense,15_gpt_neox_pythia_dense.mmd,1,Parallel residual RoPE MHA + GELU block,f15v01_n025,Q Proj,mac,SharedMatrixCore,SharedMatrixCore,OP_Q_PROJ,15_gpt_neox_pythia_dense_owner_timing_sequence_v5.mmd,15_gpt_neox_pythia_dense_owner_timing_sequence_v6.mmd,existing_atlas_repo_grounded,mapped_from_single_block_atlas
15,GPT-NeoX / Pythia Dense,15_gpt_neox_pythia_dense.mmd,1,Parallel residual RoPE MHA + GELU block,f15v01_n028,RoPE,other,ElementwiseTransformCore,ElementwiseTransformCore,OP_Q_PROJ,15_gpt_neox_pythia_dense_owner_timing_sequence_v5.mmd,15_gpt_neox_pythia_dense_owner_timing_sequence_v6.mmd,existing_atlas_repo_grounded,mapped_from_single_block_atlas
15,GPT-NeoX / Pythia Dense,15_gpt_neox_pythia_dense.mmd,1,Parallel residual RoPE MHA + GELU block,f15v01_n029,Q × Kᵀ,mac,SequenceCore,SequenceCore,OP_PARALLEL_ATTN_FFN,15_gpt_neox_pythia_dense_owner_timing_sequence_v5.mmd,15_gpt_neox_pythia_dense_owner_timing_sequence_v6.mmd,existing_atlas_repo_grounded,mapped_from_single_block_atlas
15,GPT-NeoX / Pythia Dense,15_gpt_neox_pythia_dense.mmd,1,Parallel residual RoPE MHA + GELU block,f15v01_n030,Softmax FP32,other,SequenceCore,SequenceCore,OP_PARALLEL_ATTN_FFN,15_gpt_neox_pythia_dense_owner_timing_sequence_v5.mmd,15_gpt_neox_pythia_dense_owner_timing_sequence_v6.mmd,existing_atlas_repo_grounded,mapped_from_single_block_atlas
15,GPT-NeoX / Pythia Dense,15_gpt_neox_pythia_dense.mmd,1,Parallel residual RoPE MHA + GELU block,f15v01_n031,P × V,mac,SequenceCore,SequenceCore,OP_PARALLEL_ATTN_FFN,15_gpt_neox_pythia_dense_owner_timing_sequence_v5.mmd,15_gpt_neox_pythia_dense_owner_timing_sequence_v6.mmd,existing_atlas_repo_grounded,mapped_from_single_block_atlas
15,GPT-NeoX / Pythia Dense,15_gpt_neox_pythia_dense.mmd,1,Parallel residual RoPE MHA + GELU block,f15v01_n032,O Proj,mac,SharedMatrixCore,SharedMatrixCore,OP_PARALLEL_ATTN_FFN,15_gpt_neox_pythia_dense_owner_timing_sequence_v5.mmd,15_gpt_neox_pythia_dense_owner_timing_sequence_v6.mmd,existing_atlas_repo_grounded,mapped_from_single_block_atlas
15,GPT-NeoX / Pythia Dense,15_gpt_neox_pythia_dense.mmd,1,Parallel residual RoPE MHA + GELU block,f15v01_n021,LayerNorm (MLP),other,NormCore,NormCore,OP_PARALLEL_ATTN_FFN,15_gpt_neox_pythia_dense_owner_timing_sequence_v5.mmd,15_gpt_neox_pythia_dense_owner_timing_sequence_v6.mmd,existing_atlas_repo_grounded,mapped_from_single_block_atlas
15,GPT-NeoX / Pythia Dense,15_gpt_neox_pythia_dense.mmd,1,Parallel residual RoPE MHA + GELU block,f15v01_n033,fc1,mac,SharedMatrixCore,SharedMatrixCore,OP_PARALLEL_ATTN_FFN,15_gpt_neox_pythia_dense_owner_timing_sequence_v5.mmd,15_gpt_neox_pythia_dense_owner_timing_sequence_v6.mmd,existing_atlas_repo_grounded,mapped_from_single_block_atlas
15,GPT-NeoX / Pythia Dense,15_gpt_neox_pythia_dense.mmd,1,Parallel residual RoPE MHA + GELU block,f15v01_n034,GELU,other,FeedForwardCore,FeedForwardCore,OP_PARALLEL_ATTN_FFN,15_gpt_neox_pythia_dense_owner_timing_sequence_v5.mmd,15_gpt_neox_pythia_dense_owner_timing_sequence_v6.mmd,existing_atlas_repo_grounded,mapped_from_single_block_atlas
15,GPT-NeoX / Pythia Dense,15_gpt_neox_pythia_dense.mmd,1,Parallel residual RoPE MHA + GELU block,f15v01_n035,fc2,mac,SharedMatrixCore,SharedMatrixCore,OP_PARALLEL_ATTN_FFN,15_gpt_neox_pythia_dense_owner_timing_sequence_v5.mmd,15_gpt_neox_pythia_dense_owner_timing_sequence_v6.mmd,existing_atlas_repo_grounded,mapped_from_single_block_atlas
15,GPT-NeoX / Pythia Dense,15_gpt_neox_pythia_dense.mmd,1,Parallel residual RoPE MHA + GELU block,f15v01_n036,+,plus,OutputCommitCore,OutputCommitCore,OP_PARALLEL_ATTN_FFN,15_gpt_neox_pythia_dense_owner_timing_sequence_v5.mmd,15_gpt_neox_pythia_dense_owner_timing_sequence_v6.mmd,existing_atlas_repo_grounded,mapped_from_single_block_atlas
15,GPT-NeoX / Pythia Dense,15_gpt_neox_pythia_dense.mmd,1,Parallel residual RoPE MHA + GELU block,f15v01_n037,+,plus,OutputCommitCore,OutputCommitCore,OP_PARALLEL_ATTN_FFN,15_gpt_neox_pythia_dense_owner_timing_sequence_v5.mmd,15_gpt_neox_pythia_dense_owner_timing_sequence_v6.mmd,existing_atlas_repo_grounded,mapped_from_single_block_atlas
15,GPT-NeoX / Pythia Dense,15_gpt_neox_pythia_dense.mmd,1,Parallel residual RoPE MHA + GELU block,f15v01_n038,Block output,output,OutputCommitCore,OutputCommitCore,OP_PARALLEL_ATTN_FFN,15_gpt_neox_pythia_dense_owner_timing_sequence_v5.mmd,15_gpt_neox_pythia_dense_owner_timing_sequence_v6.mmd,existing_atlas_repo_grounded,mapped_from_single_block_atlas
16,Gemma 4 MoE,16_gemma4_moe.mmd,1,Sliding-window attention + routed/shared MoE block,f16v01_n019,X,input,ActivationReadDmaCore,ActivationReadDmaCore,OP_KV_SHARED_PROJ,16_gemma4_moe_owner_timing_sequence_v5.mmd,16_gemma4_moe_owner_timing_sequence_v6.mmd,existing_atlas_repo_grounded,mapped_from_single_block_atlas
16,Gemma 4 MoE,16_gemma4_moe.mmd,1,Sliding-window attention + routed/shared MoE block,f16v01_n020,RMSNorm 1,other,NormCore,NormCore,OP_KV_SHARED_PROJ,16_gemma4_moe_owner_timing_sequence_v5.mmd,16_gemma4_moe_owner_timing_sequence_v6.mmd,existing_atlas_repo_grounded,mapped_from_single_block_atlas
16,Gemma 4 MoE,16_gemma4_moe.mmd,1,Sliding-window attention + routed/shared MoE block,f16v01_n022,K=V shared Proj,mac,SharedMatrixCore,SharedMatrixCore,OP_KV_SHARED_PROJ,16_gemma4_moe_owner_timing_sequence_v5.mmd,16_gemma4_moe_owner_timing_sequence_v6.mmd,existing_atlas_repo_grounded,mapped_from_single_block_atlas
16,Gemma 4 MoE,16_gemma4_moe.mmd,1,Sliding-window attention + routed/shared MoE block,f16v01_n024,K Head RMSNorm,other,NormCore,NormCore,OP_KV_SHARED_PROJ,16_gemma4_moe_owner_timing_sequence_v5.mmd,16_gemma4_moe_owner_timing_sequence_v6.mmd,existing_atlas_repo_grounded,mapped_from_single_block_atlas
16,Gemma 4 MoE,16_gemma4_moe.mmd,1,Sliding-window attention + routed/shared MoE block,f16v01_n026,RoPE,other,ElementwiseTransformCore,ElementwiseTransformCore,OP_KV_SHARED_PROJ,16_gemma4_moe_owner_timing_sequence_v5.mmd,16_gemma4_moe_owner_timing_sequence_v6.mmd,existing_atlas_repo_grounded,mapped_from_single_block_atlas
16,Gemma 4 MoE,16_gemma4_moe.mmd,1,Sliding-window attention + routed/shared MoE block,f16v01_n028,K cache,state,KVStateCore,KVStateCore,OP_KV_SHARED_PROJ,16_gemma4_moe_owner_timing_sequence_v5.mmd,16_gemma4_moe_owner_timing_sequence_v6.mmd,existing_atlas_repo_grounded,mapped_from_single_block_atlas
16,Gemma 4 MoE,16_gemma4_moe.mmd,1,Sliding-window attention + routed/shared MoE block,f16v01_n029,V cache,state,KVStateCore,KVStateCore,OP_KV_SHARED_PROJ,16_gemma4_moe_owner_timing_sequence_v5.mmd,16_gemma4_moe_owner_timing_sequence_v6.mmd,existing_atlas_repo_grounded,mapped_from_single_block_atlas
16,Gemma 4 MoE,16_gemma4_moe.mmd,1,Sliding-window attention + routed/shared MoE block,f16v01_n023,Q Proj,mac,SharedMatrixCore,SharedMatrixCore,OP_Q_PROJ,16_gemma4_moe_owner_timing_sequence_v5.mmd,16_gemma4_moe_owner_timing_sequence_v6.mmd,existing_atlas_repo_grounded,mapped_from_single_block_atlas
16,Gemma 4 MoE,16_gemma4_moe.mmd,1,Sliding-window attention + routed/shared MoE block,f16v01_n025,Q Head RMSNorm,other,NormCore,NormCore,OP_Q_PROJ,16_gemma4_moe_owner_timing_sequence_v5.mmd,16_gemma4_moe_owner_timing_sequence_v6.mmd,existing_atlas_repo_grounded,mapped_from_single_block_atlas
16,Gemma 4 MoE,16_gemma4_moe.mmd,1,Sliding-window attention + routed/shared MoE block,f16v01_n027,RoPE,other,ElementwiseTransformCore,ElementwiseTransformCore,OP_Q_PROJ,16_gemma4_moe_owner_timing_sequence_v5.mmd,16_gemma4_moe_owner_timing_sequence_v6.mmd,existing_atlas_repo_grounded,mapped_from_single_block_atlas
16,Gemma 4 MoE,16_gemma4_moe.mmd,1,Sliding-window attention + routed/shared MoE block,f16v01_n030,K head repeat ×2,other,SequenceCore,SequenceCore,OP_ATTENTION_OPROJ,16_gemma4_moe_owner_timing_sequence_v5.mmd,16_gemma4_moe_owner_timing_sequence_v6.mmd,existing_atlas_repo_grounded,mapped_from_single_block_atlas
16,Gemma 4 MoE,16_gemma4_moe.mmd,1,Sliding-window attention + routed/shared MoE block,f16v01_n031,V head repeat ×2,other,SequenceCore,SequenceCore,OP_ATTENTION_OPROJ,16_gemma4_moe_owner_timing_sequence_v5.mmd,16_gemma4_moe_owner_timing_sequence_v6.mmd,existing_atlas_repo_grounded,mapped_from_single_block_atlas
16,Gemma 4 MoE,16_gemma4_moe.mmd,1,Sliding-window attention + routed/shared MoE block,f16v01_n032,Q × Kᵀ,mac,SequenceCore,SequenceCore,OP_ATTENTION_OPROJ,16_gemma4_moe_owner_timing_sequence_v5.mmd,16_gemma4_moe_owner_timing_sequence_v6.mmd,existing_atlas_repo_grounded,mapped_from_single_block_atlas
16,Gemma 4 MoE,16_gemma4_moe.mmd,1,Sliding-window attention + routed/shared MoE block,f16v01_n033,Softmax FP32,other,SequenceCore,SequenceCore,OP_ATTENTION_OPROJ,16_gemma4_moe_owner_timing_sequence_v5.mmd,16_gemma4_moe_owner_timing_sequence_v6.mmd,existing_atlas_repo_grounded,mapped_from_single_block_atlas
16,Gemma 4 MoE,16_gemma4_moe.mmd,1,Sliding-window attention + routed/shared MoE block,f16v01_n034,P × V,mac,SequenceCore,SequenceCore,OP_ATTENTION_OPROJ,16_gemma4_moe_owner_timing_sequence_v5.mmd,16_gemma4_moe_owner_timing_sequence_v6.mmd,existing_atlas_repo_grounded,mapped_from_single_block_atlas
16,Gemma 4 MoE,16_gemma4_moe.mmd,1,Sliding-window attention + routed/shared MoE block,f16v01_n035,O Proj,mac,SharedMatrixCore,SharedMatrixCore,OP_ATTENTION_OPROJ,16_gemma4_moe_owner_timing_sequence_v5.mmd,16_gemma4_moe_owner_timing_sequence_v6.mmd,existing_atlas_repo_grounded,mapped_from_single_block_atlas
16,Gemma 4 MoE,16_gemma4_moe.mmd,1,Sliding-window attention + routed/shared MoE block,f16v01_n036,+,plus,OutputCommitCore,OutputCommitCore,OP_ATTENTION_OPROJ,16_gemma4_moe_owner_timing_sequence_v5.mmd,16_gemma4_moe_owner_timing_sequence_v6.mmd,existing_atlas_repo_grounded,mapped_from_single_block_atlas
16,Gemma 4 MoE,16_gemma4_moe.mmd,1,Sliding-window attention + routed/shared MoE block,f16v01_n037,X + Attention,output,OutputCommitCore,OutputCommitCore,OP_ATTENTION_OPROJ,16_gemma4_moe_owner_timing_sequence_v5.mmd,16_gemma4_moe_owner_timing_sequence_v6.mmd,existing_atlas_repo_grounded,mapped_from_single_block_atlas
16,Gemma 4 MoE,16_gemma4_moe.mmd,1,Sliding-window attention + routed/shared MoE block,f16v01_n038,RMSNorm 2,other,NormCore,NormCore,OP_MOE,16_gemma4_moe_owner_timing_sequence_v5.mmd,16_gemma4_moe_owner_timing_sequence_v6.mmd,existing_atlas_repo_grounded,mapped_from_single_block_atlas
16,Gemma 4 MoE,16_gemma4_moe.mmd,1,Sliding-window attention + routed/shared MoE block,f16v01_n040,Router projection,mac,SharedMatrixCore,SharedMatrixCore,OP_MOE,16_gemma4_moe_owner_timing_sequence_v5.mmd,16_gemma4_moe_owner_timing_sequence_v6.mmd,existing_atlas_repo_grounded,mapped_from_single_block_atlas
16,Gemma 4 MoE,16_gemma4_moe.mmd,1,Sliding-window attention + routed/shared MoE block,f16v01_n041,Router scoring,other,FeedForwardCore,FeedForwardCore,OP_MOE,16_gemma4_moe_owner_timing_sequence_v5.mmd,16_gemma4_moe_owner_timing_sequence_v6.mmd,existing_atlas_repo_grounded,mapped_from_single_block_atlas
16,Gemma 4 MoE,16_gemma4_moe.mmd,1,Sliding-window attention + routed/shared MoE block,f16v01_n042,Top-8 + renorm,other,FeedForwardCore,FeedForwardCore,OP_MOE,16_gemma4_moe_owner_timing_sequence_v5.mmd,16_gemma4_moe_owner_timing_sequence_v6.mmd,existing_atlas_repo_grounded,mapped_from_single_block_atlas
16,Gemma 4 MoE,16_gemma4_moe.mmd,1,Sliding-window attention + routed/shared MoE block,f16v01_n043,Dispatch / gather,other,FeedForwardCore,FeedForwardCore,OP_MOE,16_gemma4_moe_owner_timing_sequence_v5.mmd,16_gemma4_moe_owner_timing_sequence_v6.mmd,existing_atlas_repo_grounded,mapped_from_single_block_atlas
16,Gemma 4 MoE,16_gemma4_moe.mmd,1,Sliding-window attention + routed/shared MoE block,f16v01_n044,gate_proj,mac,SharedMatrixCore,SharedMatrixCore,OP_MOE,16_gemma4_moe_owner_timing_sequence_v5.mmd,16_gemma4_moe_owner_timing_sequence_v6.mmd,existing_atlas_repo_grounded,mapped_from_single_block_atlas
16,Gemma 4 MoE,16_gemma4_moe.mmd,1,Sliding-window attention + routed/shared MoE block,f16v01_n045,up_proj,mac,SharedMatrixCore,SharedMatrixCore,OP_MOE,16_gemma4_moe_owner_timing_sequence_v5.mmd,16_gemma4_moe_owner_timing_sequence_v6.mmd,existing_atlas_repo_grounded,mapped_from_single_block_atlas
16,Gemma 4 MoE,16_gemma4_moe.mmd,1,Sliding-window attention + routed/shared MoE block,f16v01_n046,GELU-tanh,other,FeedForwardCore,FeedForwardCore,OP_MOE,16_gemma4_moe_owner_timing_sequence_v5.mmd,16_gemma4_moe_owner_timing_sequence_v6.mmd,existing_atlas_repo_grounded,mapped_from_single_block_atlas
16,Gemma 4 MoE,16_gemma4_moe.mmd,1,Sliding-window attention + routed/shared MoE block,f16v01_n047,Elementwise gate,other,FeedForwardCore,FeedForwardCore,OP_MOE,16_gemma4_moe_owner_timing_sequence_v5.mmd,16_gemma4_moe_owner_timing_sequence_v6.mmd,existing_atlas_repo_grounded,mapped_from_single_block_atlas
16,Gemma 4 MoE,16_gemma4_moe.mmd,1,Sliding-window attention + routed/shared MoE block,f16v01_n048,down_proj,mac,SharedMatrixCore,SharedMatrixCore,OP_MOE,16_gemma4_moe_owner_timing_sequence_v5.mmd,16_gemma4_moe_owner_timing_sequence_v6.mmd,existing_atlas_repo_grounded,mapped_from_single_block_atlas
16,Gemma 4 MoE,16_gemma4_moe.mmd,1,Sliding-window attention + routed/shared MoE block,f16v01_n049,Expert weighting,other,FeedForwardCore,FeedForwardCore,OP_MOE,16_gemma4_moe_owner_timing_sequence_v5.mmd,16_gemma4_moe_owner_timing_sequence_v6.mmd,existing_atlas_repo_grounded,mapped_from_single_block_atlas
16,Gemma 4 MoE,16_gemma4_moe.mmd,1,Sliding-window attention + routed/shared MoE block,f16v01_n050,Scatter / weighted reduce,other,FeedForwardCore,FeedForwardCore,OP_MOE,16_gemma4_moe_owner_timing_sequence_v5.mmd,16_gemma4_moe_owner_timing_sequence_v6.mmd,existing_atlas_repo_grounded,mapped_from_single_block_atlas
16,Gemma 4 MoE,16_gemma4_moe.mmd,1,Sliding-window attention + routed/shared MoE block,f16v01_n051,gate_proj,mac,SharedMatrixCore,SharedMatrixCore,OP_MOE,16_gemma4_moe_owner_timing_sequence_v5.mmd,16_gemma4_moe_owner_timing_sequence_v6.mmd,existing_atlas_repo_grounded,mapped_from_single_block_atlas
16,Gemma 4 MoE,16_gemma4_moe.mmd,1,Sliding-window attention + routed/shared MoE block,f16v01_n052,up_proj,mac,SharedMatrixCore,SharedMatrixCore,OP_MOE,16_gemma4_moe_owner_timing_sequence_v5.mmd,16_gemma4_moe_owner_timing_sequence_v6.mmd,existing_atlas_repo_grounded,mapped_from_single_block_atlas
16,Gemma 4 MoE,16_gemma4_moe.mmd,1,Sliding-window attention + routed/shared MoE block,f16v01_n053,GELU-tanh,other,FeedForwardCore,FeedForwardCore,OP_MOE,16_gemma4_moe_owner_timing_sequence_v5.mmd,16_gemma4_moe_owner_timing_sequence_v6.mmd,existing_atlas_repo_grounded,mapped_from_single_block_atlas
16,Gemma 4 MoE,16_gemma4_moe.mmd,1,Sliding-window attention + routed/shared MoE block,f16v01_n054,Elementwise gate,other,FeedForwardCore,FeedForwardCore,OP_MOE,16_gemma4_moe_owner_timing_sequence_v5.mmd,16_gemma4_moe_owner_timing_sequence_v6.mmd,existing_atlas_repo_grounded,mapped_from_single_block_atlas
16,Gemma 4 MoE,16_gemma4_moe.mmd,1,Sliding-window attention + routed/shared MoE block,f16v01_n055,down_proj,mac,SharedMatrixCore,SharedMatrixCore,OP_MOE,16_gemma4_moe_owner_timing_sequence_v5.mmd,16_gemma4_moe_owner_timing_sequence_v6.mmd,existing_atlas_repo_grounded,mapped_from_single_block_atlas
16,Gemma 4 MoE,16_gemma4_moe.mmd,1,Sliding-window attention + routed/shared MoE block,f16v01_n056,Shared gate projection,mac,SharedMatrixCore,SharedMatrixCore,OP_MOE,16_gemma4_moe_owner_timing_sequence_v5.mmd,16_gemma4_moe_owner_timing_sequence_v6.mmd,existing_atlas_repo_grounded,mapped_from_single_block_atlas
16,Gemma 4 MoE,16_gemma4_moe.mmd,1,Sliding-window attention + routed/shared MoE block,f16v01_n057,Sigmoid,other,FeedForwardCore,FeedForwardCore,OP_MOE,16_gemma4_moe_owner_timing_sequence_v5.mmd,16_gemma4_moe_owner_timing_sequence_v6.mmd,existing_atlas_repo_grounded,mapped_from_single_block_atlas
16,Gemma 4 MoE,16_gemma4_moe.mmd,1,Sliding-window attention + routed/shared MoE block,f16v01_n058,Shared gating,other,FeedForwardCore,FeedForwardCore,OP_MOE,16_gemma4_moe_owner_timing_sequence_v5.mmd,16_gemma4_moe_owner_timing_sequence_v6.mmd,existing_atlas_repo_grounded,mapped_from_single_block_atlas
16,Gemma 4 MoE,16_gemma4_moe.mmd,1,Sliding-window attention + routed/shared MoE block,f16v01_n059,+,plus,OutputCommitCore,OutputCommitCore,OP_MOE,16_gemma4_moe_owner_timing_sequence_v5.mmd,16_gemma4_moe_owner_timing_sequence_v6.mmd,existing_atlas_repo_grounded,mapped_from_single_block_atlas
16,Gemma 4 MoE,16_gemma4_moe.mmd,1,Sliding-window attention + routed/shared MoE block,f16v01_n060,+,plus,OutputCommitCore,OutputCommitCore,OP_MOE,16_gemma4_moe_owner_timing_sequence_v5.mmd,16_gemma4_moe_owner_timing_sequence_v6.mmd,existing_atlas_repo_grounded,mapped_from_single_block_atlas
16,Gemma 4 MoE,16_gemma4_moe.mmd,1,Sliding-window attention + routed/shared MoE block,f16v01_n061,Block output,output,OutputCommitCore,OutputCommitCore,OP_MOE,16_gemma4_moe_owner_timing_sequence_v5.mmd,16_gemma4_moe_owner_timing_sequence_v6.mmd,existing_atlas_repo_grounded,mapped_from_single_block_atlas
16,Gemma 4 MoE,16_gemma4_moe.mmd,2,Full attention + routed/shared MoE block,f16v02_n019,X,input,ActivationReadDmaCore,ActivationReadDmaCore,OP_KV_SHARED_PROJ,16_gemma4_moe_owner_timing_sequence_v5.mmd,16_gemma4_moe_owner_timing_sequence_v6.mmd,existing_atlas_repo_grounded,mapped_from_single_block_atlas
16,Gemma 4 MoE,16_gemma4_moe.mmd,2,Full attention + routed/shared MoE block,f16v02_n020,RMSNorm 1,other,NormCore,NormCore,OP_KV_SHARED_PROJ,16_gemma4_moe_owner_timing_sequence_v5.mmd,16_gemma4_moe_owner_timing_sequence_v6.mmd,existing_atlas_repo_grounded,mapped_from_single_block_atlas
16,Gemma 4 MoE,16_gemma4_moe.mmd,2,Full attention + routed/shared MoE block,f16v02_n022,K=V shared Proj,mac,SharedMatrixCore,SharedMatrixCore,OP_KV_SHARED_PROJ,16_gemma4_moe_owner_timing_sequence_v5.mmd,16_gemma4_moe_owner_timing_sequence_v6.mmd,existing_atlas_repo_grounded,mapped_from_single_block_atlas
16,Gemma 4 MoE,16_gemma4_moe.mmd,2,Full attention + routed/shared MoE block,f16v02_n024,K Head RMSNorm,other,NormCore,NormCore,OP_KV_SHARED_PROJ,16_gemma4_moe_owner_timing_sequence_v5.mmd,16_gemma4_moe_owner_timing_sequence_v6.mmd,existing_atlas_repo_grounded,mapped_from_single_block_atlas
16,Gemma 4 MoE,16_gemma4_moe.mmd,2,Full attention + routed/shared MoE block,f16v02_n026,RoPE,other,ElementwiseTransformCore,ElementwiseTransformCore,OP_KV_SHARED_PROJ,16_gemma4_moe_owner_timing_sequence_v5.mmd,16_gemma4_moe_owner_timing_sequence_v6.mmd,existing_atlas_repo_grounded,mapped_from_single_block_atlas
16,Gemma 4 MoE,16_gemma4_moe.mmd,2,Full attention + routed/shared MoE block,f16v02_n028,K cache,state,KVStateCore,KVStateCore,OP_KV_SHARED_PROJ,16_gemma4_moe_owner_timing_sequence_v5.mmd,16_gemma4_moe_owner_timing_sequence_v6.mmd,existing_atlas_repo_grounded,mapped_from_single_block_atlas
16,Gemma 4 MoE,16_gemma4_moe.mmd,2,Full attention + routed/shared MoE block,f16v02_n029,V cache,state,KVStateCore,KVStateCore,OP_KV_SHARED_PROJ,16_gemma4_moe_owner_timing_sequence_v5.mmd,16_gemma4_moe_owner_timing_sequence_v6.mmd,existing_atlas_repo_grounded,mapped_from_single_block_atlas
16,Gemma 4 MoE,16_gemma4_moe.mmd,2,Full attention + routed/shared MoE block,f16v02_n023,Q Proj,mac,SharedMatrixCore,SharedMatrixCore,OP_Q_PROJ,16_gemma4_moe_owner_timing_sequence_v5.mmd,16_gemma4_moe_owner_timing_sequence_v6.mmd,existing_atlas_repo_grounded,mapped_from_single_block_atlas
16,Gemma 4 MoE,16_gemma4_moe.mmd,2,Full attention + routed/shared MoE block,f16v02_n025,Q Head RMSNorm,other,NormCore,NormCore,OP_Q_PROJ,16_gemma4_moe_owner_timing_sequence_v5.mmd,16_gemma4_moe_owner_timing_sequence_v6.mmd,existing_atlas_repo_grounded,mapped_from_single_block_atlas
16,Gemma 4 MoE,16_gemma4_moe.mmd,2,Full attention + routed/shared MoE block,f16v02_n027,RoPE,other,ElementwiseTransformCore,ElementwiseTransformCore,OP_Q_PROJ,16_gemma4_moe_owner_timing_sequence_v5.mmd,16_gemma4_moe_owner_timing_sequence_v6.mmd,existing_atlas_repo_grounded,mapped_from_single_block_atlas
16,Gemma 4 MoE,16_gemma4_moe.mmd,2,Full attention + routed/shared MoE block,f16v02_n030,K head repeat ×2,other,SequenceCore,SequenceCore,OP_ATTENTION_OPROJ,16_gemma4_moe_owner_timing_sequence_v5.mmd,16_gemma4_moe_owner_timing_sequence_v6.mmd,existing_atlas_repo_grounded,mapped_from_single_block_atlas
16,Gemma 4 MoE,16_gemma4_moe.mmd,2,Full attention + routed/shared MoE block,f16v02_n031,V head repeat ×2,other,SequenceCore,SequenceCore,OP_ATTENTION_OPROJ,16_gemma4_moe_owner_timing_sequence_v5.mmd,16_gemma4_moe_owner_timing_sequence_v6.mmd,existing_atlas_repo_grounded,mapped_from_single_block_atlas
16,Gemma 4 MoE,16_gemma4_moe.mmd,2,Full attention + routed/shared MoE block,f16v02_n032,Q × Kᵀ,mac,SequenceCore,SequenceCore,OP_ATTENTION_OPROJ,16_gemma4_moe_owner_timing_sequence_v5.mmd,16_gemma4_moe_owner_timing_sequence_v6.mmd,existing_atlas_repo_grounded,mapped_from_single_block_atlas
16,Gemma 4 MoE,16_gemma4_moe.mmd,2,Full attention + routed/shared MoE block,f16v02_n033,Softmax FP32,other,SequenceCore,SequenceCore,OP_ATTENTION_OPROJ,16_gemma4_moe_owner_timing_sequence_v5.mmd,16_gemma4_moe_owner_timing_sequence_v6.mmd,existing_atlas_repo_grounded,mapped_from_single_block_atlas
16,Gemma 4 MoE,16_gemma4_moe.mmd,2,Full attention + routed/shared MoE block,f16v02_n034,P × V,mac,SequenceCore,SequenceCore,OP_ATTENTION_OPROJ,16_gemma4_moe_owner_timing_sequence_v5.mmd,16_gemma4_moe_owner_timing_sequence_v6.mmd,existing_atlas_repo_grounded,mapped_from_single_block_atlas
16,Gemma 4 MoE,16_gemma4_moe.mmd,2,Full attention + routed/shared MoE block,f16v02_n035,O Proj,mac,SharedMatrixCore,SharedMatrixCore,OP_ATTENTION_OPROJ,16_gemma4_moe_owner_timing_sequence_v5.mmd,16_gemma4_moe_owner_timing_sequence_v6.mmd,existing_atlas_repo_grounded,mapped_from_single_block_atlas
16,Gemma 4 MoE,16_gemma4_moe.mmd,2,Full attention + routed/shared MoE block,f16v02_n036,+,plus,OutputCommitCore,OutputCommitCore,OP_ATTENTION_OPROJ,16_gemma4_moe_owner_timing_sequence_v5.mmd,16_gemma4_moe_owner_timing_sequence_v6.mmd,existing_atlas_repo_grounded,mapped_from_single_block_atlas
16,Gemma 4 MoE,16_gemma4_moe.mmd,2,Full attention + routed/shared MoE block,f16v02_n037,X + Attention,output,OutputCommitCore,OutputCommitCore,OP_ATTENTION_OPROJ,16_gemma4_moe_owner_timing_sequence_v5.mmd,16_gemma4_moe_owner_timing_sequence_v6.mmd,existing_atlas_repo_grounded,mapped_from_single_block_atlas
16,Gemma 4 MoE,16_gemma4_moe.mmd,2,Full attention + routed/shared MoE block,f16v02_n038,RMSNorm 2,other,NormCore,NormCore,OP_MOE,16_gemma4_moe_owner_timing_sequence_v5.mmd,16_gemma4_moe_owner_timing_sequence_v6.mmd,existing_atlas_repo_grounded,mapped_from_single_block_atlas
16,Gemma 4 MoE,16_gemma4_moe.mmd,2,Full attention + routed/shared MoE block,f16v02_n040,Router projection,mac,SharedMatrixCore,SharedMatrixCore,OP_MOE,16_gemma4_moe_owner_timing_sequence_v5.mmd,16_gemma4_moe_owner_timing_sequence_v6.mmd,existing_atlas_repo_grounded,mapped_from_single_block_atlas
16,Gemma 4 MoE,16_gemma4_moe.mmd,2,Full attention + routed/shared MoE block,f16v02_n041,Router scoring,other,FeedForwardCore,FeedForwardCore,OP_MOE,16_gemma4_moe_owner_timing_sequence_v5.mmd,16_gemma4_moe_owner_timing_sequence_v6.mmd,existing_atlas_repo_grounded,mapped_from_single_block_atlas
16,Gemma 4 MoE,16_gemma4_moe.mmd,2,Full attention + routed/shared MoE block,f16v02_n042,Top-8 + renorm,other,FeedForwardCore,FeedForwardCore,OP_MOE,16_gemma4_moe_owner_timing_sequence_v5.mmd,16_gemma4_moe_owner_timing_sequence_v6.mmd,existing_atlas_repo_grounded,mapped_from_single_block_atlas
16,Gemma 4 MoE,16_gemma4_moe.mmd,2,Full attention + routed/shared MoE block,f16v02_n043,Dispatch / gather,other,FeedForwardCore,FeedForwardCore,OP_MOE,16_gemma4_moe_owner_timing_sequence_v5.mmd,16_gemma4_moe_owner_timing_sequence_v6.mmd,existing_atlas_repo_grounded,mapped_from_single_block_atlas
16,Gemma 4 MoE,16_gemma4_moe.mmd,2,Full attention + routed/shared MoE block,f16v02_n044,gate_proj,mac,SharedMatrixCore,SharedMatrixCore,OP_MOE,16_gemma4_moe_owner_timing_sequence_v5.mmd,16_gemma4_moe_owner_timing_sequence_v6.mmd,existing_atlas_repo_grounded,mapped_from_single_block_atlas
16,Gemma 4 MoE,16_gemma4_moe.mmd,2,Full attention + routed/shared MoE block,f16v02_n045,up_proj,mac,SharedMatrixCore,SharedMatrixCore,OP_MOE,16_gemma4_moe_owner_timing_sequence_v5.mmd,16_gemma4_moe_owner_timing_sequence_v6.mmd,existing_atlas_repo_grounded,mapped_from_single_block_atlas
16,Gemma 4 MoE,16_gemma4_moe.mmd,2,Full attention + routed/shared MoE block,f16v02_n046,GELU-tanh,other,FeedForwardCore,FeedForwardCore,OP_MOE,16_gemma4_moe_owner_timing_sequence_v5.mmd,16_gemma4_moe_owner_timing_sequence_v6.mmd,existing_atlas_repo_grounded,mapped_from_single_block_atlas
16,Gemma 4 MoE,16_gemma4_moe.mmd,2,Full attention + routed/shared MoE block,f16v02_n047,Elementwise gate,other,FeedForwardCore,FeedForwardCore,OP_MOE,16_gemma4_moe_owner_timing_sequence_v5.mmd,16_gemma4_moe_owner_timing_sequence_v6.mmd,existing_atlas_repo_grounded,mapped_from_single_block_atlas
16,Gemma 4 MoE,16_gemma4_moe.mmd,2,Full attention + routed/shared MoE block,f16v02_n048,down_proj,mac,SharedMatrixCore,SharedMatrixCore,OP_MOE,16_gemma4_moe_owner_timing_sequence_v5.mmd,16_gemma4_moe_owner_timing_sequence_v6.mmd,existing_atlas_repo_grounded,mapped_from_single_block_atlas
16,Gemma 4 MoE,16_gemma4_moe.mmd,2,Full attention + routed/shared MoE block,f16v02_n049,Expert weighting,other,FeedForwardCore,FeedForwardCore,OP_MOE,16_gemma4_moe_owner_timing_sequence_v5.mmd,16_gemma4_moe_owner_timing_sequence_v6.mmd,existing_atlas_repo_grounded,mapped_from_single_block_atlas
16,Gemma 4 MoE,16_gemma4_moe.mmd,2,Full attention + routed/shared MoE block,f16v02_n050,Scatter / weighted reduce,other,FeedForwardCore,FeedForwardCore,OP_MOE,16_gemma4_moe_owner_timing_sequence_v5.mmd,16_gemma4_moe_owner_timing_sequence_v6.mmd,existing_atlas_repo_grounded,mapped_from_single_block_atlas
16,Gemma 4 MoE,16_gemma4_moe.mmd,2,Full attention + routed/shared MoE block,f16v02_n051,gate_proj,mac,SharedMatrixCore,SharedMatrixCore,OP_MOE,16_gemma4_moe_owner_timing_sequence_v5.mmd,16_gemma4_moe_owner_timing_sequence_v6.mmd,existing_atlas_repo_grounded,mapped_from_single_block_atlas
16,Gemma 4 MoE,16_gemma4_moe.mmd,2,Full attention + routed/shared MoE block,f16v02_n052,up_proj,mac,SharedMatrixCore,SharedMatrixCore,OP_MOE,16_gemma4_moe_owner_timing_sequence_v5.mmd,16_gemma4_moe_owner_timing_sequence_v6.mmd,existing_atlas_repo_grounded,mapped_from_single_block_atlas
16,Gemma 4 MoE,16_gemma4_moe.mmd,2,Full attention + routed/shared MoE block,f16v02_n053,GELU-tanh,other,FeedForwardCore,FeedForwardCore,OP_MOE,16_gemma4_moe_owner_timing_sequence_v5.mmd,16_gemma4_moe_owner_timing_sequence_v6.mmd,existing_atlas_repo_grounded,mapped_from_single_block_atlas
16,Gemma 4 MoE,16_gemma4_moe.mmd,2,Full attention + routed/shared MoE block,f16v02_n054,Elementwise gate,other,FeedForwardCore,FeedForwardCore,OP_MOE,16_gemma4_moe_owner_timing_sequence_v5.mmd,16_gemma4_moe_owner_timing_sequence_v6.mmd,existing_atlas_repo_grounded,mapped_from_single_block_atlas
16,Gemma 4 MoE,16_gemma4_moe.mmd,2,Full attention + routed/shared MoE block,f16v02_n055,down_proj,mac,SharedMatrixCore,SharedMatrixCore,OP_MOE,16_gemma4_moe_owner_timing_sequence_v5.mmd,16_gemma4_moe_owner_timing_sequence_v6.mmd,existing_atlas_repo_grounded,mapped_from_single_block_atlas
16,Gemma 4 MoE,16_gemma4_moe.mmd,2,Full attention + routed/shared MoE block,f16v02_n056,Shared gate projection,mac,SharedMatrixCore,SharedMatrixCore,OP_MOE,16_gemma4_moe_owner_timing_sequence_v5.mmd,16_gemma4_moe_owner_timing_sequence_v6.mmd,existing_atlas_repo_grounded,mapped_from_single_block_atlas
16,Gemma 4 MoE,16_gemma4_moe.mmd,2,Full attention + routed/shared MoE block,f16v02_n057,Sigmoid,other,FeedForwardCore,FeedForwardCore,OP_MOE,16_gemma4_moe_owner_timing_sequence_v5.mmd,16_gemma4_moe_owner_timing_sequence_v6.mmd,existing_atlas_repo_grounded,mapped_from_single_block_atlas
16,Gemma 4 MoE,16_gemma4_moe.mmd,2,Full attention + routed/shared MoE block,f16v02_n058,Shared gating,other,FeedForwardCore,FeedForwardCore,OP_MOE,16_gemma4_moe_owner_timing_sequence_v5.mmd,16_gemma4_moe_owner_timing_sequence_v6.mmd,existing_atlas_repo_grounded,mapped_from_single_block_atlas
16,Gemma 4 MoE,16_gemma4_moe.mmd,2,Full attention + routed/shared MoE block,f16v02_n059,+,plus,OutputCommitCore,OutputCommitCore,OP_MOE,16_gemma4_moe_owner_timing_sequence_v5.mmd,16_gemma4_moe_owner_timing_sequence_v6.mmd,existing_atlas_repo_grounded,mapped_from_single_block_atlas
16,Gemma 4 MoE,16_gemma4_moe.mmd,2,Full attention + routed/shared MoE block,f16v02_n060,+,plus,OutputCommitCore,OutputCommitCore,OP_MOE,16_gemma4_moe_owner_timing_sequence_v5.mmd,16_gemma4_moe_owner_timing_sequence_v6.mmd,existing_atlas_repo_grounded,mapped_from_single_block_atlas
16,Gemma 4 MoE,16_gemma4_moe.mmd,2,Full attention + routed/shared MoE block,f16v02_n061,Block output,output,OutputCommitCore,OutputCommitCore,OP_MOE,16_gemma4_moe_owner_timing_sequence_v5.mmd,16_gemma4_moe_owner_timing_sequence_v6.mmd,existing_atlas_repo_grounded,mapped_from_single_block_atlas
17,Kimi K3 Hybrid MoE,17_kimi_k3_hybrid_moe.mmd,1,Representative MLA + sparse MoE block,f17v01_n019,X,input,ActivationReadDmaCore,ActivationReadDmaCore,OP_Q_LATENT_PROJ,17_kimi_k3_hybrid_moe_owner_timing_sequence_v5.mmd,17_kimi_k3_hybrid_moe_owner_timing_sequence_v6.mmd,existing_atlas_repo_grounded,mapped_from_single_block_atlas
17,Kimi K3 Hybrid MoE,17_kimi_k3_hybrid_moe.mmd,1,Representative MLA + sparse MoE block,f17v01_n020,RMSNorm 1,other,NormCore,NormCore,OP_Q_LATENT_PROJ,17_kimi_k3_hybrid_moe_owner_timing_sequence_v5.mmd,17_kimi_k3_hybrid_moe_owner_timing_sequence_v6.mmd,existing_atlas_repo_grounded,mapped_from_single_block_atlas
17,Kimi K3 Hybrid MoE,17_kimi_k3_hybrid_moe.mmd,1,Representative MLA + sparse MoE block,f17v01_n022,Q low-rank A,mac,SharedMatrixCore,SharedMatrixCore,OP_Q_LATENT_PROJ,17_kimi_k3_hybrid_moe_owner_timing_sequence_v5.mmd,17_kimi_k3_hybrid_moe_owner_timing_sequence_v6.mmd,existing_atlas_repo_grounded,mapped_from_single_block_atlas
17,Kimi K3 Hybrid MoE,17_kimi_k3_hybrid_moe.mmd,1,Representative MLA + sparse MoE block,f17v01_n024,Q LoRA RMSNorm,other,NormCore,NormCore,OP_Q_LATENT_PROJ,17_kimi_k3_hybrid_moe_owner_timing_sequence_v5.mmd,17_kimi_k3_hybrid_moe_owner_timing_sequence_v6.mmd,existing_atlas_repo_grounded,mapped_from_single_block_atlas
17,Kimi K3 Hybrid MoE,17_kimi_k3_hybrid_moe.mmd,1,Representative MLA + sparse MoE block,f17v01_n026,Q low-rank B,mac,SharedMatrixCore,SharedMatrixCore,OP_Q_LATENT_PROJ,17_kimi_k3_hybrid_moe_owner_timing_sequence_v5.mmd,17_kimi_k3_hybrid_moe_owner_timing_sequence_v6.mmd,existing_atlas_repo_grounded,mapped_from_single_block_atlas
17,Kimi K3 Hybrid MoE,17_kimi_k3_hybrid_moe.mmd,1,Representative MLA + sparse MoE block,f17v01_n028,Split Q,other,ElementwiseTransformCore,ElementwiseTransformCore,OP_Q_LATENT_PROJ,17_kimi_k3_hybrid_moe_owner_timing_sequence_v5.mmd,17_kimi_k3_hybrid_moe_owner_timing_sequence_v6.mmd,existing_atlas_repo_grounded,mapped_from_single_block_atlas
17,Kimi K3 Hybrid MoE,17_kimi_k3_hybrid_moe.mmd,1,Representative MLA + sparse MoE block,f17v01_n023,KV compression,mac,SharedMatrixCore,SharedMatrixCore,OP_KV_LATENT_PROJ,17_kimi_k3_hybrid_moe_owner_timing_sequence_v5.mmd,17_kimi_k3_hybrid_moe_owner_timing_sequence_v6.mmd,existing_atlas_repo_grounded,mapped_from_single_block_atlas
17,Kimi K3 Hybrid MoE,17_kimi_k3_hybrid_moe.mmd,1,Representative MLA + sparse MoE block,f17v01_n025,KV latent RMSNorm,other,NormCore,NormCore,OP_KV_LATENT_PROJ,17_kimi_k3_hybrid_moe_owner_timing_sequence_v5.mmd,17_kimi_k3_hybrid_moe_owner_timing_sequence_v6.mmd,existing_atlas_repo_grounded,mapped_from_single_block_atlas
17,Kimi K3 Hybrid MoE,17_kimi_k3_hybrid_moe.mmd,1,Representative MLA + sparse MoE block,f17v01_n027,KV expansion,mac,SharedMatrixCore,SharedMatrixCore,OP_KV_LATENT_PROJ,17_kimi_k3_hybrid_moe_owner_timing_sequence_v5.mmd,17_kimi_k3_hybrid_moe_owner_timing_sequence_v6.mmd,existing_atlas_repo_grounded,mapped_from_single_block_atlas
17,Kimi K3 Hybrid MoE,17_kimi_k3_hybrid_moe.mmd,1,Representative MLA + sparse MoE block,f17v01_n029,Split KV,other,ElementwiseTransformCore,ElementwiseTransformCore,OP_KV_LATENT_PROJ,17_kimi_k3_hybrid_moe_owner_timing_sequence_v5.mmd,17_kimi_k3_hybrid_moe_owner_timing_sequence_v6.mmd,existing_atlas_repo_grounded,mapped_from_single_block_atlas
17,Kimi K3 Hybrid MoE,17_kimi_k3_hybrid_moe.mmd,1,Representative MLA + sparse MoE block,f17v01_n030,YaRN RoPE,other,ElementwiseTransformCore,ElementwiseTransformCore,OP_KV_LATENT_PROJ,17_kimi_k3_hybrid_moe_owner_timing_sequence_v5.mmd,17_kimi_k3_hybrid_moe_owner_timing_sequence_v6.mmd,existing_atlas_repo_grounded,mapped_from_single_block_atlas
17,Kimi K3 Hybrid MoE,17_kimi_k3_hybrid_moe.mmd,1,Representative MLA + sparse MoE block,f17v01_n031,MLA Q × Kᵀ,mac,SequenceCore,SequenceCore,OP_LATENT_ATTENTION_OPROJ,17_kimi_k3_hybrid_moe_owner_timing_sequence_v5.mmd,17_kimi_k3_hybrid_moe_owner_timing_sequence_v6.mmd,existing_atlas_repo_grounded,mapped_from_single_block_atlas
17,Kimi K3 Hybrid MoE,17_kimi_k3_hybrid_moe.mmd,1,Representative MLA + sparse MoE block,f17v01_n032,Softmax FP32,other,SequenceCore,SequenceCore,OP_LATENT_ATTENTION_OPROJ,17_kimi_k3_hybrid_moe_owner_timing_sequence_v5.mmd,17_kimi_k3_hybrid_moe_owner_timing_sequence_v6.mmd,existing_atlas_repo_grounded,mapped_from_single_block_atlas
17,Kimi K3 Hybrid MoE,17_kimi_k3_hybrid_moe.mmd,1,Representative MLA + sparse MoE block,f17v01_n033,P × V,mac,SequenceCore,SequenceCore,OP_LATENT_ATTENTION_OPROJ,17_kimi_k3_hybrid_moe_owner_timing_sequence_v5.mmd,17_kimi_k3_hybrid_moe_owner_timing_sequence_v6.mmd,existing_atlas_repo_grounded,mapped_from_single_block_atlas
17,Kimi K3 Hybrid MoE,17_kimi_k3_hybrid_moe.mmd,1,Representative MLA + sparse MoE block,f17v01_n034,O Proj,mac,SharedMatrixCore,SharedMatrixCore,OP_LATENT_ATTENTION_OPROJ,17_kimi_k3_hybrid_moe_owner_timing_sequence_v5.mmd,17_kimi_k3_hybrid_moe_owner_timing_sequence_v6.mmd,existing_atlas_repo_grounded,mapped_from_single_block_atlas
17,Kimi K3 Hybrid MoE,17_kimi_k3_hybrid_moe.mmd,1,Representative MLA + sparse MoE block,f17v01_n035,+,plus,OutputCommitCore,OutputCommitCore,OP_LATENT_ATTENTION_OPROJ,17_kimi_k3_hybrid_moe_owner_timing_sequence_v5.mmd,17_kimi_k3_hybrid_moe_owner_timing_sequence_v6.mmd,existing_atlas_repo_grounded,mapped_from_single_block_atlas
17,Kimi K3 Hybrid MoE,17_kimi_k3_hybrid_moe.mmd,1,Representative MLA + sparse MoE block,f17v01_n036,X + MLA,output,OutputCommitCore,OutputCommitCore,OP_LATENT_ATTENTION_OPROJ,17_kimi_k3_hybrid_moe_owner_timing_sequence_v5.mmd,17_kimi_k3_hybrid_moe_owner_timing_sequence_v6.mmd,existing_atlas_repo_grounded,mapped_from_single_block_atlas
17,Kimi K3 Hybrid MoE,17_kimi_k3_hybrid_moe.mmd,1,Representative MLA + sparse MoE block,f17v01_n037,RMSNorm 2,other,NormCore,NormCore,OP_MOE,17_kimi_k3_hybrid_moe_owner_timing_sequence_v5.mmd,17_kimi_k3_hybrid_moe_owner_timing_sequence_v6.mmd,existing_atlas_repo_grounded,mapped_from_single_block_atlas
17,Kimi K3 Hybrid MoE,17_kimi_k3_hybrid_moe.mmd,1,Representative MLA + sparse MoE block,f17v01_n039,Router projection,mac,SharedMatrixCore,SharedMatrixCore,OP_MOE,17_kimi_k3_hybrid_moe_owner_timing_sequence_v5.mmd,17_kimi_k3_hybrid_moe_owner_timing_sequence_v6.mmd,existing_atlas_repo_grounded,mapped_from_single_block_atlas
17,Kimi K3 Hybrid MoE,17_kimi_k3_hybrid_moe.mmd,1,Representative MLA + sparse MoE block,f17v01_n040,Router scoring,other,FeedForwardCore,FeedForwardCore,OP_MOE,17_kimi_k3_hybrid_moe_owner_timing_sequence_v5.mmd,17_kimi_k3_hybrid_moe_owner_timing_sequence_v6.mmd,existing_atlas_repo_grounded,mapped_from_single_block_atlas
17,Kimi K3 Hybrid MoE,17_kimi_k3_hybrid_moe.mmd,1,Representative MLA + sparse MoE block,f17v01_n041,Top-8 + renorm,other,FeedForwardCore,FeedForwardCore,OP_MOE,17_kimi_k3_hybrid_moe_owner_timing_sequence_v5.mmd,17_kimi_k3_hybrid_moe_owner_timing_sequence_v6.mmd,existing_atlas_repo_grounded,mapped_from_single_block_atlas
17,Kimi K3 Hybrid MoE,17_kimi_k3_hybrid_moe.mmd,1,Representative MLA + sparse MoE block,f17v01_n042,Dispatch / gather,other,FeedForwardCore,FeedForwardCore,OP_MOE,17_kimi_k3_hybrid_moe_owner_timing_sequence_v5.mmd,17_kimi_k3_hybrid_moe_owner_timing_sequence_v6.mmd,existing_atlas_repo_grounded,mapped_from_single_block_atlas
17,Kimi K3 Hybrid MoE,17_kimi_k3_hybrid_moe.mmd,1,Representative MLA + sparse MoE block,f17v01_n043,gate_proj,mac,SharedMatrixCore,SharedMatrixCore,OP_MOE,17_kimi_k3_hybrid_moe_owner_timing_sequence_v5.mmd,17_kimi_k3_hybrid_moe_owner_timing_sequence_v6.mmd,existing_atlas_repo_grounded,mapped_from_single_block_atlas
17,Kimi K3 Hybrid MoE,17_kimi_k3_hybrid_moe.mmd,1,Representative MLA + sparse MoE block,f17v01_n044,up_proj,mac,SharedMatrixCore,SharedMatrixCore,OP_MOE,17_kimi_k3_hybrid_moe_owner_timing_sequence_v5.mmd,17_kimi_k3_hybrid_moe_owner_timing_sequence_v6.mmd,existing_atlas_repo_grounded,mapped_from_single_block_atlas
17,Kimi K3 Hybrid MoE,17_kimi_k3_hybrid_moe.mmd,1,Representative MLA + sparse MoE block,f17v01_n045,SiLU,other,FeedForwardCore,FeedForwardCore,OP_MOE,17_kimi_k3_hybrid_moe_owner_timing_sequence_v5.mmd,17_kimi_k3_hybrid_moe_owner_timing_sequence_v6.mmd,existing_atlas_repo_grounded,mapped_from_single_block_atlas
17,Kimi K3 Hybrid MoE,17_kimi_k3_hybrid_moe.mmd,1,Representative MLA + sparse MoE block,f17v01_n046,Elementwise gate,other,FeedForwardCore,FeedForwardCore,OP_MOE,17_kimi_k3_hybrid_moe_owner_timing_sequence_v5.mmd,17_kimi_k3_hybrid_moe_owner_timing_sequence_v6.mmd,existing_atlas_repo_grounded,mapped_from_single_block_atlas
17,Kimi K3 Hybrid MoE,17_kimi_k3_hybrid_moe.mmd,1,Representative MLA + sparse MoE block,f17v01_n047,down_proj,mac,SharedMatrixCore,SharedMatrixCore,OP_MOE,17_kimi_k3_hybrid_moe_owner_timing_sequence_v5.mmd,17_kimi_k3_hybrid_moe_owner_timing_sequence_v6.mmd,existing_atlas_repo_grounded,mapped_from_single_block_atlas
17,Kimi K3 Hybrid MoE,17_kimi_k3_hybrid_moe.mmd,1,Representative MLA + sparse MoE block,f17v01_n048,Expert weighting,other,FeedForwardCore,FeedForwardCore,OP_MOE,17_kimi_k3_hybrid_moe_owner_timing_sequence_v5.mmd,17_kimi_k3_hybrid_moe_owner_timing_sequence_v6.mmd,existing_atlas_repo_grounded,mapped_from_single_block_atlas
17,Kimi K3 Hybrid MoE,17_kimi_k3_hybrid_moe.mmd,1,Representative MLA + sparse MoE block,f17v01_n049,Scatter / weighted reduce,other,FeedForwardCore,FeedForwardCore,OP_MOE,17_kimi_k3_hybrid_moe_owner_timing_sequence_v5.mmd,17_kimi_k3_hybrid_moe_owner_timing_sequence_v6.mmd,existing_atlas_repo_grounded,mapped_from_single_block_atlas
17,Kimi K3 Hybrid MoE,17_kimi_k3_hybrid_moe.mmd,1,Representative MLA + sparse MoE block,f17v01_n050,gate_proj,mac,SharedMatrixCore,SharedMatrixCore,OP_MOE,17_kimi_k3_hybrid_moe_owner_timing_sequence_v5.mmd,17_kimi_k3_hybrid_moe_owner_timing_sequence_v6.mmd,existing_atlas_repo_grounded,mapped_from_single_block_atlas
17,Kimi K3 Hybrid MoE,17_kimi_k3_hybrid_moe.mmd,1,Representative MLA + sparse MoE block,f17v01_n051,up_proj,mac,SharedMatrixCore,SharedMatrixCore,OP_MOE,17_kimi_k3_hybrid_moe_owner_timing_sequence_v5.mmd,17_kimi_k3_hybrid_moe_owner_timing_sequence_v6.mmd,existing_atlas_repo_grounded,mapped_from_single_block_atlas
17,Kimi K3 Hybrid MoE,17_kimi_k3_hybrid_moe.mmd,1,Representative MLA + sparse MoE block,f17v01_n052,SiLU,other,FeedForwardCore,FeedForwardCore,OP_MOE,17_kimi_k3_hybrid_moe_owner_timing_sequence_v5.mmd,17_kimi_k3_hybrid_moe_owner_timing_sequence_v6.mmd,existing_atlas_repo_grounded,mapped_from_single_block_atlas
17,Kimi K3 Hybrid MoE,17_kimi_k3_hybrid_moe.mmd,1,Representative MLA + sparse MoE block,f17v01_n053,Elementwise gate,other,FeedForwardCore,FeedForwardCore,OP_MOE,17_kimi_k3_hybrid_moe_owner_timing_sequence_v5.mmd,17_kimi_k3_hybrid_moe_owner_timing_sequence_v6.mmd,existing_atlas_repo_grounded,mapped_from_single_block_atlas
17,Kimi K3 Hybrid MoE,17_kimi_k3_hybrid_moe.mmd,1,Representative MLA + sparse MoE block,f17v01_n054,down_proj,mac,SharedMatrixCore,SharedMatrixCore,OP_MOE,17_kimi_k3_hybrid_moe_owner_timing_sequence_v5.mmd,17_kimi_k3_hybrid_moe_owner_timing_sequence_v6.mmd,existing_atlas_repo_grounded,mapped_from_single_block_atlas
17,Kimi K3 Hybrid MoE,17_kimi_k3_hybrid_moe.mmd,1,Representative MLA + sparse MoE block,f17v01_n055,Shared gate projection,mac,SharedMatrixCore,SharedMatrixCore,OP_MOE,17_kimi_k3_hybrid_moe_owner_timing_sequence_v5.mmd,17_kimi_k3_hybrid_moe_owner_timing_sequence_v6.mmd,existing_atlas_repo_grounded,mapped_from_single_block_atlas
17,Kimi K3 Hybrid MoE,17_kimi_k3_hybrid_moe.mmd,1,Representative MLA + sparse MoE block,f17v01_n056,Sigmoid,other,FeedForwardCore,FeedForwardCore,OP_MOE,17_kimi_k3_hybrid_moe_owner_timing_sequence_v5.mmd,17_kimi_k3_hybrid_moe_owner_timing_sequence_v6.mmd,existing_atlas_repo_grounded,mapped_from_single_block_atlas
17,Kimi K3 Hybrid MoE,17_kimi_k3_hybrid_moe.mmd,1,Representative MLA + sparse MoE block,f17v01_n057,Shared gating,other,FeedForwardCore,FeedForwardCore,OP_MOE,17_kimi_k3_hybrid_moe_owner_timing_sequence_v5.mmd,17_kimi_k3_hybrid_moe_owner_timing_sequence_v6.mmd,existing_atlas_repo_grounded,mapped_from_single_block_atlas
17,Kimi K3 Hybrid MoE,17_kimi_k3_hybrid_moe.mmd,1,Representative MLA + sparse MoE block,f17v01_n058,+,plus,OutputCommitCore,OutputCommitCore,OP_MOE,17_kimi_k3_hybrid_moe_owner_timing_sequence_v5.mmd,17_kimi_k3_hybrid_moe_owner_timing_sequence_v6.mmd,existing_atlas_repo_grounded,mapped_from_single_block_atlas
17,Kimi K3 Hybrid MoE,17_kimi_k3_hybrid_moe.mmd,1,Representative MLA + sparse MoE block,f17v01_n059,+,plus,OutputCommitCore,OutputCommitCore,OP_MOE,17_kimi_k3_hybrid_moe_owner_timing_sequence_v5.mmd,17_kimi_k3_hybrid_moe_owner_timing_sequence_v6.mmd,existing_atlas_repo_grounded,mapped_from_single_block_atlas
17,Kimi K3 Hybrid MoE,17_kimi_k3_hybrid_moe.mmd,1,Representative MLA + sparse MoE block,f17v01_n060,Block output,output,OutputCommitCore,OutputCommitCore,OP_MOE,17_kimi_k3_hybrid_moe_owner_timing_sequence_v5.mmd,17_kimi_k3_hybrid_moe_owner_timing_sequence_v6.mmd,existing_atlas_repo_grounded,mapped_from_single_block_atlas
18,Granite 4 Hybrid,18_granite4_hybrid.mmd,1,Representative grouped-query hybrid dense block,f18v01_n019,X,input,ActivationReadDmaCore,ActivationReadDmaCore,OP_K_PROJ,18_granite4_hybrid_owner_timing_sequence_v5.mmd,18_granite4_hybrid_owner_timing_sequence_v6.mmd,existing_atlas_repo_grounded,mapped_from_single_block_atlas
18,Granite 4 Hybrid,18_granite4_hybrid.mmd,1,Representative grouped-query hybrid dense block,f18v01_n020,RMSNorm 1,other,NormCore,NormCore,OP_K_PROJ,18_granite4_hybrid_owner_timing_sequence_v5.mmd,18_granite4_hybrid_owner_timing_sequence_v6.mmd,existing_atlas_repo_grounded,mapped_from_single_block_atlas
18,Granite 4 Hybrid,18_granite4_hybrid.mmd,1,Representative grouped-query hybrid dense block,f18v01_n022,K Proj,mac,SharedMatrixCore,SharedMatrixCore,OP_K_PROJ,18_granite4_hybrid_owner_timing_sequence_v5.mmd,18_granite4_hybrid_owner_timing_sequence_v6.mmd,existing_atlas_repo_grounded,mapped_from_single_block_atlas
18,Granite 4 Hybrid,18_granite4_hybrid.mmd,1,Representative grouped-query hybrid dense block,f18v01_n025,RoPE,other,ElementwiseTransformCore,ElementwiseTransformCore,OP_K_PROJ,18_granite4_hybrid_owner_timing_sequence_v5.mmd,18_granite4_hybrid_owner_timing_sequence_v6.mmd,existing_atlas_repo_grounded,mapped_from_single_block_atlas
18,Granite 4 Hybrid,18_granite4_hybrid.mmd,1,Representative grouped-query hybrid dense block,f18v01_n027,K cache,state,KVStateCore,KVStateCore,OP_K_PROJ,18_granite4_hybrid_owner_timing_sequence_v5.mmd,18_granite4_hybrid_owner_timing_sequence_v6.mmd,existing_atlas_repo_grounded,mapped_from_single_block_atlas
18,Granite 4 Hybrid,18_granite4_hybrid.mmd,1,Representative grouped-query hybrid dense block,f18v01_n024,V Proj,mac,SharedMatrixCore,SharedMatrixCore,OP_V_PROJ,18_granite4_hybrid_owner_timing_sequence_v5.mmd,18_granite4_hybrid_owner_timing_sequence_v6.mmd,existing_atlas_repo_grounded,mapped_from_single_block_atlas
18,Granite 4 Hybrid,18_granite4_hybrid.mmd,1,Representative grouped-query hybrid dense block,f18v01_n028,V cache,state,KVStateCore,KVStateCore,OP_V_PROJ,18_granite4_hybrid_owner_timing_sequence_v5.mmd,18_granite4_hybrid_owner_timing_sequence_v6.mmd,existing_atlas_repo_grounded,mapped_from_single_block_atlas
18,Granite 4 Hybrid,18_granite4_hybrid.mmd,1,Representative grouped-query hybrid dense block,f18v01_n023,Q Proj,mac,SharedMatrixCore,SharedMatrixCore,OP_Q_PROJ,18_granite4_hybrid_owner_timing_sequence_v5.mmd,18_granite4_hybrid_owner_timing_sequence_v6.mmd,existing_atlas_repo_grounded,mapped_from_single_block_atlas
18,Granite 4 Hybrid,18_granite4_hybrid.mmd,1,Representative grouped-query hybrid dense block,f18v01_n026,RoPE,other,ElementwiseTransformCore,ElementwiseTransformCore,OP_Q_PROJ,18_granite4_hybrid_owner_timing_sequence_v5.mmd,18_granite4_hybrid_owner_timing_sequence_v6.mmd,existing_atlas_repo_grounded,mapped_from_single_block_atlas
18,Granite 4 Hybrid,18_granite4_hybrid.mmd,1,Representative grouped-query hybrid dense block,f18v01_n029,K head repeat ×4,other,SequenceCore,SequenceCore,OP_ATTENTION_OPROJ,18_granite4_hybrid_owner_timing_sequence_v5.mmd,18_granite4_hybrid_owner_timing_sequence_v6.mmd,existing_atlas_repo_grounded,mapped_from_single_block_atlas
18,Granite 4 Hybrid,18_granite4_hybrid.mmd,1,Representative grouped-query hybrid dense block,f18v01_n030,V head repeat ×4,other,SequenceCore,SequenceCore,OP_ATTENTION_OPROJ,18_granite4_hybrid_owner_timing_sequence_v5.mmd,18_granite4_hybrid_owner_timing_sequence_v6.mmd,existing_atlas_repo_grounded,mapped_from_single_block_atlas
18,Granite 4 Hybrid,18_granite4_hybrid.mmd,1,Representative grouped-query hybrid dense block,f18v01_n031,Q × Kᵀ,mac,SequenceCore,SequenceCore,OP_ATTENTION_OPROJ,18_granite4_hybrid_owner_timing_sequence_v5.mmd,18_granite4_hybrid_owner_timing_sequence_v6.mmd,existing_atlas_repo_grounded,mapped_from_single_block_atlas
18,Granite 4 Hybrid,18_granite4_hybrid.mmd,1,Representative grouped-query hybrid dense block,f18v01_n032,Softmax FP32,other,SequenceCore,SequenceCore,OP_ATTENTION_OPROJ,18_granite4_hybrid_owner_timing_sequence_v5.mmd,18_granite4_hybrid_owner_timing_sequence_v6.mmd,existing_atlas_repo_grounded,mapped_from_single_block_atlas
18,Granite 4 Hybrid,18_granite4_hybrid.mmd,1,Representative grouped-query hybrid dense block,f18v01_n033,P × V,mac,SequenceCore,SequenceCore,OP_ATTENTION_OPROJ,18_granite4_hybrid_owner_timing_sequence_v5.mmd,18_granite4_hybrid_owner_timing_sequence_v6.mmd,existing_atlas_repo_grounded,mapped_from_single_block_atlas
18,Granite 4 Hybrid,18_granite4_hybrid.mmd,1,Representative grouped-query hybrid dense block,f18v01_n034,O Proj,mac,SharedMatrixCore,SharedMatrixCore,OP_ATTENTION_OPROJ,18_granite4_hybrid_owner_timing_sequence_v5.mmd,18_granite4_hybrid_owner_timing_sequence_v6.mmd,existing_atlas_repo_grounded,mapped_from_single_block_atlas
18,Granite 4 Hybrid,18_granite4_hybrid.mmd,1,Representative grouped-query hybrid dense block,f18v01_n035,+,plus,OutputCommitCore,OutputCommitCore,OP_ATTENTION_OPROJ,18_granite4_hybrid_owner_timing_sequence_v5.mmd,18_granite4_hybrid_owner_timing_sequence_v6.mmd,existing_atlas_repo_grounded,mapped_from_single_block_atlas
18,Granite 4 Hybrid,18_granite4_hybrid.mmd,1,Representative grouped-query hybrid dense block,f18v01_n036,X + Attention,output,OutputCommitCore,OutputCommitCore,OP_ATTENTION_OPROJ,18_granite4_hybrid_owner_timing_sequence_v5.mmd,18_granite4_hybrid_owner_timing_sequence_v6.mmd,existing_atlas_repo_grounded,mapped_from_single_block_atlas
18,Granite 4 Hybrid,18_granite4_hybrid.mmd,1,Representative grouped-query hybrid dense block,f18v01_n037,RMSNorm 2,other,NormCore,NormCore,OP_FFN,18_granite4_hybrid_owner_timing_sequence_v5.mmd,18_granite4_hybrid_owner_timing_sequence_v6.mmd,existing_atlas_repo_grounded,mapped_from_single_block_atlas
18,Granite 4 Hybrid,18_granite4_hybrid.mmd,1,Representative grouped-query hybrid dense block,f18v01_n039,gate_proj,mac,SharedMatrixCore,SharedMatrixCore,OP_FFN,18_granite4_hybrid_owner_timing_sequence_v5.mmd,18_granite4_hybrid_owner_timing_sequence_v6.mmd,existing_atlas_repo_grounded,mapped_from_single_block_atlas
18,Granite 4 Hybrid,18_granite4_hybrid.mmd,1,Representative grouped-query hybrid dense block,f18v01_n040,up_proj,mac,SharedMatrixCore,SharedMatrixCore,OP_FFN,18_granite4_hybrid_owner_timing_sequence_v5.mmd,18_granite4_hybrid_owner_timing_sequence_v6.mmd,existing_atlas_repo_grounded,mapped_from_single_block_atlas
18,Granite 4 Hybrid,18_granite4_hybrid.mmd,1,Representative grouped-query hybrid dense block,f18v01_n041,SiLU,other,FeedForwardCore,SharedMatrixCore,OP_FFN,18_granite4_hybrid_owner_timing_sequence_v5.mmd,18_granite4_hybrid_owner_timing_sequence_v6.mmd,existing_atlas_repo_grounded,current_fused_MlpSiluLane32Core
18,Granite 4 Hybrid,18_granite4_hybrid.mmd,1,Representative grouped-query hybrid dense block,f18v01_n042,Elementwise gate,other,FeedForwardCore,SharedMatrixCore,OP_FFN,18_granite4_hybrid_owner_timing_sequence_v5.mmd,18_granite4_hybrid_owner_timing_sequence_v6.mmd,existing_atlas_repo_grounded,current_fused_MlpSiluLane32Core
18,Granite 4 Hybrid,18_granite4_hybrid.mmd,1,Representative grouped-query hybrid dense block,f18v01_n043,down_proj,mac,SharedMatrixCore,SharedMatrixCore,OP_FFN,18_granite4_hybrid_owner_timing_sequence_v5.mmd,18_granite4_hybrid_owner_timing_sequence_v6.mmd,existing_atlas_repo_grounded,mapped_from_single_block_atlas
18,Granite 4 Hybrid,18_granite4_hybrid.mmd,1,Representative grouped-query hybrid dense block,f18v01_n044,+,plus,OutputCommitCore,OutputCommitCore,OP_FFN,18_granite4_hybrid_owner_timing_sequence_v5.mmd,18_granite4_hybrid_owner_timing_sequence_v6.mmd,existing_atlas_repo_grounded,mapped_from_single_block_atlas
18,Granite 4 Hybrid,18_granite4_hybrid.mmd,1,Representative grouped-query hybrid dense block,f18v01_n045,Block output,output,OutputCommitCore,OutputCommitCore,OP_FFN,18_granite4_hybrid_owner_timing_sequence_v5.mmd,18_granite4_hybrid_owner_timing_sequence_v6.mmd,existing_atlas_repo_grounded,mapped_from_single_block_atlas
19,Qwen1 Dense,19_qwen1_dense.mmd,1,Earlier Qwen dense decoder block,f19v01_n019,X,input,ActivationReadDmaCore,ActivationReadDmaCore,OP_K_PROJ,19_qwen1_dense_owner_timing_sequence_v5.mmd,19_qwen1_dense_owner_timing_sequence_v6.mmd,existing_atlas_repo_grounded,mapped_from_single_block_atlas
19,Qwen1 Dense,19_qwen1_dense.mmd,1,Earlier Qwen dense decoder block,f19v01_n020,RMSNorm 1,other,NormCore,NormCore,OP_K_PROJ,19_qwen1_dense_owner_timing_sequence_v5.mmd,19_qwen1_dense_owner_timing_sequence_v6.mmd,existing_atlas_repo_grounded,mapped_from_single_block_atlas
19,Qwen1 Dense,19_qwen1_dense.mmd,1,Earlier Qwen dense decoder block,f19v01_n022,K Proj,mac,SharedMatrixCore,SharedMatrixCore,OP_K_PROJ,19_qwen1_dense_owner_timing_sequence_v5.mmd,19_qwen1_dense_owner_timing_sequence_v6.mmd,existing_atlas_repo_grounded,mapped_from_single_block_atlas
19,Qwen1 Dense,19_qwen1_dense.mmd,1,Earlier Qwen dense decoder block,f19v01_n025,RoPE,other,ElementwiseTransformCore,ElementwiseTransformCore,OP_K_PROJ,19_qwen1_dense_owner_timing_sequence_v5.mmd,19_qwen1_dense_owner_timing_sequence_v6.mmd,existing_atlas_repo_grounded,mapped_from_single_block_atlas
19,Qwen1 Dense,19_qwen1_dense.mmd,1,Earlier Qwen dense decoder block,f19v01_n027,K cache,state,KVStateCore,KVStateCore,OP_K_PROJ,19_qwen1_dense_owner_timing_sequence_v5.mmd,19_qwen1_dense_owner_timing_sequence_v6.mmd,existing_atlas_repo_grounded,mapped_from_single_block_atlas
19,Qwen1 Dense,19_qwen1_dense.mmd,1,Earlier Qwen dense decoder block,f19v01_n024,V Proj,mac,SharedMatrixCore,SharedMatrixCore,OP_V_PROJ,19_qwen1_dense_owner_timing_sequence_v5.mmd,19_qwen1_dense_owner_timing_sequence_v6.mmd,existing_atlas_repo_grounded,mapped_from_single_block_atlas
19,Qwen1 Dense,19_qwen1_dense.mmd,1,Earlier Qwen dense decoder block,f19v01_n028,V cache,state,KVStateCore,KVStateCore,OP_V_PROJ,19_qwen1_dense_owner_timing_sequence_v5.mmd,19_qwen1_dense_owner_timing_sequence_v6.mmd,existing_atlas_repo_grounded,mapped_from_single_block_atlas
19,Qwen1 Dense,19_qwen1_dense.mmd,1,Earlier Qwen dense decoder block,f19v01_n023,Q Proj,mac,SharedMatrixCore,SharedMatrixCore,OP_Q_PROJ,19_qwen1_dense_owner_timing_sequence_v5.mmd,19_qwen1_dense_owner_timing_sequence_v6.mmd,existing_atlas_repo_grounded,mapped_from_single_block_atlas
19,Qwen1 Dense,19_qwen1_dense.mmd,1,Earlier Qwen dense decoder block,f19v01_n026,RoPE,other,ElementwiseTransformCore,ElementwiseTransformCore,OP_Q_PROJ,19_qwen1_dense_owner_timing_sequence_v5.mmd,19_qwen1_dense_owner_timing_sequence_v6.mmd,existing_atlas_repo_grounded,mapped_from_single_block_atlas
19,Qwen1 Dense,19_qwen1_dense.mmd,1,Earlier Qwen dense decoder block,f19v01_n029,K head repeat ×8,other,SequenceCore,SequenceCore,OP_ATTENTION_OPROJ,19_qwen1_dense_owner_timing_sequence_v5.mmd,19_qwen1_dense_owner_timing_sequence_v6.mmd,existing_atlas_repo_grounded,mapped_from_single_block_atlas
19,Qwen1 Dense,19_qwen1_dense.mmd,1,Earlier Qwen dense decoder block,f19v01_n030,V head repeat ×8,other,SequenceCore,SequenceCore,OP_ATTENTION_OPROJ,19_qwen1_dense_owner_timing_sequence_v5.mmd,19_qwen1_dense_owner_timing_sequence_v6.mmd,existing_atlas_repo_grounded,mapped_from_single_block_atlas
19,Qwen1 Dense,19_qwen1_dense.mmd,1,Earlier Qwen dense decoder block,f19v01_n031,Q × Kᵀ,mac,SequenceCore,SequenceCore,OP_ATTENTION_OPROJ,19_qwen1_dense_owner_timing_sequence_v5.mmd,19_qwen1_dense_owner_timing_sequence_v6.mmd,existing_atlas_repo_grounded,mapped_from_single_block_atlas
19,Qwen1 Dense,19_qwen1_dense.mmd,1,Earlier Qwen dense decoder block,f19v01_n032,Softmax FP32,other,SequenceCore,SequenceCore,OP_ATTENTION_OPROJ,19_qwen1_dense_owner_timing_sequence_v5.mmd,19_qwen1_dense_owner_timing_sequence_v6.mmd,existing_atlas_repo_grounded,mapped_from_single_block_atlas
19,Qwen1 Dense,19_qwen1_dense.mmd,1,Earlier Qwen dense decoder block,f19v01_n033,P × V,mac,SequenceCore,SequenceCore,OP_ATTENTION_OPROJ,19_qwen1_dense_owner_timing_sequence_v5.mmd,19_qwen1_dense_owner_timing_sequence_v6.mmd,existing_atlas_repo_grounded,mapped_from_single_block_atlas
19,Qwen1 Dense,19_qwen1_dense.mmd,1,Earlier Qwen dense decoder block,f19v01_n034,O Proj,mac,SharedMatrixCore,SharedMatrixCore,OP_ATTENTION_OPROJ,19_qwen1_dense_owner_timing_sequence_v5.mmd,19_qwen1_dense_owner_timing_sequence_v6.mmd,existing_atlas_repo_grounded,mapped_from_single_block_atlas
19,Qwen1 Dense,19_qwen1_dense.mmd,1,Earlier Qwen dense decoder block,f19v01_n035,+,plus,OutputCommitCore,OutputCommitCore,OP_ATTENTION_OPROJ,19_qwen1_dense_owner_timing_sequence_v5.mmd,19_qwen1_dense_owner_timing_sequence_v6.mmd,existing_atlas_repo_grounded,mapped_from_single_block_atlas
19,Qwen1 Dense,19_qwen1_dense.mmd,1,Earlier Qwen dense decoder block,f19v01_n036,X + Attention,output,OutputCommitCore,OutputCommitCore,OP_ATTENTION_OPROJ,19_qwen1_dense_owner_timing_sequence_v5.mmd,19_qwen1_dense_owner_timing_sequence_v6.mmd,existing_atlas_repo_grounded,mapped_from_single_block_atlas
19,Qwen1 Dense,19_qwen1_dense.mmd,1,Earlier Qwen dense decoder block,f19v01_n037,RMSNorm 2,other,NormCore,NormCore,OP_FFN,19_qwen1_dense_owner_timing_sequence_v5.mmd,19_qwen1_dense_owner_timing_sequence_v6.mmd,existing_atlas_repo_grounded,mapped_from_single_block_atlas
19,Qwen1 Dense,19_qwen1_dense.mmd,1,Earlier Qwen dense decoder block,f19v01_n039,gate_proj,mac,SharedMatrixCore,SharedMatrixCore,OP_FFN,19_qwen1_dense_owner_timing_sequence_v5.mmd,19_qwen1_dense_owner_timing_sequence_v6.mmd,existing_atlas_repo_grounded,mapped_from_single_block_atlas
19,Qwen1 Dense,19_qwen1_dense.mmd,1,Earlier Qwen dense decoder block,f19v01_n040,up_proj,mac,SharedMatrixCore,SharedMatrixCore,OP_FFN,19_qwen1_dense_owner_timing_sequence_v5.mmd,19_qwen1_dense_owner_timing_sequence_v6.mmd,existing_atlas_repo_grounded,mapped_from_single_block_atlas
19,Qwen1 Dense,19_qwen1_dense.mmd,1,Earlier Qwen dense decoder block,f19v01_n041,SiLU,other,FeedForwardCore,SharedMatrixCore,OP_FFN,19_qwen1_dense_owner_timing_sequence_v5.mmd,19_qwen1_dense_owner_timing_sequence_v6.mmd,existing_atlas_repo_grounded,current_fused_MlpSiluLane32Core
19,Qwen1 Dense,19_qwen1_dense.mmd,1,Earlier Qwen dense decoder block,f19v01_n042,Elementwise gate,other,FeedForwardCore,SharedMatrixCore,OP_FFN,19_qwen1_dense_owner_timing_sequence_v5.mmd,19_qwen1_dense_owner_timing_sequence_v6.mmd,existing_atlas_repo_grounded,current_fused_MlpSiluLane32Core
19,Qwen1 Dense,19_qwen1_dense.mmd,1,Earlier Qwen dense decoder block,f19v01_n043,down_proj,mac,SharedMatrixCore,SharedMatrixCore,OP_FFN,19_qwen1_dense_owner_timing_sequence_v5.mmd,19_qwen1_dense_owner_timing_sequence_v6.mmd,existing_atlas_repo_grounded,mapped_from_single_block_atlas
19,Qwen1 Dense,19_qwen1_dense.mmd,1,Earlier Qwen dense decoder block,f19v01_n044,+,plus,OutputCommitCore,OutputCommitCore,OP_FFN,19_qwen1_dense_owner_timing_sequence_v5.mmd,19_qwen1_dense_owner_timing_sequence_v6.mmd,existing_atlas_repo_grounded,mapped_from_single_block_atlas
19,Qwen1 Dense,19_qwen1_dense.mmd,1,Earlier Qwen dense decoder block,f19v01_n045,Block output,output,OutputCommitCore,OutputCommitCore,OP_FFN,19_qwen1_dense_owner_timing_sequence_v5.mmd,19_qwen1_dense_owner_timing_sequence_v6.mmd,existing_atlas_repo_grounded,mapped_from_single_block_atlas
20,Phi-2 Dense,20_phi2_dense.mmd,1,Parallel residual MHA + GELU block,f20v01_n019,X,input,ActivationReadDmaCore,ActivationReadDmaCore,OP_K_PROJ,20_phi2_dense_owner_timing_sequence_v5.mmd,20_phi2_dense_owner_timing_sequence_v6.mmd,existing_atlas_repo_grounded,mapped_from_single_block_atlas
20,Phi-2 Dense,20_phi2_dense.mmd,1,Parallel residual MHA + GELU block,f20v01_n020,LayerNorm (attn),other,NormCore,NormCore,OP_K_PROJ,20_phi2_dense_owner_timing_sequence_v5.mmd,20_phi2_dense_owner_timing_sequence_v6.mmd,existing_atlas_repo_grounded,mapped_from_single_block_atlas
20,Phi-2 Dense,20_phi2_dense.mmd,1,Parallel residual MHA + GELU block,f20v01_n024,K Proj,mac,SharedMatrixCore,SharedMatrixCore,OP_K_PROJ,20_phi2_dense_owner_timing_sequence_v5.mmd,20_phi2_dense_owner_timing_sequence_v6.mmd,existing_atlas_repo_grounded,mapped_from_single_block_atlas
20,Phi-2 Dense,20_phi2_dense.mmd,1,Parallel residual MHA + GELU block,f20v01_n027,RoPE,other,ElementwiseTransformCore,ElementwiseTransformCore,OP_K_PROJ,20_phi2_dense_owner_timing_sequence_v5.mmd,20_phi2_dense_owner_timing_sequence_v6.mmd,existing_atlas_repo_grounded,mapped_from_single_block_atlas
20,Phi-2 Dense,20_phi2_dense.mmd,1,Parallel residual MHA + GELU block,f20v01_n026,V Proj,mac,SharedMatrixCore,SharedMatrixCore,OP_V_PROJ,20_phi2_dense_owner_timing_sequence_v5.mmd,20_phi2_dense_owner_timing_sequence_v6.mmd,existing_atlas_repo_grounded,mapped_from_single_block_atlas
20,Phi-2 Dense,20_phi2_dense.mmd,1,Parallel residual MHA + GELU block,f20v01_n025,Q Proj,mac,SharedMatrixCore,SharedMatrixCore,OP_Q_PROJ,20_phi2_dense_owner_timing_sequence_v5.mmd,20_phi2_dense_owner_timing_sequence_v6.mmd,existing_atlas_repo_grounded,mapped_from_single_block_atlas
20,Phi-2 Dense,20_phi2_dense.mmd,1,Parallel residual MHA + GELU block,f20v01_n028,RoPE,other,ElementwiseTransformCore,ElementwiseTransformCore,OP_Q_PROJ,20_phi2_dense_owner_timing_sequence_v5.mmd,20_phi2_dense_owner_timing_sequence_v6.mmd,existing_atlas_repo_grounded,mapped_from_single_block_atlas
20,Phi-2 Dense,20_phi2_dense.mmd,1,Parallel residual MHA + GELU block,f20v01_n029,Q × Kᵀ,mac,SequenceCore,SequenceCore,OP_PARALLEL_ATTN_FFN,20_phi2_dense_owner_timing_sequence_v5.mmd,20_phi2_dense_owner_timing_sequence_v6.mmd,existing_atlas_repo_grounded,mapped_from_single_block_atlas
20,Phi-2 Dense,20_phi2_dense.mmd,1,Parallel residual MHA + GELU block,f20v01_n030,Softmax FP32,other,SequenceCore,SequenceCore,OP_PARALLEL_ATTN_FFN,20_phi2_dense_owner_timing_sequence_v5.mmd,20_phi2_dense_owner_timing_sequence_v6.mmd,existing_atlas_repo_grounded,mapped_from_single_block_atlas
20,Phi-2 Dense,20_phi2_dense.mmd,1,Parallel residual MHA + GELU block,f20v01_n031,P × V,mac,SequenceCore,SequenceCore,OP_PARALLEL_ATTN_FFN,20_phi2_dense_owner_timing_sequence_v5.mmd,20_phi2_dense_owner_timing_sequence_v6.mmd,existing_atlas_repo_grounded,mapped_from_single_block_atlas
20,Phi-2 Dense,20_phi2_dense.mmd,1,Parallel residual MHA + GELU block,f20v01_n032,O Proj,mac,SharedMatrixCore,SharedMatrixCore,OP_PARALLEL_ATTN_FFN,20_phi2_dense_owner_timing_sequence_v5.mmd,20_phi2_dense_owner_timing_sequence_v6.mmd,existing_atlas_repo_grounded,mapped_from_single_block_atlas
20,Phi-2 Dense,20_phi2_dense.mmd,1,Parallel residual MHA + GELU block,f20v01_n021,LayerNorm (MLP),other,NormCore,NormCore,OP_PARALLEL_ATTN_FFN,20_phi2_dense_owner_timing_sequence_v5.mmd,20_phi2_dense_owner_timing_sequence_v6.mmd,existing_atlas_repo_grounded,mapped_from_single_block_atlas
20,Phi-2 Dense,20_phi2_dense.mmd,1,Parallel residual MHA + GELU block,f20v01_n033,fc1,mac,SharedMatrixCore,SharedMatrixCore,OP_PARALLEL_ATTN_FFN,20_phi2_dense_owner_timing_sequence_v5.mmd,20_phi2_dense_owner_timing_sequence_v6.mmd,existing_atlas_repo_grounded,mapped_from_single_block_atlas
20,Phi-2 Dense,20_phi2_dense.mmd,1,Parallel residual MHA + GELU block,f20v01_n034,GELU,other,FeedForwardCore,FeedForwardCore,OP_PARALLEL_ATTN_FFN,20_phi2_dense_owner_timing_sequence_v5.mmd,20_phi2_dense_owner_timing_sequence_v6.mmd,existing_atlas_repo_grounded,mapped_from_single_block_atlas
20,Phi-2 Dense,20_phi2_dense.mmd,1,Parallel residual MHA + GELU block,f20v01_n035,fc2,mac,SharedMatrixCore,SharedMatrixCore,OP_PARALLEL_ATTN_FFN,20_phi2_dense_owner_timing_sequence_v5.mmd,20_phi2_dense_owner_timing_sequence_v6.mmd,existing_atlas_repo_grounded,mapped_from_single_block_atlas
20,Phi-2 Dense,20_phi2_dense.mmd,1,Parallel residual MHA + GELU block,f20v01_n036,+,plus,OutputCommitCore,OutputCommitCore,OP_PARALLEL_ATTN_FFN,20_phi2_dense_owner_timing_sequence_v5.mmd,20_phi2_dense_owner_timing_sequence_v6.mmd,existing_atlas_repo_grounded,mapped_from_single_block_atlas
20,Phi-2 Dense,20_phi2_dense.mmd,1,Parallel residual MHA + GELU block,f20v01_n037,+,plus,OutputCommitCore,OutputCommitCore,OP_PARALLEL_ATTN_FFN,20_phi2_dense_owner_timing_sequence_v5.mmd,20_phi2_dense_owner_timing_sequence_v6.mmd,existing_atlas_repo_grounded,mapped_from_single_block_atlas
20,Phi-2 Dense,20_phi2_dense.mmd,1,Parallel residual MHA + GELU block,f20v01_n038,Block output,output,OutputCommitCore,OutputCommitCore,OP_PARALLEL_ATTN_FFN,20_phi2_dense_owner_timing_sequence_v5.mmd,20_phi2_dense_owner_timing_sequence_v6.mmd,existing_atlas_repo_grounded,mapped_from_single_block_atlas
21,BLOOM Dense,21_bloom_dense.mmd,1,BLOOM pre-LN dense block,f21v01_n019,X,input,ActivationReadDmaCore,ActivationReadDmaCore,OP_INPUT_POSITION,21_bloom_dense_owner_timing_sequence_v5.mmd,21_bloom_dense_owner_timing_sequence_v6.mmd,existing_atlas_repo_grounded,mapped_from_single_block_atlas
21,BLOOM Dense,21_bloom_dense.mmd,1,BLOOM pre-LN dense block,f21v01_n020,Learned absolute position,other,ElementwiseTransformCore,ElementwiseTransformCore,OP_INPUT_POSITION,21_bloom_dense_owner_timing_sequence_v5.mmd,21_bloom_dense_owner_timing_sequence_v6.mmd,existing_atlas_repo_grounded,mapped_from_single_block_atlas
21,BLOOM Dense,21_bloom_dense.mmd,1,BLOOM pre-LN dense block,f21v01_n021,LayerNorm 1,other,NormCore,NormCore,OP_QKV_PROJ,21_bloom_dense_owner_timing_sequence_v5.mmd,21_bloom_dense_owner_timing_sequence_v6.mmd,existing_atlas_repo_grounded,mapped_from_single_block_atlas
21,BLOOM Dense,21_bloom_dense.mmd,1,BLOOM pre-LN dense block,f21v01_n023,Combined QKV Proj,mac,SharedMatrixCore,SharedMatrixCore,OP_QKV_PROJ,21_bloom_dense_owner_timing_sequence_v5.mmd,21_bloom_dense_owner_timing_sequence_v6.mmd,existing_atlas_repo_grounded,mapped_from_single_block_atlas
21,BLOOM Dense,21_bloom_dense.mmd,1,BLOOM pre-LN dense block,f21v01_n024,Split heads,other,ElementwiseTransformCore,ElementwiseTransformCore,OP_QKV_PROJ,21_bloom_dense_owner_timing_sequence_v5.mmd,21_bloom_dense_owner_timing_sequence_v6.mmd,existing_atlas_repo_grounded,mapped_from_single_block_atlas
21,BLOOM Dense,21_bloom_dense.mmd,1,BLOOM pre-LN dense block,f21v01_n025,Q × Kᵀ,mac,SequenceCore,SequenceCore,OP_ATTENTION_OPROJ,21_bloom_dense_owner_timing_sequence_v5.mmd,21_bloom_dense_owner_timing_sequence_v6.mmd,existing_atlas_repo_grounded,mapped_from_single_block_atlas
21,BLOOM Dense,21_bloom_dense.mmd,1,BLOOM pre-LN dense block,f21v01_n026,Softmax FP32,other,SequenceCore,SequenceCore,OP_ATTENTION_OPROJ,21_bloom_dense_owner_timing_sequence_v5.mmd,21_bloom_dense_owner_timing_sequence_v6.mmd,existing_atlas_repo_grounded,mapped_from_single_block_atlas
21,BLOOM Dense,21_bloom_dense.mmd,1,BLOOM pre-LN dense block,f21v01_n027,P × V,mac,SequenceCore,SequenceCore,OP_ATTENTION_OPROJ,21_bloom_dense_owner_timing_sequence_v5.mmd,21_bloom_dense_owner_timing_sequence_v6.mmd,existing_atlas_repo_grounded,mapped_from_single_block_atlas
21,BLOOM Dense,21_bloom_dense.mmd,1,BLOOM pre-LN dense block,f21v01_n028,Output Proj,mac,SharedMatrixCore,SharedMatrixCore,OP_ATTENTION_OPROJ,21_bloom_dense_owner_timing_sequence_v5.mmd,21_bloom_dense_owner_timing_sequence_v6.mmd,existing_atlas_repo_grounded,mapped_from_single_block_atlas
21,BLOOM Dense,21_bloom_dense.mmd,1,BLOOM pre-LN dense block,f21v01_n029,+,plus,OutputCommitCore,OutputCommitCore,OP_ATTENTION_OPROJ,21_bloom_dense_owner_timing_sequence_v5.mmd,21_bloom_dense_owner_timing_sequence_v6.mmd,existing_atlas_repo_grounded,mapped_from_single_block_atlas
21,BLOOM Dense,21_bloom_dense.mmd,1,BLOOM pre-LN dense block,f21v01_n030,X + Attention,output,OutputCommitCore,OutputCommitCore,OP_ATTENTION_OPROJ,21_bloom_dense_owner_timing_sequence_v5.mmd,21_bloom_dense_owner_timing_sequence_v6.mmd,existing_atlas_repo_grounded,mapped_from_single_block_atlas
21,BLOOM Dense,21_bloom_dense.mmd,1,BLOOM pre-LN dense block,f21v01_n031,LayerNorm 2,other,NormCore,NormCore,OP_FFN,21_bloom_dense_owner_timing_sequence_v5.mmd,21_bloom_dense_owner_timing_sequence_v6.mmd,existing_atlas_repo_grounded,mapped_from_single_block_atlas
21,BLOOM Dense,21_bloom_dense.mmd,1,BLOOM pre-LN dense block,f21v01_n033,fc1,mac,SharedMatrixCore,SharedMatrixCore,OP_FFN,21_bloom_dense_owner_timing_sequence_v5.mmd,21_bloom_dense_owner_timing_sequence_v6.mmd,existing_atlas_repo_grounded,mapped_from_single_block_atlas
21,BLOOM Dense,21_bloom_dense.mmd,1,BLOOM pre-LN dense block,f21v01_n034,GELU,other,FeedForwardCore,FeedForwardCore,OP_FFN,21_bloom_dense_owner_timing_sequence_v5.mmd,21_bloom_dense_owner_timing_sequence_v6.mmd,existing_atlas_repo_grounded,mapped_from_single_block_atlas
21,BLOOM Dense,21_bloom_dense.mmd,1,BLOOM pre-LN dense block,f21v01_n035,fc2,mac,SharedMatrixCore,SharedMatrixCore,OP_FFN,21_bloom_dense_owner_timing_sequence_v5.mmd,21_bloom_dense_owner_timing_sequence_v6.mmd,existing_atlas_repo_grounded,mapped_from_single_block_atlas
21,BLOOM Dense,21_bloom_dense.mmd,1,BLOOM pre-LN dense block,f21v01_n036,+,plus,OutputCommitCore,OutputCommitCore,OP_FFN,21_bloom_dense_owner_timing_sequence_v5.mmd,21_bloom_dense_owner_timing_sequence_v6.mmd,existing_atlas_repo_grounded,mapped_from_single_block_atlas
21,BLOOM Dense,21_bloom_dense.mmd,1,BLOOM pre-LN dense block,f21v01_n037,Block output,output,OutputCommitCore,OutputCommitCore,OP_FFN,21_bloom_dense_owner_timing_sequence_v5.mmd,21_bloom_dense_owner_timing_sequence_v6.mmd,existing_atlas_repo_grounded,mapped_from_single_block_atlas
22,OpenELM Dense,22_openelm_dense.mmd,1,Compact GQA + SwiGLU block,f22v01_n019,X,input,ActivationReadDmaCore,ActivationReadDmaCore,OP_K_PROJ,22_openelm_dense_owner_timing_sequence_v5.mmd,22_openelm_dense_owner_timing_sequence_v6.mmd,existing_atlas_repo_grounded,mapped_from_single_block_atlas
22,OpenELM Dense,22_openelm_dense.mmd,1,Compact GQA + SwiGLU block,f22v01_n020,RMSNorm 1,other,NormCore,NormCore,OP_K_PROJ,22_openelm_dense_owner_timing_sequence_v5.mmd,22_openelm_dense_owner_timing_sequence_v6.mmd,existing_atlas_repo_grounded,mapped_from_single_block_atlas
22,OpenELM Dense,22_openelm_dense.mmd,1,Compact GQA + SwiGLU block,f22v01_n022,K Proj,mac,SharedMatrixCore,SharedMatrixCore,OP_K_PROJ,22_openelm_dense_owner_timing_sequence_v5.mmd,22_openelm_dense_owner_timing_sequence_v6.mmd,existing_atlas_repo_grounded,mapped_from_single_block_atlas
22,OpenELM Dense,22_openelm_dense.mmd,1,Compact GQA + SwiGLU block,f22v01_n025,RoPE,other,ElementwiseTransformCore,ElementwiseTransformCore,OP_K_PROJ,22_openelm_dense_owner_timing_sequence_v5.mmd,22_openelm_dense_owner_timing_sequence_v6.mmd,existing_atlas_repo_grounded,mapped_from_single_block_atlas
22,OpenELM Dense,22_openelm_dense.mmd,1,Compact GQA + SwiGLU block,f22v01_n027,K cache,state,KVStateCore,KVStateCore,OP_K_PROJ,22_openelm_dense_owner_timing_sequence_v5.mmd,22_openelm_dense_owner_timing_sequence_v6.mmd,existing_atlas_repo_grounded,mapped_from_single_block_atlas
22,OpenELM Dense,22_openelm_dense.mmd,1,Compact GQA + SwiGLU block,f22v01_n024,V Proj,mac,SharedMatrixCore,SharedMatrixCore,OP_V_PROJ,22_openelm_dense_owner_timing_sequence_v5.mmd,22_openelm_dense_owner_timing_sequence_v6.mmd,existing_atlas_repo_grounded,mapped_from_single_block_atlas
22,OpenELM Dense,22_openelm_dense.mmd,1,Compact GQA + SwiGLU block,f22v01_n028,V cache,state,KVStateCore,KVStateCore,OP_V_PROJ,22_openelm_dense_owner_timing_sequence_v5.mmd,22_openelm_dense_owner_timing_sequence_v6.mmd,existing_atlas_repo_grounded,mapped_from_single_block_atlas
22,OpenELM Dense,22_openelm_dense.mmd,1,Compact GQA + SwiGLU block,f22v01_n023,Q Proj,mac,SharedMatrixCore,SharedMatrixCore,OP_Q_PROJ,22_openelm_dense_owner_timing_sequence_v5.mmd,22_openelm_dense_owner_timing_sequence_v6.mmd,existing_atlas_repo_grounded,mapped_from_single_block_atlas
22,OpenELM Dense,22_openelm_dense.mmd,1,Compact GQA + SwiGLU block,f22v01_n026,RoPE,other,ElementwiseTransformCore,ElementwiseTransformCore,OP_Q_PROJ,22_openelm_dense_owner_timing_sequence_v5.mmd,22_openelm_dense_owner_timing_sequence_v6.mmd,existing_atlas_repo_grounded,mapped_from_single_block_atlas
22,OpenELM Dense,22_openelm_dense.mmd,1,Compact GQA + SwiGLU block,f22v01_n029,K head repeat ×4,other,SequenceCore,SequenceCore,OP_ATTENTION_OPROJ,22_openelm_dense_owner_timing_sequence_v5.mmd,22_openelm_dense_owner_timing_sequence_v6.mmd,existing_atlas_repo_grounded,mapped_from_single_block_atlas
22,OpenELM Dense,22_openelm_dense.mmd,1,Compact GQA + SwiGLU block,f22v01_n030,V head repeat ×4,other,SequenceCore,SequenceCore,OP_ATTENTION_OPROJ,22_openelm_dense_owner_timing_sequence_v5.mmd,22_openelm_dense_owner_timing_sequence_v6.mmd,existing_atlas_repo_grounded,mapped_from_single_block_atlas
22,OpenELM Dense,22_openelm_dense.mmd,1,Compact GQA + SwiGLU block,f22v01_n031,Q × Kᵀ,mac,SequenceCore,SequenceCore,OP_ATTENTION_OPROJ,22_openelm_dense_owner_timing_sequence_v5.mmd,22_openelm_dense_owner_timing_sequence_v6.mmd,existing_atlas_repo_grounded,mapped_from_single_block_atlas
22,OpenELM Dense,22_openelm_dense.mmd,1,Compact GQA + SwiGLU block,f22v01_n032,Softmax FP32,other,SequenceCore,SequenceCore,OP_ATTENTION_OPROJ,22_openelm_dense_owner_timing_sequence_v5.mmd,22_openelm_dense_owner_timing_sequence_v6.mmd,existing_atlas_repo_grounded,mapped_from_single_block_atlas
22,OpenELM Dense,22_openelm_dense.mmd,1,Compact GQA + SwiGLU block,f22v01_n033,P × V,mac,SequenceCore,SequenceCore,OP_ATTENTION_OPROJ,22_openelm_dense_owner_timing_sequence_v5.mmd,22_openelm_dense_owner_timing_sequence_v6.mmd,existing_atlas_repo_grounded,mapped_from_single_block_atlas
22,OpenELM Dense,22_openelm_dense.mmd,1,Compact GQA + SwiGLU block,f22v01_n034,O Proj,mac,SharedMatrixCore,SharedMatrixCore,OP_ATTENTION_OPROJ,22_openelm_dense_owner_timing_sequence_v5.mmd,22_openelm_dense_owner_timing_sequence_v6.mmd,existing_atlas_repo_grounded,mapped_from_single_block_atlas
22,OpenELM Dense,22_openelm_dense.mmd,1,Compact GQA + SwiGLU block,f22v01_n035,+,plus,OutputCommitCore,OutputCommitCore,OP_ATTENTION_OPROJ,22_openelm_dense_owner_timing_sequence_v5.mmd,22_openelm_dense_owner_timing_sequence_v6.mmd,existing_atlas_repo_grounded,mapped_from_single_block_atlas
22,OpenELM Dense,22_openelm_dense.mmd,1,Compact GQA + SwiGLU block,f22v01_n036,X + Attention,output,OutputCommitCore,OutputCommitCore,OP_ATTENTION_OPROJ,22_openelm_dense_owner_timing_sequence_v5.mmd,22_openelm_dense_owner_timing_sequence_v6.mmd,existing_atlas_repo_grounded,mapped_from_single_block_atlas
22,OpenELM Dense,22_openelm_dense.mmd,1,Compact GQA + SwiGLU block,f22v01_n037,RMSNorm 2,other,NormCore,NormCore,OP_FFN,22_openelm_dense_owner_timing_sequence_v5.mmd,22_openelm_dense_owner_timing_sequence_v6.mmd,existing_atlas_repo_grounded,mapped_from_single_block_atlas
22,OpenELM Dense,22_openelm_dense.mmd,1,Compact GQA + SwiGLU block,f22v01_n039,gate_proj,mac,SharedMatrixCore,SharedMatrixCore,OP_FFN,22_openelm_dense_owner_timing_sequence_v5.mmd,22_openelm_dense_owner_timing_sequence_v6.mmd,existing_atlas_repo_grounded,mapped_from_single_block_atlas
22,OpenELM Dense,22_openelm_dense.mmd,1,Compact GQA + SwiGLU block,f22v01_n040,up_proj,mac,SharedMatrixCore,SharedMatrixCore,OP_FFN,22_openelm_dense_owner_timing_sequence_v5.mmd,22_openelm_dense_owner_timing_sequence_v6.mmd,existing_atlas_repo_grounded,mapped_from_single_block_atlas
22,OpenELM Dense,22_openelm_dense.mmd,1,Compact GQA + SwiGLU block,f22v01_n041,SiLU,other,FeedForwardCore,SharedMatrixCore,OP_FFN,22_openelm_dense_owner_timing_sequence_v5.mmd,22_openelm_dense_owner_timing_sequence_v6.mmd,existing_atlas_repo_grounded,current_fused_MlpSiluLane32Core
22,OpenELM Dense,22_openelm_dense.mmd,1,Compact GQA + SwiGLU block,f22v01_n042,Elementwise gate,other,FeedForwardCore,SharedMatrixCore,OP_FFN,22_openelm_dense_owner_timing_sequence_v5.mmd,22_openelm_dense_owner_timing_sequence_v6.mmd,existing_atlas_repo_grounded,current_fused_MlpSiluLane32Core
22,OpenELM Dense,22_openelm_dense.mmd,1,Compact GQA + SwiGLU block,f22v01_n043,down_proj,mac,SharedMatrixCore,SharedMatrixCore,OP_FFN,22_openelm_dense_owner_timing_sequence_v5.mmd,22_openelm_dense_owner_timing_sequence_v6.mmd,existing_atlas_repo_grounded,mapped_from_single_block_atlas
22,OpenELM Dense,22_openelm_dense.mmd,1,Compact GQA + SwiGLU block,f22v01_n044,+,plus,OutputCommitCore,OutputCommitCore,OP_FFN,22_openelm_dense_owner_timing_sequence_v5.mmd,22_openelm_dense_owner_timing_sequence_v6.mmd,existing_atlas_repo_grounded,mapped_from_single_block_atlas
22,OpenELM Dense,22_openelm_dense.mmd,1,Compact GQA + SwiGLU block,f22v01_n045,Block output,output,OutputCommitCore,OutputCommitCore,OP_FFN,22_openelm_dense_owner_timing_sequence_v5.mmd,22_openelm_dense_owner_timing_sequence_v6.mmd,existing_atlas_repo_grounded,mapped_from_single_block_atlas
23,PowerMoE,23_powermoe.mmd,1,Attention + sparse MoE block,f23v01_n019,X,input,ActivationReadDmaCore,ActivationReadDmaCore,OP_K_PROJ,23_powermoe_owner_timing_sequence_v5.mmd,23_powermoe_owner_timing_sequence_v6.mmd,existing_atlas_repo_grounded,mapped_from_single_block_atlas
23,PowerMoE,23_powermoe.mmd,1,Attention + sparse MoE block,f23v01_n020,RMSNorm 1,other,NormCore,NormCore,OP_K_PROJ,23_powermoe_owner_timing_sequence_v5.mmd,23_powermoe_owner_timing_sequence_v6.mmd,existing_atlas_repo_grounded,mapped_from_single_block_atlas
23,PowerMoE,23_powermoe.mmd,1,Attention + sparse MoE block,f23v01_n022,K Proj,mac,SharedMatrixCore,SharedMatrixCore,OP_K_PROJ,23_powermoe_owner_timing_sequence_v5.mmd,23_powermoe_owner_timing_sequence_v6.mmd,existing_atlas_repo_grounded,mapped_from_single_block_atlas
23,PowerMoE,23_powermoe.mmd,1,Attention + sparse MoE block,f23v01_n025,RoPE,other,ElementwiseTransformCore,ElementwiseTransformCore,OP_K_PROJ,23_powermoe_owner_timing_sequence_v5.mmd,23_powermoe_owner_timing_sequence_v6.mmd,existing_atlas_repo_grounded,mapped_from_single_block_atlas
23,PowerMoE,23_powermoe.mmd,1,Attention + sparse MoE block,f23v01_n027,K cache,state,KVStateCore,KVStateCore,OP_K_PROJ,23_powermoe_owner_timing_sequence_v5.mmd,23_powermoe_owner_timing_sequence_v6.mmd,existing_atlas_repo_grounded,mapped_from_single_block_atlas
23,PowerMoE,23_powermoe.mmd,1,Attention + sparse MoE block,f23v01_n024,V Proj,mac,SharedMatrixCore,SharedMatrixCore,OP_V_PROJ,23_powermoe_owner_timing_sequence_v5.mmd,23_powermoe_owner_timing_sequence_v6.mmd,existing_atlas_repo_grounded,mapped_from_single_block_atlas
23,PowerMoE,23_powermoe.mmd,1,Attention + sparse MoE block,f23v01_n028,V cache,state,KVStateCore,KVStateCore,OP_V_PROJ,23_powermoe_owner_timing_sequence_v5.mmd,23_powermoe_owner_timing_sequence_v6.mmd,existing_atlas_repo_grounded,mapped_from_single_block_atlas
23,PowerMoE,23_powermoe.mmd,1,Attention + sparse MoE block,f23v01_n023,Q Proj,mac,SharedMatrixCore,SharedMatrixCore,OP_Q_PROJ,23_powermoe_owner_timing_sequence_v5.mmd,23_powermoe_owner_timing_sequence_v6.mmd,existing_atlas_repo_grounded,mapped_from_single_block_atlas
23,PowerMoE,23_powermoe.mmd,1,Attention + sparse MoE block,f23v01_n026,RoPE,other,ElementwiseTransformCore,ElementwiseTransformCore,OP_Q_PROJ,23_powermoe_owner_timing_sequence_v5.mmd,23_powermoe_owner_timing_sequence_v6.mmd,existing_atlas_repo_grounded,mapped_from_single_block_atlas
23,PowerMoE,23_powermoe.mmd,1,Attention + sparse MoE block,f23v01_n029,K head repeat ×4,other,SequenceCore,SequenceCore,OP_ATTENTION_OPROJ,23_powermoe_owner_timing_sequence_v5.mmd,23_powermoe_owner_timing_sequence_v6.mmd,existing_atlas_repo_grounded,mapped_from_single_block_atlas
23,PowerMoE,23_powermoe.mmd,1,Attention + sparse MoE block,f23v01_n030,V head repeat ×4,other,SequenceCore,SequenceCore,OP_ATTENTION_OPROJ,23_powermoe_owner_timing_sequence_v5.mmd,23_powermoe_owner_timing_sequence_v6.mmd,existing_atlas_repo_grounded,mapped_from_single_block_atlas
23,PowerMoE,23_powermoe.mmd,1,Attention + sparse MoE block,f23v01_n031,Q × Kᵀ,mac,SequenceCore,SequenceCore,OP_ATTENTION_OPROJ,23_powermoe_owner_timing_sequence_v5.mmd,23_powermoe_owner_timing_sequence_v6.mmd,existing_atlas_repo_grounded,mapped_from_single_block_atlas
23,PowerMoE,23_powermoe.mmd,1,Attention + sparse MoE block,f23v01_n032,Softmax FP32,other,SequenceCore,SequenceCore,OP_ATTENTION_OPROJ,23_powermoe_owner_timing_sequence_v5.mmd,23_powermoe_owner_timing_sequence_v6.mmd,existing_atlas_repo_grounded,mapped_from_single_block_atlas
23,PowerMoE,23_powermoe.mmd,1,Attention + sparse MoE block,f23v01_n033,P × V,mac,SequenceCore,SequenceCore,OP_ATTENTION_OPROJ,23_powermoe_owner_timing_sequence_v5.mmd,23_powermoe_owner_timing_sequence_v6.mmd,existing_atlas_repo_grounded,mapped_from_single_block_atlas
23,PowerMoE,23_powermoe.mmd,1,Attention + sparse MoE block,f23v01_n034,O Proj,mac,SharedMatrixCore,SharedMatrixCore,OP_ATTENTION_OPROJ,23_powermoe_owner_timing_sequence_v5.mmd,23_powermoe_owner_timing_sequence_v6.mmd,existing_atlas_repo_grounded,mapped_from_single_block_atlas
23,PowerMoE,23_powermoe.mmd,1,Attention + sparse MoE block,f23v01_n035,+,plus,OutputCommitCore,OutputCommitCore,OP_ATTENTION_OPROJ,23_powermoe_owner_timing_sequence_v5.mmd,23_powermoe_owner_timing_sequence_v6.mmd,existing_atlas_repo_grounded,mapped_from_single_block_atlas
23,PowerMoE,23_powermoe.mmd,1,Attention + sparse MoE block,f23v01_n036,X + Attention,output,OutputCommitCore,OutputCommitCore,OP_ATTENTION_OPROJ,23_powermoe_owner_timing_sequence_v5.mmd,23_powermoe_owner_timing_sequence_v6.mmd,existing_atlas_repo_grounded,mapped_from_single_block_atlas
23,PowerMoE,23_powermoe.mmd,1,Attention + sparse MoE block,f23v01_n037,RMSNorm 2,other,NormCore,NormCore,OP_MOE,23_powermoe_owner_timing_sequence_v5.mmd,23_powermoe_owner_timing_sequence_v6.mmd,existing_atlas_repo_grounded,mapped_from_single_block_atlas
23,PowerMoE,23_powermoe.mmd,1,Attention + sparse MoE block,f23v01_n039,Router projection,mac,SharedMatrixCore,SharedMatrixCore,OP_MOE,23_powermoe_owner_timing_sequence_v5.mmd,23_powermoe_owner_timing_sequence_v6.mmd,existing_atlas_repo_grounded,mapped_from_single_block_atlas
23,PowerMoE,23_powermoe.mmd,1,Attention + sparse MoE block,f23v01_n040,Router scoring,other,FeedForwardCore,FeedForwardCore,OP_MOE,23_powermoe_owner_timing_sequence_v5.mmd,23_powermoe_owner_timing_sequence_v6.mmd,existing_atlas_repo_grounded,mapped_from_single_block_atlas
23,PowerMoE,23_powermoe.mmd,1,Attention + sparse MoE block,f23v01_n041,Top-4 + renorm,other,FeedForwardCore,FeedForwardCore,OP_MOE,23_powermoe_owner_timing_sequence_v5.mmd,23_powermoe_owner_timing_sequence_v6.mmd,existing_atlas_repo_grounded,mapped_from_single_block_atlas
23,PowerMoE,23_powermoe.mmd,1,Attention + sparse MoE block,f23v01_n042,Dispatch / gather,other,FeedForwardCore,FeedForwardCore,OP_MOE,23_powermoe_owner_timing_sequence_v5.mmd,23_powermoe_owner_timing_sequence_v6.mmd,existing_atlas_repo_grounded,mapped_from_single_block_atlas
23,PowerMoE,23_powermoe.mmd,1,Attention + sparse MoE block,f23v01_n043,gate_proj,mac,SharedMatrixCore,SharedMatrixCore,OP_MOE,23_powermoe_owner_timing_sequence_v5.mmd,23_powermoe_owner_timing_sequence_v6.mmd,existing_atlas_repo_grounded,mapped_from_single_block_atlas
23,PowerMoE,23_powermoe.mmd,1,Attention + sparse MoE block,f23v01_n044,up_proj,mac,SharedMatrixCore,SharedMatrixCore,OP_MOE,23_powermoe_owner_timing_sequence_v5.mmd,23_powermoe_owner_timing_sequence_v6.mmd,existing_atlas_repo_grounded,mapped_from_single_block_atlas
23,PowerMoE,23_powermoe.mmd,1,Attention + sparse MoE block,f23v01_n045,SiLU,other,FeedForwardCore,FeedForwardCore,OP_MOE,23_powermoe_owner_timing_sequence_v5.mmd,23_powermoe_owner_timing_sequence_v6.mmd,existing_atlas_repo_grounded,mapped_from_single_block_atlas
23,PowerMoE,23_powermoe.mmd,1,Attention + sparse MoE block,f23v01_n046,Elementwise gate,other,FeedForwardCore,FeedForwardCore,OP_MOE,23_powermoe_owner_timing_sequence_v5.mmd,23_powermoe_owner_timing_sequence_v6.mmd,existing_atlas_repo_grounded,mapped_from_single_block_atlas
23,PowerMoE,23_powermoe.mmd,1,Attention + sparse MoE block,f23v01_n047,down_proj,mac,SharedMatrixCore,SharedMatrixCore,OP_MOE,23_powermoe_owner_timing_sequence_v5.mmd,23_powermoe_owner_timing_sequence_v6.mmd,existing_atlas_repo_grounded,mapped_from_single_block_atlas
23,PowerMoE,23_powermoe.mmd,1,Attention + sparse MoE block,f23v01_n048,Expert weighting,other,FeedForwardCore,FeedForwardCore,OP_MOE,23_powermoe_owner_timing_sequence_v5.mmd,23_powermoe_owner_timing_sequence_v6.mmd,existing_atlas_repo_grounded,mapped_from_single_block_atlas
23,PowerMoE,23_powermoe.mmd,1,Attention + sparse MoE block,f23v01_n049,Scatter / weighted reduce,other,FeedForwardCore,FeedForwardCore,OP_MOE,23_powermoe_owner_timing_sequence_v5.mmd,23_powermoe_owner_timing_sequence_v6.mmd,existing_atlas_repo_grounded,mapped_from_single_block_atlas
23,PowerMoE,23_powermoe.mmd,1,Attention + sparse MoE block,f23v01_n050,+,plus,OutputCommitCore,OutputCommitCore,OP_MOE,23_powermoe_owner_timing_sequence_v5.mmd,23_powermoe_owner_timing_sequence_v6.mmd,existing_atlas_repo_grounded,mapped_from_single_block_atlas
23,PowerMoE,23_powermoe.mmd,1,Attention + sparse MoE block,f23v01_n051,Block output,output,OutputCommitCore,OutputCommitCore,OP_MOE,23_powermoe_owner_timing_sequence_v5.mmd,23_powermoe_owner_timing_sequence_v6.mmd,existing_atlas_repo_grounded,mapped_from_single_block_atlas
24,Nemotron 3 Hybrid MoE,24_nemotron3_hybrid_moe.mmd,1,Representative long-context attention + routed/shared MoE block,f24v01_n019,X,input,ActivationReadDmaCore,ActivationReadDmaCore,OP_K_PROJ,24_nemotron3_hybrid_moe_owner_timing_sequence_v5.mmd,24_nemotron3_hybrid_moe_owner_timing_sequence_v6.mmd,existing_atlas_repo_grounded,mapped_from_single_block_atlas
24,Nemotron 3 Hybrid MoE,24_nemotron3_hybrid_moe.mmd,1,Representative long-context attention + routed/shared MoE block,f24v01_n020,RMSNorm 1,other,NormCore,NormCore,OP_K_PROJ,24_nemotron3_hybrid_moe_owner_timing_sequence_v5.mmd,24_nemotron3_hybrid_moe_owner_timing_sequence_v6.mmd,existing_atlas_repo_grounded,mapped_from_single_block_atlas
24,Nemotron 3 Hybrid MoE,24_nemotron3_hybrid_moe.mmd,1,Representative long-context attention + routed/shared MoE block,f24v01_n022,K Proj,mac,SharedMatrixCore,SharedMatrixCore,OP_K_PROJ,24_nemotron3_hybrid_moe_owner_timing_sequence_v5.mmd,24_nemotron3_hybrid_moe_owner_timing_sequence_v6.mmd,existing_atlas_repo_grounded,mapped_from_single_block_atlas
24,Nemotron 3 Hybrid MoE,24_nemotron3_hybrid_moe.mmd,1,Representative long-context attention + routed/shared MoE block,f24v01_n025,RoPE,other,ElementwiseTransformCore,ElementwiseTransformCore,OP_K_PROJ,24_nemotron3_hybrid_moe_owner_timing_sequence_v5.mmd,24_nemotron3_hybrid_moe_owner_timing_sequence_v6.mmd,existing_atlas_repo_grounded,mapped_from_single_block_atlas
24,Nemotron 3 Hybrid MoE,24_nemotron3_hybrid_moe.mmd,1,Representative long-context attention + routed/shared MoE block,f24v01_n027,K cache,state,KVStateCore,KVStateCore,OP_K_PROJ,24_nemotron3_hybrid_moe_owner_timing_sequence_v5.mmd,24_nemotron3_hybrid_moe_owner_timing_sequence_v6.mmd,existing_atlas_repo_grounded,mapped_from_single_block_atlas
24,Nemotron 3 Hybrid MoE,24_nemotron3_hybrid_moe.mmd,1,Representative long-context attention + routed/shared MoE block,f24v01_n024,V Proj,mac,SharedMatrixCore,SharedMatrixCore,OP_V_PROJ,24_nemotron3_hybrid_moe_owner_timing_sequence_v5.mmd,24_nemotron3_hybrid_moe_owner_timing_sequence_v6.mmd,existing_atlas_repo_grounded,mapped_from_single_block_atlas
24,Nemotron 3 Hybrid MoE,24_nemotron3_hybrid_moe.mmd,1,Representative long-context attention + routed/shared MoE block,f24v01_n028,V cache,state,KVStateCore,KVStateCore,OP_V_PROJ,24_nemotron3_hybrid_moe_owner_timing_sequence_v5.mmd,24_nemotron3_hybrid_moe_owner_timing_sequence_v6.mmd,existing_atlas_repo_grounded,mapped_from_single_block_atlas
24,Nemotron 3 Hybrid MoE,24_nemotron3_hybrid_moe.mmd,1,Representative long-context attention + routed/shared MoE block,f24v01_n023,Q Proj,mac,SharedMatrixCore,SharedMatrixCore,OP_Q_PROJ,24_nemotron3_hybrid_moe_owner_timing_sequence_v5.mmd,24_nemotron3_hybrid_moe_owner_timing_sequence_v6.mmd,existing_atlas_repo_grounded,mapped_from_single_block_atlas
24,Nemotron 3 Hybrid MoE,24_nemotron3_hybrid_moe.mmd,1,Representative long-context attention + routed/shared MoE block,f24v01_n026,RoPE,other,ElementwiseTransformCore,ElementwiseTransformCore,OP_Q_PROJ,24_nemotron3_hybrid_moe_owner_timing_sequence_v5.mmd,24_nemotron3_hybrid_moe_owner_timing_sequence_v6.mmd,existing_atlas_repo_grounded,mapped_from_single_block_atlas
24,Nemotron 3 Hybrid MoE,24_nemotron3_hybrid_moe.mmd,1,Representative long-context attention + routed/shared MoE block,f24v01_n029,K head repeat ×4,other,SequenceCore,SequenceCore,OP_ATTENTION_OPROJ,24_nemotron3_hybrid_moe_owner_timing_sequence_v5.mmd,24_nemotron3_hybrid_moe_owner_timing_sequence_v6.mmd,existing_atlas_repo_grounded,mapped_from_single_block_atlas
24,Nemotron 3 Hybrid MoE,24_nemotron3_hybrid_moe.mmd,1,Representative long-context attention + routed/shared MoE block,f24v01_n030,V head repeat ×4,other,SequenceCore,SequenceCore,OP_ATTENTION_OPROJ,24_nemotron3_hybrid_moe_owner_timing_sequence_v5.mmd,24_nemotron3_hybrid_moe_owner_timing_sequence_v6.mmd,existing_atlas_repo_grounded,mapped_from_single_block_atlas
24,Nemotron 3 Hybrid MoE,24_nemotron3_hybrid_moe.mmd,1,Representative long-context attention + routed/shared MoE block,f24v01_n031,Q × Kᵀ,mac,SequenceCore,SequenceCore,OP_ATTENTION_OPROJ,24_nemotron3_hybrid_moe_owner_timing_sequence_v5.mmd,24_nemotron3_hybrid_moe_owner_timing_sequence_v6.mmd,existing_atlas_repo_grounded,mapped_from_single_block_atlas
24,Nemotron 3 Hybrid MoE,24_nemotron3_hybrid_moe.mmd,1,Representative long-context attention + routed/shared MoE block,f24v01_n032,Long-Context Softmax FP32,other,SequenceCore,SequenceCore,OP_ATTENTION_OPROJ,24_nemotron3_hybrid_moe_owner_timing_sequence_v5.mmd,24_nemotron3_hybrid_moe_owner_timing_sequence_v6.mmd,existing_atlas_repo_grounded,mapped_from_single_block_atlas
24,Nemotron 3 Hybrid MoE,24_nemotron3_hybrid_moe.mmd,1,Representative long-context attention + routed/shared MoE block,f24v01_n033,P × V,mac,SequenceCore,SequenceCore,OP_ATTENTION_OPROJ,24_nemotron3_hybrid_moe_owner_timing_sequence_v5.mmd,24_nemotron3_hybrid_moe_owner_timing_sequence_v6.mmd,existing_atlas_repo_grounded,mapped_from_single_block_atlas
24,Nemotron 3 Hybrid MoE,24_nemotron3_hybrid_moe.mmd,1,Representative long-context attention + routed/shared MoE block,f24v01_n034,O Proj,mac,SharedMatrixCore,SharedMatrixCore,OP_ATTENTION_OPROJ,24_nemotron3_hybrid_moe_owner_timing_sequence_v5.mmd,24_nemotron3_hybrid_moe_owner_timing_sequence_v6.mmd,existing_atlas_repo_grounded,mapped_from_single_block_atlas
24,Nemotron 3 Hybrid MoE,24_nemotron3_hybrid_moe.mmd,1,Representative long-context attention + routed/shared MoE block,f24v01_n035,+,plus,OutputCommitCore,OutputCommitCore,OP_ATTENTION_OPROJ,24_nemotron3_hybrid_moe_owner_timing_sequence_v5.mmd,24_nemotron3_hybrid_moe_owner_timing_sequence_v6.mmd,existing_atlas_repo_grounded,mapped_from_single_block_atlas
24,Nemotron 3 Hybrid MoE,24_nemotron3_hybrid_moe.mmd,1,Representative long-context attention + routed/shared MoE block,f24v01_n036,X + Attention,output,OutputCommitCore,OutputCommitCore,OP_ATTENTION_OPROJ,24_nemotron3_hybrid_moe_owner_timing_sequence_v5.mmd,24_nemotron3_hybrid_moe_owner_timing_sequence_v6.mmd,existing_atlas_repo_grounded,mapped_from_single_block_atlas
24,Nemotron 3 Hybrid MoE,24_nemotron3_hybrid_moe.mmd,1,Representative long-context attention + routed/shared MoE block,f24v01_n037,RMSNorm 2,other,NormCore,NormCore,OP_MOE,24_nemotron3_hybrid_moe_owner_timing_sequence_v5.mmd,24_nemotron3_hybrid_moe_owner_timing_sequence_v6.mmd,existing_atlas_repo_grounded,mapped_from_single_block_atlas
24,Nemotron 3 Hybrid MoE,24_nemotron3_hybrid_moe.mmd,1,Representative long-context attention + routed/shared MoE block,f24v01_n039,Router projection,mac,SharedMatrixCore,SharedMatrixCore,OP_MOE,24_nemotron3_hybrid_moe_owner_timing_sequence_v5.mmd,24_nemotron3_hybrid_moe_owner_timing_sequence_v6.mmd,existing_atlas_repo_grounded,mapped_from_single_block_atlas
24,Nemotron 3 Hybrid MoE,24_nemotron3_hybrid_moe.mmd,1,Representative long-context attention + routed/shared MoE block,f24v01_n040,Router scoring,other,FeedForwardCore,FeedForwardCore,OP_MOE,24_nemotron3_hybrid_moe_owner_timing_sequence_v5.mmd,24_nemotron3_hybrid_moe_owner_timing_sequence_v6.mmd,existing_atlas_repo_grounded,mapped_from_single_block_atlas
24,Nemotron 3 Hybrid MoE,24_nemotron3_hybrid_moe.mmd,1,Representative long-context attention + routed/shared MoE block,f24v01_n041,Top-8 + renorm,other,FeedForwardCore,FeedForwardCore,OP_MOE,24_nemotron3_hybrid_moe_owner_timing_sequence_v5.mmd,24_nemotron3_hybrid_moe_owner_timing_sequence_v6.mmd,existing_atlas_repo_grounded,mapped_from_single_block_atlas
24,Nemotron 3 Hybrid MoE,24_nemotron3_hybrid_moe.mmd,1,Representative long-context attention + routed/shared MoE block,f24v01_n042,Dispatch / gather,other,FeedForwardCore,FeedForwardCore,OP_MOE,24_nemotron3_hybrid_moe_owner_timing_sequence_v5.mmd,24_nemotron3_hybrid_moe_owner_timing_sequence_v6.mmd,existing_atlas_repo_grounded,mapped_from_single_block_atlas
24,Nemotron 3 Hybrid MoE,24_nemotron3_hybrid_moe.mmd,1,Representative long-context attention + routed/shared MoE block,f24v01_n043,gate_proj,mac,SharedMatrixCore,SharedMatrixCore,OP_MOE,24_nemotron3_hybrid_moe_owner_timing_sequence_v5.mmd,24_nemotron3_hybrid_moe_owner_timing_sequence_v6.mmd,existing_atlas_repo_grounded,mapped_from_single_block_atlas
24,Nemotron 3 Hybrid MoE,24_nemotron3_hybrid_moe.mmd,1,Representative long-context attention + routed/shared MoE block,f24v01_n044,up_proj,mac,SharedMatrixCore,SharedMatrixCore,OP_MOE,24_nemotron3_hybrid_moe_owner_timing_sequence_v5.mmd,24_nemotron3_hybrid_moe_owner_timing_sequence_v6.mmd,existing_atlas_repo_grounded,mapped_from_single_block_atlas
24,Nemotron 3 Hybrid MoE,24_nemotron3_hybrid_moe.mmd,1,Representative long-context attention + routed/shared MoE block,f24v01_n045,SiLU,other,FeedForwardCore,FeedForwardCore,OP_MOE,24_nemotron3_hybrid_moe_owner_timing_sequence_v5.mmd,24_nemotron3_hybrid_moe_owner_timing_sequence_v6.mmd,existing_atlas_repo_grounded,mapped_from_single_block_atlas
24,Nemotron 3 Hybrid MoE,24_nemotron3_hybrid_moe.mmd,1,Representative long-context attention + routed/shared MoE block,f24v01_n046,Elementwise gate,other,FeedForwardCore,FeedForwardCore,OP_MOE,24_nemotron3_hybrid_moe_owner_timing_sequence_v5.mmd,24_nemotron3_hybrid_moe_owner_timing_sequence_v6.mmd,existing_atlas_repo_grounded,mapped_from_single_block_atlas
24,Nemotron 3 Hybrid MoE,24_nemotron3_hybrid_moe.mmd,1,Representative long-context attention + routed/shared MoE block,f24v01_n047,down_proj,mac,SharedMatrixCore,SharedMatrixCore,OP_MOE,24_nemotron3_hybrid_moe_owner_timing_sequence_v5.mmd,24_nemotron3_hybrid_moe_owner_timing_sequence_v6.mmd,existing_atlas_repo_grounded,mapped_from_single_block_atlas
24,Nemotron 3 Hybrid MoE,24_nemotron3_hybrid_moe.mmd,1,Representative long-context attention + routed/shared MoE block,f24v01_n048,Expert weighting,other,FeedForwardCore,FeedForwardCore,OP_MOE,24_nemotron3_hybrid_moe_owner_timing_sequence_v5.mmd,24_nemotron3_hybrid_moe_owner_timing_sequence_v6.mmd,existing_atlas_repo_grounded,mapped_from_single_block_atlas
24,Nemotron 3 Hybrid MoE,24_nemotron3_hybrid_moe.mmd,1,Representative long-context attention + routed/shared MoE block,f24v01_n049,Scatter / weighted reduce,other,FeedForwardCore,FeedForwardCore,OP_MOE,24_nemotron3_hybrid_moe_owner_timing_sequence_v5.mmd,24_nemotron3_hybrid_moe_owner_timing_sequence_v6.mmd,existing_atlas_repo_grounded,mapped_from_single_block_atlas
24,Nemotron 3 Hybrid MoE,24_nemotron3_hybrid_moe.mmd,1,Representative long-context attention + routed/shared MoE block,f24v01_n050,gate_proj,mac,SharedMatrixCore,SharedMatrixCore,OP_MOE,24_nemotron3_hybrid_moe_owner_timing_sequence_v5.mmd,24_nemotron3_hybrid_moe_owner_timing_sequence_v6.mmd,existing_atlas_repo_grounded,mapped_from_single_block_atlas
24,Nemotron 3 Hybrid MoE,24_nemotron3_hybrid_moe.mmd,1,Representative long-context attention + routed/shared MoE block,f24v01_n051,up_proj,mac,SharedMatrixCore,SharedMatrixCore,OP_MOE,24_nemotron3_hybrid_moe_owner_timing_sequence_v5.mmd,24_nemotron3_hybrid_moe_owner_timing_sequence_v6.mmd,existing_atlas_repo_grounded,mapped_from_single_block_atlas
24,Nemotron 3 Hybrid MoE,24_nemotron3_hybrid_moe.mmd,1,Representative long-context attention + routed/shared MoE block,f24v01_n052,SiLU,other,FeedForwardCore,FeedForwardCore,OP_MOE,24_nemotron3_hybrid_moe_owner_timing_sequence_v5.mmd,24_nemotron3_hybrid_moe_owner_timing_sequence_v6.mmd,existing_atlas_repo_grounded,mapped_from_single_block_atlas
24,Nemotron 3 Hybrid MoE,24_nemotron3_hybrid_moe.mmd,1,Representative long-context attention + routed/shared MoE block,f24v01_n053,Elementwise gate,other,FeedForwardCore,FeedForwardCore,OP_MOE,24_nemotron3_hybrid_moe_owner_timing_sequence_v5.mmd,24_nemotron3_hybrid_moe_owner_timing_sequence_v6.mmd,existing_atlas_repo_grounded,mapped_from_single_block_atlas
24,Nemotron 3 Hybrid MoE,24_nemotron3_hybrid_moe.mmd,1,Representative long-context attention + routed/shared MoE block,f24v01_n054,down_proj,mac,SharedMatrixCore,SharedMatrixCore,OP_MOE,24_nemotron3_hybrid_moe_owner_timing_sequence_v5.mmd,24_nemotron3_hybrid_moe_owner_timing_sequence_v6.mmd,existing_atlas_repo_grounded,mapped_from_single_block_atlas
24,Nemotron 3 Hybrid MoE,24_nemotron3_hybrid_moe.mmd,1,Representative long-context attention + routed/shared MoE block,f24v01_n055,Shared gate projection,mac,SharedMatrixCore,SharedMatrixCore,OP_MOE,24_nemotron3_hybrid_moe_owner_timing_sequence_v5.mmd,24_nemotron3_hybrid_moe_owner_timing_sequence_v6.mmd,existing_atlas_repo_grounded,mapped_from_single_block_atlas
24,Nemotron 3 Hybrid MoE,24_nemotron3_hybrid_moe.mmd,1,Representative long-context attention + routed/shared MoE block,f24v01_n056,Sigmoid,other,FeedForwardCore,FeedForwardCore,OP_MOE,24_nemotron3_hybrid_moe_owner_timing_sequence_v5.mmd,24_nemotron3_hybrid_moe_owner_timing_sequence_v6.mmd,existing_atlas_repo_grounded,mapped_from_single_block_atlas
24,Nemotron 3 Hybrid MoE,24_nemotron3_hybrid_moe.mmd,1,Representative long-context attention + routed/shared MoE block,f24v01_n057,Shared gating,other,FeedForwardCore,FeedForwardCore,OP_MOE,24_nemotron3_hybrid_moe_owner_timing_sequence_v5.mmd,24_nemotron3_hybrid_moe_owner_timing_sequence_v6.mmd,existing_atlas_repo_grounded,mapped_from_single_block_atlas
24,Nemotron 3 Hybrid MoE,24_nemotron3_hybrid_moe.mmd,1,Representative long-context attention + routed/shared MoE block,f24v01_n058,+,plus,OutputCommitCore,OutputCommitCore,OP_MOE,24_nemotron3_hybrid_moe_owner_timing_sequence_v5.mmd,24_nemotron3_hybrid_moe_owner_timing_sequence_v6.mmd,existing_atlas_repo_grounded,mapped_from_single_block_atlas
24,Nemotron 3 Hybrid MoE,24_nemotron3_hybrid_moe.mmd,1,Representative long-context attention + routed/shared MoE block,f24v01_n059,+,plus,OutputCommitCore,OutputCommitCore,OP_MOE,24_nemotron3_hybrid_moe_owner_timing_sequence_v5.mmd,24_nemotron3_hybrid_moe_owner_timing_sequence_v6.mmd,existing_atlas_repo_grounded,mapped_from_single_block_atlas
24,Nemotron 3 Hybrid MoE,24_nemotron3_hybrid_moe.mmd,1,Representative long-context attention + routed/shared MoE block,f24v01_n060,Block output,output,OutputCommitCore,OutputCommitCore,OP_MOE,24_nemotron3_hybrid_moe_owner_timing_sequence_v5.mmd,24_nemotron3_hybrid_moe_owner_timing_sequence_v6.mmd,existing_atlas_repo_grounded,mapped_from_single_block_atlas
25,Mistral Dense,25_mistral_dense.mmd,1,Sliding-window GQA + SwiGLU block,f25v01_n019,X,input,ActivationReadDmaCore,ActivationReadDmaCore,OP_K_PROJ,25_mistral_dense_owner_timing_sequence_v5.mmd,25_mistral_dense_owner_timing_sequence_v6.mmd,existing_atlas_repo_grounded,mapped_from_single_block_atlas
25,Mistral Dense,25_mistral_dense.mmd,1,Sliding-window GQA + SwiGLU block,f25v01_n020,RMSNorm 1,other,NormCore,NormCore,OP_K_PROJ,25_mistral_dense_owner_timing_sequence_v5.mmd,25_mistral_dense_owner_timing_sequence_v6.mmd,existing_atlas_repo_grounded,mapped_from_single_block_atlas
25,Mistral Dense,25_mistral_dense.mmd,1,Sliding-window GQA + SwiGLU block,f25v01_n022,K Proj,mac,SharedMatrixCore,SharedMatrixCore,OP_K_PROJ,25_mistral_dense_owner_timing_sequence_v5.mmd,25_mistral_dense_owner_timing_sequence_v6.mmd,existing_atlas_repo_grounded,mapped_from_single_block_atlas
25,Mistral Dense,25_mistral_dense.mmd,1,Sliding-window GQA + SwiGLU block,f25v01_n025,RoPE,other,ElementwiseTransformCore,ElementwiseTransformCore,OP_K_PROJ,25_mistral_dense_owner_timing_sequence_v5.mmd,25_mistral_dense_owner_timing_sequence_v6.mmd,existing_atlas_repo_grounded,mapped_from_single_block_atlas
25,Mistral Dense,25_mistral_dense.mmd,1,Sliding-window GQA + SwiGLU block,f25v01_n027,K cache,state,KVStateCore,KVStateCore,OP_K_PROJ,25_mistral_dense_owner_timing_sequence_v5.mmd,25_mistral_dense_owner_timing_sequence_v6.mmd,existing_atlas_repo_grounded,mapped_from_single_block_atlas
25,Mistral Dense,25_mistral_dense.mmd,1,Sliding-window GQA + SwiGLU block,f25v01_n024,V Proj,mac,SharedMatrixCore,SharedMatrixCore,OP_V_PROJ,25_mistral_dense_owner_timing_sequence_v5.mmd,25_mistral_dense_owner_timing_sequence_v6.mmd,existing_atlas_repo_grounded,mapped_from_single_block_atlas
25,Mistral Dense,25_mistral_dense.mmd,1,Sliding-window GQA + SwiGLU block,f25v01_n028,V cache,state,KVStateCore,KVStateCore,OP_V_PROJ,25_mistral_dense_owner_timing_sequence_v5.mmd,25_mistral_dense_owner_timing_sequence_v6.mmd,existing_atlas_repo_grounded,mapped_from_single_block_atlas
25,Mistral Dense,25_mistral_dense.mmd,1,Sliding-window GQA + SwiGLU block,f25v01_n023,Q Proj,mac,SharedMatrixCore,SharedMatrixCore,OP_Q_PROJ,25_mistral_dense_owner_timing_sequence_v5.mmd,25_mistral_dense_owner_timing_sequence_v6.mmd,existing_atlas_repo_grounded,mapped_from_single_block_atlas
25,Mistral Dense,25_mistral_dense.mmd,1,Sliding-window GQA + SwiGLU block,f25v01_n026,RoPE,other,ElementwiseTransformCore,ElementwiseTransformCore,OP_Q_PROJ,25_mistral_dense_owner_timing_sequence_v5.mmd,25_mistral_dense_owner_timing_sequence_v6.mmd,existing_atlas_repo_grounded,mapped_from_single_block_atlas
25,Mistral Dense,25_mistral_dense.mmd,1,Sliding-window GQA + SwiGLU block,f25v01_n029,K head repeat ×4,other,SequenceCore,SequenceCore,OP_ATTENTION_OPROJ,25_mistral_dense_owner_timing_sequence_v5.mmd,25_mistral_dense_owner_timing_sequence_v6.mmd,existing_atlas_repo_grounded,mapped_from_single_block_atlas
25,Mistral Dense,25_mistral_dense.mmd,1,Sliding-window GQA + SwiGLU block,f25v01_n030,V head repeat ×4,other,SequenceCore,SequenceCore,OP_ATTENTION_OPROJ,25_mistral_dense_owner_timing_sequence_v5.mmd,25_mistral_dense_owner_timing_sequence_v6.mmd,existing_atlas_repo_grounded,mapped_from_single_block_atlas
25,Mistral Dense,25_mistral_dense.mmd,1,Sliding-window GQA + SwiGLU block,f25v01_n031,Q × Kᵀ,mac,SequenceCore,SequenceCore,OP_ATTENTION_OPROJ,25_mistral_dense_owner_timing_sequence_v5.mmd,25_mistral_dense_owner_timing_sequence_v6.mmd,existing_atlas_repo_grounded,mapped_from_single_block_atlas
25,Mistral Dense,25_mistral_dense.mmd,1,Sliding-window GQA + SwiGLU block,f25v01_n032,Softmax FP32,other,SequenceCore,SequenceCore,OP_ATTENTION_OPROJ,25_mistral_dense_owner_timing_sequence_v5.mmd,25_mistral_dense_owner_timing_sequence_v6.mmd,existing_atlas_repo_grounded,mapped_from_single_block_atlas
25,Mistral Dense,25_mistral_dense.mmd,1,Sliding-window GQA + SwiGLU block,f25v01_n033,P × V,mac,SequenceCore,SequenceCore,OP_ATTENTION_OPROJ,25_mistral_dense_owner_timing_sequence_v5.mmd,25_mistral_dense_owner_timing_sequence_v6.mmd,existing_atlas_repo_grounded,mapped_from_single_block_atlas
25,Mistral Dense,25_mistral_dense.mmd,1,Sliding-window GQA + SwiGLU block,f25v01_n034,O Proj,mac,SharedMatrixCore,SharedMatrixCore,OP_ATTENTION_OPROJ,25_mistral_dense_owner_timing_sequence_v5.mmd,25_mistral_dense_owner_timing_sequence_v6.mmd,existing_atlas_repo_grounded,mapped_from_single_block_atlas
25,Mistral Dense,25_mistral_dense.mmd,1,Sliding-window GQA + SwiGLU block,f25v01_n035,+,plus,OutputCommitCore,OutputCommitCore,OP_ATTENTION_OPROJ,25_mistral_dense_owner_timing_sequence_v5.mmd,25_mistral_dense_owner_timing_sequence_v6.mmd,existing_atlas_repo_grounded,mapped_from_single_block_atlas
25,Mistral Dense,25_mistral_dense.mmd,1,Sliding-window GQA + SwiGLU block,f25v01_n036,X + Attention,output,OutputCommitCore,OutputCommitCore,OP_ATTENTION_OPROJ,25_mistral_dense_owner_timing_sequence_v5.mmd,25_mistral_dense_owner_timing_sequence_v6.mmd,existing_atlas_repo_grounded,mapped_from_single_block_atlas
25,Mistral Dense,25_mistral_dense.mmd,1,Sliding-window GQA + SwiGLU block,f25v01_n037,RMSNorm 2,other,NormCore,NormCore,OP_FFN,25_mistral_dense_owner_timing_sequence_v5.mmd,25_mistral_dense_owner_timing_sequence_v6.mmd,existing_atlas_repo_grounded,mapped_from_single_block_atlas
25,Mistral Dense,25_mistral_dense.mmd,1,Sliding-window GQA + SwiGLU block,f25v01_n039,gate_proj,mac,SharedMatrixCore,SharedMatrixCore,OP_FFN,25_mistral_dense_owner_timing_sequence_v5.mmd,25_mistral_dense_owner_timing_sequence_v6.mmd,existing_atlas_repo_grounded,mapped_from_single_block_atlas
25,Mistral Dense,25_mistral_dense.mmd,1,Sliding-window GQA + SwiGLU block,f25v01_n040,up_proj,mac,SharedMatrixCore,SharedMatrixCore,OP_FFN,25_mistral_dense_owner_timing_sequence_v5.mmd,25_mistral_dense_owner_timing_sequence_v6.mmd,existing_atlas_repo_grounded,mapped_from_single_block_atlas
25,Mistral Dense,25_mistral_dense.mmd,1,Sliding-window GQA + SwiGLU block,f25v01_n041,SiLU,other,FeedForwardCore,SharedMatrixCore,OP_FFN,25_mistral_dense_owner_timing_sequence_v5.mmd,25_mistral_dense_owner_timing_sequence_v6.mmd,existing_atlas_repo_grounded,current_fused_MlpSiluLane32Core
25,Mistral Dense,25_mistral_dense.mmd,1,Sliding-window GQA + SwiGLU block,f25v01_n042,Elementwise gate,other,FeedForwardCore,SharedMatrixCore,OP_FFN,25_mistral_dense_owner_timing_sequence_v5.mmd,25_mistral_dense_owner_timing_sequence_v6.mmd,existing_atlas_repo_grounded,current_fused_MlpSiluLane32Core
25,Mistral Dense,25_mistral_dense.mmd,1,Sliding-window GQA + SwiGLU block,f25v01_n043,down_proj,mac,SharedMatrixCore,SharedMatrixCore,OP_FFN,25_mistral_dense_owner_timing_sequence_v5.mmd,25_mistral_dense_owner_timing_sequence_v6.mmd,existing_atlas_repo_grounded,mapped_from_single_block_atlas
25,Mistral Dense,25_mistral_dense.mmd,1,Sliding-window GQA + SwiGLU block,f25v01_n044,+,plus,OutputCommitCore,OutputCommitCore,OP_FFN,25_mistral_dense_owner_timing_sequence_v5.mmd,25_mistral_dense_owner_timing_sequence_v6.mmd,existing_atlas_repo_grounded,mapped_from_single_block_atlas
25,Mistral Dense,25_mistral_dense.mmd,1,Sliding-window GQA + SwiGLU block,f25v01_n045,Block output,output,OutputCommitCore,OutputCommitCore,OP_FFN,25_mistral_dense_owner_timing_sequence_v5.mmd,25_mistral_dense_owner_timing_sequence_v6.mmd,existing_atlas_repo_grounded,mapped_from_single_block_atlas
26,Qwen3.8-Flash-Next Hybrid MoE,26_qwen3_8_flash_next_hybrid_moe.mmd,1,GDN + Gated Residual + Top-10 Routed/Shared MoE,f26v01_n010,4 residual streams,input,ActivationReadDmaCore,ActivationReadDmaCore,OP_GR_GDN_MOE,26a_qwen3_8_flash_next_gdn_moe_owner_timing_sequence_v5.mmd,26a_qwen3_8_flash_next_gdn_moe_owner_timing_sequence_v6.mmd,new_family_official_source_mapping,mapped_from_single_block_atlas
26,Qwen3.8-Flash-Next Hybrid MoE,26_qwen3_8_flash_next_hybrid_moe.mmd,1,GDN + Gated Residual + Top-10 Routed/Shared MoE,f26v01_n011,Attention-site Gated Residual grouped RMSNorm,other,NormCore,NormCore,OP_GR_GDN_MOE,26a_qwen3_8_flash_next_gdn_moe_owner_timing_sequence_v5.mmd,26a_qwen3_8_flash_next_gdn_moe_owner_timing_sequence_v6.mmd,new_family_official_source_mapping,mapped_from_single_block_atlas
26,Qwen3.8-Flash-Next Hybrid MoE,26_qwen3_8_flash_next_hybrid_moe.mmd,1,GDN + Gated Residual + Top-10 Routed/Shared MoE,f26v01_n012,Attention-site input_mix_weight_down,mac,SharedMatrixCore,SharedMatrixCore,OP_GR_GDN_MOE,26a_qwen3_8_flash_next_gdn_moe_owner_timing_sequence_v5.mmd,26a_qwen3_8_flash_next_gdn_moe_owner_timing_sequence_v6.mmd,new_family_official_source_mapping,mapped_from_single_block_atlas
26,Qwen3.8-Flash-Next Hybrid MoE,26_qwen3_8_flash_next_hybrid_moe.mmd,1,GDN + Gated Residual + Top-10 Routed/Shared MoE,f26v01_n013,Attention-site SiLU / hc_count,other,ElementwiseTransformCore,ElementwiseTransformCore,OP_GR_GDN_MOE,26a_qwen3_8_flash_next_gdn_moe_owner_timing_sequence_v5.mmd,26a_qwen3_8_flash_next_gdn_moe_owner_timing_sequence_v6.mmd,new_family_official_source_mapping,mapped_from_single_block_atlas
26,Qwen3.8-Flash-Next Hybrid MoE,26_qwen3_8_flash_next_hybrid_moe.mmd,1,GDN + Gated Residual + Top-10 Routed/Shared MoE,f26v01_n014,Attention-site input_mix_weight_up,mac,SharedMatrixCore,SharedMatrixCore,OP_GR_GDN_MOE,26a_qwen3_8_flash_next_gdn_moe_owner_timing_sequence_v5.mmd,26a_qwen3_8_flash_next_gdn_moe_owner_timing_sequence_v6.mmd,new_family_official_source_mapping,mapped_from_single_block_atlas
26,Qwen3.8-Flash-Next Hybrid MoE,26_qwen3_8_flash_next_hybrid_moe.mmd,1,GDN + Gated Residual + Top-10 Routed/Shared MoE,f26v01_n015,Attention-site Sigmoid read gate,other,ElementwiseTransformCore,ElementwiseTransformCore,OP_GR_GDN_MOE,26a_qwen3_8_flash_next_gdn_moe_owner_timing_sequence_v5.mmd,26a_qwen3_8_flash_next_gdn_moe_owner_timing_sequence_v6.mmd,new_family_official_source_mapping,mapped_from_single_block_atlas
26,Qwen3.8-Flash-Next Hybrid MoE,26_qwen3_8_flash_next_hybrid_moe.mmd,1,GDN + Gated Residual + Top-10 Routed/Shared MoE,f26v01_n016,Attention-site 4-stream weighted mean,other,ElementwiseTransformCore,ElementwiseTransformCore,OP_GR_GDN_MOE,26a_qwen3_8_flash_next_gdn_moe_owner_timing_sequence_v5.mmd,26a_qwen3_8_flash_next_gdn_moe_owner_timing_sequence_v6.mmd,new_family_official_source_mapping,mapped_from_single_block_atlas
26,Qwen3.8-Flash-Next Hybrid MoE,26_qwen3_8_flash_next_hybrid_moe.mmd,1,GDN + Gated Residual + Top-10 Routed/Shared MoE,f26v01_n017,Attention-site block_inject_weight,mac,SharedMatrixCore,SharedMatrixCore,OP_GR_GDN_MOE,26a_qwen3_8_flash_next_gdn_moe_owner_timing_sequence_v5.mmd,26a_qwen3_8_flash_next_gdn_moe_owner_timing_sequence_v6.mmd,new_family_official_source_mapping,mapped_from_single_block_atlas
26,Qwen3.8-Flash-Next Hybrid MoE,26_qwen3_8_flash_next_hybrid_moe.mmd,1,GDN + Gated Residual + Top-10 Routed/Shared MoE,f26v01_n018,Attention-site 2 × Sigmoid write gate,other,ElementwiseTransformCore,ElementwiseTransformCore,OP_GR_GDN_MOE,26a_qwen3_8_flash_next_gdn_moe_owner_timing_sequence_v5.mmd,26a_qwen3_8_flash_next_gdn_moe_owner_timing_sequence_v6.mmd,new_family_official_source_mapping,mapped_from_single_block_atlas
26,Qwen3.8-Flash-Next Hybrid MoE,26_qwen3_8_flash_next_hybrid_moe.mmd,1,GDN + Gated Residual + Top-10 Routed/Shared MoE,f26v01_n019,RMSNorm 1,other,NormCore,NormCore,OP_GR_GDN_MOE,26a_qwen3_8_flash_next_gdn_moe_owner_timing_sequence_v5.mmd,26a_qwen3_8_flash_next_gdn_moe_owner_timing_sequence_v6.mmd,new_family_official_source_mapping,mapped_from_single_block_atlas
26,Qwen3.8-Flash-Next Hybrid MoE,26_qwen3_8_flash_next_hybrid_moe.mmd,1,GDN + Gated Residual + Top-10 Routed/Shared MoE,f26v01_n020,in_proj_qkv,mac,SharedMatrixCore,SharedMatrixCore,OP_GR_GDN_MOE,26a_qwen3_8_flash_next_gdn_moe_owner_timing_sequence_v5.mmd,26a_qwen3_8_flash_next_gdn_moe_owner_timing_sequence_v6.mmd,new_family_official_source_mapping,mapped_from_single_block_atlas
26,Qwen3.8-Flash-Next Hybrid MoE,26_qwen3_8_flash_next_hybrid_moe.mmd,1,GDN + Gated Residual + Top-10 Routed/Shared MoE,f26v01_n021,in_proj_z,mac,SharedMatrixCore,SharedMatrixCore,OP_GR_GDN_MOE,26a_qwen3_8_flash_next_gdn_moe_owner_timing_sequence_v5.mmd,26a_qwen3_8_flash_next_gdn_moe_owner_timing_sequence_v6.mmd,new_family_official_source_mapping,mapped_from_single_block_atlas
26,Qwen3.8-Flash-Next Hybrid MoE,26_qwen3_8_flash_next_hybrid_moe.mmd,1,GDN + Gated Residual + Top-10 Routed/Shared MoE,f26v01_n022,in_proj_a,mac,SharedMatrixCore,SharedMatrixCore,OP_GR_GDN_MOE,26a_qwen3_8_flash_next_gdn_moe_owner_timing_sequence_v5.mmd,26a_qwen3_8_flash_next_gdn_moe_owner_timing_sequence_v6.mmd,new_family_official_source_mapping,mapped_from_single_block_atlas
26,Qwen3.8-Flash-Next Hybrid MoE,26_qwen3_8_flash_next_hybrid_moe.mmd,1,GDN + Gated Residual + Top-10 Routed/Shared MoE,f26v01_n023,in_proj_b,mac,SharedMatrixCore,SharedMatrixCore,OP_GR_GDN_MOE,26a_qwen3_8_flash_next_gdn_moe_owner_timing_sequence_v5.mmd,26a_qwen3_8_flash_next_gdn_moe_owner_timing_sequence_v6.mmd,new_family_official_source_mapping,mapped_from_single_block_atlas
26,Qwen3.8-Flash-Next Hybrid MoE,26_qwen3_8_flash_next_hybrid_moe.mmd,1,GDN + Gated Residual + Top-10 Routed/Shared MoE,f26v01_n024,Depthwise Conv1D,mac,SharedMatrixCore,SharedMatrixCore,OP_GR_GDN_MOE,26a_qwen3_8_flash_next_gdn_moe_owner_timing_sequence_v5.mmd,26a_qwen3_8_flash_next_gdn_moe_owner_timing_sequence_v6.mmd,new_family_official_source_mapping,mapped_from_single_block_atlas
26,Qwen3.8-Flash-Next Hybrid MoE,26_qwen3_8_flash_next_hybrid_moe.mmd,1,GDN + Gated Residual + Top-10 Routed/Shared MoE,f26v01_n025,SiLU,other,ElementwiseTransformCore,ElementwiseTransformCore,OP_GR_GDN_MOE,26a_qwen3_8_flash_next_gdn_moe_owner_timing_sequence_v5.mmd,26a_qwen3_8_flash_next_gdn_moe_owner_timing_sequence_v6.mmd,new_family_official_source_mapping,mapped_from_single_block_atlas
26,Qwen3.8-Flash-Next Hybrid MoE,26_qwen3_8_flash_next_hybrid_moe.mmd,1,GDN + Gated Residual + Top-10 Routed/Shared MoE,f26v01_n026,Split Q / K / V,other,ElementwiseTransformCore,ElementwiseTransformCore,OP_GR_GDN_MOE,26a_qwen3_8_flash_next_gdn_moe_owner_timing_sequence_v5.mmd,26a_qwen3_8_flash_next_gdn_moe_owner_timing_sequence_v6.mmd,new_family_official_source_mapping,mapped_from_single_block_atlas
26,Qwen3.8-Flash-Next Hybrid MoE,26_qwen3_8_flash_next_hybrid_moe.mmd,1,GDN + Gated Residual + Top-10 Routed/Shared MoE,f26v01_n027,Q reshape,other,ElementwiseTransformCore,ElementwiseTransformCore,OP_GR_GDN_MOE,26a_qwen3_8_flash_next_gdn_moe_owner_timing_sequence_v5.mmd,26a_qwen3_8_flash_next_gdn_moe_owner_timing_sequence_v6.mmd,new_family_official_source_mapping,mapped_from_single_block_atlas
26,Qwen3.8-Flash-Next Hybrid MoE,26_qwen3_8_flash_next_hybrid_moe.mmd,1,GDN + Gated Residual + Top-10 Routed/Shared MoE,f26v01_n028,K reshape,other,ElementwiseTransformCore,ElementwiseTransformCore,OP_GR_GDN_MOE,26a_qwen3_8_flash_next_gdn_moe_owner_timing_sequence_v5.mmd,26a_qwen3_8_flash_next_gdn_moe_owner_timing_sequence_v6.mmd,new_family_official_source_mapping,mapped_from_single_block_atlas
26,Qwen3.8-Flash-Next Hybrid MoE,26_qwen3_8_flash_next_hybrid_moe.mmd,1,GDN + Gated Residual + Top-10 Routed/Shared MoE,f26v01_n029,V reshape,other,ElementwiseTransformCore,ElementwiseTransformCore,OP_GR_GDN_MOE,26a_qwen3_8_flash_next_gdn_moe_owner_timing_sequence_v5.mmd,26a_qwen3_8_flash_next_gdn_moe_owner_timing_sequence_v6.mmd,new_family_official_source_mapping,mapped_from_single_block_atlas
26,Qwen3.8-Flash-Next Hybrid MoE,26_qwen3_8_flash_next_hybrid_moe.mmd,1,GDN + Gated Residual + Top-10 Routed/Shared MoE,f26v01_n030,Q L2Norm,other,NormCore,NormCore,OP_GR_GDN_MOE,26a_qwen3_8_flash_next_gdn_moe_owner_timing_sequence_v5.mmd,26a_qwen3_8_flash_next_gdn_moe_owner_timing_sequence_v6.mmd,new_family_official_source_mapping,mapped_from_single_block_atlas
26,Qwen3.8-Flash-Next Hybrid MoE,26_qwen3_8_flash_next_hybrid_moe.mmd,1,GDN + Gated Residual + Top-10 Routed/Shared MoE,f26v01_n031,K L2Norm,other,NormCore,NormCore,OP_GR_GDN_MOE,26a_qwen3_8_flash_next_gdn_moe_owner_timing_sequence_v5.mmd,26a_qwen3_8_flash_next_gdn_moe_owner_timing_sequence_v6.mmd,new_family_official_source_mapping,mapped_from_single_block_atlas
26,Qwen3.8-Flash-Next Hybrid MoE,26_qwen3_8_flash_next_hybrid_moe.mmd,1,GDN + Gated Residual + Top-10 Routed/Shared MoE,f26v01_n032,Decay preactivation,other,ElementwiseTransformCore,ElementwiseTransformCore,OP_GR_GDN_MOE,26a_qwen3_8_flash_next_gdn_moe_owner_timing_sequence_v5.mmd,26a_qwen3_8_flash_next_gdn_moe_owner_timing_sequence_v6.mmd,new_family_official_source_mapping,mapped_from_single_block_atlas
26,Qwen3.8-Flash-Next Hybrid MoE,26_qwen3_8_flash_next_hybrid_moe.mmd,1,GDN + Gated Residual + Top-10 Routed/Shared MoE,f26v01_n033,Decay factor,other,ElementwiseTransformCore,ElementwiseTransformCore,OP_GR_GDN_MOE,26a_qwen3_8_flash_next_gdn_moe_owner_timing_sequence_v5.mmd,26a_qwen3_8_flash_next_gdn_moe_owner_timing_sequence_v6.mmd,new_family_official_source_mapping,mapped_from_single_block_atlas
26,Qwen3.8-Flash-Next Hybrid MoE,26_qwen3_8_flash_next_hybrid_moe.mmd,1,GDN + Gated Residual + Top-10 Routed/Shared MoE,f26v01_n034,Update gate,other,ElementwiseTransformCore,ElementwiseTransformCore,OP_GR_GDN_MOE,26a_qwen3_8_flash_next_gdn_moe_owner_timing_sequence_v5.mmd,26a_qwen3_8_flash_next_gdn_moe_owner_timing_sequence_v6.mmd,new_family_official_source_mapping,mapped_from_single_block_atlas
26,Qwen3.8-Flash-Next Hybrid MoE,26_qwen3_8_flash_next_hybrid_moe.mmd,1,GDN + Gated Residual + Top-10 Routed/Shared MoE,f26v01_n035,Chunk partition,other,ElementwiseTransformCore,SequenceCore,OP_GR_GDN_MOE,26a_qwen3_8_flash_next_gdn_moe_owner_timing_sequence_v5.mmd,26a_qwen3_8_flash_next_gdn_moe_owner_timing_sequence_v6.mmd,new_family_official_source_mapping,GDN_sequence_mixer_operation
26,Qwen3.8-Flash-Next Hybrid MoE,26_qwen3_8_flash_next_hybrid_moe.mmd,1,GDN + Gated Residual + Top-10 Routed/Shared MoE,f26v01_n036,Decay matrix Γ,other,ElementwiseTransformCore,SequenceCore,OP_GR_GDN_MOE,26a_qwen3_8_flash_next_gdn_moe_owner_timing_sequence_v5.mmd,26a_qwen3_8_flash_next_gdn_moe_owner_timing_sequence_v6.mmd,new_family_official_source_mapping,GDN_sequence_mixer_operation
26,Qwen3.8-Flash-Next Hybrid MoE,26_qwen3_8_flash_next_hybrid_moe.mmd,1,GDN + Gated Residual + Top-10 Routed/Shared MoE,f26v01_n037,K Kᵀ,mac,SequenceCore,SequenceCore,OP_GR_GDN_MOE,26a_qwen3_8_flash_next_gdn_moe_owner_timing_sequence_v5.mmd,26a_qwen3_8_flash_next_gdn_moe_owner_timing_sequence_v6.mmd,new_family_official_source_mapping,mapped_from_single_block_atlas
26,Qwen3.8-Flash-Next Hybrid MoE,26_qwen3_8_flash_next_hybrid_moe.mmd,1,GDN + Gated Residual + Top-10 Routed/Shared MoE,f26v01_n038,Build strict-lower L,other,SequenceCore,SequenceCore,OP_GR_GDN_MOE,26a_qwen3_8_flash_next_gdn_moe_owner_timing_sequence_v5.mmd,26a_qwen3_8_flash_next_gdn_moe_owner_timing_sequence_v6.mmd,new_family_official_source_mapping,mapped_from_single_block_atlas
26,Qwen3.8-Flash-Next Hybrid MoE,26_qwen3_8_flash_next_hybrid_moe.mmd,1,GDN + Gated Residual + Top-10 Routed/Shared MoE,f26v01_n039,Triangular solve,other,SequenceCore,SequenceCore,OP_GR_GDN_MOE,26a_qwen3_8_flash_next_gdn_moe_owner_timing_sequence_v5.mmd,26a_qwen3_8_flash_next_gdn_moe_owner_timing_sequence_v6.mmd,new_family_official_source_mapping,mapped_from_single_block_atlas
26,Qwen3.8-Flash-Next Hybrid MoE,26_qwen3_8_flash_next_hybrid_moe.mmd,1,GDN + Gated Residual + Top-10 Routed/Shared MoE,f26v01_n040,Q Kᵀ,mac,SequenceCore,SequenceCore,OP_GR_GDN_MOE,26a_qwen3_8_flash_next_gdn_moe_owner_timing_sequence_v5.mmd,26a_qwen3_8_flash_next_gdn_moe_owner_timing_sequence_v6.mmd,new_family_official_source_mapping,mapped_from_single_block_atlas
26,Qwen3.8-Flash-Next Hybrid MoE,26_qwen3_8_flash_next_hybrid_moe.mmd,1,GDN + Gated Residual + Top-10 Routed/Shared MoE,f26v01_n041,Intra-chunk output,mac,SequenceCore,SequenceCore,OP_GR_GDN_MOE,26a_qwen3_8_flash_next_gdn_moe_owner_timing_sequence_v5.mmd,26a_qwen3_8_flash_next_gdn_moe_owner_timing_sequence_v6.mmd,new_family_official_source_mapping,mapped_from_single_block_atlas
26,Qwen3.8-Flash-Next Hybrid MoE,26_qwen3_8_flash_next_hybrid_moe.mmd,1,GDN + Gated Residual + Top-10 Routed/Shared MoE,f26v01_n042,State read,other,SequenceCore,SequenceCore,OP_GR_GDN_MOE,26a_qwen3_8_flash_next_gdn_moe_owner_timing_sequence_v5.mmd,26a_qwen3_8_flash_next_gdn_moe_owner_timing_sequence_v6.mmd,new_family_official_source_mapping,mapped_from_single_block_atlas
26,Qwen3.8-Flash-Next Hybrid MoE,26_qwen3_8_flash_next_hybrid_moe.mmd,1,GDN + Gated Residual + Top-10 Routed/Shared MoE,f26v01_n043,Output combine,mac,SequenceCore,SequenceCore,OP_GR_GDN_MOE,26a_qwen3_8_flash_next_gdn_moe_owner_timing_sequence_v5.mmd,26a_qwen3_8_flash_next_gdn_moe_owner_timing_sequence_v6.mmd,new_family_official_source_mapping,mapped_from_single_block_atlas
26,Qwen3.8-Flash-Next Hybrid MoE,26_qwen3_8_flash_next_hybrid_moe.mmd,1,GDN + Gated Residual + Top-10 Routed/Shared MoE,f26v01_n044,Kᵀ U,mac,SequenceCore,SequenceCore,OP_GR_GDN_MOE,26a_qwen3_8_flash_next_gdn_moe_owner_timing_sequence_v5.mmd,26a_qwen3_8_flash_next_gdn_moe_owner_timing_sequence_v6.mmd,new_family_official_source_mapping,mapped_from_single_block_atlas
26,Qwen3.8-Flash-Next Hybrid MoE,26_qwen3_8_flash_next_hybrid_moe.mmd,1,GDN + Gated Residual + Top-10 Routed/Shared MoE,f26v01_n045,State decay,other,SequenceCore,SequenceCore,OP_GR_GDN_MOE,26a_qwen3_8_flash_next_gdn_moe_owner_timing_sequence_v5.mmd,26a_qwen3_8_flash_next_gdn_moe_owner_timing_sequence_v6.mmd,new_family_official_source_mapping,mapped_from_single_block_atlas
26,Qwen3.8-Flash-Next Hybrid MoE,26_qwen3_8_flash_next_hybrid_moe.mmd,1,GDN + Gated Residual + Top-10 Routed/Shared MoE,f26v01_n046,Recurrent state S,state,KVStateCore,KVStateCore,OP_GR_GDN_MOE,26a_qwen3_8_flash_next_gdn_moe_owner_timing_sequence_v5.mmd,26a_qwen3_8_flash_next_gdn_moe_owner_timing_sequence_v6.mmd,new_family_official_source_mapping,mapped_from_single_block_atlas
26,Qwen3.8-Flash-Next Hybrid MoE,26_qwen3_8_flash_next_hybrid_moe.mmd,1,GDN + Gated Residual + Top-10 Routed/Shared MoE,f26v01_n047,RMSNormGated,other,NormCore,NormCore,OP_GR_GDN_MOE,26a_qwen3_8_flash_next_gdn_moe_owner_timing_sequence_v5.mmd,26a_qwen3_8_flash_next_gdn_moe_owner_timing_sequence_v6.mmd,new_family_official_source_mapping,mapped_from_single_block_atlas
26,Qwen3.8-Flash-Next Hybrid MoE,26_qwen3_8_flash_next_hybrid_moe.mmd,1,GDN + Gated Residual + Top-10 Routed/Shared MoE,f26v01_n048,out_proj,mac,SharedMatrixCore,SharedMatrixCore,OP_GR_GDN_MOE,26a_qwen3_8_flash_next_gdn_moe_owner_timing_sequence_v5.mmd,26a_qwen3_8_flash_next_gdn_moe_owner_timing_sequence_v6.mmd,new_family_official_source_mapping,mapped_from_single_block_atlas
26,Qwen3.8-Flash-Next Hybrid MoE,26_qwen3_8_flash_next_hybrid_moe.mmd,1,GDN + Gated Residual + Top-10 Routed/Shared MoE,f26v01_n049,Attention-site write-gate injection into 4 residual branches,other,ElementwiseTransformCore,ElementwiseTransformCore,OP_GR_GDN_MOE,26a_qwen3_8_flash_next_gdn_moe_owner_timing_sequence_v5.mmd,26a_qwen3_8_flash_next_gdn_moe_owner_timing_sequence_v6.mmd,new_family_official_source_mapping,mapped_from_single_block_atlas
26,Qwen3.8-Flash-Next Hybrid MoE,26_qwen3_8_flash_next_hybrid_moe.mmd,1,GDN + Gated Residual + Top-10 Routed/Shared MoE,f26v01_n050,Attention-site 4-branch residual-state commit,state,OutputCommitCore,OutputCommitCore,OP_GR_GDN_MOE,26a_qwen3_8_flash_next_gdn_moe_owner_timing_sequence_v5.mmd,26a_qwen3_8_flash_next_gdn_moe_owner_timing_sequence_v6.mmd,new_family_official_source_mapping,mapped_from_single_block_atlas
26,Qwen3.8-Flash-Next Hybrid MoE,26_qwen3_8_flash_next_hybrid_moe.mmd,1,GDN + Gated Residual + Top-10 Routed/Shared MoE,f26v01_n051,MLP-site Gated Residual grouped RMSNorm,other,NormCore,NormCore,OP_GR_GDN_MOE,26a_qwen3_8_flash_next_gdn_moe_owner_timing_sequence_v5.mmd,26a_qwen3_8_flash_next_gdn_moe_owner_timing_sequence_v6.mmd,new_family_official_source_mapping,mapped_from_single_block_atlas
26,Qwen3.8-Flash-Next Hybrid MoE,26_qwen3_8_flash_next_hybrid_moe.mmd,1,GDN + Gated Residual + Top-10 Routed/Shared MoE,f26v01_n052,MLP-site input_mix_weight_down,mac,SharedMatrixCore,SharedMatrixCore,OP_GR_GDN_MOE,26a_qwen3_8_flash_next_gdn_moe_owner_timing_sequence_v5.mmd,26a_qwen3_8_flash_next_gdn_moe_owner_timing_sequence_v6.mmd,new_family_official_source_mapping,mapped_from_single_block_atlas
26,Qwen3.8-Flash-Next Hybrid MoE,26_qwen3_8_flash_next_hybrid_moe.mmd,1,GDN + Gated Residual + Top-10 Routed/Shared MoE,f26v01_n053,MLP-site SiLU / hc_count,other,ElementwiseTransformCore,ElementwiseTransformCore,OP_GR_GDN_MOE,26a_qwen3_8_flash_next_gdn_moe_owner_timing_sequence_v5.mmd,26a_qwen3_8_flash_next_gdn_moe_owner_timing_sequence_v6.mmd,new_family_official_source_mapping,mapped_from_single_block_atlas
26,Qwen3.8-Flash-Next Hybrid MoE,26_qwen3_8_flash_next_hybrid_moe.mmd,1,GDN + Gated Residual + Top-10 Routed/Shared MoE,f26v01_n054,MLP-site input_mix_weight_up,mac,SharedMatrixCore,SharedMatrixCore,OP_GR_GDN_MOE,26a_qwen3_8_flash_next_gdn_moe_owner_timing_sequence_v5.mmd,26a_qwen3_8_flash_next_gdn_moe_owner_timing_sequence_v6.mmd,new_family_official_source_mapping,mapped_from_single_block_atlas
26,Qwen3.8-Flash-Next Hybrid MoE,26_qwen3_8_flash_next_hybrid_moe.mmd,1,GDN + Gated Residual + Top-10 Routed/Shared MoE,f26v01_n055,MLP-site Sigmoid read gate,other,ElementwiseTransformCore,ElementwiseTransformCore,OP_GR_GDN_MOE,26a_qwen3_8_flash_next_gdn_moe_owner_timing_sequence_v5.mmd,26a_qwen3_8_flash_next_gdn_moe_owner_timing_sequence_v6.mmd,new_family_official_source_mapping,mapped_from_single_block_atlas
26,Qwen3.8-Flash-Next Hybrid MoE,26_qwen3_8_flash_next_hybrid_moe.mmd,1,GDN + Gated Residual + Top-10 Routed/Shared MoE,f26v01_n056,MLP-site 4-stream weighted mean,other,ElementwiseTransformCore,ElementwiseTransformCore,OP_GR_GDN_MOE,26a_qwen3_8_flash_next_gdn_moe_owner_timing_sequence_v5.mmd,26a_qwen3_8_flash_next_gdn_moe_owner_timing_sequence_v6.mmd,new_family_official_source_mapping,mapped_from_single_block_atlas
26,Qwen3.8-Flash-Next Hybrid MoE,26_qwen3_8_flash_next_hybrid_moe.mmd,1,GDN + Gated Residual + Top-10 Routed/Shared MoE,f26v01_n057,MLP-site block_inject_weight,mac,SharedMatrixCore,SharedMatrixCore,OP_GR_GDN_MOE,26a_qwen3_8_flash_next_gdn_moe_owner_timing_sequence_v5.mmd,26a_qwen3_8_flash_next_gdn_moe_owner_timing_sequence_v6.mmd,new_family_official_source_mapping,mapped_from_single_block_atlas
26,Qwen3.8-Flash-Next Hybrid MoE,26_qwen3_8_flash_next_hybrid_moe.mmd,1,GDN + Gated Residual + Top-10 Routed/Shared MoE,f26v01_n058,MLP-site 2 × Sigmoid write gate,other,ElementwiseTransformCore,ElementwiseTransformCore,OP_GR_GDN_MOE,26a_qwen3_8_flash_next_gdn_moe_owner_timing_sequence_v5.mmd,26a_qwen3_8_flash_next_gdn_moe_owner_timing_sequence_v6.mmd,new_family_official_source_mapping,mapped_from_single_block_atlas
26,Qwen3.8-Flash-Next Hybrid MoE,26_qwen3_8_flash_next_hybrid_moe.mmd,1,GDN + Gated Residual + Top-10 Routed/Shared MoE,f26v01_n059,RMSNorm 2,other,NormCore,NormCore,OP_GR_GDN_MOE,26a_qwen3_8_flash_next_gdn_moe_owner_timing_sequence_v5.mmd,26a_qwen3_8_flash_next_gdn_moe_owner_timing_sequence_v6.mmd,new_family_official_source_mapping,mapped_from_single_block_atlas
26,Qwen3.8-Flash-Next Hybrid MoE,26_qwen3_8_flash_next_hybrid_moe.mmd,1,GDN + Gated Residual + Top-10 Routed/Shared MoE,f26v01_n060,Router projection,mac,SharedMatrixCore,SharedMatrixCore,OP_GR_GDN_MOE,26a_qwen3_8_flash_next_gdn_moe_owner_timing_sequence_v5.mmd,26a_qwen3_8_flash_next_gdn_moe_owner_timing_sequence_v6.mmd,new_family_official_source_mapping,mapped_from_single_block_atlas
26,Qwen3.8-Flash-Next Hybrid MoE,26_qwen3_8_flash_next_hybrid_moe.mmd,1,GDN + Gated Residual + Top-10 Routed/Shared MoE,f26v01_n061,Sigmoid router scoring,other,FeedForwardCore,FeedForwardCore,OP_GR_GDN_MOE,26a_qwen3_8_flash_next_gdn_moe_owner_timing_sequence_v5.mmd,26a_qwen3_8_flash_next_gdn_moe_owner_timing_sequence_v6.mmd,new_family_official_source_mapping,mapped_from_single_block_atlas
26,Qwen3.8-Flash-Next Hybrid MoE,26_qwen3_8_flash_next_hybrid_moe.mmd,1,GDN + Gated Residual + Top-10 Routed/Shared MoE,f26v01_n062,Top-10 + renorm,other,FeedForwardCore,FeedForwardCore,OP_GR_GDN_MOE,26a_qwen3_8_flash_next_gdn_moe_owner_timing_sequence_v5.mmd,26a_qwen3_8_flash_next_gdn_moe_owner_timing_sequence_v6.mmd,new_family_official_source_mapping,mapped_from_single_block_atlas
26,Qwen3.8-Flash-Next Hybrid MoE,26_qwen3_8_flash_next_hybrid_moe.mmd,1,GDN + Gated Residual + Top-10 Routed/Shared MoE,f26v01_n063,Dispatch / gather,other,FeedForwardCore,FeedForwardCore,OP_GR_GDN_MOE,26a_qwen3_8_flash_next_gdn_moe_owner_timing_sequence_v5.mmd,26a_qwen3_8_flash_next_gdn_moe_owner_timing_sequence_v6.mmd,new_family_official_source_mapping,mapped_from_single_block_atlas
26,Qwen3.8-Flash-Next Hybrid MoE,26_qwen3_8_flash_next_hybrid_moe.mmd,1,GDN + Gated Residual + Top-10 Routed/Shared MoE,f26v01_n064,Routed Expert gate_up_proj,mac,SharedMatrixCore,SharedMatrixCore,OP_GR_GDN_MOE,26a_qwen3_8_flash_next_gdn_moe_owner_timing_sequence_v5.mmd,26a_qwen3_8_flash_next_gdn_moe_owner_timing_sequence_v6.mmd,new_family_official_source_mapping,mapped_from_single_block_atlas
26,Qwen3.8-Flash-Next Hybrid MoE,26_qwen3_8_flash_next_hybrid_moe.mmd,1,GDN + Gated Residual + Top-10 Routed/Shared MoE,f26v01_n065,SiLU × up,other,FeedForwardCore,FeedForwardCore,OP_GR_GDN_MOE,26a_qwen3_8_flash_next_gdn_moe_owner_timing_sequence_v5.mmd,26a_qwen3_8_flash_next_gdn_moe_owner_timing_sequence_v6.mmd,new_family_official_source_mapping,mapped_from_single_block_atlas
26,Qwen3.8-Flash-Next Hybrid MoE,26_qwen3_8_flash_next_hybrid_moe.mmd,1,GDN + Gated Residual + Top-10 Routed/Shared MoE,f26v01_n066,Routed Expert down_proj,mac,SharedMatrixCore,SharedMatrixCore,OP_GR_GDN_MOE,26a_qwen3_8_flash_next_gdn_moe_owner_timing_sequence_v5.mmd,26a_qwen3_8_flash_next_gdn_moe_owner_timing_sequence_v6.mmd,new_family_official_source_mapping,mapped_from_single_block_atlas
26,Qwen3.8-Flash-Next Hybrid MoE,26_qwen3_8_flash_next_hybrid_moe.mmd,1,GDN + Gated Residual + Top-10 Routed/Shared MoE,f26v01_n067,Expert weighting,other,FeedForwardCore,FeedForwardCore,OP_GR_GDN_MOE,26a_qwen3_8_flash_next_gdn_moe_owner_timing_sequence_v5.mmd,26a_qwen3_8_flash_next_gdn_moe_owner_timing_sequence_v6.mmd,new_family_official_source_mapping,mapped_from_single_block_atlas
26,Qwen3.8-Flash-Next Hybrid MoE,26_qwen3_8_flash_next_hybrid_moe.mmd,1,GDN + Gated Residual + Top-10 Routed/Shared MoE,f26v01_n068,Shared Expert gate_proj,mac,SharedMatrixCore,SharedMatrixCore,OP_GR_GDN_MOE,26a_qwen3_8_flash_next_gdn_moe_owner_timing_sequence_v5.mmd,26a_qwen3_8_flash_next_gdn_moe_owner_timing_sequence_v6.mmd,new_family_official_source_mapping,mapped_from_single_block_atlas
26,Qwen3.8-Flash-Next Hybrid MoE,26_qwen3_8_flash_next_hybrid_moe.mmd,1,GDN + Gated Residual + Top-10 Routed/Shared MoE,f26v01_n069,Shared Expert up_proj,mac,SharedMatrixCore,SharedMatrixCore,OP_GR_GDN_MOE,26a_qwen3_8_flash_next_gdn_moe_owner_timing_sequence_v5.mmd,26a_qwen3_8_flash_next_gdn_moe_owner_timing_sequence_v6.mmd,new_family_official_source_mapping,mapped_from_single_block_atlas
26,Qwen3.8-Flash-Next Hybrid MoE,26_qwen3_8_flash_next_hybrid_moe.mmd,1,GDN + Gated Residual + Top-10 Routed/Shared MoE,f26v01_n070,Shared Expert SiLU × up,other,FeedForwardCore,FeedForwardCore,OP_GR_GDN_MOE,26a_qwen3_8_flash_next_gdn_moe_owner_timing_sequence_v5.mmd,26a_qwen3_8_flash_next_gdn_moe_owner_timing_sequence_v6.mmd,new_family_official_source_mapping,mapped_from_single_block_atlas
26,Qwen3.8-Flash-Next Hybrid MoE,26_qwen3_8_flash_next_hybrid_moe.mmd,1,GDN + Gated Residual + Top-10 Routed/Shared MoE,f26v01_n071,Shared Expert down_proj,mac,SharedMatrixCore,SharedMatrixCore,OP_GR_GDN_MOE,26a_qwen3_8_flash_next_gdn_moe_owner_timing_sequence_v5.mmd,26a_qwen3_8_flash_next_gdn_moe_owner_timing_sequence_v6.mmd,new_family_official_source_mapping,mapped_from_single_block_atlas
26,Qwen3.8-Flash-Next Hybrid MoE,26_qwen3_8_flash_next_hybrid_moe.mmd,1,GDN + Gated Residual + Top-10 Routed/Shared MoE,f26v01_n072,Shared Expert gate projection,mac,SharedMatrixCore,SharedMatrixCore,OP_GR_GDN_MOE,26a_qwen3_8_flash_next_gdn_moe_owner_timing_sequence_v5.mmd,26a_qwen3_8_flash_next_gdn_moe_owner_timing_sequence_v6.mmd,new_family_official_source_mapping,mapped_from_single_block_atlas
26,Qwen3.8-Flash-Next Hybrid MoE,26_qwen3_8_flash_next_hybrid_moe.mmd,1,GDN + Gated Residual + Top-10 Routed/Shared MoE,f26v01_n073,Shared Expert gate Sigmoid,other,FeedForwardCore,FeedForwardCore,OP_GR_GDN_MOE,26a_qwen3_8_flash_next_gdn_moe_owner_timing_sequence_v5.mmd,26a_qwen3_8_flash_next_gdn_moe_owner_timing_sequence_v6.mmd,new_family_official_source_mapping,mapped_from_single_block_atlas
26,Qwen3.8-Flash-Next Hybrid MoE,26_qwen3_8_flash_next_hybrid_moe.mmd,1,GDN + Gated Residual + Top-10 Routed/Shared MoE,f26v01_n074,Scatter / weighted reduce,other,FeedForwardCore,FeedForwardCore,OP_GR_GDN_MOE,26a_qwen3_8_flash_next_gdn_moe_owner_timing_sequence_v5.mmd,26a_qwen3_8_flash_next_gdn_moe_owner_timing_sequence_v6.mmd,new_family_official_source_mapping,mapped_from_single_block_atlas
26,Qwen3.8-Flash-Next Hybrid MoE,26_qwen3_8_flash_next_hybrid_moe.mmd,1,GDN + Gated Residual + Top-10 Routed/Shared MoE,f26v01_n075,Routed + Shared Expert sum,plus,FeedForwardCore,FeedForwardCore,OP_GR_GDN_MOE,26a_qwen3_8_flash_next_gdn_moe_owner_timing_sequence_v5.mmd,26a_qwen3_8_flash_next_gdn_moe_owner_timing_sequence_v6.mmd,new_family_official_source_mapping,mapped_from_single_block_atlas
26,Qwen3.8-Flash-Next Hybrid MoE,26_qwen3_8_flash_next_hybrid_moe.mmd,1,GDN + Gated Residual + Top-10 Routed/Shared MoE,f26v01_n076,MLP-site write-gate injection into 4 residual branches,other,ElementwiseTransformCore,ElementwiseTransformCore,OP_GR_GDN_MOE,26a_qwen3_8_flash_next_gdn_moe_owner_timing_sequence_v5.mmd,26a_qwen3_8_flash_next_gdn_moe_owner_timing_sequence_v6.mmd,new_family_official_source_mapping,mapped_from_single_block_atlas
26,Qwen3.8-Flash-Next Hybrid MoE,26_qwen3_8_flash_next_hybrid_moe.mmd,1,GDN + Gated Residual + Top-10 Routed/Shared MoE,f26v01_n077,MLP-site 4-branch residual-state commit,state,OutputCommitCore,OutputCommitCore,OP_GR_GDN_MOE,26a_qwen3_8_flash_next_gdn_moe_owner_timing_sequence_v5.mmd,26a_qwen3_8_flash_next_gdn_moe_owner_timing_sequence_v6.mmd,new_family_official_source_mapping,mapped_from_single_block_atlas
26,Qwen3.8-Flash-Next Hybrid MoE,26_qwen3_8_flash_next_hybrid_moe.mmd,2,QSA + Gated Residual + Top-10 Routed/Shared MoE,f26v02_n010,4 residual streams,input,ActivationReadDmaCore,ActivationReadDmaCore,OP_GR_QSA_MOE,26b_qwen3_8_flash_next_qsa_moe_owner_timing_sequence_v5.mmd,26b_qwen3_8_flash_next_qsa_moe_owner_timing_sequence_v6.mmd,new_family_official_source_mapping,mapped_from_single_block_atlas
26,Qwen3.8-Flash-Next Hybrid MoE,26_qwen3_8_flash_next_hybrid_moe.mmd,2,QSA + Gated Residual + Top-10 Routed/Shared MoE,f26v02_n011,Attention-site Gated Residual grouped RMSNorm,other,NormCore,NormCore,OP_GR_QSA_MOE,26b_qwen3_8_flash_next_qsa_moe_owner_timing_sequence_v5.mmd,26b_qwen3_8_flash_next_qsa_moe_owner_timing_sequence_v6.mmd,new_family_official_source_mapping,mapped_from_single_block_atlas
26,Qwen3.8-Flash-Next Hybrid MoE,26_qwen3_8_flash_next_hybrid_moe.mmd,2,QSA + Gated Residual + Top-10 Routed/Shared MoE,f26v02_n012,Attention-site input_mix_weight_down,mac,SharedMatrixCore,SharedMatrixCore,OP_GR_QSA_MOE,26b_qwen3_8_flash_next_qsa_moe_owner_timing_sequence_v5.mmd,26b_qwen3_8_flash_next_qsa_moe_owner_timing_sequence_v6.mmd,new_family_official_source_mapping,mapped_from_single_block_atlas
26,Qwen3.8-Flash-Next Hybrid MoE,26_qwen3_8_flash_next_hybrid_moe.mmd,2,QSA + Gated Residual + Top-10 Routed/Shared MoE,f26v02_n013,Attention-site SiLU / hc_count,other,ElementwiseTransformCore,ElementwiseTransformCore,OP_GR_QSA_MOE,26b_qwen3_8_flash_next_qsa_moe_owner_timing_sequence_v5.mmd,26b_qwen3_8_flash_next_qsa_moe_owner_timing_sequence_v6.mmd,new_family_official_source_mapping,mapped_from_single_block_atlas
26,Qwen3.8-Flash-Next Hybrid MoE,26_qwen3_8_flash_next_hybrid_moe.mmd,2,QSA + Gated Residual + Top-10 Routed/Shared MoE,f26v02_n014,Attention-site input_mix_weight_up,mac,SharedMatrixCore,SharedMatrixCore,OP_GR_QSA_MOE,26b_qwen3_8_flash_next_qsa_moe_owner_timing_sequence_v5.mmd,26b_qwen3_8_flash_next_qsa_moe_owner_timing_sequence_v6.mmd,new_family_official_source_mapping,mapped_from_single_block_atlas
26,Qwen3.8-Flash-Next Hybrid MoE,26_qwen3_8_flash_next_hybrid_moe.mmd,2,QSA + Gated Residual + Top-10 Routed/Shared MoE,f26v02_n015,Attention-site Sigmoid read gate,other,ElementwiseTransformCore,ElementwiseTransformCore,OP_GR_QSA_MOE,26b_qwen3_8_flash_next_qsa_moe_owner_timing_sequence_v5.mmd,26b_qwen3_8_flash_next_qsa_moe_owner_timing_sequence_v6.mmd,new_family_official_source_mapping,mapped_from_single_block_atlas
26,Qwen3.8-Flash-Next Hybrid MoE,26_qwen3_8_flash_next_hybrid_moe.mmd,2,QSA + Gated Residual + Top-10 Routed/Shared MoE,f26v02_n016,Attention-site 4-stream weighted mean,other,ElementwiseTransformCore,ElementwiseTransformCore,OP_GR_QSA_MOE,26b_qwen3_8_flash_next_qsa_moe_owner_timing_sequence_v5.mmd,26b_qwen3_8_flash_next_qsa_moe_owner_timing_sequence_v6.mmd,new_family_official_source_mapping,mapped_from_single_block_atlas
26,Qwen3.8-Flash-Next Hybrid MoE,26_qwen3_8_flash_next_hybrid_moe.mmd,2,QSA + Gated Residual + Top-10 Routed/Shared MoE,f26v02_n017,Attention-site block_inject_weight,mac,SharedMatrixCore,SharedMatrixCore,OP_GR_QSA_MOE,26b_qwen3_8_flash_next_qsa_moe_owner_timing_sequence_v5.mmd,26b_qwen3_8_flash_next_qsa_moe_owner_timing_sequence_v6.mmd,new_family_official_source_mapping,mapped_from_single_block_atlas
26,Qwen3.8-Flash-Next Hybrid MoE,26_qwen3_8_flash_next_hybrid_moe.mmd,2,QSA + Gated Residual + Top-10 Routed/Shared MoE,f26v02_n018,Attention-site 2 × Sigmoid write gate,other,ElementwiseTransformCore,ElementwiseTransformCore,OP_GR_QSA_MOE,26b_qwen3_8_flash_next_qsa_moe_owner_timing_sequence_v5.mmd,26b_qwen3_8_flash_next_qsa_moe_owner_timing_sequence_v6.mmd,new_family_official_source_mapping,mapped_from_single_block_atlas
26,Qwen3.8-Flash-Next Hybrid MoE,26_qwen3_8_flash_next_hybrid_moe.mmd,2,QSA + Gated Residual + Top-10 Routed/Shared MoE,f26v02_n019,RMSNorm 1,other,NormCore,NormCore,OP_GR_QSA_MOE,26b_qwen3_8_flash_next_qsa_moe_owner_timing_sequence_v5.mmd,26b_qwen3_8_flash_next_qsa_moe_owner_timing_sequence_v6.mmd,new_family_official_source_mapping,mapped_from_single_block_atlas
26,Qwen3.8-Flash-Next Hybrid MoE,26_qwen3_8_flash_next_hybrid_moe.mmd,2,QSA + Gated Residual + Top-10 Routed/Shared MoE,f26v02_n020,K Proj,mac,SharedMatrixCore,SharedMatrixCore,OP_GR_QSA_MOE,26b_qwen3_8_flash_next_qsa_moe_owner_timing_sequence_v5.mmd,26b_qwen3_8_flash_next_qsa_moe_owner_timing_sequence_v6.mmd,new_family_official_source_mapping,mapped_from_single_block_atlas
26,Qwen3.8-Flash-Next Hybrid MoE,26_qwen3_8_flash_next_hybrid_moe.mmd,2,QSA + Gated Residual + Top-10 Routed/Shared MoE,f26v02_n021,V Proj,mac,SharedMatrixCore,SharedMatrixCore,OP_GR_QSA_MOE,26b_qwen3_8_flash_next_qsa_moe_owner_timing_sequence_v5.mmd,26b_qwen3_8_flash_next_qsa_moe_owner_timing_sequence_v6.mmd,new_family_official_source_mapping,mapped_from_single_block_atlas
26,Qwen3.8-Flash-Next Hybrid MoE,26_qwen3_8_flash_next_hybrid_moe.mmd,2,QSA + Gated Residual + Top-10 Routed/Shared MoE,f26v02_n022,Q Proj + gate,mac,SharedMatrixCore,SharedMatrixCore,OP_GR_QSA_MOE,26b_qwen3_8_flash_next_qsa_moe_owner_timing_sequence_v5.mmd,26b_qwen3_8_flash_next_qsa_moe_owner_timing_sequence_v6.mmd,new_family_official_source_mapping,mapped_from_single_block_atlas
26,Qwen3.8-Flash-Next Hybrid MoE,26_qwen3_8_flash_next_hybrid_moe.mmd,2,QSA + Gated Residual + Top-10 Routed/Shared MoE,f26v02_n023,K Head RMSNorm,other,NormCore,NormCore,OP_GR_QSA_MOE,26b_qwen3_8_flash_next_qsa_moe_owner_timing_sequence_v5.mmd,26b_qwen3_8_flash_next_qsa_moe_owner_timing_sequence_v6.mmd,new_family_official_source_mapping,mapped_from_single_block_atlas
26,Qwen3.8-Flash-Next Hybrid MoE,26_qwen3_8_flash_next_hybrid_moe.mmd,2,QSA + Gated Residual + Top-10 Routed/Shared MoE,f26v02_n024,Q Head RMSNorm,other,NormCore,NormCore,OP_GR_QSA_MOE,26b_qwen3_8_flash_next_qsa_moe_owner_timing_sequence_v5.mmd,26b_qwen3_8_flash_next_qsa_moe_owner_timing_sequence_v6.mmd,new_family_official_source_mapping,mapped_from_single_block_atlas
26,Qwen3.8-Flash-Next Hybrid MoE,26_qwen3_8_flash_next_hybrid_moe.mmd,2,QSA + Gated Residual + Top-10 Routed/Shared MoE,f26v02_n025,Partial interleaved MRoPE,other,ElementwiseTransformCore,ElementwiseTransformCore,OP_GR_QSA_MOE,26b_qwen3_8_flash_next_qsa_moe_owner_timing_sequence_v5.mmd,26b_qwen3_8_flash_next_qsa_moe_owner_timing_sequence_v6.mmd,new_family_official_source_mapping,mapped_from_single_block_atlas
26,Qwen3.8-Flash-Next Hybrid MoE,26_qwen3_8_flash_next_hybrid_moe.mmd,2,QSA + Gated Residual + Top-10 Routed/Shared MoE,f26v02_n026,QSA K/V cache,state,KVStateCore,KVStateCore,OP_GR_QSA_MOE,26b_qwen3_8_flash_next_qsa_moe_owner_timing_sequence_v5.mmd,26b_qwen3_8_flash_next_qsa_moe_owner_timing_sequence_v6.mmd,new_family_official_source_mapping,mapped_from_single_block_atlas
26,Qwen3.8-Flash-Next Hybrid MoE,26_qwen3_8_flash_next_hybrid_moe.mmd,2,QSA + Gated Residual + Top-10 Routed/Shared MoE,f26v02_n027,index_qk_proj,mac,SharedMatrixCore,SharedMatrixCore,OP_GR_QSA_MOE,26b_qwen3_8_flash_next_qsa_moe_owner_timing_sequence_v5.mmd,26b_qwen3_8_flash_next_qsa_moe_owner_timing_sequence_v6.mmd,new_family_official_source_mapping,mapped_from_single_block_atlas
26,Qwen3.8-Flash-Next Hybrid MoE,26_qwen3_8_flash_next_hybrid_moe.mmd,2,QSA + Gated Residual + Top-10 Routed/Shared MoE,f26v02_n028,Indexer Q RMSNorm,other,NormCore,NormCore,OP_GR_QSA_MOE,26b_qwen3_8_flash_next_qsa_moe_owner_timing_sequence_v5.mmd,26b_qwen3_8_flash_next_qsa_moe_owner_timing_sequence_v6.mmd,new_family_official_source_mapping,mapped_from_single_block_atlas
26,Qwen3.8-Flash-Next Hybrid MoE,26_qwen3_8_flash_next_hybrid_moe.mmd,2,QSA + Gated Residual + Top-10 Routed/Shared MoE,f26v02_n029,Indexer K RMSNorm,other,NormCore,NormCore,OP_GR_QSA_MOE,26b_qwen3_8_flash_next_qsa_moe_owner_timing_sequence_v5.mmd,26b_qwen3_8_flash_next_qsa_moe_owner_timing_sequence_v6.mmd,new_family_official_source_mapping,mapped_from_single_block_atlas
26,Qwen3.8-Flash-Next Hybrid MoE,26_qwen3_8_flash_next_hybrid_moe.mmd,2,QSA + Gated Residual + Top-10 Routed/Shared MoE,f26v02_n030,Micro-block mean pool ×4,other,SequenceCore,SequenceCore,OP_GR_QSA_MOE,26b_qwen3_8_flash_next_qsa_moe_owner_timing_sequence_v5.mmd,26b_qwen3_8_flash_next_qsa_moe_owner_timing_sequence_v6.mmd,new_family_official_source_mapping,mapped_from_single_block_atlas
26,Qwen3.8-Flash-Next Hybrid MoE,26_qwen3_8_flash_next_hybrid_moe.mmd,2,QSA + Gated Residual + Top-10 Routed/Shared MoE,f26v02_n031,Indexer K RoPE,other,ElementwiseTransformCore,ElementwiseTransformCore,OP_GR_QSA_MOE,26b_qwen3_8_flash_next_qsa_moe_owner_timing_sequence_v5.mmd,26b_qwen3_8_flash_next_qsa_moe_owner_timing_sequence_v6.mmd,new_family_official_source_mapping,mapped_from_single_block_atlas
26,Qwen3.8-Flash-Next Hybrid MoE,26_qwen3_8_flash_next_hybrid_moe.mmd,2,QSA + Gated Residual + Top-10 Routed/Shared MoE,f26v02_n032,Indexer Q × pooled Kᵀ,mac,SequenceCore,SequenceCore,OP_GR_QSA_MOE,26b_qwen3_8_flash_next_qsa_moe_owner_timing_sequence_v5.mmd,26b_qwen3_8_flash_next_qsa_moe_owner_timing_sequence_v6.mmd,new_family_official_source_mapping,mapped_from_single_block_atlas
26,Qwen3.8-Flash-Next Hybrid MoE,26_qwen3_8_flash_next_hybrid_moe.mmd,2,QSA + Gated Residual + Top-10 Routed/Shared MoE,f26v02_n033,ReLU + index-head sum,other,SequenceCore,SequenceCore,OP_GR_QSA_MOE,26b_qwen3_8_flash_next_qsa_moe_owner_timing_sequence_v5.mmd,26b_qwen3_8_flash_next_qsa_moe_owner_timing_sequence_v6.mmd,new_family_official_source_mapping,mapped_from_single_block_atlas
26,Qwen3.8-Flash-Next Hybrid MoE,26_qwen3_8_flash_next_hybrid_moe.mmd,2,QSA + Gated Residual + Top-10 Routed/Shared MoE,f26v02_n034,Top-512 micro-blocks / 2048 tokens,other,SequenceCore,SequenceCore,OP_GR_QSA_MOE,26b_qwen3_8_flash_next_qsa_moe_owner_timing_sequence_v5.mmd,26b_qwen3_8_flash_next_qsa_moe_owner_timing_sequence_v6.mmd,new_family_official_source_mapping,mapped_from_single_block_atlas
26,Qwen3.8-Flash-Next Hybrid MoE,26_qwen3_8_flash_next_hybrid_moe.mmd,2,QSA + Gated Residual + Top-10 Routed/Shared MoE,f26v02_n035,Selected K/V gather + local tail,state,KVStateCore,KVStateCore,OP_GR_QSA_MOE,26b_qwen3_8_flash_next_qsa_moe_owner_timing_sequence_v5.mmd,26b_qwen3_8_flash_next_qsa_moe_owner_timing_sequence_v6.mmd,new_family_official_source_mapping,mapped_from_single_block_atlas
26,Qwen3.8-Flash-Next Hybrid MoE,26_qwen3_8_flash_next_hybrid_moe.mmd,2,QSA + Gated Residual + Top-10 Routed/Shared MoE,f26v02_n036,Sparse Q × Kᵀ,mac,SequenceCore,SequenceCore,OP_GR_QSA_MOE,26b_qwen3_8_flash_next_qsa_moe_owner_timing_sequence_v5.mmd,26b_qwen3_8_flash_next_qsa_moe_owner_timing_sequence_v6.mmd,new_family_official_source_mapping,mapped_from_single_block_atlas
26,Qwen3.8-Flash-Next Hybrid MoE,26_qwen3_8_flash_next_hybrid_moe.mmd,2,QSA + Gated Residual + Top-10 Routed/Shared MoE,f26v02_n037,Softmax FP32,other,SequenceCore,SequenceCore,OP_GR_QSA_MOE,26b_qwen3_8_flash_next_qsa_moe_owner_timing_sequence_v5.mmd,26b_qwen3_8_flash_next_qsa_moe_owner_timing_sequence_v6.mmd,new_family_official_source_mapping,mapped_from_single_block_atlas
26,Qwen3.8-Flash-Next Hybrid MoE,26_qwen3_8_flash_next_hybrid_moe.mmd,2,QSA + Gated Residual + Top-10 Routed/Shared MoE,f26v02_n038,Sparse P × V / online O recurrence,mac,SequenceCore,SequenceCore,OP_GR_QSA_MOE,26b_qwen3_8_flash_next_qsa_moe_owner_timing_sequence_v5.mmd,26b_qwen3_8_flash_next_qsa_moe_owner_timing_sequence_v6.mmd,new_family_official_source_mapping,mapped_from_single_block_atlas
26,Qwen3.8-Flash-Next Hybrid MoE,26_qwen3_8_flash_next_hybrid_moe.mmd,2,QSA + Gated Residual + Top-10 Routed/Shared MoE,f26v02_n039,Sigmoid output gate,other,ElementwiseTransformCore,SequenceCore,OP_GR_QSA_MOE,26b_qwen3_8_flash_next_qsa_moe_owner_timing_sequence_v5.mmd,26b_qwen3_8_flash_next_qsa_moe_owner_timing_sequence_v6.mmd,new_family_official_source_mapping,AttentionOutputGateCore_in_Sequence
26,Qwen3.8-Flash-Next Hybrid MoE,26_qwen3_8_flash_next_hybrid_moe.mmd,2,QSA + Gated Residual + Top-10 Routed/Shared MoE,f26v02_n040,Context gating,other,ElementwiseTransformCore,SequenceCore,OP_GR_QSA_MOE,26b_qwen3_8_flash_next_qsa_moe_owner_timing_sequence_v5.mmd,26b_qwen3_8_flash_next_qsa_moe_owner_timing_sequence_v6.mmd,new_family_official_source_mapping,AttentionOutputGateCore_in_Sequence
26,Qwen3.8-Flash-Next Hybrid MoE,26_qwen3_8_flash_next_hybrid_moe.mmd,2,QSA + Gated Residual + Top-10 Routed/Shared MoE,f26v02_n041,O Proj,mac,SharedMatrixCore,SharedMatrixCore,OP_GR_QSA_MOE,26b_qwen3_8_flash_next_qsa_moe_owner_timing_sequence_v5.mmd,26b_qwen3_8_flash_next_qsa_moe_owner_timing_sequence_v6.mmd,new_family_official_source_mapping,mapped_from_single_block_atlas
26,Qwen3.8-Flash-Next Hybrid MoE,26_qwen3_8_flash_next_hybrid_moe.mmd,2,QSA + Gated Residual + Top-10 Routed/Shared MoE,f26v02_n042,Attention-site write-gate injection into 4 residual branches,other,ElementwiseTransformCore,ElementwiseTransformCore,OP_GR_QSA_MOE,26b_qwen3_8_flash_next_qsa_moe_owner_timing_sequence_v5.mmd,26b_qwen3_8_flash_next_qsa_moe_owner_timing_sequence_v6.mmd,new_family_official_source_mapping,mapped_from_single_block_atlas
26,Qwen3.8-Flash-Next Hybrid MoE,26_qwen3_8_flash_next_hybrid_moe.mmd,2,QSA + Gated Residual + Top-10 Routed/Shared MoE,f26v02_n043,Attention-site 4-branch residual-state commit,state,OutputCommitCore,OutputCommitCore,OP_GR_QSA_MOE,26b_qwen3_8_flash_next_qsa_moe_owner_timing_sequence_v5.mmd,26b_qwen3_8_flash_next_qsa_moe_owner_timing_sequence_v6.mmd,new_family_official_source_mapping,mapped_from_single_block_atlas
26,Qwen3.8-Flash-Next Hybrid MoE,26_qwen3_8_flash_next_hybrid_moe.mmd,2,QSA + Gated Residual + Top-10 Routed/Shared MoE,f26v02_n044,MLP-site Gated Residual grouped RMSNorm,other,NormCore,NormCore,OP_GR_QSA_MOE,26b_qwen3_8_flash_next_qsa_moe_owner_timing_sequence_v5.mmd,26b_qwen3_8_flash_next_qsa_moe_owner_timing_sequence_v6.mmd,new_family_official_source_mapping,mapped_from_single_block_atlas
26,Qwen3.8-Flash-Next Hybrid MoE,26_qwen3_8_flash_next_hybrid_moe.mmd,2,QSA + Gated Residual + Top-10 Routed/Shared MoE,f26v02_n045,MLP-site input_mix_weight_down,mac,SharedMatrixCore,SharedMatrixCore,OP_GR_QSA_MOE,26b_qwen3_8_flash_next_qsa_moe_owner_timing_sequence_v5.mmd,26b_qwen3_8_flash_next_qsa_moe_owner_timing_sequence_v6.mmd,new_family_official_source_mapping,mapped_from_single_block_atlas
26,Qwen3.8-Flash-Next Hybrid MoE,26_qwen3_8_flash_next_hybrid_moe.mmd,2,QSA + Gated Residual + Top-10 Routed/Shared MoE,f26v02_n046,MLP-site SiLU / hc_count,other,ElementwiseTransformCore,ElementwiseTransformCore,OP_GR_QSA_MOE,26b_qwen3_8_flash_next_qsa_moe_owner_timing_sequence_v5.mmd,26b_qwen3_8_flash_next_qsa_moe_owner_timing_sequence_v6.mmd,new_family_official_source_mapping,mapped_from_single_block_atlas
26,Qwen3.8-Flash-Next Hybrid MoE,26_qwen3_8_flash_next_hybrid_moe.mmd,2,QSA + Gated Residual + Top-10 Routed/Shared MoE,f26v02_n047,MLP-site input_mix_weight_up,mac,SharedMatrixCore,SharedMatrixCore,OP_GR_QSA_MOE,26b_qwen3_8_flash_next_qsa_moe_owner_timing_sequence_v5.mmd,26b_qwen3_8_flash_next_qsa_moe_owner_timing_sequence_v6.mmd,new_family_official_source_mapping,mapped_from_single_block_atlas
26,Qwen3.8-Flash-Next Hybrid MoE,26_qwen3_8_flash_next_hybrid_moe.mmd,2,QSA + Gated Residual + Top-10 Routed/Shared MoE,f26v02_n048,MLP-site Sigmoid read gate,other,ElementwiseTransformCore,ElementwiseTransformCore,OP_GR_QSA_MOE,26b_qwen3_8_flash_next_qsa_moe_owner_timing_sequence_v5.mmd,26b_qwen3_8_flash_next_qsa_moe_owner_timing_sequence_v6.mmd,new_family_official_source_mapping,mapped_from_single_block_atlas
26,Qwen3.8-Flash-Next Hybrid MoE,26_qwen3_8_flash_next_hybrid_moe.mmd,2,QSA + Gated Residual + Top-10 Routed/Shared MoE,f26v02_n049,MLP-site 4-stream weighted mean,other,ElementwiseTransformCore,ElementwiseTransformCore,OP_GR_QSA_MOE,26b_qwen3_8_flash_next_qsa_moe_owner_timing_sequence_v5.mmd,26b_qwen3_8_flash_next_qsa_moe_owner_timing_sequence_v6.mmd,new_family_official_source_mapping,mapped_from_single_block_atlas
26,Qwen3.8-Flash-Next Hybrid MoE,26_qwen3_8_flash_next_hybrid_moe.mmd,2,QSA + Gated Residual + Top-10 Routed/Shared MoE,f26v02_n050,MLP-site block_inject_weight,mac,SharedMatrixCore,SharedMatrixCore,OP_GR_QSA_MOE,26b_qwen3_8_flash_next_qsa_moe_owner_timing_sequence_v5.mmd,26b_qwen3_8_flash_next_qsa_moe_owner_timing_sequence_v6.mmd,new_family_official_source_mapping,mapped_from_single_block_atlas
26,Qwen3.8-Flash-Next Hybrid MoE,26_qwen3_8_flash_next_hybrid_moe.mmd,2,QSA + Gated Residual + Top-10 Routed/Shared MoE,f26v02_n051,MLP-site 2 × Sigmoid write gate,other,ElementwiseTransformCore,ElementwiseTransformCore,OP_GR_QSA_MOE,26b_qwen3_8_flash_next_qsa_moe_owner_timing_sequence_v5.mmd,26b_qwen3_8_flash_next_qsa_moe_owner_timing_sequence_v6.mmd,new_family_official_source_mapping,mapped_from_single_block_atlas
26,Qwen3.8-Flash-Next Hybrid MoE,26_qwen3_8_flash_next_hybrid_moe.mmd,2,QSA + Gated Residual + Top-10 Routed/Shared MoE,f26v02_n052,RMSNorm 2,other,NormCore,NormCore,OP_GR_QSA_MOE,26b_qwen3_8_flash_next_qsa_moe_owner_timing_sequence_v5.mmd,26b_qwen3_8_flash_next_qsa_moe_owner_timing_sequence_v6.mmd,new_family_official_source_mapping,mapped_from_single_block_atlas
26,Qwen3.8-Flash-Next Hybrid MoE,26_qwen3_8_flash_next_hybrid_moe.mmd,2,QSA + Gated Residual + Top-10 Routed/Shared MoE,f26v02_n053,Router projection,mac,SharedMatrixCore,SharedMatrixCore,OP_GR_QSA_MOE,26b_qwen3_8_flash_next_qsa_moe_owner_timing_sequence_v5.mmd,26b_qwen3_8_flash_next_qsa_moe_owner_timing_sequence_v6.mmd,new_family_official_source_mapping,mapped_from_single_block_atlas
26,Qwen3.8-Flash-Next Hybrid MoE,26_qwen3_8_flash_next_hybrid_moe.mmd,2,QSA + Gated Residual + Top-10 Routed/Shared MoE,f26v02_n054,Sigmoid router scoring,other,FeedForwardCore,FeedForwardCore,OP_GR_QSA_MOE,26b_qwen3_8_flash_next_qsa_moe_owner_timing_sequence_v5.mmd,26b_qwen3_8_flash_next_qsa_moe_owner_timing_sequence_v6.mmd,new_family_official_source_mapping,mapped_from_single_block_atlas
26,Qwen3.8-Flash-Next Hybrid MoE,26_qwen3_8_flash_next_hybrid_moe.mmd,2,QSA + Gated Residual + Top-10 Routed/Shared MoE,f26v02_n055,Top-10 + renorm,other,FeedForwardCore,FeedForwardCore,OP_GR_QSA_MOE,26b_qwen3_8_flash_next_qsa_moe_owner_timing_sequence_v5.mmd,26b_qwen3_8_flash_next_qsa_moe_owner_timing_sequence_v6.mmd,new_family_official_source_mapping,mapped_from_single_block_atlas
26,Qwen3.8-Flash-Next Hybrid MoE,26_qwen3_8_flash_next_hybrid_moe.mmd,2,QSA + Gated Residual + Top-10 Routed/Shared MoE,f26v02_n056,Dispatch / gather,other,FeedForwardCore,FeedForwardCore,OP_GR_QSA_MOE,26b_qwen3_8_flash_next_qsa_moe_owner_timing_sequence_v5.mmd,26b_qwen3_8_flash_next_qsa_moe_owner_timing_sequence_v6.mmd,new_family_official_source_mapping,mapped_from_single_block_atlas
26,Qwen3.8-Flash-Next Hybrid MoE,26_qwen3_8_flash_next_hybrid_moe.mmd,2,QSA + Gated Residual + Top-10 Routed/Shared MoE,f26v02_n057,Routed Expert gate_up_proj,mac,SharedMatrixCore,SharedMatrixCore,OP_GR_QSA_MOE,26b_qwen3_8_flash_next_qsa_moe_owner_timing_sequence_v5.mmd,26b_qwen3_8_flash_next_qsa_moe_owner_timing_sequence_v6.mmd,new_family_official_source_mapping,mapped_from_single_block_atlas
26,Qwen3.8-Flash-Next Hybrid MoE,26_qwen3_8_flash_next_hybrid_moe.mmd,2,QSA + Gated Residual + Top-10 Routed/Shared MoE,f26v02_n058,SiLU × up,other,FeedForwardCore,FeedForwardCore,OP_GR_QSA_MOE,26b_qwen3_8_flash_next_qsa_moe_owner_timing_sequence_v5.mmd,26b_qwen3_8_flash_next_qsa_moe_owner_timing_sequence_v6.mmd,new_family_official_source_mapping,mapped_from_single_block_atlas
26,Qwen3.8-Flash-Next Hybrid MoE,26_qwen3_8_flash_next_hybrid_moe.mmd,2,QSA + Gated Residual + Top-10 Routed/Shared MoE,f26v02_n059,Routed Expert down_proj,mac,SharedMatrixCore,SharedMatrixCore,OP_GR_QSA_MOE,26b_qwen3_8_flash_next_qsa_moe_owner_timing_sequence_v5.mmd,26b_qwen3_8_flash_next_qsa_moe_owner_timing_sequence_v6.mmd,new_family_official_source_mapping,mapped_from_single_block_atlas
26,Qwen3.8-Flash-Next Hybrid MoE,26_qwen3_8_flash_next_hybrid_moe.mmd,2,QSA + Gated Residual + Top-10 Routed/Shared MoE,f26v02_n060,Expert weighting,other,FeedForwardCore,FeedForwardCore,OP_GR_QSA_MOE,26b_qwen3_8_flash_next_qsa_moe_owner_timing_sequence_v5.mmd,26b_qwen3_8_flash_next_qsa_moe_owner_timing_sequence_v6.mmd,new_family_official_source_mapping,mapped_from_single_block_atlas
26,Qwen3.8-Flash-Next Hybrid MoE,26_qwen3_8_flash_next_hybrid_moe.mmd,2,QSA + Gated Residual + Top-10 Routed/Shared MoE,f26v02_n061,Shared Expert gate_proj,mac,SharedMatrixCore,SharedMatrixCore,OP_GR_QSA_MOE,26b_qwen3_8_flash_next_qsa_moe_owner_timing_sequence_v5.mmd,26b_qwen3_8_flash_next_qsa_moe_owner_timing_sequence_v6.mmd,new_family_official_source_mapping,mapped_from_single_block_atlas
26,Qwen3.8-Flash-Next Hybrid MoE,26_qwen3_8_flash_next_hybrid_moe.mmd,2,QSA + Gated Residual + Top-10 Routed/Shared MoE,f26v02_n062,Shared Expert up_proj,mac,SharedMatrixCore,SharedMatrixCore,OP_GR_QSA_MOE,26b_qwen3_8_flash_next_qsa_moe_owner_timing_sequence_v5.mmd,26b_qwen3_8_flash_next_qsa_moe_owner_timing_sequence_v6.mmd,new_family_official_source_mapping,mapped_from_single_block_atlas
26,Qwen3.8-Flash-Next Hybrid MoE,26_qwen3_8_flash_next_hybrid_moe.mmd,2,QSA + Gated Residual + Top-10 Routed/Shared MoE,f26v02_n063,Shared Expert SiLU × up,other,FeedForwardCore,FeedForwardCore,OP_GR_QSA_MOE,26b_qwen3_8_flash_next_qsa_moe_owner_timing_sequence_v5.mmd,26b_qwen3_8_flash_next_qsa_moe_owner_timing_sequence_v6.mmd,new_family_official_source_mapping,mapped_from_single_block_atlas
26,Qwen3.8-Flash-Next Hybrid MoE,26_qwen3_8_flash_next_hybrid_moe.mmd,2,QSA + Gated Residual + Top-10 Routed/Shared MoE,f26v02_n064,Shared Expert down_proj,mac,SharedMatrixCore,SharedMatrixCore,OP_GR_QSA_MOE,26b_qwen3_8_flash_next_qsa_moe_owner_timing_sequence_v5.mmd,26b_qwen3_8_flash_next_qsa_moe_owner_timing_sequence_v6.mmd,new_family_official_source_mapping,mapped_from_single_block_atlas
26,Qwen3.8-Flash-Next Hybrid MoE,26_qwen3_8_flash_next_hybrid_moe.mmd,2,QSA + Gated Residual + Top-10 Routed/Shared MoE,f26v02_n065,Shared Expert gate projection,mac,SharedMatrixCore,SharedMatrixCore,OP_GR_QSA_MOE,26b_qwen3_8_flash_next_qsa_moe_owner_timing_sequence_v5.mmd,26b_qwen3_8_flash_next_qsa_moe_owner_timing_sequence_v6.mmd,new_family_official_source_mapping,mapped_from_single_block_atlas
26,Qwen3.8-Flash-Next Hybrid MoE,26_qwen3_8_flash_next_hybrid_moe.mmd,2,QSA + Gated Residual + Top-10 Routed/Shared MoE,f26v02_n066,Shared Expert gate Sigmoid,other,FeedForwardCore,FeedForwardCore,OP_GR_QSA_MOE,26b_qwen3_8_flash_next_qsa_moe_owner_timing_sequence_v5.mmd,26b_qwen3_8_flash_next_qsa_moe_owner_timing_sequence_v6.mmd,new_family_official_source_mapping,mapped_from_single_block_atlas
26,Qwen3.8-Flash-Next Hybrid MoE,26_qwen3_8_flash_next_hybrid_moe.mmd,2,QSA + Gated Residual + Top-10 Routed/Shared MoE,f26v02_n067,Scatter / weighted reduce,other,FeedForwardCore,FeedForwardCore,OP_GR_QSA_MOE,26b_qwen3_8_flash_next_qsa_moe_owner_timing_sequence_v5.mmd,26b_qwen3_8_flash_next_qsa_moe_owner_timing_sequence_v6.mmd,new_family_official_source_mapping,mapped_from_single_block_atlas
26,Qwen3.8-Flash-Next Hybrid MoE,26_qwen3_8_flash_next_hybrid_moe.mmd,2,QSA + Gated Residual + Top-10 Routed/Shared MoE,f26v02_n068,Routed + Shared Expert sum,plus,FeedForwardCore,FeedForwardCore,OP_GR_QSA_MOE,26b_qwen3_8_flash_next_qsa_moe_owner_timing_sequence_v5.mmd,26b_qwen3_8_flash_next_qsa_moe_owner_timing_sequence_v6.mmd,new_family_official_source_mapping,mapped_from_single_block_atlas
26,Qwen3.8-Flash-Next Hybrid MoE,26_qwen3_8_flash_next_hybrid_moe.mmd,2,QSA + Gated Residual + Top-10 Routed/Shared MoE,f26v02_n069,MLP-site write-gate injection into 4 residual branches,other,ElementwiseTransformCore,ElementwiseTransformCore,OP_GR_QSA_MOE,26b_qwen3_8_flash_next_qsa_moe_owner_timing_sequence_v5.mmd,26b_qwen3_8_flash_next_qsa_moe_owner_timing_sequence_v6.mmd,new_family_official_source_mapping,mapped_from_single_block_atlas
26,Qwen3.8-Flash-Next Hybrid MoE,26_qwen3_8_flash_next_hybrid_moe.mmd,2,QSA + Gated Residual + Top-10 Routed/Shared MoE,f26v02_n070,MLP-site 4-branch residual-state commit,state,OutputCommitCore,OutputCommitCore,OP_GR_QSA_MOE,26b_qwen3_8_flash_next_qsa_moe_owner_timing_sequence_v5.mmd,26b_qwen3_8_flash_next_qsa_moe_owner_timing_sequence_v6.mmd,new_family_official_source_mapping,mapped_from_single_block_atlas
27,GLM-5.3-Flash Hybrid MoE,27_glm5_3_flash_hybrid_moe.mmd,1,KDA + mHC + Dense SwiGLU,f27v01_n001,4 residual streams,input,ActivationReadDmaCore,ActivationReadDmaCore,OP_MHC_KDA_DENSE,27a_glm5_3_flash_kda_dense_owner_timing_sequence_v5.mmd,27a_glm5_3_flash_kda_dense_owner_timing_sequence_v6.mmd,new_family_official_source_mapping,mapped_from_single_block_atlas
27,GLM-5.3-Flash Hybrid MoE,27_glm5_3_flash_hybrid_moe.mmd,1,KDA + mHC + Dense SwiGLU,f27v01_n002,Attention-site mHC input RMSNorm,other,NormCore,NormCore,OP_MHC_KDA_DENSE,27a_glm5_3_flash_kda_dense_owner_timing_sequence_v5.mmd,27a_glm5_3_flash_kda_dense_owner_timing_sequence_v6.mmd,new_family_official_source_mapping,mapped_from_single_block_atlas
27,GLM-5.3-Flash Hybrid MoE,27_glm5_3_flash_hybrid_moe.mmd,1,KDA + mHC + Dense SwiGLU,f27v01_n003,Attention-site mHC F.linear(fn),mac,SharedMatrixCore,SharedMatrixCore,OP_MHC_KDA_DENSE,27a_glm5_3_flash_kda_dense_owner_timing_sequence_v5.mmd,27a_glm5_3_flash_kda_dense_owner_timing_sequence_v6.mmd,new_family_official_source_mapping,mapped_from_single_block_atlas
27,GLM-5.3-Flash Hybrid MoE,27_glm5_3_flash_hybrid_moe.mmd,1,KDA + mHC + Dense SwiGLU,f27v01_n004,Attention-site Sigmoid pre weights,other,ElementwiseTransformCore,ElementwiseTransformCore,OP_MHC_KDA_DENSE,27a_glm5_3_flash_kda_dense_owner_timing_sequence_v5.mmd,27a_glm5_3_flash_kda_dense_owner_timing_sequence_v6.mmd,new_family_official_source_mapping,mapped_from_single_block_atlas
27,GLM-5.3-Flash Hybrid MoE,27_glm5_3_flash_hybrid_moe.mmd,1,KDA + mHC + Dense SwiGLU,f27v01_n005,Attention-site 2 × Sigmoid post weights,other,ElementwiseTransformCore,ElementwiseTransformCore,OP_MHC_KDA_DENSE,27a_glm5_3_flash_kda_dense_owner_timing_sequence_v5.mmd,27a_glm5_3_flash_kda_dense_owner_timing_sequence_v6.mmd,new_family_official_source_mapping,mapped_from_single_block_atlas
27,GLM-5.3-Flash Hybrid MoE,27_glm5_3_flash_hybrid_moe.mmd,1,KDA + mHC + Dense SwiGLU,f27v01_n006,Attention-site Softmax + Sinkhorn combine matrix,other,ElementwiseTransformCore,ElementwiseTransformCore,OP_MHC_KDA_DENSE,27a_glm5_3_flash_kda_dense_owner_timing_sequence_v5.mmd,27a_glm5_3_flash_kda_dense_owner_timing_sequence_v6.mmd,new_family_official_source_mapping,mapped_from_single_block_atlas
27,GLM-5.3-Flash Hybrid MoE,27_glm5_3_flash_hybrid_moe.mmd,1,KDA + mHC + Dense SwiGLU,f27v01_n007,Attention-site 4-stream collapse,other,ElementwiseTransformCore,ElementwiseTransformCore,OP_MHC_KDA_DENSE,27a_glm5_3_flash_kda_dense_owner_timing_sequence_v5.mmd,27a_glm5_3_flash_kda_dense_owner_timing_sequence_v6.mmd,new_family_official_source_mapping,mapped_from_single_block_atlas
27,GLM-5.3-Flash Hybrid MoE,27_glm5_3_flash_hybrid_moe.mmd,1,KDA + mHC + Dense SwiGLU,f27v01_n008,Input RMSNorm,other,NormCore,NormCore,OP_MHC_KDA_DENSE,27a_glm5_3_flash_kda_dense_owner_timing_sequence_v5.mmd,27a_glm5_3_flash_kda_dense_owner_timing_sequence_v6.mmd,new_family_official_source_mapping,mapped_from_single_block_atlas
27,GLM-5.3-Flash Hybrid MoE,27_glm5_3_flash_hybrid_moe.mmd,1,KDA + mHC + Dense SwiGLU,f27v01_n009,Q Proj,mac,SharedMatrixCore,SharedMatrixCore,OP_MHC_KDA_DENSE,27a_glm5_3_flash_kda_dense_owner_timing_sequence_v5.mmd,27a_glm5_3_flash_kda_dense_owner_timing_sequence_v6.mmd,new_family_official_source_mapping,mapped_from_single_block_atlas
27,GLM-5.3-Flash Hybrid MoE,27_glm5_3_flash_hybrid_moe.mmd,1,KDA + mHC + Dense SwiGLU,f27v01_n010,K Proj,mac,SharedMatrixCore,SharedMatrixCore,OP_MHC_KDA_DENSE,27a_glm5_3_flash_kda_dense_owner_timing_sequence_v5.mmd,27a_glm5_3_flash_kda_dense_owner_timing_sequence_v6.mmd,new_family_official_source_mapping,mapped_from_single_block_atlas
27,GLM-5.3-Flash Hybrid MoE,27_glm5_3_flash_hybrid_moe.mmd,1,KDA + mHC + Dense SwiGLU,f27v01_n011,V Proj,mac,SharedMatrixCore,SharedMatrixCore,OP_MHC_KDA_DENSE,27a_glm5_3_flash_kda_dense_owner_timing_sequence_v5.mmd,27a_glm5_3_flash_kda_dense_owner_timing_sequence_v6.mmd,new_family_official_source_mapping,mapped_from_single_block_atlas
27,GLM-5.3-Flash Hybrid MoE,27_glm5_3_flash_hybrid_moe.mmd,1,KDA + mHC + Dense SwiGLU,f27v01_n012,Depthwise Conv1D,mac,SharedMatrixCore,SharedMatrixCore,OP_MHC_KDA_DENSE,27a_glm5_3_flash_kda_dense_owner_timing_sequence_v5.mmd,27a_glm5_3_flash_kda_dense_owner_timing_sequence_v6.mmd,new_family_official_source_mapping,mapped_from_single_block_atlas
27,GLM-5.3-Flash Hybrid MoE,27_glm5_3_flash_hybrid_moe.mmd,1,KDA + mHC + Dense SwiGLU,f27v01_n013,SiLU,other,ElementwiseTransformCore,ElementwiseTransformCore,OP_MHC_KDA_DENSE,27a_glm5_3_flash_kda_dense_owner_timing_sequence_v5.mmd,27a_glm5_3_flash_kda_dense_owner_timing_sequence_v6.mmd,new_family_official_source_mapping,mapped_from_single_block_atlas
27,GLM-5.3-Flash Hybrid MoE,27_glm5_3_flash_hybrid_moe.mmd,1,KDA + mHC + Dense SwiGLU,f27v01_n014,Q L2Norm,other,NormCore,NormCore,OP_MHC_KDA_DENSE,27a_glm5_3_flash_kda_dense_owner_timing_sequence_v5.mmd,27a_glm5_3_flash_kda_dense_owner_timing_sequence_v6.mmd,new_family_official_source_mapping,mapped_from_single_block_atlas
27,GLM-5.3-Flash Hybrid MoE,27_glm5_3_flash_hybrid_moe.mmd,1,KDA + mHC + Dense SwiGLU,f27v01_n015,K L2Norm,other,NormCore,NormCore,OP_MHC_KDA_DENSE,27a_glm5_3_flash_kda_dense_owner_timing_sequence_v5.mmd,27a_glm5_3_flash_kda_dense_owner_timing_sequence_v6.mmd,new_family_official_source_mapping,mapped_from_single_block_atlas
27,GLM-5.3-Flash Hybrid MoE,27_glm5_3_flash_hybrid_moe.mmd,1,KDA + mHC + Dense SwiGLU,f27v01_n016,f_a_proj,mac,SharedMatrixCore,SharedMatrixCore,OP_MHC_KDA_DENSE,27a_glm5_3_flash_kda_dense_owner_timing_sequence_v5.mmd,27a_glm5_3_flash_kda_dense_owner_timing_sequence_v6.mmd,new_family_official_source_mapping,mapped_from_single_block_atlas
27,GLM-5.3-Flash Hybrid MoE,27_glm5_3_flash_hybrid_moe.mmd,1,KDA + mHC + Dense SwiGLU,f27v01_n017,f_b_proj,mac,SharedMatrixCore,SharedMatrixCore,OP_MHC_KDA_DENSE,27a_glm5_3_flash_kda_dense_owner_timing_sequence_v5.mmd,27a_glm5_3_flash_kda_dense_owner_timing_sequence_v6.mmd,new_family_official_source_mapping,mapped_from_single_block_atlas
27,GLM-5.3-Flash Hybrid MoE,27_glm5_3_flash_hybrid_moe.mmd,1,KDA + mHC + Dense SwiGLU,f27v01_n018,b_proj,mac,SharedMatrixCore,SharedMatrixCore,OP_MHC_KDA_DENSE,27a_glm5_3_flash_kda_dense_owner_timing_sequence_v5.mmd,27a_glm5_3_flash_kda_dense_owner_timing_sequence_v6.mmd,new_family_official_source_mapping,mapped_from_single_block_atlas
27,GLM-5.3-Flash Hybrid MoE,27_glm5_3_flash_hybrid_moe.mmd,1,KDA + mHC + Dense SwiGLU,f27v01_n019,g_a_proj,mac,SharedMatrixCore,SharedMatrixCore,OP_MHC_KDA_DENSE,27a_glm5_3_flash_kda_dense_owner_timing_sequence_v5.mmd,27a_glm5_3_flash_kda_dense_owner_timing_sequence_v6.mmd,new_family_official_source_mapping,mapped_from_single_block_atlas
27,GLM-5.3-Flash Hybrid MoE,27_glm5_3_flash_hybrid_moe.mmd,1,KDA + mHC + Dense SwiGLU,f27v01_n020,g_b_proj,mac,SharedMatrixCore,SharedMatrixCore,OP_MHC_KDA_DENSE,27a_glm5_3_flash_kda_dense_owner_timing_sequence_v5.mmd,27a_glm5_3_flash_kda_dense_owner_timing_sequence_v6.mmd,new_family_official_source_mapping,mapped_from_single_block_atlas
27,GLM-5.3-Flash Hybrid MoE,27_glm5_3_flash_hybrid_moe.mmd,1,KDA + mHC + Dense SwiGLU,f27v01_n021,dt_bias + A_log,other,ElementwiseTransformCore,ElementwiseTransformCore,OP_MHC_KDA_DENSE,27a_glm5_3_flash_kda_dense_owner_timing_sequence_v5.mmd,27a_glm5_3_flash_kda_dense_owner_timing_sequence_v6.mmd,new_family_official_source_mapping,mapped_from_single_block_atlas
27,GLM-5.3-Flash Hybrid MoE,27_glm5_3_flash_hybrid_moe.mmd,1,KDA + mHC + Dense SwiGLU,f27v01_n022,Exp forget decay,other,ElementwiseTransformCore,ElementwiseTransformCore,OP_MHC_KDA_DENSE,27a_glm5_3_flash_kda_dense_owner_timing_sequence_v5.mmd,27a_glm5_3_flash_kda_dense_owner_timing_sequence_v6.mmd,new_family_official_source_mapping,mapped_from_single_block_atlas
27,GLM-5.3-Flash Hybrid MoE,27_glm5_3_flash_hybrid_moe.mmd,1,KDA + mHC + Dense SwiGLU,f27v01_n023,Safe lower-bound clamp,other,ElementwiseTransformCore,ElementwiseTransformCore,OP_MHC_KDA_DENSE,27a_glm5_3_flash_kda_dense_owner_timing_sequence_v5.mmd,27a_glm5_3_flash_kda_dense_owner_timing_sequence_v6.mmd,new_family_official_source_mapping,mapped_from_single_block_atlas
27,GLM-5.3-Flash Hybrid MoE,27_glm5_3_flash_hybrid_moe.mmd,1,KDA + mHC + Dense SwiGLU,f27v01_n024,Sigmoid input gate β,other,ElementwiseTransformCore,ElementwiseTransformCore,OP_MHC_KDA_DENSE,27a_glm5_3_flash_kda_dense_owner_timing_sequence_v5.mmd,27a_glm5_3_flash_kda_dense_owner_timing_sequence_v6.mmd,new_family_official_source_mapping,mapped_from_single_block_atlas
27,GLM-5.3-Flash Hybrid MoE,27_glm5_3_flash_hybrid_moe.mmd,1,KDA + mHC + Dense SwiGLU,f27v01_n025,Kimi Delta Attention — chunk / recurrent,mac,SequenceCore,SequenceCore,OP_MHC_KDA_DENSE,27a_glm5_3_flash_kda_dense_owner_timing_sequence_v5.mmd,27a_glm5_3_flash_kda_dense_owner_timing_sequence_v6.mmd,new_family_official_source_mapping,mapped_from_single_block_atlas
27,GLM-5.3-Flash Hybrid MoE,27_glm5_3_flash_hybrid_moe.mmd,1,KDA + mHC + Dense SwiGLU,f27v01_n026,KDA recurrent state update,state,KVStateCore,SequenceCore,OP_MHC_KDA_DENSE,27a_glm5_3_flash_kda_dense_owner_timing_sequence_v5.mmd,27a_glm5_3_flash_kda_dense_owner_timing_sequence_v6.mmd,new_family_official_source_mapping,arithmetic_in_Sequence_state_storage_in_KVState
27,GLM-5.3-Flash Hybrid MoE,27_glm5_3_flash_hybrid_moe.mmd,1,KDA + mHC + Dense SwiGLU,f27v01_n027,Gated RMSNorm,other,NormCore,NormCore,OP_MHC_KDA_DENSE,27a_glm5_3_flash_kda_dense_owner_timing_sequence_v5.mmd,27a_glm5_3_flash_kda_dense_owner_timing_sequence_v6.mmd,new_family_official_source_mapping,mapped_from_single_block_atlas
27,GLM-5.3-Flash Hybrid MoE,27_glm5_3_flash_hybrid_moe.mmd,1,KDA + mHC + Dense SwiGLU,f27v01_n028,O Proj,mac,SharedMatrixCore,SharedMatrixCore,OP_MHC_KDA_DENSE,27a_glm5_3_flash_kda_dense_owner_timing_sequence_v5.mmd,27a_glm5_3_flash_kda_dense_owner_timing_sequence_v6.mmd,new_family_official_source_mapping,mapped_from_single_block_atlas
27,GLM-5.3-Flash Hybrid MoE,27_glm5_3_flash_hybrid_moe.mmd,1,KDA + mHC + Dense SwiGLU,f27v01_n029,Attention-site post × output + combᵀ × residual streams,other,ElementwiseTransformCore,ElementwiseTransformCore,OP_MHC_KDA_DENSE,27a_glm5_3_flash_kda_dense_owner_timing_sequence_v5.mmd,27a_glm5_3_flash_kda_dense_owner_timing_sequence_v6.mmd,new_family_official_source_mapping,mapped_from_single_block_atlas
27,GLM-5.3-Flash Hybrid MoE,27_glm5_3_flash_hybrid_moe.mmd,1,KDA + mHC + Dense SwiGLU,f27v01_n030,Attention-site 4-stream residual commit,state,OutputCommitCore,OutputCommitCore,OP_MHC_KDA_DENSE,27a_glm5_3_flash_kda_dense_owner_timing_sequence_v5.mmd,27a_glm5_3_flash_kda_dense_owner_timing_sequence_v6.mmd,new_family_official_source_mapping,mapped_from_single_block_atlas
27,GLM-5.3-Flash Hybrid MoE,27_glm5_3_flash_hybrid_moe.mmd,1,KDA + mHC + Dense SwiGLU,f27v01_n031,FFN-site mHC input RMSNorm,other,NormCore,NormCore,OP_MHC_KDA_DENSE,27a_glm5_3_flash_kda_dense_owner_timing_sequence_v5.mmd,27a_glm5_3_flash_kda_dense_owner_timing_sequence_v6.mmd,new_family_official_source_mapping,mapped_from_single_block_atlas
27,GLM-5.3-Flash Hybrid MoE,27_glm5_3_flash_hybrid_moe.mmd,1,KDA + mHC + Dense SwiGLU,f27v01_n032,FFN-site mHC F.linear(fn),mac,SharedMatrixCore,SharedMatrixCore,OP_MHC_KDA_DENSE,27a_glm5_3_flash_kda_dense_owner_timing_sequence_v5.mmd,27a_glm5_3_flash_kda_dense_owner_timing_sequence_v6.mmd,new_family_official_source_mapping,mapped_from_single_block_atlas
27,GLM-5.3-Flash Hybrid MoE,27_glm5_3_flash_hybrid_moe.mmd,1,KDA + mHC + Dense SwiGLU,f27v01_n033,FFN-site Sigmoid pre weights,other,ElementwiseTransformCore,ElementwiseTransformCore,OP_MHC_KDA_DENSE,27a_glm5_3_flash_kda_dense_owner_timing_sequence_v5.mmd,27a_glm5_3_flash_kda_dense_owner_timing_sequence_v6.mmd,new_family_official_source_mapping,mapped_from_single_block_atlas
27,GLM-5.3-Flash Hybrid MoE,27_glm5_3_flash_hybrid_moe.mmd,1,KDA + mHC + Dense SwiGLU,f27v01_n034,FFN-site 2 × Sigmoid post weights,other,ElementwiseTransformCore,ElementwiseTransformCore,OP_MHC_KDA_DENSE,27a_glm5_3_flash_kda_dense_owner_timing_sequence_v5.mmd,27a_glm5_3_flash_kda_dense_owner_timing_sequence_v6.mmd,new_family_official_source_mapping,mapped_from_single_block_atlas
27,GLM-5.3-Flash Hybrid MoE,27_glm5_3_flash_hybrid_moe.mmd,1,KDA + mHC + Dense SwiGLU,f27v01_n035,FFN-site Softmax + Sinkhorn combine matrix,other,ElementwiseTransformCore,ElementwiseTransformCore,OP_MHC_KDA_DENSE,27a_glm5_3_flash_kda_dense_owner_timing_sequence_v5.mmd,27a_glm5_3_flash_kda_dense_owner_timing_sequence_v6.mmd,new_family_official_source_mapping,mapped_from_single_block_atlas
27,GLM-5.3-Flash Hybrid MoE,27_glm5_3_flash_hybrid_moe.mmd,1,KDA + mHC + Dense SwiGLU,f27v01_n036,FFN-site 4-stream collapse,other,ElementwiseTransformCore,ElementwiseTransformCore,OP_MHC_KDA_DENSE,27a_glm5_3_flash_kda_dense_owner_timing_sequence_v5.mmd,27a_glm5_3_flash_kda_dense_owner_timing_sequence_v6.mmd,new_family_official_source_mapping,mapped_from_single_block_atlas
27,GLM-5.3-Flash Hybrid MoE,27_glm5_3_flash_hybrid_moe.mmd,1,KDA + mHC + Dense SwiGLU,f27v01_n037,RMSNorm 2,other,NormCore,NormCore,OP_MHC_KDA_DENSE,27a_glm5_3_flash_kda_dense_owner_timing_sequence_v5.mmd,27a_glm5_3_flash_kda_dense_owner_timing_sequence_v6.mmd,new_family_official_source_mapping,mapped_from_single_block_atlas
27,GLM-5.3-Flash Hybrid MoE,27_glm5_3_flash_hybrid_moe.mmd,1,KDA + mHC + Dense SwiGLU,f27v01_n038,gate_proj,mac,SharedMatrixCore,SharedMatrixCore,OP_MHC_KDA_DENSE,27a_glm5_3_flash_kda_dense_owner_timing_sequence_v5.mmd,27a_glm5_3_flash_kda_dense_owner_timing_sequence_v6.mmd,new_family_official_source_mapping,mapped_from_single_block_atlas
27,GLM-5.3-Flash Hybrid MoE,27_glm5_3_flash_hybrid_moe.mmd,1,KDA + mHC + Dense SwiGLU,f27v01_n039,up_proj,mac,SharedMatrixCore,SharedMatrixCore,OP_MHC_KDA_DENSE,27a_glm5_3_flash_kda_dense_owner_timing_sequence_v5.mmd,27a_glm5_3_flash_kda_dense_owner_timing_sequence_v6.mmd,new_family_official_source_mapping,mapped_from_single_block_atlas
27,GLM-5.3-Flash Hybrid MoE,27_glm5_3_flash_hybrid_moe.mmd,1,KDA + mHC + Dense SwiGLU,f27v01_n040,"Clamp gate≤10 / up∈[-10,10]",other,FeedForwardCore,FeedForwardCore,OP_MHC_KDA_DENSE,27a_glm5_3_flash_kda_dense_owner_timing_sequence_v5.mmd,27a_glm5_3_flash_kda_dense_owner_timing_sequence_v6.mmd,new_family_official_source_mapping,mapped_from_single_block_atlas
27,GLM-5.3-Flash Hybrid MoE,27_glm5_3_flash_hybrid_moe.mmd,1,KDA + mHC + Dense SwiGLU,f27v01_n041,SiLU,other,FeedForwardCore,FeedForwardCore,OP_MHC_KDA_DENSE,27a_glm5_3_flash_kda_dense_owner_timing_sequence_v5.mmd,27a_glm5_3_flash_kda_dense_owner_timing_sequence_v6.mmd,new_family_official_source_mapping,mapped_from_single_block_atlas
27,GLM-5.3-Flash Hybrid MoE,27_glm5_3_flash_hybrid_moe.mmd,1,KDA + mHC + Dense SwiGLU,f27v01_n042,Elementwise gate,other,FeedForwardCore,FeedForwardCore,OP_MHC_KDA_DENSE,27a_glm5_3_flash_kda_dense_owner_timing_sequence_v5.mmd,27a_glm5_3_flash_kda_dense_owner_timing_sequence_v6.mmd,new_family_official_source_mapping,mapped_from_single_block_atlas
27,GLM-5.3-Flash Hybrid MoE,27_glm5_3_flash_hybrid_moe.mmd,1,KDA + mHC + Dense SwiGLU,f27v01_n043,down_proj,mac,SharedMatrixCore,SharedMatrixCore,OP_MHC_KDA_DENSE,27a_glm5_3_flash_kda_dense_owner_timing_sequence_v5.mmd,27a_glm5_3_flash_kda_dense_owner_timing_sequence_v6.mmd,new_family_official_source_mapping,mapped_from_single_block_atlas
27,GLM-5.3-Flash Hybrid MoE,27_glm5_3_flash_hybrid_moe.mmd,1,KDA + mHC + Dense SwiGLU,f27v01_n044,FFN-site post × output + combᵀ × residual streams,other,ElementwiseTransformCore,ElementwiseTransformCore,OP_MHC_KDA_DENSE,27a_glm5_3_flash_kda_dense_owner_timing_sequence_v5.mmd,27a_glm5_3_flash_kda_dense_owner_timing_sequence_v6.mmd,new_family_official_source_mapping,mapped_from_single_block_atlas
27,GLM-5.3-Flash Hybrid MoE,27_glm5_3_flash_hybrid_moe.mmd,1,KDA + mHC + Dense SwiGLU,f27v01_n045,FFN-site 4-stream residual commit,state,OutputCommitCore,OutputCommitCore,OP_MHC_KDA_DENSE,27a_glm5_3_flash_kda_dense_owner_timing_sequence_v5.mmd,27a_glm5_3_flash_kda_dense_owner_timing_sequence_v6.mmd,new_family_official_source_mapping,mapped_from_single_block_atlas
27,GLM-5.3-Flash Hybrid MoE,27_glm5_3_flash_hybrid_moe.mmd,2,KDA + mHC + Top-8 Routed/Shared MoE,f27v02_n001,4 residual streams,input,ActivationReadDmaCore,ActivationReadDmaCore,OP_MHC_KDA_MOE,27b_glm5_3_flash_kda_moe_owner_timing_sequence_v5.mmd,27b_glm5_3_flash_kda_moe_owner_timing_sequence_v6.mmd,new_family_official_source_mapping,mapped_from_single_block_atlas
27,GLM-5.3-Flash Hybrid MoE,27_glm5_3_flash_hybrid_moe.mmd,2,KDA + mHC + Top-8 Routed/Shared MoE,f27v02_n002,Attention-site mHC input RMSNorm,other,NormCore,NormCore,OP_MHC_KDA_MOE,27b_glm5_3_flash_kda_moe_owner_timing_sequence_v5.mmd,27b_glm5_3_flash_kda_moe_owner_timing_sequence_v6.mmd,new_family_official_source_mapping,mapped_from_single_block_atlas
27,GLM-5.3-Flash Hybrid MoE,27_glm5_3_flash_hybrid_moe.mmd,2,KDA + mHC + Top-8 Routed/Shared MoE,f27v02_n003,Attention-site mHC F.linear(fn),mac,SharedMatrixCore,SharedMatrixCore,OP_MHC_KDA_MOE,27b_glm5_3_flash_kda_moe_owner_timing_sequence_v5.mmd,27b_glm5_3_flash_kda_moe_owner_timing_sequence_v6.mmd,new_family_official_source_mapping,mapped_from_single_block_atlas
27,GLM-5.3-Flash Hybrid MoE,27_glm5_3_flash_hybrid_moe.mmd,2,KDA + mHC + Top-8 Routed/Shared MoE,f27v02_n004,Attention-site Sigmoid pre weights,other,ElementwiseTransformCore,ElementwiseTransformCore,OP_MHC_KDA_MOE,27b_glm5_3_flash_kda_moe_owner_timing_sequence_v5.mmd,27b_glm5_3_flash_kda_moe_owner_timing_sequence_v6.mmd,new_family_official_source_mapping,mapped_from_single_block_atlas
27,GLM-5.3-Flash Hybrid MoE,27_glm5_3_flash_hybrid_moe.mmd,2,KDA + mHC + Top-8 Routed/Shared MoE,f27v02_n005,Attention-site 2 × Sigmoid post weights,other,ElementwiseTransformCore,ElementwiseTransformCore,OP_MHC_KDA_MOE,27b_glm5_3_flash_kda_moe_owner_timing_sequence_v5.mmd,27b_glm5_3_flash_kda_moe_owner_timing_sequence_v6.mmd,new_family_official_source_mapping,mapped_from_single_block_atlas
27,GLM-5.3-Flash Hybrid MoE,27_glm5_3_flash_hybrid_moe.mmd,2,KDA + mHC + Top-8 Routed/Shared MoE,f27v02_n006,Attention-site Softmax + Sinkhorn combine matrix,other,ElementwiseTransformCore,ElementwiseTransformCore,OP_MHC_KDA_MOE,27b_glm5_3_flash_kda_moe_owner_timing_sequence_v5.mmd,27b_glm5_3_flash_kda_moe_owner_timing_sequence_v6.mmd,new_family_official_source_mapping,mapped_from_single_block_atlas
27,GLM-5.3-Flash Hybrid MoE,27_glm5_3_flash_hybrid_moe.mmd,2,KDA + mHC + Top-8 Routed/Shared MoE,f27v02_n007,Attention-site 4-stream collapse,other,ElementwiseTransformCore,ElementwiseTransformCore,OP_MHC_KDA_MOE,27b_glm5_3_flash_kda_moe_owner_timing_sequence_v5.mmd,27b_glm5_3_flash_kda_moe_owner_timing_sequence_v6.mmd,new_family_official_source_mapping,mapped_from_single_block_atlas
27,GLM-5.3-Flash Hybrid MoE,27_glm5_3_flash_hybrid_moe.mmd,2,KDA + mHC + Top-8 Routed/Shared MoE,f27v02_n008,Input RMSNorm,other,NormCore,NormCore,OP_MHC_KDA_MOE,27b_glm5_3_flash_kda_moe_owner_timing_sequence_v5.mmd,27b_glm5_3_flash_kda_moe_owner_timing_sequence_v6.mmd,new_family_official_source_mapping,mapped_from_single_block_atlas
27,GLM-5.3-Flash Hybrid MoE,27_glm5_3_flash_hybrid_moe.mmd,2,KDA + mHC + Top-8 Routed/Shared MoE,f27v02_n009,Q Proj,mac,SharedMatrixCore,SharedMatrixCore,OP_MHC_KDA_MOE,27b_glm5_3_flash_kda_moe_owner_timing_sequence_v5.mmd,27b_glm5_3_flash_kda_moe_owner_timing_sequence_v6.mmd,new_family_official_source_mapping,mapped_from_single_block_atlas
27,GLM-5.3-Flash Hybrid MoE,27_glm5_3_flash_hybrid_moe.mmd,2,KDA + mHC + Top-8 Routed/Shared MoE,f27v02_n010,K Proj,mac,SharedMatrixCore,SharedMatrixCore,OP_MHC_KDA_MOE,27b_glm5_3_flash_kda_moe_owner_timing_sequence_v5.mmd,27b_glm5_3_flash_kda_moe_owner_timing_sequence_v6.mmd,new_family_official_source_mapping,mapped_from_single_block_atlas
27,GLM-5.3-Flash Hybrid MoE,27_glm5_3_flash_hybrid_moe.mmd,2,KDA + mHC + Top-8 Routed/Shared MoE,f27v02_n011,V Proj,mac,SharedMatrixCore,SharedMatrixCore,OP_MHC_KDA_MOE,27b_glm5_3_flash_kda_moe_owner_timing_sequence_v5.mmd,27b_glm5_3_flash_kda_moe_owner_timing_sequence_v6.mmd,new_family_official_source_mapping,mapped_from_single_block_atlas
27,GLM-5.3-Flash Hybrid MoE,27_glm5_3_flash_hybrid_moe.mmd,2,KDA + mHC + Top-8 Routed/Shared MoE,f27v02_n012,Depthwise Conv1D,mac,SharedMatrixCore,SharedMatrixCore,OP_MHC_KDA_MOE,27b_glm5_3_flash_kda_moe_owner_timing_sequence_v5.mmd,27b_glm5_3_flash_kda_moe_owner_timing_sequence_v6.mmd,new_family_official_source_mapping,mapped_from_single_block_atlas
27,GLM-5.3-Flash Hybrid MoE,27_glm5_3_flash_hybrid_moe.mmd,2,KDA + mHC + Top-8 Routed/Shared MoE,f27v02_n013,SiLU,other,ElementwiseTransformCore,ElementwiseTransformCore,OP_MHC_KDA_MOE,27b_glm5_3_flash_kda_moe_owner_timing_sequence_v5.mmd,27b_glm5_3_flash_kda_moe_owner_timing_sequence_v6.mmd,new_family_official_source_mapping,mapped_from_single_block_atlas
27,GLM-5.3-Flash Hybrid MoE,27_glm5_3_flash_hybrid_moe.mmd,2,KDA + mHC + Top-8 Routed/Shared MoE,f27v02_n014,Q L2Norm,other,NormCore,NormCore,OP_MHC_KDA_MOE,27b_glm5_3_flash_kda_moe_owner_timing_sequence_v5.mmd,27b_glm5_3_flash_kda_moe_owner_timing_sequence_v6.mmd,new_family_official_source_mapping,mapped_from_single_block_atlas
27,GLM-5.3-Flash Hybrid MoE,27_glm5_3_flash_hybrid_moe.mmd,2,KDA + mHC + Top-8 Routed/Shared MoE,f27v02_n015,K L2Norm,other,NormCore,NormCore,OP_MHC_KDA_MOE,27b_glm5_3_flash_kda_moe_owner_timing_sequence_v5.mmd,27b_glm5_3_flash_kda_moe_owner_timing_sequence_v6.mmd,new_family_official_source_mapping,mapped_from_single_block_atlas
27,GLM-5.3-Flash Hybrid MoE,27_glm5_3_flash_hybrid_moe.mmd,2,KDA + mHC + Top-8 Routed/Shared MoE,f27v02_n016,f_a_proj,mac,SharedMatrixCore,SharedMatrixCore,OP_MHC_KDA_MOE,27b_glm5_3_flash_kda_moe_owner_timing_sequence_v5.mmd,27b_glm5_3_flash_kda_moe_owner_timing_sequence_v6.mmd,new_family_official_source_mapping,mapped_from_single_block_atlas
27,GLM-5.3-Flash Hybrid MoE,27_glm5_3_flash_hybrid_moe.mmd,2,KDA + mHC + Top-8 Routed/Shared MoE,f27v02_n017,f_b_proj,mac,SharedMatrixCore,SharedMatrixCore,OP_MHC_KDA_MOE,27b_glm5_3_flash_kda_moe_owner_timing_sequence_v5.mmd,27b_glm5_3_flash_kda_moe_owner_timing_sequence_v6.mmd,new_family_official_source_mapping,mapped_from_single_block_atlas
27,GLM-5.3-Flash Hybrid MoE,27_glm5_3_flash_hybrid_moe.mmd,2,KDA + mHC + Top-8 Routed/Shared MoE,f27v02_n018,b_proj,mac,SharedMatrixCore,SharedMatrixCore,OP_MHC_KDA_MOE,27b_glm5_3_flash_kda_moe_owner_timing_sequence_v5.mmd,27b_glm5_3_flash_kda_moe_owner_timing_sequence_v6.mmd,new_family_official_source_mapping,mapped_from_single_block_atlas
27,GLM-5.3-Flash Hybrid MoE,27_glm5_3_flash_hybrid_moe.mmd,2,KDA + mHC + Top-8 Routed/Shared MoE,f27v02_n019,g_a_proj,mac,SharedMatrixCore,SharedMatrixCore,OP_MHC_KDA_MOE,27b_glm5_3_flash_kda_moe_owner_timing_sequence_v5.mmd,27b_glm5_3_flash_kda_moe_owner_timing_sequence_v6.mmd,new_family_official_source_mapping,mapped_from_single_block_atlas
27,GLM-5.3-Flash Hybrid MoE,27_glm5_3_flash_hybrid_moe.mmd,2,KDA + mHC + Top-8 Routed/Shared MoE,f27v02_n020,g_b_proj,mac,SharedMatrixCore,SharedMatrixCore,OP_MHC_KDA_MOE,27b_glm5_3_flash_kda_moe_owner_timing_sequence_v5.mmd,27b_glm5_3_flash_kda_moe_owner_timing_sequence_v6.mmd,new_family_official_source_mapping,mapped_from_single_block_atlas
27,GLM-5.3-Flash Hybrid MoE,27_glm5_3_flash_hybrid_moe.mmd,2,KDA + mHC + Top-8 Routed/Shared MoE,f27v02_n021,dt_bias + A_log,other,ElementwiseTransformCore,ElementwiseTransformCore,OP_MHC_KDA_MOE,27b_glm5_3_flash_kda_moe_owner_timing_sequence_v5.mmd,27b_glm5_3_flash_kda_moe_owner_timing_sequence_v6.mmd,new_family_official_source_mapping,mapped_from_single_block_atlas
27,GLM-5.3-Flash Hybrid MoE,27_glm5_3_flash_hybrid_moe.mmd,2,KDA + mHC + Top-8 Routed/Shared MoE,f27v02_n022,Exp forget decay,other,ElementwiseTransformCore,ElementwiseTransformCore,OP_MHC_KDA_MOE,27b_glm5_3_flash_kda_moe_owner_timing_sequence_v5.mmd,27b_glm5_3_flash_kda_moe_owner_timing_sequence_v6.mmd,new_family_official_source_mapping,mapped_from_single_block_atlas
27,GLM-5.3-Flash Hybrid MoE,27_glm5_3_flash_hybrid_moe.mmd,2,KDA + mHC + Top-8 Routed/Shared MoE,f27v02_n023,Safe lower-bound clamp,other,ElementwiseTransformCore,ElementwiseTransformCore,OP_MHC_KDA_MOE,27b_glm5_3_flash_kda_moe_owner_timing_sequence_v5.mmd,27b_glm5_3_flash_kda_moe_owner_timing_sequence_v6.mmd,new_family_official_source_mapping,mapped_from_single_block_atlas
27,GLM-5.3-Flash Hybrid MoE,27_glm5_3_flash_hybrid_moe.mmd,2,KDA + mHC + Top-8 Routed/Shared MoE,f27v02_n024,Sigmoid input gate β,other,ElementwiseTransformCore,ElementwiseTransformCore,OP_MHC_KDA_MOE,27b_glm5_3_flash_kda_moe_owner_timing_sequence_v5.mmd,27b_glm5_3_flash_kda_moe_owner_timing_sequence_v6.mmd,new_family_official_source_mapping,mapped_from_single_block_atlas
27,GLM-5.3-Flash Hybrid MoE,27_glm5_3_flash_hybrid_moe.mmd,2,KDA + mHC + Top-8 Routed/Shared MoE,f27v02_n025,Kimi Delta Attention — chunk / recurrent,mac,SequenceCore,SequenceCore,OP_MHC_KDA_MOE,27b_glm5_3_flash_kda_moe_owner_timing_sequence_v5.mmd,27b_glm5_3_flash_kda_moe_owner_timing_sequence_v6.mmd,new_family_official_source_mapping,mapped_from_single_block_atlas
27,GLM-5.3-Flash Hybrid MoE,27_glm5_3_flash_hybrid_moe.mmd,2,KDA + mHC + Top-8 Routed/Shared MoE,f27v02_n026,KDA recurrent state update,state,KVStateCore,SequenceCore,OP_MHC_KDA_MOE,27b_glm5_3_flash_kda_moe_owner_timing_sequence_v5.mmd,27b_glm5_3_flash_kda_moe_owner_timing_sequence_v6.mmd,new_family_official_source_mapping,arithmetic_in_Sequence_state_storage_in_KVState
27,GLM-5.3-Flash Hybrid MoE,27_glm5_3_flash_hybrid_moe.mmd,2,KDA + mHC + Top-8 Routed/Shared MoE,f27v02_n027,Gated RMSNorm,other,NormCore,NormCore,OP_MHC_KDA_MOE,27b_glm5_3_flash_kda_moe_owner_timing_sequence_v5.mmd,27b_glm5_3_flash_kda_moe_owner_timing_sequence_v6.mmd,new_family_official_source_mapping,mapped_from_single_block_atlas
27,GLM-5.3-Flash Hybrid MoE,27_glm5_3_flash_hybrid_moe.mmd,2,KDA + mHC + Top-8 Routed/Shared MoE,f27v02_n028,O Proj,mac,SharedMatrixCore,SharedMatrixCore,OP_MHC_KDA_MOE,27b_glm5_3_flash_kda_moe_owner_timing_sequence_v5.mmd,27b_glm5_3_flash_kda_moe_owner_timing_sequence_v6.mmd,new_family_official_source_mapping,mapped_from_single_block_atlas
27,GLM-5.3-Flash Hybrid MoE,27_glm5_3_flash_hybrid_moe.mmd,2,KDA + mHC + Top-8 Routed/Shared MoE,f27v02_n029,Attention-site post × output + combᵀ × residual streams,other,ElementwiseTransformCore,ElementwiseTransformCore,OP_MHC_KDA_MOE,27b_glm5_3_flash_kda_moe_owner_timing_sequence_v5.mmd,27b_glm5_3_flash_kda_moe_owner_timing_sequence_v6.mmd,new_family_official_source_mapping,mapped_from_single_block_atlas
27,GLM-5.3-Flash Hybrid MoE,27_glm5_3_flash_hybrid_moe.mmd,2,KDA + mHC + Top-8 Routed/Shared MoE,f27v02_n030,Attention-site 4-stream residual commit,state,OutputCommitCore,OutputCommitCore,OP_MHC_KDA_MOE,27b_glm5_3_flash_kda_moe_owner_timing_sequence_v5.mmd,27b_glm5_3_flash_kda_moe_owner_timing_sequence_v6.mmd,new_family_official_source_mapping,mapped_from_single_block_atlas
27,GLM-5.3-Flash Hybrid MoE,27_glm5_3_flash_hybrid_moe.mmd,2,KDA + mHC + Top-8 Routed/Shared MoE,f27v02_n031,FFN-site mHC input RMSNorm,other,NormCore,NormCore,OP_MHC_KDA_MOE,27b_glm5_3_flash_kda_moe_owner_timing_sequence_v5.mmd,27b_glm5_3_flash_kda_moe_owner_timing_sequence_v6.mmd,new_family_official_source_mapping,mapped_from_single_block_atlas
27,GLM-5.3-Flash Hybrid MoE,27_glm5_3_flash_hybrid_moe.mmd,2,KDA + mHC + Top-8 Routed/Shared MoE,f27v02_n032,FFN-site mHC F.linear(fn),mac,SharedMatrixCore,SharedMatrixCore,OP_MHC_KDA_MOE,27b_glm5_3_flash_kda_moe_owner_timing_sequence_v5.mmd,27b_glm5_3_flash_kda_moe_owner_timing_sequence_v6.mmd,new_family_official_source_mapping,mapped_from_single_block_atlas
27,GLM-5.3-Flash Hybrid MoE,27_glm5_3_flash_hybrid_moe.mmd,2,KDA + mHC + Top-8 Routed/Shared MoE,f27v02_n033,FFN-site Sigmoid pre weights,other,ElementwiseTransformCore,ElementwiseTransformCore,OP_MHC_KDA_MOE,27b_glm5_3_flash_kda_moe_owner_timing_sequence_v5.mmd,27b_glm5_3_flash_kda_moe_owner_timing_sequence_v6.mmd,new_family_official_source_mapping,mapped_from_single_block_atlas
27,GLM-5.3-Flash Hybrid MoE,27_glm5_3_flash_hybrid_moe.mmd,2,KDA + mHC + Top-8 Routed/Shared MoE,f27v02_n034,FFN-site 2 × Sigmoid post weights,other,ElementwiseTransformCore,ElementwiseTransformCore,OP_MHC_KDA_MOE,27b_glm5_3_flash_kda_moe_owner_timing_sequence_v5.mmd,27b_glm5_3_flash_kda_moe_owner_timing_sequence_v6.mmd,new_family_official_source_mapping,mapped_from_single_block_atlas
27,GLM-5.3-Flash Hybrid MoE,27_glm5_3_flash_hybrid_moe.mmd,2,KDA + mHC + Top-8 Routed/Shared MoE,f27v02_n035,FFN-site Softmax + Sinkhorn combine matrix,other,ElementwiseTransformCore,ElementwiseTransformCore,OP_MHC_KDA_MOE,27b_glm5_3_flash_kda_moe_owner_timing_sequence_v5.mmd,27b_glm5_3_flash_kda_moe_owner_timing_sequence_v6.mmd,new_family_official_source_mapping,mapped_from_single_block_atlas
27,GLM-5.3-Flash Hybrid MoE,27_glm5_3_flash_hybrid_moe.mmd,2,KDA + mHC + Top-8 Routed/Shared MoE,f27v02_n036,FFN-site 4-stream collapse,other,ElementwiseTransformCore,ElementwiseTransformCore,OP_MHC_KDA_MOE,27b_glm5_3_flash_kda_moe_owner_timing_sequence_v5.mmd,27b_glm5_3_flash_kda_moe_owner_timing_sequence_v6.mmd,new_family_official_source_mapping,mapped_from_single_block_atlas
27,GLM-5.3-Flash Hybrid MoE,27_glm5_3_flash_hybrid_moe.mmd,2,KDA + mHC + Top-8 Routed/Shared MoE,f27v02_n037,RMSNorm 2,other,NormCore,NormCore,OP_MHC_KDA_MOE,27b_glm5_3_flash_kda_moe_owner_timing_sequence_v5.mmd,27b_glm5_3_flash_kda_moe_owner_timing_sequence_v6.mmd,new_family_official_source_mapping,mapped_from_single_block_atlas
27,GLM-5.3-Flash Hybrid MoE,27_glm5_3_flash_hybrid_moe.mmd,2,KDA + mHC + Top-8 Routed/Shared MoE,f27v02_n038,Router projection,mac,SharedMatrixCore,SharedMatrixCore,OP_MHC_KDA_MOE,27b_glm5_3_flash_kda_moe_owner_timing_sequence_v5.mmd,27b_glm5_3_flash_kda_moe_owner_timing_sequence_v6.mmd,new_family_official_source_mapping,mapped_from_single_block_atlas
27,GLM-5.3-Flash Hybrid MoE,27_glm5_3_flash_hybrid_moe.mmd,2,KDA + mHC + Top-8 Routed/Shared MoE,f27v02_n039,Sigmoid router scoring,other,FeedForwardCore,FeedForwardCore,OP_MHC_KDA_MOE,27b_glm5_3_flash_kda_moe_owner_timing_sequence_v5.mmd,27b_glm5_3_flash_kda_moe_owner_timing_sequence_v6.mmd,new_family_official_source_mapping,mapped_from_single_block_atlas
27,GLM-5.3-Flash Hybrid MoE,27_glm5_3_flash_hybrid_moe.mmd,2,KDA + mHC + Top-8 Routed/Shared MoE,f27v02_n040,Top-8 + renorm,other,FeedForwardCore,FeedForwardCore,OP_MHC_KDA_MOE,27b_glm5_3_flash_kda_moe_owner_timing_sequence_v5.mmd,27b_glm5_3_flash_kda_moe_owner_timing_sequence_v6.mmd,new_family_official_source_mapping,mapped_from_single_block_atlas
27,GLM-5.3-Flash Hybrid MoE,27_glm5_3_flash_hybrid_moe.mmd,2,KDA + mHC + Top-8 Routed/Shared MoE,f27v02_n041,Dispatch / gather,other,FeedForwardCore,FeedForwardCore,OP_MHC_KDA_MOE,27b_glm5_3_flash_kda_moe_owner_timing_sequence_v5.mmd,27b_glm5_3_flash_kda_moe_owner_timing_sequence_v6.mmd,new_family_official_source_mapping,mapped_from_single_block_atlas
27,GLM-5.3-Flash Hybrid MoE,27_glm5_3_flash_hybrid_moe.mmd,2,KDA + mHC + Top-8 Routed/Shared MoE,f27v02_n042,Routed Expert gate_up_proj,mac,SharedMatrixCore,SharedMatrixCore,OP_MHC_KDA_MOE,27b_glm5_3_flash_kda_moe_owner_timing_sequence_v5.mmd,27b_glm5_3_flash_kda_moe_owner_timing_sequence_v6.mmd,new_family_official_source_mapping,mapped_from_single_block_atlas
27,GLM-5.3-Flash Hybrid MoE,27_glm5_3_flash_hybrid_moe.mmd,2,KDA + mHC + Top-8 Routed/Shared MoE,f27v02_n043,"Clamp gate≤10 / up∈[-10,10]",other,FeedForwardCore,FeedForwardCore,OP_MHC_KDA_MOE,27b_glm5_3_flash_kda_moe_owner_timing_sequence_v5.mmd,27b_glm5_3_flash_kda_moe_owner_timing_sequence_v6.mmd,new_family_official_source_mapping,mapped_from_single_block_atlas
27,GLM-5.3-Flash Hybrid MoE,27_glm5_3_flash_hybrid_moe.mmd,2,KDA + mHC + Top-8 Routed/Shared MoE,f27v02_n044,SiLU × up,other,FeedForwardCore,FeedForwardCore,OP_MHC_KDA_MOE,27b_glm5_3_flash_kda_moe_owner_timing_sequence_v5.mmd,27b_glm5_3_flash_kda_moe_owner_timing_sequence_v6.mmd,new_family_official_source_mapping,mapped_from_single_block_atlas
27,GLM-5.3-Flash Hybrid MoE,27_glm5_3_flash_hybrid_moe.mmd,2,KDA + mHC + Top-8 Routed/Shared MoE,f27v02_n045,Routed Expert down_proj,mac,SharedMatrixCore,SharedMatrixCore,OP_MHC_KDA_MOE,27b_glm5_3_flash_kda_moe_owner_timing_sequence_v5.mmd,27b_glm5_3_flash_kda_moe_owner_timing_sequence_v6.mmd,new_family_official_source_mapping,mapped_from_single_block_atlas
27,GLM-5.3-Flash Hybrid MoE,27_glm5_3_flash_hybrid_moe.mmd,2,KDA + mHC + Top-8 Routed/Shared MoE,f27v02_n046,Expert weighting,other,FeedForwardCore,FeedForwardCore,OP_MHC_KDA_MOE,27b_glm5_3_flash_kda_moe_owner_timing_sequence_v5.mmd,27b_glm5_3_flash_kda_moe_owner_timing_sequence_v6.mmd,new_family_official_source_mapping,mapped_from_single_block_atlas
27,GLM-5.3-Flash Hybrid MoE,27_glm5_3_flash_hybrid_moe.mmd,2,KDA + mHC + Top-8 Routed/Shared MoE,f27v02_n047,Shared Expert gate_proj,mac,SharedMatrixCore,SharedMatrixCore,OP_MHC_KDA_MOE,27b_glm5_3_flash_kda_moe_owner_timing_sequence_v5.mmd,27b_glm5_3_flash_kda_moe_owner_timing_sequence_v6.mmd,new_family_official_source_mapping,mapped_from_single_block_atlas
27,GLM-5.3-Flash Hybrid MoE,27_glm5_3_flash_hybrid_moe.mmd,2,KDA + mHC + Top-8 Routed/Shared MoE,f27v02_n048,Shared Expert up_proj,mac,SharedMatrixCore,SharedMatrixCore,OP_MHC_KDA_MOE,27b_glm5_3_flash_kda_moe_owner_timing_sequence_v5.mmd,27b_glm5_3_flash_kda_moe_owner_timing_sequence_v6.mmd,new_family_official_source_mapping,mapped_from_single_block_atlas
27,GLM-5.3-Flash Hybrid MoE,27_glm5_3_flash_hybrid_moe.mmd,2,KDA + mHC + Top-8 Routed/Shared MoE,f27v02_n049,"Clamp gate≤10 / up∈[-10,10]",other,FeedForwardCore,FeedForwardCore,OP_MHC_KDA_MOE,27b_glm5_3_flash_kda_moe_owner_timing_sequence_v5.mmd,27b_glm5_3_flash_kda_moe_owner_timing_sequence_v6.mmd,new_family_official_source_mapping,mapped_from_single_block_atlas
27,GLM-5.3-Flash Hybrid MoE,27_glm5_3_flash_hybrid_moe.mmd,2,KDA + mHC + Top-8 Routed/Shared MoE,f27v02_n050,Shared Expert SiLU × up,other,FeedForwardCore,FeedForwardCore,OP_MHC_KDA_MOE,27b_glm5_3_flash_kda_moe_owner_timing_sequence_v5.mmd,27b_glm5_3_flash_kda_moe_owner_timing_sequence_v6.mmd,new_family_official_source_mapping,mapped_from_single_block_atlas
27,GLM-5.3-Flash Hybrid MoE,27_glm5_3_flash_hybrid_moe.mmd,2,KDA + mHC + Top-8 Routed/Shared MoE,f27v02_n051,Shared Expert down_proj,mac,SharedMatrixCore,SharedMatrixCore,OP_MHC_KDA_MOE,27b_glm5_3_flash_kda_moe_owner_timing_sequence_v5.mmd,27b_glm5_3_flash_kda_moe_owner_timing_sequence_v6.mmd,new_family_official_source_mapping,mapped_from_single_block_atlas
27,GLM-5.3-Flash Hybrid MoE,27_glm5_3_flash_hybrid_moe.mmd,2,KDA + mHC + Top-8 Routed/Shared MoE,f27v02_n052,Shared Expert gate projection,mac,SharedMatrixCore,SharedMatrixCore,OP_MHC_KDA_MOE,27b_glm5_3_flash_kda_moe_owner_timing_sequence_v5.mmd,27b_glm5_3_flash_kda_moe_owner_timing_sequence_v6.mmd,new_family_official_source_mapping,mapped_from_single_block_atlas
27,GLM-5.3-Flash Hybrid MoE,27_glm5_3_flash_hybrid_moe.mmd,2,KDA + mHC + Top-8 Routed/Shared MoE,f27v02_n053,Shared Expert gate Sigmoid,other,FeedForwardCore,FeedForwardCore,OP_MHC_KDA_MOE,27b_glm5_3_flash_kda_moe_owner_timing_sequence_v5.mmd,27b_glm5_3_flash_kda_moe_owner_timing_sequence_v6.mmd,new_family_official_source_mapping,mapped_from_single_block_atlas
27,GLM-5.3-Flash Hybrid MoE,27_glm5_3_flash_hybrid_moe.mmd,2,KDA + mHC + Top-8 Routed/Shared MoE,f27v02_n054,Scatter / weighted reduce,other,FeedForwardCore,FeedForwardCore,OP_MHC_KDA_MOE,27b_glm5_3_flash_kda_moe_owner_timing_sequence_v5.mmd,27b_glm5_3_flash_kda_moe_owner_timing_sequence_v6.mmd,new_family_official_source_mapping,mapped_from_single_block_atlas
27,GLM-5.3-Flash Hybrid MoE,27_glm5_3_flash_hybrid_moe.mmd,2,KDA + mHC + Top-8 Routed/Shared MoE,f27v02_n055,Routed + Shared Expert sum,plus,FeedForwardCore,FeedForwardCore,OP_MHC_KDA_MOE,27b_glm5_3_flash_kda_moe_owner_timing_sequence_v5.mmd,27b_glm5_3_flash_kda_moe_owner_timing_sequence_v6.mmd,new_family_official_source_mapping,mapped_from_single_block_atlas
27,GLM-5.3-Flash Hybrid MoE,27_glm5_3_flash_hybrid_moe.mmd,2,KDA + mHC + Top-8 Routed/Shared MoE,f27v02_n056,FFN-site post × output + combᵀ × residual streams,other,ElementwiseTransformCore,ElementwiseTransformCore,OP_MHC_KDA_MOE,27b_glm5_3_flash_kda_moe_owner_timing_sequence_v5.mmd,27b_glm5_3_flash_kda_moe_owner_timing_sequence_v6.mmd,new_family_official_source_mapping,mapped_from_single_block_atlas
27,GLM-5.3-Flash Hybrid MoE,27_glm5_3_flash_hybrid_moe.mmd,2,KDA + mHC + Top-8 Routed/Shared MoE,f27v02_n057,FFN-site 4-stream residual commit,state,OutputCommitCore,OutputCommitCore,OP_MHC_KDA_MOE,27b_glm5_3_flash_kda_moe_owner_timing_sequence_v5.mmd,27b_glm5_3_flash_kda_moe_owner_timing_sequence_v6.mmd,new_family_official_source_mapping,mapped_from_single_block_atlas
27,GLM-5.3-Flash Hybrid MoE,27_glm5_3_flash_hybrid_moe.mmd,3,NoPE MLA/DSA + mHC + Top-8 Routed/Shared MoE,f27v03_n001,4 residual streams,input,ActivationReadDmaCore,ActivationReadDmaCore,OP_MHC_DSA_MOE,27c_glm5_3_flash_dsa_moe_owner_timing_sequence_v5.mmd,27c_glm5_3_flash_dsa_moe_owner_timing_sequence_v6.mmd,new_family_official_source_mapping,mapped_from_single_block_atlas
27,GLM-5.3-Flash Hybrid MoE,27_glm5_3_flash_hybrid_moe.mmd,3,NoPE MLA/DSA + mHC + Top-8 Routed/Shared MoE,f27v03_n002,Attention-site mHC input RMSNorm,other,NormCore,NormCore,OP_MHC_DSA_MOE,27c_glm5_3_flash_dsa_moe_owner_timing_sequence_v5.mmd,27c_glm5_3_flash_dsa_moe_owner_timing_sequence_v6.mmd,new_family_official_source_mapping,mapped_from_single_block_atlas
27,GLM-5.3-Flash Hybrid MoE,27_glm5_3_flash_hybrid_moe.mmd,3,NoPE MLA/DSA + mHC + Top-8 Routed/Shared MoE,f27v03_n003,Attention-site mHC F.linear(fn),mac,SharedMatrixCore,SharedMatrixCore,OP_MHC_DSA_MOE,27c_glm5_3_flash_dsa_moe_owner_timing_sequence_v5.mmd,27c_glm5_3_flash_dsa_moe_owner_timing_sequence_v6.mmd,new_family_official_source_mapping,mapped_from_single_block_atlas
27,GLM-5.3-Flash Hybrid MoE,27_glm5_3_flash_hybrid_moe.mmd,3,NoPE MLA/DSA + mHC + Top-8 Routed/Shared MoE,f27v03_n004,Attention-site Sigmoid pre weights,other,ElementwiseTransformCore,ElementwiseTransformCore,OP_MHC_DSA_MOE,27c_glm5_3_flash_dsa_moe_owner_timing_sequence_v5.mmd,27c_glm5_3_flash_dsa_moe_owner_timing_sequence_v6.mmd,new_family_official_source_mapping,mapped_from_single_block_atlas
27,GLM-5.3-Flash Hybrid MoE,27_glm5_3_flash_hybrid_moe.mmd,3,NoPE MLA/DSA + mHC + Top-8 Routed/Shared MoE,f27v03_n005,Attention-site 2 × Sigmoid post weights,other,ElementwiseTransformCore,ElementwiseTransformCore,OP_MHC_DSA_MOE,27c_glm5_3_flash_dsa_moe_owner_timing_sequence_v5.mmd,27c_glm5_3_flash_dsa_moe_owner_timing_sequence_v6.mmd,new_family_official_source_mapping,mapped_from_single_block_atlas
27,GLM-5.3-Flash Hybrid MoE,27_glm5_3_flash_hybrid_moe.mmd,3,NoPE MLA/DSA + mHC + Top-8 Routed/Shared MoE,f27v03_n006,Attention-site Softmax + Sinkhorn combine matrix,other,ElementwiseTransformCore,ElementwiseTransformCore,OP_MHC_DSA_MOE,27c_glm5_3_flash_dsa_moe_owner_timing_sequence_v5.mmd,27c_glm5_3_flash_dsa_moe_owner_timing_sequence_v6.mmd,new_family_official_source_mapping,mapped_from_single_block_atlas
27,GLM-5.3-Flash Hybrid MoE,27_glm5_3_flash_hybrid_moe.mmd,3,NoPE MLA/DSA + mHC + Top-8 Routed/Shared MoE,f27v03_n007,Attention-site 4-stream collapse,other,ElementwiseTransformCore,ElementwiseTransformCore,OP_MHC_DSA_MOE,27c_glm5_3_flash_dsa_moe_owner_timing_sequence_v5.mmd,27c_glm5_3_flash_dsa_moe_owner_timing_sequence_v6.mmd,new_family_official_source_mapping,mapped_from_single_block_atlas
27,GLM-5.3-Flash Hybrid MoE,27_glm5_3_flash_hybrid_moe.mmd,3,NoPE MLA/DSA + mHC + Top-8 Routed/Shared MoE,f27v03_n008,Input RMSNorm,other,NormCore,NormCore,OP_MHC_DSA_MOE,27c_glm5_3_flash_dsa_moe_owner_timing_sequence_v5.mmd,27c_glm5_3_flash_dsa_moe_owner_timing_sequence_v6.mmd,new_family_official_source_mapping,mapped_from_single_block_atlas
27,GLM-5.3-Flash Hybrid MoE,27_glm5_3_flash_hybrid_moe.mmd,3,NoPE MLA/DSA + mHC + Top-8 Routed/Shared MoE,f27v03_n009,Q low-rank A,mac,SharedMatrixCore,SharedMatrixCore,OP_MHC_DSA_MOE,27c_glm5_3_flash_dsa_moe_owner_timing_sequence_v5.mmd,27c_glm5_3_flash_dsa_moe_owner_timing_sequence_v6.mmd,new_family_official_source_mapping,mapped_from_single_block_atlas
27,GLM-5.3-Flash Hybrid MoE,27_glm5_3_flash_hybrid_moe.mmd,3,NoPE MLA/DSA + mHC + Top-8 Routed/Shared MoE,f27v03_n010,Q low-rank B,mac,SharedMatrixCore,SharedMatrixCore,OP_MHC_DSA_MOE,27c_glm5_3_flash_dsa_moe_owner_timing_sequence_v5.mmd,27c_glm5_3_flash_dsa_moe_owner_timing_sequence_v6.mmd,new_family_official_source_mapping,mapped_from_single_block_atlas
27,GLM-5.3-Flash Hybrid MoE,27_glm5_3_flash_hybrid_moe.mmd,3,NoPE MLA/DSA + mHC + Top-8 Routed/Shared MoE,f27v03_n011,KV compression,mac,SharedMatrixCore,SharedMatrixCore,OP_MHC_DSA_MOE,27c_glm5_3_flash_dsa_moe_owner_timing_sequence_v5.mmd,27c_glm5_3_flash_dsa_moe_owner_timing_sequence_v6.mmd,new_family_official_source_mapping,mapped_from_single_block_atlas
27,GLM-5.3-Flash Hybrid MoE,27_glm5_3_flash_hybrid_moe.mmd,3,NoPE MLA/DSA + mHC + Top-8 Routed/Shared MoE,f27v03_n012,KV expansion,mac,SharedMatrixCore,SharedMatrixCore,OP_MHC_DSA_MOE,27c_glm5_3_flash_dsa_moe_owner_timing_sequence_v5.mmd,27c_glm5_3_flash_dsa_moe_owner_timing_sequence_v6.mmd,new_family_official_source_mapping,mapped_from_single_block_atlas
27,GLM-5.3-Flash Hybrid MoE,27_glm5_3_flash_hybrid_moe.mmd,3,NoPE MLA/DSA + mHC + Top-8 Routed/Shared MoE,f27v03_n013,Q low-rank RMSNorm,other,NormCore,NormCore,OP_MHC_DSA_MOE,27c_glm5_3_flash_dsa_moe_owner_timing_sequence_v5.mmd,27c_glm5_3_flash_dsa_moe_owner_timing_sequence_v6.mmd,new_family_official_source_mapping,mapped_from_single_block_atlas
27,GLM-5.3-Flash Hybrid MoE,27_glm5_3_flash_hybrid_moe.mmd,3,NoPE MLA/DSA + mHC + Top-8 Routed/Shared MoE,f27v03_n014,KV latent RMSNorm,other,NormCore,NormCore,OP_MHC_DSA_MOE,27c_glm5_3_flash_dsa_moe_owner_timing_sequence_v5.mmd,27c_glm5_3_flash_dsa_moe_owner_timing_sequence_v6.mmd,new_family_official_source_mapping,mapped_from_single_block_atlas
27,GLM-5.3-Flash Hybrid MoE,27_glm5_3_flash_hybrid_moe.mmd,3,NoPE MLA/DSA + mHC + Top-8 Routed/Shared MoE,f27v03_n015,Split Q/K/V — NoPE,other,ElementwiseTransformCore,ElementwiseTransformCore,OP_MHC_DSA_MOE,27c_glm5_3_flash_dsa_moe_owner_timing_sequence_v5.mmd,27c_glm5_3_flash_dsa_moe_owner_timing_sequence_v6.mmd,new_family_official_source_mapping,mapped_from_single_block_atlas
27,GLM-5.3-Flash Hybrid MoE,27_glm5_3_flash_hybrid_moe.mmd,3,NoPE MLA/DSA + mHC + Top-8 Routed/Shared MoE,f27v03_n016,Latent KV cache,state,KVStateCore,KVStateCore,OP_MHC_DSA_MOE,27c_glm5_3_flash_dsa_moe_owner_timing_sequence_v5.mmd,27c_glm5_3_flash_dsa_moe_owner_timing_sequence_v6.mmd,new_family_official_source_mapping,mapped_from_single_block_atlas
27,GLM-5.3-Flash Hybrid MoE,27_glm5_3_flash_hybrid_moe.mmd,3,NoPE MLA/DSA + mHC + Top-8 Routed/Shared MoE,f27v03_n017,DSA Indexer Q/K projection,mac,SharedMatrixCore,SharedMatrixCore,OP_MHC_DSA_MOE,27c_glm5_3_flash_dsa_moe_owner_timing_sequence_v5.mmd,27c_glm5_3_flash_dsa_moe_owner_timing_sequence_v6.mmd,new_family_official_source_mapping,mapped_from_single_block_atlas
27,GLM-5.3-Flash Hybrid MoE,27_glm5_3_flash_hybrid_moe.mmd,3,NoPE MLA/DSA + mHC + Top-8 Routed/Shared MoE,f27v03_n018,KPool-16 compressed key mean,other,SequenceCore,SequenceCore,OP_MHC_DSA_MOE,27c_glm5_3_flash_dsa_moe_owner_timing_sequence_v5.mmd,27c_glm5_3_flash_dsa_moe_owner_timing_sequence_v6.mmd,new_family_official_source_mapping,mapped_from_single_block_atlas
27,GLM-5.3-Flash Hybrid MoE,27_glm5_3_flash_hybrid_moe.mmd,3,NoPE MLA/DSA + mHC + Top-8 Routed/Shared MoE,f27v03_n019,Indexer Q × pooled Kᵀ,mac,SequenceCore,SequenceCore,OP_MHC_DSA_MOE,27c_glm5_3_flash_dsa_moe_owner_timing_sequence_v5.mmd,27c_glm5_3_flash_dsa_moe_owner_timing_sequence_v6.mmd,new_family_official_source_mapping,mapped_from_single_block_atlas
27,GLM-5.3-Flash Hybrid MoE,27_glm5_3_flash_hybrid_moe.mmd,3,NoPE MLA/DSA + mHC + Top-8 Routed/Shared MoE,f27v03_n020,ReLU + index-head reduce,other,SequenceCore,SequenceCore,OP_MHC_DSA_MOE,27c_glm5_3_flash_dsa_moe_owner_timing_sequence_v5.mmd,27c_glm5_3_flash_dsa_moe_owner_timing_sequence_v6.mmd,new_family_official_source_mapping,mapped_from_single_block_atlas
27,GLM-5.3-Flash Hybrid MoE,27_glm5_3_flash_hybrid_moe.mmd,3,NoPE MLA/DSA + mHC + Top-8 Routed/Shared MoE,f27v03_n021,Top-2048 select,other,SequenceCore,SequenceCore,OP_MHC_DSA_MOE,27c_glm5_3_flash_dsa_moe_owner_timing_sequence_v5.mmd,27c_glm5_3_flash_dsa_moe_owner_timing_sequence_v6.mmd,new_family_official_source_mapping,mapped_from_single_block_atlas
27,GLM-5.3-Flash Hybrid MoE,27_glm5_3_flash_hybrid_moe.mmd,3,NoPE MLA/DSA + mHC + Top-8 Routed/Shared MoE,f27v03_n022,Reuse previous full-layer Top-k selection,state,KVStateCore,KVStateCore,OP_MHC_DSA_MOE,27c_glm5_3_flash_dsa_moe_owner_timing_sequence_v5.mmd,27c_glm5_3_flash_dsa_moe_owner_timing_sequence_v6.mmd,new_family_official_source_mapping,mapped_from_single_block_atlas
27,GLM-5.3-Flash Hybrid MoE,27_glm5_3_flash_hybrid_moe.mmd,3,NoPE MLA/DSA + mHC + Top-8 Routed/Shared MoE,f27v03_n023,Selected latent/token gather + incomplete tail,state,KVStateCore,KVStateCore,OP_MHC_DSA_MOE,27c_glm5_3_flash_dsa_moe_owner_timing_sequence_v5.mmd,27c_glm5_3_flash_dsa_moe_owner_timing_sequence_v6.mmd,new_family_official_source_mapping,mapped_from_single_block_atlas
27,GLM-5.3-Flash Hybrid MoE,27_glm5_3_flash_hybrid_moe.mmd,3,NoPE MLA/DSA + mHC + Top-8 Routed/Shared MoE,f27v03_n024,Selected sparse MLA Q × Kᵀ,mac,SequenceCore,SequenceCore,OP_MHC_DSA_MOE,27c_glm5_3_flash_dsa_moe_owner_timing_sequence_v5.mmd,27c_glm5_3_flash_dsa_moe_owner_timing_sequence_v6.mmd,new_family_official_source_mapping,mapped_from_single_block_atlas
27,GLM-5.3-Flash Hybrid MoE,27_glm5_3_flash_hybrid_moe.mmd,3,NoPE MLA/DSA + mHC + Top-8 Routed/Shared MoE,f27v03_n025,Softmax FP32,other,SequenceCore,SequenceCore,OP_MHC_DSA_MOE,27c_glm5_3_flash_dsa_moe_owner_timing_sequence_v5.mmd,27c_glm5_3_flash_dsa_moe_owner_timing_sequence_v6.mmd,new_family_official_source_mapping,mapped_from_single_block_atlas
27,GLM-5.3-Flash Hybrid MoE,27_glm5_3_flash_hybrid_moe.mmd,3,NoPE MLA/DSA + mHC + Top-8 Routed/Shared MoE,f27v03_n026,Sparse P × V / online O recurrence,mac,SequenceCore,SequenceCore,OP_MHC_DSA_MOE,27c_glm5_3_flash_dsa_moe_owner_timing_sequence_v5.mmd,27c_glm5_3_flash_dsa_moe_owner_timing_sequence_v6.mmd,new_family_official_source_mapping,mapped_from_single_block_atlas
27,GLM-5.3-Flash Hybrid MoE,27_glm5_3_flash_hybrid_moe.mmd,3,NoPE MLA/DSA + mHC + Top-8 Routed/Shared MoE,f27v03_n027,O Proj,mac,SharedMatrixCore,SharedMatrixCore,OP_MHC_DSA_MOE,27c_glm5_3_flash_dsa_moe_owner_timing_sequence_v5.mmd,27c_glm5_3_flash_dsa_moe_owner_timing_sequence_v6.mmd,new_family_official_source_mapping,mapped_from_single_block_atlas
27,GLM-5.3-Flash Hybrid MoE,27_glm5_3_flash_hybrid_moe.mmd,3,NoPE MLA/DSA + mHC + Top-8 Routed/Shared MoE,f27v03_n028,Attention-site post × output + combᵀ × residual streams,other,ElementwiseTransformCore,ElementwiseTransformCore,OP_MHC_DSA_MOE,27c_glm5_3_flash_dsa_moe_owner_timing_sequence_v5.mmd,27c_glm5_3_flash_dsa_moe_owner_timing_sequence_v6.mmd,new_family_official_source_mapping,mapped_from_single_block_atlas
27,GLM-5.3-Flash Hybrid MoE,27_glm5_3_flash_hybrid_moe.mmd,3,NoPE MLA/DSA + mHC + Top-8 Routed/Shared MoE,f27v03_n029,Attention-site 4-stream residual commit,state,OutputCommitCore,OutputCommitCore,OP_MHC_DSA_MOE,27c_glm5_3_flash_dsa_moe_owner_timing_sequence_v5.mmd,27c_glm5_3_flash_dsa_moe_owner_timing_sequence_v6.mmd,new_family_official_source_mapping,mapped_from_single_block_atlas
27,GLM-5.3-Flash Hybrid MoE,27_glm5_3_flash_hybrid_moe.mmd,3,NoPE MLA/DSA + mHC + Top-8 Routed/Shared MoE,f27v03_n030,FFN-site mHC input RMSNorm,other,NormCore,NormCore,OP_MHC_DSA_MOE,27c_glm5_3_flash_dsa_moe_owner_timing_sequence_v5.mmd,27c_glm5_3_flash_dsa_moe_owner_timing_sequence_v6.mmd,new_family_official_source_mapping,mapped_from_single_block_atlas
27,GLM-5.3-Flash Hybrid MoE,27_glm5_3_flash_hybrid_moe.mmd,3,NoPE MLA/DSA + mHC + Top-8 Routed/Shared MoE,f27v03_n031,FFN-site mHC F.linear(fn),mac,SharedMatrixCore,SharedMatrixCore,OP_MHC_DSA_MOE,27c_glm5_3_flash_dsa_moe_owner_timing_sequence_v5.mmd,27c_glm5_3_flash_dsa_moe_owner_timing_sequence_v6.mmd,new_family_official_source_mapping,mapped_from_single_block_atlas
27,GLM-5.3-Flash Hybrid MoE,27_glm5_3_flash_hybrid_moe.mmd,3,NoPE MLA/DSA + mHC + Top-8 Routed/Shared MoE,f27v03_n032,FFN-site Sigmoid pre weights,other,ElementwiseTransformCore,ElementwiseTransformCore,OP_MHC_DSA_MOE,27c_glm5_3_flash_dsa_moe_owner_timing_sequence_v5.mmd,27c_glm5_3_flash_dsa_moe_owner_timing_sequence_v6.mmd,new_family_official_source_mapping,mapped_from_single_block_atlas
27,GLM-5.3-Flash Hybrid MoE,27_glm5_3_flash_hybrid_moe.mmd,3,NoPE MLA/DSA + mHC + Top-8 Routed/Shared MoE,f27v03_n033,FFN-site 2 × Sigmoid post weights,other,ElementwiseTransformCore,ElementwiseTransformCore,OP_MHC_DSA_MOE,27c_glm5_3_flash_dsa_moe_owner_timing_sequence_v5.mmd,27c_glm5_3_flash_dsa_moe_owner_timing_sequence_v6.mmd,new_family_official_source_mapping,mapped_from_single_block_atlas
27,GLM-5.3-Flash Hybrid MoE,27_glm5_3_flash_hybrid_moe.mmd,3,NoPE MLA/DSA + mHC + Top-8 Routed/Shared MoE,f27v03_n034,FFN-site Softmax + Sinkhorn combine matrix,other,ElementwiseTransformCore,ElementwiseTransformCore,OP_MHC_DSA_MOE,27c_glm5_3_flash_dsa_moe_owner_timing_sequence_v5.mmd,27c_glm5_3_flash_dsa_moe_owner_timing_sequence_v6.mmd,new_family_official_source_mapping,mapped_from_single_block_atlas
27,GLM-5.3-Flash Hybrid MoE,27_glm5_3_flash_hybrid_moe.mmd,3,NoPE MLA/DSA + mHC + Top-8 Routed/Shared MoE,f27v03_n035,FFN-site 4-stream collapse,other,ElementwiseTransformCore,ElementwiseTransformCore,OP_MHC_DSA_MOE,27c_glm5_3_flash_dsa_moe_owner_timing_sequence_v5.mmd,27c_glm5_3_flash_dsa_moe_owner_timing_sequence_v6.mmd,new_family_official_source_mapping,mapped_from_single_block_atlas
27,GLM-5.3-Flash Hybrid MoE,27_glm5_3_flash_hybrid_moe.mmd,3,NoPE MLA/DSA + mHC + Top-8 Routed/Shared MoE,f27v03_n036,RMSNorm 2,other,NormCore,NormCore,OP_MHC_DSA_MOE,27c_glm5_3_flash_dsa_moe_owner_timing_sequence_v5.mmd,27c_glm5_3_flash_dsa_moe_owner_timing_sequence_v6.mmd,new_family_official_source_mapping,mapped_from_single_block_atlas
27,GLM-5.3-Flash Hybrid MoE,27_glm5_3_flash_hybrid_moe.mmd,3,NoPE MLA/DSA + mHC + Top-8 Routed/Shared MoE,f27v03_n037,Router projection,mac,SharedMatrixCore,SharedMatrixCore,OP_MHC_DSA_MOE,27c_glm5_3_flash_dsa_moe_owner_timing_sequence_v5.mmd,27c_glm5_3_flash_dsa_moe_owner_timing_sequence_v6.mmd,new_family_official_source_mapping,mapped_from_single_block_atlas
27,GLM-5.3-Flash Hybrid MoE,27_glm5_3_flash_hybrid_moe.mmd,3,NoPE MLA/DSA + mHC + Top-8 Routed/Shared MoE,f27v03_n038,Sigmoid router scoring,other,FeedForwardCore,FeedForwardCore,OP_MHC_DSA_MOE,27c_glm5_3_flash_dsa_moe_owner_timing_sequence_v5.mmd,27c_glm5_3_flash_dsa_moe_owner_timing_sequence_v6.mmd,new_family_official_source_mapping,mapped_from_single_block_atlas
27,GLM-5.3-Flash Hybrid MoE,27_glm5_3_flash_hybrid_moe.mmd,3,NoPE MLA/DSA + mHC + Top-8 Routed/Shared MoE,f27v03_n039,Top-8 + renorm,other,FeedForwardCore,FeedForwardCore,OP_MHC_DSA_MOE,27c_glm5_3_flash_dsa_moe_owner_timing_sequence_v5.mmd,27c_glm5_3_flash_dsa_moe_owner_timing_sequence_v6.mmd,new_family_official_source_mapping,mapped_from_single_block_atlas
27,GLM-5.3-Flash Hybrid MoE,27_glm5_3_flash_hybrid_moe.mmd,3,NoPE MLA/DSA + mHC + Top-8 Routed/Shared MoE,f27v03_n040,Dispatch / gather,other,FeedForwardCore,FeedForwardCore,OP_MHC_DSA_MOE,27c_glm5_3_flash_dsa_moe_owner_timing_sequence_v5.mmd,27c_glm5_3_flash_dsa_moe_owner_timing_sequence_v6.mmd,new_family_official_source_mapping,mapped_from_single_block_atlas
27,GLM-5.3-Flash Hybrid MoE,27_glm5_3_flash_hybrid_moe.mmd,3,NoPE MLA/DSA + mHC + Top-8 Routed/Shared MoE,f27v03_n041,Routed Expert gate_up_proj,mac,SharedMatrixCore,SharedMatrixCore,OP_MHC_DSA_MOE,27c_glm5_3_flash_dsa_moe_owner_timing_sequence_v5.mmd,27c_glm5_3_flash_dsa_moe_owner_timing_sequence_v6.mmd,new_family_official_source_mapping,mapped_from_single_block_atlas
27,GLM-5.3-Flash Hybrid MoE,27_glm5_3_flash_hybrid_moe.mmd,3,NoPE MLA/DSA + mHC + Top-8 Routed/Shared MoE,f27v03_n042,"Clamp gate≤10 / up∈[-10,10]",other,FeedForwardCore,FeedForwardCore,OP_MHC_DSA_MOE,27c_glm5_3_flash_dsa_moe_owner_timing_sequence_v5.mmd,27c_glm5_3_flash_dsa_moe_owner_timing_sequence_v6.mmd,new_family_official_source_mapping,mapped_from_single_block_atlas
27,GLM-5.3-Flash Hybrid MoE,27_glm5_3_flash_hybrid_moe.mmd,3,NoPE MLA/DSA + mHC + Top-8 Routed/Shared MoE,f27v03_n043,SiLU × up,other,FeedForwardCore,FeedForwardCore,OP_MHC_DSA_MOE,27c_glm5_3_flash_dsa_moe_owner_timing_sequence_v5.mmd,27c_glm5_3_flash_dsa_moe_owner_timing_sequence_v6.mmd,new_family_official_source_mapping,mapped_from_single_block_atlas
27,GLM-5.3-Flash Hybrid MoE,27_glm5_3_flash_hybrid_moe.mmd,3,NoPE MLA/DSA + mHC + Top-8 Routed/Shared MoE,f27v03_n044,Routed Expert down_proj,mac,SharedMatrixCore,SharedMatrixCore,OP_MHC_DSA_MOE,27c_glm5_3_flash_dsa_moe_owner_timing_sequence_v5.mmd,27c_glm5_3_flash_dsa_moe_owner_timing_sequence_v6.mmd,new_family_official_source_mapping,mapped_from_single_block_atlas
27,GLM-5.3-Flash Hybrid MoE,27_glm5_3_flash_hybrid_moe.mmd,3,NoPE MLA/DSA + mHC + Top-8 Routed/Shared MoE,f27v03_n045,Expert weighting,other,FeedForwardCore,FeedForwardCore,OP_MHC_DSA_MOE,27c_glm5_3_flash_dsa_moe_owner_timing_sequence_v5.mmd,27c_glm5_3_flash_dsa_moe_owner_timing_sequence_v6.mmd,new_family_official_source_mapping,mapped_from_single_block_atlas
27,GLM-5.3-Flash Hybrid MoE,27_glm5_3_flash_hybrid_moe.mmd,3,NoPE MLA/DSA + mHC + Top-8 Routed/Shared MoE,f27v03_n046,Shared Expert gate_proj,mac,SharedMatrixCore,SharedMatrixCore,OP_MHC_DSA_MOE,27c_glm5_3_flash_dsa_moe_owner_timing_sequence_v5.mmd,27c_glm5_3_flash_dsa_moe_owner_timing_sequence_v6.mmd,new_family_official_source_mapping,mapped_from_single_block_atlas
27,GLM-5.3-Flash Hybrid MoE,27_glm5_3_flash_hybrid_moe.mmd,3,NoPE MLA/DSA + mHC + Top-8 Routed/Shared MoE,f27v03_n047,Shared Expert up_proj,mac,SharedMatrixCore,SharedMatrixCore,OP_MHC_DSA_MOE,27c_glm5_3_flash_dsa_moe_owner_timing_sequence_v5.mmd,27c_glm5_3_flash_dsa_moe_owner_timing_sequence_v6.mmd,new_family_official_source_mapping,mapped_from_single_block_atlas
27,GLM-5.3-Flash Hybrid MoE,27_glm5_3_flash_hybrid_moe.mmd,3,NoPE MLA/DSA + mHC + Top-8 Routed/Shared MoE,f27v03_n048,"Clamp gate≤10 / up∈[-10,10]",other,FeedForwardCore,FeedForwardCore,OP_MHC_DSA_MOE,27c_glm5_3_flash_dsa_moe_owner_timing_sequence_v5.mmd,27c_glm5_3_flash_dsa_moe_owner_timing_sequence_v6.mmd,new_family_official_source_mapping,mapped_from_single_block_atlas
27,GLM-5.3-Flash Hybrid MoE,27_glm5_3_flash_hybrid_moe.mmd,3,NoPE MLA/DSA + mHC + Top-8 Routed/Shared MoE,f27v03_n049,Shared Expert SiLU × up,other,FeedForwardCore,FeedForwardCore,OP_MHC_DSA_MOE,27c_glm5_3_flash_dsa_moe_owner_timing_sequence_v5.mmd,27c_glm5_3_flash_dsa_moe_owner_timing_sequence_v6.mmd,new_family_official_source_mapping,mapped_from_single_block_atlas
27,GLM-5.3-Flash Hybrid MoE,27_glm5_3_flash_hybrid_moe.mmd,3,NoPE MLA/DSA + mHC + Top-8 Routed/Shared MoE,f27v03_n050,Shared Expert down_proj,mac,SharedMatrixCore,SharedMatrixCore,OP_MHC_DSA_MOE,27c_glm5_3_flash_dsa_moe_owner_timing_sequence_v5.mmd,27c_glm5_3_flash_dsa_moe_owner_timing_sequence_v6.mmd,new_family_official_source_mapping,mapped_from_single_block_atlas
27,GLM-5.3-Flash Hybrid MoE,27_glm5_3_flash_hybrid_moe.mmd,3,NoPE MLA/DSA + mHC + Top-8 Routed/Shared MoE,f27v03_n051,Shared Expert gate projection,mac,SharedMatrixCore,SharedMatrixCore,OP_MHC_DSA_MOE,27c_glm5_3_flash_dsa_moe_owner_timing_sequence_v5.mmd,27c_glm5_3_flash_dsa_moe_owner_timing_sequence_v6.mmd,new_family_official_source_mapping,mapped_from_single_block_atlas
27,GLM-5.3-Flash Hybrid MoE,27_glm5_3_flash_hybrid_moe.mmd,3,NoPE MLA/DSA + mHC + Top-8 Routed/Shared MoE,f27v03_n052,Shared Expert gate Sigmoid,other,FeedForwardCore,FeedForwardCore,OP_MHC_DSA_MOE,27c_glm5_3_flash_dsa_moe_owner_timing_sequence_v5.mmd,27c_glm5_3_flash_dsa_moe_owner_timing_sequence_v6.mmd,new_family_official_source_mapping,mapped_from_single_block_atlas
27,GLM-5.3-Flash Hybrid MoE,27_glm5_3_flash_hybrid_moe.mmd,3,NoPE MLA/DSA + mHC + Top-8 Routed/Shared MoE,f27v03_n053,Scatter / weighted reduce,other,FeedForwardCore,FeedForwardCore,OP_MHC_DSA_MOE,27c_glm5_3_flash_dsa_moe_owner_timing_sequence_v5.mmd,27c_glm5_3_flash_dsa_moe_owner_timing_sequence_v6.mmd,new_family_official_source_mapping,mapped_from_single_block_atlas
27,GLM-5.3-Flash Hybrid MoE,27_glm5_3_flash_hybrid_moe.mmd,3,NoPE MLA/DSA + mHC + Top-8 Routed/Shared MoE,f27v03_n054,Routed + Shared Expert sum,plus,FeedForwardCore,FeedForwardCore,OP_MHC_DSA_MOE,27c_glm5_3_flash_dsa_moe_owner_timing_sequence_v5.mmd,27c_glm5_3_flash_dsa_moe_owner_timing_sequence_v6.mmd,new_family_official_source_mapping,mapped_from_single_block_atlas
27,GLM-5.3-Flash Hybrid MoE,27_glm5_3_flash_hybrid_moe.mmd,3,NoPE MLA/DSA + mHC + Top-8 Routed/Shared MoE,f27v03_n055,FFN-site post × output + combᵀ × residual streams,other,ElementwiseTransformCore,ElementwiseTransformCore,OP_MHC_DSA_MOE,27c_glm5_3_flash_dsa_moe_owner_timing_sequence_v5.mmd,27c_glm5_3_flash_dsa_moe_owner_timing_sequence_v6.mmd,new_family_official_source_mapping,mapped_from_single_block_atlas
27,GLM-5.3-Flash Hybrid MoE,27_glm5_3_flash_hybrid_moe.mmd,3,NoPE MLA/DSA + mHC + Top-8 Routed/Shared MoE,f27v03_n056,FFN-site 4-stream residual commit,state,OutputCommitCore,OutputCommitCore,OP_MHC_DSA_MOE,27c_glm5_3_flash_dsa_moe_owner_timing_sequence_v5.mmd,27c_glm5_3_flash_dsa_moe_owner_timing_sequence_v6.mmd,new_family_official_source_mapping,mapped_from_single_block_atlas
