 
****************************************
Report : timing
        -path full
        -delay max
        -nworst 5
        -nets
        -max_paths 20
        -transition_time
        -capacitance
Design : char_top
Version: X-2025.06-SP3
Date   : Sun Aug 30 21:03:57 2026
****************************************

Operating Conditions: tt_typical_max_0p80v_25c   Library: sc6p5mcpp140z_cln22ul_base_svt_c35_tt_typical_max_0p80v_25c
Wire Load Model Mode: top

  Startpoint: w_vec_i[4] (input port clocked by clk)
  Endpoint: u_dut/acc_o_reg[39]
            (rising edge-triggered flip-flop clocked by clk)
  Path Group: clk
  Path Type: max

  Des/Clust/Port     Wire Load Model       Library
  ------------------------------------------------
  char_top           Zero                  sc6p5mcpp140z_cln22ul_base_svt_c35_tt_typical_max_0p80v_25c

  Point                                       Fanout       Cap     Trans      Incr       Path
  ----------------------------------------------------------------------------------------------
  clock clk (rise edge)                                                       0.00       0.00
  clock network delay (ideal)                                                 0.00       0.00
  input external delay                                                        0.20       0.20 f
  w_vec_i[4] (in)                                                   0.05      0.00       0.20 f
  w_vec_i[4] (net)                              2         0.00                0.00       0.20 f
  U188/Y (XNOR2_X0P5M_A6P5PP140ZTS_C35)                             0.10      0.08       0.28 r
  n656 (net)                                   11         0.00                0.00       0.28 r
  U224/Y (NAND2_X1M_A6P5PP140ZTS_C35)                               0.08      0.07       0.35 f
  n657 (net)                                    9         0.00                0.00       0.35 f
  U226/Y (OAI22_X1M_A6P5PP140ZTS_C35)                               0.06      0.05       0.40 r
  n268 (net)                                    1         0.00                0.00       0.40 r
  U315/CO (ADDF_X1M_A6P5PP140ZTS_C35)                               0.03      0.06       0.46 r
  n324 (net)                                    1         0.00                0.00       0.46 r
  U375/S (ADDF_X1M_A6P5PP140ZTS_C35)                                0.02      0.07       0.53 f
  n320 (net)                                    1         0.00                0.00       0.53 f
  U374/S (ADDF_X1M_A6P5PP140ZTS_C35)                                0.02      0.07       0.60 r
  n290 (net)                                    1         0.00                0.00       0.60 r
  U327/S (ADDF_X1M_A6P5PP140ZTS_C35)                                0.02      0.07       0.67 f
  n356 (net)                                    1         0.00                0.00       0.67 f
  U396/S (ADDF_X1M_A6P5PP140ZTS_C35)                                0.02      0.07       0.73 r
  n283 (net)                                    2         0.00                0.00       0.73 r
  U321/Y (NAND2_X1M_A6P5PP140ZTS_C35)                               0.02      0.02       0.75 f
  n286 (net)                                    2         0.00                0.00       0.75 f
  U325/Y (INV_X1M_A6P5PP140ZTS_C35)                                 0.01      0.01       0.76 r
  n287 (net)                                    1         0.00                0.00       0.76 r
  U326/Y (AOI21_X2M_A6P5PP140ZTS_C35)                               0.02      0.01       0.77 f
  n441 (net)                                    2         0.00                0.00       0.77 f
  U451/Y (OAI21_X2M_A6P5PP140ZTS_C35)                               0.03      0.03       0.80 r
  n509 (net)                                    2         0.00                0.00       0.80 r
  U499/Y (AOI21_X2M_A6P5PP140ZTS_C35)                               0.02      0.02       0.82 f
  n576 (net)                                    2         0.00                0.00       0.82 f
  U540/Y (OAI21_X2M_A6P5PP140ZTS_C35)                               0.03      0.03       0.85 r
  n630 (net)                                    2         0.00                0.00       0.85 r
  U578/Y (AOI21_X2M_A6P5PP140ZTS_C35)                               0.02      0.02       0.87 f
  n683 (net)                                    2         0.00                0.00       0.87 f
  U606/Y (OAI21_X2M_A6P5PP140ZTS_C35)                               0.02      0.02       0.90 r
  n721 (net)                                    2         0.00                0.00       0.90 r
  U45/Y (AOI21_X1M_A6P5PP140ZTS_C35)                                0.03      0.02       0.92 f
  n758 (net)                                    2         0.00                0.00       0.92 f
  U647/Y (OAI21_X0P5M_A6P5PP140ZTS_C35)                             0.04      0.04       0.96 r
  n780 (net)                                    2         0.00                0.00       0.96 r
  U661/Y (AOI21_X0P5M_A6P5PP140ZTS_C35)                             0.03      0.03       0.98 f
  n793 (net)                                    2         0.00                0.00       0.98 f
  U669/Y (OAI21_X0P5M_A6P5PP140ZTS_C35)                             0.04      0.04       1.02 r
  n803 (net)                                    2         0.00                0.00       1.02 r
  U679/Y (AOI21_X0P5M_A6P5PP140ZTS_C35)                             0.04      0.03       1.06 f
  n809 (net)                                    2         0.00                0.00       1.06 f
  U686/Y (OAI21_X2M_A6P5PP140ZTS_C35)                               0.03      0.03       1.09 r
  n817 (net)                                    2         0.00                0.00       1.09 r
  U695/Y (AOI21_X2M_A6P5PP140ZTS_C35)                               0.02      0.02       1.11 f
  n823 (net)                                    2         0.00                0.00       1.11 f
  U702/Y (OAI21_X2M_A6P5PP140ZTS_C35)                               0.03      0.03       1.14 r
  n831 (net)                                    2         0.00                0.00       1.14 r
  U711/Y (AOI21_X2M_A6P5PP140ZTS_C35)                               0.02      0.02       1.16 f
  n837 (net)                                    2         0.00                0.00       1.16 f
  U718/Y (OAI21_X2M_A6P5PP140ZTS_C35)                               0.03      0.03       1.19 r
  n845 (net)                                    2         0.00                0.00       1.19 r
  U727/Y (AOI21_X2M_A6P5PP140ZTS_C35)                               0.02      0.02       1.21 f
  n851 (net)                                    2         0.00                0.00       1.21 f
  U734/Y (OAI21_X2M_A6P5PP140ZTS_C35)                               0.03      0.03       1.24 r
  n859 (net)                                    2         0.00                0.00       1.24 r
  U743/Y (AOI21_X2M_A6P5PP140ZTS_C35)                               0.02      0.02       1.26 f
  n865 (net)                                    2         0.00                0.00       1.26 f
  U750/Y (OAI21_X2M_A6P5PP140ZTS_C35)                               0.03      0.03       1.29 r
  n873 (net)                                    2         0.00                0.00       1.29 r
  U759/Y (AOI21_X2M_A6P5PP140ZTS_C35)                               0.02      0.02       1.31 f
  n879 (net)                                    2         0.00                0.00       1.31 f
  U766/Y (OAI21_X2M_A6P5PP140ZTS_C35)                               0.03      0.03       1.33 r
  n887 (net)                                    2         0.00                0.00       1.33 r
  U775/Y (AOI21_X2M_A6P5PP140ZTS_C35)                               0.02      0.02       1.36 f
  n892 (net)                                    2         0.00                0.00       1.36 f
  U779/Y (OAI21_X2M_A6P5PP140ZTS_C35)                               0.02      0.02       1.38 r
  n894 (net)                                    1         0.00                0.00       1.38 r
  U782/CO (ADDF_X1M_A6P5PP140ZTS_C35)                               0.02      0.05       1.43 r
  n897 (net)                                    1         0.00                0.00       1.43 r
  U785/CO (ADDF_X1M_A6P5PP140ZTS_C35)                               0.02      0.05       1.48 r
  n900 (net)                                    1         0.00                0.00       1.48 r
  U788/CO (ADDF_X1M_A6P5PP140ZTS_C35)                               0.02      0.05       1.52 r
  n903 (net)                                    1         0.00                0.00       1.52 r
  U791/CO (ADDF_X1M_A6P5PP140ZTS_C35)                               0.02      0.05       1.57 r
  n906 (net)                                    1         0.00                0.00       1.57 r
  U794/CO (ADDF_X1M_A6P5PP140ZTS_C35)                               0.02      0.05       1.61 r
  n909 (net)                                    1         0.00                0.00       1.61 r
  U797/CO (ADDF_X1M_A6P5PP140ZTS_C35)                               0.02      0.05       1.66 r
  n912 (net)                                    1         0.00                0.00       1.66 r
  U800/CO (ADDF_X1M_A6P5PP140ZTS_C35)                               0.02      0.05       1.71 r
  n915 (net)                                    1         0.00                0.00       1.71 r
  U803/CO (ADDF_X1M_A6P5PP140ZTS_C35)                               0.02      0.05       1.75 r
  n919 (net)                                    1         0.00                0.00       1.75 r
  U806/CO (ADDF_X1M_A6P5PP140ZTS_C35)                               0.02      0.04       1.80 r
  n921 (net)                                    1         0.00                0.00       1.80 r
  U49/Y (XOR2_X0P5M_A6P5PP140ZTS_C35)                               0.03      0.03       1.83 r
  n923 (net)                                    1         0.00                0.00       1.83 r
  U807/Y (AO22_X1M_A6P5PP140ZTS_C35)                                0.02      0.03       1.86 r
  n42 (net)                                     1         0.00                0.00       1.86 r
  u_dut/acc_o_reg[39]/D (DFFRPQA_X1M_A6P5PP140ZTS_C35)              0.02      0.00       1.86 r
  data arrival time                                                                      1.86

  clock clk (rise edge)                                                       2.00       2.00
  clock network delay (ideal)                                                 0.00       2.00
  clock uncertainty                                                          -0.10       1.90
  u_dut/acc_o_reg[39]/CK (DFFRPQA_X1M_A6P5PP140ZTS_C35)                       0.00       1.90 r
  library setup time                                                         -0.04       1.86
  data required time                                                                     1.86
  ----------------------------------------------------------------------------------------------
  data required time                                                                     1.86
  data arrival time                                                                     -1.86
  ----------------------------------------------------------------------------------------------
  slack (MET)                                                                            0.00


  Startpoint: w_vec_i[4] (input port clocked by clk)
  Endpoint: u_dut/acc_o_reg[39]
            (rising edge-triggered flip-flop clocked by clk)
  Path Group: clk
  Path Type: max

  Des/Clust/Port     Wire Load Model       Library
  ------------------------------------------------
  char_top           Zero                  sc6p5mcpp140z_cln22ul_base_svt_c35_tt_typical_max_0p80v_25c

  Point                                       Fanout       Cap     Trans      Incr       Path
  ----------------------------------------------------------------------------------------------
  clock clk (rise edge)                                                       0.00       0.00
  clock network delay (ideal)                                                 0.00       0.00
  input external delay                                                        0.20       0.20 f
  w_vec_i[4] (in)                                                   0.05      0.00       0.20 f
  w_vec_i[4] (net)                              2         0.00                0.00       0.20 f
  U188/Y (XNOR2_X0P5M_A6P5PP140ZTS_C35)                             0.10      0.08       0.28 r
  n656 (net)                                   11         0.00                0.00       0.28 r
  U224/Y (NAND2_X1M_A6P5PP140ZTS_C35)                               0.08      0.07       0.35 f
  n657 (net)                                    9         0.00                0.00       0.35 f
  U226/Y (OAI22_X1M_A6P5PP140ZTS_C35)                               0.06      0.05       0.40 r
  n268 (net)                                    1         0.00                0.00       0.40 r
  U315/CO (ADDF_X1M_A6P5PP140ZTS_C35)                               0.03      0.06       0.46 r
  n324 (net)                                    1         0.00                0.00       0.46 r
  U375/S (ADDF_X1M_A6P5PP140ZTS_C35)                                0.02      0.07       0.53 f
  n320 (net)                                    1         0.00                0.00       0.53 f
  U374/S (ADDF_X1M_A6P5PP140ZTS_C35)                                0.02      0.07       0.60 r
  n290 (net)                                    1         0.00                0.00       0.60 r
  U327/S (ADDF_X1M_A6P5PP140ZTS_C35)                                0.02      0.07       0.67 f
  n356 (net)                                    1         0.00                0.00       0.67 f
  U396/S (ADDF_X1M_A6P5PP140ZTS_C35)                                0.02      0.07       0.73 r
  n283 (net)                                    2         0.00                0.00       0.73 r
  U321/Y (NAND2_X1M_A6P5PP140ZTS_C35)                               0.02      0.02       0.75 f
  n286 (net)                                    2         0.00                0.00       0.75 f
  U325/Y (INV_X1M_A6P5PP140ZTS_C35)                                 0.01      0.01       0.76 r
  n287 (net)                                    1         0.00                0.00       0.76 r
  U326/Y (AOI21_X2M_A6P5PP140ZTS_C35)                               0.02      0.01       0.77 f
  n441 (net)                                    2         0.00                0.00       0.77 f
  U451/Y (OAI21_X2M_A6P5PP140ZTS_C35)                               0.03      0.03       0.80 r
  n509 (net)                                    2         0.00                0.00       0.80 r
  U499/Y (AOI21_X2M_A6P5PP140ZTS_C35)                               0.02      0.02       0.82 f
  n576 (net)                                    2         0.00                0.00       0.82 f
  U540/Y (OAI21_X2M_A6P5PP140ZTS_C35)                               0.03      0.03       0.85 r
  n630 (net)                                    2         0.00                0.00       0.85 r
  U578/Y (AOI21_X2M_A6P5PP140ZTS_C35)                               0.02      0.02       0.87 f
  n683 (net)                                    2         0.00                0.00       0.87 f
  U606/Y (OAI21_X2M_A6P5PP140ZTS_C35)                               0.02      0.02       0.90 r
  n721 (net)                                    2         0.00                0.00       0.90 r
  U45/Y (AOI21_X1M_A6P5PP140ZTS_C35)                                0.03      0.02       0.92 f
  n758 (net)                                    2         0.00                0.00       0.92 f
  U647/Y (OAI21_X0P5M_A6P5PP140ZTS_C35)                             0.04      0.04       0.96 r
  n780 (net)                                    2         0.00                0.00       0.96 r
  U661/Y (AOI21_X0P5M_A6P5PP140ZTS_C35)                             0.03      0.03       0.98 f
  n793 (net)                                    2         0.00                0.00       0.98 f
  U669/Y (OAI21_X0P5M_A6P5PP140ZTS_C35)                             0.04      0.04       1.02 r
  n803 (net)                                    2         0.00                0.00       1.02 r
  U679/Y (AOI21_X0P5M_A6P5PP140ZTS_C35)                             0.04      0.03       1.06 f
  n809 (net)                                    2         0.00                0.00       1.06 f
  U686/Y (OAI21_X2M_A6P5PP140ZTS_C35)                               0.03      0.03       1.09 r
  n817 (net)                                    2         0.00                0.00       1.09 r
  U695/Y (AOI21_X2M_A6P5PP140ZTS_C35)                               0.02      0.02       1.11 f
  n823 (net)                                    2         0.00                0.00       1.11 f
  U702/Y (OAI21_X2M_A6P5PP140ZTS_C35)                               0.03      0.03       1.14 r
  n831 (net)                                    2         0.00                0.00       1.14 r
  U711/Y (AOI21_X2M_A6P5PP140ZTS_C35)                               0.02      0.02       1.16 f
  n837 (net)                                    2         0.00                0.00       1.16 f
  U718/Y (OAI21_X2M_A6P5PP140ZTS_C35)                               0.03      0.03       1.19 r
  n845 (net)                                    2         0.00                0.00       1.19 r
  U727/Y (AOI21_X2M_A6P5PP140ZTS_C35)                               0.02      0.02       1.21 f
  n851 (net)                                    2         0.00                0.00       1.21 f
  U734/Y (OAI21_X2M_A6P5PP140ZTS_C35)                               0.03      0.03       1.24 r
  n859 (net)                                    2         0.00                0.00       1.24 r
  U743/Y (AOI21_X2M_A6P5PP140ZTS_C35)                               0.02      0.02       1.26 f
  n865 (net)                                    2         0.00                0.00       1.26 f
  U750/Y (OAI21_X2M_A6P5PP140ZTS_C35)                               0.03      0.03       1.29 r
  n873 (net)                                    2         0.00                0.00       1.29 r
  U759/Y (AOI21_X2M_A6P5PP140ZTS_C35)                               0.02      0.02       1.31 f
  n879 (net)                                    2         0.00                0.00       1.31 f
  U766/Y (OAI21_X2M_A6P5PP140ZTS_C35)                               0.03      0.03       1.33 r
  n887 (net)                                    2         0.00                0.00       1.33 r
  U775/Y (AOI21_X2M_A6P5PP140ZTS_C35)                               0.02      0.02       1.36 f
  n892 (net)                                    2         0.00                0.00       1.36 f
  U779/Y (OAI21_X2M_A6P5PP140ZTS_C35)                               0.02      0.02       1.38 r
  n894 (net)                                    1         0.00                0.00       1.38 r
  U782/CO (ADDF_X1M_A6P5PP140ZTS_C35)                               0.02      0.05       1.43 r
  n897 (net)                                    1         0.00                0.00       1.43 r
  U785/CO (ADDF_X1M_A6P5PP140ZTS_C35)                               0.02      0.05       1.48 r
  n900 (net)                                    1         0.00                0.00       1.48 r
  U788/CO (ADDF_X1M_A6P5PP140ZTS_C35)                               0.02      0.05       1.52 r
  n903 (net)                                    1         0.00                0.00       1.52 r
  U791/CO (ADDF_X1M_A6P5PP140ZTS_C35)                               0.02      0.05       1.57 r
  n906 (net)                                    1         0.00                0.00       1.57 r
  U794/CO (ADDF_X1M_A6P5PP140ZTS_C35)                               0.02      0.05       1.61 r
  n909 (net)                                    1         0.00                0.00       1.61 r
  U797/CO (ADDF_X1M_A6P5PP140ZTS_C35)                               0.02      0.05       1.66 r
  n912 (net)                                    1         0.00                0.00       1.66 r
  U800/CO (ADDF_X1M_A6P5PP140ZTS_C35)                               0.02      0.05       1.71 r
  n915 (net)                                    1         0.00                0.00       1.71 r
  U803/CO (ADDF_X1M_A6P5PP140ZTS_C35)                               0.02      0.05       1.75 r
  n919 (net)                                    1         0.00                0.00       1.75 r
  U806/CO (ADDF_X1M_A6P5PP140ZTS_C35)                               0.02      0.04       1.80 r
  n921 (net)                                    1         0.00                0.00       1.80 r
  U49/Y (XOR2_X0P5M_A6P5PP140ZTS_C35)                               0.03      0.03       1.83 r
  n923 (net)                                    1         0.00                0.00       1.83 r
  U807/Y (AO22_X1M_A6P5PP140ZTS_C35)                                0.02      0.03       1.86 r
  n42 (net)                                     1         0.00                0.00       1.86 r
  u_dut/acc_o_reg[39]/D (DFFRPQA_X1M_A6P5PP140ZTS_C35)              0.02      0.00       1.86 r
  data arrival time                                                                      1.86

  clock clk (rise edge)                                                       2.00       2.00
  clock network delay (ideal)                                                 0.00       2.00
  clock uncertainty                                                          -0.10       1.90
  u_dut/acc_o_reg[39]/CK (DFFRPQA_X1M_A6P5PP140ZTS_C35)                       0.00       1.90 r
  library setup time                                                         -0.04       1.86
  data required time                                                                     1.86
  ----------------------------------------------------------------------------------------------
  data required time                                                                     1.86
  data arrival time                                                                     -1.86
  ----------------------------------------------------------------------------------------------
  slack (MET)                                                                            0.00


  Startpoint: w_vec_i[4] (input port clocked by clk)
  Endpoint: u_dut/acc_o_reg[39]
            (rising edge-triggered flip-flop clocked by clk)
  Path Group: clk
  Path Type: max

  Des/Clust/Port     Wire Load Model       Library
  ------------------------------------------------
  char_top           Zero                  sc6p5mcpp140z_cln22ul_base_svt_c35_tt_typical_max_0p80v_25c

  Point                                       Fanout       Cap     Trans      Incr       Path
  ----------------------------------------------------------------------------------------------
  clock clk (rise edge)                                                       0.00       0.00
  clock network delay (ideal)                                                 0.00       0.00
  input external delay                                                        0.20       0.20 f
  w_vec_i[4] (in)                                                   0.05      0.00       0.20 f
  w_vec_i[4] (net)                              2         0.00                0.00       0.20 f
  U188/Y (XNOR2_X0P5M_A6P5PP140ZTS_C35)                             0.10      0.08       0.28 r
  n656 (net)                                   11         0.00                0.00       0.28 r
  U224/Y (NAND2_X1M_A6P5PP140ZTS_C35)                               0.08      0.07       0.35 f
  n657 (net)                                    9         0.00                0.00       0.35 f
  U226/Y (OAI22_X1M_A6P5PP140ZTS_C35)                               0.06      0.05       0.40 r
  n268 (net)                                    1         0.00                0.00       0.40 r
  U315/CO (ADDF_X1M_A6P5PP140ZTS_C35)                               0.03      0.06       0.46 r
  n324 (net)                                    1         0.00                0.00       0.46 r
  U375/S (ADDF_X1M_A6P5PP140ZTS_C35)                                0.02      0.07       0.53 f
  n320 (net)                                    1         0.00                0.00       0.53 f
  U374/S (ADDF_X1M_A6P5PP140ZTS_C35)                                0.02      0.07       0.60 r
  n290 (net)                                    1         0.00                0.00       0.60 r
  U327/S (ADDF_X1M_A6P5PP140ZTS_C35)                                0.02      0.07       0.67 f
  n356 (net)                                    1         0.00                0.00       0.67 f
  U396/S (ADDF_X1M_A6P5PP140ZTS_C35)                                0.02      0.07       0.73 r
  n283 (net)                                    2         0.00                0.00       0.73 r
  U321/Y (NAND2_X1M_A6P5PP140ZTS_C35)                               0.02      0.02       0.75 f
  n286 (net)                                    2         0.00                0.00       0.75 f
  U325/Y (INV_X1M_A6P5PP140ZTS_C35)                                 0.01      0.01       0.76 r
  n287 (net)                                    1         0.00                0.00       0.76 r
  U326/Y (AOI21_X2M_A6P5PP140ZTS_C35)                               0.02      0.01       0.77 f
  n441 (net)                                    2         0.00                0.00       0.77 f
  U451/Y (OAI21_X2M_A6P5PP140ZTS_C35)                               0.03      0.03       0.80 r
  n509 (net)                                    2         0.00                0.00       0.80 r
  U499/Y (AOI21_X2M_A6P5PP140ZTS_C35)                               0.02      0.02       0.82 f
  n576 (net)                                    2         0.00                0.00       0.82 f
  U540/Y (OAI21_X2M_A6P5PP140ZTS_C35)                               0.03      0.03       0.85 r
  n630 (net)                                    2         0.00                0.00       0.85 r
  U578/Y (AOI21_X2M_A6P5PP140ZTS_C35)                               0.02      0.02       0.87 f
  n683 (net)                                    2         0.00                0.00       0.87 f
  U606/Y (OAI21_X2M_A6P5PP140ZTS_C35)                               0.02      0.02       0.90 r
  n721 (net)                                    2         0.00                0.00       0.90 r
  U45/Y (AOI21_X1M_A6P5PP140ZTS_C35)                                0.03      0.02       0.92 f
  n758 (net)                                    2         0.00                0.00       0.92 f
  U647/Y (OAI21_X0P5M_A6P5PP140ZTS_C35)                             0.04      0.04       0.96 r
  n780 (net)                                    2         0.00                0.00       0.96 r
  U661/Y (AOI21_X0P5M_A6P5PP140ZTS_C35)                             0.03      0.03       0.98 f
  n793 (net)                                    2         0.00                0.00       0.98 f
  U669/Y (OAI21_X0P5M_A6P5PP140ZTS_C35)                             0.04      0.04       1.02 r
  n803 (net)                                    2         0.00                0.00       1.02 r
  U679/Y (AOI21_X0P5M_A6P5PP140ZTS_C35)                             0.04      0.03       1.06 f
  n809 (net)                                    2         0.00                0.00       1.06 f
  U686/Y (OAI21_X2M_A6P5PP140ZTS_C35)                               0.03      0.03       1.09 r
  n817 (net)                                    2         0.00                0.00       1.09 r
  U695/Y (AOI21_X2M_A6P5PP140ZTS_C35)                               0.02      0.02       1.11 f
  n823 (net)                                    2         0.00                0.00       1.11 f
  U702/Y (OAI21_X2M_A6P5PP140ZTS_C35)                               0.03      0.03       1.14 r
  n831 (net)                                    2         0.00                0.00       1.14 r
  U711/Y (AOI21_X2M_A6P5PP140ZTS_C35)                               0.02      0.02       1.16 f
  n837 (net)                                    2         0.00                0.00       1.16 f
  U718/Y (OAI21_X2M_A6P5PP140ZTS_C35)                               0.03      0.03       1.19 r
  n845 (net)                                    2         0.00                0.00       1.19 r
  U727/Y (AOI21_X2M_A6P5PP140ZTS_C35)                               0.02      0.02       1.21 f
  n851 (net)                                    2         0.00                0.00       1.21 f
  U734/Y (OAI21_X2M_A6P5PP140ZTS_C35)                               0.03      0.03       1.24 r
  n859 (net)                                    2         0.00                0.00       1.24 r
  U743/Y (AOI21_X2M_A6P5PP140ZTS_C35)                               0.02      0.02       1.26 f
  n865 (net)                                    2         0.00                0.00       1.26 f
  U750/Y (OAI21_X2M_A6P5PP140ZTS_C35)                               0.03      0.03       1.29 r
  n873 (net)                                    2         0.00                0.00       1.29 r
  U759/Y (AOI21_X2M_A6P5PP140ZTS_C35)                               0.02      0.02       1.31 f
  n879 (net)                                    2         0.00                0.00       1.31 f
  U766/Y (OAI21_X2M_A6P5PP140ZTS_C35)                               0.03      0.03       1.33 r
  n887 (net)                                    2         0.00                0.00       1.33 r
  U775/Y (AOI21_X2M_A6P5PP140ZTS_C35)                               0.02      0.02       1.36 f
  n892 (net)                                    2         0.00                0.00       1.36 f
  U779/Y (OAI21_X2M_A6P5PP140ZTS_C35)                               0.02      0.02       1.38 r
  n894 (net)                                    1         0.00                0.00       1.38 r
  U782/CO (ADDF_X1M_A6P5PP140ZTS_C35)                               0.02      0.05       1.43 r
  n897 (net)                                    1         0.00                0.00       1.43 r
  U785/CO (ADDF_X1M_A6P5PP140ZTS_C35)                               0.02      0.05       1.48 r
  n900 (net)                                    1         0.00                0.00       1.48 r
  U788/CO (ADDF_X1M_A6P5PP140ZTS_C35)                               0.02      0.05       1.52 r
  n903 (net)                                    1         0.00                0.00       1.52 r
  U791/CO (ADDF_X1M_A6P5PP140ZTS_C35)                               0.02      0.05       1.57 r
  n906 (net)                                    1         0.00                0.00       1.57 r
  U794/CO (ADDF_X1M_A6P5PP140ZTS_C35)                               0.02      0.05       1.61 r
  n909 (net)                                    1         0.00                0.00       1.61 r
  U797/CO (ADDF_X1M_A6P5PP140ZTS_C35)                               0.02      0.05       1.66 r
  n912 (net)                                    1         0.00                0.00       1.66 r
  U800/CO (ADDF_X1M_A6P5PP140ZTS_C35)                               0.02      0.05       1.71 r
  n915 (net)                                    1         0.00                0.00       1.71 r
  U803/CO (ADDF_X1M_A6P5PP140ZTS_C35)                               0.02      0.05       1.75 r
  n919 (net)                                    1         0.00                0.00       1.75 r
  U806/CO (ADDF_X1M_A6P5PP140ZTS_C35)                               0.02      0.04       1.80 r
  n921 (net)                                    1         0.00                0.00       1.80 r
  U49/Y (XOR2_X0P5M_A6P5PP140ZTS_C35)                               0.03      0.03       1.83 r
  n923 (net)                                    1         0.00                0.00       1.83 r
  U807/Y (AO22_X1M_A6P5PP140ZTS_C35)                                0.02      0.03       1.86 r
  n42 (net)                                     1         0.00                0.00       1.86 r
  u_dut/acc_o_reg[39]/D (DFFRPQA_X1M_A6P5PP140ZTS_C35)              0.02      0.00       1.86 r
  data arrival time                                                                      1.86

  clock clk (rise edge)                                                       2.00       2.00
  clock network delay (ideal)                                                 0.00       2.00
  clock uncertainty                                                          -0.10       1.90
  u_dut/acc_o_reg[39]/CK (DFFRPQA_X1M_A6P5PP140ZTS_C35)                       0.00       1.90 r
  library setup time                                                         -0.04       1.86
  data required time                                                                     1.86
  ----------------------------------------------------------------------------------------------
  data required time                                                                     1.86
  data arrival time                                                                     -1.86
  ----------------------------------------------------------------------------------------------
  slack (MET)                                                                            0.00


  Startpoint: w_vec_i[4] (input port clocked by clk)
  Endpoint: u_dut/acc_o_reg[39]
            (rising edge-triggered flip-flop clocked by clk)
  Path Group: clk
  Path Type: max

  Des/Clust/Port     Wire Load Model       Library
  ------------------------------------------------
  char_top           Zero                  sc6p5mcpp140z_cln22ul_base_svt_c35_tt_typical_max_0p80v_25c

  Point                                       Fanout       Cap     Trans      Incr       Path
  ----------------------------------------------------------------------------------------------
  clock clk (rise edge)                                                       0.00       0.00
  clock network delay (ideal)                                                 0.00       0.00
  input external delay                                                        0.20       0.20 f
  w_vec_i[4] (in)                                                   0.05      0.00       0.20 f
  w_vec_i[4] (net)                              2         0.00                0.00       0.20 f
  U188/Y (XNOR2_X0P5M_A6P5PP140ZTS_C35)                             0.10      0.08       0.28 r
  n656 (net)                                   11         0.00                0.00       0.28 r
  U224/Y (NAND2_X1M_A6P5PP140ZTS_C35)                               0.08      0.07       0.35 f
  n657 (net)                                    9         0.00                0.00       0.35 f
  U226/Y (OAI22_X1M_A6P5PP140ZTS_C35)                               0.06      0.05       0.40 r
  n268 (net)                                    1         0.00                0.00       0.40 r
  U315/CO (ADDF_X1M_A6P5PP140ZTS_C35)                               0.03      0.06       0.46 r
  n324 (net)                                    1         0.00                0.00       0.46 r
  U375/S (ADDF_X1M_A6P5PP140ZTS_C35)                                0.02      0.07       0.53 f
  n320 (net)                                    1         0.00                0.00       0.53 f
  U374/S (ADDF_X1M_A6P5PP140ZTS_C35)                                0.02      0.07       0.60 r
  n290 (net)                                    1         0.00                0.00       0.60 r
  U327/S (ADDF_X1M_A6P5PP140ZTS_C35)                                0.02      0.07       0.67 f
  n356 (net)                                    1         0.00                0.00       0.67 f
  U396/S (ADDF_X1M_A6P5PP140ZTS_C35)                                0.02      0.07       0.73 r
  n283 (net)                                    2         0.00                0.00       0.73 r
  U321/Y (NAND2_X1M_A6P5PP140ZTS_C35)                               0.02      0.02       0.75 f
  n286 (net)                                    2         0.00                0.00       0.75 f
  U325/Y (INV_X1M_A6P5PP140ZTS_C35)                                 0.01      0.01       0.76 r
  n287 (net)                                    1         0.00                0.00       0.76 r
  U326/Y (AOI21_X2M_A6P5PP140ZTS_C35)                               0.02      0.01       0.77 f
  n441 (net)                                    2         0.00                0.00       0.77 f
  U451/Y (OAI21_X2M_A6P5PP140ZTS_C35)                               0.03      0.03       0.80 r
  n509 (net)                                    2         0.00                0.00       0.80 r
  U499/Y (AOI21_X2M_A6P5PP140ZTS_C35)                               0.02      0.02       0.82 f
  n576 (net)                                    2         0.00                0.00       0.82 f
  U540/Y (OAI21_X2M_A6P5PP140ZTS_C35)                               0.03      0.03       0.85 r
  n630 (net)                                    2         0.00                0.00       0.85 r
  U578/Y (AOI21_X2M_A6P5PP140ZTS_C35)                               0.02      0.02       0.87 f
  n683 (net)                                    2         0.00                0.00       0.87 f
  U606/Y (OAI21_X2M_A6P5PP140ZTS_C35)                               0.02      0.02       0.90 r
  n721 (net)                                    2         0.00                0.00       0.90 r
  U45/Y (AOI21_X1M_A6P5PP140ZTS_C35)                                0.03      0.02       0.92 f
  n758 (net)                                    2         0.00                0.00       0.92 f
  U647/Y (OAI21_X0P5M_A6P5PP140ZTS_C35)                             0.04      0.04       0.96 r
  n780 (net)                                    2         0.00                0.00       0.96 r
  U661/Y (AOI21_X0P5M_A6P5PP140ZTS_C35)                             0.03      0.03       0.98 f
  n793 (net)                                    2         0.00                0.00       0.98 f
  U669/Y (OAI21_X0P5M_A6P5PP140ZTS_C35)                             0.04      0.04       1.02 r
  n803 (net)                                    2         0.00                0.00       1.02 r
  U679/Y (AOI21_X0P5M_A6P5PP140ZTS_C35)                             0.04      0.03       1.06 f
  n809 (net)                                    2         0.00                0.00       1.06 f
  U686/Y (OAI21_X2M_A6P5PP140ZTS_C35)                               0.03      0.03       1.09 r
  n817 (net)                                    2         0.00                0.00       1.09 r
  U695/Y (AOI21_X2M_A6P5PP140ZTS_C35)                               0.02      0.02       1.11 f
  n823 (net)                                    2         0.00                0.00       1.11 f
  U702/Y (OAI21_X2M_A6P5PP140ZTS_C35)                               0.03      0.03       1.14 r
  n831 (net)                                    2         0.00                0.00       1.14 r
  U711/Y (AOI21_X2M_A6P5PP140ZTS_C35)                               0.02      0.02       1.16 f
  n837 (net)                                    2         0.00                0.00       1.16 f
  U718/Y (OAI21_X2M_A6P5PP140ZTS_C35)                               0.03      0.03       1.19 r
  n845 (net)                                    2         0.00                0.00       1.19 r
  U727/Y (AOI21_X2M_A6P5PP140ZTS_C35)                               0.02      0.02       1.21 f
  n851 (net)                                    2         0.00                0.00       1.21 f
  U734/Y (OAI21_X2M_A6P5PP140ZTS_C35)                               0.03      0.03       1.24 r
  n859 (net)                                    2         0.00                0.00       1.24 r
  U743/Y (AOI21_X2M_A6P5PP140ZTS_C35)                               0.02      0.02       1.26 f
  n865 (net)                                    2         0.00                0.00       1.26 f
  U750/Y (OAI21_X2M_A6P5PP140ZTS_C35)                               0.03      0.03       1.29 r
  n873 (net)                                    2         0.00                0.00       1.29 r
  U759/Y (AOI21_X2M_A6P5PP140ZTS_C35)                               0.02      0.02       1.31 f
  n879 (net)                                    2         0.00                0.00       1.31 f
  U766/Y (OAI21_X2M_A6P5PP140ZTS_C35)                               0.03      0.03       1.33 r
  n887 (net)                                    2         0.00                0.00       1.33 r
  U775/Y (AOI21_X2M_A6P5PP140ZTS_C35)                               0.02      0.02       1.36 f
  n892 (net)                                    2         0.00                0.00       1.36 f
  U779/Y (OAI21_X2M_A6P5PP140ZTS_C35)                               0.02      0.02       1.38 r
  n894 (net)                                    1         0.00                0.00       1.38 r
  U782/CO (ADDF_X1M_A6P5PP140ZTS_C35)                               0.02      0.05       1.43 r
  n897 (net)                                    1         0.00                0.00       1.43 r
  U785/CO (ADDF_X1M_A6P5PP140ZTS_C35)                               0.02      0.05       1.47 r
  n900 (net)                                    1         0.00                0.00       1.47 r
  U788/CO (ADDF_X1M_A6P5PP140ZTS_C35)                               0.02      0.05       1.52 r
  n903 (net)                                    1         0.00                0.00       1.52 r
  U791/CO (ADDF_X1M_A6P5PP140ZTS_C35)                               0.02      0.05       1.57 r
  n906 (net)                                    1         0.00                0.00       1.57 r
  U794/CO (ADDF_X1M_A6P5PP140ZTS_C35)                               0.02      0.05       1.61 r
  n909 (net)                                    1         0.00                0.00       1.61 r
  U797/CO (ADDF_X1M_A6P5PP140ZTS_C35)                               0.02      0.05       1.66 r
  n912 (net)                                    1         0.00                0.00       1.66 r
  U800/CO (ADDF_X1M_A6P5PP140ZTS_C35)                               0.02      0.05       1.71 r
  n915 (net)                                    1         0.00                0.00       1.71 r
  U803/CO (ADDF_X1M_A6P5PP140ZTS_C35)                               0.02      0.05       1.75 r
  n919 (net)                                    1         0.00                0.00       1.75 r
  U806/CO (ADDF_X1M_A6P5PP140ZTS_C35)                               0.02      0.04       1.80 r
  n921 (net)                                    1         0.00                0.00       1.80 r
  U49/Y (XOR2_X0P5M_A6P5PP140ZTS_C35)                               0.03      0.03       1.83 r
  n923 (net)                                    1         0.00                0.00       1.83 r
  U807/Y (AO22_X1M_A6P5PP140ZTS_C35)                                0.02      0.03       1.86 r
  n42 (net)                                     1         0.00                0.00       1.86 r
  u_dut/acc_o_reg[39]/D (DFFRPQA_X1M_A6P5PP140ZTS_C35)              0.02      0.00       1.86 r
  data arrival time                                                                      1.86

  clock clk (rise edge)                                                       2.00       2.00
  clock network delay (ideal)                                                 0.00       2.00
  clock uncertainty                                                          -0.10       1.90
  u_dut/acc_o_reg[39]/CK (DFFRPQA_X1M_A6P5PP140ZTS_C35)                       0.00       1.90 r
  library setup time                                                         -0.04       1.86
  data required time                                                                     1.86
  ----------------------------------------------------------------------------------------------
  data required time                                                                     1.86
  data arrival time                                                                     -1.86
  ----------------------------------------------------------------------------------------------
  slack (MET)                                                                            0.00


  Startpoint: w_vec_i[28]
              (input port clocked by clk)
  Endpoint: u_dut/acc_o_reg[39]
            (rising edge-triggered flip-flop clocked by clk)
  Path Group: clk
  Path Type: max

  Des/Clust/Port     Wire Load Model       Library
  ------------------------------------------------
  char_top           Zero                  sc6p5mcpp140z_cln22ul_base_svt_c35_tt_typical_max_0p80v_25c

  Point                                       Fanout       Cap     Trans      Incr       Path
  ----------------------------------------------------------------------------------------------
  clock clk (rise edge)                                                       0.00       0.00
  clock network delay (ideal)                                                 0.00       0.00
  input external delay                                                        0.20       0.20 f
  w_vec_i[28] (in)                                                  0.05      0.00       0.20 f
  w_vec_i[28] (net)                             2         0.00                0.00       0.20 f
  U194/Y (XNOR2_X0P5M_A6P5PP140ZTS_C35)                             0.10      0.08       0.28 r
  n671 (net)                                   11         0.00                0.00       0.28 r
  U229/Y (NAND2_X1M_A6P5PP140ZTS_C35)                               0.08      0.07       0.35 f
  n672 (net)                                    9         0.00                0.00       0.35 f
  U253/Y (OAI22_X1M_A6P5PP140ZTS_C35)                               0.06      0.05       0.40 r
  n275 (net)                                    1         0.00                0.00       0.40 r
  U317/CO (ADDF_X1M_A6P5PP140ZTS_C35)                               0.02      0.06       0.46 r
  n322 (net)                                    1         0.00                0.00       0.46 r
  U375/S (ADDF_X1M_A6P5PP140ZTS_C35)                                0.02      0.07       0.53 f
  n320 (net)                                    1         0.00                0.00       0.53 f
  U374/S (ADDF_X1M_A6P5PP140ZTS_C35)                                0.02      0.07       0.60 r
  n290 (net)                                    1         0.00                0.00       0.60 r
  U327/S (ADDF_X1M_A6P5PP140ZTS_C35)                                0.02      0.07       0.67 f
  n356 (net)                                    1         0.00                0.00       0.67 f
  U396/S (ADDF_X1M_A6P5PP140ZTS_C35)                                0.02      0.07       0.73 r
  n283 (net)                                    2         0.00                0.00       0.73 r
  U321/Y (NAND2_X1M_A6P5PP140ZTS_C35)                               0.02      0.02       0.75 f
  n286 (net)                                    2         0.00                0.00       0.75 f
  U325/Y (INV_X1M_A6P5PP140ZTS_C35)                                 0.01      0.01       0.76 r
  n287 (net)                                    1         0.00                0.00       0.76 r
  U326/Y (AOI21_X2M_A6P5PP140ZTS_C35)                               0.02      0.01       0.77 f
  n441 (net)                                    2         0.00                0.00       0.77 f
  U451/Y (OAI21_X2M_A6P5PP140ZTS_C35)                               0.03      0.03       0.80 r
  n509 (net)                                    2         0.00                0.00       0.80 r
  U499/Y (AOI21_X2M_A6P5PP140ZTS_C35)                               0.02      0.02       0.82 f
  n576 (net)                                    2         0.00                0.00       0.82 f
  U540/Y (OAI21_X2M_A6P5PP140ZTS_C35)                               0.03      0.03       0.85 r
  n630 (net)                                    2         0.00                0.00       0.85 r
  U578/Y (AOI21_X2M_A6P5PP140ZTS_C35)                               0.02      0.02       0.87 f
  n683 (net)                                    2         0.00                0.00       0.87 f
  U606/Y (OAI21_X2M_A6P5PP140ZTS_C35)                               0.02      0.02       0.90 r
  n721 (net)                                    2         0.00                0.00       0.90 r
  U45/Y (AOI21_X1M_A6P5PP140ZTS_C35)                                0.03      0.02       0.92 f
  n758 (net)                                    2         0.00                0.00       0.92 f
  U647/Y (OAI21_X0P5M_A6P5PP140ZTS_C35)                             0.04      0.04       0.96 r
  n780 (net)                                    2         0.00                0.00       0.96 r
  U661/Y (AOI21_X0P5M_A6P5PP140ZTS_C35)                             0.03      0.03       0.98 f
  n793 (net)                                    2         0.00                0.00       0.98 f
  U669/Y (OAI21_X0P5M_A6P5PP140ZTS_C35)                             0.04      0.04       1.02 r
  n803 (net)                                    2         0.00                0.00       1.02 r
  U679/Y (AOI21_X0P5M_A6P5PP140ZTS_C35)                             0.04      0.03       1.06 f
  n809 (net)                                    2         0.00                0.00       1.06 f
  U686/Y (OAI21_X2M_A6P5PP140ZTS_C35)                               0.03      0.03       1.09 r
  n817 (net)                                    2         0.00                0.00       1.09 r
  U695/Y (AOI21_X2M_A6P5PP140ZTS_C35)                               0.02      0.02       1.11 f
  n823 (net)                                    2         0.00                0.00       1.11 f
  U702/Y (OAI21_X2M_A6P5PP140ZTS_C35)                               0.03      0.03       1.14 r
  n831 (net)                                    2         0.00                0.00       1.14 r
  U711/Y (AOI21_X2M_A6P5PP140ZTS_C35)                               0.02      0.02       1.16 f
  n837 (net)                                    2         0.00                0.00       1.16 f
  U718/Y (OAI21_X2M_A6P5PP140ZTS_C35)                               0.03      0.03       1.19 r
  n845 (net)                                    2         0.00                0.00       1.19 r
  U727/Y (AOI21_X2M_A6P5PP140ZTS_C35)                               0.02      0.02       1.21 f
  n851 (net)                                    2         0.00                0.00       1.21 f
  U734/Y (OAI21_X2M_A6P5PP140ZTS_C35)                               0.03      0.03       1.24 r
  n859 (net)                                    2         0.00                0.00       1.24 r
  U743/Y (AOI21_X2M_A6P5PP140ZTS_C35)                               0.02      0.02       1.26 f
  n865 (net)                                    2         0.00                0.00       1.26 f
  U750/Y (OAI21_X2M_A6P5PP140ZTS_C35)                               0.03      0.03       1.29 r
  n873 (net)                                    2         0.00                0.00       1.29 r
  U759/Y (AOI21_X2M_A6P5PP140ZTS_C35)                               0.02      0.02       1.31 f
  n879 (net)                                    2         0.00                0.00       1.31 f
  U766/Y (OAI21_X2M_A6P5PP140ZTS_C35)                               0.03      0.03       1.33 r
  n887 (net)                                    2         0.00                0.00       1.33 r
  U775/Y (AOI21_X2M_A6P5PP140ZTS_C35)                               0.02      0.02       1.36 f
  n892 (net)                                    2         0.00                0.00       1.36 f
  U779/Y (OAI21_X2M_A6P5PP140ZTS_C35)                               0.02      0.02       1.38 r
  n894 (net)                                    1         0.00                0.00       1.38 r
  U782/CO (ADDF_X1M_A6P5PP140ZTS_C35)                               0.02      0.05       1.43 r
  n897 (net)                                    1         0.00                0.00       1.43 r
  U785/CO (ADDF_X1M_A6P5PP140ZTS_C35)                               0.02      0.05       1.47 r
  n900 (net)                                    1         0.00                0.00       1.47 r
  U788/CO (ADDF_X1M_A6P5PP140ZTS_C35)                               0.02      0.05       1.52 r
  n903 (net)                                    1         0.00                0.00       1.52 r
  U791/CO (ADDF_X1M_A6P5PP140ZTS_C35)                               0.02      0.05       1.57 r
  n906 (net)                                    1         0.00                0.00       1.57 r
  U794/CO (ADDF_X1M_A6P5PP140ZTS_C35)                               0.02      0.05       1.61 r
  n909 (net)                                    1         0.00                0.00       1.61 r
  U797/CO (ADDF_X1M_A6P5PP140ZTS_C35)                               0.02      0.05       1.66 r
  n912 (net)                                    1         0.00                0.00       1.66 r
  U800/CO (ADDF_X1M_A6P5PP140ZTS_C35)                               0.02      0.05       1.71 r
  n915 (net)                                    1         0.00                0.00       1.71 r
  U803/CO (ADDF_X1M_A6P5PP140ZTS_C35)                               0.02      0.05       1.75 r
  n919 (net)                                    1         0.00                0.00       1.75 r
  U806/CO (ADDF_X1M_A6P5PP140ZTS_C35)                               0.02      0.04       1.80 r
  n921 (net)                                    1         0.00                0.00       1.80 r
  U49/Y (XOR2_X0P5M_A6P5PP140ZTS_C35)                               0.03      0.03       1.83 r
  n923 (net)                                    1         0.00                0.00       1.83 r
  U807/Y (AO22_X1M_A6P5PP140ZTS_C35)                                0.02      0.03       1.86 r
  n42 (net)                                     1         0.00                0.00       1.86 r
  u_dut/acc_o_reg[39]/D (DFFRPQA_X1M_A6P5PP140ZTS_C35)              0.02      0.00       1.86 r
  data arrival time                                                                      1.86

  clock clk (rise edge)                                                       2.00       2.00
  clock network delay (ideal)                                                 0.00       2.00
  clock uncertainty                                                          -0.10       1.90
  u_dut/acc_o_reg[39]/CK (DFFRPQA_X1M_A6P5PP140ZTS_C35)                       0.00       1.90 r
  library setup time                                                         -0.04       1.86
  data required time                                                                     1.86
  ----------------------------------------------------------------------------------------------
  data required time                                                                     1.86
  data arrival time                                                                     -1.86
  ----------------------------------------------------------------------------------------------
  slack (MET)                                                                            0.00


  Startpoint: w_vec_i[4] (input port clocked by clk)
  Endpoint: u_dut/acc_o_reg[38]
            (rising edge-triggered flip-flop clocked by clk)
  Path Group: clk
  Path Type: max

  Des/Clust/Port     Wire Load Model       Library
  ------------------------------------------------
  char_top           Zero                  sc6p5mcpp140z_cln22ul_base_svt_c35_tt_typical_max_0p80v_25c

  Point                                       Fanout       Cap     Trans      Incr       Path
  ----------------------------------------------------------------------------------------------
  clock clk (rise edge)                                                       0.00       0.00
  clock network delay (ideal)                                                 0.00       0.00
  input external delay                                                        0.20       0.20 f
  w_vec_i[4] (in)                                                   0.05      0.00       0.20 f
  w_vec_i[4] (net)                              2         0.00                0.00       0.20 f
  U188/Y (XNOR2_X0P5M_A6P5PP140ZTS_C35)                             0.10      0.08       0.28 r
  n656 (net)                                   11         0.00                0.00       0.28 r
  U224/Y (NAND2_X1M_A6P5PP140ZTS_C35)                               0.08      0.07       0.35 f
  n657 (net)                                    9         0.00                0.00       0.35 f
  U226/Y (OAI22_X1M_A6P5PP140ZTS_C35)                               0.06      0.05       0.40 r
  n268 (net)                                    1         0.00                0.00       0.40 r
  U315/CO (ADDF_X1M_A6P5PP140ZTS_C35)                               0.03      0.06       0.46 r
  n324 (net)                                    1         0.00                0.00       0.46 r
  U375/S (ADDF_X1M_A6P5PP140ZTS_C35)                                0.02      0.07       0.53 f
  n320 (net)                                    1         0.00                0.00       0.53 f
  U374/S (ADDF_X1M_A6P5PP140ZTS_C35)                                0.02      0.07       0.60 r
  n290 (net)                                    1         0.00                0.00       0.60 r
  U327/S (ADDF_X1M_A6P5PP140ZTS_C35)                                0.02      0.07       0.67 f
  n356 (net)                                    1         0.00                0.00       0.67 f
  U396/S (ADDF_X1M_A6P5PP140ZTS_C35)                                0.02      0.07       0.73 r
  n283 (net)                                    2         0.00                0.00       0.73 r
  U321/Y (NAND2_X1M_A6P5PP140ZTS_C35)                               0.02      0.02       0.75 f
  n286 (net)                                    2         0.00                0.00       0.75 f
  U325/Y (INV_X1M_A6P5PP140ZTS_C35)                                 0.01      0.01       0.76 r
  n287 (net)                                    1         0.00                0.00       0.76 r
  U326/Y (AOI21_X2M_A6P5PP140ZTS_C35)                               0.02      0.01       0.77 f
  n441 (net)                                    2         0.00                0.00       0.77 f
  U451/Y (OAI21_X2M_A6P5PP140ZTS_C35)                               0.03      0.03       0.80 r
  n509 (net)                                    2         0.00                0.00       0.80 r
  U499/Y (AOI21_X2M_A6P5PP140ZTS_C35)                               0.02      0.02       0.82 f
  n576 (net)                                    2         0.00                0.00       0.82 f
  U540/Y (OAI21_X2M_A6P5PP140ZTS_C35)                               0.03      0.03       0.85 r
  n630 (net)                                    2         0.00                0.00       0.85 r
  U578/Y (AOI21_X2M_A6P5PP140ZTS_C35)                               0.02      0.02       0.87 f
  n683 (net)                                    2         0.00                0.00       0.87 f
  U606/Y (OAI21_X2M_A6P5PP140ZTS_C35)                               0.02      0.02       0.90 r
  n721 (net)                                    2         0.00                0.00       0.90 r
  U45/Y (AOI21_X1M_A6P5PP140ZTS_C35)                                0.03      0.02       0.92 f
  n758 (net)                                    2         0.00                0.00       0.92 f
  U647/Y (OAI21_X0P5M_A6P5PP140ZTS_C35)                             0.04      0.04       0.96 r
  n780 (net)                                    2         0.00                0.00       0.96 r
  U661/Y (AOI21_X0P5M_A6P5PP140ZTS_C35)                             0.03      0.03       0.98 f
  n793 (net)                                    2         0.00                0.00       0.98 f
  U669/Y (OAI21_X0P5M_A6P5PP140ZTS_C35)                             0.04      0.04       1.02 r
  n803 (net)                                    2         0.00                0.00       1.02 r
  U679/Y (AOI21_X0P5M_A6P5PP140ZTS_C35)                             0.04      0.03       1.06 f
  n809 (net)                                    2         0.00                0.00       1.06 f
  U686/Y (OAI21_X2M_A6P5PP140ZTS_C35)                               0.03      0.03       1.09 r
  n817 (net)                                    2         0.00                0.00       1.09 r
  U695/Y (AOI21_X2M_A6P5PP140ZTS_C35)                               0.02      0.02       1.11 f
  n823 (net)                                    2         0.00                0.00       1.11 f
  U702/Y (OAI21_X2M_A6P5PP140ZTS_C35)                               0.03      0.03       1.14 r
  n831 (net)                                    2         0.00                0.00       1.14 r
  U711/Y (AOI21_X2M_A6P5PP140ZTS_C35)                               0.02      0.02       1.16 f
  n837 (net)                                    2         0.00                0.00       1.16 f
  U718/Y (OAI21_X2M_A6P5PP140ZTS_C35)                               0.03      0.03       1.19 r
  n845 (net)                                    2         0.00                0.00       1.19 r
  U727/Y (AOI21_X2M_A6P5PP140ZTS_C35)                               0.02      0.02       1.21 f
  n851 (net)                                    2         0.00                0.00       1.21 f
  U734/Y (OAI21_X2M_A6P5PP140ZTS_C35)                               0.03      0.03       1.24 r
  n859 (net)                                    2         0.00                0.00       1.24 r
  U743/Y (AOI21_X2M_A6P5PP140ZTS_C35)                               0.02      0.02       1.26 f
  n865 (net)                                    2         0.00                0.00       1.26 f
  U750/Y (OAI21_X2M_A6P5PP140ZTS_C35)                               0.03      0.03       1.29 r
  n873 (net)                                    2         0.00                0.00       1.29 r
  U759/Y (AOI21_X2M_A6P5PP140ZTS_C35)                               0.02      0.02       1.31 f
  n879 (net)                                    2         0.00                0.00       1.31 f
  U766/Y (OAI21_X2M_A6P5PP140ZTS_C35)                               0.03      0.03       1.33 r
  n887 (net)                                    2         0.00                0.00       1.33 r
  U775/Y (AOI21_X2M_A6P5PP140ZTS_C35)                               0.02      0.02       1.36 f
  n892 (net)                                    2         0.00                0.00       1.36 f
  U779/Y (OAI21_X2M_A6P5PP140ZTS_C35)                               0.02      0.02       1.38 r
  n894 (net)                                    1         0.00                0.00       1.38 r
  U782/CO (ADDF_X1M_A6P5PP140ZTS_C35)                               0.02      0.05       1.43 r
  n897 (net)                                    1         0.00                0.00       1.43 r
  U785/CO (ADDF_X1M_A6P5PP140ZTS_C35)                               0.02      0.05       1.48 r
  n900 (net)                                    1         0.00                0.00       1.48 r
  U788/CO (ADDF_X1M_A6P5PP140ZTS_C35)                               0.02      0.05       1.52 r
  n903 (net)                                    1         0.00                0.00       1.52 r
  U791/CO (ADDF_X1M_A6P5PP140ZTS_C35)                               0.02      0.05       1.57 r
  n906 (net)                                    1         0.00                0.00       1.57 r
  U794/CO (ADDF_X1M_A6P5PP140ZTS_C35)                               0.02      0.05       1.61 r
  n909 (net)                                    1         0.00                0.00       1.61 r
  U797/CO (ADDF_X1M_A6P5PP140ZTS_C35)                               0.02      0.05       1.66 r
  n912 (net)                                    1         0.00                0.00       1.66 r
  U800/CO (ADDF_X1M_A6P5PP140ZTS_C35)                               0.02      0.05       1.71 r
  n915 (net)                                    1         0.00                0.00       1.71 r
  U803/CO (ADDF_X1M_A6P5PP140ZTS_C35)                               0.02      0.05       1.75 r
  n919 (net)                                    1         0.00                0.00       1.75 r
  U806/S (ADDF_X1M_A6P5PP140ZTS_C35)                                0.01      0.06       1.82 f
  n917 (net)                                    1         0.00                0.00       1.82 f
  U804/Y (AO22_X1M_A6P5PP140ZTS_C35)                                0.01      0.04       1.85 f
  n3 (net)                                      1         0.00                0.00       1.85 f
  u_dut/acc_o_reg[38]/D (DFFRPQA_X2M_A6P5PP140ZTS_C35)              0.01      0.00       1.85 f
  data arrival time                                                                      1.85

  clock clk (rise edge)                                                       2.00       2.00
  clock network delay (ideal)                                                 0.00       2.00
  clock uncertainty                                                          -0.10       1.90
  u_dut/acc_o_reg[38]/CK (DFFRPQA_X2M_A6P5PP140ZTS_C35)                       0.00       1.90 r
  library setup time                                                         -0.04       1.86
  data required time                                                                     1.86
  ----------------------------------------------------------------------------------------------
  data required time                                                                     1.86
  data arrival time                                                                     -1.85
  ----------------------------------------------------------------------------------------------
  slack (MET)                                                                            0.01


  Startpoint: w_vec_i[4] (input port clocked by clk)
  Endpoint: u_dut/acc_o_reg[38]
            (rising edge-triggered flip-flop clocked by clk)
  Path Group: clk
  Path Type: max

  Des/Clust/Port     Wire Load Model       Library
  ------------------------------------------------
  char_top           Zero                  sc6p5mcpp140z_cln22ul_base_svt_c35_tt_typical_max_0p80v_25c

  Point                                       Fanout       Cap     Trans      Incr       Path
  ----------------------------------------------------------------------------------------------
  clock clk (rise edge)                                                       0.00       0.00
  clock network delay (ideal)                                                 0.00       0.00
  input external delay                                                        0.20       0.20 f
  w_vec_i[4] (in)                                                   0.05      0.00       0.20 f
  w_vec_i[4] (net)                              2         0.00                0.00       0.20 f
  U188/Y (XNOR2_X0P5M_A6P5PP140ZTS_C35)                             0.10      0.08       0.28 r
  n656 (net)                                   11         0.00                0.00       0.28 r
  U224/Y (NAND2_X1M_A6P5PP140ZTS_C35)                               0.08      0.07       0.35 f
  n657 (net)                                    9         0.00                0.00       0.35 f
  U226/Y (OAI22_X1M_A6P5PP140ZTS_C35)                               0.06      0.05       0.40 r
  n268 (net)                                    1         0.00                0.00       0.40 r
  U315/CO (ADDF_X1M_A6P5PP140ZTS_C35)                               0.03      0.06       0.46 r
  n324 (net)                                    1         0.00                0.00       0.46 r
  U375/S (ADDF_X1M_A6P5PP140ZTS_C35)                                0.02      0.07       0.53 f
  n320 (net)                                    1         0.00                0.00       0.53 f
  U374/S (ADDF_X1M_A6P5PP140ZTS_C35)                                0.02      0.07       0.60 r
  n290 (net)                                    1         0.00                0.00       0.60 r
  U327/S (ADDF_X1M_A6P5PP140ZTS_C35)                                0.02      0.07       0.67 f
  n356 (net)                                    1         0.00                0.00       0.67 f
  U396/S (ADDF_X1M_A6P5PP140ZTS_C35)                                0.02      0.07       0.73 r
  n283 (net)                                    2         0.00                0.00       0.73 r
  U321/Y (NAND2_X1M_A6P5PP140ZTS_C35)                               0.02      0.02       0.75 f
  n286 (net)                                    2         0.00                0.00       0.75 f
  U325/Y (INV_X1M_A6P5PP140ZTS_C35)                                 0.01      0.01       0.76 r
  n287 (net)                                    1         0.00                0.00       0.76 r
  U326/Y (AOI21_X2M_A6P5PP140ZTS_C35)                               0.02      0.01       0.77 f
  n441 (net)                                    2         0.00                0.00       0.77 f
  U451/Y (OAI21_X2M_A6P5PP140ZTS_C35)                               0.03      0.03       0.80 r
  n509 (net)                                    2         0.00                0.00       0.80 r
  U499/Y (AOI21_X2M_A6P5PP140ZTS_C35)                               0.02      0.02       0.82 f
  n576 (net)                                    2         0.00                0.00       0.82 f
  U540/Y (OAI21_X2M_A6P5PP140ZTS_C35)                               0.03      0.03       0.85 r
  n630 (net)                                    2         0.00                0.00       0.85 r
  U578/Y (AOI21_X2M_A6P5PP140ZTS_C35)                               0.02      0.02       0.87 f
  n683 (net)                                    2         0.00                0.00       0.87 f
  U606/Y (OAI21_X2M_A6P5PP140ZTS_C35)                               0.02      0.02       0.90 r
  n721 (net)                                    2         0.00                0.00       0.90 r
  U45/Y (AOI21_X1M_A6P5PP140ZTS_C35)                                0.03      0.02       0.92 f
  n758 (net)                                    2         0.00                0.00       0.92 f
  U647/Y (OAI21_X0P5M_A6P5PP140ZTS_C35)                             0.04      0.04       0.96 r
  n780 (net)                                    2         0.00                0.00       0.96 r
  U661/Y (AOI21_X0P5M_A6P5PP140ZTS_C35)                             0.03      0.03       0.98 f
  n793 (net)                                    2         0.00                0.00       0.98 f
  U669/Y (OAI21_X0P5M_A6P5PP140ZTS_C35)                             0.04      0.04       1.02 r
  n803 (net)                                    2         0.00                0.00       1.02 r
  U679/Y (AOI21_X0P5M_A6P5PP140ZTS_C35)                             0.04      0.03       1.06 f
  n809 (net)                                    2         0.00                0.00       1.06 f
  U686/Y (OAI21_X2M_A6P5PP140ZTS_C35)                               0.03      0.03       1.09 r
  n817 (net)                                    2         0.00                0.00       1.09 r
  U695/Y (AOI21_X2M_A6P5PP140ZTS_C35)                               0.02      0.02       1.11 f
  n823 (net)                                    2         0.00                0.00       1.11 f
  U702/Y (OAI21_X2M_A6P5PP140ZTS_C35)                               0.03      0.03       1.14 r
  n831 (net)                                    2         0.00                0.00       1.14 r
  U711/Y (AOI21_X2M_A6P5PP140ZTS_C35)                               0.02      0.02       1.16 f
  n837 (net)                                    2         0.00                0.00       1.16 f
  U718/Y (OAI21_X2M_A6P5PP140ZTS_C35)                               0.03      0.03       1.19 r
  n845 (net)                                    2         0.00                0.00       1.19 r
  U727/Y (AOI21_X2M_A6P5PP140ZTS_C35)                               0.02      0.02       1.21 f
  n851 (net)                                    2         0.00                0.00       1.21 f
  U734/Y (OAI21_X2M_A6P5PP140ZTS_C35)                               0.03      0.03       1.24 r
  n859 (net)                                    2         0.00                0.00       1.24 r
  U743/Y (AOI21_X2M_A6P5PP140ZTS_C35)                               0.02      0.02       1.26 f
  n865 (net)                                    2         0.00                0.00       1.26 f
  U750/Y (OAI21_X2M_A6P5PP140ZTS_C35)                               0.03      0.03       1.29 r
  n873 (net)                                    2         0.00                0.00       1.29 r
  U759/Y (AOI21_X2M_A6P5PP140ZTS_C35)                               0.02      0.02       1.31 f
  n879 (net)                                    2         0.00                0.00       1.31 f
  U766/Y (OAI21_X2M_A6P5PP140ZTS_C35)                               0.03      0.03       1.33 r
  n887 (net)                                    2         0.00                0.00       1.33 r
  U775/Y (AOI21_X2M_A6P5PP140ZTS_C35)                               0.02      0.02       1.36 f
  n892 (net)                                    2         0.00                0.00       1.36 f
  U779/Y (OAI21_X2M_A6P5PP140ZTS_C35)                               0.02      0.02       1.38 r
  n894 (net)                                    1         0.00                0.00       1.38 r
  U782/CO (ADDF_X1M_A6P5PP140ZTS_C35)                               0.02      0.05       1.43 r
  n897 (net)                                    1         0.00                0.00       1.43 r
  U785/CO (ADDF_X1M_A6P5PP140ZTS_C35)                               0.02      0.05       1.48 r
  n900 (net)                                    1         0.00                0.00       1.48 r
  U788/CO (ADDF_X1M_A6P5PP140ZTS_C35)                               0.02      0.05       1.52 r
  n903 (net)                                    1         0.00                0.00       1.52 r
  U791/CO (ADDF_X1M_A6P5PP140ZTS_C35)                               0.02      0.05       1.57 r
  n906 (net)                                    1         0.00                0.00       1.57 r
  U794/CO (ADDF_X1M_A6P5PP140ZTS_C35)                               0.02      0.05       1.61 r
  n909 (net)                                    1         0.00                0.00       1.61 r
  U797/CO (ADDF_X1M_A6P5PP140ZTS_C35)                               0.02      0.05       1.66 r
  n912 (net)                                    1         0.00                0.00       1.66 r
  U800/CO (ADDF_X1M_A6P5PP140ZTS_C35)                               0.02      0.05       1.71 r
  n915 (net)                                    1         0.00                0.00       1.71 r
  U803/CO (ADDF_X1M_A6P5PP140ZTS_C35)                               0.02      0.05       1.75 r
  n919 (net)                                    1         0.00                0.00       1.75 r
  U806/S (ADDF_X1M_A6P5PP140ZTS_C35)                                0.01      0.06       1.82 f
  n917 (net)                                    1         0.00                0.00       1.82 f
  U804/Y (AO22_X1M_A6P5PP140ZTS_C35)                                0.01      0.04       1.85 f
  n3 (net)                                      1         0.00                0.00       1.85 f
  u_dut/acc_o_reg[38]/D (DFFRPQA_X2M_A6P5PP140ZTS_C35)              0.01      0.00       1.85 f
  data arrival time                                                                      1.85

  clock clk (rise edge)                                                       2.00       2.00
  clock network delay (ideal)                                                 0.00       2.00
  clock uncertainty                                                          -0.10       1.90
  u_dut/acc_o_reg[38]/CK (DFFRPQA_X2M_A6P5PP140ZTS_C35)                       0.00       1.90 r
  library setup time                                                         -0.04       1.86
  data required time                                                                     1.86
  ----------------------------------------------------------------------------------------------
  data required time                                                                     1.86
  data arrival time                                                                     -1.85
  ----------------------------------------------------------------------------------------------
  slack (MET)                                                                            0.01


  Startpoint: w_vec_i[4] (input port clocked by clk)
  Endpoint: u_dut/acc_o_reg[38]
            (rising edge-triggered flip-flop clocked by clk)
  Path Group: clk
  Path Type: max

  Des/Clust/Port     Wire Load Model       Library
  ------------------------------------------------
  char_top           Zero                  sc6p5mcpp140z_cln22ul_base_svt_c35_tt_typical_max_0p80v_25c

  Point                                       Fanout       Cap     Trans      Incr       Path
  ----------------------------------------------------------------------------------------------
  clock clk (rise edge)                                                       0.00       0.00
  clock network delay (ideal)                                                 0.00       0.00
  input external delay                                                        0.20       0.20 f
  w_vec_i[4] (in)                                                   0.05      0.00       0.20 f
  w_vec_i[4] (net)                              2         0.00                0.00       0.20 f
  U188/Y (XNOR2_X0P5M_A6P5PP140ZTS_C35)                             0.10      0.08       0.28 r
  n656 (net)                                   11         0.00                0.00       0.28 r
  U224/Y (NAND2_X1M_A6P5PP140ZTS_C35)                               0.08      0.07       0.35 f
  n657 (net)                                    9         0.00                0.00       0.35 f
  U226/Y (OAI22_X1M_A6P5PP140ZTS_C35)                               0.06      0.05       0.40 r
  n268 (net)                                    1         0.00                0.00       0.40 r
  U315/CO (ADDF_X1M_A6P5PP140ZTS_C35)                               0.03      0.06       0.46 r
  n324 (net)                                    1         0.00                0.00       0.46 r
  U375/S (ADDF_X1M_A6P5PP140ZTS_C35)                                0.02      0.07       0.53 f
  n320 (net)                                    1         0.00                0.00       0.53 f
  U374/S (ADDF_X1M_A6P5PP140ZTS_C35)                                0.02      0.07       0.60 r
  n290 (net)                                    1         0.00                0.00       0.60 r
  U327/S (ADDF_X1M_A6P5PP140ZTS_C35)                                0.02      0.07       0.67 f
  n356 (net)                                    1         0.00                0.00       0.67 f
  U396/S (ADDF_X1M_A6P5PP140ZTS_C35)                                0.02      0.07       0.73 r
  n283 (net)                                    2         0.00                0.00       0.73 r
  U321/Y (NAND2_X1M_A6P5PP140ZTS_C35)                               0.02      0.02       0.75 f
  n286 (net)                                    2         0.00                0.00       0.75 f
  U325/Y (INV_X1M_A6P5PP140ZTS_C35)                                 0.01      0.01       0.76 r
  n287 (net)                                    1         0.00                0.00       0.76 r
  U326/Y (AOI21_X2M_A6P5PP140ZTS_C35)                               0.02      0.01       0.77 f
  n441 (net)                                    2         0.00                0.00       0.77 f
  U451/Y (OAI21_X2M_A6P5PP140ZTS_C35)                               0.03      0.03       0.80 r
  n509 (net)                                    2         0.00                0.00       0.80 r
  U499/Y (AOI21_X2M_A6P5PP140ZTS_C35)                               0.02      0.02       0.82 f
  n576 (net)                                    2         0.00                0.00       0.82 f
  U540/Y (OAI21_X2M_A6P5PP140ZTS_C35)                               0.03      0.03       0.85 r
  n630 (net)                                    2         0.00                0.00       0.85 r
  U578/Y (AOI21_X2M_A6P5PP140ZTS_C35)                               0.02      0.02       0.87 f
  n683 (net)                                    2         0.00                0.00       0.87 f
  U606/Y (OAI21_X2M_A6P5PP140ZTS_C35)                               0.02      0.02       0.90 r
  n721 (net)                                    2         0.00                0.00       0.90 r
  U45/Y (AOI21_X1M_A6P5PP140ZTS_C35)                                0.03      0.02       0.92 f
  n758 (net)                                    2         0.00                0.00       0.92 f
  U647/Y (OAI21_X0P5M_A6P5PP140ZTS_C35)                             0.04      0.04       0.96 r
  n780 (net)                                    2         0.00                0.00       0.96 r
  U661/Y (AOI21_X0P5M_A6P5PP140ZTS_C35)                             0.03      0.03       0.98 f
  n793 (net)                                    2         0.00                0.00       0.98 f
  U669/Y (OAI21_X0P5M_A6P5PP140ZTS_C35)                             0.04      0.04       1.02 r
  n803 (net)                                    2         0.00                0.00       1.02 r
  U679/Y (AOI21_X0P5M_A6P5PP140ZTS_C35)                             0.04      0.03       1.06 f
  n809 (net)                                    2         0.00                0.00       1.06 f
  U686/Y (OAI21_X2M_A6P5PP140ZTS_C35)                               0.03      0.03       1.09 r
  n817 (net)                                    2         0.00                0.00       1.09 r
  U695/Y (AOI21_X2M_A6P5PP140ZTS_C35)                               0.02      0.02       1.11 f
  n823 (net)                                    2         0.00                0.00       1.11 f
  U702/Y (OAI21_X2M_A6P5PP140ZTS_C35)                               0.03      0.03       1.14 r
  n831 (net)                                    2         0.00                0.00       1.14 r
  U711/Y (AOI21_X2M_A6P5PP140ZTS_C35)                               0.02      0.02       1.16 f
  n837 (net)                                    2         0.00                0.00       1.16 f
  U718/Y (OAI21_X2M_A6P5PP140ZTS_C35)                               0.03      0.03       1.19 r
  n845 (net)                                    2         0.00                0.00       1.19 r
  U727/Y (AOI21_X2M_A6P5PP140ZTS_C35)                               0.02      0.02       1.21 f
  n851 (net)                                    2         0.00                0.00       1.21 f
  U734/Y (OAI21_X2M_A6P5PP140ZTS_C35)                               0.03      0.03       1.24 r
  n859 (net)                                    2         0.00                0.00       1.24 r
  U743/Y (AOI21_X2M_A6P5PP140ZTS_C35)                               0.02      0.02       1.26 f
  n865 (net)                                    2         0.00                0.00       1.26 f
  U750/Y (OAI21_X2M_A6P5PP140ZTS_C35)                               0.03      0.03       1.29 r
  n873 (net)                                    2         0.00                0.00       1.29 r
  U759/Y (AOI21_X2M_A6P5PP140ZTS_C35)                               0.02      0.02       1.31 f
  n879 (net)                                    2         0.00                0.00       1.31 f
  U766/Y (OAI21_X2M_A6P5PP140ZTS_C35)                               0.03      0.03       1.33 r
  n887 (net)                                    2         0.00                0.00       1.33 r
  U775/Y (AOI21_X2M_A6P5PP140ZTS_C35)                               0.02      0.02       1.36 f
  n892 (net)                                    2         0.00                0.00       1.36 f
  U779/Y (OAI21_X2M_A6P5PP140ZTS_C35)                               0.02      0.02       1.38 r
  n894 (net)                                    1         0.00                0.00       1.38 r
  U782/CO (ADDF_X1M_A6P5PP140ZTS_C35)                               0.02      0.05       1.43 r
  n897 (net)                                    1         0.00                0.00       1.43 r
  U785/CO (ADDF_X1M_A6P5PP140ZTS_C35)                               0.02      0.05       1.48 r
  n900 (net)                                    1         0.00                0.00       1.48 r
  U788/CO (ADDF_X1M_A6P5PP140ZTS_C35)                               0.02      0.05       1.52 r
  n903 (net)                                    1         0.00                0.00       1.52 r
  U791/CO (ADDF_X1M_A6P5PP140ZTS_C35)                               0.02      0.05       1.57 r
  n906 (net)                                    1         0.00                0.00       1.57 r
  U794/CO (ADDF_X1M_A6P5PP140ZTS_C35)                               0.02      0.05       1.61 r
  n909 (net)                                    1         0.00                0.00       1.61 r
  U797/CO (ADDF_X1M_A6P5PP140ZTS_C35)                               0.02      0.05       1.66 r
  n912 (net)                                    1         0.00                0.00       1.66 r
  U800/CO (ADDF_X1M_A6P5PP140ZTS_C35)                               0.02      0.05       1.71 r
  n915 (net)                                    1         0.00                0.00       1.71 r
  U803/CO (ADDF_X1M_A6P5PP140ZTS_C35)                               0.02      0.05       1.75 r
  n919 (net)                                    1         0.00                0.00       1.75 r
  U806/S (ADDF_X1M_A6P5PP140ZTS_C35)                                0.01      0.06       1.82 f
  n917 (net)                                    1         0.00                0.00       1.82 f
  U804/Y (AO22_X1M_A6P5PP140ZTS_C35)                                0.01      0.04       1.85 f
  n3 (net)                                      1         0.00                0.00       1.85 f
  u_dut/acc_o_reg[38]/D (DFFRPQA_X2M_A6P5PP140ZTS_C35)              0.01      0.00       1.85 f
  data arrival time                                                                      1.85

  clock clk (rise edge)                                                       2.00       2.00
  clock network delay (ideal)                                                 0.00       2.00
  clock uncertainty                                                          -0.10       1.90
  u_dut/acc_o_reg[38]/CK (DFFRPQA_X2M_A6P5PP140ZTS_C35)                       0.00       1.90 r
  library setup time                                                         -0.04       1.86
  data required time                                                                     1.86
  ----------------------------------------------------------------------------------------------
  data required time                                                                     1.86
  data arrival time                                                                     -1.85
  ----------------------------------------------------------------------------------------------
  slack (MET)                                                                            0.01


  Startpoint: w_vec_i[4] (input port clocked by clk)
  Endpoint: u_dut/acc_o_reg[38]
            (rising edge-triggered flip-flop clocked by clk)
  Path Group: clk
  Path Type: max

  Des/Clust/Port     Wire Load Model       Library
  ------------------------------------------------
  char_top           Zero                  sc6p5mcpp140z_cln22ul_base_svt_c35_tt_typical_max_0p80v_25c

  Point                                       Fanout       Cap     Trans      Incr       Path
  ----------------------------------------------------------------------------------------------
  clock clk (rise edge)                                                       0.00       0.00
  clock network delay (ideal)                                                 0.00       0.00
  input external delay                                                        0.20       0.20 f
  w_vec_i[4] (in)                                                   0.05      0.00       0.20 f
  w_vec_i[4] (net)                              2         0.00                0.00       0.20 f
  U188/Y (XNOR2_X0P5M_A6P5PP140ZTS_C35)                             0.10      0.08       0.28 r
  n656 (net)                                   11         0.00                0.00       0.28 r
  U224/Y (NAND2_X1M_A6P5PP140ZTS_C35)                               0.08      0.07       0.35 f
  n657 (net)                                    9         0.00                0.00       0.35 f
  U226/Y (OAI22_X1M_A6P5PP140ZTS_C35)                               0.06      0.05       0.40 r
  n268 (net)                                    1         0.00                0.00       0.40 r
  U315/CO (ADDF_X1M_A6P5PP140ZTS_C35)                               0.03      0.06       0.46 r
  n324 (net)                                    1         0.00                0.00       0.46 r
  U375/S (ADDF_X1M_A6P5PP140ZTS_C35)                                0.02      0.07       0.53 f
  n320 (net)                                    1         0.00                0.00       0.53 f
  U374/S (ADDF_X1M_A6P5PP140ZTS_C35)                                0.02      0.07       0.60 r
  n290 (net)                                    1         0.00                0.00       0.60 r
  U327/S (ADDF_X1M_A6P5PP140ZTS_C35)                                0.02      0.07       0.67 f
  n356 (net)                                    1         0.00                0.00       0.67 f
  U396/S (ADDF_X1M_A6P5PP140ZTS_C35)                                0.02      0.07       0.73 r
  n283 (net)                                    2         0.00                0.00       0.73 r
  U321/Y (NAND2_X1M_A6P5PP140ZTS_C35)                               0.02      0.02       0.75 f
  n286 (net)                                    2         0.00                0.00       0.75 f
  U325/Y (INV_X1M_A6P5PP140ZTS_C35)                                 0.01      0.01       0.76 r
  n287 (net)                                    1         0.00                0.00       0.76 r
  U326/Y (AOI21_X2M_A6P5PP140ZTS_C35)                               0.02      0.01       0.77 f
  n441 (net)                                    2         0.00                0.00       0.77 f
  U451/Y (OAI21_X2M_A6P5PP140ZTS_C35)                               0.03      0.03       0.80 r
  n509 (net)                                    2         0.00                0.00       0.80 r
  U499/Y (AOI21_X2M_A6P5PP140ZTS_C35)                               0.02      0.02       0.82 f
  n576 (net)                                    2         0.00                0.00       0.82 f
  U540/Y (OAI21_X2M_A6P5PP140ZTS_C35)                               0.03      0.03       0.85 r
  n630 (net)                                    2         0.00                0.00       0.85 r
  U578/Y (AOI21_X2M_A6P5PP140ZTS_C35)                               0.02      0.02       0.87 f
  n683 (net)                                    2         0.00                0.00       0.87 f
  U606/Y (OAI21_X2M_A6P5PP140ZTS_C35)                               0.02      0.02       0.90 r
  n721 (net)                                    2         0.00                0.00       0.90 r
  U45/Y (AOI21_X1M_A6P5PP140ZTS_C35)                                0.03      0.02       0.92 f
  n758 (net)                                    2         0.00                0.00       0.92 f
  U647/Y (OAI21_X0P5M_A6P5PP140ZTS_C35)                             0.04      0.04       0.96 r
  n780 (net)                                    2         0.00                0.00       0.96 r
  U661/Y (AOI21_X0P5M_A6P5PP140ZTS_C35)                             0.03      0.03       0.98 f
  n793 (net)                                    2         0.00                0.00       0.98 f
  U669/Y (OAI21_X0P5M_A6P5PP140ZTS_C35)                             0.04      0.04       1.02 r
  n803 (net)                                    2         0.00                0.00       1.02 r
  U679/Y (AOI21_X0P5M_A6P5PP140ZTS_C35)                             0.04      0.03       1.06 f
  n809 (net)                                    2         0.00                0.00       1.06 f
  U686/Y (OAI21_X2M_A6P5PP140ZTS_C35)                               0.03      0.03       1.09 r
  n817 (net)                                    2         0.00                0.00       1.09 r
  U695/Y (AOI21_X2M_A6P5PP140ZTS_C35)                               0.02      0.02       1.11 f
  n823 (net)                                    2         0.00                0.00       1.11 f
  U702/Y (OAI21_X2M_A6P5PP140ZTS_C35)                               0.03      0.03       1.14 r
  n831 (net)                                    2         0.00                0.00       1.14 r
  U711/Y (AOI21_X2M_A6P5PP140ZTS_C35)                               0.02      0.02       1.16 f
  n837 (net)                                    2         0.00                0.00       1.16 f
  U718/Y (OAI21_X2M_A6P5PP140ZTS_C35)                               0.03      0.03       1.19 r
  n845 (net)                                    2         0.00                0.00       1.19 r
  U727/Y (AOI21_X2M_A6P5PP140ZTS_C35)                               0.02      0.02       1.21 f
  n851 (net)                                    2         0.00                0.00       1.21 f
  U734/Y (OAI21_X2M_A6P5PP140ZTS_C35)                               0.03      0.03       1.24 r
  n859 (net)                                    2         0.00                0.00       1.24 r
  U743/Y (AOI21_X2M_A6P5PP140ZTS_C35)                               0.02      0.02       1.26 f
  n865 (net)                                    2         0.00                0.00       1.26 f
  U750/Y (OAI21_X2M_A6P5PP140ZTS_C35)                               0.03      0.03       1.29 r
  n873 (net)                                    2         0.00                0.00       1.29 r
  U759/Y (AOI21_X2M_A6P5PP140ZTS_C35)                               0.02      0.02       1.31 f
  n879 (net)                                    2         0.00                0.00       1.31 f
  U766/Y (OAI21_X2M_A6P5PP140ZTS_C35)                               0.03      0.03       1.33 r
  n887 (net)                                    2         0.00                0.00       1.33 r
  U775/Y (AOI21_X2M_A6P5PP140ZTS_C35)                               0.02      0.02       1.36 f
  n892 (net)                                    2         0.00                0.00       1.36 f
  U779/Y (OAI21_X2M_A6P5PP140ZTS_C35)                               0.02      0.02       1.38 r
  n894 (net)                                    1         0.00                0.00       1.38 r
  U782/CO (ADDF_X1M_A6P5PP140ZTS_C35)                               0.02      0.05       1.43 r
  n897 (net)                                    1         0.00                0.00       1.43 r
  U785/CO (ADDF_X1M_A6P5PP140ZTS_C35)                               0.02      0.05       1.47 r
  n900 (net)                                    1         0.00                0.00       1.47 r
  U788/CO (ADDF_X1M_A6P5PP140ZTS_C35)                               0.02      0.05       1.52 r
  n903 (net)                                    1         0.00                0.00       1.52 r
  U791/CO (ADDF_X1M_A6P5PP140ZTS_C35)                               0.02      0.05       1.57 r
  n906 (net)                                    1         0.00                0.00       1.57 r
  U794/CO (ADDF_X1M_A6P5PP140ZTS_C35)                               0.02      0.05       1.61 r
  n909 (net)                                    1         0.00                0.00       1.61 r
  U797/CO (ADDF_X1M_A6P5PP140ZTS_C35)                               0.02      0.05       1.66 r
  n912 (net)                                    1         0.00                0.00       1.66 r
  U800/CO (ADDF_X1M_A6P5PP140ZTS_C35)                               0.02      0.05       1.71 r
  n915 (net)                                    1         0.00                0.00       1.71 r
  U803/CO (ADDF_X1M_A6P5PP140ZTS_C35)                               0.02      0.05       1.75 r
  n919 (net)                                    1         0.00                0.00       1.75 r
  U806/S (ADDF_X1M_A6P5PP140ZTS_C35)                                0.01      0.06       1.82 f
  n917 (net)                                    1         0.00                0.00       1.82 f
  U804/Y (AO22_X1M_A6P5PP140ZTS_C35)                                0.01      0.04       1.85 f
  n3 (net)                                      1         0.00                0.00       1.85 f
  u_dut/acc_o_reg[38]/D (DFFRPQA_X2M_A6P5PP140ZTS_C35)              0.01      0.00       1.85 f
  data arrival time                                                                      1.85

  clock clk (rise edge)                                                       2.00       2.00
  clock network delay (ideal)                                                 0.00       2.00
  clock uncertainty                                                          -0.10       1.90
  u_dut/acc_o_reg[38]/CK (DFFRPQA_X2M_A6P5PP140ZTS_C35)                       0.00       1.90 r
  library setup time                                                         -0.04       1.86
  data required time                                                                     1.86
  ----------------------------------------------------------------------------------------------
  data required time                                                                     1.86
  data arrival time                                                                     -1.85
  ----------------------------------------------------------------------------------------------
  slack (MET)                                                                            0.01


  Startpoint: w_vec_i[28]
              (input port clocked by clk)
  Endpoint: u_dut/acc_o_reg[38]
            (rising edge-triggered flip-flop clocked by clk)
  Path Group: clk
  Path Type: max

  Des/Clust/Port     Wire Load Model       Library
  ------------------------------------------------
  char_top           Zero                  sc6p5mcpp140z_cln22ul_base_svt_c35_tt_typical_max_0p80v_25c

  Point                                       Fanout       Cap     Trans      Incr       Path
  ----------------------------------------------------------------------------------------------
  clock clk (rise edge)                                                       0.00       0.00
  clock network delay (ideal)                                                 0.00       0.00
  input external delay                                                        0.20       0.20 f
  w_vec_i[28] (in)                                                  0.05      0.00       0.20 f
  w_vec_i[28] (net)                             2         0.00                0.00       0.20 f
  U194/Y (XNOR2_X0P5M_A6P5PP140ZTS_C35)                             0.10      0.08       0.28 r
  n671 (net)                                   11         0.00                0.00       0.28 r
  U229/Y (NAND2_X1M_A6P5PP140ZTS_C35)                               0.08      0.07       0.35 f
  n672 (net)                                    9         0.00                0.00       0.35 f
  U253/Y (OAI22_X1M_A6P5PP140ZTS_C35)                               0.06      0.05       0.40 r
  n275 (net)                                    1         0.00                0.00       0.40 r
  U317/CO (ADDF_X1M_A6P5PP140ZTS_C35)                               0.02      0.06       0.46 r
  n322 (net)                                    1         0.00                0.00       0.46 r
  U375/S (ADDF_X1M_A6P5PP140ZTS_C35)                                0.02      0.07       0.53 f
  n320 (net)                                    1         0.00                0.00       0.53 f
  U374/S (ADDF_X1M_A6P5PP140ZTS_C35)                                0.02      0.07       0.60 r
  n290 (net)                                    1         0.00                0.00       0.60 r
  U327/S (ADDF_X1M_A6P5PP140ZTS_C35)                                0.02      0.07       0.67 f
  n356 (net)                                    1         0.00                0.00       0.67 f
  U396/S (ADDF_X1M_A6P5PP140ZTS_C35)                                0.02      0.07       0.73 r
  n283 (net)                                    2         0.00                0.00       0.73 r
  U321/Y (NAND2_X1M_A6P5PP140ZTS_C35)                               0.02      0.02       0.75 f
  n286 (net)                                    2         0.00                0.00       0.75 f
  U325/Y (INV_X1M_A6P5PP140ZTS_C35)                                 0.01      0.01       0.76 r
  n287 (net)                                    1         0.00                0.00       0.76 r
  U326/Y (AOI21_X2M_A6P5PP140ZTS_C35)                               0.02      0.01       0.77 f
  n441 (net)                                    2         0.00                0.00       0.77 f
  U451/Y (OAI21_X2M_A6P5PP140ZTS_C35)                               0.03      0.03       0.80 r
  n509 (net)                                    2         0.00                0.00       0.80 r
  U499/Y (AOI21_X2M_A6P5PP140ZTS_C35)                               0.02      0.02       0.82 f
  n576 (net)                                    2         0.00                0.00       0.82 f
  U540/Y (OAI21_X2M_A6P5PP140ZTS_C35)                               0.03      0.03       0.85 r
  n630 (net)                                    2         0.00                0.00       0.85 r
  U578/Y (AOI21_X2M_A6P5PP140ZTS_C35)                               0.02      0.02       0.87 f
  n683 (net)                                    2         0.00                0.00       0.87 f
  U606/Y (OAI21_X2M_A6P5PP140ZTS_C35)                               0.02      0.02       0.90 r
  n721 (net)                                    2         0.00                0.00       0.90 r
  U45/Y (AOI21_X1M_A6P5PP140ZTS_C35)                                0.03      0.02       0.92 f
  n758 (net)                                    2         0.00                0.00       0.92 f
  U647/Y (OAI21_X0P5M_A6P5PP140ZTS_C35)                             0.04      0.04       0.96 r
  n780 (net)                                    2         0.00                0.00       0.96 r
  U661/Y (AOI21_X0P5M_A6P5PP140ZTS_C35)                             0.03      0.03       0.98 f
  n793 (net)                                    2         0.00                0.00       0.98 f
  U669/Y (OAI21_X0P5M_A6P5PP140ZTS_C35)                             0.04      0.04       1.02 r
  n803 (net)                                    2         0.00                0.00       1.02 r
  U679/Y (AOI21_X0P5M_A6P5PP140ZTS_C35)                             0.04      0.03       1.06 f
  n809 (net)                                    2         0.00                0.00       1.06 f
  U686/Y (OAI21_X2M_A6P5PP140ZTS_C35)                               0.03      0.03       1.09 r
  n817 (net)                                    2         0.00                0.00       1.09 r
  U695/Y (AOI21_X2M_A6P5PP140ZTS_C35)                               0.02      0.02       1.11 f
  n823 (net)                                    2         0.00                0.00       1.11 f
  U702/Y (OAI21_X2M_A6P5PP140ZTS_C35)                               0.03      0.03       1.14 r
  n831 (net)                                    2         0.00                0.00       1.14 r
  U711/Y (AOI21_X2M_A6P5PP140ZTS_C35)                               0.02      0.02       1.16 f
  n837 (net)                                    2         0.00                0.00       1.16 f
  U718/Y (OAI21_X2M_A6P5PP140ZTS_C35)                               0.03      0.03       1.19 r
  n845 (net)                                    2         0.00                0.00       1.19 r
  U727/Y (AOI21_X2M_A6P5PP140ZTS_C35)                               0.02      0.02       1.21 f
  n851 (net)                                    2         0.00                0.00       1.21 f
  U734/Y (OAI21_X2M_A6P5PP140ZTS_C35)                               0.03      0.03       1.24 r
  n859 (net)                                    2         0.00                0.00       1.24 r
  U743/Y (AOI21_X2M_A6P5PP140ZTS_C35)                               0.02      0.02       1.26 f
  n865 (net)                                    2         0.00                0.00       1.26 f
  U750/Y (OAI21_X2M_A6P5PP140ZTS_C35)                               0.03      0.03       1.29 r
  n873 (net)                                    2         0.00                0.00       1.29 r
  U759/Y (AOI21_X2M_A6P5PP140ZTS_C35)                               0.02      0.02       1.31 f
  n879 (net)                                    2         0.00                0.00       1.31 f
  U766/Y (OAI21_X2M_A6P5PP140ZTS_C35)                               0.03      0.03       1.33 r
  n887 (net)                                    2         0.00                0.00       1.33 r
  U775/Y (AOI21_X2M_A6P5PP140ZTS_C35)                               0.02      0.02       1.36 f
  n892 (net)                                    2         0.00                0.00       1.36 f
  U779/Y (OAI21_X2M_A6P5PP140ZTS_C35)                               0.02      0.02       1.38 r
  n894 (net)                                    1         0.00                0.00       1.38 r
  U782/CO (ADDF_X1M_A6P5PP140ZTS_C35)                               0.02      0.05       1.43 r
  n897 (net)                                    1         0.00                0.00       1.43 r
  U785/CO (ADDF_X1M_A6P5PP140ZTS_C35)                               0.02      0.05       1.47 r
  n900 (net)                                    1         0.00                0.00       1.47 r
  U788/CO (ADDF_X1M_A6P5PP140ZTS_C35)                               0.02      0.05       1.52 r
  n903 (net)                                    1         0.00                0.00       1.52 r
  U791/CO (ADDF_X1M_A6P5PP140ZTS_C35)                               0.02      0.05       1.57 r
  n906 (net)                                    1         0.00                0.00       1.57 r
  U794/CO (ADDF_X1M_A6P5PP140ZTS_C35)                               0.02      0.05       1.61 r
  n909 (net)                                    1         0.00                0.00       1.61 r
  U797/CO (ADDF_X1M_A6P5PP140ZTS_C35)                               0.02      0.05       1.66 r
  n912 (net)                                    1         0.00                0.00       1.66 r
  U800/CO (ADDF_X1M_A6P5PP140ZTS_C35)                               0.02      0.05       1.71 r
  n915 (net)                                    1         0.00                0.00       1.71 r
  U803/CO (ADDF_X1M_A6P5PP140ZTS_C35)                               0.02      0.05       1.75 r
  n919 (net)                                    1         0.00                0.00       1.75 r
  U806/S (ADDF_X1M_A6P5PP140ZTS_C35)                                0.01      0.06       1.82 f
  n917 (net)                                    1         0.00                0.00       1.82 f
  U804/Y (AO22_X1M_A6P5PP140ZTS_C35)                                0.01      0.04       1.85 f
  n3 (net)                                      1         0.00                0.00       1.85 f
  u_dut/acc_o_reg[38]/D (DFFRPQA_X2M_A6P5PP140ZTS_C35)              0.01      0.00       1.85 f
  data arrival time                                                                      1.85

  clock clk (rise edge)                                                       2.00       2.00
  clock network delay (ideal)                                                 0.00       2.00
  clock uncertainty                                                          -0.10       1.90
  u_dut/acc_o_reg[38]/CK (DFFRPQA_X2M_A6P5PP140ZTS_C35)                       0.00       1.90 r
  library setup time                                                         -0.04       1.86
  data required time                                                                     1.86
  ----------------------------------------------------------------------------------------------
  data required time                                                                     1.86
  data arrival time                                                                     -1.85
  ----------------------------------------------------------------------------------------------
  slack (MET)                                                                            0.01


  Startpoint: w_vec_i[4] (input port clocked by clk)
  Endpoint: u_dut/acc_o_reg[37]
            (rising edge-triggered flip-flop clocked by clk)
  Path Group: clk
  Path Type: max

  Des/Clust/Port     Wire Load Model       Library
  ------------------------------------------------
  char_top           Zero                  sc6p5mcpp140z_cln22ul_base_svt_c35_tt_typical_max_0p80v_25c

  Point                                       Fanout       Cap     Trans      Incr       Path
  ----------------------------------------------------------------------------------------------
  clock clk (rise edge)                                                       0.00       0.00
  clock network delay (ideal)                                                 0.00       0.00
  input external delay                                                        0.20       0.20 f
  w_vec_i[4] (in)                                                   0.05      0.00       0.20 f
  w_vec_i[4] (net)                              2         0.00                0.00       0.20 f
  U188/Y (XNOR2_X0P5M_A6P5PP140ZTS_C35)                             0.10      0.08       0.28 r
  n656 (net)                                   11         0.00                0.00       0.28 r
  U224/Y (NAND2_X1M_A6P5PP140ZTS_C35)                               0.08      0.07       0.35 f
  n657 (net)                                    9         0.00                0.00       0.35 f
  U226/Y (OAI22_X1M_A6P5PP140ZTS_C35)                               0.06      0.05       0.40 r
  n268 (net)                                    1         0.00                0.00       0.40 r
  U315/CO (ADDF_X1M_A6P5PP140ZTS_C35)                               0.03      0.06       0.46 r
  n324 (net)                                    1         0.00                0.00       0.46 r
  U375/S (ADDF_X1M_A6P5PP140ZTS_C35)                                0.02      0.07       0.53 f
  n320 (net)                                    1         0.00                0.00       0.53 f
  U374/S (ADDF_X1M_A6P5PP140ZTS_C35)                                0.02      0.07       0.60 r
  n290 (net)                                    1         0.00                0.00       0.60 r
  U327/S (ADDF_X1M_A6P5PP140ZTS_C35)                                0.02      0.07       0.67 f
  n356 (net)                                    1         0.00                0.00       0.67 f
  U396/S (ADDF_X1M_A6P5PP140ZTS_C35)                                0.02      0.07       0.73 r
  n283 (net)                                    2         0.00                0.00       0.73 r
  U321/Y (NAND2_X1M_A6P5PP140ZTS_C35)                               0.02      0.02       0.75 f
  n286 (net)                                    2         0.00                0.00       0.75 f
  U325/Y (INV_X1M_A6P5PP140ZTS_C35)                                 0.01      0.01       0.76 r
  n287 (net)                                    1         0.00                0.00       0.76 r
  U326/Y (AOI21_X2M_A6P5PP140ZTS_C35)                               0.02      0.01       0.77 f
  n441 (net)                                    2         0.00                0.00       0.77 f
  U451/Y (OAI21_X2M_A6P5PP140ZTS_C35)                               0.03      0.03       0.80 r
  n509 (net)                                    2         0.00                0.00       0.80 r
  U499/Y (AOI21_X2M_A6P5PP140ZTS_C35)                               0.02      0.02       0.82 f
  n576 (net)                                    2         0.00                0.00       0.82 f
  U540/Y (OAI21_X2M_A6P5PP140ZTS_C35)                               0.03      0.03       0.85 r
  n630 (net)                                    2         0.00                0.00       0.85 r
  U578/Y (AOI21_X2M_A6P5PP140ZTS_C35)                               0.02      0.02       0.87 f
  n683 (net)                                    2         0.00                0.00       0.87 f
  U606/Y (OAI21_X2M_A6P5PP140ZTS_C35)                               0.02      0.02       0.90 r
  n721 (net)                                    2         0.00                0.00       0.90 r
  U45/Y (AOI21_X1M_A6P5PP140ZTS_C35)                                0.03      0.02       0.92 f
  n758 (net)                                    2         0.00                0.00       0.92 f
  U647/Y (OAI21_X0P5M_A6P5PP140ZTS_C35)                             0.04      0.04       0.96 r
  n780 (net)                                    2         0.00                0.00       0.96 r
  U661/Y (AOI21_X0P5M_A6P5PP140ZTS_C35)                             0.03      0.03       0.98 f
  n793 (net)                                    2         0.00                0.00       0.98 f
  U669/Y (OAI21_X0P5M_A6P5PP140ZTS_C35)                             0.04      0.04       1.02 r
  n803 (net)                                    2         0.00                0.00       1.02 r
  U679/Y (AOI21_X0P5M_A6P5PP140ZTS_C35)                             0.04      0.03       1.06 f
  n809 (net)                                    2         0.00                0.00       1.06 f
  U686/Y (OAI21_X2M_A6P5PP140ZTS_C35)                               0.03      0.03       1.09 r
  n817 (net)                                    2         0.00                0.00       1.09 r
  U695/Y (AOI21_X2M_A6P5PP140ZTS_C35)                               0.02      0.02       1.11 f
  n823 (net)                                    2         0.00                0.00       1.11 f
  U702/Y (OAI21_X2M_A6P5PP140ZTS_C35)                               0.03      0.03       1.14 r
  n831 (net)                                    2         0.00                0.00       1.14 r
  U711/Y (AOI21_X2M_A6P5PP140ZTS_C35)                               0.02      0.02       1.16 f
  n837 (net)                                    2         0.00                0.00       1.16 f
  U718/Y (OAI21_X2M_A6P5PP140ZTS_C35)                               0.03      0.03       1.19 r
  n845 (net)                                    2         0.00                0.00       1.19 r
  U727/Y (AOI21_X2M_A6P5PP140ZTS_C35)                               0.02      0.02       1.21 f
  n851 (net)                                    2         0.00                0.00       1.21 f
  U734/Y (OAI21_X2M_A6P5PP140ZTS_C35)                               0.03      0.03       1.24 r
  n859 (net)                                    2         0.00                0.00       1.24 r
  U743/Y (AOI21_X2M_A6P5PP140ZTS_C35)                               0.02      0.02       1.26 f
  n865 (net)                                    2         0.00                0.00       1.26 f
  U750/Y (OAI21_X2M_A6P5PP140ZTS_C35)                               0.03      0.03       1.29 r
  n873 (net)                                    2         0.00                0.00       1.29 r
  U759/Y (AOI21_X2M_A6P5PP140ZTS_C35)                               0.02      0.02       1.31 f
  n879 (net)                                    2         0.00                0.00       1.31 f
  U766/Y (OAI21_X2M_A6P5PP140ZTS_C35)                               0.03      0.03       1.33 r
  n887 (net)                                    2         0.00                0.00       1.33 r
  U775/Y (AOI21_X2M_A6P5PP140ZTS_C35)                               0.02      0.02       1.36 f
  n892 (net)                                    2         0.00                0.00       1.36 f
  U779/Y (OAI21_X2M_A6P5PP140ZTS_C35)                               0.02      0.02       1.38 r
  n894 (net)                                    1         0.00                0.00       1.38 r
  U782/CO (ADDF_X1M_A6P5PP140ZTS_C35)                               0.02      0.05       1.43 r
  n897 (net)                                    1         0.00                0.00       1.43 r
  U785/CO (ADDF_X1M_A6P5PP140ZTS_C35)                               0.02      0.05       1.48 r
  n900 (net)                                    1         0.00                0.00       1.48 r
  U788/CO (ADDF_X1M_A6P5PP140ZTS_C35)                               0.02      0.05       1.52 r
  n903 (net)                                    1         0.00                0.00       1.52 r
  U791/CO (ADDF_X1M_A6P5PP140ZTS_C35)                               0.02      0.05       1.57 r
  n906 (net)                                    1         0.00                0.00       1.57 r
  U794/CO (ADDF_X1M_A6P5PP140ZTS_C35)                               0.02      0.05       1.61 r
  n909 (net)                                    1         0.00                0.00       1.61 r
  U797/CO (ADDF_X1M_A6P5PP140ZTS_C35)                               0.02      0.05       1.66 r
  n912 (net)                                    1         0.00                0.00       1.66 r
  U800/CO (ADDF_X1M_A6P5PP140ZTS_C35)                               0.02      0.05       1.71 r
  n915 (net)                                    1         0.00                0.00       1.71 r
  U803/S (ADDF_X1M_A6P5PP140ZTS_C35)                                0.01      0.06       1.77 f
  n914 (net)                                    1         0.00                0.00       1.77 f
  U801/Y (AO22_X1M_A6P5PP140ZTS_C35)                                0.01      0.04       1.81 f
  n4 (net)                                      1         0.00                0.00       1.81 f
  u_dut/acc_o_reg[37]/D (DFFRPQA_X2M_A6P5PP140ZTS_C35)              0.01      0.00       1.81 f
  data arrival time                                                                      1.81

  clock clk (rise edge)                                                       2.00       2.00
  clock network delay (ideal)                                                 0.00       2.00
  clock uncertainty                                                          -0.10       1.90
  u_dut/acc_o_reg[37]/CK (DFFRPQA_X2M_A6P5PP140ZTS_C35)                       0.00       1.90 r
  library setup time                                                         -0.04       1.86
  data required time                                                                     1.86
  ----------------------------------------------------------------------------------------------
  data required time                                                                     1.86
  data arrival time                                                                     -1.81
  ----------------------------------------------------------------------------------------------
  slack (MET)                                                                            0.06


  Startpoint: w_vec_i[4] (input port clocked by clk)
  Endpoint: u_dut/acc_o_reg[37]
            (rising edge-triggered flip-flop clocked by clk)
  Path Group: clk
  Path Type: max

  Des/Clust/Port     Wire Load Model       Library
  ------------------------------------------------
  char_top           Zero                  sc6p5mcpp140z_cln22ul_base_svt_c35_tt_typical_max_0p80v_25c

  Point                                       Fanout       Cap     Trans      Incr       Path
  ----------------------------------------------------------------------------------------------
  clock clk (rise edge)                                                       0.00       0.00
  clock network delay (ideal)                                                 0.00       0.00
  input external delay                                                        0.20       0.20 f
  w_vec_i[4] (in)                                                   0.05      0.00       0.20 f
  w_vec_i[4] (net)                              2         0.00                0.00       0.20 f
  U188/Y (XNOR2_X0P5M_A6P5PP140ZTS_C35)                             0.10      0.08       0.28 r
  n656 (net)                                   11         0.00                0.00       0.28 r
  U224/Y (NAND2_X1M_A6P5PP140ZTS_C35)                               0.08      0.07       0.35 f
  n657 (net)                                    9         0.00                0.00       0.35 f
  U226/Y (OAI22_X1M_A6P5PP140ZTS_C35)                               0.06      0.05       0.40 r
  n268 (net)                                    1         0.00                0.00       0.40 r
  U315/CO (ADDF_X1M_A6P5PP140ZTS_C35)                               0.03      0.06       0.46 r
  n324 (net)                                    1         0.00                0.00       0.46 r
  U375/S (ADDF_X1M_A6P5PP140ZTS_C35)                                0.02      0.07       0.53 f
  n320 (net)                                    1         0.00                0.00       0.53 f
  U374/S (ADDF_X1M_A6P5PP140ZTS_C35)                                0.02      0.07       0.60 r
  n290 (net)                                    1         0.00                0.00       0.60 r
  U327/S (ADDF_X1M_A6P5PP140ZTS_C35)                                0.02      0.07       0.67 f
  n356 (net)                                    1         0.00                0.00       0.67 f
  U396/S (ADDF_X1M_A6P5PP140ZTS_C35)                                0.02      0.07       0.73 r
  n283 (net)                                    2         0.00                0.00       0.73 r
  U321/Y (NAND2_X1M_A6P5PP140ZTS_C35)                               0.02      0.02       0.75 f
  n286 (net)                                    2         0.00                0.00       0.75 f
  U325/Y (INV_X1M_A6P5PP140ZTS_C35)                                 0.01      0.01       0.76 r
  n287 (net)                                    1         0.00                0.00       0.76 r
  U326/Y (AOI21_X2M_A6P5PP140ZTS_C35)                               0.02      0.01       0.77 f
  n441 (net)                                    2         0.00                0.00       0.77 f
  U451/Y (OAI21_X2M_A6P5PP140ZTS_C35)                               0.03      0.03       0.80 r
  n509 (net)                                    2         0.00                0.00       0.80 r
  U499/Y (AOI21_X2M_A6P5PP140ZTS_C35)                               0.02      0.02       0.82 f
  n576 (net)                                    2         0.00                0.00       0.82 f
  U540/Y (OAI21_X2M_A6P5PP140ZTS_C35)                               0.03      0.03       0.85 r
  n630 (net)                                    2         0.00                0.00       0.85 r
  U578/Y (AOI21_X2M_A6P5PP140ZTS_C35)                               0.02      0.02       0.87 f
  n683 (net)                                    2         0.00                0.00       0.87 f
  U606/Y (OAI21_X2M_A6P5PP140ZTS_C35)                               0.02      0.02       0.90 r
  n721 (net)                                    2         0.00                0.00       0.90 r
  U45/Y (AOI21_X1M_A6P5PP140ZTS_C35)                                0.03      0.02       0.92 f
  n758 (net)                                    2         0.00                0.00       0.92 f
  U647/Y (OAI21_X0P5M_A6P5PP140ZTS_C35)                             0.04      0.04       0.96 r
  n780 (net)                                    2         0.00                0.00       0.96 r
  U661/Y (AOI21_X0P5M_A6P5PP140ZTS_C35)                             0.03      0.03       0.98 f
  n793 (net)                                    2         0.00                0.00       0.98 f
  U669/Y (OAI21_X0P5M_A6P5PP140ZTS_C35)                             0.04      0.04       1.02 r
  n803 (net)                                    2         0.00                0.00       1.02 r
  U679/Y (AOI21_X0P5M_A6P5PP140ZTS_C35)                             0.04      0.03       1.06 f
  n809 (net)                                    2         0.00                0.00       1.06 f
  U686/Y (OAI21_X2M_A6P5PP140ZTS_C35)                               0.03      0.03       1.09 r
  n817 (net)                                    2         0.00                0.00       1.09 r
  U695/Y (AOI21_X2M_A6P5PP140ZTS_C35)                               0.02      0.02       1.11 f
  n823 (net)                                    2         0.00                0.00       1.11 f
  U702/Y (OAI21_X2M_A6P5PP140ZTS_C35)                               0.03      0.03       1.14 r
  n831 (net)                                    2         0.00                0.00       1.14 r
  U711/Y (AOI21_X2M_A6P5PP140ZTS_C35)                               0.02      0.02       1.16 f
  n837 (net)                                    2         0.00                0.00       1.16 f
  U718/Y (OAI21_X2M_A6P5PP140ZTS_C35)                               0.03      0.03       1.19 r
  n845 (net)                                    2         0.00                0.00       1.19 r
  U727/Y (AOI21_X2M_A6P5PP140ZTS_C35)                               0.02      0.02       1.21 f
  n851 (net)                                    2         0.00                0.00       1.21 f
  U734/Y (OAI21_X2M_A6P5PP140ZTS_C35)                               0.03      0.03       1.24 r
  n859 (net)                                    2         0.00                0.00       1.24 r
  U743/Y (AOI21_X2M_A6P5PP140ZTS_C35)                               0.02      0.02       1.26 f
  n865 (net)                                    2         0.00                0.00       1.26 f
  U750/Y (OAI21_X2M_A6P5PP140ZTS_C35)                               0.03      0.03       1.29 r
  n873 (net)                                    2         0.00                0.00       1.29 r
  U759/Y (AOI21_X2M_A6P5PP140ZTS_C35)                               0.02      0.02       1.31 f
  n879 (net)                                    2         0.00                0.00       1.31 f
  U766/Y (OAI21_X2M_A6P5PP140ZTS_C35)                               0.03      0.03       1.33 r
  n887 (net)                                    2         0.00                0.00       1.33 r
  U775/Y (AOI21_X2M_A6P5PP140ZTS_C35)                               0.02      0.02       1.36 f
  n892 (net)                                    2         0.00                0.00       1.36 f
  U779/Y (OAI21_X2M_A6P5PP140ZTS_C35)                               0.02      0.02       1.38 r
  n894 (net)                                    1         0.00                0.00       1.38 r
  U782/CO (ADDF_X1M_A6P5PP140ZTS_C35)                               0.02      0.05       1.43 r
  n897 (net)                                    1         0.00                0.00       1.43 r
  U785/CO (ADDF_X1M_A6P5PP140ZTS_C35)                               0.02      0.05       1.48 r
  n900 (net)                                    1         0.00                0.00       1.48 r
  U788/CO (ADDF_X1M_A6P5PP140ZTS_C35)                               0.02      0.05       1.52 r
  n903 (net)                                    1         0.00                0.00       1.52 r
  U791/CO (ADDF_X1M_A6P5PP140ZTS_C35)                               0.02      0.05       1.57 r
  n906 (net)                                    1         0.00                0.00       1.57 r
  U794/CO (ADDF_X1M_A6P5PP140ZTS_C35)                               0.02      0.05       1.61 r
  n909 (net)                                    1         0.00                0.00       1.61 r
  U797/CO (ADDF_X1M_A6P5PP140ZTS_C35)                               0.02      0.05       1.66 r
  n912 (net)                                    1         0.00                0.00       1.66 r
  U800/CO (ADDF_X1M_A6P5PP140ZTS_C35)                               0.02      0.05       1.71 r
  n915 (net)                                    1         0.00                0.00       1.71 r
  U803/S (ADDF_X1M_A6P5PP140ZTS_C35)                                0.01      0.06       1.77 f
  n914 (net)                                    1         0.00                0.00       1.77 f
  U801/Y (AO22_X1M_A6P5PP140ZTS_C35)                                0.01      0.04       1.81 f
  n4 (net)                                      1         0.00                0.00       1.81 f
  u_dut/acc_o_reg[37]/D (DFFRPQA_X2M_A6P5PP140ZTS_C35)              0.01      0.00       1.81 f
  data arrival time                                                                      1.81

  clock clk (rise edge)                                                       2.00       2.00
  clock network delay (ideal)                                                 0.00       2.00
  clock uncertainty                                                          -0.10       1.90
  u_dut/acc_o_reg[37]/CK (DFFRPQA_X2M_A6P5PP140ZTS_C35)                       0.00       1.90 r
  library setup time                                                         -0.04       1.86
  data required time                                                                     1.86
  ----------------------------------------------------------------------------------------------
  data required time                                                                     1.86
  data arrival time                                                                     -1.81
  ----------------------------------------------------------------------------------------------
  slack (MET)                                                                            0.06


  Startpoint: w_vec_i[4] (input port clocked by clk)
  Endpoint: u_dut/acc_o_reg[37]
            (rising edge-triggered flip-flop clocked by clk)
  Path Group: clk
  Path Type: max

  Des/Clust/Port     Wire Load Model       Library
  ------------------------------------------------
  char_top           Zero                  sc6p5mcpp140z_cln22ul_base_svt_c35_tt_typical_max_0p80v_25c

  Point                                       Fanout       Cap     Trans      Incr       Path
  ----------------------------------------------------------------------------------------------
  clock clk (rise edge)                                                       0.00       0.00
  clock network delay (ideal)                                                 0.00       0.00
  input external delay                                                        0.20       0.20 f
  w_vec_i[4] (in)                                                   0.05      0.00       0.20 f
  w_vec_i[4] (net)                              2         0.00                0.00       0.20 f
  U188/Y (XNOR2_X0P5M_A6P5PP140ZTS_C35)                             0.10      0.08       0.28 r
  n656 (net)                                   11         0.00                0.00       0.28 r
  U224/Y (NAND2_X1M_A6P5PP140ZTS_C35)                               0.08      0.07       0.35 f
  n657 (net)                                    9         0.00                0.00       0.35 f
  U226/Y (OAI22_X1M_A6P5PP140ZTS_C35)                               0.06      0.05       0.40 r
  n268 (net)                                    1         0.00                0.00       0.40 r
  U315/CO (ADDF_X1M_A6P5PP140ZTS_C35)                               0.03      0.06       0.46 r
  n324 (net)                                    1         0.00                0.00       0.46 r
  U375/S (ADDF_X1M_A6P5PP140ZTS_C35)                                0.02      0.07       0.53 f
  n320 (net)                                    1         0.00                0.00       0.53 f
  U374/S (ADDF_X1M_A6P5PP140ZTS_C35)                                0.02      0.07       0.60 r
  n290 (net)                                    1         0.00                0.00       0.60 r
  U327/S (ADDF_X1M_A6P5PP140ZTS_C35)                                0.02      0.07       0.67 f
  n356 (net)                                    1         0.00                0.00       0.67 f
  U396/S (ADDF_X1M_A6P5PP140ZTS_C35)                                0.02      0.07       0.73 r
  n283 (net)                                    2         0.00                0.00       0.73 r
  U321/Y (NAND2_X1M_A6P5PP140ZTS_C35)                               0.02      0.02       0.75 f
  n286 (net)                                    2         0.00                0.00       0.75 f
  U325/Y (INV_X1M_A6P5PP140ZTS_C35)                                 0.01      0.01       0.76 r
  n287 (net)                                    1         0.00                0.00       0.76 r
  U326/Y (AOI21_X2M_A6P5PP140ZTS_C35)                               0.02      0.01       0.77 f
  n441 (net)                                    2         0.00                0.00       0.77 f
  U451/Y (OAI21_X2M_A6P5PP140ZTS_C35)                               0.03      0.03       0.80 r
  n509 (net)                                    2         0.00                0.00       0.80 r
  U499/Y (AOI21_X2M_A6P5PP140ZTS_C35)                               0.02      0.02       0.82 f
  n576 (net)                                    2         0.00                0.00       0.82 f
  U540/Y (OAI21_X2M_A6P5PP140ZTS_C35)                               0.03      0.03       0.85 r
  n630 (net)                                    2         0.00                0.00       0.85 r
  U578/Y (AOI21_X2M_A6P5PP140ZTS_C35)                               0.02      0.02       0.87 f
  n683 (net)                                    2         0.00                0.00       0.87 f
  U606/Y (OAI21_X2M_A6P5PP140ZTS_C35)                               0.02      0.02       0.90 r
  n721 (net)                                    2         0.00                0.00       0.90 r
  U45/Y (AOI21_X1M_A6P5PP140ZTS_C35)                                0.03      0.02       0.92 f
  n758 (net)                                    2         0.00                0.00       0.92 f
  U647/Y (OAI21_X0P5M_A6P5PP140ZTS_C35)                             0.04      0.04       0.96 r
  n780 (net)                                    2         0.00                0.00       0.96 r
  U661/Y (AOI21_X0P5M_A6P5PP140ZTS_C35)                             0.03      0.03       0.98 f
  n793 (net)                                    2         0.00                0.00       0.98 f
  U669/Y (OAI21_X0P5M_A6P5PP140ZTS_C35)                             0.04      0.04       1.02 r
  n803 (net)                                    2         0.00                0.00       1.02 r
  U679/Y (AOI21_X0P5M_A6P5PP140ZTS_C35)                             0.04      0.03       1.06 f
  n809 (net)                                    2         0.00                0.00       1.06 f
  U686/Y (OAI21_X2M_A6P5PP140ZTS_C35)                               0.03      0.03       1.09 r
  n817 (net)                                    2         0.00                0.00       1.09 r
  U695/Y (AOI21_X2M_A6P5PP140ZTS_C35)                               0.02      0.02       1.11 f
  n823 (net)                                    2         0.00                0.00       1.11 f
  U702/Y (OAI21_X2M_A6P5PP140ZTS_C35)                               0.03      0.03       1.14 r
  n831 (net)                                    2         0.00                0.00       1.14 r
  U711/Y (AOI21_X2M_A6P5PP140ZTS_C35)                               0.02      0.02       1.16 f
  n837 (net)                                    2         0.00                0.00       1.16 f
  U718/Y (OAI21_X2M_A6P5PP140ZTS_C35)                               0.03      0.03       1.19 r
  n845 (net)                                    2         0.00                0.00       1.19 r
  U727/Y (AOI21_X2M_A6P5PP140ZTS_C35)                               0.02      0.02       1.21 f
  n851 (net)                                    2         0.00                0.00       1.21 f
  U734/Y (OAI21_X2M_A6P5PP140ZTS_C35)                               0.03      0.03       1.24 r
  n859 (net)                                    2         0.00                0.00       1.24 r
  U743/Y (AOI21_X2M_A6P5PP140ZTS_C35)                               0.02      0.02       1.26 f
  n865 (net)                                    2         0.00                0.00       1.26 f
  U750/Y (OAI21_X2M_A6P5PP140ZTS_C35)                               0.03      0.03       1.29 r
  n873 (net)                                    2         0.00                0.00       1.29 r
  U759/Y (AOI21_X2M_A6P5PP140ZTS_C35)                               0.02      0.02       1.31 f
  n879 (net)                                    2         0.00                0.00       1.31 f
  U766/Y (OAI21_X2M_A6P5PP140ZTS_C35)                               0.03      0.03       1.33 r
  n887 (net)                                    2         0.00                0.00       1.33 r
  U775/Y (AOI21_X2M_A6P5PP140ZTS_C35)                               0.02      0.02       1.36 f
  n892 (net)                                    2         0.00                0.00       1.36 f
  U779/Y (OAI21_X2M_A6P5PP140ZTS_C35)                               0.02      0.02       1.38 r
  n894 (net)                                    1         0.00                0.00       1.38 r
  U782/CO (ADDF_X1M_A6P5PP140ZTS_C35)                               0.02      0.05       1.43 r
  n897 (net)                                    1         0.00                0.00       1.43 r
  U785/CO (ADDF_X1M_A6P5PP140ZTS_C35)                               0.02      0.05       1.48 r
  n900 (net)                                    1         0.00                0.00       1.48 r
  U788/CO (ADDF_X1M_A6P5PP140ZTS_C35)                               0.02      0.05       1.52 r
  n903 (net)                                    1         0.00                0.00       1.52 r
  U791/CO (ADDF_X1M_A6P5PP140ZTS_C35)                               0.02      0.05       1.57 r
  n906 (net)                                    1         0.00                0.00       1.57 r
  U794/CO (ADDF_X1M_A6P5PP140ZTS_C35)                               0.02      0.05       1.61 r
  n909 (net)                                    1         0.00                0.00       1.61 r
  U797/CO (ADDF_X1M_A6P5PP140ZTS_C35)                               0.02      0.05       1.66 r
  n912 (net)                                    1         0.00                0.00       1.66 r
  U800/CO (ADDF_X1M_A6P5PP140ZTS_C35)                               0.02      0.05       1.71 r
  n915 (net)                                    1         0.00                0.00       1.71 r
  U803/S (ADDF_X1M_A6P5PP140ZTS_C35)                                0.01      0.06       1.77 f
  n914 (net)                                    1         0.00                0.00       1.77 f
  U801/Y (AO22_X1M_A6P5PP140ZTS_C35)                                0.01      0.04       1.81 f
  n4 (net)                                      1         0.00                0.00       1.81 f
  u_dut/acc_o_reg[37]/D (DFFRPQA_X2M_A6P5PP140ZTS_C35)              0.01      0.00       1.81 f
  data arrival time                                                                      1.81

  clock clk (rise edge)                                                       2.00       2.00
  clock network delay (ideal)                                                 0.00       2.00
  clock uncertainty                                                          -0.10       1.90
  u_dut/acc_o_reg[37]/CK (DFFRPQA_X2M_A6P5PP140ZTS_C35)                       0.00       1.90 r
  library setup time                                                         -0.04       1.86
  data required time                                                                     1.86
  ----------------------------------------------------------------------------------------------
  data required time                                                                     1.86
  data arrival time                                                                     -1.81
  ----------------------------------------------------------------------------------------------
  slack (MET)                                                                            0.06


  Startpoint: w_vec_i[4] (input port clocked by clk)
  Endpoint: u_dut/acc_o_reg[37]
            (rising edge-triggered flip-flop clocked by clk)
  Path Group: clk
  Path Type: max

  Des/Clust/Port     Wire Load Model       Library
  ------------------------------------------------
  char_top           Zero                  sc6p5mcpp140z_cln22ul_base_svt_c35_tt_typical_max_0p80v_25c

  Point                                       Fanout       Cap     Trans      Incr       Path
  ----------------------------------------------------------------------------------------------
  clock clk (rise edge)                                                       0.00       0.00
  clock network delay (ideal)                                                 0.00       0.00
  input external delay                                                        0.20       0.20 f
  w_vec_i[4] (in)                                                   0.05      0.00       0.20 f
  w_vec_i[4] (net)                              2         0.00                0.00       0.20 f
  U188/Y (XNOR2_X0P5M_A6P5PP140ZTS_C35)                             0.10      0.08       0.28 r
  n656 (net)                                   11         0.00                0.00       0.28 r
  U224/Y (NAND2_X1M_A6P5PP140ZTS_C35)                               0.08      0.07       0.35 f
  n657 (net)                                    9         0.00                0.00       0.35 f
  U226/Y (OAI22_X1M_A6P5PP140ZTS_C35)                               0.06      0.05       0.40 r
  n268 (net)                                    1         0.00                0.00       0.40 r
  U315/CO (ADDF_X1M_A6P5PP140ZTS_C35)                               0.03      0.06       0.46 r
  n324 (net)                                    1         0.00                0.00       0.46 r
  U375/S (ADDF_X1M_A6P5PP140ZTS_C35)                                0.02      0.07       0.53 f
  n320 (net)                                    1         0.00                0.00       0.53 f
  U374/S (ADDF_X1M_A6P5PP140ZTS_C35)                                0.02      0.07       0.60 r
  n290 (net)                                    1         0.00                0.00       0.60 r
  U327/S (ADDF_X1M_A6P5PP140ZTS_C35)                                0.02      0.07       0.67 f
  n356 (net)                                    1         0.00                0.00       0.67 f
  U396/S (ADDF_X1M_A6P5PP140ZTS_C35)                                0.02      0.07       0.73 r
  n283 (net)                                    2         0.00                0.00       0.73 r
  U321/Y (NAND2_X1M_A6P5PP140ZTS_C35)                               0.02      0.02       0.75 f
  n286 (net)                                    2         0.00                0.00       0.75 f
  U325/Y (INV_X1M_A6P5PP140ZTS_C35)                                 0.01      0.01       0.76 r
  n287 (net)                                    1         0.00                0.00       0.76 r
  U326/Y (AOI21_X2M_A6P5PP140ZTS_C35)                               0.02      0.01       0.77 f
  n441 (net)                                    2         0.00                0.00       0.77 f
  U451/Y (OAI21_X2M_A6P5PP140ZTS_C35)                               0.03      0.03       0.80 r
  n509 (net)                                    2         0.00                0.00       0.80 r
  U499/Y (AOI21_X2M_A6P5PP140ZTS_C35)                               0.02      0.02       0.82 f
  n576 (net)                                    2         0.00                0.00       0.82 f
  U540/Y (OAI21_X2M_A6P5PP140ZTS_C35)                               0.03      0.03       0.85 r
  n630 (net)                                    2         0.00                0.00       0.85 r
  U578/Y (AOI21_X2M_A6P5PP140ZTS_C35)                               0.02      0.02       0.87 f
  n683 (net)                                    2         0.00                0.00       0.87 f
  U606/Y (OAI21_X2M_A6P5PP140ZTS_C35)                               0.02      0.02       0.90 r
  n721 (net)                                    2         0.00                0.00       0.90 r
  U45/Y (AOI21_X1M_A6P5PP140ZTS_C35)                                0.03      0.02       0.92 f
  n758 (net)                                    2         0.00                0.00       0.92 f
  U647/Y (OAI21_X0P5M_A6P5PP140ZTS_C35)                             0.04      0.04       0.96 r
  n780 (net)                                    2         0.00                0.00       0.96 r
  U661/Y (AOI21_X0P5M_A6P5PP140ZTS_C35)                             0.03      0.03       0.98 f
  n793 (net)                                    2         0.00                0.00       0.98 f
  U669/Y (OAI21_X0P5M_A6P5PP140ZTS_C35)                             0.04      0.04       1.02 r
  n803 (net)                                    2         0.00                0.00       1.02 r
  U679/Y (AOI21_X0P5M_A6P5PP140ZTS_C35)                             0.04      0.03       1.06 f
  n809 (net)                                    2         0.00                0.00       1.06 f
  U686/Y (OAI21_X2M_A6P5PP140ZTS_C35)                               0.03      0.03       1.09 r
  n817 (net)                                    2         0.00                0.00       1.09 r
  U695/Y (AOI21_X2M_A6P5PP140ZTS_C35)                               0.02      0.02       1.11 f
  n823 (net)                                    2         0.00                0.00       1.11 f
  U702/Y (OAI21_X2M_A6P5PP140ZTS_C35)                               0.03      0.03       1.14 r
  n831 (net)                                    2         0.00                0.00       1.14 r
  U711/Y (AOI21_X2M_A6P5PP140ZTS_C35)                               0.02      0.02       1.16 f
  n837 (net)                                    2         0.00                0.00       1.16 f
  U718/Y (OAI21_X2M_A6P5PP140ZTS_C35)                               0.03      0.03       1.19 r
  n845 (net)                                    2         0.00                0.00       1.19 r
  U727/Y (AOI21_X2M_A6P5PP140ZTS_C35)                               0.02      0.02       1.21 f
  n851 (net)                                    2         0.00                0.00       1.21 f
  U734/Y (OAI21_X2M_A6P5PP140ZTS_C35)                               0.03      0.03       1.24 r
  n859 (net)                                    2         0.00                0.00       1.24 r
  U743/Y (AOI21_X2M_A6P5PP140ZTS_C35)                               0.02      0.02       1.26 f
  n865 (net)                                    2         0.00                0.00       1.26 f
  U750/Y (OAI21_X2M_A6P5PP140ZTS_C35)                               0.03      0.03       1.29 r
  n873 (net)                                    2         0.00                0.00       1.29 r
  U759/Y (AOI21_X2M_A6P5PP140ZTS_C35)                               0.02      0.02       1.31 f
  n879 (net)                                    2         0.00                0.00       1.31 f
  U766/Y (OAI21_X2M_A6P5PP140ZTS_C35)                               0.03      0.03       1.33 r
  n887 (net)                                    2         0.00                0.00       1.33 r
  U775/Y (AOI21_X2M_A6P5PP140ZTS_C35)                               0.02      0.02       1.36 f
  n892 (net)                                    2         0.00                0.00       1.36 f
  U779/Y (OAI21_X2M_A6P5PP140ZTS_C35)                               0.02      0.02       1.38 r
  n894 (net)                                    1         0.00                0.00       1.38 r
  U782/CO (ADDF_X1M_A6P5PP140ZTS_C35)                               0.02      0.05       1.43 r
  n897 (net)                                    1         0.00                0.00       1.43 r
  U785/CO (ADDF_X1M_A6P5PP140ZTS_C35)                               0.02      0.05       1.47 r
  n900 (net)                                    1         0.00                0.00       1.47 r
  U788/CO (ADDF_X1M_A6P5PP140ZTS_C35)                               0.02      0.05       1.52 r
  n903 (net)                                    1         0.00                0.00       1.52 r
  U791/CO (ADDF_X1M_A6P5PP140ZTS_C35)                               0.02      0.05       1.57 r
  n906 (net)                                    1         0.00                0.00       1.57 r
  U794/CO (ADDF_X1M_A6P5PP140ZTS_C35)                               0.02      0.05       1.61 r
  n909 (net)                                    1         0.00                0.00       1.61 r
  U797/CO (ADDF_X1M_A6P5PP140ZTS_C35)                               0.02      0.05       1.66 r
  n912 (net)                                    1         0.00                0.00       1.66 r
  U800/CO (ADDF_X1M_A6P5PP140ZTS_C35)                               0.02      0.05       1.71 r
  n915 (net)                                    1         0.00                0.00       1.71 r
  U803/S (ADDF_X1M_A6P5PP140ZTS_C35)                                0.01      0.06       1.77 f
  n914 (net)                                    1         0.00                0.00       1.77 f
  U801/Y (AO22_X1M_A6P5PP140ZTS_C35)                                0.01      0.04       1.81 f
  n4 (net)                                      1         0.00                0.00       1.81 f
  u_dut/acc_o_reg[37]/D (DFFRPQA_X2M_A6P5PP140ZTS_C35)              0.01      0.00       1.81 f
  data arrival time                                                                      1.81

  clock clk (rise edge)                                                       2.00       2.00
  clock network delay (ideal)                                                 0.00       2.00
  clock uncertainty                                                          -0.10       1.90
  u_dut/acc_o_reg[37]/CK (DFFRPQA_X2M_A6P5PP140ZTS_C35)                       0.00       1.90 r
  library setup time                                                         -0.04       1.86
  data required time                                                                     1.86
  ----------------------------------------------------------------------------------------------
  data required time                                                                     1.86
  data arrival time                                                                     -1.81
  ----------------------------------------------------------------------------------------------
  slack (MET)                                                                            0.06


  Startpoint: w_vec_i[28]
              (input port clocked by clk)
  Endpoint: u_dut/acc_o_reg[37]
            (rising edge-triggered flip-flop clocked by clk)
  Path Group: clk
  Path Type: max

  Des/Clust/Port     Wire Load Model       Library
  ------------------------------------------------
  char_top           Zero                  sc6p5mcpp140z_cln22ul_base_svt_c35_tt_typical_max_0p80v_25c

  Point                                       Fanout       Cap     Trans      Incr       Path
  ----------------------------------------------------------------------------------------------
  clock clk (rise edge)                                                       0.00       0.00
  clock network delay (ideal)                                                 0.00       0.00
  input external delay                                                        0.20       0.20 f
  w_vec_i[28] (in)                                                  0.05      0.00       0.20 f
  w_vec_i[28] (net)                             2         0.00                0.00       0.20 f
  U194/Y (XNOR2_X0P5M_A6P5PP140ZTS_C35)                             0.10      0.08       0.28 r
  n671 (net)                                   11         0.00                0.00       0.28 r
  U229/Y (NAND2_X1M_A6P5PP140ZTS_C35)                               0.08      0.07       0.35 f
  n672 (net)                                    9         0.00                0.00       0.35 f
  U253/Y (OAI22_X1M_A6P5PP140ZTS_C35)                               0.06      0.05       0.40 r
  n275 (net)                                    1         0.00                0.00       0.40 r
  U317/CO (ADDF_X1M_A6P5PP140ZTS_C35)                               0.02      0.06       0.46 r
  n322 (net)                                    1         0.00                0.00       0.46 r
  U375/S (ADDF_X1M_A6P5PP140ZTS_C35)                                0.02      0.07       0.53 f
  n320 (net)                                    1         0.00                0.00       0.53 f
  U374/S (ADDF_X1M_A6P5PP140ZTS_C35)                                0.02      0.07       0.60 r
  n290 (net)                                    1         0.00                0.00       0.60 r
  U327/S (ADDF_X1M_A6P5PP140ZTS_C35)                                0.02      0.07       0.67 f
  n356 (net)                                    1         0.00                0.00       0.67 f
  U396/S (ADDF_X1M_A6P5PP140ZTS_C35)                                0.02      0.07       0.73 r
  n283 (net)                                    2         0.00                0.00       0.73 r
  U321/Y (NAND2_X1M_A6P5PP140ZTS_C35)                               0.02      0.02       0.75 f
  n286 (net)                                    2         0.00                0.00       0.75 f
  U325/Y (INV_X1M_A6P5PP140ZTS_C35)                                 0.01      0.01       0.76 r
  n287 (net)                                    1         0.00                0.00       0.76 r
  U326/Y (AOI21_X2M_A6P5PP140ZTS_C35)                               0.02      0.01       0.77 f
  n441 (net)                                    2         0.00                0.00       0.77 f
  U451/Y (OAI21_X2M_A6P5PP140ZTS_C35)                               0.03      0.03       0.80 r
  n509 (net)                                    2         0.00                0.00       0.80 r
  U499/Y (AOI21_X2M_A6P5PP140ZTS_C35)                               0.02      0.02       0.82 f
  n576 (net)                                    2         0.00                0.00       0.82 f
  U540/Y (OAI21_X2M_A6P5PP140ZTS_C35)                               0.03      0.03       0.85 r
  n630 (net)                                    2         0.00                0.00       0.85 r
  U578/Y (AOI21_X2M_A6P5PP140ZTS_C35)                               0.02      0.02       0.87 f
  n683 (net)                                    2         0.00                0.00       0.87 f
  U606/Y (OAI21_X2M_A6P5PP140ZTS_C35)                               0.02      0.02       0.90 r
  n721 (net)                                    2         0.00                0.00       0.90 r
  U45/Y (AOI21_X1M_A6P5PP140ZTS_C35)                                0.03      0.02       0.92 f
  n758 (net)                                    2         0.00                0.00       0.92 f
  U647/Y (OAI21_X0P5M_A6P5PP140ZTS_C35)                             0.04      0.04       0.96 r
  n780 (net)                                    2         0.00                0.00       0.96 r
  U661/Y (AOI21_X0P5M_A6P5PP140ZTS_C35)                             0.03      0.03       0.98 f
  n793 (net)                                    2         0.00                0.00       0.98 f
  U669/Y (OAI21_X0P5M_A6P5PP140ZTS_C35)                             0.04      0.04       1.02 r
  n803 (net)                                    2         0.00                0.00       1.02 r
  U679/Y (AOI21_X0P5M_A6P5PP140ZTS_C35)                             0.04      0.03       1.06 f
  n809 (net)                                    2         0.00                0.00       1.06 f
  U686/Y (OAI21_X2M_A6P5PP140ZTS_C35)                               0.03      0.03       1.09 r
  n817 (net)                                    2         0.00                0.00       1.09 r
  U695/Y (AOI21_X2M_A6P5PP140ZTS_C35)                               0.02      0.02       1.11 f
  n823 (net)                                    2         0.00                0.00       1.11 f
  U702/Y (OAI21_X2M_A6P5PP140ZTS_C35)                               0.03      0.03       1.14 r
  n831 (net)                                    2         0.00                0.00       1.14 r
  U711/Y (AOI21_X2M_A6P5PP140ZTS_C35)                               0.02      0.02       1.16 f
  n837 (net)                                    2         0.00                0.00       1.16 f
  U718/Y (OAI21_X2M_A6P5PP140ZTS_C35)                               0.03      0.03       1.19 r
  n845 (net)                                    2         0.00                0.00       1.19 r
  U727/Y (AOI21_X2M_A6P5PP140ZTS_C35)                               0.02      0.02       1.21 f
  n851 (net)                                    2         0.00                0.00       1.21 f
  U734/Y (OAI21_X2M_A6P5PP140ZTS_C35)                               0.03      0.03       1.24 r
  n859 (net)                                    2         0.00                0.00       1.24 r
  U743/Y (AOI21_X2M_A6P5PP140ZTS_C35)                               0.02      0.02       1.26 f
  n865 (net)                                    2         0.00                0.00       1.26 f
  U750/Y (OAI21_X2M_A6P5PP140ZTS_C35)                               0.03      0.03       1.29 r
  n873 (net)                                    2         0.00                0.00       1.29 r
  U759/Y (AOI21_X2M_A6P5PP140ZTS_C35)                               0.02      0.02       1.31 f
  n879 (net)                                    2         0.00                0.00       1.31 f
  U766/Y (OAI21_X2M_A6P5PP140ZTS_C35)                               0.03      0.03       1.33 r
  n887 (net)                                    2         0.00                0.00       1.33 r
  U775/Y (AOI21_X2M_A6P5PP140ZTS_C35)                               0.02      0.02       1.36 f
  n892 (net)                                    2         0.00                0.00       1.36 f
  U779/Y (OAI21_X2M_A6P5PP140ZTS_C35)                               0.02      0.02       1.38 r
  n894 (net)                                    1         0.00                0.00       1.38 r
  U782/CO (ADDF_X1M_A6P5PP140ZTS_C35)                               0.02      0.05       1.43 r
  n897 (net)                                    1         0.00                0.00       1.43 r
  U785/CO (ADDF_X1M_A6P5PP140ZTS_C35)                               0.02      0.05       1.47 r
  n900 (net)                                    1         0.00                0.00       1.47 r
  U788/CO (ADDF_X1M_A6P5PP140ZTS_C35)                               0.02      0.05       1.52 r
  n903 (net)                                    1         0.00                0.00       1.52 r
  U791/CO (ADDF_X1M_A6P5PP140ZTS_C35)                               0.02      0.05       1.57 r
  n906 (net)                                    1         0.00                0.00       1.57 r
  U794/CO (ADDF_X1M_A6P5PP140ZTS_C35)                               0.02      0.05       1.61 r
  n909 (net)                                    1         0.00                0.00       1.61 r
  U797/CO (ADDF_X1M_A6P5PP140ZTS_C35)                               0.02      0.05       1.66 r
  n912 (net)                                    1         0.00                0.00       1.66 r
  U800/CO (ADDF_X1M_A6P5PP140ZTS_C35)                               0.02      0.05       1.71 r
  n915 (net)                                    1         0.00                0.00       1.71 r
  U803/S (ADDF_X1M_A6P5PP140ZTS_C35)                                0.01      0.06       1.77 f
  n914 (net)                                    1         0.00                0.00       1.77 f
  U801/Y (AO22_X1M_A6P5PP140ZTS_C35)                                0.01      0.04       1.81 f
  n4 (net)                                      1         0.00                0.00       1.81 f
  u_dut/acc_o_reg[37]/D (DFFRPQA_X2M_A6P5PP140ZTS_C35)              0.01      0.00       1.81 f
  data arrival time                                                                      1.81

  clock clk (rise edge)                                                       2.00       2.00
  clock network delay (ideal)                                                 0.00       2.00
  clock uncertainty                                                          -0.10       1.90
  u_dut/acc_o_reg[37]/CK (DFFRPQA_X2M_A6P5PP140ZTS_C35)                       0.00       1.90 r
  library setup time                                                         -0.04       1.86
  data required time                                                                     1.86
  ----------------------------------------------------------------------------------------------
  data required time                                                                     1.86
  data arrival time                                                                     -1.81
  ----------------------------------------------------------------------------------------------
  slack (MET)                                                                            0.06


  Startpoint: w_vec_i[4] (input port clocked by clk)
  Endpoint: u_dut/acc_o_reg[36]
            (rising edge-triggered flip-flop clocked by clk)
  Path Group: clk
  Path Type: max

  Des/Clust/Port     Wire Load Model       Library
  ------------------------------------------------
  char_top           Zero                  sc6p5mcpp140z_cln22ul_base_svt_c35_tt_typical_max_0p80v_25c

  Point                                       Fanout       Cap     Trans      Incr       Path
  ----------------------------------------------------------------------------------------------
  clock clk (rise edge)                                                       0.00       0.00
  clock network delay (ideal)                                                 0.00       0.00
  input external delay                                                        0.20       0.20 f
  w_vec_i[4] (in)                                                   0.05      0.00       0.20 f
  w_vec_i[4] (net)                              2         0.00                0.00       0.20 f
  U188/Y (XNOR2_X0P5M_A6P5PP140ZTS_C35)                             0.10      0.08       0.28 r
  n656 (net)                                   11         0.00                0.00       0.28 r
  U224/Y (NAND2_X1M_A6P5PP140ZTS_C35)                               0.08      0.07       0.35 f
  n657 (net)                                    9         0.00                0.00       0.35 f
  U226/Y (OAI22_X1M_A6P5PP140ZTS_C35)                               0.06      0.05       0.40 r
  n268 (net)                                    1         0.00                0.00       0.40 r
  U315/CO (ADDF_X1M_A6P5PP140ZTS_C35)                               0.03      0.06       0.46 r
  n324 (net)                                    1         0.00                0.00       0.46 r
  U375/S (ADDF_X1M_A6P5PP140ZTS_C35)                                0.02      0.07       0.53 f
  n320 (net)                                    1         0.00                0.00       0.53 f
  U374/S (ADDF_X1M_A6P5PP140ZTS_C35)                                0.02      0.07       0.60 r
  n290 (net)                                    1         0.00                0.00       0.60 r
  U327/S (ADDF_X1M_A6P5PP140ZTS_C35)                                0.02      0.07       0.67 f
  n356 (net)                                    1         0.00                0.00       0.67 f
  U396/S (ADDF_X1M_A6P5PP140ZTS_C35)                                0.02      0.07       0.73 r
  n283 (net)                                    2         0.00                0.00       0.73 r
  U321/Y (NAND2_X1M_A6P5PP140ZTS_C35)                               0.02      0.02       0.75 f
  n286 (net)                                    2         0.00                0.00       0.75 f
  U325/Y (INV_X1M_A6P5PP140ZTS_C35)                                 0.01      0.01       0.76 r
  n287 (net)                                    1         0.00                0.00       0.76 r
  U326/Y (AOI21_X2M_A6P5PP140ZTS_C35)                               0.02      0.01       0.77 f
  n441 (net)                                    2         0.00                0.00       0.77 f
  U451/Y (OAI21_X2M_A6P5PP140ZTS_C35)                               0.03      0.03       0.80 r
  n509 (net)                                    2         0.00                0.00       0.80 r
  U499/Y (AOI21_X2M_A6P5PP140ZTS_C35)                               0.02      0.02       0.82 f
  n576 (net)                                    2         0.00                0.00       0.82 f
  U540/Y (OAI21_X2M_A6P5PP140ZTS_C35)                               0.03      0.03       0.85 r
  n630 (net)                                    2         0.00                0.00       0.85 r
  U578/Y (AOI21_X2M_A6P5PP140ZTS_C35)                               0.02      0.02       0.87 f
  n683 (net)                                    2         0.00                0.00       0.87 f
  U606/Y (OAI21_X2M_A6P5PP140ZTS_C35)                               0.02      0.02       0.90 r
  n721 (net)                                    2         0.00                0.00       0.90 r
  U45/Y (AOI21_X1M_A6P5PP140ZTS_C35)                                0.03      0.02       0.92 f
  n758 (net)                                    2         0.00                0.00       0.92 f
  U647/Y (OAI21_X0P5M_A6P5PP140ZTS_C35)                             0.04      0.04       0.96 r
  n780 (net)                                    2         0.00                0.00       0.96 r
  U661/Y (AOI21_X0P5M_A6P5PP140ZTS_C35)                             0.03      0.03       0.98 f
  n793 (net)                                    2         0.00                0.00       0.98 f
  U669/Y (OAI21_X0P5M_A6P5PP140ZTS_C35)                             0.04      0.04       1.02 r
  n803 (net)                                    2         0.00                0.00       1.02 r
  U679/Y (AOI21_X0P5M_A6P5PP140ZTS_C35)                             0.04      0.03       1.06 f
  n809 (net)                                    2         0.00                0.00       1.06 f
  U686/Y (OAI21_X2M_A6P5PP140ZTS_C35)                               0.03      0.03       1.09 r
  n817 (net)                                    2         0.00                0.00       1.09 r
  U695/Y (AOI21_X2M_A6P5PP140ZTS_C35)                               0.02      0.02       1.11 f
  n823 (net)                                    2         0.00                0.00       1.11 f
  U702/Y (OAI21_X2M_A6P5PP140ZTS_C35)                               0.03      0.03       1.14 r
  n831 (net)                                    2         0.00                0.00       1.14 r
  U711/Y (AOI21_X2M_A6P5PP140ZTS_C35)                               0.02      0.02       1.16 f
  n837 (net)                                    2         0.00                0.00       1.16 f
  U718/Y (OAI21_X2M_A6P5PP140ZTS_C35)                               0.03      0.03       1.19 r
  n845 (net)                                    2         0.00                0.00       1.19 r
  U727/Y (AOI21_X2M_A6P5PP140ZTS_C35)                               0.02      0.02       1.21 f
  n851 (net)                                    2         0.00                0.00       1.21 f
  U734/Y (OAI21_X2M_A6P5PP140ZTS_C35)                               0.03      0.03       1.24 r
  n859 (net)                                    2         0.00                0.00       1.24 r
  U743/Y (AOI21_X2M_A6P5PP140ZTS_C35)                               0.02      0.02       1.26 f
  n865 (net)                                    2         0.00                0.00       1.26 f
  U750/Y (OAI21_X2M_A6P5PP140ZTS_C35)                               0.03      0.03       1.29 r
  n873 (net)                                    2         0.00                0.00       1.29 r
  U759/Y (AOI21_X2M_A6P5PP140ZTS_C35)                               0.02      0.02       1.31 f
  n879 (net)                                    2         0.00                0.00       1.31 f
  U766/Y (OAI21_X2M_A6P5PP140ZTS_C35)                               0.03      0.03       1.33 r
  n887 (net)                                    2         0.00                0.00       1.33 r
  U775/Y (AOI21_X2M_A6P5PP140ZTS_C35)                               0.02      0.02       1.36 f
  n892 (net)                                    2         0.00                0.00       1.36 f
  U779/Y (OAI21_X2M_A6P5PP140ZTS_C35)                               0.02      0.02       1.38 r
  n894 (net)                                    1         0.00                0.00       1.38 r
  U782/CO (ADDF_X1M_A6P5PP140ZTS_C35)                               0.02      0.05       1.43 r
  n897 (net)                                    1         0.00                0.00       1.43 r
  U785/CO (ADDF_X1M_A6P5PP140ZTS_C35)                               0.02      0.05       1.48 r
  n900 (net)                                    1         0.00                0.00       1.48 r
  U788/CO (ADDF_X1M_A6P5PP140ZTS_C35)                               0.02      0.05       1.52 r
  n903 (net)                                    1         0.00                0.00       1.52 r
  U791/CO (ADDF_X1M_A6P5PP140ZTS_C35)                               0.02      0.05       1.57 r
  n906 (net)                                    1         0.00                0.00       1.57 r
  U794/CO (ADDF_X1M_A6P5PP140ZTS_C35)                               0.02      0.05       1.61 r
  n909 (net)                                    1         0.00                0.00       1.61 r
  U797/CO (ADDF_X1M_A6P5PP140ZTS_C35)                               0.02      0.05       1.66 r
  n912 (net)                                    1         0.00                0.00       1.66 r
  U800/S (ADDF_X1M_A6P5PP140ZTS_C35)                                0.01      0.06       1.72 f
  n911 (net)                                    1         0.00                0.00       1.72 f
  U798/Y (AO22_X1M_A6P5PP140ZTS_C35)                                0.01      0.04       1.76 f
  n5 (net)                                      1         0.00                0.00       1.76 f
  u_dut/acc_o_reg[36]/D (DFFRPQA_X2M_A6P5PP140ZTS_C35)              0.01      0.00       1.76 f
  data arrival time                                                                      1.76

  clock clk (rise edge)                                                       2.00       2.00
  clock network delay (ideal)                                                 0.00       2.00
  clock uncertainty                                                          -0.10       1.90
  u_dut/acc_o_reg[36]/CK (DFFRPQA_X2M_A6P5PP140ZTS_C35)                       0.00       1.90 r
  library setup time                                                         -0.04       1.86
  data required time                                                                     1.86
  ----------------------------------------------------------------------------------------------
  data required time                                                                     1.86
  data arrival time                                                                     -1.76
  ----------------------------------------------------------------------------------------------
  slack (MET)                                                                            0.10


  Startpoint: w_vec_i[4] (input port clocked by clk)
  Endpoint: u_dut/acc_o_reg[36]
            (rising edge-triggered flip-flop clocked by clk)
  Path Group: clk
  Path Type: max

  Des/Clust/Port     Wire Load Model       Library
  ------------------------------------------------
  char_top           Zero                  sc6p5mcpp140z_cln22ul_base_svt_c35_tt_typical_max_0p80v_25c

  Point                                       Fanout       Cap     Trans      Incr       Path
  ----------------------------------------------------------------------------------------------
  clock clk (rise edge)                                                       0.00       0.00
  clock network delay (ideal)                                                 0.00       0.00
  input external delay                                                        0.20       0.20 f
  w_vec_i[4] (in)                                                   0.05      0.00       0.20 f
  w_vec_i[4] (net)                              2         0.00                0.00       0.20 f
  U188/Y (XNOR2_X0P5M_A6P5PP140ZTS_C35)                             0.10      0.08       0.28 r
  n656 (net)                                   11         0.00                0.00       0.28 r
  U224/Y (NAND2_X1M_A6P5PP140ZTS_C35)                               0.08      0.07       0.35 f
  n657 (net)                                    9         0.00                0.00       0.35 f
  U226/Y (OAI22_X1M_A6P5PP140ZTS_C35)                               0.06      0.05       0.40 r
  n268 (net)                                    1         0.00                0.00       0.40 r
  U315/CO (ADDF_X1M_A6P5PP140ZTS_C35)                               0.03      0.06       0.46 r
  n324 (net)                                    1         0.00                0.00       0.46 r
  U375/S (ADDF_X1M_A6P5PP140ZTS_C35)                                0.02      0.07       0.53 f
  n320 (net)                                    1         0.00                0.00       0.53 f
  U374/S (ADDF_X1M_A6P5PP140ZTS_C35)                                0.02      0.07       0.60 r
  n290 (net)                                    1         0.00                0.00       0.60 r
  U327/S (ADDF_X1M_A6P5PP140ZTS_C35)                                0.02      0.07       0.67 f
  n356 (net)                                    1         0.00                0.00       0.67 f
  U396/S (ADDF_X1M_A6P5PP140ZTS_C35)                                0.02      0.07       0.73 r
  n283 (net)                                    2         0.00                0.00       0.73 r
  U321/Y (NAND2_X1M_A6P5PP140ZTS_C35)                               0.02      0.02       0.75 f
  n286 (net)                                    2         0.00                0.00       0.75 f
  U325/Y (INV_X1M_A6P5PP140ZTS_C35)                                 0.01      0.01       0.76 r
  n287 (net)                                    1         0.00                0.00       0.76 r
  U326/Y (AOI21_X2M_A6P5PP140ZTS_C35)                               0.02      0.01       0.77 f
  n441 (net)                                    2         0.00                0.00       0.77 f
  U451/Y (OAI21_X2M_A6P5PP140ZTS_C35)                               0.03      0.03       0.80 r
  n509 (net)                                    2         0.00                0.00       0.80 r
  U499/Y (AOI21_X2M_A6P5PP140ZTS_C35)                               0.02      0.02       0.82 f
  n576 (net)                                    2         0.00                0.00       0.82 f
  U540/Y (OAI21_X2M_A6P5PP140ZTS_C35)                               0.03      0.03       0.85 r
  n630 (net)                                    2         0.00                0.00       0.85 r
  U578/Y (AOI21_X2M_A6P5PP140ZTS_C35)                               0.02      0.02       0.87 f
  n683 (net)                                    2         0.00                0.00       0.87 f
  U606/Y (OAI21_X2M_A6P5PP140ZTS_C35)                               0.02      0.02       0.90 r
  n721 (net)                                    2         0.00                0.00       0.90 r
  U45/Y (AOI21_X1M_A6P5PP140ZTS_C35)                                0.03      0.02       0.92 f
  n758 (net)                                    2         0.00                0.00       0.92 f
  U647/Y (OAI21_X0P5M_A6P5PP140ZTS_C35)                             0.04      0.04       0.96 r
  n780 (net)                                    2         0.00                0.00       0.96 r
  U661/Y (AOI21_X0P5M_A6P5PP140ZTS_C35)                             0.03      0.03       0.98 f
  n793 (net)                                    2         0.00                0.00       0.98 f
  U669/Y (OAI21_X0P5M_A6P5PP140ZTS_C35)                             0.04      0.04       1.02 r
  n803 (net)                                    2         0.00                0.00       1.02 r
  U679/Y (AOI21_X0P5M_A6P5PP140ZTS_C35)                             0.04      0.03       1.06 f
  n809 (net)                                    2         0.00                0.00       1.06 f
  U686/Y (OAI21_X2M_A6P5PP140ZTS_C35)                               0.03      0.03       1.09 r
  n817 (net)                                    2         0.00                0.00       1.09 r
  U695/Y (AOI21_X2M_A6P5PP140ZTS_C35)                               0.02      0.02       1.11 f
  n823 (net)                                    2         0.00                0.00       1.11 f
  U702/Y (OAI21_X2M_A6P5PP140ZTS_C35)                               0.03      0.03       1.14 r
  n831 (net)                                    2         0.00                0.00       1.14 r
  U711/Y (AOI21_X2M_A6P5PP140ZTS_C35)                               0.02      0.02       1.16 f
  n837 (net)                                    2         0.00                0.00       1.16 f
  U718/Y (OAI21_X2M_A6P5PP140ZTS_C35)                               0.03      0.03       1.19 r
  n845 (net)                                    2         0.00                0.00       1.19 r
  U727/Y (AOI21_X2M_A6P5PP140ZTS_C35)                               0.02      0.02       1.21 f
  n851 (net)                                    2         0.00                0.00       1.21 f
  U734/Y (OAI21_X2M_A6P5PP140ZTS_C35)                               0.03      0.03       1.24 r
  n859 (net)                                    2         0.00                0.00       1.24 r
  U743/Y (AOI21_X2M_A6P5PP140ZTS_C35)                               0.02      0.02       1.26 f
  n865 (net)                                    2         0.00                0.00       1.26 f
  U750/Y (OAI21_X2M_A6P5PP140ZTS_C35)                               0.03      0.03       1.29 r
  n873 (net)                                    2         0.00                0.00       1.29 r
  U759/Y (AOI21_X2M_A6P5PP140ZTS_C35)                               0.02      0.02       1.31 f
  n879 (net)                                    2         0.00                0.00       1.31 f
  U766/Y (OAI21_X2M_A6P5PP140ZTS_C35)                               0.03      0.03       1.33 r
  n887 (net)                                    2         0.00                0.00       1.33 r
  U775/Y (AOI21_X2M_A6P5PP140ZTS_C35)                               0.02      0.02       1.36 f
  n892 (net)                                    2         0.00                0.00       1.36 f
  U779/Y (OAI21_X2M_A6P5PP140ZTS_C35)                               0.02      0.02       1.38 r
  n894 (net)                                    1         0.00                0.00       1.38 r
  U782/CO (ADDF_X1M_A6P5PP140ZTS_C35)                               0.02      0.05       1.43 r
  n897 (net)                                    1         0.00                0.00       1.43 r
  U785/CO (ADDF_X1M_A6P5PP140ZTS_C35)                               0.02      0.05       1.48 r
  n900 (net)                                    1         0.00                0.00       1.48 r
  U788/CO (ADDF_X1M_A6P5PP140ZTS_C35)                               0.02      0.05       1.52 r
  n903 (net)                                    1         0.00                0.00       1.52 r
  U791/CO (ADDF_X1M_A6P5PP140ZTS_C35)                               0.02      0.05       1.57 r
  n906 (net)                                    1         0.00                0.00       1.57 r
  U794/CO (ADDF_X1M_A6P5PP140ZTS_C35)                               0.02      0.05       1.61 r
  n909 (net)                                    1         0.00                0.00       1.61 r
  U797/CO (ADDF_X1M_A6P5PP140ZTS_C35)                               0.02      0.05       1.66 r
  n912 (net)                                    1         0.00                0.00       1.66 r
  U800/S (ADDF_X1M_A6P5PP140ZTS_C35)                                0.01      0.06       1.72 f
  n911 (net)                                    1         0.00                0.00       1.72 f
  U798/Y (AO22_X1M_A6P5PP140ZTS_C35)                                0.01      0.04       1.76 f
  n5 (net)                                      1         0.00                0.00       1.76 f
  u_dut/acc_o_reg[36]/D (DFFRPQA_X2M_A6P5PP140ZTS_C35)              0.01      0.00       1.76 f
  data arrival time                                                                      1.76

  clock clk (rise edge)                                                       2.00       2.00
  clock network delay (ideal)                                                 0.00       2.00
  clock uncertainty                                                          -0.10       1.90
  u_dut/acc_o_reg[36]/CK (DFFRPQA_X2M_A6P5PP140ZTS_C35)                       0.00       1.90 r
  library setup time                                                         -0.04       1.86
  data required time                                                                     1.86
  ----------------------------------------------------------------------------------------------
  data required time                                                                     1.86
  data arrival time                                                                     -1.76
  ----------------------------------------------------------------------------------------------
  slack (MET)                                                                            0.10


  Startpoint: w_vec_i[4] (input port clocked by clk)
  Endpoint: u_dut/acc_o_reg[36]
            (rising edge-triggered flip-flop clocked by clk)
  Path Group: clk
  Path Type: max

  Des/Clust/Port     Wire Load Model       Library
  ------------------------------------------------
  char_top           Zero                  sc6p5mcpp140z_cln22ul_base_svt_c35_tt_typical_max_0p80v_25c

  Point                                       Fanout       Cap     Trans      Incr       Path
  ----------------------------------------------------------------------------------------------
  clock clk (rise edge)                                                       0.00       0.00
  clock network delay (ideal)                                                 0.00       0.00
  input external delay                                                        0.20       0.20 f
  w_vec_i[4] (in)                                                   0.05      0.00       0.20 f
  w_vec_i[4] (net)                              2         0.00                0.00       0.20 f
  U188/Y (XNOR2_X0P5M_A6P5PP140ZTS_C35)                             0.10      0.08       0.28 r
  n656 (net)                                   11         0.00                0.00       0.28 r
  U224/Y (NAND2_X1M_A6P5PP140ZTS_C35)                               0.08      0.07       0.35 f
  n657 (net)                                    9         0.00                0.00       0.35 f
  U226/Y (OAI22_X1M_A6P5PP140ZTS_C35)                               0.06      0.05       0.40 r
  n268 (net)                                    1         0.00                0.00       0.40 r
  U315/CO (ADDF_X1M_A6P5PP140ZTS_C35)                               0.03      0.06       0.46 r
  n324 (net)                                    1         0.00                0.00       0.46 r
  U375/S (ADDF_X1M_A6P5PP140ZTS_C35)                                0.02      0.07       0.53 f
  n320 (net)                                    1         0.00                0.00       0.53 f
  U374/S (ADDF_X1M_A6P5PP140ZTS_C35)                                0.02      0.07       0.60 r
  n290 (net)                                    1         0.00                0.00       0.60 r
  U327/S (ADDF_X1M_A6P5PP140ZTS_C35)                                0.02      0.07       0.67 f
  n356 (net)                                    1         0.00                0.00       0.67 f
  U396/S (ADDF_X1M_A6P5PP140ZTS_C35)                                0.02      0.07       0.73 r
  n283 (net)                                    2         0.00                0.00       0.73 r
  U321/Y (NAND2_X1M_A6P5PP140ZTS_C35)                               0.02      0.02       0.75 f
  n286 (net)                                    2         0.00                0.00       0.75 f
  U325/Y (INV_X1M_A6P5PP140ZTS_C35)                                 0.01      0.01       0.76 r
  n287 (net)                                    1         0.00                0.00       0.76 r
  U326/Y (AOI21_X2M_A6P5PP140ZTS_C35)                               0.02      0.01       0.77 f
  n441 (net)                                    2         0.00                0.00       0.77 f
  U451/Y (OAI21_X2M_A6P5PP140ZTS_C35)                               0.03      0.03       0.80 r
  n509 (net)                                    2         0.00                0.00       0.80 r
  U499/Y (AOI21_X2M_A6P5PP140ZTS_C35)                               0.02      0.02       0.82 f
  n576 (net)                                    2         0.00                0.00       0.82 f
  U540/Y (OAI21_X2M_A6P5PP140ZTS_C35)                               0.03      0.03       0.85 r
  n630 (net)                                    2         0.00                0.00       0.85 r
  U578/Y (AOI21_X2M_A6P5PP140ZTS_C35)                               0.02      0.02       0.87 f
  n683 (net)                                    2         0.00                0.00       0.87 f
  U606/Y (OAI21_X2M_A6P5PP140ZTS_C35)                               0.02      0.02       0.90 r
  n721 (net)                                    2         0.00                0.00       0.90 r
  U45/Y (AOI21_X1M_A6P5PP140ZTS_C35)                                0.03      0.02       0.92 f
  n758 (net)                                    2         0.00                0.00       0.92 f
  U647/Y (OAI21_X0P5M_A6P5PP140ZTS_C35)                             0.04      0.04       0.96 r
  n780 (net)                                    2         0.00                0.00       0.96 r
  U661/Y (AOI21_X0P5M_A6P5PP140ZTS_C35)                             0.03      0.03       0.98 f
  n793 (net)                                    2         0.00                0.00       0.98 f
  U669/Y (OAI21_X0P5M_A6P5PP140ZTS_C35)                             0.04      0.04       1.02 r
  n803 (net)                                    2         0.00                0.00       1.02 r
  U679/Y (AOI21_X0P5M_A6P5PP140ZTS_C35)                             0.04      0.03       1.06 f
  n809 (net)                                    2         0.00                0.00       1.06 f
  U686/Y (OAI21_X2M_A6P5PP140ZTS_C35)                               0.03      0.03       1.09 r
  n817 (net)                                    2         0.00                0.00       1.09 r
  U695/Y (AOI21_X2M_A6P5PP140ZTS_C35)                               0.02      0.02       1.11 f
  n823 (net)                                    2         0.00                0.00       1.11 f
  U702/Y (OAI21_X2M_A6P5PP140ZTS_C35)                               0.03      0.03       1.14 r
  n831 (net)                                    2         0.00                0.00       1.14 r
  U711/Y (AOI21_X2M_A6P5PP140ZTS_C35)                               0.02      0.02       1.16 f
  n837 (net)                                    2         0.00                0.00       1.16 f
  U718/Y (OAI21_X2M_A6P5PP140ZTS_C35)                               0.03      0.03       1.19 r
  n845 (net)                                    2         0.00                0.00       1.19 r
  U727/Y (AOI21_X2M_A6P5PP140ZTS_C35)                               0.02      0.02       1.21 f
  n851 (net)                                    2         0.00                0.00       1.21 f
  U734/Y (OAI21_X2M_A6P5PP140ZTS_C35)                               0.03      0.03       1.24 r
  n859 (net)                                    2         0.00                0.00       1.24 r
  U743/Y (AOI21_X2M_A6P5PP140ZTS_C35)                               0.02      0.02       1.26 f
  n865 (net)                                    2         0.00                0.00       1.26 f
  U750/Y (OAI21_X2M_A6P5PP140ZTS_C35)                               0.03      0.03       1.29 r
  n873 (net)                                    2         0.00                0.00       1.29 r
  U759/Y (AOI21_X2M_A6P5PP140ZTS_C35)                               0.02      0.02       1.31 f
  n879 (net)                                    2         0.00                0.00       1.31 f
  U766/Y (OAI21_X2M_A6P5PP140ZTS_C35)                               0.03      0.03       1.33 r
  n887 (net)                                    2         0.00                0.00       1.33 r
  U775/Y (AOI21_X2M_A6P5PP140ZTS_C35)                               0.02      0.02       1.36 f
  n892 (net)                                    2         0.00                0.00       1.36 f
  U779/Y (OAI21_X2M_A6P5PP140ZTS_C35)                               0.02      0.02       1.38 r
  n894 (net)                                    1         0.00                0.00       1.38 r
  U782/CO (ADDF_X1M_A6P5PP140ZTS_C35)                               0.02      0.05       1.43 r
  n897 (net)                                    1         0.00                0.00       1.43 r
  U785/CO (ADDF_X1M_A6P5PP140ZTS_C35)                               0.02      0.05       1.48 r
  n900 (net)                                    1         0.00                0.00       1.48 r
  U788/CO (ADDF_X1M_A6P5PP140ZTS_C35)                               0.02      0.05       1.52 r
  n903 (net)                                    1         0.00                0.00       1.52 r
  U791/CO (ADDF_X1M_A6P5PP140ZTS_C35)                               0.02      0.05       1.57 r
  n906 (net)                                    1         0.00                0.00       1.57 r
  U794/CO (ADDF_X1M_A6P5PP140ZTS_C35)                               0.02      0.05       1.61 r
  n909 (net)                                    1         0.00                0.00       1.61 r
  U797/CO (ADDF_X1M_A6P5PP140ZTS_C35)                               0.02      0.05       1.66 r
  n912 (net)                                    1         0.00                0.00       1.66 r
  U800/S (ADDF_X1M_A6P5PP140ZTS_C35)                                0.01      0.06       1.72 f
  n911 (net)                                    1         0.00                0.00       1.72 f
  U798/Y (AO22_X1M_A6P5PP140ZTS_C35)                                0.01      0.04       1.76 f
  n5 (net)                                      1         0.00                0.00       1.76 f
  u_dut/acc_o_reg[36]/D (DFFRPQA_X2M_A6P5PP140ZTS_C35)              0.01      0.00       1.76 f
  data arrival time                                                                      1.76

  clock clk (rise edge)                                                       2.00       2.00
  clock network delay (ideal)                                                 0.00       2.00
  clock uncertainty                                                          -0.10       1.90
  u_dut/acc_o_reg[36]/CK (DFFRPQA_X2M_A6P5PP140ZTS_C35)                       0.00       1.90 r
  library setup time                                                         -0.04       1.86
  data required time                                                                     1.86
  ----------------------------------------------------------------------------------------------
  data required time                                                                     1.86
  data arrival time                                                                     -1.76
  ----------------------------------------------------------------------------------------------
  slack (MET)                                                                            0.10


  Startpoint: w_vec_i[4] (input port clocked by clk)
  Endpoint: u_dut/acc_o_reg[36]
            (rising edge-triggered flip-flop clocked by clk)
  Path Group: clk
  Path Type: max

  Des/Clust/Port     Wire Load Model       Library
  ------------------------------------------------
  char_top           Zero                  sc6p5mcpp140z_cln22ul_base_svt_c35_tt_typical_max_0p80v_25c

  Point                                       Fanout       Cap     Trans      Incr       Path
  ----------------------------------------------------------------------------------------------
  clock clk (rise edge)                                                       0.00       0.00
  clock network delay (ideal)                                                 0.00       0.00
  input external delay                                                        0.20       0.20 f
  w_vec_i[4] (in)                                                   0.05      0.00       0.20 f
  w_vec_i[4] (net)                              2         0.00                0.00       0.20 f
  U188/Y (XNOR2_X0P5M_A6P5PP140ZTS_C35)                             0.10      0.08       0.28 r
  n656 (net)                                   11         0.00                0.00       0.28 r
  U224/Y (NAND2_X1M_A6P5PP140ZTS_C35)                               0.08      0.07       0.35 f
  n657 (net)                                    9         0.00                0.00       0.35 f
  U226/Y (OAI22_X1M_A6P5PP140ZTS_C35)                               0.06      0.05       0.40 r
  n268 (net)                                    1         0.00                0.00       0.40 r
  U315/CO (ADDF_X1M_A6P5PP140ZTS_C35)                               0.03      0.06       0.46 r
  n324 (net)                                    1         0.00                0.00       0.46 r
  U375/S (ADDF_X1M_A6P5PP140ZTS_C35)                                0.02      0.07       0.53 f
  n320 (net)                                    1         0.00                0.00       0.53 f
  U374/S (ADDF_X1M_A6P5PP140ZTS_C35)                                0.02      0.07       0.60 r
  n290 (net)                                    1         0.00                0.00       0.60 r
  U327/S (ADDF_X1M_A6P5PP140ZTS_C35)                                0.02      0.07       0.67 f
  n356 (net)                                    1         0.00                0.00       0.67 f
  U396/S (ADDF_X1M_A6P5PP140ZTS_C35)                                0.02      0.07       0.73 r
  n283 (net)                                    2         0.00                0.00       0.73 r
  U321/Y (NAND2_X1M_A6P5PP140ZTS_C35)                               0.02      0.02       0.75 f
  n286 (net)                                    2         0.00                0.00       0.75 f
  U325/Y (INV_X1M_A6P5PP140ZTS_C35)                                 0.01      0.01       0.76 r
  n287 (net)                                    1         0.00                0.00       0.76 r
  U326/Y (AOI21_X2M_A6P5PP140ZTS_C35)                               0.02      0.01       0.77 f
  n441 (net)                                    2         0.00                0.00       0.77 f
  U451/Y (OAI21_X2M_A6P5PP140ZTS_C35)                               0.03      0.03       0.80 r
  n509 (net)                                    2         0.00                0.00       0.80 r
  U499/Y (AOI21_X2M_A6P5PP140ZTS_C35)                               0.02      0.02       0.82 f
  n576 (net)                                    2         0.00                0.00       0.82 f
  U540/Y (OAI21_X2M_A6P5PP140ZTS_C35)                               0.03      0.03       0.85 r
  n630 (net)                                    2         0.00                0.00       0.85 r
  U578/Y (AOI21_X2M_A6P5PP140ZTS_C35)                               0.02      0.02       0.87 f
  n683 (net)                                    2         0.00                0.00       0.87 f
  U606/Y (OAI21_X2M_A6P5PP140ZTS_C35)                               0.02      0.02       0.90 r
  n721 (net)                                    2         0.00                0.00       0.90 r
  U45/Y (AOI21_X1M_A6P5PP140ZTS_C35)                                0.03      0.02       0.92 f
  n758 (net)                                    2         0.00                0.00       0.92 f
  U647/Y (OAI21_X0P5M_A6P5PP140ZTS_C35)                             0.04      0.04       0.96 r
  n780 (net)                                    2         0.00                0.00       0.96 r
  U661/Y (AOI21_X0P5M_A6P5PP140ZTS_C35)                             0.03      0.03       0.98 f
  n793 (net)                                    2         0.00                0.00       0.98 f
  U669/Y (OAI21_X0P5M_A6P5PP140ZTS_C35)                             0.04      0.04       1.02 r
  n803 (net)                                    2         0.00                0.00       1.02 r
  U679/Y (AOI21_X0P5M_A6P5PP140ZTS_C35)                             0.04      0.03       1.06 f
  n809 (net)                                    2         0.00                0.00       1.06 f
  U686/Y (OAI21_X2M_A6P5PP140ZTS_C35)                               0.03      0.03       1.09 r
  n817 (net)                                    2         0.00                0.00       1.09 r
  U695/Y (AOI21_X2M_A6P5PP140ZTS_C35)                               0.02      0.02       1.11 f
  n823 (net)                                    2         0.00                0.00       1.11 f
  U702/Y (OAI21_X2M_A6P5PP140ZTS_C35)                               0.03      0.03       1.14 r
  n831 (net)                                    2         0.00                0.00       1.14 r
  U711/Y (AOI21_X2M_A6P5PP140ZTS_C35)                               0.02      0.02       1.16 f
  n837 (net)                                    2         0.00                0.00       1.16 f
  U718/Y (OAI21_X2M_A6P5PP140ZTS_C35)                               0.03      0.03       1.19 r
  n845 (net)                                    2         0.00                0.00       1.19 r
  U727/Y (AOI21_X2M_A6P5PP140ZTS_C35)                               0.02      0.02       1.21 f
  n851 (net)                                    2         0.00                0.00       1.21 f
  U734/Y (OAI21_X2M_A6P5PP140ZTS_C35)                               0.03      0.03       1.24 r
  n859 (net)                                    2         0.00                0.00       1.24 r
  U743/Y (AOI21_X2M_A6P5PP140ZTS_C35)                               0.02      0.02       1.26 f
  n865 (net)                                    2         0.00                0.00       1.26 f
  U750/Y (OAI21_X2M_A6P5PP140ZTS_C35)                               0.03      0.03       1.29 r
  n873 (net)                                    2         0.00                0.00       1.29 r
  U759/Y (AOI21_X2M_A6P5PP140ZTS_C35)                               0.02      0.02       1.31 f
  n879 (net)                                    2         0.00                0.00       1.31 f
  U766/Y (OAI21_X2M_A6P5PP140ZTS_C35)                               0.03      0.03       1.33 r
  n887 (net)                                    2         0.00                0.00       1.33 r
  U775/Y (AOI21_X2M_A6P5PP140ZTS_C35)                               0.02      0.02       1.36 f
  n892 (net)                                    2         0.00                0.00       1.36 f
  U779/Y (OAI21_X2M_A6P5PP140ZTS_C35)                               0.02      0.02       1.38 r
  n894 (net)                                    1         0.00                0.00       1.38 r
  U782/CO (ADDF_X1M_A6P5PP140ZTS_C35)                               0.02      0.05       1.43 r
  n897 (net)                                    1         0.00                0.00       1.43 r
  U785/CO (ADDF_X1M_A6P5PP140ZTS_C35)                               0.02      0.05       1.47 r
  n900 (net)                                    1         0.00                0.00       1.47 r
  U788/CO (ADDF_X1M_A6P5PP140ZTS_C35)                               0.02      0.05       1.52 r
  n903 (net)                                    1         0.00                0.00       1.52 r
  U791/CO (ADDF_X1M_A6P5PP140ZTS_C35)                               0.02      0.05       1.57 r
  n906 (net)                                    1         0.00                0.00       1.57 r
  U794/CO (ADDF_X1M_A6P5PP140ZTS_C35)                               0.02      0.05       1.61 r
  n909 (net)                                    1         0.00                0.00       1.61 r
  U797/CO (ADDF_X1M_A6P5PP140ZTS_C35)                               0.02      0.05       1.66 r
  n912 (net)                                    1         0.00                0.00       1.66 r
  U800/S (ADDF_X1M_A6P5PP140ZTS_C35)                                0.01      0.06       1.72 f
  n911 (net)                                    1         0.00                0.00       1.72 f
  U798/Y (AO22_X1M_A6P5PP140ZTS_C35)                                0.01      0.04       1.76 f
  n5 (net)                                      1         0.00                0.00       1.76 f
  u_dut/acc_o_reg[36]/D (DFFRPQA_X2M_A6P5PP140ZTS_C35)              0.01      0.00       1.76 f
  data arrival time                                                                      1.76

  clock clk (rise edge)                                                       2.00       2.00
  clock network delay (ideal)                                                 0.00       2.00
  clock uncertainty                                                          -0.10       1.90
  u_dut/acc_o_reg[36]/CK (DFFRPQA_X2M_A6P5PP140ZTS_C35)                       0.00       1.90 r
  library setup time                                                         -0.04       1.86
  data required time                                                                     1.86
  ----------------------------------------------------------------------------------------------
  data required time                                                                     1.86
  data arrival time                                                                     -1.76
  ----------------------------------------------------------------------------------------------
  slack (MET)                                                                            0.10


  Startpoint: w_vec_i[28]
              (input port clocked by clk)
  Endpoint: u_dut/acc_o_reg[36]
            (rising edge-triggered flip-flop clocked by clk)
  Path Group: clk
  Path Type: max

  Des/Clust/Port     Wire Load Model       Library
  ------------------------------------------------
  char_top           Zero                  sc6p5mcpp140z_cln22ul_base_svt_c35_tt_typical_max_0p80v_25c

  Point                                       Fanout       Cap     Trans      Incr       Path
  ----------------------------------------------------------------------------------------------
  clock clk (rise edge)                                                       0.00       0.00
  clock network delay (ideal)                                                 0.00       0.00
  input external delay                                                        0.20       0.20 f
  w_vec_i[28] (in)                                                  0.05      0.00       0.20 f
  w_vec_i[28] (net)                             2         0.00                0.00       0.20 f
  U194/Y (XNOR2_X0P5M_A6P5PP140ZTS_C35)                             0.10      0.08       0.28 r
  n671 (net)                                   11         0.00                0.00       0.28 r
  U229/Y (NAND2_X1M_A6P5PP140ZTS_C35)                               0.08      0.07       0.35 f
  n672 (net)                                    9         0.00                0.00       0.35 f
  U253/Y (OAI22_X1M_A6P5PP140ZTS_C35)                               0.06      0.05       0.40 r
  n275 (net)                                    1         0.00                0.00       0.40 r
  U317/CO (ADDF_X1M_A6P5PP140ZTS_C35)                               0.02      0.06       0.46 r
  n322 (net)                                    1         0.00                0.00       0.46 r
  U375/S (ADDF_X1M_A6P5PP140ZTS_C35)                                0.02      0.07       0.53 f
  n320 (net)                                    1         0.00                0.00       0.53 f
  U374/S (ADDF_X1M_A6P5PP140ZTS_C35)                                0.02      0.07       0.60 r
  n290 (net)                                    1         0.00                0.00       0.60 r
  U327/S (ADDF_X1M_A6P5PP140ZTS_C35)                                0.02      0.07       0.67 f
  n356 (net)                                    1         0.00                0.00       0.67 f
  U396/S (ADDF_X1M_A6P5PP140ZTS_C35)                                0.02      0.07       0.73 r
  n283 (net)                                    2         0.00                0.00       0.73 r
  U321/Y (NAND2_X1M_A6P5PP140ZTS_C35)                               0.02      0.02       0.75 f
  n286 (net)                                    2         0.00                0.00       0.75 f
  U325/Y (INV_X1M_A6P5PP140ZTS_C35)                                 0.01      0.01       0.76 r
  n287 (net)                                    1         0.00                0.00       0.76 r
  U326/Y (AOI21_X2M_A6P5PP140ZTS_C35)                               0.02      0.01       0.77 f
  n441 (net)                                    2         0.00                0.00       0.77 f
  U451/Y (OAI21_X2M_A6P5PP140ZTS_C35)                               0.03      0.03       0.80 r
  n509 (net)                                    2         0.00                0.00       0.80 r
  U499/Y (AOI21_X2M_A6P5PP140ZTS_C35)                               0.02      0.02       0.82 f
  n576 (net)                                    2         0.00                0.00       0.82 f
  U540/Y (OAI21_X2M_A6P5PP140ZTS_C35)                               0.03      0.03       0.85 r
  n630 (net)                                    2         0.00                0.00       0.85 r
  U578/Y (AOI21_X2M_A6P5PP140ZTS_C35)                               0.02      0.02       0.87 f
  n683 (net)                                    2         0.00                0.00       0.87 f
  U606/Y (OAI21_X2M_A6P5PP140ZTS_C35)                               0.02      0.02       0.90 r
  n721 (net)                                    2         0.00                0.00       0.90 r
  U45/Y (AOI21_X1M_A6P5PP140ZTS_C35)                                0.03      0.02       0.92 f
  n758 (net)                                    2         0.00                0.00       0.92 f
  U647/Y (OAI21_X0P5M_A6P5PP140ZTS_C35)                             0.04      0.04       0.96 r
  n780 (net)                                    2         0.00                0.00       0.96 r
  U661/Y (AOI21_X0P5M_A6P5PP140ZTS_C35)                             0.03      0.03       0.98 f
  n793 (net)                                    2         0.00                0.00       0.98 f
  U669/Y (OAI21_X0P5M_A6P5PP140ZTS_C35)                             0.04      0.04       1.02 r
  n803 (net)                                    2         0.00                0.00       1.02 r
  U679/Y (AOI21_X0P5M_A6P5PP140ZTS_C35)                             0.04      0.03       1.06 f
  n809 (net)                                    2         0.00                0.00       1.06 f
  U686/Y (OAI21_X2M_A6P5PP140ZTS_C35)                               0.03      0.03       1.09 r
  n817 (net)                                    2         0.00                0.00       1.09 r
  U695/Y (AOI21_X2M_A6P5PP140ZTS_C35)                               0.02      0.02       1.11 f
  n823 (net)                                    2         0.00                0.00       1.11 f
  U702/Y (OAI21_X2M_A6P5PP140ZTS_C35)                               0.03      0.03       1.14 r
  n831 (net)                                    2         0.00                0.00       1.14 r
  U711/Y (AOI21_X2M_A6P5PP140ZTS_C35)                               0.02      0.02       1.16 f
  n837 (net)                                    2         0.00                0.00       1.16 f
  U718/Y (OAI21_X2M_A6P5PP140ZTS_C35)                               0.03      0.03       1.19 r
  n845 (net)                                    2         0.00                0.00       1.19 r
  U727/Y (AOI21_X2M_A6P5PP140ZTS_C35)                               0.02      0.02       1.21 f
  n851 (net)                                    2         0.00                0.00       1.21 f
  U734/Y (OAI21_X2M_A6P5PP140ZTS_C35)                               0.03      0.03       1.24 r
  n859 (net)                                    2         0.00                0.00       1.24 r
  U743/Y (AOI21_X2M_A6P5PP140ZTS_C35)                               0.02      0.02       1.26 f
  n865 (net)                                    2         0.00                0.00       1.26 f
  U750/Y (OAI21_X2M_A6P5PP140ZTS_C35)                               0.03      0.03       1.29 r
  n873 (net)                                    2         0.00                0.00       1.29 r
  U759/Y (AOI21_X2M_A6P5PP140ZTS_C35)                               0.02      0.02       1.31 f
  n879 (net)                                    2         0.00                0.00       1.31 f
  U766/Y (OAI21_X2M_A6P5PP140ZTS_C35)                               0.03      0.03       1.33 r
  n887 (net)                                    2         0.00                0.00       1.33 r
  U775/Y (AOI21_X2M_A6P5PP140ZTS_C35)                               0.02      0.02       1.36 f
  n892 (net)                                    2         0.00                0.00       1.36 f
  U779/Y (OAI21_X2M_A6P5PP140ZTS_C35)                               0.02      0.02       1.38 r
  n894 (net)                                    1         0.00                0.00       1.38 r
  U782/CO (ADDF_X1M_A6P5PP140ZTS_C35)                               0.02      0.05       1.43 r
  n897 (net)                                    1         0.00                0.00       1.43 r
  U785/CO (ADDF_X1M_A6P5PP140ZTS_C35)                               0.02      0.05       1.47 r
  n900 (net)                                    1         0.00                0.00       1.47 r
  U788/CO (ADDF_X1M_A6P5PP140ZTS_C35)                               0.02      0.05       1.52 r
  n903 (net)                                    1         0.00                0.00       1.52 r
  U791/CO (ADDF_X1M_A6P5PP140ZTS_C35)                               0.02      0.05       1.57 r
  n906 (net)                                    1         0.00                0.00       1.57 r
  U794/CO (ADDF_X1M_A6P5PP140ZTS_C35)                               0.02      0.05       1.61 r
  n909 (net)                                    1         0.00                0.00       1.61 r
  U797/CO (ADDF_X1M_A6P5PP140ZTS_C35)                               0.02      0.05       1.66 r
  n912 (net)                                    1         0.00                0.00       1.66 r
  U800/S (ADDF_X1M_A6P5PP140ZTS_C35)                                0.01      0.06       1.72 f
  n911 (net)                                    1         0.00                0.00       1.72 f
  U798/Y (AO22_X1M_A6P5PP140ZTS_C35)                                0.01      0.04       1.76 f
  n5 (net)                                      1         0.00                0.00       1.76 f
  u_dut/acc_o_reg[36]/D (DFFRPQA_X2M_A6P5PP140ZTS_C35)              0.01      0.00       1.76 f
  data arrival time                                                                      1.76

  clock clk (rise edge)                                                       2.00       2.00
  clock network delay (ideal)                                                 0.00       2.00
  clock uncertainty                                                          -0.10       1.90
  u_dut/acc_o_reg[36]/CK (DFFRPQA_X2M_A6P5PP140ZTS_C35)                       0.00       1.90 r
  library setup time                                                         -0.04       1.86
  data required time                                                                     1.86
  ----------------------------------------------------------------------------------------------
  data required time                                                                     1.86
  data arrival time                                                                     -1.76
  ----------------------------------------------------------------------------------------------
  slack (MET)                                                                            0.10


1
