 
****************************************
Report : timing
        -path full
        -delay max
        -nworst 5
        -nets
        -max_paths 20
        -transition_time
        -capacitance
Design : char_top
Version: X-2025.06-SP3
Date   : Sun Aug 30 20:56:18 2026
****************************************

Operating Conditions: tt_typical_max_0p80v_25c   Library: sc6p5mcpp140z_cln22ul_base_svt_c35_tt_typical_max_0p80v_25c
Wire Load Model Mode: top

  Startpoint: u_dut/acc_o_reg[0]
              (rising edge-triggered flip-flop clocked by clk)
  Endpoint: u_dut/acc_o_reg[16]
            (rising edge-triggered flip-flop clocked by clk)
  Path Group: clk
  Path Type: max

  Des/Clust/Port     Wire Load Model       Library
  ------------------------------------------------
  char_top           Zero                  sc6p5mcpp140z_cln22ul_base_svt_c35_tt_typical_max_0p80v_25c

  Point                                       Fanout       Cap     Trans      Incr       Path
  ----------------------------------------------------------------------------------------------
  clock clk (rise edge)                                                       0.00       0.00
  clock network delay (ideal)                                                 0.00       0.00
  u_dut/acc_o_reg[0]/CK (DFFRPQA_X2M_A6P5PP140ZTS_C35)              0.00      0.00       0.00 r
  u_dut/acc_o_reg[0]/Q (DFFRPQA_X2M_A6P5PP140ZTS_C35)               0.03      0.07       0.07 r
  signature_o[0] (net)                          4         0.01                0.00       0.07 r
  U45/Y (NAND2_X1A_A6P5PP140ZTS_C35)                                0.02      0.02       0.09 f
  n38 (net)                                     2         0.00                0.00       0.09 f
  U46/Y (INV_X1M_A6P5PP140ZTS_C35)                                  0.02      0.02       0.11 r
  n44 (net)                                     2         0.00                0.00       0.11 r
  U49/Y (AOI21_X0P5M_A6P5PP140ZTS_C35)                              0.03      0.02       0.13 f
  n30 (net)                                     2         0.00                0.00       0.13 f
  U26/Y (OAI21_X1M_A6P5PP140ZTS_C35)                                0.04      0.03       0.16 r
  n36 (net)                                     2         0.00                0.00       0.16 r
  U58/Y (AO12_X1M_A6P5PP140ZTS_C35)                                 0.02      0.04       0.20 r
  n46 (net)                                     1         0.00                0.00       0.20 r
  U66/CO (ADDF_X1M_A6P5PP140ZTS_C35)                                0.02      0.05       0.24 r
  n48 (net)                                     1         0.00                0.00       0.24 r
  U68/CO (ADDF_X1M_A6P5PP140ZTS_C35)                                0.02      0.05       0.29 r
  n50 (net)                                     1         0.00                0.00       0.29 r
  U70/CO (ADDF_X1M_A6P5PP140ZTS_C35)                                0.02      0.05       0.34 r
  n52 (net)                                     1         0.00                0.00       0.34 r
  U72/CO (ADDF_X1M_A6P5PP140ZTS_C35)                                0.02      0.05       0.38 r
  n54 (net)                                     1         0.00                0.00       0.38 r
  U74/CO (ADDF_X1M_A6P5PP140ZTS_C35)                                0.02      0.05       0.43 r
  n56 (net)                                     1         0.00                0.00       0.43 r
  U76/CO (ADDF_X1M_A6P5PP140ZTS_C35)                                0.02      0.05       0.48 r
  n105 (net)                                    1         0.00                0.00       0.48 r
  U130/CO (ADDF_X1M_A6P5PP140ZTS_C35)                               0.02      0.05       0.52 r
  n107 (net)                                    1         0.00                0.00       0.52 r
  U132/CO (ADDF_X1M_A6P5PP140ZTS_C35)                               0.02      0.05       0.57 r
  n109 (net)                                    1         0.00                0.00       0.57 r
  U134/CO (ADDF_X1M_A6P5PP140ZTS_C35)                               0.02      0.05       0.62 r
  n111 (net)                                    1         0.00                0.00       0.62 r
  U136/CO (ADDF_X1M_A6P5PP140ZTS_C35)                               0.02      0.05       0.67 r
  n113 (net)                                    1         0.00                0.00       0.67 r
  U138/CO (ADDF_X1M_A6P5PP140ZTS_C35)                               0.02      0.05       0.71 r
  n117 (net)                                    1         0.00                0.00       0.71 r
  U143/CO (ADDF_X1M_A6P5PP140ZTS_C35)                               0.02      0.04       0.76 r
  n118 (net)                                    1         0.00                0.00       0.76 r
  U144/Y (XOR2_X0P5M_A6P5PP140ZTS_C35)                              0.03      0.03       0.79 r
  n120 (net)                                    1         0.00                0.00       0.79 r
  U145/Y (NAND2XB_X1M_A6P5PP140ZTS_C35)                             0.02      0.01       0.80 f
  n122 (net)                                    1         0.00                0.00       0.80 f
  U29/Y (OAI21_X1M_A6P5PP140ZTS_C35)                                0.02      0.01       0.82 r
  n3 (net)                                      1         0.00                0.00       0.82 r
  u_dut/acc_o_reg[16]/D (DFFRPQA_X2M_A6P5PP140ZTS_C35)              0.02      0.00       0.82 r
  data arrival time                                                                      0.82

  clock clk (rise edge)                                                       1.00       1.00
  clock network delay (ideal)                                                 0.00       1.00
  clock uncertainty                                                          -0.05       0.95
  u_dut/acc_o_reg[16]/CK (DFFRPQA_X2M_A6P5PP140ZTS_C35)                       0.00       0.95 r
  library setup time                                                         -0.04       0.91
  data required time                                                                     0.91
  ----------------------------------------------------------------------------------------------
  data required time                                                                     0.91
  data arrival time                                                                     -0.82
  ----------------------------------------------------------------------------------------------
  slack (MET)                                                                            0.09


  Startpoint: u_dut/acc_o_reg[0]
              (rising edge-triggered flip-flop clocked by clk)
  Endpoint: u_dut/acc_o_reg[16]
            (rising edge-triggered flip-flop clocked by clk)
  Path Group: clk
  Path Type: max

  Des/Clust/Port     Wire Load Model       Library
  ------------------------------------------------
  char_top           Zero                  sc6p5mcpp140z_cln22ul_base_svt_c35_tt_typical_max_0p80v_25c

  Point                                       Fanout       Cap     Trans      Incr       Path
  ----------------------------------------------------------------------------------------------
  clock clk (rise edge)                                                       0.00       0.00
  clock network delay (ideal)                                                 0.00       0.00
  u_dut/acc_o_reg[0]/CK (DFFRPQA_X2M_A6P5PP140ZTS_C35)              0.00      0.00       0.00 r
  u_dut/acc_o_reg[0]/Q (DFFRPQA_X2M_A6P5PP140ZTS_C35)               0.03      0.07       0.07 r
  signature_o[0] (net)                          4         0.01                0.00       0.07 r
  U45/Y (NAND2_X1A_A6P5PP140ZTS_C35)                                0.02      0.02       0.09 f
  n38 (net)                                     2         0.00                0.00       0.09 f
  U46/Y (INV_X1M_A6P5PP140ZTS_C35)                                  0.02      0.02       0.11 r
  n44 (net)                                     2         0.00                0.00       0.11 r
  U49/Y (AOI21_X0P5M_A6P5PP140ZTS_C35)                              0.03      0.02       0.13 f
  n30 (net)                                     2         0.00                0.00       0.13 f
  U26/Y (OAI21_X1M_A6P5PP140ZTS_C35)                                0.04      0.03       0.16 r
  n36 (net)                                     2         0.00                0.00       0.16 r
  U58/Y (AO12_X1M_A6P5PP140ZTS_C35)                                 0.02      0.04       0.20 r
  n46 (net)                                     1         0.00                0.00       0.20 r
  U66/CO (ADDF_X1M_A6P5PP140ZTS_C35)                                0.02      0.05       0.24 r
  n48 (net)                                     1         0.00                0.00       0.24 r
  U68/CO (ADDF_X1M_A6P5PP140ZTS_C35)                                0.02      0.05       0.29 r
  n50 (net)                                     1         0.00                0.00       0.29 r
  U70/CO (ADDF_X1M_A6P5PP140ZTS_C35)                                0.02      0.05       0.34 r
  n52 (net)                                     1         0.00                0.00       0.34 r
  U72/CO (ADDF_X1M_A6P5PP140ZTS_C35)                                0.02      0.05       0.38 r
  n54 (net)                                     1         0.00                0.00       0.38 r
  U74/CO (ADDF_X1M_A6P5PP140ZTS_C35)                                0.02      0.05       0.43 r
  n56 (net)                                     1         0.00                0.00       0.43 r
  U76/CO (ADDF_X1M_A6P5PP140ZTS_C35)                                0.02      0.05       0.48 r
  n105 (net)                                    1         0.00                0.00       0.48 r
  U130/CO (ADDF_X1M_A6P5PP140ZTS_C35)                               0.02      0.05       0.52 r
  n107 (net)                                    1         0.00                0.00       0.52 r
  U132/CO (ADDF_X1M_A6P5PP140ZTS_C35)                               0.02      0.05       0.57 r
  n109 (net)                                    1         0.00                0.00       0.57 r
  U134/CO (ADDF_X1M_A6P5PP140ZTS_C35)                               0.02      0.05       0.62 r
  n111 (net)                                    1         0.00                0.00       0.62 r
  U136/CO (ADDF_X1M_A6P5PP140ZTS_C35)                               0.02      0.05       0.67 r
  n113 (net)                                    1         0.00                0.00       0.67 r
  U138/CO (ADDF_X1M_A6P5PP140ZTS_C35)                               0.02      0.05       0.71 r
  n117 (net)                                    1         0.00                0.00       0.71 r
  U143/CO (ADDF_X1M_A6P5PP140ZTS_C35)                               0.02      0.04       0.76 r
  n118 (net)                                    1         0.00                0.00       0.76 r
  U144/Y (XOR2_X0P5M_A6P5PP140ZTS_C35)                              0.03      0.03       0.79 r
  n120 (net)                                    1         0.00                0.00       0.79 r
  U145/Y (NAND2XB_X1M_A6P5PP140ZTS_C35)                             0.02      0.01       0.80 f
  n122 (net)                                    1         0.00                0.00       0.80 f
  U29/Y (OAI21_X1M_A6P5PP140ZTS_C35)                                0.02      0.01       0.82 r
  n3 (net)                                      1         0.00                0.00       0.82 r
  u_dut/acc_o_reg[16]/D (DFFRPQA_X2M_A6P5PP140ZTS_C35)              0.02      0.00       0.82 r
  data arrival time                                                                      0.82

  clock clk (rise edge)                                                       1.00       1.00
  clock network delay (ideal)                                                 0.00       1.00
  clock uncertainty                                                          -0.05       0.95
  u_dut/acc_o_reg[16]/CK (DFFRPQA_X2M_A6P5PP140ZTS_C35)                       0.00       0.95 r
  library setup time                                                         -0.04       0.91
  data required time                                                                     0.91
  ----------------------------------------------------------------------------------------------
  data required time                                                                     0.91
  data arrival time                                                                     -0.82
  ----------------------------------------------------------------------------------------------
  slack (MET)                                                                            0.09


  Startpoint: u_dut/acc_o_reg[0]
              (rising edge-triggered flip-flop clocked by clk)
  Endpoint: u_dut/acc_o_reg[16]
            (rising edge-triggered flip-flop clocked by clk)
  Path Group: clk
  Path Type: max

  Des/Clust/Port     Wire Load Model       Library
  ------------------------------------------------
  char_top           Zero                  sc6p5mcpp140z_cln22ul_base_svt_c35_tt_typical_max_0p80v_25c

  Point                                       Fanout       Cap     Trans      Incr       Path
  ----------------------------------------------------------------------------------------------
  clock clk (rise edge)                                                       0.00       0.00
  clock network delay (ideal)                                                 0.00       0.00
  u_dut/acc_o_reg[0]/CK (DFFRPQA_X2M_A6P5PP140ZTS_C35)              0.00      0.00       0.00 r
  u_dut/acc_o_reg[0]/Q (DFFRPQA_X2M_A6P5PP140ZTS_C35)               0.03      0.07       0.07 r
  signature_o[0] (net)                          4         0.01                0.00       0.07 r
  U45/Y (NAND2_X1A_A6P5PP140ZTS_C35)                                0.02      0.02       0.09 f
  n38 (net)                                     2         0.00                0.00       0.09 f
  U46/Y (INV_X1M_A6P5PP140ZTS_C35)                                  0.02      0.02       0.11 r
  n44 (net)                                     2         0.00                0.00       0.11 r
  U49/Y (AOI21_X0P5M_A6P5PP140ZTS_C35)                              0.03      0.02       0.13 f
  n30 (net)                                     2         0.00                0.00       0.13 f
  U26/Y (OAI21_X1M_A6P5PP140ZTS_C35)                                0.04      0.03       0.16 r
  n36 (net)                                     2         0.00                0.00       0.16 r
  U58/Y (AO12_X1M_A6P5PP140ZTS_C35)                                 0.02      0.04       0.20 r
  n46 (net)                                     1         0.00                0.00       0.20 r
  U66/CO (ADDF_X1M_A6P5PP140ZTS_C35)                                0.02      0.05       0.24 r
  n48 (net)                                     1         0.00                0.00       0.24 r
  U68/CO (ADDF_X1M_A6P5PP140ZTS_C35)                                0.02      0.05       0.29 r
  n50 (net)                                     1         0.00                0.00       0.29 r
  U70/CO (ADDF_X1M_A6P5PP140ZTS_C35)                                0.02      0.05       0.34 r
  n52 (net)                                     1         0.00                0.00       0.34 r
  U72/CO (ADDF_X1M_A6P5PP140ZTS_C35)                                0.02      0.05       0.38 r
  n54 (net)                                     1         0.00                0.00       0.38 r
  U74/CO (ADDF_X1M_A6P5PP140ZTS_C35)                                0.02      0.05       0.43 r
  n56 (net)                                     1         0.00                0.00       0.43 r
  U76/CO (ADDF_X1M_A6P5PP140ZTS_C35)                                0.02      0.05       0.48 r
  n105 (net)                                    1         0.00                0.00       0.48 r
  U130/CO (ADDF_X1M_A6P5PP140ZTS_C35)                               0.02      0.05       0.52 r
  n107 (net)                                    1         0.00                0.00       0.52 r
  U132/CO (ADDF_X1M_A6P5PP140ZTS_C35)                               0.02      0.05       0.57 r
  n109 (net)                                    1         0.00                0.00       0.57 r
  U134/CO (ADDF_X1M_A6P5PP140ZTS_C35)                               0.02      0.05       0.62 r
  n111 (net)                                    1         0.00                0.00       0.62 r
  U136/CO (ADDF_X1M_A6P5PP140ZTS_C35)                               0.02      0.05       0.67 r
  n113 (net)                                    1         0.00                0.00       0.67 r
  U138/CO (ADDF_X1M_A6P5PP140ZTS_C35)                               0.02      0.05       0.71 r
  n117 (net)                                    1         0.00                0.00       0.71 r
  U143/CO (ADDF_X1M_A6P5PP140ZTS_C35)                               0.02      0.04       0.76 r
  n118 (net)                                    1         0.00                0.00       0.76 r
  U144/Y (XOR2_X0P5M_A6P5PP140ZTS_C35)                              0.03      0.03       0.79 r
  n120 (net)                                    1         0.00                0.00       0.79 r
  U145/Y (NAND2XB_X1M_A6P5PP140ZTS_C35)                             0.02      0.01       0.80 f
  n122 (net)                                    1         0.00                0.00       0.80 f
  U29/Y (OAI21_X1M_A6P5PP140ZTS_C35)                                0.02      0.01       0.82 r
  n3 (net)                                      1         0.00                0.00       0.82 r
  u_dut/acc_o_reg[16]/D (DFFRPQA_X2M_A6P5PP140ZTS_C35)              0.02      0.00       0.82 r
  data arrival time                                                                      0.82

  clock clk (rise edge)                                                       1.00       1.00
  clock network delay (ideal)                                                 0.00       1.00
  clock uncertainty                                                          -0.05       0.95
  u_dut/acc_o_reg[16]/CK (DFFRPQA_X2M_A6P5PP140ZTS_C35)                       0.00       0.95 r
  library setup time                                                         -0.04       0.91
  data required time                                                                     0.91
  ----------------------------------------------------------------------------------------------
  data required time                                                                     0.91
  data arrival time                                                                     -0.82
  ----------------------------------------------------------------------------------------------
  slack (MET)                                                                            0.10


  Startpoint: u_dut/acc_o_reg[0]
              (rising edge-triggered flip-flop clocked by clk)
  Endpoint: u_dut/acc_o_reg[16]
            (rising edge-triggered flip-flop clocked by clk)
  Path Group: clk
  Path Type: max

  Des/Clust/Port     Wire Load Model       Library
  ------------------------------------------------
  char_top           Zero                  sc6p5mcpp140z_cln22ul_base_svt_c35_tt_typical_max_0p80v_25c

  Point                                       Fanout       Cap     Trans      Incr       Path
  ----------------------------------------------------------------------------------------------
  clock clk (rise edge)                                                       0.00       0.00
  clock network delay (ideal)                                                 0.00       0.00
  u_dut/acc_o_reg[0]/CK (DFFRPQA_X2M_A6P5PP140ZTS_C35)              0.00      0.00       0.00 r
  u_dut/acc_o_reg[0]/Q (DFFRPQA_X2M_A6P5PP140ZTS_C35)               0.03      0.07       0.07 r
  signature_o[0] (net)                          4         0.01                0.00       0.07 r
  U45/Y (NAND2_X1A_A6P5PP140ZTS_C35)                                0.02      0.02       0.09 f
  n38 (net)                                     2         0.00                0.00       0.09 f
  U46/Y (INV_X1M_A6P5PP140ZTS_C35)                                  0.02      0.02       0.11 r
  n44 (net)                                     2         0.00                0.00       0.11 r
  U49/Y (AOI21_X0P5M_A6P5PP140ZTS_C35)                              0.03      0.02       0.13 f
  n30 (net)                                     2         0.00                0.00       0.13 f
  U26/Y (OAI21_X1M_A6P5PP140ZTS_C35)                                0.04      0.03       0.16 r
  n36 (net)                                     2         0.00                0.00       0.16 r
  U58/Y (AO12_X1M_A6P5PP140ZTS_C35)                                 0.02      0.04       0.20 r
  n46 (net)                                     1         0.00                0.00       0.20 r
  U66/CO (ADDF_X1M_A6P5PP140ZTS_C35)                                0.02      0.04       0.24 r
  n48 (net)                                     1         0.00                0.00       0.24 r
  U68/CO (ADDF_X1M_A6P5PP140ZTS_C35)                                0.02      0.05       0.29 r
  n50 (net)                                     1         0.00                0.00       0.29 r
  U70/CO (ADDF_X1M_A6P5PP140ZTS_C35)                                0.02      0.05       0.34 r
  n52 (net)                                     1         0.00                0.00       0.34 r
  U72/CO (ADDF_X1M_A6P5PP140ZTS_C35)                                0.02      0.05       0.38 r
  n54 (net)                                     1         0.00                0.00       0.38 r
  U74/CO (ADDF_X1M_A6P5PP140ZTS_C35)                                0.02      0.05       0.43 r
  n56 (net)                                     1         0.00                0.00       0.43 r
  U76/CO (ADDF_X1M_A6P5PP140ZTS_C35)                                0.02      0.05       0.48 r
  n105 (net)                                    1         0.00                0.00       0.48 r
  U130/CO (ADDF_X1M_A6P5PP140ZTS_C35)                               0.02      0.05       0.52 r
  n107 (net)                                    1         0.00                0.00       0.52 r
  U132/CO (ADDF_X1M_A6P5PP140ZTS_C35)                               0.02      0.05       0.57 r
  n109 (net)                                    1         0.00                0.00       0.57 r
  U134/CO (ADDF_X1M_A6P5PP140ZTS_C35)                               0.02      0.05       0.62 r
  n111 (net)                                    1         0.00                0.00       0.62 r
  U136/CO (ADDF_X1M_A6P5PP140ZTS_C35)                               0.02      0.05       0.67 r
  n113 (net)                                    1         0.00                0.00       0.67 r
  U138/CO (ADDF_X1M_A6P5PP140ZTS_C35)                               0.02      0.05       0.71 r
  n117 (net)                                    1         0.00                0.00       0.71 r
  U143/CO (ADDF_X1M_A6P5PP140ZTS_C35)                               0.02      0.04       0.76 r
  n118 (net)                                    1         0.00                0.00       0.76 r
  U144/Y (XOR2_X0P5M_A6P5PP140ZTS_C35)                              0.03      0.03       0.79 r
  n120 (net)                                    1         0.00                0.00       0.79 r
  U145/Y (NAND2XB_X1M_A6P5PP140ZTS_C35)                             0.02      0.01       0.80 f
  n122 (net)                                    1         0.00                0.00       0.80 f
  U29/Y (OAI21_X1M_A6P5PP140ZTS_C35)                                0.02      0.01       0.82 r
  n3 (net)                                      1         0.00                0.00       0.82 r
  u_dut/acc_o_reg[16]/D (DFFRPQA_X2M_A6P5PP140ZTS_C35)              0.02      0.00       0.82 r
  data arrival time                                                                      0.82

  clock clk (rise edge)                                                       1.00       1.00
  clock network delay (ideal)                                                 0.00       1.00
  clock uncertainty                                                          -0.05       0.95
  u_dut/acc_o_reg[16]/CK (DFFRPQA_X2M_A6P5PP140ZTS_C35)                       0.00       0.95 r
  library setup time                                                         -0.04       0.91
  data required time                                                                     0.91
  ----------------------------------------------------------------------------------------------
  data required time                                                                     0.91
  data arrival time                                                                     -0.82
  ----------------------------------------------------------------------------------------------
  slack (MET)                                                                            0.10


  Startpoint: u_dut/acc_o_reg[0]
              (rising edge-triggered flip-flop clocked by clk)
  Endpoint: u_dut/acc_o_reg[16]
            (rising edge-triggered flip-flop clocked by clk)
  Path Group: clk
  Path Type: max

  Des/Clust/Port     Wire Load Model       Library
  ------------------------------------------------
  char_top           Zero                  sc6p5mcpp140z_cln22ul_base_svt_c35_tt_typical_max_0p80v_25c

  Point                                       Fanout       Cap     Trans      Incr       Path
  ----------------------------------------------------------------------------------------------
  clock clk (rise edge)                                                       0.00       0.00
  clock network delay (ideal)                                                 0.00       0.00
  u_dut/acc_o_reg[0]/CK (DFFRPQA_X2M_A6P5PP140ZTS_C35)              0.00      0.00       0.00 r
  u_dut/acc_o_reg[0]/Q (DFFRPQA_X2M_A6P5PP140ZTS_C35)               0.03      0.07       0.07 r
  signature_o[0] (net)                          4         0.01                0.00       0.07 r
  U45/Y (NAND2_X1A_A6P5PP140ZTS_C35)                                0.02      0.02       0.09 f
  n38 (net)                                     2         0.00                0.00       0.09 f
  U46/Y (INV_X1M_A6P5PP140ZTS_C35)                                  0.02      0.02       0.11 r
  n44 (net)                                     2         0.00                0.00       0.11 r
  U49/Y (AOI21_X0P5M_A6P5PP140ZTS_C35)                              0.03      0.02       0.13 f
  n30 (net)                                     2         0.00                0.00       0.13 f
  U26/Y (OAI21_X1M_A6P5PP140ZTS_C35)                                0.04      0.03       0.16 r
  n36 (net)                                     2         0.00                0.00       0.16 r
  U58/Y (AO12_X1M_A6P5PP140ZTS_C35)                                 0.02      0.04       0.20 r
  n46 (net)                                     1         0.00                0.00       0.20 r
  U66/CO (ADDF_X1M_A6P5PP140ZTS_C35)                                0.02      0.05       0.24 r
  n48 (net)                                     1         0.00                0.00       0.24 r
  U68/CO (ADDF_X1M_A6P5PP140ZTS_C35)                                0.02      0.05       0.29 r
  n50 (net)                                     1         0.00                0.00       0.29 r
  U70/CO (ADDF_X1M_A6P5PP140ZTS_C35)                                0.02      0.05       0.34 r
  n52 (net)                                     1         0.00                0.00       0.34 r
  U72/CO (ADDF_X1M_A6P5PP140ZTS_C35)                                0.02      0.05       0.38 r
  n54 (net)                                     1         0.00                0.00       0.38 r
  U74/CO (ADDF_X1M_A6P5PP140ZTS_C35)                                0.02      0.05       0.43 r
  n56 (net)                                     1         0.00                0.00       0.43 r
  U76/CO (ADDF_X1M_A6P5PP140ZTS_C35)                                0.02      0.05       0.48 r
  n105 (net)                                    1         0.00                0.00       0.48 r
  U130/CO (ADDF_X1M_A6P5PP140ZTS_C35)                               0.02      0.05       0.52 r
  n107 (net)                                    1         0.00                0.00       0.52 r
  U132/CO (ADDF_X1M_A6P5PP140ZTS_C35)                               0.02      0.05       0.57 r
  n109 (net)                                    1         0.00                0.00       0.57 r
  U134/CO (ADDF_X1M_A6P5PP140ZTS_C35)                               0.02      0.05       0.62 r
  n111 (net)                                    1         0.00                0.00       0.62 r
  U136/CO (ADDF_X1M_A6P5PP140ZTS_C35)                               0.02      0.05       0.67 r
  n113 (net)                                    1         0.00                0.00       0.67 r
  U138/CO (ADDF_X1M_A6P5PP140ZTS_C35)                               0.02      0.05       0.71 r
  n117 (net)                                    1         0.00                0.00       0.71 r
  U143/CO (ADDF_X1M_A6P5PP140ZTS_C35)                               0.02      0.04       0.76 r
  n118 (net)                                    1         0.00                0.00       0.76 r
  U144/Y (XOR2_X0P5M_A6P5PP140ZTS_C35)                              0.03      0.03       0.79 r
  n120 (net)                                    1         0.00                0.00       0.79 r
  U145/Y (NAND2XB_X1M_A6P5PP140ZTS_C35)                             0.02      0.01       0.80 f
  n122 (net)                                    1         0.00                0.00       0.80 f
  U29/Y (OAI21_X1M_A6P5PP140ZTS_C35)                                0.02      0.01       0.82 r
  n3 (net)                                      1         0.00                0.00       0.82 r
  u_dut/acc_o_reg[16]/D (DFFRPQA_X2M_A6P5PP140ZTS_C35)              0.02      0.00       0.82 r
  data arrival time                                                                      0.82

  clock clk (rise edge)                                                       1.00       1.00
  clock network delay (ideal)                                                 0.00       1.00
  clock uncertainty                                                          -0.05       0.95
  u_dut/acc_o_reg[16]/CK (DFFRPQA_X2M_A6P5PP140ZTS_C35)                       0.00       0.95 r
  library setup time                                                         -0.04       0.91
  data required time                                                                     0.91
  ----------------------------------------------------------------------------------------------
  data required time                                                                     0.91
  data arrival time                                                                     -0.82
  ----------------------------------------------------------------------------------------------
  slack (MET)                                                                            0.10


  Startpoint: u_dut/acc_o_reg[0]
              (rising edge-triggered flip-flop clocked by clk)
  Endpoint: u_dut/acc_o_reg[15]
            (rising edge-triggered flip-flop clocked by clk)
  Path Group: clk
  Path Type: max

  Des/Clust/Port     Wire Load Model       Library
  ------------------------------------------------
  char_top           Zero                  sc6p5mcpp140z_cln22ul_base_svt_c35_tt_typical_max_0p80v_25c

  Point                                       Fanout       Cap     Trans      Incr       Path
  ----------------------------------------------------------------------------------------------
  clock clk (rise edge)                                                       0.00       0.00
  clock network delay (ideal)                                                 0.00       0.00
  u_dut/acc_o_reg[0]/CK (DFFRPQA_X2M_A6P5PP140ZTS_C35)              0.00      0.00       0.00 r
  u_dut/acc_o_reg[0]/Q (DFFRPQA_X2M_A6P5PP140ZTS_C35)               0.03      0.07       0.07 r
  signature_o[0] (net)                          4         0.01                0.00       0.07 r
  U45/Y (NAND2_X1A_A6P5PP140ZTS_C35)                                0.02      0.02       0.09 f
  n38 (net)                                     2         0.00                0.00       0.09 f
  U46/Y (INV_X1M_A6P5PP140ZTS_C35)                                  0.02      0.02       0.11 r
  n44 (net)                                     2         0.00                0.00       0.11 r
  U49/Y (AOI21_X0P5M_A6P5PP140ZTS_C35)                              0.03      0.02       0.13 f
  n30 (net)                                     2         0.00                0.00       0.13 f
  U26/Y (OAI21_X1M_A6P5PP140ZTS_C35)                                0.04      0.03       0.16 r
  n36 (net)                                     2         0.00                0.00       0.16 r
  U58/Y (AO12_X1M_A6P5PP140ZTS_C35)                                 0.02      0.04       0.20 r
  n46 (net)                                     1         0.00                0.00       0.20 r
  U66/CO (ADDF_X1M_A6P5PP140ZTS_C35)                                0.02      0.05       0.24 r
  n48 (net)                                     1         0.00                0.00       0.24 r
  U68/CO (ADDF_X1M_A6P5PP140ZTS_C35)                                0.02      0.05       0.29 r
  n50 (net)                                     1         0.00                0.00       0.29 r
  U70/CO (ADDF_X1M_A6P5PP140ZTS_C35)                                0.02      0.05       0.34 r
  n52 (net)                                     1         0.00                0.00       0.34 r
  U72/CO (ADDF_X1M_A6P5PP140ZTS_C35)                                0.02      0.05       0.38 r
  n54 (net)                                     1         0.00                0.00       0.38 r
  U74/CO (ADDF_X1M_A6P5PP140ZTS_C35)                                0.02      0.05       0.43 r
  n56 (net)                                     1         0.00                0.00       0.43 r
  U76/CO (ADDF_X1M_A6P5PP140ZTS_C35)                                0.02      0.05       0.48 r
  n105 (net)                                    1         0.00                0.00       0.48 r
  U130/CO (ADDF_X1M_A6P5PP140ZTS_C35)                               0.02      0.05       0.52 r
  n107 (net)                                    1         0.00                0.00       0.52 r
  U132/CO (ADDF_X1M_A6P5PP140ZTS_C35)                               0.02      0.05       0.57 r
  n109 (net)                                    1         0.00                0.00       0.57 r
  U134/CO (ADDF_X1M_A6P5PP140ZTS_C35)                               0.02      0.05       0.62 r
  n111 (net)                                    1         0.00                0.00       0.62 r
  U136/CO (ADDF_X1M_A6P5PP140ZTS_C35)                               0.02      0.05       0.67 r
  n113 (net)                                    1         0.00                0.00       0.67 r
  U138/CO (ADDF_X1M_A6P5PP140ZTS_C35)                               0.02      0.05       0.71 r
  n117 (net)                                    1         0.00                0.00       0.71 r
  U143/S (ADDF_X1M_A6P5PP140ZTS_C35)                                0.02      0.06       0.78 f
  n114 (net)                                    1         0.00                0.00       0.78 f
  U139/Y (AO22_X1M_A6P5PP140ZTS_C35)                                0.01      0.04       0.81 f
  n5 (net)                                      1         0.00                0.00       0.81 f
  u_dut/acc_o_reg[15]/D (DFFRPQA_X2M_A6P5PP140ZTS_C35)              0.01      0.00       0.81 f
  data arrival time                                                                      0.81

  clock clk (rise edge)                                                       1.00       1.00
  clock network delay (ideal)                                                 0.00       1.00
  clock uncertainty                                                          -0.05       0.95
  u_dut/acc_o_reg[15]/CK (DFFRPQA_X2M_A6P5PP140ZTS_C35)                       0.00       0.95 r
  library setup time                                                         -0.03       0.92
  data required time                                                                     0.92
  ----------------------------------------------------------------------------------------------
  data required time                                                                     0.92
  data arrival time                                                                     -0.81
  ----------------------------------------------------------------------------------------------
  slack (MET)                                                                            0.10


  Startpoint: u_dut/acc_o_reg[0]
              (rising edge-triggered flip-flop clocked by clk)
  Endpoint: u_dut/acc_o_reg[15]
            (rising edge-triggered flip-flop clocked by clk)
  Path Group: clk
  Path Type: max

  Des/Clust/Port     Wire Load Model       Library
  ------------------------------------------------
  char_top           Zero                  sc6p5mcpp140z_cln22ul_base_svt_c35_tt_typical_max_0p80v_25c

  Point                                       Fanout       Cap     Trans      Incr       Path
  ----------------------------------------------------------------------------------------------
  clock clk (rise edge)                                                       0.00       0.00
  clock network delay (ideal)                                                 0.00       0.00
  u_dut/acc_o_reg[0]/CK (DFFRPQA_X2M_A6P5PP140ZTS_C35)              0.00      0.00       0.00 r
  u_dut/acc_o_reg[0]/Q (DFFRPQA_X2M_A6P5PP140ZTS_C35)               0.03      0.07       0.07 r
  signature_o[0] (net)                          4         0.01                0.00       0.07 r
  U45/Y (NAND2_X1A_A6P5PP140ZTS_C35)                                0.02      0.02       0.09 f
  n38 (net)                                     2         0.00                0.00       0.09 f
  U46/Y (INV_X1M_A6P5PP140ZTS_C35)                                  0.02      0.02       0.11 r
  n44 (net)                                     2         0.00                0.00       0.11 r
  U49/Y (AOI21_X0P5M_A6P5PP140ZTS_C35)                              0.03      0.02       0.13 f
  n30 (net)                                     2         0.00                0.00       0.13 f
  U26/Y (OAI21_X1M_A6P5PP140ZTS_C35)                                0.04      0.03       0.16 r
  n36 (net)                                     2         0.00                0.00       0.16 r
  U58/Y (AO12_X1M_A6P5PP140ZTS_C35)                                 0.02      0.04       0.20 r
  n46 (net)                                     1         0.00                0.00       0.20 r
  U66/CO (ADDF_X1M_A6P5PP140ZTS_C35)                                0.02      0.04       0.24 r
  n48 (net)                                     1         0.00                0.00       0.24 r
  U68/CO (ADDF_X1M_A6P5PP140ZTS_C35)                                0.02      0.05       0.29 r
  n50 (net)                                     1         0.00                0.00       0.29 r
  U70/CO (ADDF_X1M_A6P5PP140ZTS_C35)                                0.02      0.05       0.34 r
  n52 (net)                                     1         0.00                0.00       0.34 r
  U72/CO (ADDF_X1M_A6P5PP140ZTS_C35)                                0.02      0.05       0.38 r
  n54 (net)                                     1         0.00                0.00       0.38 r
  U74/CO (ADDF_X1M_A6P5PP140ZTS_C35)                                0.02      0.05       0.43 r
  n56 (net)                                     1         0.00                0.00       0.43 r
  U76/CO (ADDF_X1M_A6P5PP140ZTS_C35)                                0.02      0.05       0.48 r
  n105 (net)                                    1         0.00                0.00       0.48 r
  U130/CO (ADDF_X1M_A6P5PP140ZTS_C35)                               0.02      0.05       0.52 r
  n107 (net)                                    1         0.00                0.00       0.52 r
  U132/CO (ADDF_X1M_A6P5PP140ZTS_C35)                               0.02      0.05       0.57 r
  n109 (net)                                    1         0.00                0.00       0.57 r
  U134/CO (ADDF_X1M_A6P5PP140ZTS_C35)                               0.02      0.05       0.62 r
  n111 (net)                                    1         0.00                0.00       0.62 r
  U136/CO (ADDF_X1M_A6P5PP140ZTS_C35)                               0.02      0.05       0.67 r
  n113 (net)                                    1         0.00                0.00       0.67 r
  U138/CO (ADDF_X1M_A6P5PP140ZTS_C35)                               0.02      0.05       0.71 r
  n117 (net)                                    1         0.00                0.00       0.71 r
  U143/S (ADDF_X1M_A6P5PP140ZTS_C35)                                0.02      0.06       0.78 f
  n114 (net)                                    1         0.00                0.00       0.78 f
  U139/Y (AO22_X1M_A6P5PP140ZTS_C35)                                0.01      0.04       0.81 f
  n5 (net)                                      1         0.00                0.00       0.81 f
  u_dut/acc_o_reg[15]/D (DFFRPQA_X2M_A6P5PP140ZTS_C35)              0.01      0.00       0.81 f
  data arrival time                                                                      0.81

  clock clk (rise edge)                                                       1.00       1.00
  clock network delay (ideal)                                                 0.00       1.00
  clock uncertainty                                                          -0.05       0.95
  u_dut/acc_o_reg[15]/CK (DFFRPQA_X2M_A6P5PP140ZTS_C35)                       0.00       0.95 r
  library setup time                                                         -0.03       0.92
  data required time                                                                     0.92
  ----------------------------------------------------------------------------------------------
  data required time                                                                     0.92
  data arrival time                                                                     -0.81
  ----------------------------------------------------------------------------------------------
  slack (MET)                                                                            0.10


  Startpoint: u_dut/acc_o_reg[0]
              (rising edge-triggered flip-flop clocked by clk)
  Endpoint: u_dut/acc_o_reg[15]
            (rising edge-triggered flip-flop clocked by clk)
  Path Group: clk
  Path Type: max

  Des/Clust/Port     Wire Load Model       Library
  ------------------------------------------------
  char_top           Zero                  sc6p5mcpp140z_cln22ul_base_svt_c35_tt_typical_max_0p80v_25c

  Point                                       Fanout       Cap     Trans      Incr       Path
  ----------------------------------------------------------------------------------------------
  clock clk (rise edge)                                                       0.00       0.00
  clock network delay (ideal)                                                 0.00       0.00
  u_dut/acc_o_reg[0]/CK (DFFRPQA_X2M_A6P5PP140ZTS_C35)              0.00      0.00       0.00 r
  u_dut/acc_o_reg[0]/Q (DFFRPQA_X2M_A6P5PP140ZTS_C35)               0.03      0.07       0.07 r
  signature_o[0] (net)                          4         0.01                0.00       0.07 r
  U45/Y (NAND2_X1A_A6P5PP140ZTS_C35)                                0.02      0.02       0.09 f
  n38 (net)                                     2         0.00                0.00       0.09 f
  U46/Y (INV_X1M_A6P5PP140ZTS_C35)                                  0.02      0.02       0.11 r
  n44 (net)                                     2         0.00                0.00       0.11 r
  U49/Y (AOI21_X0P5M_A6P5PP140ZTS_C35)                              0.03      0.02       0.13 f
  n30 (net)                                     2         0.00                0.00       0.13 f
  U26/Y (OAI21_X1M_A6P5PP140ZTS_C35)                                0.04      0.03       0.16 r
  n36 (net)                                     2         0.00                0.00       0.16 r
  U58/Y (AO12_X1M_A6P5PP140ZTS_C35)                                 0.02      0.04       0.20 r
  n46 (net)                                     1         0.00                0.00       0.20 r
  U66/CO (ADDF_X1M_A6P5PP140ZTS_C35)                                0.02      0.05       0.24 r
  n48 (net)                                     1         0.00                0.00       0.24 r
  U68/CO (ADDF_X1M_A6P5PP140ZTS_C35)                                0.02      0.05       0.29 r
  n50 (net)                                     1         0.00                0.00       0.29 r
  U70/CO (ADDF_X1M_A6P5PP140ZTS_C35)                                0.02      0.05       0.34 r
  n52 (net)                                     1         0.00                0.00       0.34 r
  U72/CO (ADDF_X1M_A6P5PP140ZTS_C35)                                0.02      0.05       0.38 r
  n54 (net)                                     1         0.00                0.00       0.38 r
  U74/CO (ADDF_X1M_A6P5PP140ZTS_C35)                                0.02      0.05       0.43 r
  n56 (net)                                     1         0.00                0.00       0.43 r
  U76/CO (ADDF_X1M_A6P5PP140ZTS_C35)                                0.02      0.05       0.48 r
  n105 (net)                                    1         0.00                0.00       0.48 r
  U130/CO (ADDF_X1M_A6P5PP140ZTS_C35)                               0.02      0.05       0.52 r
  n107 (net)                                    1         0.00                0.00       0.52 r
  U132/CO (ADDF_X1M_A6P5PP140ZTS_C35)                               0.02      0.05       0.57 r
  n109 (net)                                    1         0.00                0.00       0.57 r
  U134/CO (ADDF_X1M_A6P5PP140ZTS_C35)                               0.02      0.05       0.62 r
  n111 (net)                                    1         0.00                0.00       0.62 r
  U136/CO (ADDF_X1M_A6P5PP140ZTS_C35)                               0.02      0.05       0.67 r
  n113 (net)                                    1         0.00                0.00       0.67 r
  U138/CO (ADDF_X1M_A6P5PP140ZTS_C35)                               0.02      0.05       0.71 r
  n117 (net)                                    1         0.00                0.00       0.71 r
  U143/S (ADDF_X1M_A6P5PP140ZTS_C35)                                0.02      0.06       0.78 f
  n114 (net)                                    1         0.00                0.00       0.78 f
  U139/Y (AO22_X1M_A6P5PP140ZTS_C35)                                0.01      0.04       0.81 f
  n5 (net)                                      1         0.00                0.00       0.81 f
  u_dut/acc_o_reg[15]/D (DFFRPQA_X2M_A6P5PP140ZTS_C35)              0.01      0.00       0.81 f
  data arrival time                                                                      0.81

  clock clk (rise edge)                                                       1.00       1.00
  clock network delay (ideal)                                                 0.00       1.00
  clock uncertainty                                                          -0.05       0.95
  u_dut/acc_o_reg[15]/CK (DFFRPQA_X2M_A6P5PP140ZTS_C35)                       0.00       0.95 r
  library setup time                                                         -0.03       0.92
  data required time                                                                     0.92
  ----------------------------------------------------------------------------------------------
  data required time                                                                     0.92
  data arrival time                                                                     -0.81
  ----------------------------------------------------------------------------------------------
  slack (MET)                                                                            0.10


  Startpoint: u_dut/acc_o_reg[0]
              (rising edge-triggered flip-flop clocked by clk)
  Endpoint: u_dut/acc_o_reg[15]
            (rising edge-triggered flip-flop clocked by clk)
  Path Group: clk
  Path Type: max

  Des/Clust/Port     Wire Load Model       Library
  ------------------------------------------------
  char_top           Zero                  sc6p5mcpp140z_cln22ul_base_svt_c35_tt_typical_max_0p80v_25c

  Point                                       Fanout       Cap     Trans      Incr       Path
  ----------------------------------------------------------------------------------------------
  clock clk (rise edge)                                                       0.00       0.00
  clock network delay (ideal)                                                 0.00       0.00
  u_dut/acc_o_reg[0]/CK (DFFRPQA_X2M_A6P5PP140ZTS_C35)              0.00      0.00       0.00 r
  u_dut/acc_o_reg[0]/Q (DFFRPQA_X2M_A6P5PP140ZTS_C35)               0.03      0.07       0.07 r
  signature_o[0] (net)                          4         0.01                0.00       0.07 r
  U45/Y (NAND2_X1A_A6P5PP140ZTS_C35)                                0.02      0.02       0.09 f
  n38 (net)                                     2         0.00                0.00       0.09 f
  U46/Y (INV_X1M_A6P5PP140ZTS_C35)                                  0.02      0.02       0.11 r
  n44 (net)                                     2         0.00                0.00       0.11 r
  U49/Y (AOI21_X0P5M_A6P5PP140ZTS_C35)                              0.03      0.02       0.13 f
  n30 (net)                                     2         0.00                0.00       0.13 f
  U26/Y (OAI21_X1M_A6P5PP140ZTS_C35)                                0.04      0.03       0.16 r
  n36 (net)                                     2         0.00                0.00       0.16 r
  U58/Y (AO12_X1M_A6P5PP140ZTS_C35)                                 0.02      0.04       0.20 r
  n46 (net)                                     1         0.00                0.00       0.20 r
  U66/CO (ADDF_X1M_A6P5PP140ZTS_C35)                                0.02      0.05       0.24 r
  n48 (net)                                     1         0.00                0.00       0.24 r
  U68/CO (ADDF_X1M_A6P5PP140ZTS_C35)                                0.02      0.05       0.29 r
  n50 (net)                                     1         0.00                0.00       0.29 r
  U70/CO (ADDF_X1M_A6P5PP140ZTS_C35)                                0.02      0.05       0.34 r
  n52 (net)                                     1         0.00                0.00       0.34 r
  U72/CO (ADDF_X1M_A6P5PP140ZTS_C35)                                0.02      0.05       0.38 r
  n54 (net)                                     1         0.00                0.00       0.38 r
  U74/CO (ADDF_X1M_A6P5PP140ZTS_C35)                                0.02      0.05       0.43 r
  n56 (net)                                     1         0.00                0.00       0.43 r
  U76/CO (ADDF_X1M_A6P5PP140ZTS_C35)                                0.02      0.05       0.48 r
  n105 (net)                                    1         0.00                0.00       0.48 r
  U130/CO (ADDF_X1M_A6P5PP140ZTS_C35)                               0.02      0.05       0.52 r
  n107 (net)                                    1         0.00                0.00       0.52 r
  U132/CO (ADDF_X1M_A6P5PP140ZTS_C35)                               0.02      0.05       0.57 r
  n109 (net)                                    1         0.00                0.00       0.57 r
  U134/CO (ADDF_X1M_A6P5PP140ZTS_C35)                               0.02      0.05       0.62 r
  n111 (net)                                    1         0.00                0.00       0.62 r
  U136/CO (ADDF_X1M_A6P5PP140ZTS_C35)                               0.02      0.05       0.67 r
  n113 (net)                                    1         0.00                0.00       0.67 r
  U138/CO (ADDF_X1M_A6P5PP140ZTS_C35)                               0.02      0.05       0.71 r
  n117 (net)                                    1         0.00                0.00       0.71 r
  U143/S (ADDF_X1M_A6P5PP140ZTS_C35)                                0.02      0.06       0.78 f
  n114 (net)                                    1         0.00                0.00       0.78 f
  U139/Y (AO22_X1M_A6P5PP140ZTS_C35)                                0.01      0.04       0.81 f
  n5 (net)                                      1         0.00                0.00       0.81 f
  u_dut/acc_o_reg[15]/D (DFFRPQA_X2M_A6P5PP140ZTS_C35)              0.01      0.00       0.81 f
  data arrival time                                                                      0.81

  clock clk (rise edge)                                                       1.00       1.00
  clock network delay (ideal)                                                 0.00       1.00
  clock uncertainty                                                          -0.05       0.95
  u_dut/acc_o_reg[15]/CK (DFFRPQA_X2M_A6P5PP140ZTS_C35)                       0.00       0.95 r
  library setup time                                                         -0.03       0.92
  data required time                                                                     0.92
  ----------------------------------------------------------------------------------------------
  data required time                                                                     0.92
  data arrival time                                                                     -0.81
  ----------------------------------------------------------------------------------------------
  slack (MET)                                                                            0.10


  Startpoint: u_dut/acc_o_reg[0]
              (rising edge-triggered flip-flop clocked by clk)
  Endpoint: u_dut/acc_o_reg[15]
            (rising edge-triggered flip-flop clocked by clk)
  Path Group: clk
  Path Type: max

  Des/Clust/Port     Wire Load Model       Library
  ------------------------------------------------
  char_top           Zero                  sc6p5mcpp140z_cln22ul_base_svt_c35_tt_typical_max_0p80v_25c

  Point                                       Fanout       Cap     Trans      Incr       Path
  ----------------------------------------------------------------------------------------------
  clock clk (rise edge)                                                       0.00       0.00
  clock network delay (ideal)                                                 0.00       0.00
  u_dut/acc_o_reg[0]/CK (DFFRPQA_X2M_A6P5PP140ZTS_C35)              0.00      0.00       0.00 r
  u_dut/acc_o_reg[0]/Q (DFFRPQA_X2M_A6P5PP140ZTS_C35)               0.03      0.07       0.07 r
  signature_o[0] (net)                          4         0.01                0.00       0.07 r
  U45/Y (NAND2_X1A_A6P5PP140ZTS_C35)                                0.02      0.02       0.09 f
  n38 (net)                                     2         0.00                0.00       0.09 f
  U46/Y (INV_X1M_A6P5PP140ZTS_C35)                                  0.02      0.02       0.11 r
  n44 (net)                                     2         0.00                0.00       0.11 r
  U49/Y (AOI21_X0P5M_A6P5PP140ZTS_C35)                              0.03      0.02       0.13 f
  n30 (net)                                     2         0.00                0.00       0.13 f
  U26/Y (OAI21_X1M_A6P5PP140ZTS_C35)                                0.04      0.03       0.16 r
  n36 (net)                                     2         0.00                0.00       0.16 r
  U58/Y (AO12_X1M_A6P5PP140ZTS_C35)                                 0.02      0.04       0.20 r
  n46 (net)                                     1         0.00                0.00       0.20 r
  U66/CO (ADDF_X1M_A6P5PP140ZTS_C35)                                0.02      0.05       0.24 r
  n48 (net)                                     1         0.00                0.00       0.24 r
  U68/CO (ADDF_X1M_A6P5PP140ZTS_C35)                                0.02      0.05       0.29 r
  n50 (net)                                     1         0.00                0.00       0.29 r
  U70/CO (ADDF_X1M_A6P5PP140ZTS_C35)                                0.02      0.05       0.34 r
  n52 (net)                                     1         0.00                0.00       0.34 r
  U72/CO (ADDF_X1M_A6P5PP140ZTS_C35)                                0.02      0.05       0.38 r
  n54 (net)                                     1         0.00                0.00       0.38 r
  U74/CO (ADDF_X1M_A6P5PP140ZTS_C35)                                0.02      0.05       0.43 r
  n56 (net)                                     1         0.00                0.00       0.43 r
  U76/CO (ADDF_X1M_A6P5PP140ZTS_C35)                                0.02      0.05       0.48 r
  n105 (net)                                    1         0.00                0.00       0.48 r
  U130/CO (ADDF_X1M_A6P5PP140ZTS_C35)                               0.02      0.05       0.52 r
  n107 (net)                                    1         0.00                0.00       0.52 r
  U132/CO (ADDF_X1M_A6P5PP140ZTS_C35)                               0.02      0.05       0.57 r
  n109 (net)                                    1         0.00                0.00       0.57 r
  U134/CO (ADDF_X1M_A6P5PP140ZTS_C35)                               0.02      0.05       0.62 r
  n111 (net)                                    1         0.00                0.00       0.62 r
  U136/CO (ADDF_X1M_A6P5PP140ZTS_C35)                               0.02      0.05       0.67 r
  n113 (net)                                    1         0.00                0.00       0.67 r
  U138/CO (ADDF_X1M_A6P5PP140ZTS_C35)                               0.02      0.05       0.71 r
  n117 (net)                                    1         0.00                0.00       0.71 r
  U143/S (ADDF_X1M_A6P5PP140ZTS_C35)                                0.02      0.06       0.78 f
  n114 (net)                                    1         0.00                0.00       0.78 f
  U139/Y (AO22_X1M_A6P5PP140ZTS_C35)                                0.01      0.04       0.81 f
  n5 (net)                                      1         0.00                0.00       0.81 f
  u_dut/acc_o_reg[15]/D (DFFRPQA_X2M_A6P5PP140ZTS_C35)              0.01      0.00       0.81 f
  data arrival time                                                                      0.81

  clock clk (rise edge)                                                       1.00       1.00
  clock network delay (ideal)                                                 0.00       1.00
  clock uncertainty                                                          -0.05       0.95
  u_dut/acc_o_reg[15]/CK (DFFRPQA_X2M_A6P5PP140ZTS_C35)                       0.00       0.95 r
  library setup time                                                         -0.03       0.92
  data required time                                                                     0.92
  ----------------------------------------------------------------------------------------------
  data required time                                                                     0.92
  data arrival time                                                                     -0.81
  ----------------------------------------------------------------------------------------------
  slack (MET)                                                                            0.10


  Startpoint: u_dut/acc_o_reg[0]
              (rising edge-triggered flip-flop clocked by clk)
  Endpoint: u_dut/acc_o_reg[14]
            (rising edge-triggered flip-flop clocked by clk)
  Path Group: clk
  Path Type: max

  Des/Clust/Port     Wire Load Model       Library
  ------------------------------------------------
  char_top           Zero                  sc6p5mcpp140z_cln22ul_base_svt_c35_tt_typical_max_0p80v_25c

  Point                                       Fanout       Cap     Trans      Incr       Path
  ----------------------------------------------------------------------------------------------
  clock clk (rise edge)                                                       0.00       0.00
  clock network delay (ideal)                                                 0.00       0.00
  u_dut/acc_o_reg[0]/CK (DFFRPQA_X2M_A6P5PP140ZTS_C35)              0.00      0.00       0.00 r
  u_dut/acc_o_reg[0]/Q (DFFRPQA_X2M_A6P5PP140ZTS_C35)               0.03      0.07       0.07 r
  signature_o[0] (net)                          4         0.01                0.00       0.07 r
  U45/Y (NAND2_X1A_A6P5PP140ZTS_C35)                                0.02      0.02       0.09 f
  n38 (net)                                     2         0.00                0.00       0.09 f
  U46/Y (INV_X1M_A6P5PP140ZTS_C35)                                  0.02      0.02       0.11 r
  n44 (net)                                     2         0.00                0.00       0.11 r
  U49/Y (AOI21_X0P5M_A6P5PP140ZTS_C35)                              0.03      0.02       0.13 f
  n30 (net)                                     2         0.00                0.00       0.13 f
  U26/Y (OAI21_X1M_A6P5PP140ZTS_C35)                                0.04      0.03       0.16 r
  n36 (net)                                     2         0.00                0.00       0.16 r
  U58/Y (AO12_X1M_A6P5PP140ZTS_C35)                                 0.02      0.04       0.20 r
  n46 (net)                                     1         0.00                0.00       0.20 r
  U66/CO (ADDF_X1M_A6P5PP140ZTS_C35)                                0.02      0.05       0.24 r
  n48 (net)                                     1         0.00                0.00       0.24 r
  U68/CO (ADDF_X1M_A6P5PP140ZTS_C35)                                0.02      0.05       0.29 r
  n50 (net)                                     1         0.00                0.00       0.29 r
  U70/CO (ADDF_X1M_A6P5PP140ZTS_C35)                                0.02      0.05       0.34 r
  n52 (net)                                     1         0.00                0.00       0.34 r
  U72/CO (ADDF_X1M_A6P5PP140ZTS_C35)                                0.02      0.05       0.38 r
  n54 (net)                                     1         0.00                0.00       0.38 r
  U74/CO (ADDF_X1M_A6P5PP140ZTS_C35)                                0.02      0.05       0.43 r
  n56 (net)                                     1         0.00                0.00       0.43 r
  U76/CO (ADDF_X1M_A6P5PP140ZTS_C35)                                0.02      0.05       0.48 r
  n105 (net)                                    1         0.00                0.00       0.48 r
  U130/CO (ADDF_X1M_A6P5PP140ZTS_C35)                               0.02      0.05       0.52 r
  n107 (net)                                    1         0.00                0.00       0.52 r
  U132/CO (ADDF_X1M_A6P5PP140ZTS_C35)                               0.02      0.05       0.57 r
  n109 (net)                                    1         0.00                0.00       0.57 r
  U134/CO (ADDF_X1M_A6P5PP140ZTS_C35)                               0.02      0.05       0.62 r
  n111 (net)                                    1         0.00                0.00       0.62 r
  U136/CO (ADDF_X1M_A6P5PP140ZTS_C35)                               0.02      0.05       0.67 r
  n113 (net)                                    1         0.00                0.00       0.67 r
  U138/S (ADDF_X1M_A6P5PP140ZTS_C35)                                0.02      0.06       0.73 f
  n112 (net)                                    1         0.00                0.00       0.73 f
  U137/Y (AO22_X1M_A6P5PP140ZTS_C35)                                0.01      0.04       0.77 f
  n6 (net)                                      1         0.00                0.00       0.77 f
  u_dut/acc_o_reg[14]/D (DFFRPQA_X2M_A6P5PP140ZTS_C35)              0.01      0.00       0.77 f
  data arrival time                                                                      0.77

  clock clk (rise edge)                                                       1.00       1.00
  clock network delay (ideal)                                                 0.00       1.00
  clock uncertainty                                                          -0.05       0.95
  u_dut/acc_o_reg[14]/CK (DFFRPQA_X2M_A6P5PP140ZTS_C35)                       0.00       0.95 r
  library setup time                                                         -0.03       0.92
  data required time                                                                     0.92
  ----------------------------------------------------------------------------------------------
  data required time                                                                     0.92
  data arrival time                                                                     -0.77
  ----------------------------------------------------------------------------------------------
  slack (MET)                                                                            0.15


  Startpoint: u_dut/acc_o_reg[0]
              (rising edge-triggered flip-flop clocked by clk)
  Endpoint: u_dut/acc_o_reg[14]
            (rising edge-triggered flip-flop clocked by clk)
  Path Group: clk
  Path Type: max

  Des/Clust/Port     Wire Load Model       Library
  ------------------------------------------------
  char_top           Zero                  sc6p5mcpp140z_cln22ul_base_svt_c35_tt_typical_max_0p80v_25c

  Point                                       Fanout       Cap     Trans      Incr       Path
  ----------------------------------------------------------------------------------------------
  clock clk (rise edge)                                                       0.00       0.00
  clock network delay (ideal)                                                 0.00       0.00
  u_dut/acc_o_reg[0]/CK (DFFRPQA_X2M_A6P5PP140ZTS_C35)              0.00      0.00       0.00 r
  u_dut/acc_o_reg[0]/Q (DFFRPQA_X2M_A6P5PP140ZTS_C35)               0.03      0.07       0.07 r
  signature_o[0] (net)                          4         0.01                0.00       0.07 r
  U45/Y (NAND2_X1A_A6P5PP140ZTS_C35)                                0.02      0.02       0.09 f
  n38 (net)                                     2         0.00                0.00       0.09 f
  U46/Y (INV_X1M_A6P5PP140ZTS_C35)                                  0.02      0.02       0.11 r
  n44 (net)                                     2         0.00                0.00       0.11 r
  U49/Y (AOI21_X0P5M_A6P5PP140ZTS_C35)                              0.03      0.02       0.13 f
  n30 (net)                                     2         0.00                0.00       0.13 f
  U26/Y (OAI21_X1M_A6P5PP140ZTS_C35)                                0.04      0.03       0.16 r
  n36 (net)                                     2         0.00                0.00       0.16 r
  U58/Y (AO12_X1M_A6P5PP140ZTS_C35)                                 0.02      0.04       0.20 r
  n46 (net)                                     1         0.00                0.00       0.20 r
  U66/CO (ADDF_X1M_A6P5PP140ZTS_C35)                                0.02      0.04       0.24 r
  n48 (net)                                     1         0.00                0.00       0.24 r
  U68/CO (ADDF_X1M_A6P5PP140ZTS_C35)                                0.02      0.05       0.29 r
  n50 (net)                                     1         0.00                0.00       0.29 r
  U70/CO (ADDF_X1M_A6P5PP140ZTS_C35)                                0.02      0.05       0.34 r
  n52 (net)                                     1         0.00                0.00       0.34 r
  U72/CO (ADDF_X1M_A6P5PP140ZTS_C35)                                0.02      0.05       0.38 r
  n54 (net)                                     1         0.00                0.00       0.38 r
  U74/CO (ADDF_X1M_A6P5PP140ZTS_C35)                                0.02      0.05       0.43 r
  n56 (net)                                     1         0.00                0.00       0.43 r
  U76/CO (ADDF_X1M_A6P5PP140ZTS_C35)                                0.02      0.05       0.48 r
  n105 (net)                                    1         0.00                0.00       0.48 r
  U130/CO (ADDF_X1M_A6P5PP140ZTS_C35)                               0.02      0.05       0.52 r
  n107 (net)                                    1         0.00                0.00       0.52 r
  U132/CO (ADDF_X1M_A6P5PP140ZTS_C35)                               0.02      0.05       0.57 r
  n109 (net)                                    1         0.00                0.00       0.57 r
  U134/CO (ADDF_X1M_A6P5PP140ZTS_C35)                               0.02      0.05       0.62 r
  n111 (net)                                    1         0.00                0.00       0.62 r
  U136/CO (ADDF_X1M_A6P5PP140ZTS_C35)                               0.02      0.05       0.67 r
  n113 (net)                                    1         0.00                0.00       0.67 r
  U138/S (ADDF_X1M_A6P5PP140ZTS_C35)                                0.02      0.06       0.73 f
  n112 (net)                                    1         0.00                0.00       0.73 f
  U137/Y (AO22_X1M_A6P5PP140ZTS_C35)                                0.01      0.04       0.77 f
  n6 (net)                                      1         0.00                0.00       0.77 f
  u_dut/acc_o_reg[14]/D (DFFRPQA_X2M_A6P5PP140ZTS_C35)              0.01      0.00       0.77 f
  data arrival time                                                                      0.77

  clock clk (rise edge)                                                       1.00       1.00
  clock network delay (ideal)                                                 0.00       1.00
  clock uncertainty                                                          -0.05       0.95
  u_dut/acc_o_reg[14]/CK (DFFRPQA_X2M_A6P5PP140ZTS_C35)                       0.00       0.95 r
  library setup time                                                         -0.03       0.92
  data required time                                                                     0.92
  ----------------------------------------------------------------------------------------------
  data required time                                                                     0.92
  data arrival time                                                                     -0.77
  ----------------------------------------------------------------------------------------------
  slack (MET)                                                                            0.15


  Startpoint: u_dut/acc_o_reg[0]
              (rising edge-triggered flip-flop clocked by clk)
  Endpoint: u_dut/acc_o_reg[14]
            (rising edge-triggered flip-flop clocked by clk)
  Path Group: clk
  Path Type: max

  Des/Clust/Port     Wire Load Model       Library
  ------------------------------------------------
  char_top           Zero                  sc6p5mcpp140z_cln22ul_base_svt_c35_tt_typical_max_0p80v_25c

  Point                                       Fanout       Cap     Trans      Incr       Path
  ----------------------------------------------------------------------------------------------
  clock clk (rise edge)                                                       0.00       0.00
  clock network delay (ideal)                                                 0.00       0.00
  u_dut/acc_o_reg[0]/CK (DFFRPQA_X2M_A6P5PP140ZTS_C35)              0.00      0.00       0.00 r
  u_dut/acc_o_reg[0]/Q (DFFRPQA_X2M_A6P5PP140ZTS_C35)               0.03      0.07       0.07 r
  signature_o[0] (net)                          4         0.01                0.00       0.07 r
  U45/Y (NAND2_X1A_A6P5PP140ZTS_C35)                                0.02      0.02       0.09 f
  n38 (net)                                     2         0.00                0.00       0.09 f
  U46/Y (INV_X1M_A6P5PP140ZTS_C35)                                  0.02      0.02       0.11 r
  n44 (net)                                     2         0.00                0.00       0.11 r
  U49/Y (AOI21_X0P5M_A6P5PP140ZTS_C35)                              0.03      0.02       0.13 f
  n30 (net)                                     2         0.00                0.00       0.13 f
  U26/Y (OAI21_X1M_A6P5PP140ZTS_C35)                                0.04      0.03       0.16 r
  n36 (net)                                     2         0.00                0.00       0.16 r
  U58/Y (AO12_X1M_A6P5PP140ZTS_C35)                                 0.02      0.04       0.20 r
  n46 (net)                                     1         0.00                0.00       0.20 r
  U66/CO (ADDF_X1M_A6P5PP140ZTS_C35)                                0.02      0.05       0.24 r
  n48 (net)                                     1         0.00                0.00       0.24 r
  U68/CO (ADDF_X1M_A6P5PP140ZTS_C35)                                0.02      0.05       0.29 r
  n50 (net)                                     1         0.00                0.00       0.29 r
  U70/CO (ADDF_X1M_A6P5PP140ZTS_C35)                                0.02      0.05       0.34 r
  n52 (net)                                     1         0.00                0.00       0.34 r
  U72/CO (ADDF_X1M_A6P5PP140ZTS_C35)                                0.02      0.05       0.38 r
  n54 (net)                                     1         0.00                0.00       0.38 r
  U74/CO (ADDF_X1M_A6P5PP140ZTS_C35)                                0.02      0.05       0.43 r
  n56 (net)                                     1         0.00                0.00       0.43 r
  U76/CO (ADDF_X1M_A6P5PP140ZTS_C35)                                0.02      0.05       0.48 r
  n105 (net)                                    1         0.00                0.00       0.48 r
  U130/CO (ADDF_X1M_A6P5PP140ZTS_C35)                               0.02      0.05       0.52 r
  n107 (net)                                    1         0.00                0.00       0.52 r
  U132/CO (ADDF_X1M_A6P5PP140ZTS_C35)                               0.02      0.05       0.57 r
  n109 (net)                                    1         0.00                0.00       0.57 r
  U134/CO (ADDF_X1M_A6P5PP140ZTS_C35)                               0.02      0.05       0.62 r
  n111 (net)                                    1         0.00                0.00       0.62 r
  U136/CO (ADDF_X1M_A6P5PP140ZTS_C35)                               0.02      0.05       0.67 r
  n113 (net)                                    1         0.00                0.00       0.67 r
  U138/S (ADDF_X1M_A6P5PP140ZTS_C35)                                0.02      0.06       0.73 f
  n112 (net)                                    1         0.00                0.00       0.73 f
  U137/Y (AO22_X1M_A6P5PP140ZTS_C35)                                0.01      0.04       0.77 f
  n6 (net)                                      1         0.00                0.00       0.77 f
  u_dut/acc_o_reg[14]/D (DFFRPQA_X2M_A6P5PP140ZTS_C35)              0.01      0.00       0.77 f
  data arrival time                                                                      0.77

  clock clk (rise edge)                                                       1.00       1.00
  clock network delay (ideal)                                                 0.00       1.00
  clock uncertainty                                                          -0.05       0.95
  u_dut/acc_o_reg[14]/CK (DFFRPQA_X2M_A6P5PP140ZTS_C35)                       0.00       0.95 r
  library setup time                                                         -0.03       0.92
  data required time                                                                     0.92
  ----------------------------------------------------------------------------------------------
  data required time                                                                     0.92
  data arrival time                                                                     -0.77
  ----------------------------------------------------------------------------------------------
  slack (MET)                                                                            0.15


  Startpoint: u_dut/acc_o_reg[0]
              (rising edge-triggered flip-flop clocked by clk)
  Endpoint: u_dut/acc_o_reg[14]
            (rising edge-triggered flip-flop clocked by clk)
  Path Group: clk
  Path Type: max

  Des/Clust/Port     Wire Load Model       Library
  ------------------------------------------------
  char_top           Zero                  sc6p5mcpp140z_cln22ul_base_svt_c35_tt_typical_max_0p80v_25c

  Point                                       Fanout       Cap     Trans      Incr       Path
  ----------------------------------------------------------------------------------------------
  clock clk (rise edge)                                                       0.00       0.00
  clock network delay (ideal)                                                 0.00       0.00
  u_dut/acc_o_reg[0]/CK (DFFRPQA_X2M_A6P5PP140ZTS_C35)              0.00      0.00       0.00 r
  u_dut/acc_o_reg[0]/Q (DFFRPQA_X2M_A6P5PP140ZTS_C35)               0.03      0.07       0.07 r
  signature_o[0] (net)                          4         0.01                0.00       0.07 r
  U45/Y (NAND2_X1A_A6P5PP140ZTS_C35)                                0.02      0.02       0.09 f
  n38 (net)                                     2         0.00                0.00       0.09 f
  U46/Y (INV_X1M_A6P5PP140ZTS_C35)                                  0.02      0.02       0.11 r
  n44 (net)                                     2         0.00                0.00       0.11 r
  U49/Y (AOI21_X0P5M_A6P5PP140ZTS_C35)                              0.03      0.02       0.13 f
  n30 (net)                                     2         0.00                0.00       0.13 f
  U26/Y (OAI21_X1M_A6P5PP140ZTS_C35)                                0.04      0.03       0.16 r
  n36 (net)                                     2         0.00                0.00       0.16 r
  U58/Y (AO12_X1M_A6P5PP140ZTS_C35)                                 0.02      0.04       0.20 r
  n46 (net)                                     1         0.00                0.00       0.20 r
  U66/CO (ADDF_X1M_A6P5PP140ZTS_C35)                                0.02      0.05       0.24 r
  n48 (net)                                     1         0.00                0.00       0.24 r
  U68/CO (ADDF_X1M_A6P5PP140ZTS_C35)                                0.02      0.05       0.29 r
  n50 (net)                                     1         0.00                0.00       0.29 r
  U70/CO (ADDF_X1M_A6P5PP140ZTS_C35)                                0.02      0.05       0.34 r
  n52 (net)                                     1         0.00                0.00       0.34 r
  U72/CO (ADDF_X1M_A6P5PP140ZTS_C35)                                0.02      0.05       0.38 r
  n54 (net)                                     1         0.00                0.00       0.38 r
  U74/CO (ADDF_X1M_A6P5PP140ZTS_C35)                                0.02      0.05       0.43 r
  n56 (net)                                     1         0.00                0.00       0.43 r
  U76/CO (ADDF_X1M_A6P5PP140ZTS_C35)                                0.02      0.05       0.48 r
  n105 (net)                                    1         0.00                0.00       0.48 r
  U130/CO (ADDF_X1M_A6P5PP140ZTS_C35)                               0.02      0.05       0.52 r
  n107 (net)                                    1         0.00                0.00       0.52 r
  U132/CO (ADDF_X1M_A6P5PP140ZTS_C35)                               0.02      0.05       0.57 r
  n109 (net)                                    1         0.00                0.00       0.57 r
  U134/CO (ADDF_X1M_A6P5PP140ZTS_C35)                               0.02      0.05       0.62 r
  n111 (net)                                    1         0.00                0.00       0.62 r
  U136/CO (ADDF_X1M_A6P5PP140ZTS_C35)                               0.02      0.05       0.67 r
  n113 (net)                                    1         0.00                0.00       0.67 r
  U138/S (ADDF_X1M_A6P5PP140ZTS_C35)                                0.02      0.06       0.73 f
  n112 (net)                                    1         0.00                0.00       0.73 f
  U137/Y (AO22_X1M_A6P5PP140ZTS_C35)                                0.01      0.04       0.77 f
  n6 (net)                                      1         0.00                0.00       0.77 f
  u_dut/acc_o_reg[14]/D (DFFRPQA_X2M_A6P5PP140ZTS_C35)              0.01      0.00       0.77 f
  data arrival time                                                                      0.77

  clock clk (rise edge)                                                       1.00       1.00
  clock network delay (ideal)                                                 0.00       1.00
  clock uncertainty                                                          -0.05       0.95
  u_dut/acc_o_reg[14]/CK (DFFRPQA_X2M_A6P5PP140ZTS_C35)                       0.00       0.95 r
  library setup time                                                         -0.03       0.92
  data required time                                                                     0.92
  ----------------------------------------------------------------------------------------------
  data required time                                                                     0.92
  data arrival time                                                                     -0.77
  ----------------------------------------------------------------------------------------------
  slack (MET)                                                                            0.15


  Startpoint: u_dut/acc_o_reg[0]
              (rising edge-triggered flip-flop clocked by clk)
  Endpoint: u_dut/acc_o_reg[14]
            (rising edge-triggered flip-flop clocked by clk)
  Path Group: clk
  Path Type: max

  Des/Clust/Port     Wire Load Model       Library
  ------------------------------------------------
  char_top           Zero                  sc6p5mcpp140z_cln22ul_base_svt_c35_tt_typical_max_0p80v_25c

  Point                                       Fanout       Cap     Trans      Incr       Path
  ----------------------------------------------------------------------------------------------
  clock clk (rise edge)                                                       0.00       0.00
  clock network delay (ideal)                                                 0.00       0.00
  u_dut/acc_o_reg[0]/CK (DFFRPQA_X2M_A6P5PP140ZTS_C35)              0.00      0.00       0.00 r
  u_dut/acc_o_reg[0]/Q (DFFRPQA_X2M_A6P5PP140ZTS_C35)               0.03      0.07       0.07 r
  signature_o[0] (net)                          4         0.01                0.00       0.07 r
  U45/Y (NAND2_X1A_A6P5PP140ZTS_C35)                                0.02      0.02       0.09 f
  n38 (net)                                     2         0.00                0.00       0.09 f
  U46/Y (INV_X1M_A6P5PP140ZTS_C35)                                  0.02      0.02       0.11 r
  n44 (net)                                     2         0.00                0.00       0.11 r
  U49/Y (AOI21_X0P5M_A6P5PP140ZTS_C35)                              0.03      0.02       0.13 f
  n30 (net)                                     2         0.00                0.00       0.13 f
  U26/Y (OAI21_X1M_A6P5PP140ZTS_C35)                                0.04      0.03       0.16 r
  n36 (net)                                     2         0.00                0.00       0.16 r
  U58/Y (AO12_X1M_A6P5PP140ZTS_C35)                                 0.02      0.04       0.20 r
  n46 (net)                                     1         0.00                0.00       0.20 r
  U66/CO (ADDF_X1M_A6P5PP140ZTS_C35)                                0.02      0.05       0.24 r
  n48 (net)                                     1         0.00                0.00       0.24 r
  U68/CO (ADDF_X1M_A6P5PP140ZTS_C35)                                0.02      0.05       0.29 r
  n50 (net)                                     1         0.00                0.00       0.29 r
  U70/CO (ADDF_X1M_A6P5PP140ZTS_C35)                                0.02      0.05       0.34 r
  n52 (net)                                     1         0.00                0.00       0.34 r
  U72/CO (ADDF_X1M_A6P5PP140ZTS_C35)                                0.02      0.05       0.38 r
  n54 (net)                                     1         0.00                0.00       0.38 r
  U74/CO (ADDF_X1M_A6P5PP140ZTS_C35)                                0.02      0.05       0.43 r
  n56 (net)                                     1         0.00                0.00       0.43 r
  U76/CO (ADDF_X1M_A6P5PP140ZTS_C35)                                0.02      0.05       0.48 r
  n105 (net)                                    1         0.00                0.00       0.48 r
  U130/CO (ADDF_X1M_A6P5PP140ZTS_C35)                               0.02      0.05       0.52 r
  n107 (net)                                    1         0.00                0.00       0.52 r
  U132/CO (ADDF_X1M_A6P5PP140ZTS_C35)                               0.02      0.05       0.57 r
  n109 (net)                                    1         0.00                0.00       0.57 r
  U134/CO (ADDF_X1M_A6P5PP140ZTS_C35)                               0.02      0.05       0.62 r
  n111 (net)                                    1         0.00                0.00       0.62 r
  U136/CO (ADDF_X1M_A6P5PP140ZTS_C35)                               0.02      0.05       0.67 r
  n113 (net)                                    1         0.00                0.00       0.67 r
  U138/S (ADDF_X1M_A6P5PP140ZTS_C35)                                0.02      0.06       0.73 f
  n112 (net)                                    1         0.00                0.00       0.73 f
  U137/Y (AO22_X1M_A6P5PP140ZTS_C35)                                0.01      0.04       0.77 f
  n6 (net)                                      1         0.00                0.00       0.77 f
  u_dut/acc_o_reg[14]/D (DFFRPQA_X2M_A6P5PP140ZTS_C35)              0.01      0.00       0.77 f
  data arrival time                                                                      0.77

  clock clk (rise edge)                                                       1.00       1.00
  clock network delay (ideal)                                                 0.00       1.00
  clock uncertainty                                                          -0.05       0.95
  u_dut/acc_o_reg[14]/CK (DFFRPQA_X2M_A6P5PP140ZTS_C35)                       0.00       0.95 r
  library setup time                                                         -0.03       0.92
  data required time                                                                     0.92
  ----------------------------------------------------------------------------------------------
  data required time                                                                     0.92
  data arrival time                                                                     -0.77
  ----------------------------------------------------------------------------------------------
  slack (MET)                                                                            0.15


  Startpoint: u_dut/acc_o_reg[0]
              (rising edge-triggered flip-flop clocked by clk)
  Endpoint: u_dut/acc_o_reg[13]
            (rising edge-triggered flip-flop clocked by clk)
  Path Group: clk
  Path Type: max

  Des/Clust/Port     Wire Load Model       Library
  ------------------------------------------------
  char_top           Zero                  sc6p5mcpp140z_cln22ul_base_svt_c35_tt_typical_max_0p80v_25c

  Point                                       Fanout       Cap     Trans      Incr       Path
  ----------------------------------------------------------------------------------------------
  clock clk (rise edge)                                                       0.00       0.00
  clock network delay (ideal)                                                 0.00       0.00
  u_dut/acc_o_reg[0]/CK (DFFRPQA_X2M_A6P5PP140ZTS_C35)              0.00      0.00       0.00 r
  u_dut/acc_o_reg[0]/Q (DFFRPQA_X2M_A6P5PP140ZTS_C35)               0.03      0.07       0.07 r
  signature_o[0] (net)                          4         0.01                0.00       0.07 r
  U45/Y (NAND2_X1A_A6P5PP140ZTS_C35)                                0.02      0.02       0.09 f
  n38 (net)                                     2         0.00                0.00       0.09 f
  U46/Y (INV_X1M_A6P5PP140ZTS_C35)                                  0.02      0.02       0.11 r
  n44 (net)                                     2         0.00                0.00       0.11 r
  U49/Y (AOI21_X0P5M_A6P5PP140ZTS_C35)                              0.03      0.02       0.13 f
  n30 (net)                                     2         0.00                0.00       0.13 f
  U26/Y (OAI21_X1M_A6P5PP140ZTS_C35)                                0.04      0.03       0.16 r
  n36 (net)                                     2         0.00                0.00       0.16 r
  U58/Y (AO12_X1M_A6P5PP140ZTS_C35)                                 0.02      0.04       0.20 r
  n46 (net)                                     1         0.00                0.00       0.20 r
  U66/CO (ADDF_X1M_A6P5PP140ZTS_C35)                                0.02      0.05       0.24 r
  n48 (net)                                     1         0.00                0.00       0.24 r
  U68/CO (ADDF_X1M_A6P5PP140ZTS_C35)                                0.02      0.05       0.29 r
  n50 (net)                                     1         0.00                0.00       0.29 r
  U70/CO (ADDF_X1M_A6P5PP140ZTS_C35)                                0.02      0.05       0.34 r
  n52 (net)                                     1         0.00                0.00       0.34 r
  U72/CO (ADDF_X1M_A6P5PP140ZTS_C35)                                0.02      0.05       0.38 r
  n54 (net)                                     1         0.00                0.00       0.38 r
  U74/CO (ADDF_X1M_A6P5PP140ZTS_C35)                                0.02      0.05       0.43 r
  n56 (net)                                     1         0.00                0.00       0.43 r
  U76/CO (ADDF_X1M_A6P5PP140ZTS_C35)                                0.02      0.05       0.48 r
  n105 (net)                                    1         0.00                0.00       0.48 r
  U130/CO (ADDF_X1M_A6P5PP140ZTS_C35)                               0.02      0.05       0.52 r
  n107 (net)                                    1         0.00                0.00       0.52 r
  U132/CO (ADDF_X1M_A6P5PP140ZTS_C35)                               0.02      0.05       0.57 r
  n109 (net)                                    1         0.00                0.00       0.57 r
  U134/CO (ADDF_X1M_A6P5PP140ZTS_C35)                               0.02      0.05       0.62 r
  n111 (net)                                    1         0.00                0.00       0.62 r
  U136/S (ADDF_X1M_A6P5PP140ZTS_C35)                                0.02      0.06       0.68 f
  n110 (net)                                    1         0.00                0.00       0.68 f
  U135/Y (AO22_X1M_A6P5PP140ZTS_C35)                                0.01      0.04       0.72 f
  n7 (net)                                      1         0.00                0.00       0.72 f
  u_dut/acc_o_reg[13]/D (DFFRPQA_X1M_A6P5PP140ZTS_C35)              0.01      0.00       0.72 f
  data arrival time                                                                      0.72

  clock clk (rise edge)                                                       1.00       1.00
  clock network delay (ideal)                                                 0.00       1.00
  clock uncertainty                                                          -0.05       0.95
  u_dut/acc_o_reg[13]/CK (DFFRPQA_X1M_A6P5PP140ZTS_C35)                       0.00       0.95 r
  library setup time                                                         -0.04       0.91
  data required time                                                                     0.91
  ----------------------------------------------------------------------------------------------
  data required time                                                                     0.91
  data arrival time                                                                     -0.72
  ----------------------------------------------------------------------------------------------
  slack (MET)                                                                            0.20


  Startpoint: u_dut/acc_o_reg[0]
              (rising edge-triggered flip-flop clocked by clk)
  Endpoint: u_dut/acc_o_reg[13]
            (rising edge-triggered flip-flop clocked by clk)
  Path Group: clk
  Path Type: max

  Des/Clust/Port     Wire Load Model       Library
  ------------------------------------------------
  char_top           Zero                  sc6p5mcpp140z_cln22ul_base_svt_c35_tt_typical_max_0p80v_25c

  Point                                       Fanout       Cap     Trans      Incr       Path
  ----------------------------------------------------------------------------------------------
  clock clk (rise edge)                                                       0.00       0.00
  clock network delay (ideal)                                                 0.00       0.00
  u_dut/acc_o_reg[0]/CK (DFFRPQA_X2M_A6P5PP140ZTS_C35)              0.00      0.00       0.00 r
  u_dut/acc_o_reg[0]/Q (DFFRPQA_X2M_A6P5PP140ZTS_C35)               0.03      0.07       0.07 r
  signature_o[0] (net)                          4         0.01                0.00       0.07 r
  U45/Y (NAND2_X1A_A6P5PP140ZTS_C35)                                0.02      0.02       0.09 f
  n38 (net)                                     2         0.00                0.00       0.09 f
  U46/Y (INV_X1M_A6P5PP140ZTS_C35)                                  0.02      0.02       0.11 r
  n44 (net)                                     2         0.00                0.00       0.11 r
  U49/Y (AOI21_X0P5M_A6P5PP140ZTS_C35)                              0.03      0.02       0.13 f
  n30 (net)                                     2         0.00                0.00       0.13 f
  U26/Y (OAI21_X1M_A6P5PP140ZTS_C35)                                0.04      0.03       0.16 r
  n36 (net)                                     2         0.00                0.00       0.16 r
  U58/Y (AO12_X1M_A6P5PP140ZTS_C35)                                 0.02      0.04       0.20 r
  n46 (net)                                     1         0.00                0.00       0.20 r
  U66/CO (ADDF_X1M_A6P5PP140ZTS_C35)                                0.02      0.04       0.24 r
  n48 (net)                                     1         0.00                0.00       0.24 r
  U68/CO (ADDF_X1M_A6P5PP140ZTS_C35)                                0.02      0.05       0.29 r
  n50 (net)                                     1         0.00                0.00       0.29 r
  U70/CO (ADDF_X1M_A6P5PP140ZTS_C35)                                0.02      0.05       0.34 r
  n52 (net)                                     1         0.00                0.00       0.34 r
  U72/CO (ADDF_X1M_A6P5PP140ZTS_C35)                                0.02      0.05       0.38 r
  n54 (net)                                     1         0.00                0.00       0.38 r
  U74/CO (ADDF_X1M_A6P5PP140ZTS_C35)                                0.02      0.05       0.43 r
  n56 (net)                                     1         0.00                0.00       0.43 r
  U76/CO (ADDF_X1M_A6P5PP140ZTS_C35)                                0.02      0.05       0.48 r
  n105 (net)                                    1         0.00                0.00       0.48 r
  U130/CO (ADDF_X1M_A6P5PP140ZTS_C35)                               0.02      0.05       0.52 r
  n107 (net)                                    1         0.00                0.00       0.52 r
  U132/CO (ADDF_X1M_A6P5PP140ZTS_C35)                               0.02      0.05       0.57 r
  n109 (net)                                    1         0.00                0.00       0.57 r
  U134/CO (ADDF_X1M_A6P5PP140ZTS_C35)                               0.02      0.05       0.62 r
  n111 (net)                                    1         0.00                0.00       0.62 r
  U136/S (ADDF_X1M_A6P5PP140ZTS_C35)                                0.02      0.06       0.68 f
  n110 (net)                                    1         0.00                0.00       0.68 f
  U135/Y (AO22_X1M_A6P5PP140ZTS_C35)                                0.01      0.04       0.72 f
  n7 (net)                                      1         0.00                0.00       0.72 f
  u_dut/acc_o_reg[13]/D (DFFRPQA_X1M_A6P5PP140ZTS_C35)              0.01      0.00       0.72 f
  data arrival time                                                                      0.72

  clock clk (rise edge)                                                       1.00       1.00
  clock network delay (ideal)                                                 0.00       1.00
  clock uncertainty                                                          -0.05       0.95
  u_dut/acc_o_reg[13]/CK (DFFRPQA_X1M_A6P5PP140ZTS_C35)                       0.00       0.95 r
  library setup time                                                         -0.04       0.91
  data required time                                                                     0.91
  ----------------------------------------------------------------------------------------------
  data required time                                                                     0.91
  data arrival time                                                                     -0.72
  ----------------------------------------------------------------------------------------------
  slack (MET)                                                                            0.20


  Startpoint: u_dut/acc_o_reg[0]
              (rising edge-triggered flip-flop clocked by clk)
  Endpoint: u_dut/acc_o_reg[13]
            (rising edge-triggered flip-flop clocked by clk)
  Path Group: clk
  Path Type: max

  Des/Clust/Port     Wire Load Model       Library
  ------------------------------------------------
  char_top           Zero                  sc6p5mcpp140z_cln22ul_base_svt_c35_tt_typical_max_0p80v_25c

  Point                                       Fanout       Cap     Trans      Incr       Path
  ----------------------------------------------------------------------------------------------
  clock clk (rise edge)                                                       0.00       0.00
  clock network delay (ideal)                                                 0.00       0.00
  u_dut/acc_o_reg[0]/CK (DFFRPQA_X2M_A6P5PP140ZTS_C35)              0.00      0.00       0.00 r
  u_dut/acc_o_reg[0]/Q (DFFRPQA_X2M_A6P5PP140ZTS_C35)               0.03      0.07       0.07 r
  signature_o[0] (net)                          4         0.01                0.00       0.07 r
  U45/Y (NAND2_X1A_A6P5PP140ZTS_C35)                                0.02      0.02       0.09 f
  n38 (net)                                     2         0.00                0.00       0.09 f
  U46/Y (INV_X1M_A6P5PP140ZTS_C35)                                  0.02      0.02       0.11 r
  n44 (net)                                     2         0.00                0.00       0.11 r
  U49/Y (AOI21_X0P5M_A6P5PP140ZTS_C35)                              0.03      0.02       0.13 f
  n30 (net)                                     2         0.00                0.00       0.13 f
  U26/Y (OAI21_X1M_A6P5PP140ZTS_C35)                                0.04      0.03       0.16 r
  n36 (net)                                     2         0.00                0.00       0.16 r
  U58/Y (AO12_X1M_A6P5PP140ZTS_C35)                                 0.02      0.04       0.20 r
  n46 (net)                                     1         0.00                0.00       0.20 r
  U66/CO (ADDF_X1M_A6P5PP140ZTS_C35)                                0.02      0.05       0.24 r
  n48 (net)                                     1         0.00                0.00       0.24 r
  U68/CO (ADDF_X1M_A6P5PP140ZTS_C35)                                0.02      0.05       0.29 r
  n50 (net)                                     1         0.00                0.00       0.29 r
  U70/CO (ADDF_X1M_A6P5PP140ZTS_C35)                                0.02      0.05       0.34 r
  n52 (net)                                     1         0.00                0.00       0.34 r
  U72/CO (ADDF_X1M_A6P5PP140ZTS_C35)                                0.02      0.05       0.38 r
  n54 (net)                                     1         0.00                0.00       0.38 r
  U74/CO (ADDF_X1M_A6P5PP140ZTS_C35)                                0.02      0.05       0.43 r
  n56 (net)                                     1         0.00                0.00       0.43 r
  U76/CO (ADDF_X1M_A6P5PP140ZTS_C35)                                0.02      0.05       0.48 r
  n105 (net)                                    1         0.00                0.00       0.48 r
  U130/CO (ADDF_X1M_A6P5PP140ZTS_C35)                               0.02      0.05       0.52 r
  n107 (net)                                    1         0.00                0.00       0.52 r
  U132/CO (ADDF_X1M_A6P5PP140ZTS_C35)                               0.02      0.05       0.57 r
  n109 (net)                                    1         0.00                0.00       0.57 r
  U134/CO (ADDF_X1M_A6P5PP140ZTS_C35)                               0.02      0.05       0.62 r
  n111 (net)                                    1         0.00                0.00       0.62 r
  U136/S (ADDF_X1M_A6P5PP140ZTS_C35)                                0.02      0.06       0.68 f
  n110 (net)                                    1         0.00                0.00       0.68 f
  U135/Y (AO22_X1M_A6P5PP140ZTS_C35)                                0.01      0.04       0.72 f
  n7 (net)                                      1         0.00                0.00       0.72 f
  u_dut/acc_o_reg[13]/D (DFFRPQA_X1M_A6P5PP140ZTS_C35)              0.01      0.00       0.72 f
  data arrival time                                                                      0.72

  clock clk (rise edge)                                                       1.00       1.00
  clock network delay (ideal)                                                 0.00       1.00
  clock uncertainty                                                          -0.05       0.95
  u_dut/acc_o_reg[13]/CK (DFFRPQA_X1M_A6P5PP140ZTS_C35)                       0.00       0.95 r
  library setup time                                                         -0.04       0.91
  data required time                                                                     0.91
  ----------------------------------------------------------------------------------------------
  data required time                                                                     0.91
  data arrival time                                                                     -0.72
  ----------------------------------------------------------------------------------------------
  slack (MET)                                                                            0.20


  Startpoint: u_dut/acc_o_reg[0]
              (rising edge-triggered flip-flop clocked by clk)
  Endpoint: u_dut/acc_o_reg[13]
            (rising edge-triggered flip-flop clocked by clk)
  Path Group: clk
  Path Type: max

  Des/Clust/Port     Wire Load Model       Library
  ------------------------------------------------
  char_top           Zero                  sc6p5mcpp140z_cln22ul_base_svt_c35_tt_typical_max_0p80v_25c

  Point                                       Fanout       Cap     Trans      Incr       Path
  ----------------------------------------------------------------------------------------------
  clock clk (rise edge)                                                       0.00       0.00
  clock network delay (ideal)                                                 0.00       0.00
  u_dut/acc_o_reg[0]/CK (DFFRPQA_X2M_A6P5PP140ZTS_C35)              0.00      0.00       0.00 r
  u_dut/acc_o_reg[0]/Q (DFFRPQA_X2M_A6P5PP140ZTS_C35)               0.03      0.07       0.07 r
  signature_o[0] (net)                          4         0.01                0.00       0.07 r
  U45/Y (NAND2_X1A_A6P5PP140ZTS_C35)                                0.02      0.02       0.09 f
  n38 (net)                                     2         0.00                0.00       0.09 f
  U46/Y (INV_X1M_A6P5PP140ZTS_C35)                                  0.02      0.02       0.11 r
  n44 (net)                                     2         0.00                0.00       0.11 r
  U49/Y (AOI21_X0P5M_A6P5PP140ZTS_C35)                              0.03      0.02       0.13 f
  n30 (net)                                     2         0.00                0.00       0.13 f
  U26/Y (OAI21_X1M_A6P5PP140ZTS_C35)                                0.04      0.03       0.16 r
  n36 (net)                                     2         0.00                0.00       0.16 r
  U58/Y (AO12_X1M_A6P5PP140ZTS_C35)                                 0.02      0.04       0.20 r
  n46 (net)                                     1         0.00                0.00       0.20 r
  U66/CO (ADDF_X1M_A6P5PP140ZTS_C35)                                0.02      0.05       0.24 r
  n48 (net)                                     1         0.00                0.00       0.24 r
  U68/CO (ADDF_X1M_A6P5PP140ZTS_C35)                                0.02      0.05       0.29 r
  n50 (net)                                     1         0.00                0.00       0.29 r
  U70/CO (ADDF_X1M_A6P5PP140ZTS_C35)                                0.02      0.05       0.34 r
  n52 (net)                                     1         0.00                0.00       0.34 r
  U72/CO (ADDF_X1M_A6P5PP140ZTS_C35)                                0.02      0.05       0.38 r
  n54 (net)                                     1         0.00                0.00       0.38 r
  U74/CO (ADDF_X1M_A6P5PP140ZTS_C35)                                0.02      0.05       0.43 r
  n56 (net)                                     1         0.00                0.00       0.43 r
  U76/CO (ADDF_X1M_A6P5PP140ZTS_C35)                                0.02      0.05       0.48 r
  n105 (net)                                    1         0.00                0.00       0.48 r
  U130/CO (ADDF_X1M_A6P5PP140ZTS_C35)                               0.02      0.05       0.52 r
  n107 (net)                                    1         0.00                0.00       0.52 r
  U132/CO (ADDF_X1M_A6P5PP140ZTS_C35)                               0.02      0.05       0.57 r
  n109 (net)                                    1         0.00                0.00       0.57 r
  U134/CO (ADDF_X1M_A6P5PP140ZTS_C35)                               0.02      0.05       0.62 r
  n111 (net)                                    1         0.00                0.00       0.62 r
  U136/S (ADDF_X1M_A6P5PP140ZTS_C35)                                0.02      0.06       0.68 f
  n110 (net)                                    1         0.00                0.00       0.68 f
  U135/Y (AO22_X1M_A6P5PP140ZTS_C35)                                0.01      0.04       0.72 f
  n7 (net)                                      1         0.00                0.00       0.72 f
  u_dut/acc_o_reg[13]/D (DFFRPQA_X1M_A6P5PP140ZTS_C35)              0.01      0.00       0.72 f
  data arrival time                                                                      0.72

  clock clk (rise edge)                                                       1.00       1.00
  clock network delay (ideal)                                                 0.00       1.00
  clock uncertainty                                                          -0.05       0.95
  u_dut/acc_o_reg[13]/CK (DFFRPQA_X1M_A6P5PP140ZTS_C35)                       0.00       0.95 r
  library setup time                                                         -0.04       0.91
  data required time                                                                     0.91
  ----------------------------------------------------------------------------------------------
  data required time                                                                     0.91
  data arrival time                                                                     -0.72
  ----------------------------------------------------------------------------------------------
  slack (MET)                                                                            0.20


  Startpoint: u_dut/acc_o_reg[0]
              (rising edge-triggered flip-flop clocked by clk)
  Endpoint: u_dut/acc_o_reg[13]
            (rising edge-triggered flip-flop clocked by clk)
  Path Group: clk
  Path Type: max

  Des/Clust/Port     Wire Load Model       Library
  ------------------------------------------------
  char_top           Zero                  sc6p5mcpp140z_cln22ul_base_svt_c35_tt_typical_max_0p80v_25c

  Point                                       Fanout       Cap     Trans      Incr       Path
  ----------------------------------------------------------------------------------------------
  clock clk (rise edge)                                                       0.00       0.00
  clock network delay (ideal)                                                 0.00       0.00
  u_dut/acc_o_reg[0]/CK (DFFRPQA_X2M_A6P5PP140ZTS_C35)              0.00      0.00       0.00 r
  u_dut/acc_o_reg[0]/Q (DFFRPQA_X2M_A6P5PP140ZTS_C35)               0.03      0.07       0.07 r
  signature_o[0] (net)                          4         0.01                0.00       0.07 r
  U45/Y (NAND2_X1A_A6P5PP140ZTS_C35)                                0.02      0.02       0.09 f
  n38 (net)                                     2         0.00                0.00       0.09 f
  U46/Y (INV_X1M_A6P5PP140ZTS_C35)                                  0.02      0.02       0.11 r
  n44 (net)                                     2         0.00                0.00       0.11 r
  U49/Y (AOI21_X0P5M_A6P5PP140ZTS_C35)                              0.03      0.02       0.13 f
  n30 (net)                                     2         0.00                0.00       0.13 f
  U26/Y (OAI21_X1M_A6P5PP140ZTS_C35)                                0.04      0.03       0.16 r
  n36 (net)                                     2         0.00                0.00       0.16 r
  U58/Y (AO12_X1M_A6P5PP140ZTS_C35)                                 0.02      0.04       0.20 r
  n46 (net)                                     1         0.00                0.00       0.20 r
  U66/CO (ADDF_X1M_A6P5PP140ZTS_C35)                                0.02      0.05       0.24 r
  n48 (net)                                     1         0.00                0.00       0.24 r
  U68/CO (ADDF_X1M_A6P5PP140ZTS_C35)                                0.02      0.05       0.29 r
  n50 (net)                                     1         0.00                0.00       0.29 r
  U70/CO (ADDF_X1M_A6P5PP140ZTS_C35)                                0.02      0.05       0.34 r
  n52 (net)                                     1         0.00                0.00       0.34 r
  U72/CO (ADDF_X1M_A6P5PP140ZTS_C35)                                0.02      0.05       0.38 r
  n54 (net)                                     1         0.00                0.00       0.38 r
  U74/CO (ADDF_X1M_A6P5PP140ZTS_C35)                                0.02      0.05       0.43 r
  n56 (net)                                     1         0.00                0.00       0.43 r
  U76/CO (ADDF_X1M_A6P5PP140ZTS_C35)                                0.02      0.05       0.48 r
  n105 (net)                                    1         0.00                0.00       0.48 r
  U130/CO (ADDF_X1M_A6P5PP140ZTS_C35)                               0.02      0.05       0.52 r
  n107 (net)                                    1         0.00                0.00       0.52 r
  U132/CO (ADDF_X1M_A6P5PP140ZTS_C35)                               0.02      0.05       0.57 r
  n109 (net)                                    1         0.00                0.00       0.57 r
  U134/CO (ADDF_X1M_A6P5PP140ZTS_C35)                               0.02      0.05       0.62 r
  n111 (net)                                    1         0.00                0.00       0.62 r
  U136/S (ADDF_X1M_A6P5PP140ZTS_C35)                                0.02      0.06       0.68 f
  n110 (net)                                    1         0.00                0.00       0.68 f
  U135/Y (AO22_X1M_A6P5PP140ZTS_C35)                                0.01      0.04       0.72 f
  n7 (net)                                      1         0.00                0.00       0.72 f
  u_dut/acc_o_reg[13]/D (DFFRPQA_X1M_A6P5PP140ZTS_C35)              0.01      0.00       0.72 f
  data arrival time                                                                      0.72

  clock clk (rise edge)                                                       1.00       1.00
  clock network delay (ideal)                                                 0.00       1.00
  clock uncertainty                                                          -0.05       0.95
  u_dut/acc_o_reg[13]/CK (DFFRPQA_X1M_A6P5PP140ZTS_C35)                       0.00       0.95 r
  library setup time                                                         -0.04       0.91
  data required time                                                                     0.91
  ----------------------------------------------------------------------------------------------
  data required time                                                                     0.91
  data arrival time                                                                     -0.72
  ----------------------------------------------------------------------------------------------
  slack (MET)                                                                            0.20


1
