 
****************************************
Report : timing
        -path full
        -delay max
        -nworst 5
        -nets
        -max_paths 20
        -transition_time
        -capacitance
Design : char_top
Version: X-2025.06-SP3
Date   : Sun Aug 30 20:56:40 2026
****************************************

Operating Conditions: tt_typical_max_0p80v_25c   Library: sc6p5mcpp140z_cln22ul_base_svt_c35_tt_typical_max_0p80v_25c
Wire Load Model Mode: top

  Startpoint: b_i[2] (input port clocked by clk)
  Endpoint: u_dut/z_o_reg[0]
            (rising edge-triggered flip-flop clocked by clk)
  Path Group: clk
  Path Type: max

  Des/Clust/Port     Wire Load Model       Library
  ------------------------------------------------
  char_top           Zero                  sc6p5mcpp140z_cln22ul_base_svt_c35_tt_typical_max_0p80v_25c

  Point                                       Fanout       Cap     Trans      Incr       Path
  ----------------------------------------------------------------------------------------------
  clock clk (rise edge)                                                       0.00       0.00
  clock network delay (ideal)                                                 0.00       0.00
  input external delay                                                        0.20       0.20 f
  b_i[2] (in)                                                       0.05      0.00       0.20 f
  b_i[2] (net)                                  5         0.00                0.00       0.20 f
  U92/Y (INV_X1M_A6P5PP140ZTS_C35)                                  0.02      0.02       0.22 r
  n43 (net)                                     1         0.00                0.00       0.22 r
  U93/Y (AO12_X1M_A6P5PP140ZTS_C35)                                 0.02      0.03       0.25 r
  n54 (net)                                     1         0.00                0.00       0.25 r
  U110/S (ADDF_X1M_A6P5PP140ZTS_C35)                                0.01      0.06       0.32 f
  n47 (net)                                     1         0.00                0.00       0.32 f
  U99/Y (AND2_X1M_A6P5PP140ZTS_C35)                                 0.02      0.03       0.34 f
  n66 (net)                                     4         0.00                0.00       0.34 f
  U49/Y (AND2_X1M_A6P5PP140ZTS_C35)                                 0.01      0.02       0.37 f
  n26 (net)                                     1         0.00                0.00       0.37 f
  U53/Y (AO12_X1M_A6P5PP140ZTS_C35)                                 0.02      0.04       0.41 f
  n29 (net)                                     1         0.00                0.00       0.41 f
  U30/Y (AOI21_X2M_A6P5PP140ZTS_C35)                                0.10      0.07       0.47 r
  n209 (net)                                   15         0.01                0.00       0.47 r
  U46/Y (MXT2_X1M_A6P5PP140ZTS_C35)                                 0.03      0.07       0.54 f
  n153 (net)                                    5         0.00                0.00       0.54 f
  U135/Y (OR2_X1M_A6P5PP140ZTS_C35)                                 0.02      0.04       0.58 f
  n79 (net)                                     1         0.00                0.00       0.58 f
  U145/CO (ADDF_X1M_A6P5PP140ZTS_C35)                               0.02      0.05       0.63 f
  n73 (net)                                     1         0.00                0.00       0.63 f
  U137/CO (ADDF_X1M_A6P5PP140ZTS_C35)                               0.02      0.04       0.67 f
  n72 (net)                                     1         0.00                0.00       0.67 f
  U76/Y (XOR2_X0P5M_A6P5PP140ZTS_C35)                               0.03      0.03       0.70 f
  n97 (net)                                     3         0.00                0.00       0.70 f
  U158/Y (NOR2XB_X1M_A6P5PP140ZTS_C35)                              0.03      0.03       0.74 r
  n176 (net)                                    3         0.00                0.00       0.74 r
  U159/Y (INV_X1M_A6P5PP140ZTS_C35)                                 0.02      0.02       0.75 f
  n104 (net)                                    3         0.00                0.00       0.75 f
  U161/Y (NOR2_X1A_A6P5PP140ZTS_C35)                                0.02      0.02       0.77 r
  n95 (net)                                     1         0.00                0.00       0.77 r
  U70/Y (XNOR2_X0P5M_A6P5PP140ZTS_C35)                              0.06      0.02       0.80 f
  n40 (net)                                     2         0.00                0.00       0.80 f
  U162/Y (NOR2_X1A_A6P5PP140ZTS_C35)                                0.04      0.04       0.84 r
  n186 (net)                                    2         0.00                0.00       0.84 r
  U79/Y (NAND2_X1A_A6P5PP140ZTS_C35)                                0.03      0.02       0.86 f
  n171 (net)                                    2         0.00                0.00       0.86 f
  U168/Y (NOR2_X1A_A6P5PP140ZTS_C35)                                0.03      0.03       0.89 r
  n169 (net)                                    2         0.00                0.00       0.89 r
  U172/Y (NAND2_X1A_A6P5PP140ZTS_C35)                               0.03      0.02       0.92 f
  n123 (net)                                    2         0.00                0.00       0.92 f
  U174/Y (NOR2_X1A_A6P5PP140ZTS_C35)                                0.03      0.03       0.94 r
  n121 (net)                                    2         0.00                0.00       0.94 r
  U68/Y (AO12_X1M_A6P5PP140ZTS_C35)                                 0.02      0.03       0.98 r
  n38 (net)                                     1         0.00                0.00       0.98 r
  U183/CO (ADDF_X1M_A6P5PP140ZTS_C35)                               0.02      0.05       1.02 r
  n134 (net)                                    1         0.00                0.00       1.02 r
  U188/CO (ADDF_X1M_A6P5PP140ZTS_C35)                               0.02      0.05       1.07 r
  n130 (net)                                    1         0.00                0.00       1.07 r
  U185/CO (ADDF_X1M_A6P5PP140ZTS_C35)                               0.02      0.04       1.11 r
  n119 (net)                                    1         0.00                0.00       1.11 r
  U85/Y (NOR2_X1A_A6P5PP140ZTS_C35)                                 0.03      0.02       1.13 f
  n212 (net)                                    4         0.00                0.00       1.13 f
  U182/Y (NAND2_X1A_A6P5PP140ZTS_C35)                               0.02      0.02       1.15 r
  n129 (net)                                    1         0.00                0.00       1.15 r
  U72/Y (XNOR2_X0P5M_A6P5PP140ZTS_C35)                              0.03      0.02       1.17 f
  n157 (net)                                    2         0.00                0.00       1.17 f
  U184/Y (INV_X1M_A6P5PP140ZTS_C35)                                 0.04      0.03       1.20 r
  n138 (net)                                    6         0.00                0.00       1.20 r
  U192/Y (NAND2_X1A_A6P5PP140ZTS_C35)                               0.02      0.02       1.22 f
  n141 (net)                                    1         0.00                0.00       1.22 f
  U25/Y (OAI21_X1M_A6P5PP140ZTS_C35)                                0.03      0.03       1.24 r
  n142 (net)                                    2         0.00                0.00       1.24 r
  U55/Y (AND2_X1M_A6P5PP140ZTS_C35)                                 0.01      0.03       1.27 r
  n31 (net)                                     1         0.00                0.00       1.27 r
  U198/Y (NOR2_X1A_A6P5PP140ZTS_C35)                                0.01      0.01       1.28 f
  n152 (net)                                    1         0.00                0.00       1.28 f
  U201/Y (NOR2_X1A_A6P5PP140ZTS_C35)                                0.04      0.03       1.31 r
  n194 (net)                                    4         0.00                0.00       1.31 r
  U202/Y (NOR2_X1A_A6P5PP140ZTS_C35)                                0.02      0.02       1.33 f
  n192 (net)                                    3         0.00                0.00       1.33 f
  U211/Y (NAND2_X1A_A6P5PP140ZTS_C35)                               0.01      0.01       1.34 r
  n166 (net)                                    1         0.00                0.00       1.34 r
  U213/Y (NAND2_X1M_A6P5PP140ZTS_C35)                               0.03      0.02       1.36 f
  n179 (net)                                    4         0.00                0.00       1.36 f
  U219/Y (INV_X1M_A6P5PP140ZTS_C35)                                 0.03      0.03       1.39 r
  n265 (net)                                    2         0.00                0.00       1.39 r
  U220/Y (NOR2_X1A_A6P5PP140ZTS_C35)                                0.02      0.02       1.41 f
  n184 (net)                                    3         0.00                0.00       1.41 f
  U27/Y (INV_X1M_A6P5PP140ZTS_C35)                                  0.03      0.03       1.43 r
  n235 (net)                                    5         0.00                0.00       1.43 r
  U233/Y (OAI211_X1M_A6P5PP140ZTS_C35)                              0.03      0.03       1.46 f
  n222 (net)                                    2         0.00                0.00       1.46 f
  U234/Y (NOR2_X1A_A6P5PP140ZTS_C35)                                0.02      0.02       1.49 r
  n198 (net)                                    1         0.00                0.00       1.49 r
  U237/Y (AO21A1AI2_X1M_A6P5PP140ZTS_C35)                           0.02      0.03       1.51 f
  n207 (net)                                    1         0.00                0.00       1.51 f
  U243/Y (NOR2_X1A_A6P5PP140ZTS_C35)                                0.03      0.03       1.54 r
  n300 (net)                                    3         0.00                0.00       1.54 r
  U277/Y (NOR2_X1A_A6P5PP140ZTS_C35)                                0.02      0.02       1.56 f
  n253 (net)                                    2         0.00                0.00       1.56 f
  U84/Y (NAND2_X1M_A6P5PP140ZTS_C35)                                0.03      0.02       1.58 r
  n261 (net)                                    2         0.00                0.00       1.58 r
  U279/Y (XNOR2_X0P5M_A6P5PP140ZTS_C35)                             0.03      0.03       1.61 r
  n274 (net)                                    2         0.00                0.00       1.61 r
  U281/Y (NAND2_X1A_A6P5PP140ZTS_C35)                               0.02      0.02       1.63 f
  n256 (net)                                    1         0.00                0.00       1.63 f
  U282/Y (NOR2_X1A_A6P5PP140ZTS_C35)                                0.02      0.02       1.65 r
  n285 (net)                                    2         0.00                0.00       1.65 r
  U61/Y (NOR2_X1A_A6P5PP140ZTS_C35)                                 0.02      0.02       1.67 f
  n298 (net)                                    4         0.00                0.00       1.67 f
  U34/Y (AOI21_X1M_A6P5PP140ZTS_C35)                                0.03      0.03       1.70 r
  n280 (net)                                    2         0.00                0.00       1.70 r
  U296/Y (NAND2_X1M_A6P5PP140ZTS_C35)                               0.03      0.02       1.72 f
  u_dut/z_e3m2[4] (net)                         3         0.00                0.00       1.72 f
  U303/Y (INV_X1M_A6P5PP140ZTS_C35)                                 0.02      0.02       1.74 r
  n304 (net)                                    2         0.00                0.00       1.74 r
  U89/Y (MXIT2_X1M_A6P5PP140ZTS_C35)                                0.02      0.02       1.76 f
  n282 (net)                                    1         0.00                0.00       1.76 f
  U306/Y (MXIT2_X1M_A6P5PP140ZTS_C35)                               0.03      0.02       1.79 r
  n13 (net)                                     1         0.00                0.00       1.79 r
  u_dut/z_o_reg[0]/D (DFFRPQA_X2M_A6P5PP140ZTS_C35)                 0.03      0.00       1.79 r
  data arrival time                                                                      1.79

  clock clk (rise edge)                                                       2.00       2.00
  clock network delay (ideal)                                                 0.00       2.00
  clock uncertainty                                                          -0.10       1.90
  u_dut/z_o_reg[0]/CK (DFFRPQA_X2M_A6P5PP140ZTS_C35)                          0.00       1.90 r
  library setup time                                                         -0.04       1.86
  data required time                                                                     1.86
  ----------------------------------------------------------------------------------------------
  data required time                                                                     1.86
  data arrival time                                                                     -1.79
  ----------------------------------------------------------------------------------------------
  slack (MET)                                                                            0.08


  Startpoint: b_i[2] (input port clocked by clk)
  Endpoint: u_dut/z_o_reg[0]
            (rising edge-triggered flip-flop clocked by clk)
  Path Group: clk
  Path Type: max

  Des/Clust/Port     Wire Load Model       Library
  ------------------------------------------------
  char_top           Zero                  sc6p5mcpp140z_cln22ul_base_svt_c35_tt_typical_max_0p80v_25c

  Point                                       Fanout       Cap     Trans      Incr       Path
  ----------------------------------------------------------------------------------------------
  clock clk (rise edge)                                                       0.00       0.00
  clock network delay (ideal)                                                 0.00       0.00
  input external delay                                                        0.20       0.20 f
  b_i[2] (in)                                                       0.05      0.00       0.20 f
  b_i[2] (net)                                  5         0.00                0.00       0.20 f
  U92/Y (INV_X1M_A6P5PP140ZTS_C35)                                  0.02      0.02       0.22 r
  n43 (net)                                     1         0.00                0.00       0.22 r
  U93/Y (AO12_X1M_A6P5PP140ZTS_C35)                                 0.02      0.03       0.25 r
  n54 (net)                                     1         0.00                0.00       0.25 r
  U110/S (ADDF_X1M_A6P5PP140ZTS_C35)                                0.01      0.06       0.32 f
  n47 (net)                                     1         0.00                0.00       0.32 f
  U99/Y (AND2_X1M_A6P5PP140ZTS_C35)                                 0.02      0.03       0.34 f
  n66 (net)                                     4         0.00                0.00       0.34 f
  U49/Y (AND2_X1M_A6P5PP140ZTS_C35)                                 0.01      0.02       0.37 f
  n26 (net)                                     1         0.00                0.00       0.37 f
  U53/Y (AO12_X1M_A6P5PP140ZTS_C35)                                 0.02      0.04       0.41 f
  n29 (net)                                     1         0.00                0.00       0.41 f
  U30/Y (AOI21_X2M_A6P5PP140ZTS_C35)                                0.10      0.07       0.47 r
  n209 (net)                                   15         0.01                0.00       0.47 r
  U46/Y (MXT2_X1M_A6P5PP140ZTS_C35)                                 0.03      0.07       0.54 f
  n153 (net)                                    5         0.00                0.00       0.54 f
  U135/Y (OR2_X1M_A6P5PP140ZTS_C35)                                 0.02      0.04       0.58 f
  n79 (net)                                     1         0.00                0.00       0.58 f
  U145/CO (ADDF_X1M_A6P5PP140ZTS_C35)                               0.02      0.05       0.63 f
  n73 (net)                                     1         0.00                0.00       0.63 f
  U137/CO (ADDF_X1M_A6P5PP140ZTS_C35)                               0.02      0.04       0.67 f
  n72 (net)                                     1         0.00                0.00       0.67 f
  U76/Y (XOR2_X0P5M_A6P5PP140ZTS_C35)                               0.03      0.03       0.70 f
  n97 (net)                                     3         0.00                0.00       0.70 f
  U158/Y (NOR2XB_X1M_A6P5PP140ZTS_C35)                              0.03      0.03       0.74 r
  n176 (net)                                    3         0.00                0.00       0.74 r
  U159/Y (INV_X1M_A6P5PP140ZTS_C35)                                 0.02      0.02       0.75 f
  n104 (net)                                    3         0.00                0.00       0.75 f
  U161/Y (NOR2_X1A_A6P5PP140ZTS_C35)                                0.02      0.02       0.77 r
  n95 (net)                                     1         0.00                0.00       0.77 r
  U70/Y (XNOR2_X0P5M_A6P5PP140ZTS_C35)                              0.06      0.02       0.80 f
  n40 (net)                                     2         0.00                0.00       0.80 f
  U162/Y (NOR2_X1A_A6P5PP140ZTS_C35)                                0.04      0.04       0.84 r
  n186 (net)                                    2         0.00                0.00       0.84 r
  U79/Y (NAND2_X1A_A6P5PP140ZTS_C35)                                0.03      0.02       0.86 f
  n171 (net)                                    2         0.00                0.00       0.86 f
  U168/Y (NOR2_X1A_A6P5PP140ZTS_C35)                                0.03      0.03       0.89 r
  n169 (net)                                    2         0.00                0.00       0.89 r
  U172/Y (NAND2_X1A_A6P5PP140ZTS_C35)                               0.03      0.02       0.92 f
  n123 (net)                                    2         0.00                0.00       0.92 f
  U174/Y (NOR2_X1A_A6P5PP140ZTS_C35)                                0.03      0.03       0.94 r
  n121 (net)                                    2         0.00                0.00       0.94 r
  U68/Y (AO12_X1M_A6P5PP140ZTS_C35)                                 0.02      0.03       0.98 r
  n38 (net)                                     1         0.00                0.00       0.98 r
  U183/CO (ADDF_X1M_A6P5PP140ZTS_C35)                               0.02      0.05       1.02 r
  n134 (net)                                    1         0.00                0.00       1.02 r
  U188/CO (ADDF_X1M_A6P5PP140ZTS_C35)                               0.02      0.05       1.07 r
  n130 (net)                                    1         0.00                0.00       1.07 r
  U185/CO (ADDF_X1M_A6P5PP140ZTS_C35)                               0.02      0.04       1.11 r
  n119 (net)                                    1         0.00                0.00       1.11 r
  U85/Y (NOR2_X1A_A6P5PP140ZTS_C35)                                 0.03      0.02       1.13 f
  n212 (net)                                    4         0.00                0.00       1.13 f
  U182/Y (NAND2_X1A_A6P5PP140ZTS_C35)                               0.02      0.02       1.15 r
  n129 (net)                                    1         0.00                0.00       1.15 r
  U72/Y (XNOR2_X0P5M_A6P5PP140ZTS_C35)                              0.03      0.02       1.17 f
  n157 (net)                                    2         0.00                0.00       1.17 f
  U184/Y (INV_X1M_A6P5PP140ZTS_C35)                                 0.04      0.03       1.20 r
  n138 (net)                                    6         0.00                0.00       1.20 r
  U192/Y (NAND2_X1A_A6P5PP140ZTS_C35)                               0.02      0.02       1.22 f
  n141 (net)                                    1         0.00                0.00       1.22 f
  U25/Y (OAI21_X1M_A6P5PP140ZTS_C35)                                0.03      0.03       1.24 r
  n142 (net)                                    2         0.00                0.00       1.24 r
  U55/Y (AND2_X1M_A6P5PP140ZTS_C35)                                 0.01      0.03       1.27 r
  n31 (net)                                     1         0.00                0.00       1.27 r
  U198/Y (NOR2_X1A_A6P5PP140ZTS_C35)                                0.01      0.01       1.28 f
  n152 (net)                                    1         0.00                0.00       1.28 f
  U201/Y (NOR2_X1A_A6P5PP140ZTS_C35)                                0.04      0.03       1.31 r
  n194 (net)                                    4         0.00                0.00       1.31 r
  U202/Y (NOR2_X1A_A6P5PP140ZTS_C35)                                0.02      0.02       1.33 f
  n192 (net)                                    3         0.00                0.00       1.33 f
  U211/Y (NAND2_X1A_A6P5PP140ZTS_C35)                               0.01      0.01       1.34 r
  n166 (net)                                    1         0.00                0.00       1.34 r
  U213/Y (NAND2_X1M_A6P5PP140ZTS_C35)                               0.03      0.02       1.36 f
  n179 (net)                                    4         0.00                0.00       1.36 f
  U219/Y (INV_X1M_A6P5PP140ZTS_C35)                                 0.03      0.03       1.39 r
  n265 (net)                                    2         0.00                0.00       1.39 r
  U220/Y (NOR2_X1A_A6P5PP140ZTS_C35)                                0.02      0.02       1.41 f
  n184 (net)                                    3         0.00                0.00       1.41 f
  U27/Y (INV_X1M_A6P5PP140ZTS_C35)                                  0.03      0.03       1.43 r
  n235 (net)                                    5         0.00                0.00       1.43 r
  U233/Y (OAI211_X1M_A6P5PP140ZTS_C35)                              0.03      0.03       1.46 f
  n222 (net)                                    2         0.00                0.00       1.46 f
  U234/Y (NOR2_X1A_A6P5PP140ZTS_C35)                                0.02      0.02       1.49 r
  n198 (net)                                    1         0.00                0.00       1.49 r
  U237/Y (AO21A1AI2_X1M_A6P5PP140ZTS_C35)                           0.02      0.03       1.51 f
  n207 (net)                                    1         0.00                0.00       1.51 f
  U243/Y (NOR2_X1A_A6P5PP140ZTS_C35)                                0.03      0.03       1.54 r
  n300 (net)                                    3         0.00                0.00       1.54 r
  U277/Y (NOR2_X1A_A6P5PP140ZTS_C35)                                0.02      0.02       1.56 f
  n253 (net)                                    2         0.00                0.00       1.56 f
  U84/Y (NAND2_X1M_A6P5PP140ZTS_C35)                                0.03      0.02       1.58 r
  n261 (net)                                    2         0.00                0.00       1.58 r
  U279/Y (XNOR2_X0P5M_A6P5PP140ZTS_C35)                             0.03      0.03       1.61 r
  n274 (net)                                    2         0.00                0.00       1.61 r
  U281/Y (NAND2_X1A_A6P5PP140ZTS_C35)                               0.02      0.02       1.63 f
  n256 (net)                                    1         0.00                0.00       1.63 f
  U282/Y (NOR2_X1A_A6P5PP140ZTS_C35)                                0.02      0.02       1.65 r
  n285 (net)                                    2         0.00                0.00       1.65 r
  U61/Y (NOR2_X1A_A6P5PP140ZTS_C35)                                 0.02      0.02       1.67 f
  n298 (net)                                    4         0.00                0.00       1.67 f
  U34/Y (AOI21_X1M_A6P5PP140ZTS_C35)                                0.03      0.03       1.70 r
  n280 (net)                                    2         0.00                0.00       1.70 r
  U296/Y (NAND2_X1M_A6P5PP140ZTS_C35)                               0.03      0.02       1.72 f
  u_dut/z_e3m2[4] (net)                         3         0.00                0.00       1.72 f
  U303/Y (INV_X1M_A6P5PP140ZTS_C35)                                 0.02      0.02       1.74 r
  n304 (net)                                    2         0.00                0.00       1.74 r
  U89/Y (MXIT2_X1M_A6P5PP140ZTS_C35)                                0.02      0.02       1.76 f
  n282 (net)                                    1         0.00                0.00       1.76 f
  U306/Y (MXIT2_X1M_A6P5PP140ZTS_C35)                               0.03      0.02       1.79 r
  n13 (net)                                     1         0.00                0.00       1.79 r
  u_dut/z_o_reg[0]/D (DFFRPQA_X2M_A6P5PP140ZTS_C35)                 0.03      0.00       1.79 r
  data arrival time                                                                      1.79

  clock clk (rise edge)                                                       2.00       2.00
  clock network delay (ideal)                                                 0.00       2.00
  clock uncertainty                                                          -0.10       1.90
  u_dut/z_o_reg[0]/CK (DFFRPQA_X2M_A6P5PP140ZTS_C35)                          0.00       1.90 r
  library setup time                                                         -0.04       1.86
  data required time                                                                     1.86
  ----------------------------------------------------------------------------------------------
  data required time                                                                     1.86
  data arrival time                                                                     -1.79
  ----------------------------------------------------------------------------------------------
  slack (MET)                                                                            0.08


  Startpoint: b_i[2] (input port clocked by clk)
  Endpoint: u_dut/z_o_reg[0]
            (rising edge-triggered flip-flop clocked by clk)
  Path Group: clk
  Path Type: max

  Des/Clust/Port     Wire Load Model       Library
  ------------------------------------------------
  char_top           Zero                  sc6p5mcpp140z_cln22ul_base_svt_c35_tt_typical_max_0p80v_25c

  Point                                       Fanout       Cap     Trans      Incr       Path
  ----------------------------------------------------------------------------------------------
  clock clk (rise edge)                                                       0.00       0.00
  clock network delay (ideal)                                                 0.00       0.00
  input external delay                                                        0.20       0.20 f
  b_i[2] (in)                                                       0.05      0.00       0.20 f
  b_i[2] (net)                                  5         0.00                0.00       0.20 f
  U92/Y (INV_X1M_A6P5PP140ZTS_C35)                                  0.02      0.02       0.22 r
  n43 (net)                                     1         0.00                0.00       0.22 r
  U93/Y (AO12_X1M_A6P5PP140ZTS_C35)                                 0.02      0.03       0.25 r
  n54 (net)                                     1         0.00                0.00       0.25 r
  U110/S (ADDF_X1M_A6P5PP140ZTS_C35)                                0.01      0.06       0.32 f
  n47 (net)                                     1         0.00                0.00       0.32 f
  U99/Y (AND2_X1M_A6P5PP140ZTS_C35)                                 0.02      0.03       0.34 f
  n66 (net)                                     4         0.00                0.00       0.34 f
  U49/Y (AND2_X1M_A6P5PP140ZTS_C35)                                 0.01      0.02       0.37 f
  n26 (net)                                     1         0.00                0.00       0.37 f
  U53/Y (AO12_X1M_A6P5PP140ZTS_C35)                                 0.02      0.04       0.41 f
  n29 (net)                                     1         0.00                0.00       0.41 f
  U30/Y (AOI21_X2M_A6P5PP140ZTS_C35)                                0.10      0.07       0.47 r
  n209 (net)                                   15         0.01                0.00       0.47 r
  U46/Y (MXT2_X1M_A6P5PP140ZTS_C35)                                 0.03      0.07       0.54 f
  n153 (net)                                    5         0.00                0.00       0.54 f
  U135/Y (OR2_X1M_A6P5PP140ZTS_C35)                                 0.02      0.04       0.58 f
  n79 (net)                                     1         0.00                0.00       0.58 f
  U145/CO (ADDF_X1M_A6P5PP140ZTS_C35)                               0.02      0.05       0.63 f
  n73 (net)                                     1         0.00                0.00       0.63 f
  U137/CO (ADDF_X1M_A6P5PP140ZTS_C35)                               0.02      0.04       0.67 f
  n72 (net)                                     1         0.00                0.00       0.67 f
  U76/Y (XOR2_X0P5M_A6P5PP140ZTS_C35)                               0.03      0.03       0.70 f
  n97 (net)                                     3         0.00                0.00       0.70 f
  U158/Y (NOR2XB_X1M_A6P5PP140ZTS_C35)                              0.03      0.03       0.74 r
  n176 (net)                                    3         0.00                0.00       0.74 r
  U159/Y (INV_X1M_A6P5PP140ZTS_C35)                                 0.02      0.02       0.75 f
  n104 (net)                                    3         0.00                0.00       0.75 f
  U161/Y (NOR2_X1A_A6P5PP140ZTS_C35)                                0.02      0.02       0.77 r
  n95 (net)                                     1         0.00                0.00       0.77 r
  U70/Y (XNOR2_X0P5M_A6P5PP140ZTS_C35)                              0.06      0.02       0.80 f
  n40 (net)                                     2         0.00                0.00       0.80 f
  U162/Y (NOR2_X1A_A6P5PP140ZTS_C35)                                0.04      0.04       0.84 r
  n186 (net)                                    2         0.00                0.00       0.84 r
  U79/Y (NAND2_X1A_A6P5PP140ZTS_C35)                                0.03      0.02       0.86 f
  n171 (net)                                    2         0.00                0.00       0.86 f
  U168/Y (NOR2_X1A_A6P5PP140ZTS_C35)                                0.03      0.03       0.89 r
  n169 (net)                                    2         0.00                0.00       0.89 r
  U172/Y (NAND2_X1A_A6P5PP140ZTS_C35)                               0.03      0.02       0.92 f
  n123 (net)                                    2         0.00                0.00       0.92 f
  U174/Y (NOR2_X1A_A6P5PP140ZTS_C35)                                0.03      0.03       0.94 r
  n121 (net)                                    2         0.00                0.00       0.94 r
  U68/Y (AO12_X1M_A6P5PP140ZTS_C35)                                 0.02      0.03       0.98 r
  n38 (net)                                     1         0.00                0.00       0.98 r
  U183/CO (ADDF_X1M_A6P5PP140ZTS_C35)                               0.02      0.05       1.02 r
  n134 (net)                                    1         0.00                0.00       1.02 r
  U188/CO (ADDF_X1M_A6P5PP140ZTS_C35)                               0.02      0.05       1.07 r
  n130 (net)                                    1         0.00                0.00       1.07 r
  U185/CO (ADDF_X1M_A6P5PP140ZTS_C35)                               0.02      0.04       1.11 r
  n119 (net)                                    1         0.00                0.00       1.11 r
  U85/Y (NOR2_X1A_A6P5PP140ZTS_C35)                                 0.03      0.02       1.13 f
  n212 (net)                                    4         0.00                0.00       1.13 f
  U182/Y (NAND2_X1A_A6P5PP140ZTS_C35)                               0.02      0.02       1.15 r
  n129 (net)                                    1         0.00                0.00       1.15 r
  U72/Y (XNOR2_X0P5M_A6P5PP140ZTS_C35)                              0.03      0.02       1.17 f
  n157 (net)                                    2         0.00                0.00       1.17 f
  U184/Y (INV_X1M_A6P5PP140ZTS_C35)                                 0.04      0.03       1.20 r
  n138 (net)                                    6         0.00                0.00       1.20 r
  U192/Y (NAND2_X1A_A6P5PP140ZTS_C35)                               0.02      0.02       1.22 f
  n141 (net)                                    1         0.00                0.00       1.22 f
  U25/Y (OAI21_X1M_A6P5PP140ZTS_C35)                                0.03      0.03       1.24 r
  n142 (net)                                    2         0.00                0.00       1.24 r
  U55/Y (AND2_X1M_A6P5PP140ZTS_C35)                                 0.01      0.03       1.27 r
  n31 (net)                                     1         0.00                0.00       1.27 r
  U198/Y (NOR2_X1A_A6P5PP140ZTS_C35)                                0.01      0.01       1.28 f
  n152 (net)                                    1         0.00                0.00       1.28 f
  U201/Y (NOR2_X1A_A6P5PP140ZTS_C35)                                0.04      0.03       1.31 r
  n194 (net)                                    4         0.00                0.00       1.31 r
  U202/Y (NOR2_X1A_A6P5PP140ZTS_C35)                                0.02      0.02       1.33 f
  n192 (net)                                    3         0.00                0.00       1.33 f
  U211/Y (NAND2_X1A_A6P5PP140ZTS_C35)                               0.01      0.01       1.34 r
  n166 (net)                                    1         0.00                0.00       1.34 r
  U213/Y (NAND2_X1M_A6P5PP140ZTS_C35)                               0.03      0.02       1.36 f
  n179 (net)                                    4         0.00                0.00       1.36 f
  U219/Y (INV_X1M_A6P5PP140ZTS_C35)                                 0.03      0.03       1.39 r
  n265 (net)                                    2         0.00                0.00       1.39 r
  U220/Y (NOR2_X1A_A6P5PP140ZTS_C35)                                0.02      0.02       1.41 f
  n184 (net)                                    3         0.00                0.00       1.41 f
  U27/Y (INV_X1M_A6P5PP140ZTS_C35)                                  0.03      0.03       1.43 r
  n235 (net)                                    5         0.00                0.00       1.43 r
  U233/Y (OAI211_X1M_A6P5PP140ZTS_C35)                              0.03      0.03       1.46 f
  n222 (net)                                    2         0.00                0.00       1.46 f
  U234/Y (NOR2_X1A_A6P5PP140ZTS_C35)                                0.02      0.02       1.49 r
  n198 (net)                                    1         0.00                0.00       1.49 r
  U237/Y (AO21A1AI2_X1M_A6P5PP140ZTS_C35)                           0.02      0.03       1.51 f
  n207 (net)                                    1         0.00                0.00       1.51 f
  U243/Y (NOR2_X1A_A6P5PP140ZTS_C35)                                0.03      0.03       1.54 r
  n300 (net)                                    3         0.00                0.00       1.54 r
  U277/Y (NOR2_X1A_A6P5PP140ZTS_C35)                                0.02      0.02       1.56 f
  n253 (net)                                    2         0.00                0.00       1.56 f
  U84/Y (NAND2_X1M_A6P5PP140ZTS_C35)                                0.03      0.02       1.58 r
  n261 (net)                                    2         0.00                0.00       1.58 r
  U279/Y (XNOR2_X0P5M_A6P5PP140ZTS_C35)                             0.03      0.03       1.61 r
  n274 (net)                                    2         0.00                0.00       1.61 r
  U281/Y (NAND2_X1A_A6P5PP140ZTS_C35)                               0.02      0.02       1.63 f
  n256 (net)                                    1         0.00                0.00       1.63 f
  U282/Y (NOR2_X1A_A6P5PP140ZTS_C35)                                0.02      0.02       1.65 r
  n285 (net)                                    2         0.00                0.00       1.65 r
  U61/Y (NOR2_X1A_A6P5PP140ZTS_C35)                                 0.02      0.02       1.67 f
  n298 (net)                                    4         0.00                0.00       1.67 f
  U34/Y (AOI21_X1M_A6P5PP140ZTS_C35)                                0.03      0.03       1.70 r
  n280 (net)                                    2         0.00                0.00       1.70 r
  U296/Y (NAND2_X1M_A6P5PP140ZTS_C35)                               0.03      0.02       1.72 f
  u_dut/z_e3m2[4] (net)                         3         0.00                0.00       1.72 f
  U303/Y (INV_X1M_A6P5PP140ZTS_C35)                                 0.02      0.02       1.74 r
  n304 (net)                                    2         0.00                0.00       1.74 r
  U89/Y (MXIT2_X1M_A6P5PP140ZTS_C35)                                0.02      0.02       1.76 f
  n282 (net)                                    1         0.00                0.00       1.76 f
  U306/Y (MXIT2_X1M_A6P5PP140ZTS_C35)                               0.03      0.02       1.79 r
  n13 (net)                                     1         0.00                0.00       1.79 r
  u_dut/z_o_reg[0]/D (DFFRPQA_X2M_A6P5PP140ZTS_C35)                 0.03      0.00       1.79 r
  data arrival time                                                                      1.79

  clock clk (rise edge)                                                       2.00       2.00
  clock network delay (ideal)                                                 0.00       2.00
  clock uncertainty                                                          -0.10       1.90
  u_dut/z_o_reg[0]/CK (DFFRPQA_X2M_A6P5PP140ZTS_C35)                          0.00       1.90 r
  library setup time                                                         -0.04       1.86
  data required time                                                                     1.86
  ----------------------------------------------------------------------------------------------
  data required time                                                                     1.86
  data arrival time                                                                     -1.79
  ----------------------------------------------------------------------------------------------
  slack (MET)                                                                            0.08


  Startpoint: b_i[2] (input port clocked by clk)
  Endpoint: u_dut/z_o_reg[0]
            (rising edge-triggered flip-flop clocked by clk)
  Path Group: clk
  Path Type: max

  Des/Clust/Port     Wire Load Model       Library
  ------------------------------------------------
  char_top           Zero                  sc6p5mcpp140z_cln22ul_base_svt_c35_tt_typical_max_0p80v_25c

  Point                                       Fanout       Cap     Trans      Incr       Path
  ----------------------------------------------------------------------------------------------
  clock clk (rise edge)                                                       0.00       0.00
  clock network delay (ideal)                                                 0.00       0.00
  input external delay                                                        0.20       0.20 f
  b_i[2] (in)                                                       0.05      0.00       0.20 f
  b_i[2] (net)                                  5         0.00                0.00       0.20 f
  U92/Y (INV_X1M_A6P5PP140ZTS_C35)                                  0.02      0.02       0.22 r
  n43 (net)                                     1         0.00                0.00       0.22 r
  U93/Y (AO12_X1M_A6P5PP140ZTS_C35)                                 0.02      0.03       0.25 r
  n54 (net)                                     1         0.00                0.00       0.25 r
  U110/S (ADDF_X1M_A6P5PP140ZTS_C35)                                0.01      0.06       0.32 f
  n47 (net)                                     1         0.00                0.00       0.32 f
  U99/Y (AND2_X1M_A6P5PP140ZTS_C35)                                 0.02      0.03       0.34 f
  n66 (net)                                     4         0.00                0.00       0.34 f
  U49/Y (AND2_X1M_A6P5PP140ZTS_C35)                                 0.01      0.02       0.37 f
  n26 (net)                                     1         0.00                0.00       0.37 f
  U53/Y (AO12_X1M_A6P5PP140ZTS_C35)                                 0.02      0.04       0.41 f
  n29 (net)                                     1         0.00                0.00       0.41 f
  U30/Y (AOI21_X2M_A6P5PP140ZTS_C35)                                0.10      0.07       0.47 r
  n209 (net)                                   15         0.01                0.00       0.47 r
  U46/Y (MXT2_X1M_A6P5PP140ZTS_C35)                                 0.03      0.07       0.54 f
  n153 (net)                                    5         0.00                0.00       0.54 f
  U135/Y (OR2_X1M_A6P5PP140ZTS_C35)                                 0.02      0.04       0.58 f
  n79 (net)                                     1         0.00                0.00       0.58 f
  U145/CO (ADDF_X1M_A6P5PP140ZTS_C35)                               0.02      0.05       0.63 f
  n73 (net)                                     1         0.00                0.00       0.63 f
  U137/CO (ADDF_X1M_A6P5PP140ZTS_C35)                               0.02      0.04       0.67 f
  n72 (net)                                     1         0.00                0.00       0.67 f
  U76/Y (XOR2_X0P5M_A6P5PP140ZTS_C35)                               0.03      0.03       0.70 f
  n97 (net)                                     3         0.00                0.00       0.70 f
  U158/Y (NOR2XB_X1M_A6P5PP140ZTS_C35)                              0.03      0.03       0.74 r
  n176 (net)                                    3         0.00                0.00       0.74 r
  U159/Y (INV_X1M_A6P5PP140ZTS_C35)                                 0.02      0.02       0.75 f
  n104 (net)                                    3         0.00                0.00       0.75 f
  U161/Y (NOR2_X1A_A6P5PP140ZTS_C35)                                0.02      0.02       0.77 r
  n95 (net)                                     1         0.00                0.00       0.77 r
  U70/Y (XNOR2_X0P5M_A6P5PP140ZTS_C35)                              0.06      0.02       0.80 f
  n40 (net)                                     2         0.00                0.00       0.80 f
  U162/Y (NOR2_X1A_A6P5PP140ZTS_C35)                                0.04      0.04       0.84 r
  n186 (net)                                    2         0.00                0.00       0.84 r
  U79/Y (NAND2_X1A_A6P5PP140ZTS_C35)                                0.03      0.02       0.86 f
  n171 (net)                                    2         0.00                0.00       0.86 f
  U168/Y (NOR2_X1A_A6P5PP140ZTS_C35)                                0.03      0.03       0.89 r
  n169 (net)                                    2         0.00                0.00       0.89 r
  U172/Y (NAND2_X1A_A6P5PP140ZTS_C35)                               0.03      0.02       0.92 f
  n123 (net)                                    2         0.00                0.00       0.92 f
  U174/Y (NOR2_X1A_A6P5PP140ZTS_C35)                                0.03      0.03       0.94 r
  n121 (net)                                    2         0.00                0.00       0.94 r
  U68/Y (AO12_X1M_A6P5PP140ZTS_C35)                                 0.02      0.03       0.98 r
  n38 (net)                                     1         0.00                0.00       0.98 r
  U183/CO (ADDF_X1M_A6P5PP140ZTS_C35)                               0.02      0.05       1.02 r
  n134 (net)                                    1         0.00                0.00       1.02 r
  U188/CO (ADDF_X1M_A6P5PP140ZTS_C35)                               0.02      0.05       1.07 r
  n130 (net)                                    1         0.00                0.00       1.07 r
  U185/CO (ADDF_X1M_A6P5PP140ZTS_C35)                               0.02      0.04       1.11 r
  n119 (net)                                    1         0.00                0.00       1.11 r
  U85/Y (NOR2_X1A_A6P5PP140ZTS_C35)                                 0.03      0.02       1.13 f
  n212 (net)                                    4         0.00                0.00       1.13 f
  U182/Y (NAND2_X1A_A6P5PP140ZTS_C35)                               0.02      0.02       1.15 r
  n129 (net)                                    1         0.00                0.00       1.15 r
  U72/Y (XNOR2_X0P5M_A6P5PP140ZTS_C35)                              0.03      0.02       1.17 f
  n157 (net)                                    2         0.00                0.00       1.17 f
  U184/Y (INV_X1M_A6P5PP140ZTS_C35)                                 0.04      0.03       1.20 r
  n138 (net)                                    6         0.00                0.00       1.20 r
  U192/Y (NAND2_X1A_A6P5PP140ZTS_C35)                               0.02      0.02       1.22 f
  n141 (net)                                    1         0.00                0.00       1.22 f
  U25/Y (OAI21_X1M_A6P5PP140ZTS_C35)                                0.03      0.03       1.24 r
  n142 (net)                                    2         0.00                0.00       1.24 r
  U55/Y (AND2_X1M_A6P5PP140ZTS_C35)                                 0.01      0.03       1.27 r
  n31 (net)                                     1         0.00                0.00       1.27 r
  U198/Y (NOR2_X1A_A6P5PP140ZTS_C35)                                0.01      0.01       1.28 f
  n152 (net)                                    1         0.00                0.00       1.28 f
  U201/Y (NOR2_X1A_A6P5PP140ZTS_C35)                                0.04      0.03       1.31 r
  n194 (net)                                    4         0.00                0.00       1.31 r
  U202/Y (NOR2_X1A_A6P5PP140ZTS_C35)                                0.02      0.02       1.33 f
  n192 (net)                                    3         0.00                0.00       1.33 f
  U211/Y (NAND2_X1A_A6P5PP140ZTS_C35)                               0.01      0.01       1.34 r
  n166 (net)                                    1         0.00                0.00       1.34 r
  U213/Y (NAND2_X1M_A6P5PP140ZTS_C35)                               0.03      0.02       1.36 f
  n179 (net)                                    4         0.00                0.00       1.36 f
  U219/Y (INV_X1M_A6P5PP140ZTS_C35)                                 0.03      0.03       1.39 r
  n265 (net)                                    2         0.00                0.00       1.39 r
  U220/Y (NOR2_X1A_A6P5PP140ZTS_C35)                                0.02      0.02       1.41 f
  n184 (net)                                    3         0.00                0.00       1.41 f
  U27/Y (INV_X1M_A6P5PP140ZTS_C35)                                  0.03      0.03       1.43 r
  n235 (net)                                    5         0.00                0.00       1.43 r
  U233/Y (OAI211_X1M_A6P5PP140ZTS_C35)                              0.03      0.03       1.46 f
  n222 (net)                                    2         0.00                0.00       1.46 f
  U234/Y (NOR2_X1A_A6P5PP140ZTS_C35)                                0.02      0.02       1.49 r
  n198 (net)                                    1         0.00                0.00       1.49 r
  U237/Y (AO21A1AI2_X1M_A6P5PP140ZTS_C35)                           0.02      0.03       1.51 f
  n207 (net)                                    1         0.00                0.00       1.51 f
  U243/Y (NOR2_X1A_A6P5PP140ZTS_C35)                                0.03      0.03       1.54 r
  n300 (net)                                    3         0.00                0.00       1.54 r
  U277/Y (NOR2_X1A_A6P5PP140ZTS_C35)                                0.02      0.02       1.56 f
  n253 (net)                                    2         0.00                0.00       1.56 f
  U84/Y (NAND2_X1M_A6P5PP140ZTS_C35)                                0.03      0.02       1.58 r
  n261 (net)                                    2         0.00                0.00       1.58 r
  U279/Y (XNOR2_X0P5M_A6P5PP140ZTS_C35)                             0.03      0.03       1.61 r
  n274 (net)                                    2         0.00                0.00       1.61 r
  U281/Y (NAND2_X1A_A6P5PP140ZTS_C35)                               0.02      0.02       1.63 f
  n256 (net)                                    1         0.00                0.00       1.63 f
  U282/Y (NOR2_X1A_A6P5PP140ZTS_C35)                                0.02      0.02       1.65 r
  n285 (net)                                    2         0.00                0.00       1.65 r
  U61/Y (NOR2_X1A_A6P5PP140ZTS_C35)                                 0.02      0.02       1.67 f
  n298 (net)                                    4         0.00                0.00       1.67 f
  U34/Y (AOI21_X1M_A6P5PP140ZTS_C35)                                0.03      0.03       1.70 r
  n280 (net)                                    2         0.00                0.00       1.70 r
  U296/Y (NAND2_X1M_A6P5PP140ZTS_C35)                               0.03      0.02       1.72 f
  u_dut/z_e3m2[4] (net)                         3         0.00                0.00       1.72 f
  U303/Y (INV_X1M_A6P5PP140ZTS_C35)                                 0.02      0.02       1.74 r
  n304 (net)                                    2         0.00                0.00       1.74 r
  U89/Y (MXIT2_X1M_A6P5PP140ZTS_C35)                                0.02      0.02       1.76 f
  n282 (net)                                    1         0.00                0.00       1.76 f
  U306/Y (MXIT2_X1M_A6P5PP140ZTS_C35)                               0.03      0.02       1.78 r
  n13 (net)                                     1         0.00                0.00       1.78 r
  u_dut/z_o_reg[0]/D (DFFRPQA_X2M_A6P5PP140ZTS_C35)                 0.03      0.00       1.78 r
  data arrival time                                                                      1.78

  clock clk (rise edge)                                                       2.00       2.00
  clock network delay (ideal)                                                 0.00       2.00
  clock uncertainty                                                          -0.10       1.90
  u_dut/z_o_reg[0]/CK (DFFRPQA_X2M_A6P5PP140ZTS_C35)                          0.00       1.90 r
  library setup time                                                         -0.04       1.86
  data required time                                                                     1.86
  ----------------------------------------------------------------------------------------------
  data required time                                                                     1.86
  data arrival time                                                                     -1.78
  ----------------------------------------------------------------------------------------------
  slack (MET)                                                                            0.08


  Startpoint: b_i[2] (input port clocked by clk)
  Endpoint: u_dut/z_o_reg[0]
            (rising edge-triggered flip-flop clocked by clk)
  Path Group: clk
  Path Type: max

  Des/Clust/Port     Wire Load Model       Library
  ------------------------------------------------
  char_top           Zero                  sc6p5mcpp140z_cln22ul_base_svt_c35_tt_typical_max_0p80v_25c

  Point                                       Fanout       Cap     Trans      Incr       Path
  ----------------------------------------------------------------------------------------------
  clock clk (rise edge)                                                       0.00       0.00
  clock network delay (ideal)                                                 0.00       0.00
  input external delay                                                        0.20       0.20 f
  b_i[2] (in)                                                       0.05      0.00       0.20 f
  b_i[2] (net)                                  5         0.00                0.00       0.20 f
  U92/Y (INV_X1M_A6P5PP140ZTS_C35)                                  0.02      0.02       0.22 r
  n43 (net)                                     1         0.00                0.00       0.22 r
  U93/Y (AO12_X1M_A6P5PP140ZTS_C35)                                 0.02      0.03       0.25 r
  n54 (net)                                     1         0.00                0.00       0.25 r
  U110/S (ADDF_X1M_A6P5PP140ZTS_C35)                                0.01      0.06       0.32 f
  n47 (net)                                     1         0.00                0.00       0.32 f
  U99/Y (AND2_X1M_A6P5PP140ZTS_C35)                                 0.02      0.03       0.34 f
  n66 (net)                                     4         0.00                0.00       0.34 f
  U49/Y (AND2_X1M_A6P5PP140ZTS_C35)                                 0.01      0.02       0.37 f
  n26 (net)                                     1         0.00                0.00       0.37 f
  U53/Y (AO12_X1M_A6P5PP140ZTS_C35)                                 0.02      0.04       0.41 f
  n29 (net)                                     1         0.00                0.00       0.41 f
  U30/Y (AOI21_X2M_A6P5PP140ZTS_C35)                                0.10      0.07       0.47 r
  n209 (net)                                   15         0.01                0.00       0.47 r
  U46/Y (MXT2_X1M_A6P5PP140ZTS_C35)                                 0.03      0.07       0.54 f
  n153 (net)                                    5         0.00                0.00       0.54 f
  U135/Y (OR2_X1M_A6P5PP140ZTS_C35)                                 0.02      0.04       0.58 f
  n79 (net)                                     1         0.00                0.00       0.58 f
  U145/CO (ADDF_X1M_A6P5PP140ZTS_C35)                               0.02      0.05       0.63 f
  n73 (net)                                     1         0.00                0.00       0.63 f
  U137/CO (ADDF_X1M_A6P5PP140ZTS_C35)                               0.02      0.04       0.67 f
  n72 (net)                                     1         0.00                0.00       0.67 f
  U76/Y (XOR2_X0P5M_A6P5PP140ZTS_C35)                               0.03      0.03       0.70 f
  n97 (net)                                     3         0.00                0.00       0.70 f
  U158/Y (NOR2XB_X1M_A6P5PP140ZTS_C35)                              0.03      0.03       0.74 r
  n176 (net)                                    3         0.00                0.00       0.74 r
  U159/Y (INV_X1M_A6P5PP140ZTS_C35)                                 0.02      0.02       0.75 f
  n104 (net)                                    3         0.00                0.00       0.75 f
  U161/Y (NOR2_X1A_A6P5PP140ZTS_C35)                                0.02      0.02       0.77 r
  n95 (net)                                     1         0.00                0.00       0.77 r
  U70/Y (XNOR2_X0P5M_A6P5PP140ZTS_C35)                              0.06      0.02       0.80 f
  n40 (net)                                     2         0.00                0.00       0.80 f
  U162/Y (NOR2_X1A_A6P5PP140ZTS_C35)                                0.04      0.04       0.84 r
  n186 (net)                                    2         0.00                0.00       0.84 r
  U79/Y (NAND2_X1A_A6P5PP140ZTS_C35)                                0.03      0.02       0.86 f
  n171 (net)                                    2         0.00                0.00       0.86 f
  U168/Y (NOR2_X1A_A6P5PP140ZTS_C35)                                0.03      0.03       0.89 r
  n169 (net)                                    2         0.00                0.00       0.89 r
  U172/Y (NAND2_X1A_A6P5PP140ZTS_C35)                               0.03      0.02       0.92 f
  n123 (net)                                    2         0.00                0.00       0.92 f
  U174/Y (NOR2_X1A_A6P5PP140ZTS_C35)                                0.03      0.03       0.94 r
  n121 (net)                                    2         0.00                0.00       0.94 r
  U68/Y (AO12_X1M_A6P5PP140ZTS_C35)                                 0.02      0.03       0.98 r
  n38 (net)                                     1         0.00                0.00       0.98 r
  U183/CO (ADDF_X1M_A6P5PP140ZTS_C35)                               0.02      0.04       1.02 r
  n134 (net)                                    1         0.00                0.00       1.02 r
  U188/CO (ADDF_X1M_A6P5PP140ZTS_C35)                               0.02      0.05       1.07 r
  n130 (net)                                    1         0.00                0.00       1.07 r
  U185/CO (ADDF_X1M_A6P5PP140ZTS_C35)                               0.02      0.04       1.11 r
  n119 (net)                                    1         0.00                0.00       1.11 r
  U85/Y (NOR2_X1A_A6P5PP140ZTS_C35)                                 0.03      0.02       1.13 f
  n212 (net)                                    4         0.00                0.00       1.13 f
  U182/Y (NAND2_X1A_A6P5PP140ZTS_C35)                               0.02      0.02       1.15 r
  n129 (net)                                    1         0.00                0.00       1.15 r
  U72/Y (XNOR2_X0P5M_A6P5PP140ZTS_C35)                              0.03      0.02       1.17 f
  n157 (net)                                    2         0.00                0.00       1.17 f
  U184/Y (INV_X1M_A6P5PP140ZTS_C35)                                 0.04      0.03       1.20 r
  n138 (net)                                    6         0.00                0.00       1.20 r
  U192/Y (NAND2_X1A_A6P5PP140ZTS_C35)                               0.02      0.02       1.22 f
  n141 (net)                                    1         0.00                0.00       1.22 f
  U25/Y (OAI21_X1M_A6P5PP140ZTS_C35)                                0.03      0.03       1.24 r
  n142 (net)                                    2         0.00                0.00       1.24 r
  U55/Y (AND2_X1M_A6P5PP140ZTS_C35)                                 0.01      0.03       1.27 r
  n31 (net)                                     1         0.00                0.00       1.27 r
  U198/Y (NOR2_X1A_A6P5PP140ZTS_C35)                                0.01      0.01       1.28 f
  n152 (net)                                    1         0.00                0.00       1.28 f
  U201/Y (NOR2_X1A_A6P5PP140ZTS_C35)                                0.04      0.03       1.31 r
  n194 (net)                                    4         0.00                0.00       1.31 r
  U202/Y (NOR2_X1A_A6P5PP140ZTS_C35)                                0.02      0.02       1.33 f
  n192 (net)                                    3         0.00                0.00       1.33 f
  U211/Y (NAND2_X1A_A6P5PP140ZTS_C35)                               0.01      0.01       1.34 r
  n166 (net)                                    1         0.00                0.00       1.34 r
  U213/Y (NAND2_X1M_A6P5PP140ZTS_C35)                               0.03      0.02       1.36 f
  n179 (net)                                    4         0.00                0.00       1.36 f
  U219/Y (INV_X1M_A6P5PP140ZTS_C35)                                 0.03      0.03       1.39 r
  n265 (net)                                    2         0.00                0.00       1.39 r
  U220/Y (NOR2_X1A_A6P5PP140ZTS_C35)                                0.02      0.02       1.41 f
  n184 (net)                                    3         0.00                0.00       1.41 f
  U27/Y (INV_X1M_A6P5PP140ZTS_C35)                                  0.03      0.03       1.43 r
  n235 (net)                                    5         0.00                0.00       1.43 r
  U233/Y (OAI211_X1M_A6P5PP140ZTS_C35)                              0.03      0.03       1.46 f
  n222 (net)                                    2         0.00                0.00       1.46 f
  U234/Y (NOR2_X1A_A6P5PP140ZTS_C35)                                0.02      0.02       1.49 r
  n198 (net)                                    1         0.00                0.00       1.49 r
  U237/Y (AO21A1AI2_X1M_A6P5PP140ZTS_C35)                           0.02      0.03       1.51 f
  n207 (net)                                    1         0.00                0.00       1.51 f
  U243/Y (NOR2_X1A_A6P5PP140ZTS_C35)                                0.03      0.03       1.54 r
  n300 (net)                                    3         0.00                0.00       1.54 r
  U277/Y (NOR2_X1A_A6P5PP140ZTS_C35)                                0.02      0.02       1.56 f
  n253 (net)                                    2         0.00                0.00       1.56 f
  U84/Y (NAND2_X1M_A6P5PP140ZTS_C35)                                0.03      0.02       1.58 r
  n261 (net)                                    2         0.00                0.00       1.58 r
  U279/Y (XNOR2_X0P5M_A6P5PP140ZTS_C35)                             0.03      0.03       1.61 r
  n274 (net)                                    2         0.00                0.00       1.61 r
  U281/Y (NAND2_X1A_A6P5PP140ZTS_C35)                               0.02      0.02       1.63 f
  n256 (net)                                    1         0.00                0.00       1.63 f
  U282/Y (NOR2_X1A_A6P5PP140ZTS_C35)                                0.02      0.02       1.65 r
  n285 (net)                                    2         0.00                0.00       1.65 r
  U61/Y (NOR2_X1A_A6P5PP140ZTS_C35)                                 0.02      0.02       1.67 f
  n298 (net)                                    4         0.00                0.00       1.67 f
  U34/Y (AOI21_X1M_A6P5PP140ZTS_C35)                                0.03      0.03       1.70 r
  n280 (net)                                    2         0.00                0.00       1.70 r
  U296/Y (NAND2_X1M_A6P5PP140ZTS_C35)                               0.03      0.02       1.72 f
  u_dut/z_e3m2[4] (net)                         3         0.00                0.00       1.72 f
  U303/Y (INV_X1M_A6P5PP140ZTS_C35)                                 0.02      0.02       1.74 r
  n304 (net)                                    2         0.00                0.00       1.74 r
  U89/Y (MXIT2_X1M_A6P5PP140ZTS_C35)                                0.02      0.02       1.76 f
  n282 (net)                                    1         0.00                0.00       1.76 f
  U306/Y (MXIT2_X1M_A6P5PP140ZTS_C35)                               0.03      0.02       1.78 r
  n13 (net)                                     1         0.00                0.00       1.78 r
  u_dut/z_o_reg[0]/D (DFFRPQA_X2M_A6P5PP140ZTS_C35)                 0.03      0.00       1.78 r
  data arrival time                                                                      1.78

  clock clk (rise edge)                                                       2.00       2.00
  clock network delay (ideal)                                                 0.00       2.00
  clock uncertainty                                                          -0.10       1.90
  u_dut/z_o_reg[0]/CK (DFFRPQA_X2M_A6P5PP140ZTS_C35)                          0.00       1.90 r
  library setup time                                                         -0.04       1.86
  data required time                                                                     1.86
  ----------------------------------------------------------------------------------------------
  data required time                                                                     1.86
  data arrival time                                                                     -1.78
  ----------------------------------------------------------------------------------------------
  slack (MET)                                                                            0.08


  Startpoint: b_i[2] (input port clocked by clk)
  Endpoint: u_dut/z_o_reg[1]
            (rising edge-triggered flip-flop clocked by clk)
  Path Group: clk
  Path Type: max

  Des/Clust/Port     Wire Load Model       Library
  ------------------------------------------------
  char_top           Zero                  sc6p5mcpp140z_cln22ul_base_svt_c35_tt_typical_max_0p80v_25c

  Point                                       Fanout       Cap     Trans      Incr       Path
  ----------------------------------------------------------------------------------------------
  clock clk (rise edge)                                                       0.00       0.00
  clock network delay (ideal)                                                 0.00       0.00
  input external delay                                                        0.20       0.20 f
  b_i[2] (in)                                                       0.05      0.00       0.20 f
  b_i[2] (net)                                  5         0.00                0.00       0.20 f
  U92/Y (INV_X1M_A6P5PP140ZTS_C35)                                  0.02      0.02       0.22 r
  n43 (net)                                     1         0.00                0.00       0.22 r
  U93/Y (AO12_X1M_A6P5PP140ZTS_C35)                                 0.02      0.03       0.25 r
  n54 (net)                                     1         0.00                0.00       0.25 r
  U110/S (ADDF_X1M_A6P5PP140ZTS_C35)                                0.01      0.06       0.32 f
  n47 (net)                                     1         0.00                0.00       0.32 f
  U99/Y (AND2_X1M_A6P5PP140ZTS_C35)                                 0.02      0.03       0.34 f
  n66 (net)                                     4         0.00                0.00       0.34 f
  U49/Y (AND2_X1M_A6P5PP140ZTS_C35)                                 0.01      0.02       0.37 f
  n26 (net)                                     1         0.00                0.00       0.37 f
  U53/Y (AO12_X1M_A6P5PP140ZTS_C35)                                 0.02      0.04       0.41 f
  n29 (net)                                     1         0.00                0.00       0.41 f
  U30/Y (AOI21_X2M_A6P5PP140ZTS_C35)                                0.10      0.07       0.47 r
  n209 (net)                                   15         0.01                0.00       0.47 r
  U46/Y (MXT2_X1M_A6P5PP140ZTS_C35)                                 0.03      0.07       0.54 f
  n153 (net)                                    5         0.00                0.00       0.54 f
  U135/Y (OR2_X1M_A6P5PP140ZTS_C35)                                 0.02      0.04       0.58 f
  n79 (net)                                     1         0.00                0.00       0.58 f
  U145/CO (ADDF_X1M_A6P5PP140ZTS_C35)                               0.02      0.05       0.63 f
  n73 (net)                                     1         0.00                0.00       0.63 f
  U137/CO (ADDF_X1M_A6P5PP140ZTS_C35)                               0.02      0.04       0.67 f
  n72 (net)                                     1         0.00                0.00       0.67 f
  U76/Y (XOR2_X0P5M_A6P5PP140ZTS_C35)                               0.03      0.03       0.70 f
  n97 (net)                                     3         0.00                0.00       0.70 f
  U158/Y (NOR2XB_X1M_A6P5PP140ZTS_C35)                              0.03      0.03       0.74 r
  n176 (net)                                    3         0.00                0.00       0.74 r
  U159/Y (INV_X1M_A6P5PP140ZTS_C35)                                 0.02      0.02       0.75 f
  n104 (net)                                    3         0.00                0.00       0.75 f
  U161/Y (NOR2_X1A_A6P5PP140ZTS_C35)                                0.02      0.02       0.77 r
  n95 (net)                                     1         0.00                0.00       0.77 r
  U70/Y (XNOR2_X0P5M_A6P5PP140ZTS_C35)                              0.06      0.02       0.80 f
  n40 (net)                                     2         0.00                0.00       0.80 f
  U162/Y (NOR2_X1A_A6P5PP140ZTS_C35)                                0.04      0.04       0.84 r
  n186 (net)                                    2         0.00                0.00       0.84 r
  U79/Y (NAND2_X1A_A6P5PP140ZTS_C35)                                0.03      0.02       0.86 f
  n171 (net)                                    2         0.00                0.00       0.86 f
  U168/Y (NOR2_X1A_A6P5PP140ZTS_C35)                                0.03      0.03       0.89 r
  n169 (net)                                    2         0.00                0.00       0.89 r
  U172/Y (NAND2_X1A_A6P5PP140ZTS_C35)                               0.03      0.02       0.92 f
  n123 (net)                                    2         0.00                0.00       0.92 f
  U174/Y (NOR2_X1A_A6P5PP140ZTS_C35)                                0.03      0.03       0.94 r
  n121 (net)                                    2         0.00                0.00       0.94 r
  U68/Y (AO12_X1M_A6P5PP140ZTS_C35)                                 0.02      0.03       0.98 r
  n38 (net)                                     1         0.00                0.00       0.98 r
  U183/CO (ADDF_X1M_A6P5PP140ZTS_C35)                               0.02      0.05       1.02 r
  n134 (net)                                    1         0.00                0.00       1.02 r
  U188/CO (ADDF_X1M_A6P5PP140ZTS_C35)                               0.02      0.05       1.07 r
  n130 (net)                                    1         0.00                0.00       1.07 r
  U185/CO (ADDF_X1M_A6P5PP140ZTS_C35)                               0.02      0.04       1.11 r
  n119 (net)                                    1         0.00                0.00       1.11 r
  U85/Y (NOR2_X1A_A6P5PP140ZTS_C35)                                 0.03      0.02       1.13 f
  n212 (net)                                    4         0.00                0.00       1.13 f
  U182/Y (NAND2_X1A_A6P5PP140ZTS_C35)                               0.02      0.02       1.15 r
  n129 (net)                                    1         0.00                0.00       1.15 r
  U72/Y (XNOR2_X0P5M_A6P5PP140ZTS_C35)                              0.03      0.03       1.18 r
  n157 (net)                                    2         0.00                0.00       1.18 r
  U184/Y (INV_X1M_A6P5PP140ZTS_C35)                                 0.03      0.03       1.21 f
  n138 (net)                                    6         0.00                0.00       1.21 f
  U192/Y (NAND2_X1A_A6P5PP140ZTS_C35)                               0.02      0.02       1.22 r
  n141 (net)                                    1         0.00                0.00       1.22 r
  U25/Y (OAI21_X1M_A6P5PP140ZTS_C35)                                0.02      0.02       1.25 f
  n142 (net)                                    2         0.00                0.00       1.25 f
  U55/Y (AND2_X1M_A6P5PP140ZTS_C35)                                 0.01      0.03       1.27 f
  n31 (net)                                     1         0.00                0.00       1.27 f
  U198/Y (NOR2_X1A_A6P5PP140ZTS_C35)                                0.02      0.01       1.29 r
  n152 (net)                                    1         0.00                0.00       1.29 r
  U201/Y (NOR2_X1A_A6P5PP140ZTS_C35)                                0.02      0.02       1.30 f
  n194 (net)                                    4         0.00                0.00       1.30 f
  U202/Y (NOR2_X1A_A6P5PP140ZTS_C35)                                0.03      0.03       1.33 r
  n192 (net)                                    3         0.00                0.00       1.33 r
  U211/Y (NAND2_X1A_A6P5PP140ZTS_C35)                               0.02      0.02       1.35 f
  n166 (net)                                    1         0.00                0.00       1.35 f
  U213/Y (NAND2_X1M_A6P5PP140ZTS_C35)                               0.03      0.02       1.37 r
  n179 (net)                                    4         0.00                0.00       1.37 r
  U219/Y (INV_X1M_A6P5PP140ZTS_C35)                                 0.02      0.02       1.39 f
  n265 (net)                                    2         0.00                0.00       1.39 f
  U220/Y (NOR2_X1A_A6P5PP140ZTS_C35)                                0.03      0.03       1.42 r
  n184 (net)                                    3         0.00                0.00       1.42 r
  U27/Y (INV_X1M_A6P5PP140ZTS_C35)                                  0.03      0.02       1.44 f
  n235 (net)                                    5         0.00                0.00       1.44 f
  U233/Y (OAI211_X1M_A6P5PP140ZTS_C35)                              0.03      0.03       1.48 r
  n222 (net)                                    2         0.00                0.00       1.48 r
  U234/Y (NOR2_X1A_A6P5PP140ZTS_C35)                                0.01      0.01       1.49 f
  n198 (net)                                    1         0.00                0.00       1.49 f
  U237/Y (AO21A1AI2_X1M_A6P5PP140ZTS_C35)                           0.03      0.03       1.52 r
  n207 (net)                                    1         0.00                0.00       1.52 r
  U243/Y (NOR2_X1A_A6P5PP140ZTS_C35)                                0.02      0.02       1.54 f
  n300 (net)                                    3         0.00                0.00       1.54 f
  U277/Y (NOR2_X1A_A6P5PP140ZTS_C35)                                0.02      0.02       1.56 r
  n253 (net)                                    2         0.00                0.00       1.56 r
  U84/Y (NAND2_X1M_A6P5PP140ZTS_C35)                                0.02      0.02       1.58 f
  n261 (net)                                    2         0.00                0.00       1.58 f
  U279/Y (XNOR2_X0P5M_A6P5PP140ZTS_C35)                             0.03      0.03       1.61 f
  n274 (net)                                    2         0.00                0.00       1.61 f
  U281/Y (NAND2_X1A_A6P5PP140ZTS_C35)                               0.01      0.02       1.63 r
  n256 (net)                                    1         0.00                0.00       1.63 r
  U282/Y (NOR2_X1A_A6P5PP140ZTS_C35)                                0.02      0.01       1.64 f
  n285 (net)                                    2         0.00                0.00       1.64 f
  U61/Y (NOR2_X1A_A6P5PP140ZTS_C35)                                 0.04      0.03       1.67 r
  n298 (net)                                    4         0.00                0.00       1.67 r
  U295/Y (AO21A1AI2_X1M_A6P5PP140ZTS_C35)                           0.03      0.02       1.70 f
  n272 (net)                                    1         0.00                0.00       1.70 f
  U296/Y (NAND2_X1M_A6P5PP140ZTS_C35)                               0.03      0.03       1.72 r
  u_dut/z_e3m2[4] (net)                         3         0.00                0.00       1.72 r
  U303/Y (INV_X1M_A6P5PP140ZTS_C35)                                 0.02      0.02       1.74 f
  n304 (net)                                    2         0.00                0.00       1.74 f
  U319/CON (CGENI_X1M_A6P5PP140ZTS_C35)                             0.03      0.03       1.76 r
  u_dut/N69 (net)                               1         0.00                0.00       1.76 r
  u_dut/z_o_reg[1]/D (DFFRPQA_X2M_A6P5PP140ZTS_C35)                 0.03      0.00       1.76 r
  data arrival time                                                                      1.76

  clock clk (rise edge)                                                       2.00       2.00
  clock network delay (ideal)                                                 0.00       2.00
  clock uncertainty                                                          -0.10       1.90
  u_dut/z_o_reg[1]/CK (DFFRPQA_X2M_A6P5PP140ZTS_C35)                          0.00       1.90 r
  library setup time                                                         -0.04       1.86
  data required time                                                                     1.86
  ----------------------------------------------------------------------------------------------
  data required time                                                                     1.86
  data arrival time                                                                     -1.76
  ----------------------------------------------------------------------------------------------
  slack (MET)                                                                            0.10


  Startpoint: b_i[2] (input port clocked by clk)
  Endpoint: u_dut/z_o_reg[1]
            (rising edge-triggered flip-flop clocked by clk)
  Path Group: clk
  Path Type: max

  Des/Clust/Port     Wire Load Model       Library
  ------------------------------------------------
  char_top           Zero                  sc6p5mcpp140z_cln22ul_base_svt_c35_tt_typical_max_0p80v_25c

  Point                                       Fanout       Cap     Trans      Incr       Path
  ----------------------------------------------------------------------------------------------
  clock clk (rise edge)                                                       0.00       0.00
  clock network delay (ideal)                                                 0.00       0.00
  input external delay                                                        0.20       0.20 f
  b_i[2] (in)                                                       0.05      0.00       0.20 f
  b_i[2] (net)                                  5         0.00                0.00       0.20 f
  U92/Y (INV_X1M_A6P5PP140ZTS_C35)                                  0.02      0.02       0.22 r
  n43 (net)                                     1         0.00                0.00       0.22 r
  U93/Y (AO12_X1M_A6P5PP140ZTS_C35)                                 0.02      0.03       0.25 r
  n54 (net)                                     1         0.00                0.00       0.25 r
  U110/S (ADDF_X1M_A6P5PP140ZTS_C35)                                0.01      0.06       0.32 f
  n47 (net)                                     1         0.00                0.00       0.32 f
  U99/Y (AND2_X1M_A6P5PP140ZTS_C35)                                 0.02      0.03       0.34 f
  n66 (net)                                     4         0.00                0.00       0.34 f
  U49/Y (AND2_X1M_A6P5PP140ZTS_C35)                                 0.01      0.02       0.37 f
  n26 (net)                                     1         0.00                0.00       0.37 f
  U53/Y (AO12_X1M_A6P5PP140ZTS_C35)                                 0.02      0.04       0.41 f
  n29 (net)                                     1         0.00                0.00       0.41 f
  U30/Y (AOI21_X2M_A6P5PP140ZTS_C35)                                0.10      0.07       0.47 r
  n209 (net)                                   15         0.01                0.00       0.47 r
  U46/Y (MXT2_X1M_A6P5PP140ZTS_C35)                                 0.03      0.07       0.54 f
  n153 (net)                                    5         0.00                0.00       0.54 f
  U135/Y (OR2_X1M_A6P5PP140ZTS_C35)                                 0.02      0.04       0.58 f
  n79 (net)                                     1         0.00                0.00       0.58 f
  U145/CO (ADDF_X1M_A6P5PP140ZTS_C35)                               0.02      0.05       0.63 f
  n73 (net)                                     1         0.00                0.00       0.63 f
  U137/CO (ADDF_X1M_A6P5PP140ZTS_C35)                               0.02      0.04       0.67 f
  n72 (net)                                     1         0.00                0.00       0.67 f
  U76/Y (XOR2_X0P5M_A6P5PP140ZTS_C35)                               0.03      0.03       0.70 f
  n97 (net)                                     3         0.00                0.00       0.70 f
  U158/Y (NOR2XB_X1M_A6P5PP140ZTS_C35)                              0.03      0.03       0.74 r
  n176 (net)                                    3         0.00                0.00       0.74 r
  U159/Y (INV_X1M_A6P5PP140ZTS_C35)                                 0.02      0.02       0.75 f
  n104 (net)                                    3         0.00                0.00       0.75 f
  U161/Y (NOR2_X1A_A6P5PP140ZTS_C35)                                0.02      0.02       0.77 r
  n95 (net)                                     1         0.00                0.00       0.77 r
  U70/Y (XNOR2_X0P5M_A6P5PP140ZTS_C35)                              0.06      0.02       0.80 f
  n40 (net)                                     2         0.00                0.00       0.80 f
  U162/Y (NOR2_X1A_A6P5PP140ZTS_C35)                                0.04      0.04       0.84 r
  n186 (net)                                    2         0.00                0.00       0.84 r
  U79/Y (NAND2_X1A_A6P5PP140ZTS_C35)                                0.03      0.02       0.86 f
  n171 (net)                                    2         0.00                0.00       0.86 f
  U168/Y (NOR2_X1A_A6P5PP140ZTS_C35)                                0.03      0.03       0.89 r
  n169 (net)                                    2         0.00                0.00       0.89 r
  U172/Y (NAND2_X1A_A6P5PP140ZTS_C35)                               0.03      0.02       0.92 f
  n123 (net)                                    2         0.00                0.00       0.92 f
  U174/Y (NOR2_X1A_A6P5PP140ZTS_C35)                                0.03      0.03       0.94 r
  n121 (net)                                    2         0.00                0.00       0.94 r
  U68/Y (AO12_X1M_A6P5PP140ZTS_C35)                                 0.02      0.03       0.98 r
  n38 (net)                                     1         0.00                0.00       0.98 r
  U183/CO (ADDF_X1M_A6P5PP140ZTS_C35)                               0.02      0.05       1.02 r
  n134 (net)                                    1         0.00                0.00       1.02 r
  U188/CO (ADDF_X1M_A6P5PP140ZTS_C35)                               0.02      0.05       1.07 r
  n130 (net)                                    1         0.00                0.00       1.07 r
  U185/CO (ADDF_X1M_A6P5PP140ZTS_C35)                               0.02      0.04       1.11 r
  n119 (net)                                    1         0.00                0.00       1.11 r
  U85/Y (NOR2_X1A_A6P5PP140ZTS_C35)                                 0.03      0.02       1.13 f
  n212 (net)                                    4         0.00                0.00       1.13 f
  U182/Y (NAND2_X1A_A6P5PP140ZTS_C35)                               0.02      0.02       1.15 r
  n129 (net)                                    1         0.00                0.00       1.15 r
  U72/Y (XNOR2_X0P5M_A6P5PP140ZTS_C35)                              0.03      0.03       1.18 r
  n157 (net)                                    2         0.00                0.00       1.18 r
  U184/Y (INV_X1M_A6P5PP140ZTS_C35)                                 0.03      0.03       1.21 f
  n138 (net)                                    6         0.00                0.00       1.21 f
  U192/Y (NAND2_X1A_A6P5PP140ZTS_C35)                               0.02      0.02       1.22 r
  n141 (net)                                    1         0.00                0.00       1.22 r
  U25/Y (OAI21_X1M_A6P5PP140ZTS_C35)                                0.02      0.02       1.25 f
  n142 (net)                                    2         0.00                0.00       1.25 f
  U55/Y (AND2_X1M_A6P5PP140ZTS_C35)                                 0.01      0.03       1.27 f
  n31 (net)                                     1         0.00                0.00       1.27 f
  U198/Y (NOR2_X1A_A6P5PP140ZTS_C35)                                0.02      0.01       1.29 r
  n152 (net)                                    1         0.00                0.00       1.29 r
  U201/Y (NOR2_X1A_A6P5PP140ZTS_C35)                                0.02      0.02       1.30 f
  n194 (net)                                    4         0.00                0.00       1.30 f
  U202/Y (NOR2_X1A_A6P5PP140ZTS_C35)                                0.03      0.03       1.33 r
  n192 (net)                                    3         0.00                0.00       1.33 r
  U211/Y (NAND2_X1A_A6P5PP140ZTS_C35)                               0.02      0.02       1.35 f
  n166 (net)                                    1         0.00                0.00       1.35 f
  U213/Y (NAND2_X1M_A6P5PP140ZTS_C35)                               0.03      0.02       1.37 r
  n179 (net)                                    4         0.00                0.00       1.37 r
  U219/Y (INV_X1M_A6P5PP140ZTS_C35)                                 0.02      0.02       1.39 f
  n265 (net)                                    2         0.00                0.00       1.39 f
  U220/Y (NOR2_X1A_A6P5PP140ZTS_C35)                                0.03      0.03       1.42 r
  n184 (net)                                    3         0.00                0.00       1.42 r
  U27/Y (INV_X1M_A6P5PP140ZTS_C35)                                  0.03      0.02       1.44 f
  n235 (net)                                    5         0.00                0.00       1.44 f
  U233/Y (OAI211_X1M_A6P5PP140ZTS_C35)                              0.03      0.03       1.48 r
  n222 (net)                                    2         0.00                0.00       1.48 r
  U234/Y (NOR2_X1A_A6P5PP140ZTS_C35)                                0.01      0.01       1.49 f
  n198 (net)                                    1         0.00                0.00       1.49 f
  U237/Y (AO21A1AI2_X1M_A6P5PP140ZTS_C35)                           0.03      0.03       1.52 r
  n207 (net)                                    1         0.00                0.00       1.52 r
  U243/Y (NOR2_X1A_A6P5PP140ZTS_C35)                                0.02      0.02       1.54 f
  n300 (net)                                    3         0.00                0.00       1.54 f
  U277/Y (NOR2_X1A_A6P5PP140ZTS_C35)                                0.02      0.02       1.56 r
  n253 (net)                                    2         0.00                0.00       1.56 r
  U84/Y (NAND2_X1M_A6P5PP140ZTS_C35)                                0.02      0.02       1.58 f
  n261 (net)                                    2         0.00                0.00       1.58 f
  U279/Y (XNOR2_X0P5M_A6P5PP140ZTS_C35)                             0.03      0.03       1.61 f
  n274 (net)                                    2         0.00                0.00       1.61 f
  U281/Y (NAND2_X1A_A6P5PP140ZTS_C35)                               0.01      0.02       1.63 r
  n256 (net)                                    1         0.00                0.00       1.63 r
  U282/Y (NOR2_X1A_A6P5PP140ZTS_C35)                                0.02      0.01       1.64 f
  n285 (net)                                    2         0.00                0.00       1.64 f
  U61/Y (NOR2_X1A_A6P5PP140ZTS_C35)                                 0.04      0.03       1.67 r
  n298 (net)                                    4         0.00                0.00       1.67 r
  U295/Y (AO21A1AI2_X1M_A6P5PP140ZTS_C35)                           0.03      0.02       1.70 f
  n272 (net)                                    1         0.00                0.00       1.70 f
  U296/Y (NAND2_X1M_A6P5PP140ZTS_C35)                               0.03      0.03       1.72 r
  u_dut/z_e3m2[4] (net)                         3         0.00                0.00       1.72 r
  U303/Y (INV_X1M_A6P5PP140ZTS_C35)                                 0.02      0.02       1.74 f
  n304 (net)                                    2         0.00                0.00       1.74 f
  U319/CON (CGENI_X1M_A6P5PP140ZTS_C35)                             0.03      0.03       1.76 r
  u_dut/N69 (net)                               1         0.00                0.00       1.76 r
  u_dut/z_o_reg[1]/D (DFFRPQA_X2M_A6P5PP140ZTS_C35)                 0.03      0.00       1.76 r
  data arrival time                                                                      1.76

  clock clk (rise edge)                                                       2.00       2.00
  clock network delay (ideal)                                                 0.00       2.00
  clock uncertainty                                                          -0.10       1.90
  u_dut/z_o_reg[1]/CK (DFFRPQA_X2M_A6P5PP140ZTS_C35)                          0.00       1.90 r
  library setup time                                                         -0.04       1.86
  data required time                                                                     1.86
  ----------------------------------------------------------------------------------------------
  data required time                                                                     1.86
  data arrival time                                                                     -1.76
  ----------------------------------------------------------------------------------------------
  slack (MET)                                                                            0.10


  Startpoint: b_i[2] (input port clocked by clk)
  Endpoint: u_dut/z_o_reg[1]
            (rising edge-triggered flip-flop clocked by clk)
  Path Group: clk
  Path Type: max

  Des/Clust/Port     Wire Load Model       Library
  ------------------------------------------------
  char_top           Zero                  sc6p5mcpp140z_cln22ul_base_svt_c35_tt_typical_max_0p80v_25c

  Point                                       Fanout       Cap     Trans      Incr       Path
  ----------------------------------------------------------------------------------------------
  clock clk (rise edge)                                                       0.00       0.00
  clock network delay (ideal)                                                 0.00       0.00
  input external delay                                                        0.20       0.20 f
  b_i[2] (in)                                                       0.05      0.00       0.20 f
  b_i[2] (net)                                  5         0.00                0.00       0.20 f
  U92/Y (INV_X1M_A6P5PP140ZTS_C35)                                  0.02      0.02       0.22 r
  n43 (net)                                     1         0.00                0.00       0.22 r
  U93/Y (AO12_X1M_A6P5PP140ZTS_C35)                                 0.02      0.03       0.25 r
  n54 (net)                                     1         0.00                0.00       0.25 r
  U110/S (ADDF_X1M_A6P5PP140ZTS_C35)                                0.01      0.06       0.32 f
  n47 (net)                                     1         0.00                0.00       0.32 f
  U99/Y (AND2_X1M_A6P5PP140ZTS_C35)                                 0.02      0.03       0.34 f
  n66 (net)                                     4         0.00                0.00       0.34 f
  U49/Y (AND2_X1M_A6P5PP140ZTS_C35)                                 0.01      0.02       0.37 f
  n26 (net)                                     1         0.00                0.00       0.37 f
  U53/Y (AO12_X1M_A6P5PP140ZTS_C35)                                 0.02      0.04       0.41 f
  n29 (net)                                     1         0.00                0.00       0.41 f
  U30/Y (AOI21_X2M_A6P5PP140ZTS_C35)                                0.10      0.07       0.47 r
  n209 (net)                                   15         0.01                0.00       0.47 r
  U46/Y (MXT2_X1M_A6P5PP140ZTS_C35)                                 0.03      0.07       0.54 f
  n153 (net)                                    5         0.00                0.00       0.54 f
  U135/Y (OR2_X1M_A6P5PP140ZTS_C35)                                 0.02      0.04       0.58 f
  n79 (net)                                     1         0.00                0.00       0.58 f
  U145/CO (ADDF_X1M_A6P5PP140ZTS_C35)                               0.02      0.05       0.63 f
  n73 (net)                                     1         0.00                0.00       0.63 f
  U137/CO (ADDF_X1M_A6P5PP140ZTS_C35)                               0.02      0.04       0.67 f
  n72 (net)                                     1         0.00                0.00       0.67 f
  U76/Y (XOR2_X0P5M_A6P5PP140ZTS_C35)                               0.03      0.03       0.70 f
  n97 (net)                                     3         0.00                0.00       0.70 f
  U158/Y (NOR2XB_X1M_A6P5PP140ZTS_C35)                              0.03      0.03       0.74 r
  n176 (net)                                    3         0.00                0.00       0.74 r
  U159/Y (INV_X1M_A6P5PP140ZTS_C35)                                 0.02      0.02       0.75 f
  n104 (net)                                    3         0.00                0.00       0.75 f
  U161/Y (NOR2_X1A_A6P5PP140ZTS_C35)                                0.02      0.02       0.77 r
  n95 (net)                                     1         0.00                0.00       0.77 r
  U70/Y (XNOR2_X0P5M_A6P5PP140ZTS_C35)                              0.06      0.02       0.80 f
  n40 (net)                                     2         0.00                0.00       0.80 f
  U162/Y (NOR2_X1A_A6P5PP140ZTS_C35)                                0.04      0.04       0.84 r
  n186 (net)                                    2         0.00                0.00       0.84 r
  U79/Y (NAND2_X1A_A6P5PP140ZTS_C35)                                0.03      0.02       0.86 f
  n171 (net)                                    2         0.00                0.00       0.86 f
  U168/Y (NOR2_X1A_A6P5PP140ZTS_C35)                                0.03      0.03       0.89 r
  n169 (net)                                    2         0.00                0.00       0.89 r
  U172/Y (NAND2_X1A_A6P5PP140ZTS_C35)                               0.03      0.02       0.92 f
  n123 (net)                                    2         0.00                0.00       0.92 f
  U174/Y (NOR2_X1A_A6P5PP140ZTS_C35)                                0.03      0.03       0.94 r
  n121 (net)                                    2         0.00                0.00       0.94 r
  U68/Y (AO12_X1M_A6P5PP140ZTS_C35)                                 0.02      0.03       0.98 r
  n38 (net)                                     1         0.00                0.00       0.98 r
  U183/CO (ADDF_X1M_A6P5PP140ZTS_C35)                               0.02      0.04       1.02 r
  n134 (net)                                    1         0.00                0.00       1.02 r
  U188/CO (ADDF_X1M_A6P5PP140ZTS_C35)                               0.02      0.05       1.07 r
  n130 (net)                                    1         0.00                0.00       1.07 r
  U185/CO (ADDF_X1M_A6P5PP140ZTS_C35)                               0.02      0.04       1.11 r
  n119 (net)                                    1         0.00                0.00       1.11 r
  U85/Y (NOR2_X1A_A6P5PP140ZTS_C35)                                 0.03      0.02       1.13 f
  n212 (net)                                    4         0.00                0.00       1.13 f
  U182/Y (NAND2_X1A_A6P5PP140ZTS_C35)                               0.02      0.02       1.15 r
  n129 (net)                                    1         0.00                0.00       1.15 r
  U72/Y (XNOR2_X0P5M_A6P5PP140ZTS_C35)                              0.03      0.03       1.18 r
  n157 (net)                                    2         0.00                0.00       1.18 r
  U184/Y (INV_X1M_A6P5PP140ZTS_C35)                                 0.03      0.03       1.21 f
  n138 (net)                                    6         0.00                0.00       1.21 f
  U192/Y (NAND2_X1A_A6P5PP140ZTS_C35)                               0.02      0.02       1.22 r
  n141 (net)                                    1         0.00                0.00       1.22 r
  U25/Y (OAI21_X1M_A6P5PP140ZTS_C35)                                0.02      0.02       1.25 f
  n142 (net)                                    2         0.00                0.00       1.25 f
  U55/Y (AND2_X1M_A6P5PP140ZTS_C35)                                 0.01      0.03       1.27 f
  n31 (net)                                     1         0.00                0.00       1.27 f
  U198/Y (NOR2_X1A_A6P5PP140ZTS_C35)                                0.02      0.01       1.28 r
  n152 (net)                                    1         0.00                0.00       1.28 r
  U201/Y (NOR2_X1A_A6P5PP140ZTS_C35)                                0.02      0.02       1.30 f
  n194 (net)                                    4         0.00                0.00       1.30 f
  U202/Y (NOR2_X1A_A6P5PP140ZTS_C35)                                0.03      0.03       1.33 r
  n192 (net)                                    3         0.00                0.00       1.33 r
  U211/Y (NAND2_X1A_A6P5PP140ZTS_C35)                               0.02      0.02       1.35 f
  n166 (net)                                    1         0.00                0.00       1.35 f
  U213/Y (NAND2_X1M_A6P5PP140ZTS_C35)                               0.03      0.02       1.37 r
  n179 (net)                                    4         0.00                0.00       1.37 r
  U219/Y (INV_X1M_A6P5PP140ZTS_C35)                                 0.02      0.02       1.39 f
  n265 (net)                                    2         0.00                0.00       1.39 f
  U220/Y (NOR2_X1A_A6P5PP140ZTS_C35)                                0.03      0.03       1.42 r
  n184 (net)                                    3         0.00                0.00       1.42 r
  U27/Y (INV_X1M_A6P5PP140ZTS_C35)                                  0.03      0.02       1.44 f
  n235 (net)                                    5         0.00                0.00       1.44 f
  U233/Y (OAI211_X1M_A6P5PP140ZTS_C35)                              0.03      0.03       1.47 r
  n222 (net)                                    2         0.00                0.00       1.47 r
  U234/Y (NOR2_X1A_A6P5PP140ZTS_C35)                                0.01      0.01       1.49 f
  n198 (net)                                    1         0.00                0.00       1.49 f
  U237/Y (AO21A1AI2_X1M_A6P5PP140ZTS_C35)                           0.03      0.03       1.52 r
  n207 (net)                                    1         0.00                0.00       1.52 r
  U243/Y (NOR2_X1A_A6P5PP140ZTS_C35)                                0.02      0.02       1.54 f
  n300 (net)                                    3         0.00                0.00       1.54 f
  U277/Y (NOR2_X1A_A6P5PP140ZTS_C35)                                0.02      0.02       1.56 r
  n253 (net)                                    2         0.00                0.00       1.56 r
  U84/Y (NAND2_X1M_A6P5PP140ZTS_C35)                                0.02      0.02       1.58 f
  n261 (net)                                    2         0.00                0.00       1.58 f
  U279/Y (XNOR2_X0P5M_A6P5PP140ZTS_C35)                             0.03      0.03       1.61 f
  n274 (net)                                    2         0.00                0.00       1.61 f
  U281/Y (NAND2_X1A_A6P5PP140ZTS_C35)                               0.01      0.02       1.63 r
  n256 (net)                                    1         0.00                0.00       1.63 r
  U282/Y (NOR2_X1A_A6P5PP140ZTS_C35)                                0.02      0.01       1.64 f
  n285 (net)                                    2         0.00                0.00       1.64 f
  U61/Y (NOR2_X1A_A6P5PP140ZTS_C35)                                 0.04      0.03       1.67 r
  n298 (net)                                    4         0.00                0.00       1.67 r
  U295/Y (AO21A1AI2_X1M_A6P5PP140ZTS_C35)                           0.03      0.02       1.70 f
  n272 (net)                                    1         0.00                0.00       1.70 f
  U296/Y (NAND2_X1M_A6P5PP140ZTS_C35)                               0.03      0.03       1.72 r
  u_dut/z_e3m2[4] (net)                         3         0.00                0.00       1.72 r
  U303/Y (INV_X1M_A6P5PP140ZTS_C35)                                 0.02      0.02       1.74 f
  n304 (net)                                    2         0.00                0.00       1.74 f
  U319/CON (CGENI_X1M_A6P5PP140ZTS_C35)                             0.03      0.03       1.76 r
  u_dut/N69 (net)                               1         0.00                0.00       1.76 r
  u_dut/z_o_reg[1]/D (DFFRPQA_X2M_A6P5PP140ZTS_C35)                 0.03      0.00       1.76 r
  data arrival time                                                                      1.76

  clock clk (rise edge)                                                       2.00       2.00
  clock network delay (ideal)                                                 0.00       2.00
  clock uncertainty                                                          -0.10       1.90
  u_dut/z_o_reg[1]/CK (DFFRPQA_X2M_A6P5PP140ZTS_C35)                          0.00       1.90 r
  library setup time                                                         -0.04       1.86
  data required time                                                                     1.86
  ----------------------------------------------------------------------------------------------
  data required time                                                                     1.86
  data arrival time                                                                     -1.76
  ----------------------------------------------------------------------------------------------
  slack (MET)                                                                            0.10


  Startpoint: b_i[2] (input port clocked by clk)
  Endpoint: u_dut/z_o_reg[1]
            (rising edge-triggered flip-flop clocked by clk)
  Path Group: clk
  Path Type: max

  Des/Clust/Port     Wire Load Model       Library
  ------------------------------------------------
  char_top           Zero                  sc6p5mcpp140z_cln22ul_base_svt_c35_tt_typical_max_0p80v_25c

  Point                                       Fanout       Cap     Trans      Incr       Path
  ----------------------------------------------------------------------------------------------
  clock clk (rise edge)                                                       0.00       0.00
  clock network delay (ideal)                                                 0.00       0.00
  input external delay                                                        0.20       0.20 f
  b_i[2] (in)                                                       0.05      0.00       0.20 f
  b_i[2] (net)                                  5         0.00                0.00       0.20 f
  U92/Y (INV_X1M_A6P5PP140ZTS_C35)                                  0.02      0.02       0.22 r
  n43 (net)                                     1         0.00                0.00       0.22 r
  U93/Y (AO12_X1M_A6P5PP140ZTS_C35)                                 0.02      0.03       0.25 r
  n54 (net)                                     1         0.00                0.00       0.25 r
  U110/S (ADDF_X1M_A6P5PP140ZTS_C35)                                0.01      0.06       0.32 f
  n47 (net)                                     1         0.00                0.00       0.32 f
  U99/Y (AND2_X1M_A6P5PP140ZTS_C35)                                 0.02      0.03       0.34 f
  n66 (net)                                     4         0.00                0.00       0.34 f
  U49/Y (AND2_X1M_A6P5PP140ZTS_C35)                                 0.01      0.02       0.37 f
  n26 (net)                                     1         0.00                0.00       0.37 f
  U53/Y (AO12_X1M_A6P5PP140ZTS_C35)                                 0.02      0.04       0.41 f
  n29 (net)                                     1         0.00                0.00       0.41 f
  U30/Y (AOI21_X2M_A6P5PP140ZTS_C35)                                0.10      0.07       0.47 r
  n209 (net)                                   15         0.01                0.00       0.47 r
  U46/Y (MXT2_X1M_A6P5PP140ZTS_C35)                                 0.03      0.07       0.54 f
  n153 (net)                                    5         0.00                0.00       0.54 f
  U135/Y (OR2_X1M_A6P5PP140ZTS_C35)                                 0.02      0.04       0.58 f
  n79 (net)                                     1         0.00                0.00       0.58 f
  U145/CO (ADDF_X1M_A6P5PP140ZTS_C35)                               0.02      0.05       0.63 f
  n73 (net)                                     1         0.00                0.00       0.63 f
  U137/CO (ADDF_X1M_A6P5PP140ZTS_C35)                               0.02      0.04       0.67 f
  n72 (net)                                     1         0.00                0.00       0.67 f
  U76/Y (XOR2_X0P5M_A6P5PP140ZTS_C35)                               0.03      0.03       0.70 f
  n97 (net)                                     3         0.00                0.00       0.70 f
  U158/Y (NOR2XB_X1M_A6P5PP140ZTS_C35)                              0.03      0.03       0.74 r
  n176 (net)                                    3         0.00                0.00       0.74 r
  U159/Y (INV_X1M_A6P5PP140ZTS_C35)                                 0.02      0.02       0.75 f
  n104 (net)                                    3         0.00                0.00       0.75 f
  U161/Y (NOR2_X1A_A6P5PP140ZTS_C35)                                0.02      0.02       0.77 r
  n95 (net)                                     1         0.00                0.00       0.77 r
  U70/Y (XNOR2_X0P5M_A6P5PP140ZTS_C35)                              0.06      0.02       0.80 f
  n40 (net)                                     2         0.00                0.00       0.80 f
  U162/Y (NOR2_X1A_A6P5PP140ZTS_C35)                                0.04      0.04       0.84 r
  n186 (net)                                    2         0.00                0.00       0.84 r
  U79/Y (NAND2_X1A_A6P5PP140ZTS_C35)                                0.03      0.02       0.86 f
  n171 (net)                                    2         0.00                0.00       0.86 f
  U168/Y (NOR2_X1A_A6P5PP140ZTS_C35)                                0.03      0.03       0.89 r
  n169 (net)                                    2         0.00                0.00       0.89 r
  U172/Y (NAND2_X1A_A6P5PP140ZTS_C35)                               0.03      0.02       0.92 f
  n123 (net)                                    2         0.00                0.00       0.92 f
  U174/Y (NOR2_X1A_A6P5PP140ZTS_C35)                                0.03      0.03       0.94 r
  n121 (net)                                    2         0.00                0.00       0.94 r
  U68/Y (AO12_X1M_A6P5PP140ZTS_C35)                                 0.02      0.03       0.98 r
  n38 (net)                                     1         0.00                0.00       0.98 r
  U183/CO (ADDF_X1M_A6P5PP140ZTS_C35)                               0.02      0.05       1.02 r
  n134 (net)                                    1         0.00                0.00       1.02 r
  U188/CO (ADDF_X1M_A6P5PP140ZTS_C35)                               0.02      0.05       1.07 r
  n130 (net)                                    1         0.00                0.00       1.07 r
  U185/CO (ADDF_X1M_A6P5PP140ZTS_C35)                               0.02      0.04       1.11 r
  n119 (net)                                    1         0.00                0.00       1.11 r
  U85/Y (NOR2_X1A_A6P5PP140ZTS_C35)                                 0.03      0.02       1.13 f
  n212 (net)                                    4         0.00                0.00       1.13 f
  U182/Y (NAND2_X1A_A6P5PP140ZTS_C35)                               0.02      0.02       1.15 r
  n129 (net)                                    1         0.00                0.00       1.15 r
  U72/Y (XNOR2_X0P5M_A6P5PP140ZTS_C35)                              0.03      0.03       1.18 r
  n157 (net)                                    2         0.00                0.00       1.18 r
  U184/Y (INV_X1M_A6P5PP140ZTS_C35)                                 0.03      0.03       1.21 f
  n138 (net)                                    6         0.00                0.00       1.21 f
  U192/Y (NAND2_X1A_A6P5PP140ZTS_C35)                               0.02      0.02       1.22 r
  n141 (net)                                    1         0.00                0.00       1.22 r
  U25/Y (OAI21_X1M_A6P5PP140ZTS_C35)                                0.02      0.02       1.25 f
  n142 (net)                                    2         0.00                0.00       1.25 f
  U55/Y (AND2_X1M_A6P5PP140ZTS_C35)                                 0.01      0.03       1.27 f
  n31 (net)                                     1         0.00                0.00       1.27 f
  U198/Y (NOR2_X1A_A6P5PP140ZTS_C35)                                0.02      0.01       1.28 r
  n152 (net)                                    1         0.00                0.00       1.28 r
  U201/Y (NOR2_X1A_A6P5PP140ZTS_C35)                                0.02      0.02       1.30 f
  n194 (net)                                    4         0.00                0.00       1.30 f
  U202/Y (NOR2_X1A_A6P5PP140ZTS_C35)                                0.03      0.03       1.33 r
  n192 (net)                                    3         0.00                0.00       1.33 r
  U211/Y (NAND2_X1A_A6P5PP140ZTS_C35)                               0.02      0.02       1.35 f
  n166 (net)                                    1         0.00                0.00       1.35 f
  U213/Y (NAND2_X1M_A6P5PP140ZTS_C35)                               0.03      0.02       1.37 r
  n179 (net)                                    4         0.00                0.00       1.37 r
  U219/Y (INV_X1M_A6P5PP140ZTS_C35)                                 0.02      0.02       1.39 f
  n265 (net)                                    2         0.00                0.00       1.39 f
  U220/Y (NOR2_X1A_A6P5PP140ZTS_C35)                                0.03      0.03       1.42 r
  n184 (net)                                    3         0.00                0.00       1.42 r
  U27/Y (INV_X1M_A6P5PP140ZTS_C35)                                  0.03      0.02       1.44 f
  n235 (net)                                    5         0.00                0.00       1.44 f
  U233/Y (OAI211_X1M_A6P5PP140ZTS_C35)                              0.03      0.03       1.47 r
  n222 (net)                                    2         0.00                0.00       1.47 r
  U234/Y (NOR2_X1A_A6P5PP140ZTS_C35)                                0.01      0.01       1.49 f
  n198 (net)                                    1         0.00                0.00       1.49 f
  U237/Y (AO21A1AI2_X1M_A6P5PP140ZTS_C35)                           0.03      0.03       1.52 r
  n207 (net)                                    1         0.00                0.00       1.52 r
  U243/Y (NOR2_X1A_A6P5PP140ZTS_C35)                                0.02      0.02       1.54 f
  n300 (net)                                    3         0.00                0.00       1.54 f
  U277/Y (NOR2_X1A_A6P5PP140ZTS_C35)                                0.02      0.02       1.56 r
  n253 (net)                                    2         0.00                0.00       1.56 r
  U84/Y (NAND2_X1M_A6P5PP140ZTS_C35)                                0.02      0.02       1.58 f
  n261 (net)                                    2         0.00                0.00       1.58 f
  U279/Y (XNOR2_X0P5M_A6P5PP140ZTS_C35)                             0.03      0.03       1.61 f
  n274 (net)                                    2         0.00                0.00       1.61 f
  U281/Y (NAND2_X1A_A6P5PP140ZTS_C35)                               0.01      0.02       1.63 r
  n256 (net)                                    1         0.00                0.00       1.63 r
  U282/Y (NOR2_X1A_A6P5PP140ZTS_C35)                                0.02      0.01       1.64 f
  n285 (net)                                    2         0.00                0.00       1.64 f
  U61/Y (NOR2_X1A_A6P5PP140ZTS_C35)                                 0.04      0.03       1.67 r
  n298 (net)                                    4         0.00                0.00       1.67 r
  U295/Y (AO21A1AI2_X1M_A6P5PP140ZTS_C35)                           0.03      0.02       1.70 f
  n272 (net)                                    1         0.00                0.00       1.70 f
  U296/Y (NAND2_X1M_A6P5PP140ZTS_C35)                               0.03      0.03       1.72 r
  u_dut/z_e3m2[4] (net)                         3         0.00                0.00       1.72 r
  U303/Y (INV_X1M_A6P5PP140ZTS_C35)                                 0.02      0.02       1.74 f
  n304 (net)                                    2         0.00                0.00       1.74 f
  U319/CON (CGENI_X1M_A6P5PP140ZTS_C35)                             0.03      0.03       1.76 r
  u_dut/N69 (net)                               1         0.00                0.00       1.76 r
  u_dut/z_o_reg[1]/D (DFFRPQA_X2M_A6P5PP140ZTS_C35)                 0.03      0.00       1.76 r
  data arrival time                                                                      1.76

  clock clk (rise edge)                                                       2.00       2.00
  clock network delay (ideal)                                                 0.00       2.00
  clock uncertainty                                                          -0.10       1.90
  u_dut/z_o_reg[1]/CK (DFFRPQA_X2M_A6P5PP140ZTS_C35)                          0.00       1.90 r
  library setup time                                                         -0.04       1.86
  data required time                                                                     1.86
  ----------------------------------------------------------------------------------------------
  data required time                                                                     1.86
  data arrival time                                                                     -1.76
  ----------------------------------------------------------------------------------------------
  slack (MET)                                                                            0.10


  Startpoint: b_i[2] (input port clocked by clk)
  Endpoint: u_dut/z_o_reg[1]
            (rising edge-triggered flip-flop clocked by clk)
  Path Group: clk
  Path Type: max

  Des/Clust/Port     Wire Load Model       Library
  ------------------------------------------------
  char_top           Zero                  sc6p5mcpp140z_cln22ul_base_svt_c35_tt_typical_max_0p80v_25c

  Point                                       Fanout       Cap     Trans      Incr       Path
  ----------------------------------------------------------------------------------------------
  clock clk (rise edge)                                                       0.00       0.00
  clock network delay (ideal)                                                 0.00       0.00
  input external delay                                                        0.20       0.20 f
  b_i[2] (in)                                                       0.05      0.00       0.20 f
  b_i[2] (net)                                  5         0.00                0.00       0.20 f
  U92/Y (INV_X1M_A6P5PP140ZTS_C35)                                  0.02      0.02       0.22 r
  n43 (net)                                     1         0.00                0.00       0.22 r
  U93/Y (AO12_X1M_A6P5PP140ZTS_C35)                                 0.02      0.03       0.25 r
  n54 (net)                                     1         0.00                0.00       0.25 r
  U110/S (ADDF_X1M_A6P5PP140ZTS_C35)                                0.01      0.06       0.32 f
  n47 (net)                                     1         0.00                0.00       0.32 f
  U99/Y (AND2_X1M_A6P5PP140ZTS_C35)                                 0.02      0.03       0.34 f
  n66 (net)                                     4         0.00                0.00       0.34 f
  U49/Y (AND2_X1M_A6P5PP140ZTS_C35)                                 0.01      0.02       0.37 f
  n26 (net)                                     1         0.00                0.00       0.37 f
  U53/Y (AO12_X1M_A6P5PP140ZTS_C35)                                 0.02      0.04       0.41 f
  n29 (net)                                     1         0.00                0.00       0.41 f
  U30/Y (AOI21_X2M_A6P5PP140ZTS_C35)                                0.10      0.07       0.47 r
  n209 (net)                                   15         0.01                0.00       0.47 r
  U46/Y (MXT2_X1M_A6P5PP140ZTS_C35)                                 0.03      0.07       0.54 f
  n153 (net)                                    5         0.00                0.00       0.54 f
  U135/Y (OR2_X1M_A6P5PP140ZTS_C35)                                 0.02      0.04       0.58 f
  n79 (net)                                     1         0.00                0.00       0.58 f
  U145/CO (ADDF_X1M_A6P5PP140ZTS_C35)                               0.02      0.05       0.63 f
  n73 (net)                                     1         0.00                0.00       0.63 f
  U137/CO (ADDF_X1M_A6P5PP140ZTS_C35)                               0.02      0.04       0.67 f
  n72 (net)                                     1         0.00                0.00       0.67 f
  U76/Y (XOR2_X0P5M_A6P5PP140ZTS_C35)                               0.03      0.03       0.70 f
  n97 (net)                                     3         0.00                0.00       0.70 f
  U158/Y (NOR2XB_X1M_A6P5PP140ZTS_C35)                              0.03      0.03       0.74 r
  n176 (net)                                    3         0.00                0.00       0.74 r
  U159/Y (INV_X1M_A6P5PP140ZTS_C35)                                 0.02      0.02       0.75 f
  n104 (net)                                    3         0.00                0.00       0.75 f
  U161/Y (NOR2_X1A_A6P5PP140ZTS_C35)                                0.02      0.02       0.77 r
  n95 (net)                                     1         0.00                0.00       0.77 r
  U70/Y (XNOR2_X0P5M_A6P5PP140ZTS_C35)                              0.06      0.02       0.80 f
  n40 (net)                                     2         0.00                0.00       0.80 f
  U162/Y (NOR2_X1A_A6P5PP140ZTS_C35)                                0.04      0.04       0.84 r
  n186 (net)                                    2         0.00                0.00       0.84 r
  U79/Y (NAND2_X1A_A6P5PP140ZTS_C35)                                0.03      0.02       0.86 f
  n171 (net)                                    2         0.00                0.00       0.86 f
  U168/Y (NOR2_X1A_A6P5PP140ZTS_C35)                                0.03      0.03       0.89 r
  n169 (net)                                    2         0.00                0.00       0.89 r
  U172/Y (NAND2_X1A_A6P5PP140ZTS_C35)                               0.03      0.02       0.92 f
  n123 (net)                                    2         0.00                0.00       0.92 f
  U174/Y (NOR2_X1A_A6P5PP140ZTS_C35)                                0.03      0.03       0.94 r
  n121 (net)                                    2         0.00                0.00       0.94 r
  U68/Y (AO12_X1M_A6P5PP140ZTS_C35)                                 0.02      0.03       0.98 r
  n38 (net)                                     1         0.00                0.00       0.98 r
  U183/CO (ADDF_X1M_A6P5PP140ZTS_C35)                               0.02      0.04       1.02 r
  n134 (net)                                    1         0.00                0.00       1.02 r
  U188/CO (ADDF_X1M_A6P5PP140ZTS_C35)                               0.02      0.05       1.07 r
  n130 (net)                                    1         0.00                0.00       1.07 r
  U185/CO (ADDF_X1M_A6P5PP140ZTS_C35)                               0.02      0.04       1.11 r
  n119 (net)                                    1         0.00                0.00       1.11 r
  U85/Y (NOR2_X1A_A6P5PP140ZTS_C35)                                 0.03      0.02       1.13 f
  n212 (net)                                    4         0.00                0.00       1.13 f
  U182/Y (NAND2_X1A_A6P5PP140ZTS_C35)                               0.02      0.02       1.15 r
  n129 (net)                                    1         0.00                0.00       1.15 r
  U72/Y (XNOR2_X0P5M_A6P5PP140ZTS_C35)                              0.03      0.03       1.18 r
  n157 (net)                                    2         0.00                0.00       1.18 r
  U184/Y (INV_X1M_A6P5PP140ZTS_C35)                                 0.03      0.03       1.21 f
  n138 (net)                                    6         0.00                0.00       1.21 f
  U192/Y (NAND2_X1A_A6P5PP140ZTS_C35)                               0.02      0.02       1.22 r
  n141 (net)                                    1         0.00                0.00       1.22 r
  U25/Y (OAI21_X1M_A6P5PP140ZTS_C35)                                0.02      0.02       1.25 f
  n142 (net)                                    2         0.00                0.00       1.25 f
  U55/Y (AND2_X1M_A6P5PP140ZTS_C35)                                 0.01      0.03       1.27 f
  n31 (net)                                     1         0.00                0.00       1.27 f
  U198/Y (NOR2_X1A_A6P5PP140ZTS_C35)                                0.02      0.01       1.28 r
  n152 (net)                                    1         0.00                0.00       1.28 r
  U201/Y (NOR2_X1A_A6P5PP140ZTS_C35)                                0.02      0.02       1.30 f
  n194 (net)                                    4         0.00                0.00       1.30 f
  U202/Y (NOR2_X1A_A6P5PP140ZTS_C35)                                0.03      0.03       1.33 r
  n192 (net)                                    3         0.00                0.00       1.33 r
  U211/Y (NAND2_X1A_A6P5PP140ZTS_C35)                               0.02      0.02       1.35 f
  n166 (net)                                    1         0.00                0.00       1.35 f
  U213/Y (NAND2_X1M_A6P5PP140ZTS_C35)                               0.03      0.02       1.37 r
  n179 (net)                                    4         0.00                0.00       1.37 r
  U219/Y (INV_X1M_A6P5PP140ZTS_C35)                                 0.02      0.02       1.39 f
  n265 (net)                                    2         0.00                0.00       1.39 f
  U220/Y (NOR2_X1A_A6P5PP140ZTS_C35)                                0.03      0.03       1.42 r
  n184 (net)                                    3         0.00                0.00       1.42 r
  U27/Y (INV_X1M_A6P5PP140ZTS_C35)                                  0.03      0.02       1.44 f
  n235 (net)                                    5         0.00                0.00       1.44 f
  U233/Y (OAI211_X1M_A6P5PP140ZTS_C35)                              0.03      0.03       1.47 r
  n222 (net)                                    2         0.00                0.00       1.47 r
  U234/Y (NOR2_X1A_A6P5PP140ZTS_C35)                                0.01      0.01       1.49 f
  n198 (net)                                    1         0.00                0.00       1.49 f
  U237/Y (AO21A1AI2_X1M_A6P5PP140ZTS_C35)                           0.03      0.03       1.52 r
  n207 (net)                                    1         0.00                0.00       1.52 r
  U243/Y (NOR2_X1A_A6P5PP140ZTS_C35)                                0.02      0.02       1.54 f
  n300 (net)                                    3         0.00                0.00       1.54 f
  U277/Y (NOR2_X1A_A6P5PP140ZTS_C35)                                0.02      0.02       1.56 r
  n253 (net)                                    2         0.00                0.00       1.56 r
  U84/Y (NAND2_X1M_A6P5PP140ZTS_C35)                                0.02      0.02       1.58 f
  n261 (net)                                    2         0.00                0.00       1.58 f
  U279/Y (XNOR2_X0P5M_A6P5PP140ZTS_C35)                             0.03      0.03       1.61 f
  n274 (net)                                    2         0.00                0.00       1.61 f
  U281/Y (NAND2_X1A_A6P5PP140ZTS_C35)                               0.01      0.02       1.63 r
  n256 (net)                                    1         0.00                0.00       1.63 r
  U282/Y (NOR2_X1A_A6P5PP140ZTS_C35)                                0.02      0.01       1.64 f
  n285 (net)                                    2         0.00                0.00       1.64 f
  U61/Y (NOR2_X1A_A6P5PP140ZTS_C35)                                 0.04      0.03       1.67 r
  n298 (net)                                    4         0.00                0.00       1.67 r
  U295/Y (AO21A1AI2_X1M_A6P5PP140ZTS_C35)                           0.03      0.02       1.70 f
  n272 (net)                                    1         0.00                0.00       1.70 f
  U296/Y (NAND2_X1M_A6P5PP140ZTS_C35)                               0.03      0.03       1.72 r
  u_dut/z_e3m2[4] (net)                         3         0.00                0.00       1.72 r
  U303/Y (INV_X1M_A6P5PP140ZTS_C35)                                 0.02      0.02       1.74 f
  n304 (net)                                    2         0.00                0.00       1.74 f
  U319/CON (CGENI_X1M_A6P5PP140ZTS_C35)                             0.03      0.03       1.76 r
  u_dut/N69 (net)                               1         0.00                0.00       1.76 r
  u_dut/z_o_reg[1]/D (DFFRPQA_X2M_A6P5PP140ZTS_C35)                 0.03      0.00       1.76 r
  data arrival time                                                                      1.76

  clock clk (rise edge)                                                       2.00       2.00
  clock network delay (ideal)                                                 0.00       2.00
  clock uncertainty                                                          -0.10       1.90
  u_dut/z_o_reg[1]/CK (DFFRPQA_X2M_A6P5PP140ZTS_C35)                          0.00       1.90 r
  library setup time                                                         -0.04       1.86
  data required time                                                                     1.86
  ----------------------------------------------------------------------------------------------
  data required time                                                                     1.86
  data arrival time                                                                     -1.76
  ----------------------------------------------------------------------------------------------
  slack (MET)                                                                            0.10


  Startpoint: b_i[2] (input port clocked by clk)
  Endpoint: u_dut/z_o_reg[3]
            (rising edge-triggered flip-flop clocked by clk)
  Path Group: clk
  Path Type: max

  Des/Clust/Port     Wire Load Model       Library
  ------------------------------------------------
  char_top           Zero                  sc6p5mcpp140z_cln22ul_base_svt_c35_tt_typical_max_0p80v_25c

  Point                                       Fanout       Cap     Trans      Incr       Path
  ----------------------------------------------------------------------------------------------
  clock clk (rise edge)                                                       0.00       0.00
  clock network delay (ideal)                                                 0.00       0.00
  input external delay                                                        0.20       0.20 f
  b_i[2] (in)                                                       0.05      0.00       0.20 f
  b_i[2] (net)                                  5         0.00                0.00       0.20 f
  U92/Y (INV_X1M_A6P5PP140ZTS_C35)                                  0.02      0.02       0.22 r
  n43 (net)                                     1         0.00                0.00       0.22 r
  U93/Y (AO12_X1M_A6P5PP140ZTS_C35)                                 0.02      0.03       0.25 r
  n54 (net)                                     1         0.00                0.00       0.25 r
  U110/S (ADDF_X1M_A6P5PP140ZTS_C35)                                0.01      0.06       0.32 f
  n47 (net)                                     1         0.00                0.00       0.32 f
  U99/Y (AND2_X1M_A6P5PP140ZTS_C35)                                 0.02      0.03       0.34 f
  n66 (net)                                     4         0.00                0.00       0.34 f
  U49/Y (AND2_X1M_A6P5PP140ZTS_C35)                                 0.01      0.02       0.37 f
  n26 (net)                                     1         0.00                0.00       0.37 f
  U53/Y (AO12_X1M_A6P5PP140ZTS_C35)                                 0.02      0.04       0.41 f
  n29 (net)                                     1         0.00                0.00       0.41 f
  U30/Y (AOI21_X2M_A6P5PP140ZTS_C35)                                0.10      0.07       0.47 r
  n209 (net)                                   15         0.01                0.00       0.47 r
  U46/Y (MXT2_X1M_A6P5PP140ZTS_C35)                                 0.03      0.07       0.54 f
  n153 (net)                                    5         0.00                0.00       0.54 f
  U135/Y (OR2_X1M_A6P5PP140ZTS_C35)                                 0.02      0.04       0.58 f
  n79 (net)                                     1         0.00                0.00       0.58 f
  U145/CO (ADDF_X1M_A6P5PP140ZTS_C35)                               0.02      0.05       0.63 f
  n73 (net)                                     1         0.00                0.00       0.63 f
  U137/CO (ADDF_X1M_A6P5PP140ZTS_C35)                               0.02      0.04       0.67 f
  n72 (net)                                     1         0.00                0.00       0.67 f
  U76/Y (XOR2_X0P5M_A6P5PP140ZTS_C35)                               0.03      0.03       0.70 f
  n97 (net)                                     3         0.00                0.00       0.70 f
  U158/Y (NOR2XB_X1M_A6P5PP140ZTS_C35)                              0.03      0.03       0.74 r
  n176 (net)                                    3         0.00                0.00       0.74 r
  U159/Y (INV_X1M_A6P5PP140ZTS_C35)                                 0.02      0.02       0.75 f
  n104 (net)                                    3         0.00                0.00       0.75 f
  U161/Y (NOR2_X1A_A6P5PP140ZTS_C35)                                0.02      0.02       0.77 r
  n95 (net)                                     1         0.00                0.00       0.77 r
  U70/Y (XNOR2_X0P5M_A6P5PP140ZTS_C35)                              0.06      0.02       0.80 f
  n40 (net)                                     2         0.00                0.00       0.80 f
  U162/Y (NOR2_X1A_A6P5PP140ZTS_C35)                                0.04      0.04       0.84 r
  n186 (net)                                    2         0.00                0.00       0.84 r
  U79/Y (NAND2_X1A_A6P5PP140ZTS_C35)                                0.03      0.02       0.86 f
  n171 (net)                                    2         0.00                0.00       0.86 f
  U168/Y (NOR2_X1A_A6P5PP140ZTS_C35)                                0.03      0.03       0.89 r
  n169 (net)                                    2         0.00                0.00       0.89 r
  U172/Y (NAND2_X1A_A6P5PP140ZTS_C35)                               0.03      0.02       0.92 f
  n123 (net)                                    2         0.00                0.00       0.92 f
  U174/Y (NOR2_X1A_A6P5PP140ZTS_C35)                                0.03      0.03       0.94 r
  n121 (net)                                    2         0.00                0.00       0.94 r
  U68/Y (AO12_X1M_A6P5PP140ZTS_C35)                                 0.02      0.03       0.98 r
  n38 (net)                                     1         0.00                0.00       0.98 r
  U183/CO (ADDF_X1M_A6P5PP140ZTS_C35)                               0.02      0.05       1.02 r
  n134 (net)                                    1         0.00                0.00       1.02 r
  U188/CO (ADDF_X1M_A6P5PP140ZTS_C35)                               0.02      0.05       1.07 r
  n130 (net)                                    1         0.00                0.00       1.07 r
  U185/CO (ADDF_X1M_A6P5PP140ZTS_C35)                               0.02      0.04       1.11 r
  n119 (net)                                    1         0.00                0.00       1.11 r
  U85/Y (NOR2_X1A_A6P5PP140ZTS_C35)                                 0.03      0.02       1.13 f
  n212 (net)                                    4         0.00                0.00       1.13 f
  U182/Y (NAND2_X1A_A6P5PP140ZTS_C35)                               0.02      0.02       1.15 r
  n129 (net)                                    1         0.00                0.00       1.15 r
  U72/Y (XNOR2_X0P5M_A6P5PP140ZTS_C35)                              0.03      0.02       1.17 f
  n157 (net)                                    2         0.00                0.00       1.17 f
  U184/Y (INV_X1M_A6P5PP140ZTS_C35)                                 0.04      0.03       1.20 r
  n138 (net)                                    6         0.00                0.00       1.20 r
  U192/Y (NAND2_X1A_A6P5PP140ZTS_C35)                               0.02      0.02       1.22 f
  n141 (net)                                    1         0.00                0.00       1.22 f
  U25/Y (OAI21_X1M_A6P5PP140ZTS_C35)                                0.03      0.03       1.24 r
  n142 (net)                                    2         0.00                0.00       1.24 r
  U55/Y (AND2_X1M_A6P5PP140ZTS_C35)                                 0.01      0.03       1.27 r
  n31 (net)                                     1         0.00                0.00       1.27 r
  U198/Y (NOR2_X1A_A6P5PP140ZTS_C35)                                0.01      0.01       1.28 f
  n152 (net)                                    1         0.00                0.00       1.28 f
  U201/Y (NOR2_X1A_A6P5PP140ZTS_C35)                                0.04      0.03       1.31 r
  n194 (net)                                    4         0.00                0.00       1.31 r
  U202/Y (NOR2_X1A_A6P5PP140ZTS_C35)                                0.02      0.02       1.33 f
  n192 (net)                                    3         0.00                0.00       1.33 f
  U211/Y (NAND2_X1A_A6P5PP140ZTS_C35)                               0.01      0.01       1.34 r
  n166 (net)                                    1         0.00                0.00       1.34 r
  U213/Y (NAND2_X1M_A6P5PP140ZTS_C35)                               0.03      0.02       1.36 f
  n179 (net)                                    4         0.00                0.00       1.36 f
  U219/Y (INV_X1M_A6P5PP140ZTS_C35)                                 0.03      0.03       1.39 r
  n265 (net)                                    2         0.00                0.00       1.39 r
  U220/Y (NOR2_X1A_A6P5PP140ZTS_C35)                                0.02      0.02       1.41 f
  n184 (net)                                    3         0.00                0.00       1.41 f
  U27/Y (INV_X1M_A6P5PP140ZTS_C35)                                  0.03      0.03       1.43 r
  n235 (net)                                    5         0.00                0.00       1.43 r
  U233/Y (OAI211_X1M_A6P5PP140ZTS_C35)                              0.03      0.03       1.46 f
  n222 (net)                                    2         0.00                0.00       1.46 f
  U234/Y (NOR2_X1A_A6P5PP140ZTS_C35)                                0.02      0.02       1.49 r
  n198 (net)                                    1         0.00                0.00       1.49 r
  U237/Y (AO21A1AI2_X1M_A6P5PP140ZTS_C35)                           0.02      0.03       1.51 f
  n207 (net)                                    1         0.00                0.00       1.51 f
  U243/Y (NOR2_X1A_A6P5PP140ZTS_C35)                                0.03      0.03       1.54 r
  n300 (net)                                    3         0.00                0.00       1.54 r
  U277/Y (NOR2_X1A_A6P5PP140ZTS_C35)                                0.02      0.02       1.56 f
  n253 (net)                                    2         0.00                0.00       1.56 f
  U84/Y (NAND2_X1M_A6P5PP140ZTS_C35)                                0.03      0.02       1.58 r
  n261 (net)                                    2         0.00                0.00       1.58 r
  U279/Y (XNOR2_X0P5M_A6P5PP140ZTS_C35)                             0.03      0.03       1.61 r
  n274 (net)                                    2         0.00                0.00       1.61 r
  U281/Y (NAND2_X1A_A6P5PP140ZTS_C35)                               0.02      0.02       1.63 f
  n256 (net)                                    1         0.00                0.00       1.63 f
  U282/Y (NOR2_X1A_A6P5PP140ZTS_C35)                                0.02      0.02       1.65 r
  n285 (net)                                    2         0.00                0.00       1.65 r
  U61/Y (NOR2_X1A_A6P5PP140ZTS_C35)                                 0.02      0.02       1.67 f
  n298 (net)                                    4         0.00                0.00       1.67 f
  U309/Y (AOI211_X1M_A6P5PP140ZTS_C35)                              0.05      0.04       1.71 r
  n322 (net)                                    3         0.00                0.00       1.71 r
  U88/Y (NAND3_X1A_A6P5PP140ZTS_C35)                                0.03      0.03       1.74 f
  n318 (net)                                    1         0.00                0.00       1.74 f
  U90/Y (OAI211_X1M_A6P5PP140ZTS_C35)                               0.03      0.02       1.76 r
  u_dut/z_e3m2[5] (net)                         1         0.00                0.00       1.76 r
  u_dut/z_o_reg[3]/D (DFFRPQA_X2M_A6P5PP140ZTS_C35)                 0.03      0.00       1.76 r
  data arrival time                                                                      1.76

  clock clk (rise edge)                                                       2.00       2.00
  clock network delay (ideal)                                                 0.00       2.00
  clock uncertainty                                                          -0.10       1.90
  u_dut/z_o_reg[3]/CK (DFFRPQA_X2M_A6P5PP140ZTS_C35)                          0.00       1.90 r
  library setup time                                                         -0.04       1.86
  data required time                                                                     1.86
  ----------------------------------------------------------------------------------------------
  data required time                                                                     1.86
  data arrival time                                                                     -1.76
  ----------------------------------------------------------------------------------------------
  slack (MET)                                                                            0.11


  Startpoint: b_i[2] (input port clocked by clk)
  Endpoint: u_dut/z_o_reg[3]
            (rising edge-triggered flip-flop clocked by clk)
  Path Group: clk
  Path Type: max

  Des/Clust/Port     Wire Load Model       Library
  ------------------------------------------------
  char_top           Zero                  sc6p5mcpp140z_cln22ul_base_svt_c35_tt_typical_max_0p80v_25c

  Point                                       Fanout       Cap     Trans      Incr       Path
  ----------------------------------------------------------------------------------------------
  clock clk (rise edge)                                                       0.00       0.00
  clock network delay (ideal)                                                 0.00       0.00
  input external delay                                                        0.20       0.20 f
  b_i[2] (in)                                                       0.05      0.00       0.20 f
  b_i[2] (net)                                  5         0.00                0.00       0.20 f
  U92/Y (INV_X1M_A6P5PP140ZTS_C35)                                  0.02      0.02       0.22 r
  n43 (net)                                     1         0.00                0.00       0.22 r
  U93/Y (AO12_X1M_A6P5PP140ZTS_C35)                                 0.02      0.03       0.25 r
  n54 (net)                                     1         0.00                0.00       0.25 r
  U110/S (ADDF_X1M_A6P5PP140ZTS_C35)                                0.01      0.06       0.32 f
  n47 (net)                                     1         0.00                0.00       0.32 f
  U99/Y (AND2_X1M_A6P5PP140ZTS_C35)                                 0.02      0.03       0.34 f
  n66 (net)                                     4         0.00                0.00       0.34 f
  U49/Y (AND2_X1M_A6P5PP140ZTS_C35)                                 0.01      0.02       0.37 f
  n26 (net)                                     1         0.00                0.00       0.37 f
  U53/Y (AO12_X1M_A6P5PP140ZTS_C35)                                 0.02      0.04       0.41 f
  n29 (net)                                     1         0.00                0.00       0.41 f
  U30/Y (AOI21_X2M_A6P5PP140ZTS_C35)                                0.10      0.07       0.47 r
  n209 (net)                                   15         0.01                0.00       0.47 r
  U46/Y (MXT2_X1M_A6P5PP140ZTS_C35)                                 0.03      0.07       0.54 f
  n153 (net)                                    5         0.00                0.00       0.54 f
  U135/Y (OR2_X1M_A6P5PP140ZTS_C35)                                 0.02      0.04       0.58 f
  n79 (net)                                     1         0.00                0.00       0.58 f
  U145/CO (ADDF_X1M_A6P5PP140ZTS_C35)                               0.02      0.05       0.63 f
  n73 (net)                                     1         0.00                0.00       0.63 f
  U137/CO (ADDF_X1M_A6P5PP140ZTS_C35)                               0.02      0.04       0.67 f
  n72 (net)                                     1         0.00                0.00       0.67 f
  U76/Y (XOR2_X0P5M_A6P5PP140ZTS_C35)                               0.03      0.03       0.70 f
  n97 (net)                                     3         0.00                0.00       0.70 f
  U158/Y (NOR2XB_X1M_A6P5PP140ZTS_C35)                              0.03      0.03       0.74 r
  n176 (net)                                    3         0.00                0.00       0.74 r
  U159/Y (INV_X1M_A6P5PP140ZTS_C35)                                 0.02      0.02       0.75 f
  n104 (net)                                    3         0.00                0.00       0.75 f
  U161/Y (NOR2_X1A_A6P5PP140ZTS_C35)                                0.02      0.02       0.77 r
  n95 (net)                                     1         0.00                0.00       0.77 r
  U70/Y (XNOR2_X0P5M_A6P5PP140ZTS_C35)                              0.06      0.02       0.80 f
  n40 (net)                                     2         0.00                0.00       0.80 f
  U162/Y (NOR2_X1A_A6P5PP140ZTS_C35)                                0.04      0.04       0.84 r
  n186 (net)                                    2         0.00                0.00       0.84 r
  U79/Y (NAND2_X1A_A6P5PP140ZTS_C35)                                0.03      0.02       0.86 f
  n171 (net)                                    2         0.00                0.00       0.86 f
  U168/Y (NOR2_X1A_A6P5PP140ZTS_C35)                                0.03      0.03       0.89 r
  n169 (net)                                    2         0.00                0.00       0.89 r
  U172/Y (NAND2_X1A_A6P5PP140ZTS_C35)                               0.03      0.02       0.92 f
  n123 (net)                                    2         0.00                0.00       0.92 f
  U174/Y (NOR2_X1A_A6P5PP140ZTS_C35)                                0.03      0.03       0.94 r
  n121 (net)                                    2         0.00                0.00       0.94 r
  U68/Y (AO12_X1M_A6P5PP140ZTS_C35)                                 0.02      0.03       0.98 r
  n38 (net)                                     1         0.00                0.00       0.98 r
  U183/CO (ADDF_X1M_A6P5PP140ZTS_C35)                               0.02      0.05       1.02 r
  n134 (net)                                    1         0.00                0.00       1.02 r
  U188/CO (ADDF_X1M_A6P5PP140ZTS_C35)                               0.02      0.05       1.07 r
  n130 (net)                                    1         0.00                0.00       1.07 r
  U185/CO (ADDF_X1M_A6P5PP140ZTS_C35)                               0.02      0.04       1.11 r
  n119 (net)                                    1         0.00                0.00       1.11 r
  U85/Y (NOR2_X1A_A6P5PP140ZTS_C35)                                 0.03      0.02       1.13 f
  n212 (net)                                    4         0.00                0.00       1.13 f
  U182/Y (NAND2_X1A_A6P5PP140ZTS_C35)                               0.02      0.02       1.15 r
  n129 (net)                                    1         0.00                0.00       1.15 r
  U72/Y (XNOR2_X0P5M_A6P5PP140ZTS_C35)                              0.03      0.02       1.17 f
  n157 (net)                                    2         0.00                0.00       1.17 f
  U184/Y (INV_X1M_A6P5PP140ZTS_C35)                                 0.04      0.03       1.20 r
  n138 (net)                                    6         0.00                0.00       1.20 r
  U192/Y (NAND2_X1A_A6P5PP140ZTS_C35)                               0.02      0.02       1.22 f
  n141 (net)                                    1         0.00                0.00       1.22 f
  U25/Y (OAI21_X1M_A6P5PP140ZTS_C35)                                0.03      0.03       1.24 r
  n142 (net)                                    2         0.00                0.00       1.24 r
  U55/Y (AND2_X1M_A6P5PP140ZTS_C35)                                 0.01      0.03       1.27 r
  n31 (net)                                     1         0.00                0.00       1.27 r
  U198/Y (NOR2_X1A_A6P5PP140ZTS_C35)                                0.01      0.01       1.28 f
  n152 (net)                                    1         0.00                0.00       1.28 f
  U201/Y (NOR2_X1A_A6P5PP140ZTS_C35)                                0.04      0.03       1.31 r
  n194 (net)                                    4         0.00                0.00       1.31 r
  U202/Y (NOR2_X1A_A6P5PP140ZTS_C35)                                0.02      0.02       1.33 f
  n192 (net)                                    3         0.00                0.00       1.33 f
  U211/Y (NAND2_X1A_A6P5PP140ZTS_C35)                               0.01      0.01       1.34 r
  n166 (net)                                    1         0.00                0.00       1.34 r
  U213/Y (NAND2_X1M_A6P5PP140ZTS_C35)                               0.03      0.02       1.36 f
  n179 (net)                                    4         0.00                0.00       1.36 f
  U219/Y (INV_X1M_A6P5PP140ZTS_C35)                                 0.03      0.03       1.39 r
  n265 (net)                                    2         0.00                0.00       1.39 r
  U220/Y (NOR2_X1A_A6P5PP140ZTS_C35)                                0.02      0.02       1.41 f
  n184 (net)                                    3         0.00                0.00       1.41 f
  U27/Y (INV_X1M_A6P5PP140ZTS_C35)                                  0.03      0.03       1.43 r
  n235 (net)                                    5         0.00                0.00       1.43 r
  U233/Y (OAI211_X1M_A6P5PP140ZTS_C35)                              0.03      0.03       1.46 f
  n222 (net)                                    2         0.00                0.00       1.46 f
  U234/Y (NOR2_X1A_A6P5PP140ZTS_C35)                                0.02      0.02       1.49 r
  n198 (net)                                    1         0.00                0.00       1.49 r
  U237/Y (AO21A1AI2_X1M_A6P5PP140ZTS_C35)                           0.02      0.03       1.51 f
  n207 (net)                                    1         0.00                0.00       1.51 f
  U243/Y (NOR2_X1A_A6P5PP140ZTS_C35)                                0.03      0.03       1.54 r
  n300 (net)                                    3         0.00                0.00       1.54 r
  U277/Y (NOR2_X1A_A6P5PP140ZTS_C35)                                0.02      0.02       1.56 f
  n253 (net)                                    2         0.00                0.00       1.56 f
  U84/Y (NAND2_X1M_A6P5PP140ZTS_C35)                                0.03      0.02       1.58 r
  n261 (net)                                    2         0.00                0.00       1.58 r
  U279/Y (XNOR2_X0P5M_A6P5PP140ZTS_C35)                             0.03      0.03       1.61 r
  n274 (net)                                    2         0.00                0.00       1.61 r
  U281/Y (NAND2_X1A_A6P5PP140ZTS_C35)                               0.02      0.02       1.63 f
  n256 (net)                                    1         0.00                0.00       1.63 f
  U282/Y (NOR2_X1A_A6P5PP140ZTS_C35)                                0.02      0.02       1.65 r
  n285 (net)                                    2         0.00                0.00       1.65 r
  U61/Y (NOR2_X1A_A6P5PP140ZTS_C35)                                 0.02      0.02       1.67 f
  n298 (net)                                    4         0.00                0.00       1.67 f
  U309/Y (AOI211_X1M_A6P5PP140ZTS_C35)                              0.05      0.04       1.71 r
  n322 (net)                                    3         0.00                0.00       1.71 r
  U88/Y (NAND3_X1A_A6P5PP140ZTS_C35)                                0.03      0.03       1.74 f
  n318 (net)                                    1         0.00                0.00       1.74 f
  U90/Y (OAI211_X1M_A6P5PP140ZTS_C35)                               0.03      0.02       1.76 r
  u_dut/z_e3m2[5] (net)                         1         0.00                0.00       1.76 r
  u_dut/z_o_reg[3]/D (DFFRPQA_X2M_A6P5PP140ZTS_C35)                 0.03      0.00       1.76 r
  data arrival time                                                                      1.76

  clock clk (rise edge)                                                       2.00       2.00
  clock network delay (ideal)                                                 0.00       2.00
  clock uncertainty                                                          -0.10       1.90
  u_dut/z_o_reg[3]/CK (DFFRPQA_X2M_A6P5PP140ZTS_C35)                          0.00       1.90 r
  library setup time                                                         -0.04       1.86
  data required time                                                                     1.86
  ----------------------------------------------------------------------------------------------
  data required time                                                                     1.86
  data arrival time                                                                     -1.76
  ----------------------------------------------------------------------------------------------
  slack (MET)                                                                            0.11


  Startpoint: b_i[2] (input port clocked by clk)
  Endpoint: u_dut/z_o_reg[3]
            (rising edge-triggered flip-flop clocked by clk)
  Path Group: clk
  Path Type: max

  Des/Clust/Port     Wire Load Model       Library
  ------------------------------------------------
  char_top           Zero                  sc6p5mcpp140z_cln22ul_base_svt_c35_tt_typical_max_0p80v_25c

  Point                                       Fanout       Cap     Trans      Incr       Path
  ----------------------------------------------------------------------------------------------
  clock clk (rise edge)                                                       0.00       0.00
  clock network delay (ideal)                                                 0.00       0.00
  input external delay                                                        0.20       0.20 f
  b_i[2] (in)                                                       0.05      0.00       0.20 f
  b_i[2] (net)                                  5         0.00                0.00       0.20 f
  U92/Y (INV_X1M_A6P5PP140ZTS_C35)                                  0.02      0.02       0.22 r
  n43 (net)                                     1         0.00                0.00       0.22 r
  U93/Y (AO12_X1M_A6P5PP140ZTS_C35)                                 0.02      0.03       0.25 r
  n54 (net)                                     1         0.00                0.00       0.25 r
  U110/S (ADDF_X1M_A6P5PP140ZTS_C35)                                0.01      0.06       0.32 f
  n47 (net)                                     1         0.00                0.00       0.32 f
  U99/Y (AND2_X1M_A6P5PP140ZTS_C35)                                 0.02      0.03       0.34 f
  n66 (net)                                     4         0.00                0.00       0.34 f
  U49/Y (AND2_X1M_A6P5PP140ZTS_C35)                                 0.01      0.02       0.37 f
  n26 (net)                                     1         0.00                0.00       0.37 f
  U53/Y (AO12_X1M_A6P5PP140ZTS_C35)                                 0.02      0.04       0.41 f
  n29 (net)                                     1         0.00                0.00       0.41 f
  U30/Y (AOI21_X2M_A6P5PP140ZTS_C35)                                0.10      0.07       0.47 r
  n209 (net)                                   15         0.01                0.00       0.47 r
  U46/Y (MXT2_X1M_A6P5PP140ZTS_C35)                                 0.03      0.07       0.54 f
  n153 (net)                                    5         0.00                0.00       0.54 f
  U135/Y (OR2_X1M_A6P5PP140ZTS_C35)                                 0.02      0.04       0.58 f
  n79 (net)                                     1         0.00                0.00       0.58 f
  U145/CO (ADDF_X1M_A6P5PP140ZTS_C35)                               0.02      0.05       0.63 f
  n73 (net)                                     1         0.00                0.00       0.63 f
  U137/CO (ADDF_X1M_A6P5PP140ZTS_C35)                               0.02      0.04       0.67 f
  n72 (net)                                     1         0.00                0.00       0.67 f
  U76/Y (XOR2_X0P5M_A6P5PP140ZTS_C35)                               0.03      0.03       0.70 f
  n97 (net)                                     3         0.00                0.00       0.70 f
  U158/Y (NOR2XB_X1M_A6P5PP140ZTS_C35)                              0.03      0.03       0.74 r
  n176 (net)                                    3         0.00                0.00       0.74 r
  U159/Y (INV_X1M_A6P5PP140ZTS_C35)                                 0.02      0.02       0.75 f
  n104 (net)                                    3         0.00                0.00       0.75 f
  U161/Y (NOR2_X1A_A6P5PP140ZTS_C35)                                0.02      0.02       0.77 r
  n95 (net)                                     1         0.00                0.00       0.77 r
  U70/Y (XNOR2_X0P5M_A6P5PP140ZTS_C35)                              0.06      0.02       0.80 f
  n40 (net)                                     2         0.00                0.00       0.80 f
  U162/Y (NOR2_X1A_A6P5PP140ZTS_C35)                                0.04      0.04       0.84 r
  n186 (net)                                    2         0.00                0.00       0.84 r
  U79/Y (NAND2_X1A_A6P5PP140ZTS_C35)                                0.03      0.02       0.86 f
  n171 (net)                                    2         0.00                0.00       0.86 f
  U168/Y (NOR2_X1A_A6P5PP140ZTS_C35)                                0.03      0.03       0.89 r
  n169 (net)                                    2         0.00                0.00       0.89 r
  U172/Y (NAND2_X1A_A6P5PP140ZTS_C35)                               0.03      0.02       0.92 f
  n123 (net)                                    2         0.00                0.00       0.92 f
  U174/Y (NOR2_X1A_A6P5PP140ZTS_C35)                                0.03      0.03       0.94 r
  n121 (net)                                    2         0.00                0.00       0.94 r
  U68/Y (AO12_X1M_A6P5PP140ZTS_C35)                                 0.02      0.03       0.98 r
  n38 (net)                                     1         0.00                0.00       0.98 r
  U183/CO (ADDF_X1M_A6P5PP140ZTS_C35)                               0.02      0.05       1.02 r
  n134 (net)                                    1         0.00                0.00       1.02 r
  U188/CO (ADDF_X1M_A6P5PP140ZTS_C35)                               0.02      0.05       1.07 r
  n130 (net)                                    1         0.00                0.00       1.07 r
  U185/CO (ADDF_X1M_A6P5PP140ZTS_C35)                               0.02      0.04       1.11 r
  n119 (net)                                    1         0.00                0.00       1.11 r
  U85/Y (NOR2_X1A_A6P5PP140ZTS_C35)                                 0.03      0.02       1.13 f
  n212 (net)                                    4         0.00                0.00       1.13 f
  U182/Y (NAND2_X1A_A6P5PP140ZTS_C35)                               0.02      0.02       1.15 r
  n129 (net)                                    1         0.00                0.00       1.15 r
  U72/Y (XNOR2_X0P5M_A6P5PP140ZTS_C35)                              0.03      0.02       1.17 f
  n157 (net)                                    2         0.00                0.00       1.17 f
  U184/Y (INV_X1M_A6P5PP140ZTS_C35)                                 0.04      0.03       1.20 r
  n138 (net)                                    6         0.00                0.00       1.20 r
  U192/Y (NAND2_X1A_A6P5PP140ZTS_C35)                               0.02      0.02       1.22 f
  n141 (net)                                    1         0.00                0.00       1.22 f
  U25/Y (OAI21_X1M_A6P5PP140ZTS_C35)                                0.03      0.03       1.24 r
  n142 (net)                                    2         0.00                0.00       1.24 r
  U55/Y (AND2_X1M_A6P5PP140ZTS_C35)                                 0.01      0.03       1.27 r
  n31 (net)                                     1         0.00                0.00       1.27 r
  U198/Y (NOR2_X1A_A6P5PP140ZTS_C35)                                0.01      0.01       1.28 f
  n152 (net)                                    1         0.00                0.00       1.28 f
  U201/Y (NOR2_X1A_A6P5PP140ZTS_C35)                                0.04      0.03       1.31 r
  n194 (net)                                    4         0.00                0.00       1.31 r
  U202/Y (NOR2_X1A_A6P5PP140ZTS_C35)                                0.02      0.02       1.33 f
  n192 (net)                                    3         0.00                0.00       1.33 f
  U211/Y (NAND2_X1A_A6P5PP140ZTS_C35)                               0.01      0.01       1.34 r
  n166 (net)                                    1         0.00                0.00       1.34 r
  U213/Y (NAND2_X1M_A6P5PP140ZTS_C35)                               0.03      0.02       1.36 f
  n179 (net)                                    4         0.00                0.00       1.36 f
  U219/Y (INV_X1M_A6P5PP140ZTS_C35)                                 0.03      0.03       1.39 r
  n265 (net)                                    2         0.00                0.00       1.39 r
  U220/Y (NOR2_X1A_A6P5PP140ZTS_C35)                                0.02      0.02       1.41 f
  n184 (net)                                    3         0.00                0.00       1.41 f
  U27/Y (INV_X1M_A6P5PP140ZTS_C35)                                  0.03      0.03       1.43 r
  n235 (net)                                    5         0.00                0.00       1.43 r
  U233/Y (OAI211_X1M_A6P5PP140ZTS_C35)                              0.03      0.03       1.46 f
  n222 (net)                                    2         0.00                0.00       1.46 f
  U234/Y (NOR2_X1A_A6P5PP140ZTS_C35)                                0.02      0.02       1.49 r
  n198 (net)                                    1         0.00                0.00       1.49 r
  U237/Y (AO21A1AI2_X1M_A6P5PP140ZTS_C35)                           0.02      0.03       1.51 f
  n207 (net)                                    1         0.00                0.00       1.51 f
  U243/Y (NOR2_X1A_A6P5PP140ZTS_C35)                                0.03      0.03       1.54 r
  n300 (net)                                    3         0.00                0.00       1.54 r
  U277/Y (NOR2_X1A_A6P5PP140ZTS_C35)                                0.02      0.02       1.56 f
  n253 (net)                                    2         0.00                0.00       1.56 f
  U84/Y (NAND2_X1M_A6P5PP140ZTS_C35)                                0.03      0.02       1.58 r
  n261 (net)                                    2         0.00                0.00       1.58 r
  U279/Y (XNOR2_X0P5M_A6P5PP140ZTS_C35)                             0.03      0.03       1.61 r
  n274 (net)                                    2         0.00                0.00       1.61 r
  U281/Y (NAND2_X1A_A6P5PP140ZTS_C35)                               0.02      0.02       1.63 f
  n256 (net)                                    1         0.00                0.00       1.63 f
  U282/Y (NOR2_X1A_A6P5PP140ZTS_C35)                                0.02      0.02       1.65 r
  n285 (net)                                    2         0.00                0.00       1.65 r
  U61/Y (NOR2_X1A_A6P5PP140ZTS_C35)                                 0.02      0.02       1.67 f
  n298 (net)                                    4         0.00                0.00       1.67 f
  U309/Y (AOI211_X1M_A6P5PP140ZTS_C35)                              0.05      0.04       1.71 r
  n322 (net)                                    3         0.00                0.00       1.71 r
  U88/Y (NAND3_X1A_A6P5PP140ZTS_C35)                                0.03      0.03       1.74 f
  n318 (net)                                    1         0.00                0.00       1.74 f
  U90/Y (OAI211_X1M_A6P5PP140ZTS_C35)                               0.03      0.02       1.76 r
  u_dut/z_e3m2[5] (net)                         1         0.00                0.00       1.76 r
  u_dut/z_o_reg[3]/D (DFFRPQA_X2M_A6P5PP140ZTS_C35)                 0.03      0.00       1.76 r
  data arrival time                                                                      1.76

  clock clk (rise edge)                                                       2.00       2.00
  clock network delay (ideal)                                                 0.00       2.00
  clock uncertainty                                                          -0.10       1.90
  u_dut/z_o_reg[3]/CK (DFFRPQA_X2M_A6P5PP140ZTS_C35)                          0.00       1.90 r
  library setup time                                                         -0.04       1.86
  data required time                                                                     1.86
  ----------------------------------------------------------------------------------------------
  data required time                                                                     1.86
  data arrival time                                                                     -1.76
  ----------------------------------------------------------------------------------------------
  slack (MET)                                                                            0.11


  Startpoint: b_i[2] (input port clocked by clk)
  Endpoint: u_dut/z_o_reg[3]
            (rising edge-triggered flip-flop clocked by clk)
  Path Group: clk
  Path Type: max

  Des/Clust/Port     Wire Load Model       Library
  ------------------------------------------------
  char_top           Zero                  sc6p5mcpp140z_cln22ul_base_svt_c35_tt_typical_max_0p80v_25c

  Point                                       Fanout       Cap     Trans      Incr       Path
  ----------------------------------------------------------------------------------------------
  clock clk (rise edge)                                                       0.00       0.00
  clock network delay (ideal)                                                 0.00       0.00
  input external delay                                                        0.20       0.20 f
  b_i[2] (in)                                                       0.05      0.00       0.20 f
  b_i[2] (net)                                  5         0.00                0.00       0.20 f
  U92/Y (INV_X1M_A6P5PP140ZTS_C35)                                  0.02      0.02       0.22 r
  n43 (net)                                     1         0.00                0.00       0.22 r
  U93/Y (AO12_X1M_A6P5PP140ZTS_C35)                                 0.02      0.03       0.25 r
  n54 (net)                                     1         0.00                0.00       0.25 r
  U110/S (ADDF_X1M_A6P5PP140ZTS_C35)                                0.01      0.06       0.32 f
  n47 (net)                                     1         0.00                0.00       0.32 f
  U99/Y (AND2_X1M_A6P5PP140ZTS_C35)                                 0.02      0.03       0.34 f
  n66 (net)                                     4         0.00                0.00       0.34 f
  U49/Y (AND2_X1M_A6P5PP140ZTS_C35)                                 0.01      0.02       0.37 f
  n26 (net)                                     1         0.00                0.00       0.37 f
  U53/Y (AO12_X1M_A6P5PP140ZTS_C35)                                 0.02      0.04       0.41 f
  n29 (net)                                     1         0.00                0.00       0.41 f
  U30/Y (AOI21_X2M_A6P5PP140ZTS_C35)                                0.10      0.07       0.47 r
  n209 (net)                                   15         0.01                0.00       0.47 r
  U46/Y (MXT2_X1M_A6P5PP140ZTS_C35)                                 0.03      0.07       0.54 f
  n153 (net)                                    5         0.00                0.00       0.54 f
  U135/Y (OR2_X1M_A6P5PP140ZTS_C35)                                 0.02      0.04       0.58 f
  n79 (net)                                     1         0.00                0.00       0.58 f
  U145/CO (ADDF_X1M_A6P5PP140ZTS_C35)                               0.02      0.05       0.63 f
  n73 (net)                                     1         0.00                0.00       0.63 f
  U137/CO (ADDF_X1M_A6P5PP140ZTS_C35)                               0.02      0.04       0.67 f
  n72 (net)                                     1         0.00                0.00       0.67 f
  U76/Y (XOR2_X0P5M_A6P5PP140ZTS_C35)                               0.03      0.03       0.70 f
  n97 (net)                                     3         0.00                0.00       0.70 f
  U158/Y (NOR2XB_X1M_A6P5PP140ZTS_C35)                              0.03      0.03       0.74 r
  n176 (net)                                    3         0.00                0.00       0.74 r
  U159/Y (INV_X1M_A6P5PP140ZTS_C35)                                 0.02      0.02       0.75 f
  n104 (net)                                    3         0.00                0.00       0.75 f
  U161/Y (NOR2_X1A_A6P5PP140ZTS_C35)                                0.02      0.02       0.77 r
  n95 (net)                                     1         0.00                0.00       0.77 r
  U70/Y (XNOR2_X0P5M_A6P5PP140ZTS_C35)                              0.06      0.02       0.80 f
  n40 (net)                                     2         0.00                0.00       0.80 f
  U162/Y (NOR2_X1A_A6P5PP140ZTS_C35)                                0.04      0.04       0.84 r
  n186 (net)                                    2         0.00                0.00       0.84 r
  U79/Y (NAND2_X1A_A6P5PP140ZTS_C35)                                0.03      0.02       0.86 f
  n171 (net)                                    2         0.00                0.00       0.86 f
  U168/Y (NOR2_X1A_A6P5PP140ZTS_C35)                                0.03      0.03       0.89 r
  n169 (net)                                    2         0.00                0.00       0.89 r
  U172/Y (NAND2_X1A_A6P5PP140ZTS_C35)                               0.03      0.02       0.92 f
  n123 (net)                                    2         0.00                0.00       0.92 f
  U174/Y (NOR2_X1A_A6P5PP140ZTS_C35)                                0.03      0.03       0.94 r
  n121 (net)                                    2         0.00                0.00       0.94 r
  U68/Y (AO12_X1M_A6P5PP140ZTS_C35)                                 0.02      0.03       0.98 r
  n38 (net)                                     1         0.00                0.00       0.98 r
  U183/CO (ADDF_X1M_A6P5PP140ZTS_C35)                               0.02      0.05       1.02 r
  n134 (net)                                    1         0.00                0.00       1.02 r
  U188/CO (ADDF_X1M_A6P5PP140ZTS_C35)                               0.02      0.05       1.07 r
  n130 (net)                                    1         0.00                0.00       1.07 r
  U185/CO (ADDF_X1M_A6P5PP140ZTS_C35)                               0.02      0.04       1.11 r
  n119 (net)                                    1         0.00                0.00       1.11 r
  U85/Y (NOR2_X1A_A6P5PP140ZTS_C35)                                 0.03      0.02       1.13 f
  n212 (net)                                    4         0.00                0.00       1.13 f
  U182/Y (NAND2_X1A_A6P5PP140ZTS_C35)                               0.02      0.02       1.15 r
  n129 (net)                                    1         0.00                0.00       1.15 r
  U72/Y (XNOR2_X0P5M_A6P5PP140ZTS_C35)                              0.03      0.02       1.17 f
  n157 (net)                                    2         0.00                0.00       1.17 f
  U184/Y (INV_X1M_A6P5PP140ZTS_C35)                                 0.04      0.03       1.20 r
  n138 (net)                                    6         0.00                0.00       1.20 r
  U192/Y (NAND2_X1A_A6P5PP140ZTS_C35)                               0.02      0.02       1.22 f
  n141 (net)                                    1         0.00                0.00       1.22 f
  U25/Y (OAI21_X1M_A6P5PP140ZTS_C35)                                0.03      0.03       1.24 r
  n142 (net)                                    2         0.00                0.00       1.24 r
  U55/Y (AND2_X1M_A6P5PP140ZTS_C35)                                 0.01      0.03       1.27 r
  n31 (net)                                     1         0.00                0.00       1.27 r
  U198/Y (NOR2_X1A_A6P5PP140ZTS_C35)                                0.01      0.01       1.28 f
  n152 (net)                                    1         0.00                0.00       1.28 f
  U201/Y (NOR2_X1A_A6P5PP140ZTS_C35)                                0.04      0.03       1.31 r
  n194 (net)                                    4         0.00                0.00       1.31 r
  U202/Y (NOR2_X1A_A6P5PP140ZTS_C35)                                0.02      0.02       1.33 f
  n192 (net)                                    3         0.00                0.00       1.33 f
  U211/Y (NAND2_X1A_A6P5PP140ZTS_C35)                               0.01      0.01       1.34 r
  n166 (net)                                    1         0.00                0.00       1.34 r
  U213/Y (NAND2_X1M_A6P5PP140ZTS_C35)                               0.03      0.02       1.36 f
  n179 (net)                                    4         0.00                0.00       1.36 f
  U219/Y (INV_X1M_A6P5PP140ZTS_C35)                                 0.03      0.03       1.39 r
  n265 (net)                                    2         0.00                0.00       1.39 r
  U220/Y (NOR2_X1A_A6P5PP140ZTS_C35)                                0.02      0.02       1.41 f
  n184 (net)                                    3         0.00                0.00       1.41 f
  U27/Y (INV_X1M_A6P5PP140ZTS_C35)                                  0.03      0.03       1.43 r
  n235 (net)                                    5         0.00                0.00       1.43 r
  U233/Y (OAI211_X1M_A6P5PP140ZTS_C35)                              0.03      0.03       1.46 f
  n222 (net)                                    2         0.00                0.00       1.46 f
  U234/Y (NOR2_X1A_A6P5PP140ZTS_C35)                                0.02      0.02       1.49 r
  n198 (net)                                    1         0.00                0.00       1.49 r
  U237/Y (AO21A1AI2_X1M_A6P5PP140ZTS_C35)                           0.02      0.03       1.51 f
  n207 (net)                                    1         0.00                0.00       1.51 f
  U243/Y (NOR2_X1A_A6P5PP140ZTS_C35)                                0.03      0.03       1.54 r
  n300 (net)                                    3         0.00                0.00       1.54 r
  U277/Y (NOR2_X1A_A6P5PP140ZTS_C35)                                0.02      0.02       1.56 f
  n253 (net)                                    2         0.00                0.00       1.56 f
  U84/Y (NAND2_X1M_A6P5PP140ZTS_C35)                                0.03      0.02       1.58 r
  n261 (net)                                    2         0.00                0.00       1.58 r
  U279/Y (XNOR2_X0P5M_A6P5PP140ZTS_C35)                             0.03      0.03       1.61 r
  n274 (net)                                    2         0.00                0.00       1.61 r
  U281/Y (NAND2_X1A_A6P5PP140ZTS_C35)                               0.02      0.02       1.63 f
  n256 (net)                                    1         0.00                0.00       1.63 f
  U282/Y (NOR2_X1A_A6P5PP140ZTS_C35)                                0.02      0.02       1.65 r
  n285 (net)                                    2         0.00                0.00       1.65 r
  U61/Y (NOR2_X1A_A6P5PP140ZTS_C35)                                 0.02      0.02       1.67 f
  n298 (net)                                    4         0.00                0.00       1.67 f
  U309/Y (AOI211_X1M_A6P5PP140ZTS_C35)                              0.05      0.04       1.71 r
  n322 (net)                                    3         0.00                0.00       1.71 r
  U88/Y (NAND3_X1A_A6P5PP140ZTS_C35)                                0.03      0.03       1.74 f
  n318 (net)                                    1         0.00                0.00       1.74 f
  U90/Y (OAI211_X1M_A6P5PP140ZTS_C35)                               0.03      0.02       1.76 r
  u_dut/z_e3m2[5] (net)                         1         0.00                0.00       1.76 r
  u_dut/z_o_reg[3]/D (DFFRPQA_X2M_A6P5PP140ZTS_C35)                 0.03      0.00       1.76 r
  data arrival time                                                                      1.76

  clock clk (rise edge)                                                       2.00       2.00
  clock network delay (ideal)                                                 0.00       2.00
  clock uncertainty                                                          -0.10       1.90
  u_dut/z_o_reg[3]/CK (DFFRPQA_X2M_A6P5PP140ZTS_C35)                          0.00       1.90 r
  library setup time                                                         -0.04       1.86
  data required time                                                                     1.86
  ----------------------------------------------------------------------------------------------
  data required time                                                                     1.86
  data arrival time                                                                     -1.76
  ----------------------------------------------------------------------------------------------
  slack (MET)                                                                            0.11


  Startpoint: b_i[2] (input port clocked by clk)
  Endpoint: u_dut/z_o_reg[3]
            (rising edge-triggered flip-flop clocked by clk)
  Path Group: clk
  Path Type: max

  Des/Clust/Port     Wire Load Model       Library
  ------------------------------------------------
  char_top           Zero                  sc6p5mcpp140z_cln22ul_base_svt_c35_tt_typical_max_0p80v_25c

  Point                                       Fanout       Cap     Trans      Incr       Path
  ----------------------------------------------------------------------------------------------
  clock clk (rise edge)                                                       0.00       0.00
  clock network delay (ideal)                                                 0.00       0.00
  input external delay                                                        0.20       0.20 f
  b_i[2] (in)                                                       0.05      0.00       0.20 f
  b_i[2] (net)                                  5         0.00                0.00       0.20 f
  U92/Y (INV_X1M_A6P5PP140ZTS_C35)                                  0.02      0.02       0.22 r
  n43 (net)                                     1         0.00                0.00       0.22 r
  U93/Y (AO12_X1M_A6P5PP140ZTS_C35)                                 0.02      0.03       0.25 r
  n54 (net)                                     1         0.00                0.00       0.25 r
  U110/S (ADDF_X1M_A6P5PP140ZTS_C35)                                0.01      0.06       0.32 f
  n47 (net)                                     1         0.00                0.00       0.32 f
  U99/Y (AND2_X1M_A6P5PP140ZTS_C35)                                 0.02      0.03       0.34 f
  n66 (net)                                     4         0.00                0.00       0.34 f
  U49/Y (AND2_X1M_A6P5PP140ZTS_C35)                                 0.01      0.02       0.37 f
  n26 (net)                                     1         0.00                0.00       0.37 f
  U53/Y (AO12_X1M_A6P5PP140ZTS_C35)                                 0.02      0.04       0.41 f
  n29 (net)                                     1         0.00                0.00       0.41 f
  U30/Y (AOI21_X2M_A6P5PP140ZTS_C35)                                0.10      0.07       0.47 r
  n209 (net)                                   15         0.01                0.00       0.47 r
  U46/Y (MXT2_X1M_A6P5PP140ZTS_C35)                                 0.03      0.07       0.54 f
  n153 (net)                                    5         0.00                0.00       0.54 f
  U135/Y (OR2_X1M_A6P5PP140ZTS_C35)                                 0.02      0.04       0.58 f
  n79 (net)                                     1         0.00                0.00       0.58 f
  U145/CO (ADDF_X1M_A6P5PP140ZTS_C35)                               0.02      0.05       0.63 f
  n73 (net)                                     1         0.00                0.00       0.63 f
  U137/CO (ADDF_X1M_A6P5PP140ZTS_C35)                               0.02      0.04       0.67 f
  n72 (net)                                     1         0.00                0.00       0.67 f
  U76/Y (XOR2_X0P5M_A6P5PP140ZTS_C35)                               0.03      0.03       0.70 f
  n97 (net)                                     3         0.00                0.00       0.70 f
  U158/Y (NOR2XB_X1M_A6P5PP140ZTS_C35)                              0.03      0.03       0.74 r
  n176 (net)                                    3         0.00                0.00       0.74 r
  U159/Y (INV_X1M_A6P5PP140ZTS_C35)                                 0.02      0.02       0.75 f
  n104 (net)                                    3         0.00                0.00       0.75 f
  U161/Y (NOR2_X1A_A6P5PP140ZTS_C35)                                0.02      0.02       0.77 r
  n95 (net)                                     1         0.00                0.00       0.77 r
  U70/Y (XNOR2_X0P5M_A6P5PP140ZTS_C35)                              0.06      0.02       0.80 f
  n40 (net)                                     2         0.00                0.00       0.80 f
  U162/Y (NOR2_X1A_A6P5PP140ZTS_C35)                                0.04      0.04       0.84 r
  n186 (net)                                    2         0.00                0.00       0.84 r
  U79/Y (NAND2_X1A_A6P5PP140ZTS_C35)                                0.03      0.02       0.86 f
  n171 (net)                                    2         0.00                0.00       0.86 f
  U168/Y (NOR2_X1A_A6P5PP140ZTS_C35)                                0.03      0.03       0.89 r
  n169 (net)                                    2         0.00                0.00       0.89 r
  U172/Y (NAND2_X1A_A6P5PP140ZTS_C35)                               0.03      0.02       0.92 f
  n123 (net)                                    2         0.00                0.00       0.92 f
  U174/Y (NOR2_X1A_A6P5PP140ZTS_C35)                                0.03      0.03       0.94 r
  n121 (net)                                    2         0.00                0.00       0.94 r
  U68/Y (AO12_X1M_A6P5PP140ZTS_C35)                                 0.02      0.03       0.98 r
  n38 (net)                                     1         0.00                0.00       0.98 r
  U183/CO (ADDF_X1M_A6P5PP140ZTS_C35)                               0.02      0.05       1.02 r
  n134 (net)                                    1         0.00                0.00       1.02 r
  U188/CO (ADDF_X1M_A6P5PP140ZTS_C35)                               0.02      0.05       1.07 r
  n130 (net)                                    1         0.00                0.00       1.07 r
  U185/CO (ADDF_X1M_A6P5PP140ZTS_C35)                               0.02      0.04       1.11 r
  n119 (net)                                    1         0.00                0.00       1.11 r
  U85/Y (NOR2_X1A_A6P5PP140ZTS_C35)                                 0.03      0.02       1.13 f
  n212 (net)                                    4         0.00                0.00       1.13 f
  U182/Y (NAND2_X1A_A6P5PP140ZTS_C35)                               0.02      0.02       1.15 r
  n129 (net)                                    1         0.00                0.00       1.15 r
  U72/Y (XNOR2_X0P5M_A6P5PP140ZTS_C35)                              0.03      0.02       1.17 f
  n157 (net)                                    2         0.00                0.00       1.17 f
  U184/Y (INV_X1M_A6P5PP140ZTS_C35)                                 0.04      0.03       1.20 r
  n138 (net)                                    6         0.00                0.00       1.20 r
  U192/Y (NAND2_X1A_A6P5PP140ZTS_C35)                               0.02      0.02       1.22 f
  n141 (net)                                    1         0.00                0.00       1.22 f
  U25/Y (OAI21_X1M_A6P5PP140ZTS_C35)                                0.03      0.03       1.24 r
  n142 (net)                                    2         0.00                0.00       1.24 r
  U55/Y (AND2_X1M_A6P5PP140ZTS_C35)                                 0.01      0.03       1.27 r
  n31 (net)                                     1         0.00                0.00       1.27 r
  U198/Y (NOR2_X1A_A6P5PP140ZTS_C35)                                0.01      0.01       1.28 f
  n152 (net)                                    1         0.00                0.00       1.28 f
  U201/Y (NOR2_X1A_A6P5PP140ZTS_C35)                                0.04      0.03       1.31 r
  n194 (net)                                    4         0.00                0.00       1.31 r
  U202/Y (NOR2_X1A_A6P5PP140ZTS_C35)                                0.02      0.02       1.33 f
  n192 (net)                                    3         0.00                0.00       1.33 f
  U211/Y (NAND2_X1A_A6P5PP140ZTS_C35)                               0.01      0.01       1.34 r
  n166 (net)                                    1         0.00                0.00       1.34 r
  U213/Y (NAND2_X1M_A6P5PP140ZTS_C35)                               0.03      0.02       1.36 f
  n179 (net)                                    4         0.00                0.00       1.36 f
  U219/Y (INV_X1M_A6P5PP140ZTS_C35)                                 0.03      0.03       1.39 r
  n265 (net)                                    2         0.00                0.00       1.39 r
  U220/Y (NOR2_X1A_A6P5PP140ZTS_C35)                                0.02      0.02       1.41 f
  n184 (net)                                    3         0.00                0.00       1.41 f
  U27/Y (INV_X1M_A6P5PP140ZTS_C35)                                  0.03      0.03       1.43 r
  n235 (net)                                    5         0.00                0.00       1.43 r
  U233/Y (OAI211_X1M_A6P5PP140ZTS_C35)                              0.03      0.03       1.46 f
  n222 (net)                                    2         0.00                0.00       1.46 f
  U234/Y (NOR2_X1A_A6P5PP140ZTS_C35)                                0.02      0.02       1.49 r
  n198 (net)                                    1         0.00                0.00       1.49 r
  U237/Y (AO21A1AI2_X1M_A6P5PP140ZTS_C35)                           0.02      0.03       1.51 f
  n207 (net)                                    1         0.00                0.00       1.51 f
  U243/Y (NOR2_X1A_A6P5PP140ZTS_C35)                                0.03      0.03       1.54 r
  n300 (net)                                    3         0.00                0.00       1.54 r
  U277/Y (NOR2_X1A_A6P5PP140ZTS_C35)                                0.02      0.02       1.56 f
  n253 (net)                                    2         0.00                0.00       1.56 f
  U84/Y (NAND2_X1M_A6P5PP140ZTS_C35)                                0.03      0.02       1.58 r
  n261 (net)                                    2         0.00                0.00       1.58 r
  U279/Y (XNOR2_X0P5M_A6P5PP140ZTS_C35)                             0.03      0.03       1.61 r
  n274 (net)                                    2         0.00                0.00       1.61 r
  U281/Y (NAND2_X1A_A6P5PP140ZTS_C35)                               0.02      0.02       1.63 f
  n256 (net)                                    1         0.00                0.00       1.63 f
  U282/Y (NOR2_X1A_A6P5PP140ZTS_C35)                                0.02      0.02       1.65 r
  n285 (net)                                    2         0.00                0.00       1.65 r
  U61/Y (NOR2_X1A_A6P5PP140ZTS_C35)                                 0.02      0.02       1.67 f
  n298 (net)                                    4         0.00                0.00       1.67 f
  U309/Y (AOI211_X1M_A6P5PP140ZTS_C35)                              0.05      0.04       1.71 r
  n322 (net)                                    3         0.00                0.00       1.71 r
  U88/Y (NAND3_X1A_A6P5PP140ZTS_C35)                                0.03      0.03       1.74 f
  n318 (net)                                    1         0.00                0.00       1.74 f
  U90/Y (OAI211_X1M_A6P5PP140ZTS_C35)                               0.03      0.02       1.76 r
  u_dut/z_e3m2[5] (net)                         1         0.00                0.00       1.76 r
  u_dut/z_o_reg[3]/D (DFFRPQA_X2M_A6P5PP140ZTS_C35)                 0.03      0.00       1.76 r
  data arrival time                                                                      1.76

  clock clk (rise edge)                                                       2.00       2.00
  clock network delay (ideal)                                                 0.00       2.00
  clock uncertainty                                                          -0.10       1.90
  u_dut/z_o_reg[3]/CK (DFFRPQA_X2M_A6P5PP140ZTS_C35)                          0.00       1.90 r
  library setup time                                                         -0.04       1.86
  data required time                                                                     1.86
  ----------------------------------------------------------------------------------------------
  data required time                                                                     1.86
  data arrival time                                                                     -1.76
  ----------------------------------------------------------------------------------------------
  slack (MET)                                                                            0.11


  Startpoint: b_i[2] (input port clocked by clk)
  Endpoint: u_dut/status_o_reg[3]
            (rising edge-triggered flip-flop clocked by clk)
  Path Group: clk
  Path Type: max

  Des/Clust/Port     Wire Load Model       Library
  ------------------------------------------------
  char_top           Zero                  sc6p5mcpp140z_cln22ul_base_svt_c35_tt_typical_max_0p80v_25c

  Point                                       Fanout       Cap     Trans      Incr       Path
  ----------------------------------------------------------------------------------------------
  clock clk (rise edge)                                                       0.00       0.00
  clock network delay (ideal)                                                 0.00       0.00
  input external delay                                                        0.20       0.20 f
  b_i[2] (in)                                                       0.05      0.00       0.20 f
  b_i[2] (net)                                  5         0.00                0.00       0.20 f
  U92/Y (INV_X1M_A6P5PP140ZTS_C35)                                  0.02      0.02       0.22 r
  n43 (net)                                     1         0.00                0.00       0.22 r
  U93/Y (AO12_X1M_A6P5PP140ZTS_C35)                                 0.02      0.03       0.25 r
  n54 (net)                                     1         0.00                0.00       0.25 r
  U110/S (ADDF_X1M_A6P5PP140ZTS_C35)                                0.01      0.06       0.32 f
  n47 (net)                                     1         0.00                0.00       0.32 f
  U99/Y (AND2_X1M_A6P5PP140ZTS_C35)                                 0.02      0.03       0.34 f
  n66 (net)                                     4         0.00                0.00       0.34 f
  U49/Y (AND2_X1M_A6P5PP140ZTS_C35)                                 0.01      0.02       0.37 f
  n26 (net)                                     1         0.00                0.00       0.37 f
  U53/Y (AO12_X1M_A6P5PP140ZTS_C35)                                 0.02      0.04       0.41 f
  n29 (net)                                     1         0.00                0.00       0.41 f
  U30/Y (AOI21_X2M_A6P5PP140ZTS_C35)                                0.10      0.07       0.47 r
  n209 (net)                                   15         0.01                0.00       0.47 r
  U46/Y (MXT2_X1M_A6P5PP140ZTS_C35)                                 0.03      0.07       0.54 f
  n153 (net)                                    5         0.00                0.00       0.54 f
  U135/Y (OR2_X1M_A6P5PP140ZTS_C35)                                 0.02      0.04       0.58 f
  n79 (net)                                     1         0.00                0.00       0.58 f
  U145/CO (ADDF_X1M_A6P5PP140ZTS_C35)                               0.02      0.05       0.63 f
  n73 (net)                                     1         0.00                0.00       0.63 f
  U137/CO (ADDF_X1M_A6P5PP140ZTS_C35)                               0.02      0.04       0.67 f
  n72 (net)                                     1         0.00                0.00       0.67 f
  U76/Y (XOR2_X0P5M_A6P5PP140ZTS_C35)                               0.03      0.03       0.70 f
  n97 (net)                                     3         0.00                0.00       0.70 f
  U158/Y (NOR2XB_X1M_A6P5PP140ZTS_C35)                              0.03      0.03       0.74 r
  n176 (net)                                    3         0.00                0.00       0.74 r
  U159/Y (INV_X1M_A6P5PP140ZTS_C35)                                 0.02      0.02       0.75 f
  n104 (net)                                    3         0.00                0.00       0.75 f
  U161/Y (NOR2_X1A_A6P5PP140ZTS_C35)                                0.02      0.02       0.77 r
  n95 (net)                                     1         0.00                0.00       0.77 r
  U70/Y (XNOR2_X0P5M_A6P5PP140ZTS_C35)                              0.06      0.02       0.80 f
  n40 (net)                                     2         0.00                0.00       0.80 f
  U162/Y (NOR2_X1A_A6P5PP140ZTS_C35)                                0.04      0.04       0.84 r
  n186 (net)                                    2         0.00                0.00       0.84 r
  U79/Y (NAND2_X1A_A6P5PP140ZTS_C35)                                0.03      0.02       0.86 f
  n171 (net)                                    2         0.00                0.00       0.86 f
  U168/Y (NOR2_X1A_A6P5PP140ZTS_C35)                                0.03      0.03       0.89 r
  n169 (net)                                    2         0.00                0.00       0.89 r
  U172/Y (NAND2_X1A_A6P5PP140ZTS_C35)                               0.03      0.02       0.92 f
  n123 (net)                                    2         0.00                0.00       0.92 f
  U174/Y (NOR2_X1A_A6P5PP140ZTS_C35)                                0.03      0.03       0.94 r
  n121 (net)                                    2         0.00                0.00       0.94 r
  U68/Y (AO12_X1M_A6P5PP140ZTS_C35)                                 0.02      0.03       0.98 r
  n38 (net)                                     1         0.00                0.00       0.98 r
  U183/CO (ADDF_X1M_A6P5PP140ZTS_C35)                               0.02      0.05       1.02 r
  n134 (net)                                    1         0.00                0.00       1.02 r
  U188/CO (ADDF_X1M_A6P5PP140ZTS_C35)                               0.02      0.05       1.07 r
  n130 (net)                                    1         0.00                0.00       1.07 r
  U185/CO (ADDF_X1M_A6P5PP140ZTS_C35)                               0.02      0.04       1.11 r
  n119 (net)                                    1         0.00                0.00       1.11 r
  U85/Y (NOR2_X1A_A6P5PP140ZTS_C35)                                 0.03      0.02       1.13 f
  n212 (net)                                    4         0.00                0.00       1.13 f
  U182/Y (NAND2_X1A_A6P5PP140ZTS_C35)                               0.02      0.02       1.15 r
  n129 (net)                                    1         0.00                0.00       1.15 r
  U72/Y (XNOR2_X0P5M_A6P5PP140ZTS_C35)                              0.03      0.02       1.17 f
  n157 (net)                                    2         0.00                0.00       1.17 f
  U184/Y (INV_X1M_A6P5PP140ZTS_C35)                                 0.04      0.03       1.20 r
  n138 (net)                                    6         0.00                0.00       1.20 r
  U192/Y (NAND2_X1A_A6P5PP140ZTS_C35)                               0.02      0.02       1.22 f
  n141 (net)                                    1         0.00                0.00       1.22 f
  U25/Y (OAI21_X1M_A6P5PP140ZTS_C35)                                0.03      0.03       1.24 r
  n142 (net)                                    2         0.00                0.00       1.24 r
  U55/Y (AND2_X1M_A6P5PP140ZTS_C35)                                 0.01      0.03       1.27 r
  n31 (net)                                     1         0.00                0.00       1.27 r
  U198/Y (NOR2_X1A_A6P5PP140ZTS_C35)                                0.01      0.01       1.28 f
  n152 (net)                                    1         0.00                0.00       1.28 f
  U201/Y (NOR2_X1A_A6P5PP140ZTS_C35)                                0.04      0.03       1.31 r
  n194 (net)                                    4         0.00                0.00       1.31 r
  U202/Y (NOR2_X1A_A6P5PP140ZTS_C35)                                0.02      0.02       1.33 f
  n192 (net)                                    3         0.00                0.00       1.33 f
  U211/Y (NAND2_X1A_A6P5PP140ZTS_C35)                               0.01      0.01       1.34 r
  n166 (net)                                    1         0.00                0.00       1.34 r
  U213/Y (NAND2_X1M_A6P5PP140ZTS_C35)                               0.03      0.02       1.36 f
  n179 (net)                                    4         0.00                0.00       1.36 f
  U219/Y (INV_X1M_A6P5PP140ZTS_C35)                                 0.03      0.03       1.39 r
  n265 (net)                                    2         0.00                0.00       1.39 r
  U220/Y (NOR2_X1A_A6P5PP140ZTS_C35)                                0.02      0.02       1.41 f
  n184 (net)                                    3         0.00                0.00       1.41 f
  U27/Y (INV_X1M_A6P5PP140ZTS_C35)                                  0.03      0.03       1.43 r
  n235 (net)                                    5         0.00                0.00       1.43 r
  U233/Y (OAI211_X1M_A6P5PP140ZTS_C35)                              0.03      0.03       1.46 f
  n222 (net)                                    2         0.00                0.00       1.46 f
  U234/Y (NOR2_X1A_A6P5PP140ZTS_C35)                                0.02      0.02       1.49 r
  n198 (net)                                    1         0.00                0.00       1.49 r
  U237/Y (AO21A1AI2_X1M_A6P5PP140ZTS_C35)                           0.02      0.03       1.51 f
  n207 (net)                                    1         0.00                0.00       1.51 f
  U243/Y (NOR2_X1A_A6P5PP140ZTS_C35)                                0.03      0.03       1.54 r
  n300 (net)                                    3         0.00                0.00       1.54 r
  U277/Y (NOR2_X1A_A6P5PP140ZTS_C35)                                0.02      0.02       1.56 f
  n253 (net)                                    2         0.00                0.00       1.56 f
  U84/Y (NAND2_X1M_A6P5PP140ZTS_C35)                                0.03      0.02       1.58 r
  n261 (net)                                    2         0.00                0.00       1.58 r
  U279/Y (XNOR2_X0P5M_A6P5PP140ZTS_C35)                             0.03      0.03       1.61 r
  n274 (net)                                    2         0.00                0.00       1.61 r
  U281/Y (NAND2_X1A_A6P5PP140ZTS_C35)                               0.02      0.02       1.63 f
  n256 (net)                                    1         0.00                0.00       1.63 f
  U282/Y (NOR2_X1A_A6P5PP140ZTS_C35)                                0.02      0.02       1.65 r
  n285 (net)                                    2         0.00                0.00       1.65 r
  U61/Y (NOR2_X1A_A6P5PP140ZTS_C35)                                 0.02      0.02       1.67 f
  n298 (net)                                    4         0.00                0.00       1.67 f
  U309/Y (AOI211_X1M_A6P5PP140ZTS_C35)                              0.05      0.04       1.71 r
  n322 (net)                                    3         0.00                0.00       1.71 r
  U314/Y (AND2_X1M_A6P5PP140ZTS_C35)                                0.01      0.03       1.74 r
  u_dut/status_comb[3] (net)                    1         0.00                0.00       1.74 r
  u_dut/status_o_reg[3]/D (DFFRPQA_X2M_A6P5PP140ZTS_C35)            0.01      0.00       1.74 r
  data arrival time                                                                      1.74

  clock clk (rise edge)                                                       2.00       2.00
  clock network delay (ideal)                                                 0.00       2.00
  clock uncertainty                                                          -0.10       1.90
  u_dut/status_o_reg[3]/CK (DFFRPQA_X2M_A6P5PP140ZTS_C35)                     0.00       1.90 r
  library setup time                                                         -0.04       1.86
  data required time                                                                     1.86
  ----------------------------------------------------------------------------------------------
  data required time                                                                     1.86
  data arrival time                                                                     -1.74
  ----------------------------------------------------------------------------------------------
  slack (MET)                                                                            0.12


  Startpoint: b_i[2] (input port clocked by clk)
  Endpoint: u_dut/status_o_reg[3]
            (rising edge-triggered flip-flop clocked by clk)
  Path Group: clk
  Path Type: max

  Des/Clust/Port     Wire Load Model       Library
  ------------------------------------------------
  char_top           Zero                  sc6p5mcpp140z_cln22ul_base_svt_c35_tt_typical_max_0p80v_25c

  Point                                       Fanout       Cap     Trans      Incr       Path
  ----------------------------------------------------------------------------------------------
  clock clk (rise edge)                                                       0.00       0.00
  clock network delay (ideal)                                                 0.00       0.00
  input external delay                                                        0.20       0.20 f
  b_i[2] (in)                                                       0.05      0.00       0.20 f
  b_i[2] (net)                                  5         0.00                0.00       0.20 f
  U92/Y (INV_X1M_A6P5PP140ZTS_C35)                                  0.02      0.02       0.22 r
  n43 (net)                                     1         0.00                0.00       0.22 r
  U93/Y (AO12_X1M_A6P5PP140ZTS_C35)                                 0.02      0.03       0.25 r
  n54 (net)                                     1         0.00                0.00       0.25 r
  U110/S (ADDF_X1M_A6P5PP140ZTS_C35)                                0.01      0.06       0.32 f
  n47 (net)                                     1         0.00                0.00       0.32 f
  U99/Y (AND2_X1M_A6P5PP140ZTS_C35)                                 0.02      0.03       0.34 f
  n66 (net)                                     4         0.00                0.00       0.34 f
  U49/Y (AND2_X1M_A6P5PP140ZTS_C35)                                 0.01      0.02       0.37 f
  n26 (net)                                     1         0.00                0.00       0.37 f
  U53/Y (AO12_X1M_A6P5PP140ZTS_C35)                                 0.02      0.04       0.41 f
  n29 (net)                                     1         0.00                0.00       0.41 f
  U30/Y (AOI21_X2M_A6P5PP140ZTS_C35)                                0.10      0.07       0.47 r
  n209 (net)                                   15         0.01                0.00       0.47 r
  U46/Y (MXT2_X1M_A6P5PP140ZTS_C35)                                 0.03      0.07       0.54 f
  n153 (net)                                    5         0.00                0.00       0.54 f
  U135/Y (OR2_X1M_A6P5PP140ZTS_C35)                                 0.02      0.04       0.58 f
  n79 (net)                                     1         0.00                0.00       0.58 f
  U145/CO (ADDF_X1M_A6P5PP140ZTS_C35)                               0.02      0.05       0.63 f
  n73 (net)                                     1         0.00                0.00       0.63 f
  U137/CO (ADDF_X1M_A6P5PP140ZTS_C35)                               0.02      0.04       0.67 f
  n72 (net)                                     1         0.00                0.00       0.67 f
  U76/Y (XOR2_X0P5M_A6P5PP140ZTS_C35)                               0.03      0.03       0.70 f
  n97 (net)                                     3         0.00                0.00       0.70 f
  U158/Y (NOR2XB_X1M_A6P5PP140ZTS_C35)                              0.03      0.03       0.74 r
  n176 (net)                                    3         0.00                0.00       0.74 r
  U159/Y (INV_X1M_A6P5PP140ZTS_C35)                                 0.02      0.02       0.75 f
  n104 (net)                                    3         0.00                0.00       0.75 f
  U161/Y (NOR2_X1A_A6P5PP140ZTS_C35)                                0.02      0.02       0.77 r
  n95 (net)                                     1         0.00                0.00       0.77 r
  U70/Y (XNOR2_X0P5M_A6P5PP140ZTS_C35)                              0.06      0.02       0.80 f
  n40 (net)                                     2         0.00                0.00       0.80 f
  U162/Y (NOR2_X1A_A6P5PP140ZTS_C35)                                0.04      0.04       0.84 r
  n186 (net)                                    2         0.00                0.00       0.84 r
  U79/Y (NAND2_X1A_A6P5PP140ZTS_C35)                                0.03      0.02       0.86 f
  n171 (net)                                    2         0.00                0.00       0.86 f
  U168/Y (NOR2_X1A_A6P5PP140ZTS_C35)                                0.03      0.03       0.89 r
  n169 (net)                                    2         0.00                0.00       0.89 r
  U172/Y (NAND2_X1A_A6P5PP140ZTS_C35)                               0.03      0.02       0.92 f
  n123 (net)                                    2         0.00                0.00       0.92 f
  U174/Y (NOR2_X1A_A6P5PP140ZTS_C35)                                0.03      0.03       0.94 r
  n121 (net)                                    2         0.00                0.00       0.94 r
  U68/Y (AO12_X1M_A6P5PP140ZTS_C35)                                 0.02      0.03       0.98 r
  n38 (net)                                     1         0.00                0.00       0.98 r
  U183/CO (ADDF_X1M_A6P5PP140ZTS_C35)                               0.02      0.05       1.02 r
  n134 (net)                                    1         0.00                0.00       1.02 r
  U188/CO (ADDF_X1M_A6P5PP140ZTS_C35)                               0.02      0.05       1.07 r
  n130 (net)                                    1         0.00                0.00       1.07 r
  U185/CO (ADDF_X1M_A6P5PP140ZTS_C35)                               0.02      0.04       1.11 r
  n119 (net)                                    1         0.00                0.00       1.11 r
  U85/Y (NOR2_X1A_A6P5PP140ZTS_C35)                                 0.03      0.02       1.13 f
  n212 (net)                                    4         0.00                0.00       1.13 f
  U182/Y (NAND2_X1A_A6P5PP140ZTS_C35)                               0.02      0.02       1.15 r
  n129 (net)                                    1         0.00                0.00       1.15 r
  U72/Y (XNOR2_X0P5M_A6P5PP140ZTS_C35)                              0.03      0.02       1.17 f
  n157 (net)                                    2         0.00                0.00       1.17 f
  U184/Y (INV_X1M_A6P5PP140ZTS_C35)                                 0.04      0.03       1.20 r
  n138 (net)                                    6         0.00                0.00       1.20 r
  U192/Y (NAND2_X1A_A6P5PP140ZTS_C35)                               0.02      0.02       1.22 f
  n141 (net)                                    1         0.00                0.00       1.22 f
  U25/Y (OAI21_X1M_A6P5PP140ZTS_C35)                                0.03      0.03       1.24 r
  n142 (net)                                    2         0.00                0.00       1.24 r
  U55/Y (AND2_X1M_A6P5PP140ZTS_C35)                                 0.01      0.03       1.27 r
  n31 (net)                                     1         0.00                0.00       1.27 r
  U198/Y (NOR2_X1A_A6P5PP140ZTS_C35)                                0.01      0.01       1.28 f
  n152 (net)                                    1         0.00                0.00       1.28 f
  U201/Y (NOR2_X1A_A6P5PP140ZTS_C35)                                0.04      0.03       1.31 r
  n194 (net)                                    4         0.00                0.00       1.31 r
  U202/Y (NOR2_X1A_A6P5PP140ZTS_C35)                                0.02      0.02       1.33 f
  n192 (net)                                    3         0.00                0.00       1.33 f
  U211/Y (NAND2_X1A_A6P5PP140ZTS_C35)                               0.01      0.01       1.34 r
  n166 (net)                                    1         0.00                0.00       1.34 r
  U213/Y (NAND2_X1M_A6P5PP140ZTS_C35)                               0.03      0.02       1.36 f
  n179 (net)                                    4         0.00                0.00       1.36 f
  U219/Y (INV_X1M_A6P5PP140ZTS_C35)                                 0.03      0.03       1.39 r
  n265 (net)                                    2         0.00                0.00       1.39 r
  U220/Y (NOR2_X1A_A6P5PP140ZTS_C35)                                0.02      0.02       1.41 f
  n184 (net)                                    3         0.00                0.00       1.41 f
  U27/Y (INV_X1M_A6P5PP140ZTS_C35)                                  0.03      0.03       1.43 r
  n235 (net)                                    5         0.00                0.00       1.43 r
  U233/Y (OAI211_X1M_A6P5PP140ZTS_C35)                              0.03      0.03       1.46 f
  n222 (net)                                    2         0.00                0.00       1.46 f
  U234/Y (NOR2_X1A_A6P5PP140ZTS_C35)                                0.02      0.02       1.49 r
  n198 (net)                                    1         0.00                0.00       1.49 r
  U237/Y (AO21A1AI2_X1M_A6P5PP140ZTS_C35)                           0.02      0.03       1.51 f
  n207 (net)                                    1         0.00                0.00       1.51 f
  U243/Y (NOR2_X1A_A6P5PP140ZTS_C35)                                0.03      0.03       1.54 r
  n300 (net)                                    3         0.00                0.00       1.54 r
  U277/Y (NOR2_X1A_A6P5PP140ZTS_C35)                                0.02      0.02       1.56 f
  n253 (net)                                    2         0.00                0.00       1.56 f
  U84/Y (NAND2_X1M_A6P5PP140ZTS_C35)                                0.03      0.02       1.58 r
  n261 (net)                                    2         0.00                0.00       1.58 r
  U279/Y (XNOR2_X0P5M_A6P5PP140ZTS_C35)                             0.03      0.03       1.61 r
  n274 (net)                                    2         0.00                0.00       1.61 r
  U281/Y (NAND2_X1A_A6P5PP140ZTS_C35)                               0.02      0.02       1.63 f
  n256 (net)                                    1         0.00                0.00       1.63 f
  U282/Y (NOR2_X1A_A6P5PP140ZTS_C35)                                0.02      0.02       1.65 r
  n285 (net)                                    2         0.00                0.00       1.65 r
  U61/Y (NOR2_X1A_A6P5PP140ZTS_C35)                                 0.02      0.02       1.67 f
  n298 (net)                                    4         0.00                0.00       1.67 f
  U309/Y (AOI211_X1M_A6P5PP140ZTS_C35)                              0.05      0.04       1.71 r
  n322 (net)                                    3         0.00                0.00       1.71 r
  U314/Y (AND2_X1M_A6P5PP140ZTS_C35)                                0.01      0.03       1.74 r
  u_dut/status_comb[3] (net)                    1         0.00                0.00       1.74 r
  u_dut/status_o_reg[3]/D (DFFRPQA_X2M_A6P5PP140ZTS_C35)            0.01      0.00       1.74 r
  data arrival time                                                                      1.74

  clock clk (rise edge)                                                       2.00       2.00
  clock network delay (ideal)                                                 0.00       2.00
  clock uncertainty                                                          -0.10       1.90
  u_dut/status_o_reg[3]/CK (DFFRPQA_X2M_A6P5PP140ZTS_C35)                     0.00       1.90 r
  library setup time                                                         -0.04       1.86
  data required time                                                                     1.86
  ----------------------------------------------------------------------------------------------
  data required time                                                                     1.86
  data arrival time                                                                     -1.74
  ----------------------------------------------------------------------------------------------
  slack (MET)                                                                            0.12


  Startpoint: b_i[2] (input port clocked by clk)
  Endpoint: u_dut/status_o_reg[3]
            (rising edge-triggered flip-flop clocked by clk)
  Path Group: clk
  Path Type: max

  Des/Clust/Port     Wire Load Model       Library
  ------------------------------------------------
  char_top           Zero                  sc6p5mcpp140z_cln22ul_base_svt_c35_tt_typical_max_0p80v_25c

  Point                                       Fanout       Cap     Trans      Incr       Path
  ----------------------------------------------------------------------------------------------
  clock clk (rise edge)                                                       0.00       0.00
  clock network delay (ideal)                                                 0.00       0.00
  input external delay                                                        0.20       0.20 f
  b_i[2] (in)                                                       0.05      0.00       0.20 f
  b_i[2] (net)                                  5         0.00                0.00       0.20 f
  U92/Y (INV_X1M_A6P5PP140ZTS_C35)                                  0.02      0.02       0.22 r
  n43 (net)                                     1         0.00                0.00       0.22 r
  U93/Y (AO12_X1M_A6P5PP140ZTS_C35)                                 0.02      0.03       0.25 r
  n54 (net)                                     1         0.00                0.00       0.25 r
  U110/S (ADDF_X1M_A6P5PP140ZTS_C35)                                0.01      0.06       0.32 f
  n47 (net)                                     1         0.00                0.00       0.32 f
  U99/Y (AND2_X1M_A6P5PP140ZTS_C35)                                 0.02      0.03       0.34 f
  n66 (net)                                     4         0.00                0.00       0.34 f
  U49/Y (AND2_X1M_A6P5PP140ZTS_C35)                                 0.01      0.02       0.37 f
  n26 (net)                                     1         0.00                0.00       0.37 f
  U53/Y (AO12_X1M_A6P5PP140ZTS_C35)                                 0.02      0.04       0.41 f
  n29 (net)                                     1         0.00                0.00       0.41 f
  U30/Y (AOI21_X2M_A6P5PP140ZTS_C35)                                0.10      0.07       0.47 r
  n209 (net)                                   15         0.01                0.00       0.47 r
  U46/Y (MXT2_X1M_A6P5PP140ZTS_C35)                                 0.03      0.07       0.54 f
  n153 (net)                                    5         0.00                0.00       0.54 f
  U135/Y (OR2_X1M_A6P5PP140ZTS_C35)                                 0.02      0.04       0.58 f
  n79 (net)                                     1         0.00                0.00       0.58 f
  U145/CO (ADDF_X1M_A6P5PP140ZTS_C35)                               0.02      0.05       0.63 f
  n73 (net)                                     1         0.00                0.00       0.63 f
  U137/CO (ADDF_X1M_A6P5PP140ZTS_C35)                               0.02      0.04       0.67 f
  n72 (net)                                     1         0.00                0.00       0.67 f
  U76/Y (XOR2_X0P5M_A6P5PP140ZTS_C35)                               0.03      0.03       0.70 f
  n97 (net)                                     3         0.00                0.00       0.70 f
  U158/Y (NOR2XB_X1M_A6P5PP140ZTS_C35)                              0.03      0.03       0.74 r
  n176 (net)                                    3         0.00                0.00       0.74 r
  U159/Y (INV_X1M_A6P5PP140ZTS_C35)                                 0.02      0.02       0.75 f
  n104 (net)                                    3         0.00                0.00       0.75 f
  U161/Y (NOR2_X1A_A6P5PP140ZTS_C35)                                0.02      0.02       0.77 r
  n95 (net)                                     1         0.00                0.00       0.77 r
  U70/Y (XNOR2_X0P5M_A6P5PP140ZTS_C35)                              0.06      0.02       0.80 f
  n40 (net)                                     2         0.00                0.00       0.80 f
  U162/Y (NOR2_X1A_A6P5PP140ZTS_C35)                                0.04      0.04       0.84 r
  n186 (net)                                    2         0.00                0.00       0.84 r
  U79/Y (NAND2_X1A_A6P5PP140ZTS_C35)                                0.03      0.02       0.86 f
  n171 (net)                                    2         0.00                0.00       0.86 f
  U168/Y (NOR2_X1A_A6P5PP140ZTS_C35)                                0.03      0.03       0.89 r
  n169 (net)                                    2         0.00                0.00       0.89 r
  U172/Y (NAND2_X1A_A6P5PP140ZTS_C35)                               0.03      0.02       0.92 f
  n123 (net)                                    2         0.00                0.00       0.92 f
  U174/Y (NOR2_X1A_A6P5PP140ZTS_C35)                                0.03      0.03       0.94 r
  n121 (net)                                    2         0.00                0.00       0.94 r
  U68/Y (AO12_X1M_A6P5PP140ZTS_C35)                                 0.02      0.03       0.98 r
  n38 (net)                                     1         0.00                0.00       0.98 r
  U183/CO (ADDF_X1M_A6P5PP140ZTS_C35)                               0.02      0.04       1.02 r
  n134 (net)                                    1         0.00                0.00       1.02 r
  U188/CO (ADDF_X1M_A6P5PP140ZTS_C35)                               0.02      0.05       1.07 r
  n130 (net)                                    1         0.00                0.00       1.07 r
  U185/CO (ADDF_X1M_A6P5PP140ZTS_C35)                               0.02      0.04       1.11 r
  n119 (net)                                    1         0.00                0.00       1.11 r
  U85/Y (NOR2_X1A_A6P5PP140ZTS_C35)                                 0.03      0.02       1.13 f
  n212 (net)                                    4         0.00                0.00       1.13 f
  U182/Y (NAND2_X1A_A6P5PP140ZTS_C35)                               0.02      0.02       1.15 r
  n129 (net)                                    1         0.00                0.00       1.15 r
  U72/Y (XNOR2_X0P5M_A6P5PP140ZTS_C35)                              0.03      0.02       1.17 f
  n157 (net)                                    2         0.00                0.00       1.17 f
  U184/Y (INV_X1M_A6P5PP140ZTS_C35)                                 0.04      0.03       1.20 r
  n138 (net)                                    6         0.00                0.00       1.20 r
  U192/Y (NAND2_X1A_A6P5PP140ZTS_C35)                               0.02      0.02       1.22 f
  n141 (net)                                    1         0.00                0.00       1.22 f
  U25/Y (OAI21_X1M_A6P5PP140ZTS_C35)                                0.03      0.03       1.24 r
  n142 (net)                                    2         0.00                0.00       1.24 r
  U55/Y (AND2_X1M_A6P5PP140ZTS_C35)                                 0.01      0.03       1.27 r
  n31 (net)                                     1         0.00                0.00       1.27 r
  U198/Y (NOR2_X1A_A6P5PP140ZTS_C35)                                0.01      0.01       1.28 f
  n152 (net)                                    1         0.00                0.00       1.28 f
  U201/Y (NOR2_X1A_A6P5PP140ZTS_C35)                                0.04      0.03       1.31 r
  n194 (net)                                    4         0.00                0.00       1.31 r
  U202/Y (NOR2_X1A_A6P5PP140ZTS_C35)                                0.02      0.02       1.33 f
  n192 (net)                                    3         0.00                0.00       1.33 f
  U211/Y (NAND2_X1A_A6P5PP140ZTS_C35)                               0.01      0.01       1.34 r
  n166 (net)                                    1         0.00                0.00       1.34 r
  U213/Y (NAND2_X1M_A6P5PP140ZTS_C35)                               0.03      0.02       1.36 f
  n179 (net)                                    4         0.00                0.00       1.36 f
  U219/Y (INV_X1M_A6P5PP140ZTS_C35)                                 0.03      0.03       1.39 r
  n265 (net)                                    2         0.00                0.00       1.39 r
  U220/Y (NOR2_X1A_A6P5PP140ZTS_C35)                                0.02      0.02       1.41 f
  n184 (net)                                    3         0.00                0.00       1.41 f
  U27/Y (INV_X1M_A6P5PP140ZTS_C35)                                  0.03      0.03       1.43 r
  n235 (net)                                    5         0.00                0.00       1.43 r
  U233/Y (OAI211_X1M_A6P5PP140ZTS_C35)                              0.03      0.03       1.46 f
  n222 (net)                                    2         0.00                0.00       1.46 f
  U234/Y (NOR2_X1A_A6P5PP140ZTS_C35)                                0.02      0.02       1.49 r
  n198 (net)                                    1         0.00                0.00       1.49 r
  U237/Y (AO21A1AI2_X1M_A6P5PP140ZTS_C35)                           0.02      0.03       1.51 f
  n207 (net)                                    1         0.00                0.00       1.51 f
  U243/Y (NOR2_X1A_A6P5PP140ZTS_C35)                                0.03      0.03       1.54 r
  n300 (net)                                    3         0.00                0.00       1.54 r
  U277/Y (NOR2_X1A_A6P5PP140ZTS_C35)                                0.02      0.02       1.56 f
  n253 (net)                                    2         0.00                0.00       1.56 f
  U84/Y (NAND2_X1M_A6P5PP140ZTS_C35)                                0.03      0.02       1.58 r
  n261 (net)                                    2         0.00                0.00       1.58 r
  U279/Y (XNOR2_X0P5M_A6P5PP140ZTS_C35)                             0.03      0.03       1.61 r
  n274 (net)                                    2         0.00                0.00       1.61 r
  U281/Y (NAND2_X1A_A6P5PP140ZTS_C35)                               0.02      0.02       1.63 f
  n256 (net)                                    1         0.00                0.00       1.63 f
  U282/Y (NOR2_X1A_A6P5PP140ZTS_C35)                                0.02      0.02       1.65 r
  n285 (net)                                    2         0.00                0.00       1.65 r
  U61/Y (NOR2_X1A_A6P5PP140ZTS_C35)                                 0.02      0.02       1.67 f
  n298 (net)                                    4         0.00                0.00       1.67 f
  U309/Y (AOI211_X1M_A6P5PP140ZTS_C35)                              0.05      0.04       1.71 r
  n322 (net)                                    3         0.00                0.00       1.71 r
  U314/Y (AND2_X1M_A6P5PP140ZTS_C35)                                0.01      0.03       1.74 r
  u_dut/status_comb[3] (net)                    1         0.00                0.00       1.74 r
  u_dut/status_o_reg[3]/D (DFFRPQA_X2M_A6P5PP140ZTS_C35)            0.01      0.00       1.74 r
  data arrival time                                                                      1.74

  clock clk (rise edge)                                                       2.00       2.00
  clock network delay (ideal)                                                 0.00       2.00
  clock uncertainty                                                          -0.10       1.90
  u_dut/status_o_reg[3]/CK (DFFRPQA_X2M_A6P5PP140ZTS_C35)                     0.00       1.90 r
  library setup time                                                         -0.04       1.86
  data required time                                                                     1.86
  ----------------------------------------------------------------------------------------------
  data required time                                                                     1.86
  data arrival time                                                                     -1.74
  ----------------------------------------------------------------------------------------------
  slack (MET)                                                                            0.12


  Startpoint: b_i[2] (input port clocked by clk)
  Endpoint: u_dut/status_o_reg[3]
            (rising edge-triggered flip-flop clocked by clk)
  Path Group: clk
  Path Type: max

  Des/Clust/Port     Wire Load Model       Library
  ------------------------------------------------
  char_top           Zero                  sc6p5mcpp140z_cln22ul_base_svt_c35_tt_typical_max_0p80v_25c

  Point                                       Fanout       Cap     Trans      Incr       Path
  ----------------------------------------------------------------------------------------------
  clock clk (rise edge)                                                       0.00       0.00
  clock network delay (ideal)                                                 0.00       0.00
  input external delay                                                        0.20       0.20 f
  b_i[2] (in)                                                       0.05      0.00       0.20 f
  b_i[2] (net)                                  5         0.00                0.00       0.20 f
  U92/Y (INV_X1M_A6P5PP140ZTS_C35)                                  0.02      0.02       0.22 r
  n43 (net)                                     1         0.00                0.00       0.22 r
  U93/Y (AO12_X1M_A6P5PP140ZTS_C35)                                 0.02      0.03       0.25 r
  n54 (net)                                     1         0.00                0.00       0.25 r
  U110/S (ADDF_X1M_A6P5PP140ZTS_C35)                                0.01      0.06       0.32 f
  n47 (net)                                     1         0.00                0.00       0.32 f
  U99/Y (AND2_X1M_A6P5PP140ZTS_C35)                                 0.02      0.03       0.34 f
  n66 (net)                                     4         0.00                0.00       0.34 f
  U49/Y (AND2_X1M_A6P5PP140ZTS_C35)                                 0.01      0.02       0.37 f
  n26 (net)                                     1         0.00                0.00       0.37 f
  U53/Y (AO12_X1M_A6P5PP140ZTS_C35)                                 0.02      0.04       0.41 f
  n29 (net)                                     1         0.00                0.00       0.41 f
  U30/Y (AOI21_X2M_A6P5PP140ZTS_C35)                                0.10      0.07       0.47 r
  n209 (net)                                   15         0.01                0.00       0.47 r
  U46/Y (MXT2_X1M_A6P5PP140ZTS_C35)                                 0.03      0.07       0.54 f
  n153 (net)                                    5         0.00                0.00       0.54 f
  U135/Y (OR2_X1M_A6P5PP140ZTS_C35)                                 0.02      0.04       0.58 f
  n79 (net)                                     1         0.00                0.00       0.58 f
  U145/CO (ADDF_X1M_A6P5PP140ZTS_C35)                               0.02      0.05       0.63 f
  n73 (net)                                     1         0.00                0.00       0.63 f
  U137/CO (ADDF_X1M_A6P5PP140ZTS_C35)                               0.02      0.04       0.67 f
  n72 (net)                                     1         0.00                0.00       0.67 f
  U76/Y (XOR2_X0P5M_A6P5PP140ZTS_C35)                               0.03      0.03       0.70 f
  n97 (net)                                     3         0.00                0.00       0.70 f
  U158/Y (NOR2XB_X1M_A6P5PP140ZTS_C35)                              0.03      0.03       0.74 r
  n176 (net)                                    3         0.00                0.00       0.74 r
  U159/Y (INV_X1M_A6P5PP140ZTS_C35)                                 0.02      0.02       0.75 f
  n104 (net)                                    3         0.00                0.00       0.75 f
  U161/Y (NOR2_X1A_A6P5PP140ZTS_C35)                                0.02      0.02       0.77 r
  n95 (net)                                     1         0.00                0.00       0.77 r
  U70/Y (XNOR2_X0P5M_A6P5PP140ZTS_C35)                              0.06      0.02       0.80 f
  n40 (net)                                     2         0.00                0.00       0.80 f
  U162/Y (NOR2_X1A_A6P5PP140ZTS_C35)                                0.04      0.04       0.84 r
  n186 (net)                                    2         0.00                0.00       0.84 r
  U79/Y (NAND2_X1A_A6P5PP140ZTS_C35)                                0.03      0.02       0.86 f
  n171 (net)                                    2         0.00                0.00       0.86 f
  U168/Y (NOR2_X1A_A6P5PP140ZTS_C35)                                0.03      0.03       0.89 r
  n169 (net)                                    2         0.00                0.00       0.89 r
  U172/Y (NAND2_X1A_A6P5PP140ZTS_C35)                               0.03      0.02       0.92 f
  n123 (net)                                    2         0.00                0.00       0.92 f
  U174/Y (NOR2_X1A_A6P5PP140ZTS_C35)                                0.03      0.03       0.94 r
  n121 (net)                                    2         0.00                0.00       0.94 r
  U68/Y (AO12_X1M_A6P5PP140ZTS_C35)                                 0.02      0.03       0.98 r
  n38 (net)                                     1         0.00                0.00       0.98 r
  U183/CO (ADDF_X1M_A6P5PP140ZTS_C35)                               0.02      0.05       1.02 r
  n134 (net)                                    1         0.00                0.00       1.02 r
  U188/CO (ADDF_X1M_A6P5PP140ZTS_C35)                               0.02      0.05       1.07 r
  n130 (net)                                    1         0.00                0.00       1.07 r
  U185/CO (ADDF_X1M_A6P5PP140ZTS_C35)                               0.02      0.04       1.11 r
  n119 (net)                                    1         0.00                0.00       1.11 r
  U85/Y (NOR2_X1A_A6P5PP140ZTS_C35)                                 0.03      0.02       1.13 f
  n212 (net)                                    4         0.00                0.00       1.13 f
  U182/Y (NAND2_X1A_A6P5PP140ZTS_C35)                               0.02      0.02       1.15 r
  n129 (net)                                    1         0.00                0.00       1.15 r
  U72/Y (XNOR2_X0P5M_A6P5PP140ZTS_C35)                              0.03      0.02       1.17 f
  n157 (net)                                    2         0.00                0.00       1.17 f
  U184/Y (INV_X1M_A6P5PP140ZTS_C35)                                 0.04      0.03       1.20 r
  n138 (net)                                    6         0.00                0.00       1.20 r
  U192/Y (NAND2_X1A_A6P5PP140ZTS_C35)                               0.02      0.02       1.22 f
  n141 (net)                                    1         0.00                0.00       1.22 f
  U25/Y (OAI21_X1M_A6P5PP140ZTS_C35)                                0.03      0.03       1.24 r
  n142 (net)                                    2         0.00                0.00       1.24 r
  U55/Y (AND2_X1M_A6P5PP140ZTS_C35)                                 0.01      0.03       1.27 r
  n31 (net)                                     1         0.00                0.00       1.27 r
  U198/Y (NOR2_X1A_A6P5PP140ZTS_C35)                                0.01      0.01       1.28 f
  n152 (net)                                    1         0.00                0.00       1.28 f
  U201/Y (NOR2_X1A_A6P5PP140ZTS_C35)                                0.04      0.03       1.31 r
  n194 (net)                                    4         0.00                0.00       1.31 r
  U202/Y (NOR2_X1A_A6P5PP140ZTS_C35)                                0.02      0.02       1.33 f
  n192 (net)                                    3         0.00                0.00       1.33 f
  U211/Y (NAND2_X1A_A6P5PP140ZTS_C35)                               0.01      0.01       1.34 r
  n166 (net)                                    1         0.00                0.00       1.34 r
  U213/Y (NAND2_X1M_A6P5PP140ZTS_C35)                               0.03      0.02       1.36 f
  n179 (net)                                    4         0.00                0.00       1.36 f
  U219/Y (INV_X1M_A6P5PP140ZTS_C35)                                 0.03      0.03       1.39 r
  n265 (net)                                    2         0.00                0.00       1.39 r
  U220/Y (NOR2_X1A_A6P5PP140ZTS_C35)                                0.02      0.02       1.41 f
  n184 (net)                                    3         0.00                0.00       1.41 f
  U27/Y (INV_X1M_A6P5PP140ZTS_C35)                                  0.03      0.03       1.43 r
  n235 (net)                                    5         0.00                0.00       1.43 r
  U233/Y (OAI211_X1M_A6P5PP140ZTS_C35)                              0.03      0.03       1.46 f
  n222 (net)                                    2         0.00                0.00       1.46 f
  U234/Y (NOR2_X1A_A6P5PP140ZTS_C35)                                0.02      0.02       1.49 r
  n198 (net)                                    1         0.00                0.00       1.49 r
  U237/Y (AO21A1AI2_X1M_A6P5PP140ZTS_C35)                           0.02      0.03       1.51 f
  n207 (net)                                    1         0.00                0.00       1.51 f
  U243/Y (NOR2_X1A_A6P5PP140ZTS_C35)                                0.03      0.03       1.54 r
  n300 (net)                                    3         0.00                0.00       1.54 r
  U277/Y (NOR2_X1A_A6P5PP140ZTS_C35)                                0.02      0.02       1.56 f
  n253 (net)                                    2         0.00                0.00       1.56 f
  U84/Y (NAND2_X1M_A6P5PP140ZTS_C35)                                0.03      0.02       1.58 r
  n261 (net)                                    2         0.00                0.00       1.58 r
  U279/Y (XNOR2_X0P5M_A6P5PP140ZTS_C35)                             0.03      0.03       1.61 r
  n274 (net)                                    2         0.00                0.00       1.61 r
  U281/Y (NAND2_X1A_A6P5PP140ZTS_C35)                               0.02      0.02       1.63 f
  n256 (net)                                    1         0.00                0.00       1.63 f
  U282/Y (NOR2_X1A_A6P5PP140ZTS_C35)                                0.02      0.02       1.65 r
  n285 (net)                                    2         0.00                0.00       1.65 r
  U61/Y (NOR2_X1A_A6P5PP140ZTS_C35)                                 0.02      0.02       1.67 f
  n298 (net)                                    4         0.00                0.00       1.67 f
  U309/Y (AOI211_X1M_A6P5PP140ZTS_C35)                              0.05      0.04       1.71 r
  n322 (net)                                    3         0.00                0.00       1.71 r
  U314/Y (AND2_X1M_A6P5PP140ZTS_C35)                                0.01      0.03       1.74 r
  u_dut/status_comb[3] (net)                    1         0.00                0.00       1.74 r
  u_dut/status_o_reg[3]/D (DFFRPQA_X2M_A6P5PP140ZTS_C35)            0.01      0.00       1.74 r
  data arrival time                                                                      1.74

  clock clk (rise edge)                                                       2.00       2.00
  clock network delay (ideal)                                                 0.00       2.00
  clock uncertainty                                                          -0.10       1.90
  u_dut/status_o_reg[3]/CK (DFFRPQA_X2M_A6P5PP140ZTS_C35)                     0.00       1.90 r
  library setup time                                                         -0.04       1.86
  data required time                                                                     1.86
  ----------------------------------------------------------------------------------------------
  data required time                                                                     1.86
  data arrival time                                                                     -1.74
  ----------------------------------------------------------------------------------------------
  slack (MET)                                                                            0.12


  Startpoint: b_i[2] (input port clocked by clk)
  Endpoint: u_dut/status_o_reg[3]
            (rising edge-triggered flip-flop clocked by clk)
  Path Group: clk
  Path Type: max

  Des/Clust/Port     Wire Load Model       Library
  ------------------------------------------------
  char_top           Zero                  sc6p5mcpp140z_cln22ul_base_svt_c35_tt_typical_max_0p80v_25c

  Point                                       Fanout       Cap     Trans      Incr       Path
  ----------------------------------------------------------------------------------------------
  clock clk (rise edge)                                                       0.00       0.00
  clock network delay (ideal)                                                 0.00       0.00
  input external delay                                                        0.20       0.20 f
  b_i[2] (in)                                                       0.05      0.00       0.20 f
  b_i[2] (net)                                  5         0.00                0.00       0.20 f
  U92/Y (INV_X1M_A6P5PP140ZTS_C35)                                  0.02      0.02       0.22 r
  n43 (net)                                     1         0.00                0.00       0.22 r
  U93/Y (AO12_X1M_A6P5PP140ZTS_C35)                                 0.02      0.03       0.25 r
  n54 (net)                                     1         0.00                0.00       0.25 r
  U110/S (ADDF_X1M_A6P5PP140ZTS_C35)                                0.01      0.06       0.32 f
  n47 (net)                                     1         0.00                0.00       0.32 f
  U99/Y (AND2_X1M_A6P5PP140ZTS_C35)                                 0.02      0.03       0.34 f
  n66 (net)                                     4         0.00                0.00       0.34 f
  U49/Y (AND2_X1M_A6P5PP140ZTS_C35)                                 0.01      0.02       0.37 f
  n26 (net)                                     1         0.00                0.00       0.37 f
  U53/Y (AO12_X1M_A6P5PP140ZTS_C35)                                 0.02      0.04       0.41 f
  n29 (net)                                     1         0.00                0.00       0.41 f
  U30/Y (AOI21_X2M_A6P5PP140ZTS_C35)                                0.10      0.07       0.47 r
  n209 (net)                                   15         0.01                0.00       0.47 r
  U46/Y (MXT2_X1M_A6P5PP140ZTS_C35)                                 0.03      0.07       0.54 f
  n153 (net)                                    5         0.00                0.00       0.54 f
  U135/Y (OR2_X1M_A6P5PP140ZTS_C35)                                 0.02      0.04       0.58 f
  n79 (net)                                     1         0.00                0.00       0.58 f
  U145/CO (ADDF_X1M_A6P5PP140ZTS_C35)                               0.02      0.05       0.63 f
  n73 (net)                                     1         0.00                0.00       0.63 f
  U137/CO (ADDF_X1M_A6P5PP140ZTS_C35)                               0.02      0.04       0.67 f
  n72 (net)                                     1         0.00                0.00       0.67 f
  U76/Y (XOR2_X0P5M_A6P5PP140ZTS_C35)                               0.03      0.03       0.70 f
  n97 (net)                                     3         0.00                0.00       0.70 f
  U158/Y (NOR2XB_X1M_A6P5PP140ZTS_C35)                              0.03      0.03       0.74 r
  n176 (net)                                    3         0.00                0.00       0.74 r
  U159/Y (INV_X1M_A6P5PP140ZTS_C35)                                 0.02      0.02       0.75 f
  n104 (net)                                    3         0.00                0.00       0.75 f
  U161/Y (NOR2_X1A_A6P5PP140ZTS_C35)                                0.02      0.02       0.77 r
  n95 (net)                                     1         0.00                0.00       0.77 r
  U70/Y (XNOR2_X0P5M_A6P5PP140ZTS_C35)                              0.06      0.02       0.80 f
  n40 (net)                                     2         0.00                0.00       0.80 f
  U162/Y (NOR2_X1A_A6P5PP140ZTS_C35)                                0.04      0.04       0.84 r
  n186 (net)                                    2         0.00                0.00       0.84 r
  U79/Y (NAND2_X1A_A6P5PP140ZTS_C35)                                0.03      0.02       0.86 f
  n171 (net)                                    2         0.00                0.00       0.86 f
  U168/Y (NOR2_X1A_A6P5PP140ZTS_C35)                                0.03      0.03       0.89 r
  n169 (net)                                    2         0.00                0.00       0.89 r
  U172/Y (NAND2_X1A_A6P5PP140ZTS_C35)                               0.03      0.02       0.92 f
  n123 (net)                                    2         0.00                0.00       0.92 f
  U174/Y (NOR2_X1A_A6P5PP140ZTS_C35)                                0.03      0.03       0.94 r
  n121 (net)                                    2         0.00                0.00       0.94 r
  U68/Y (AO12_X1M_A6P5PP140ZTS_C35)                                 0.02      0.03       0.98 r
  n38 (net)                                     1         0.00                0.00       0.98 r
  U183/CO (ADDF_X1M_A6P5PP140ZTS_C35)                               0.02      0.04       1.02 r
  n134 (net)                                    1         0.00                0.00       1.02 r
  U188/CO (ADDF_X1M_A6P5PP140ZTS_C35)                               0.02      0.05       1.07 r
  n130 (net)                                    1         0.00                0.00       1.07 r
  U185/CO (ADDF_X1M_A6P5PP140ZTS_C35)                               0.02      0.04       1.11 r
  n119 (net)                                    1         0.00                0.00       1.11 r
  U85/Y (NOR2_X1A_A6P5PP140ZTS_C35)                                 0.03      0.02       1.13 f
  n212 (net)                                    4         0.00                0.00       1.13 f
  U182/Y (NAND2_X1A_A6P5PP140ZTS_C35)                               0.02      0.02       1.15 r
  n129 (net)                                    1         0.00                0.00       1.15 r
  U72/Y (XNOR2_X0P5M_A6P5PP140ZTS_C35)                              0.03      0.02       1.17 f
  n157 (net)                                    2         0.00                0.00       1.17 f
  U184/Y (INV_X1M_A6P5PP140ZTS_C35)                                 0.04      0.03       1.20 r
  n138 (net)                                    6         0.00                0.00       1.20 r
  U192/Y (NAND2_X1A_A6P5PP140ZTS_C35)                               0.02      0.02       1.22 f
  n141 (net)                                    1         0.00                0.00       1.22 f
  U25/Y (OAI21_X1M_A6P5PP140ZTS_C35)                                0.03      0.03       1.24 r
  n142 (net)                                    2         0.00                0.00       1.24 r
  U55/Y (AND2_X1M_A6P5PP140ZTS_C35)                                 0.01      0.03       1.27 r
  n31 (net)                                     1         0.00                0.00       1.27 r
  U198/Y (NOR2_X1A_A6P5PP140ZTS_C35)                                0.01      0.01       1.28 f
  n152 (net)                                    1         0.00                0.00       1.28 f
  U201/Y (NOR2_X1A_A6P5PP140ZTS_C35)                                0.04      0.03       1.31 r
  n194 (net)                                    4         0.00                0.00       1.31 r
  U202/Y (NOR2_X1A_A6P5PP140ZTS_C35)                                0.02      0.02       1.33 f
  n192 (net)                                    3         0.00                0.00       1.33 f
  U211/Y (NAND2_X1A_A6P5PP140ZTS_C35)                               0.01      0.01       1.34 r
  n166 (net)                                    1         0.00                0.00       1.34 r
  U213/Y (NAND2_X1M_A6P5PP140ZTS_C35)                               0.03      0.02       1.36 f
  n179 (net)                                    4         0.00                0.00       1.36 f
  U219/Y (INV_X1M_A6P5PP140ZTS_C35)                                 0.03      0.03       1.39 r
  n265 (net)                                    2         0.00                0.00       1.39 r
  U220/Y (NOR2_X1A_A6P5PP140ZTS_C35)                                0.02      0.02       1.41 f
  n184 (net)                                    3         0.00                0.00       1.41 f
  U27/Y (INV_X1M_A6P5PP140ZTS_C35)                                  0.03      0.03       1.43 r
  n235 (net)                                    5         0.00                0.00       1.43 r
  U233/Y (OAI211_X1M_A6P5PP140ZTS_C35)                              0.03      0.03       1.46 f
  n222 (net)                                    2         0.00                0.00       1.46 f
  U234/Y (NOR2_X1A_A6P5PP140ZTS_C35)                                0.02      0.02       1.49 r
  n198 (net)                                    1         0.00                0.00       1.49 r
  U237/Y (AO21A1AI2_X1M_A6P5PP140ZTS_C35)                           0.02      0.03       1.51 f
  n207 (net)                                    1         0.00                0.00       1.51 f
  U243/Y (NOR2_X1A_A6P5PP140ZTS_C35)                                0.03      0.03       1.54 r
  n300 (net)                                    3         0.00                0.00       1.54 r
  U277/Y (NOR2_X1A_A6P5PP140ZTS_C35)                                0.02      0.02       1.56 f
  n253 (net)                                    2         0.00                0.00       1.56 f
  U84/Y (NAND2_X1M_A6P5PP140ZTS_C35)                                0.03      0.02       1.58 r
  n261 (net)                                    2         0.00                0.00       1.58 r
  U279/Y (XNOR2_X0P5M_A6P5PP140ZTS_C35)                             0.03      0.03       1.61 r
  n274 (net)                                    2         0.00                0.00       1.61 r
  U281/Y (NAND2_X1A_A6P5PP140ZTS_C35)                               0.02      0.02       1.63 f
  n256 (net)                                    1         0.00                0.00       1.63 f
  U282/Y (NOR2_X1A_A6P5PP140ZTS_C35)                                0.02      0.02       1.65 r
  n285 (net)                                    2         0.00                0.00       1.65 r
  U61/Y (NOR2_X1A_A6P5PP140ZTS_C35)                                 0.02      0.02       1.67 f
  n298 (net)                                    4         0.00                0.00       1.67 f
  U309/Y (AOI211_X1M_A6P5PP140ZTS_C35)                              0.05      0.04       1.71 r
  n322 (net)                                    3         0.00                0.00       1.71 r
  U314/Y (AND2_X1M_A6P5PP140ZTS_C35)                                0.01      0.03       1.74 r
  u_dut/status_comb[3] (net)                    1         0.00                0.00       1.74 r
  u_dut/status_o_reg[3]/D (DFFRPQA_X2M_A6P5PP140ZTS_C35)            0.01      0.00       1.74 r
  data arrival time                                                                      1.74

  clock clk (rise edge)                                                       2.00       2.00
  clock network delay (ideal)                                                 0.00       2.00
  clock uncertainty                                                          -0.10       1.90
  u_dut/status_o_reg[3]/CK (DFFRPQA_X2M_A6P5PP140ZTS_C35)                     0.00       1.90 r
  library setup time                                                         -0.04       1.86
  data required time                                                                     1.86
  ----------------------------------------------------------------------------------------------
  data required time                                                                     1.86
  data arrival time                                                                     -1.74
  ----------------------------------------------------------------------------------------------
  slack (MET)                                                                            0.12


1
